case,base_requests,target_requests,seed,cache_scale,wan_mb_s,policy,accepted,excluded,mean_ready_s,p95_ready_s,makespan_s,registry_mb,peer_mb,total_transfer_mb,evicted_mb,refused_cache_mb,max_lease_mb
drtp_img88_cacheonly_1024mb_200,200,100,6,0.5,10.0,c_lru,93,7,613.9144542538976,1209.0,1297.7,12977.0,4125.0,17102.0,10721.0,6981.0,0.0
drtp_img88_cacheonly_1024mb_200,200,100,6,0.5,10.0,d_lease,93,7,585.8671616227882,1169.2,1257.9,12579.0,4523.0,17102.0,10867.0,6981.0,239.0
drtp_img88_cacheonly_1024mb_200,200,100,6,0.5,30.0,c_lru,93,7,205.03103240314815,403.00000000000006,432.5666666666667,12977.0,4125.0,17102.0,10721.0,6981.0,0.0
drtp_img88_cacheonly_1024mb_200,200,100,6,0.5,30.0,d_lease,93,7,195.64432237271643,389.7333333333333,419.29999999999995,12579.0,4523.0,17102.0,10867.0,6981.0,239.0
drtp_img88_cacheonly_1024mb_200,200,100,6,0.5,100.0,c_lru,93,7,63.51428773965543,133.33102137047138,144.41852137047138,12939.0,4163.0,17102.0,10698.0,6981.0,0.0
drtp_img88_cacheonly_1024mb_200,200,100,6,0.5,100.0,d_lease,93,7,59.831951714219755,131.9815929265142,143.0690929265142,12579.0,4523.0,17102.0,10842.0,6981.0,239.0
drtp_img88_cacheonly_1024mb_200,200,100,6,1.0,10.0,c_lru,93,7,405.1632461077806,682.0499999999998,682.0499999999998,6377.0,7420.0,13797.0,13345.0,0.0,0.0
drtp_img88_cacheonly_1024mb_200,200,100,6,1.0,10.0,d_lease,93,7,338.223064765034,565.2190476190476,565.2190476190476,5475.0,8322.0,13797.0,13461.0,202.0,464.0
drtp_img88_cacheonly_1024mb_200,200,100,6,1.0,30.0,c_lru,93,7,141.57233632354797,252.09749999999997,255.7933333333333,6432.0,7365.0,13797.0,13345.0,0.0,0.0
drtp_img88_cacheonly_1024mb_200,200,100,6,1.0,30.0,d_lease,93,7,120.27287357057507,217.552380952381,217.552380952381,5475.0,8322.0,13797.0,13461.0,202.0,464.0
drtp_img88_cacheonly_1024mb_200,200,100,6,1.0,100.0,c_lru,93,7,45.30464101904184,90.41261058637507,94.1084439197084,6432.0,7365.0,13797.0,13368.0,0.0,0.0
drtp_img88_cacheonly_1024mb_200,200,100,6,1.0,100.0,d_lease,93,7,40.92107379684814,89.16210373333332,92.85793706666666,5475.0,8322.0,13797.0,13190.0,202.0,464.0
drtp_img88_cacheonly_1024mb_200,200,100,6,2.0,10.0,c_lru,93,7,57.79158393781644,218.61711849647267,282.50000000000006,2825.0,5262.0,8087.0,7432.0,0.0,0.0
drtp_img88_cacheonly_1024mb_200,200,100,6,2.0,10.0,d_lease,93,7,46.76166839714777,164.25214285714284,192.25,1828.0,6259.0,8087.0,6996.0,0.0,778.0
drtp_img88_cacheonly_1024mb_200,200,100,6,2.0,30.0,c_lru,93,7,20.4548239947909,78.4821851090911,94.16666666666666,2825.0,5262.0,8087.0,7429.0,0.0,0.0
drtp_img88_cacheonly_1024mb_200,200,100,6,2.0,30.0,d_lease,93,7,17.15547530931926,60.93333333333332,70.38333333333331,1828.0,6259.0,8087.0,7055.0,0.0,778.0
drtp_img88_cacheonly_1024mb_200,200,100,6,2.0,100.0,c_lru,93,7,7.721646677351958,30.554844174989462,32.13508143997251,3130.0,4957.0,8087.0,7423.0,0.0,0.0
drtp_img88_cacheonly_1024mb_200,200,100,6,2.0,100.0,d_lease,93,7,6.973057120219995,28.28686801111391,31.351258358796294,2333.0,5754.0,8087.0,7502.0,0.0,778.0
drtp_img88_cacheonly_1024mb_200,200,100,7,0.5,10.0,c_lru,98,2,610.8799478011849,1250.8,1250.8,12508.0,2812.0,15320.0,8768.0,6647.0,0.0
drtp_img88_cacheonly_1024mb_200,200,100,7,0.5,10.0,d_lease,98,2,570.1663027244631,1238.7,1238.7,12387.0,2933.0,15320.0,8722.0,6647.0,250.0
drtp_img88_cacheonly_1024mb_200,200,100,7,0.5,30.0,c_lru,98,2,203.70364152900908,416.9333333333333,416.9333333333333,12508.0,2812.0,15320.0,8768.0,6647.0,0.0
drtp_img88_cacheonly_1024mb_200,200,100,7,0.5,30.0,d_lease,98,2,189.80207622725675,412.90000000000003,412.90000000000003,12387.0,2933.0,15320.0,8722.0,6647.0,250.0
drtp_img88_cacheonly_1024mb_200,200,100,7,0.5,100.0,c_lru,98,2,60.95791851441657,133.29441065495547,133.29441065495547,12484.0,2836.0,15320.0,8739.0,6647.0,0.0
drtp_img88_cacheonly_1024mb_200,200,100,7,0.5,100.0,d_lease,98,2,57.870583655035226,133.80919266133654,133.80919266133654,12637.0,2683.0,15320.0,8442.0,6897.0,225.0
drtp_img88_cacheonly_1024mb_200,200,100,7,1.0,10.0,c_lru,97,3,357.09403380973134,561.9959352557316,594.2999999999998,5943.0,8376.0,14319.0,12231.0,0.0,0.0
drtp_img88_cacheonly_1024mb_200,200,100,7,1.0,10.0,d_lease,97,3,310.8630432431951,499.3456547619047,549.3,5493.0,8826.0,14319.0,12874.0,0.0,512.0
drtp_img88_cacheonly_1024mb_200,200,100,7,1.0,30.0,c_lru,97,3,129.56209914199232,217.84783777206718,217.84783777206718,6168.0,8151.0,14319.0,12197.0,0.0,0.0
drtp_img88_cacheonly_1024mb_200,200,100,7,1.0,30.0,d_lease,97,3,109.40014474654988,188.99284966931216,192.11784966931216,5493.0,8826.0,14319.0,12596.0,239.0,512.0
drtp_img88_cacheonly_1024mb_200,200,100,7,1.0,100.0,c_lru,97,3,40.81335106793893,84.20891228021122,84.20891228021122,5495.0,8824.0,14319.0,12232.0,0.0,0.0
drtp_img88_cacheonly_1024mb_200,200,100,7,1.0,100.0,d_lease,97,3,39.03062697240367,77.57874745805027,86.76254375602544,5493.0,8826.0,14319.0,12162.0,0.0,512.0
drtp_img88_cacheonly_1024mb_200,200,100,7,2.0,10.0,c_lru,98,2,104.67845312164886,352.7567689268576,371.6125000000001,3647.0,4735.0,8382.0,9049.0,0.0,0.0
drtp_img88_cacheonly_1024mb_200,200,100,7,2.0,10.0,d_lease,98,2,89.03826368642694,315.84158730158754,322.70220238095226,3222.0,5160.0,8382.0,8998.0,0.0,626.0
drtp_img88_cacheonly_1024mb_200,200,100,7,2.0,30.0,c_lru,98,2,35.51590805681364,121.56666666666666,128.47916666666666,3647.0,4735.0,8382.0,9077.0,0.0,0.0
drtp_img88_cacheonly_1024mb_200,200,100,7,2.0,30.0,d_lease,98,2,30.378886599194367,107.39999999999999,117.63393055555555,3222.0,5160.0,8382.0,8998.0,0.0,626.0
drtp_img88_cacheonly_1024mb_200,200,100,7,2.0,100.0,c_lru,98,2,11.475763393765117,43.88511711464317,50.06845044797651,3647.0,4735.0,8382.0,9048.0,0.0,0.0
drtp_img88_cacheonly_1024mb_200,200,100,7,2.0,100.0,d_lease,98,2,9.951638960405575,35.80597506867777,46.08436834020111,3328.0,5054.0,8382.0,8953.0,0.0,626.0
drtp_img88_cacheonly_1024mb_200,200,100,8,0.5,10.0,c_lru,95,5,691.731622804491,1411.3000000000004,1411.3000000000004,14113.0,4545.0,18658.0,11952.0,6981.0,0.0
drtp_img88_cacheonly_1024mb_200,200,100,8,0.5,10.0,d_lease,95,5,647.799303130511,1406.1999999999998,1406.1999999999998,14062.0,4596.0,18658.0,10994.0,7657.0,234.0
drtp_img88_cacheonly_1024mb_200,200,100,8,0.5,30.0,c_lru,95,5,233.69923323090455,471.9666666666667,471.9666666666667,14159.0,4499.0,18658.0,11886.0,6981.0,0.0
drtp_img88_cacheonly_1024mb_200,200,100,8,0.5,30.0,d_lease,95,5,212.81942912476737,456.3666666666666,456.3666666666666,13691.0,4967.0,18658.0,11420.0,7286.0,234.0
drtp_img88_cacheonly_1024mb_200,200,100,8,0.5,100.0,c_lru,95,5,72.94032913536516,155.05000273998107,155.05000273998107,14208.0,4450.0,18658.0,11886.0,6981.0,0.0
drtp_img88_cacheonly_1024mb_200,200,100,8,0.5,100.0,d_lease,95,5,67.08909845898702,150.07269561220394,150.07269561220394,14062.0,4596.0,18658.0,10527.0,8028.0,225.0
drtp_img88_cacheonly_1024mb_200,200,100,8,1.0,10.0,c_lru,95,5,450.70970891575,699.1503791106334,709.1800322937332,6908.0,8678.0,15586.0,13799.0,0.0,0.0
drtp_img88_cacheonly_1024mb_200,200,100,8,1.0,10.0,d_lease,95,5,396.040118723893,644.240962301587,651.2025967261902,6231.0,9355.0,15586.0,13615.0,0.0,506.0
drtp_img88_cacheonly_1024mb_200,200,100,8,1.0,30.0,c_lru,95,5,153.5409346122798,251.31973582110314,262.40723582110314,6897.0,8689.0,15586.0,13799.0,0.0,0.0
drtp_img88_cacheonly_1024mb_200,200,100,8,1.0,30.0,d_lease,95,5,136.7065123438226,236.92924603174598,248.01674603174598,6231.0,9355.0,15586.0,13615.0,0.0,506.0
drtp_img88_cacheonly_1024mb_200,200,100,8,1.0,100.0,c_lru,95,5,51.81734724787398,103.83343254480802,110.28343254480802,6880.0,8706.0,15586.0,13921.0,0.0,0.0
drtp_img88_cacheonly_1024mb_200,200,100,8,1.0,100.0,d_lease,95,5,43.198398003946444,88.86327755463238,88.86327755463238,6231.0,9355.0,15586.0,13808.0,0.0,506.0
drtp_img88_cacheonly_1024mb_200,200,100,8,2.0,10.0,c_lru,95,5,73.45340670484083,246.23774443342154,276.8913853064374,2726.0,2983.0,5709.0,6743.0,0.0,0.0
drtp_img88_cacheonly_1024mb_200,200,100,8,2.0,10.0,d_lease,95,5,65.66597744360904,251.16936507936512,276.9381746031747,2726.0,2983.0,5709.0,7518.0,0.0,394.0
drtp_img88_cacheonly_1024mb_200,200,100,8,2.0,30.0,c_lru,95,5,24.812801682785466,80.83319908324516,95.35685689911818,2726.0,2983.0,5709.0,6743.0,0.0,0.0
drtp_img88_cacheonly_1024mb_200,200,100,8,2.0,30.0,d_lease,95,5,22.03153227652465,87.33498452380955,95.41300039682544,2726.0,2983.0,5709.0,7518.0,0.0,394.0
drtp_img88_cacheonly_1024mb_200,200,100,8,2.0,100.0,c_lru,95,5,7.811865116501089,26.573069476947722,31.86007244786937,2726.0,2983.0,5709.0,6745.0,0.0,0.0
drtp_img88_cacheonly_1024mb_200,200,100,8,2.0,100.0,d_lease,95,5,6.750576822380023,26.809947255290993,32.95481249338623,2726.0,2983.0,5709.0,7374.0,0.0,394.0
drtp_img88_cacheonly_1024mb_200,200,100,9,0.5,10.0,c_lru,93,7,712.4891532527282,1343.0000000000002,1431.7000000000003,14317.0,2667.0,16984.0,8918.0,8202.0,0.0
drtp_img88_cacheonly_1024mb_200,200,100,9,0.5,10.0,d_lease,93,7,679.2558606204128,1415.2,1415.2,14152.0,2832.0,16984.0,8196.0,8573.0,225.0
drtp_img88_cacheonly_1024mb_200,200,100,9,0.5,30.0,c_lru,93,7,237.8207362723066,447.66666666666663,477.2333333333333,14317.0,2667.0,16984.0,8918.0,8202.0,0.0
drtp_img88_cacheonly_1024mb_200,200,100,9,0.5,30.0,d_lease,93,7,226.4216582394608,471.73333333333335,471.73333333333335,14152.0,2832.0,16984.0,8196.0,8573.0,225.0
drtp_img88_cacheonly_1024mb_200,200,100,9,0.5,100.0,c_lru,93,7,76.76905288160665,159.08105643738975,173.86438977072308,14317.0,2667.0,16984.0,8916.0,8202.0,0.0
drtp_img88_cacheonly_1024mb_200,200,100,9,0.5,100.0,d_lease,93,7,72.8001412467233,168.14927431896209,168.14927431896209,14152.0,2832.0,16984.0,7988.0,9030.0,225.0
drtp_img88_cacheonly_1024mb_200,200,100,9,1.0,10.0,c_lru,94,6,451.2259469720953,653.8531681547621,711.5000000000002,7115.0,7066.0,14181.0,12654.0,0.0,0.0
drtp_img88_cacheonly_1024mb_200,200,100,9,1.0,10.0,d_lease,94,6,383.20040854018896,581.9125165343917,593.9634854497356,5692.0,8489.0,14181.0,11916.0,394.0,508.0
drtp_img88_cacheonly_1024mb_200,200,100,9,1.0,30.0,c_lru,94,6,157.77037488134232,245.50227705439818,250.88644883983687,6744.0,7437.0,14181.0,12666.0,0.0,0.0
drtp_img88_cacheonly_1024mb_200,200,100,9,1.0,30.0,d_lease,94,6,131.9153947709108,208.6447883597885,223.42812169312182,5692.0,8489.0,14181.0,11916.0,394.0,508.0
drtp_img88_cacheonly_1024mb_200,200,100,9,1.0,100.0,c_lru,94,6,51.78031838177038,88.94294206900793,103.72627540234127,6721.0,7460.0,14181.0,12666.0,0.0,0.0
drtp_img88_cacheonly_1024mb_200,200,100,9,1.0,100.0,d_lease,94,6,43.48780880614653,86.07058730158718,86.21725396825391,5692.0,8489.0,14181.0,11950.0,394.0,508.0
drtp_img88_cacheonly_1024mb_200,200,100,9,2.0,10.0,c_lru,94,6,68.09719529872132,244.51548280423273,272.9124999999999,2587.0,8076.0,10663.0,11118.0,0.0,0.0
drtp_img88_cacheonly_1024mb_200,200,100,9,2.0,10.0,d_lease,94,6,56.19104884329615,220.5574999999999,240.24999999999991,2227.0,8436.0,10663.0,9959.0,0.0,394.0
drtp_img88_cacheonly_1024mb_200,200,100,9,2.0,30.0,c_lru,94,6,23.9368445691813,86.85228877521871,100.24583333333334,2581.0,8082.0,10663.0,10735.0,0.0,0.0
drtp_img88_cacheonly_1024mb_200,200,100,9,2.0,30.0,d_lease,94,6,20.102352836879437,78.36226190476191,91.78333333333335,2227.0,8436.0,10663.0,9787.0,0.0,394.0
drtp_img88_cacheonly_1024mb_200,200,100,9,2.0,100.0,c_lru,94,6,8.414508786340914,33.539097826857144,43.472431160190474,2581.0,8082.0,10663.0,9999.0,0.0,0.0
drtp_img88_cacheonly_1024mb_200,200,100,9,2.0,100.0,d_lease,94,6,7.631353890722135,29.48950852623457,43.48284228395062,2452.0,8211.0,10663.0,9684.0,0.0,394.0
drtp_img88_cacheonly_1024mb_200,200,100,10,0.5,10.0,c_lru,94,6,587.0308631640339,1113.9999999999998,1202.6999999999998,12027.0,3065.0,15092.0,8048.0,6981.0,0.0
drtp_img88_cacheonly_1024mb_200,200,100,10,0.5,10.0,d_lease,94,6,570.7142595107929,1098.7,1187.4,11874.0,3218.0,15092.0,7533.0,7375.0,249.0
drtp_img88_cacheonly_1024mb_200,200,100,10,0.5,30.0,c_lru,94,6,191.6141227362069,364.6333333333333,394.2,11826.0,3266.0,15092.0,7995.0,6981.0,0.0
drtp_img88_cacheonly_1024mb_200,200,100,10,0.5,30.0,d_lease,94,6,190.25215203534836,366.23333333333335,395.8,11874.0,3218.0,15092.0,7533.0,7375.0,249.0
drtp_img88_cacheonly_1024mb_200,200,100,10,0.5,100.0,c_lru,94,6,61.368331671052275,124.82064850057117,135.90814850057117,11906.0,3186.0,15092.0,8019.0,6981.0,0.0
drtp_img88_cacheonly_1024mb_200,200,100,10,0.5,100.0,d_lease,94,6,53.939541397019255,118.2457799845679,129.3332799845679,11735.0,3357.0,15092.0,7827.0,7199.0,248.0
drtp_img88_cacheonly_1024mb_200,200,100,10,1.0,10.0,c_lru,96,4,322.1735296808727,546.2064307337963,555.5606395313326,5365.0,10861.0,16226.0,16012.0,0.0,0.0
drtp_img88_cacheonly_1024mb_200,200,100,10,1.0,10.0,d_lease,96,4,268.192738704668,457.8900000000001,457.8900000000001,3958.0,12268.0,16226.0,15439.0,594.0,512.0
drtp_img88_cacheonly_1024mb_200,200,100,10,1.0,30.0,c_lru,96,4,116.86013787688351,215.42392581401901,226.51142581401902,5365.0,10861.0,16226.0,16012.0,0.0,0.0
drtp_img88_cacheonly_1024mb_200,200,100,10,1.0,30.0,d_lease,96,4,101.56588753645421,199.19750000000002,202.89333333333335,4845.0,11381.0,16226.0,15123.0,887.0,512.0
drtp_img88_cacheonly_1024mb_200,200,100,10,1.0,100.0,c_lru,96,4,40.23181328926621,90.9674408861967,94.66327421953004,5510.0,10716.0,16226.0,16012.0,0.0,0.0
drtp_img88_cacheonly_1024mb_200,200,100,10,1.0,100.0,d_lease,96,4,36.32952749630927,91.83566683412491,95.53150016745825,4873.0,11353.0,16226.0,15123.0,887.0,512.0
drtp_img88_cacheonly_1024mb_200,200,100,10,2.0,10.0,c_lru,96,4,26.46268560339506,153.1,173.1,1731.0,4990.0,6721.0,6742.0,0.0,0.0
drtp_img88_cacheonly_1024mb_200,200,100,10,2.0,10.0,d_lease,96,4,16.352719958043977,92.93305555555554,118.99999999999999,1140.0,5581.0,6721.0,6798.0,0.0,836.0
drtp_img88_cacheonly_1024mb_200,200,100,10,2.0,30.0,c_lru,96,4,7.796797123360339,32.72666666666667,49.026666666666664,1360.0,5361.0,6721.0,6763.0,0.0,0.0
drtp_img88_cacheonly_1024mb_200,200,100,10,2.0,30.0,d_lease,96,4,6.7682757924623855,30.372222222222224,43.15187847222222,1140.0,5581.0,6721.0,6685.0,0.0,836.0
drtp_img88_cacheonly_1024mb_200,200,100,10,2.0,100.0,c_lru,96,4,4.022689667944616,20.468597155439817,31.211620142363284,1360.0,5361.0,6721.0,6790.0,0.0,0.0
drtp_img88_cacheonly_1024mb_200,200,100,10,2.0,100.0,d_lease,96,4,3.670985299616698,19.46217945777778,31.623943084325926,1140.0,5581.0,6721.0,6641.0,0.0,836.0
drtp_img88_cacheonly_1024mb_200,200,100,11,0.5,10.0,c_lru,95,5,708.2913240437094,1256.4999999999998,1433.8999999999999,14339.0,3764.0,18103.0,11181.0,6981.0,0.0
drtp_img88_cacheonly_1024mb_200,200,100,11,0.5,10.0,d_lease,95,5,664.8026000417713,1249.7000000000005,1427.1000000000006,14271.0,3832.0,18103.0,11215.0,6981.0,249.0
drtp_img88_cacheonly_1024mb_200,200,100,11,0.5,30.0,c_lru,95,5,236.8255548052893,419.5666666666667,478.70000000000005,14361.0,3742.0,18103.0,11123.0,6981.0,0.0
drtp_img88_cacheonly_1024mb_200,200,100,11,0.5,30.0,d_lease,95,5,221.44776378848837,416.56666666666666,475.7,14271.0,3832.0,18103.0,11282.0,6981.0,249.0
drtp_img88_cacheonly_1024mb_200,200,100,11,0.5,100.0,c_lru,95,5,71.03004031941279,129.7025122525749,155.57334558590824,14143.0,3960.0,18103.0,11177.0,6981.0,0.0
drtp_img88_cacheonly_1024mb_200,200,100,11,0.5,100.0,d_lease,95,5,67.33071110280407,131.49624608279902,157.36707941613236,14300.0,3803.0,18103.0,11362.0,6981.0,249.0
drtp_img88_cacheonly_1024mb_200,200,100,11,1.0,10.0,c_lru,95,5,521.9543377771982,809.42,809.42,7562.0,8954.0,16516.0,15179.0,0.0,0.0
drtp_img88_cacheonly_1024mb_200,200,100,11,1.0,10.0,d_lease,95,5,418.25906236143953,629.7531939200683,711.2125000000002,7043.0,9473.0,16516.0,13853.0,1087.0,512.0
drtp_img88_cacheonly_1024mb_200,200,100,11,1.0,30.0,c_lru,95,5,178.40446487507558,289.76416666666654,293.45999999999987,7562.0,8954.0,16516.0,15179.0,0.0,0.0
drtp_img88_cacheonly_1024mb_200,200,100,11,1.0,30.0,d_lease,95,5,160.5634480092477,287.2933333333333,287.2933333333333,7377.0,9139.0,16516.0,14035.0,887.0,512.0
drtp_img88_cacheonly_1024mb_200,200,100,11,1.0,100.0,c_lru,95,5,59.45698197573521,117.44987081154741,117.44987081154741,7670.0,8846.0,16516.0,15179.0,0.0,0.0
drtp_img88_cacheonly_1024mb_200,200,100,11,1.0,100.0,d_lease,95,5,53.6329187079458,114.73129629629632,114.73129629629632,7377.0,9139.0,16516.0,14035.0,887.0,512.0
drtp_img88_cacheonly_1024mb_200,200,100,11,2.0,10.0,c_lru,94,6,96.3180578155192,370.2164159915492,403.6000000000001,4036.0,4773.0,8809.0,10147.0,0.0,0.0
drtp_img88_cacheonly_1024mb_200,200,100,11,2.0,10.0,d_lease,94,6,101.93145903345344,322.6501047619048,334.20000000000005,3342.0,5467.0,8809.0,10593.0,0.0,371.0
drtp_img88_cacheonly_1024mb_200,200,100,11,2.0,30.0,c_lru,94,6,33.12987884446675,122.88717946757056,134.53333333333333,4036.0,4773.0,8809.0,10150.0,0.0,0.0
drtp_img88_cacheonly_1024mb_200,200,100,11,2.0,30.0,d_lease,94,6,34.70914604615291,109.99214489166039,118.68457544721593,3342.0,5467.0,8809.0,10274.0,0.0,371.0
drtp_img88_cacheonly_1024mb_200,200,100,11,2.0,100.0,c_lru,94,6,10.76582026563841,34.754648210060786,39.32913455357598,3798.0,5011.0,8809.0,10119.0,0.0,0.0
drtp_img88_cacheonly_1024mb_200,200,100,11,2.0,100.0,d_lease,94,6,11.197889630130229,37.70409686193348,44.16540382496361,3342.0,5467.0,8809.0,9511.0,0.0,371.0
drtp_img88_cacheonly_1024mb_200,200,100,12,0.5,10.0,c_lru,98,2,693.7865804016843,1292.2000000000005,1380.9000000000005,13809.0,2819.0,16628.0,9628.0,6981.0,0.0
drtp_img88_cacheonly_1024mb_200,200,100,12,0.5,10.0,d_lease,98,2,636.986618177033,1248.8,1337.5,13375.0,3253.0,16628.0,9128.0,7511.0,256.0
drtp_img88_cacheonly_1024mb_200,200,100,12,0.5,30.0,c_lru,98,2,231.5965619678409,430.73333333333323,460.2999999999999,13809.0,2819.0,16628.0,9628.0,6981.0,0.0
drtp_img88_cacheonly_1024mb_200,200,100,12,0.5,30.0,d_lease,98,2,213.70716667510243,418.3,447.8666666666667,13436.0,3192.0,16628.0,9391.0,7511.0,256.0
drtp_img88_cacheonly_1024mb_200,200,100,12,0.5,100.0,c_lru,98,2,71.76675109049931,139.008695299303,153.79202863263635,13809.0,2819.0,16628.0,9628.0,6981.0,0.0
drtp_img88_cacheonly_1024mb_200,200,100,12,0.5,100.0,d_lease,98,2,66.14825694426374,134.562584328086,149.34591766141932,13436.0,3192.0,16628.0,9557.0,7286.0,256.0
drtp_img88_cacheonly_1024mb_200,200,100,12,1.0,10.0,c_lru,98,2,433.22938182040303,683.0678246825397,684.9881168783069,6310.0,10874.0,17184.0,16147.0,0.0,0.0
drtp_img88_cacheonly_1024mb_200,200,100,12,1.0,10.0,d_lease,98,2,377.272833281827,574.3806324656084,574.3806324656084,5427.0,11757.0,17184.0,15720.0,418.0,504.0
drtp_img88_cacheonly_1024mb_200,200,100,12,1.0,30.0,c_lru,98,2,153.66098849048677,259.16,259.16,6533.0,10651.0,17184.0,16147.0,0.0,0.0
drtp_img88_cacheonly_1024mb_200,200,100,12,1.0,30.0,d_lease,98,2,130.7365638656693,226.63919752321428,226.63919752321428,5427.0,11757.0,17184.0,15414.0,371.0,504.0
drtp_img88_cacheonly_1024mb_200,200,100,12,1.0,100.0,c_lru,98,2,54.828438488524725,112.43225574747267,112.43225574747267,6765.0,10419.0,17184.0,16133.0,0.0,0.0
drtp_img88_cacheonly_1024mb_200,200,100,12,1.0,100.0,d_lease,98,2,45.06536453454949,91.24462017261213,91.24462017261213,5798.0,11386.0,17184.0,15495.0,371.0,504.0
drtp_img88_cacheonly_1024mb_200,200,100,12,2.0,10.0,c_lru,98,2,46.27989163465841,229.16741756424793,242.78575703892665,2383.0,3698.0,6081.0,5661.0,0.0,0.0
drtp_img88_cacheonly_1024mb_200,200,100,12,2.0,10.0,d_lease,98,2,39.528266115970204,196.7875,211.08404761904765,1949.0,4132.0,6081.0,5563.0,0.0,634.0
drtp_img88_cacheonly_1024mb_200,200,100,12,2.0,30.0,c_lru,98,2,15.90738160098223,77.83351651077096,91.63180094954647,2383.0,3698.0,6081.0,5661.0,0.0,0.0
drtp_img88_cacheonly_1024mb_200,200,100,12,2.0,30.0,d_lease,98,2,13.678218739876902,66.85416666666666,81.70045965608466,1949.0,4132.0,6081.0,5563.0,0.0,634.0
drtp_img88_cacheonly_1024mb_200,200,100,12,2.0,100.0,c_lru,98,2,5.462543911764411,27.00221866525272,40.84644718780007,2583.0,3498.0,6081.0,5748.0,0.0,0.0
drtp_img88_cacheonly_1024mb_200,200,100,12,2.0,100.0,d_lease,98,2,4.624447521865889,21.405674603174607,35.4602380952381,2077.0,4004.0,6081.0,5736.0,0.0,634.0
drtp_img88_cacheonly_1024mb_200,200,100,13,0.5,10.0,c_lru,96,4,732.357447503307,1295.3000000000004,1384.0000000000005,13840.0,3890.0,17730.0,11693.0,6428.0,0.0
drtp_img88_cacheonly_1024mb_200,200,100,13,0.5,10.0,d_lease,96,4,676.2956514952142,1282.8999999999999,1371.6,13716.0,4014.0,17730.0,11132.0,6799.0,256.0
drtp_img88_cacheonly_1024mb_200,200,100,13,0.5,30.0,c_lru,96,4,227.3583225460986,410.66666666666663,440.2333333333333,13207.0,4523.0,17730.0,11500.0,6428.0,0.0
drtp_img88_cacheonly_1024mb_200,200,100,13,0.5,30.0,d_lease,96,4,221.15197928378527,444.06666666666666,444.06666666666666,13322.0,4408.0,17730.0,10207.0,7418.0,256.0
drtp_img88_cacheonly_1024mb_200,200,100,13,0.5,100.0,c_lru,96,4,71.01182304299856,136.69089502994862,147.77839502994863,13207.0,4523.0,17730.0,11500.0,6428.0,0.0
drtp_img88_cacheonly_1024mb_200,200,100,13,0.5,100.0,d_lease,96,4,68.13328486417727,147.1647420242642,147.1647420242642,13322.0,4408.0,17730.0,10207.0,7418.0,256.0
drtp_img88_cacheonly_1024mb_200,200,100,13,1.0,10.0,c_lru,97,3,457.5439975830467,734.2800000000001,734.2800000000001,6988.0,9050.0,16038.0,14562.0,0.0,0.0
drtp_img88_cacheonly_1024mb_200,200,100,13,1.0,10.0,d_lease,97,3,402.1646432662413,643.1408862433861,643.2510052910052,6304.0,9734.0,16038.0,14180.0,553.0,511.0
drtp_img88_cacheonly_1024mb_200,200,100,13,1.0,30.0,c_lru,97,3,157.36690078186868,270.6308333333334,270.6308333333334,6988.0,9050.0,16038.0,14562.0,0.0,0.0
drtp_img88_cacheonly_1024mb_200,200,100,13,1.0,30.0,d_lease,97,3,138.932343941799,235.09511798941801,235.97567949735452,6304.0,9734.0,16038.0,14180.0,553.0,511.0
drtp_img88_cacheonly_1024mb_200,200,100,13,1.0,100.0,c_lru,97,3,52.93197787858022,106.58835503009296,110.2841883634263,8246.0,7792.0,16038.0,13559.0,887.0,0.0
drtp_img88_cacheonly_1024mb_200,200,100,13,1.0,100.0,d_lease,97,3,44.3656794072202,87.69888495546047,88.47524269200561,6543.0,9495.0,16038.0,14110.0,553.0,511.0
drtp_img88_cacheonly_1024mb_200,200,100,13,2.0,10.0,c_lru,97,3,152.16474981491717,379.1600000000002,379.1600000000002,3681.0,7444.0,11125.0,9421.0,0.0,0.0
drtp_img88_cacheonly_1024mb_200,200,100,13,2.0,10.0,d_lease,97,3,118.26405365171411,326.5658333333335,335.5452500000001,3230.0,7895.0,11125.0,9479.0,0.0,560.0
drtp_img88_cacheonly_1024mb_200,200,100,13,2.0,30.0,c_lru,97,3,52.895435830747054,133.75999999999996,136.2002206583774,3681.0,7444.0,11125.0,9098.0,0.0,0.0
drtp_img88_cacheonly_1024mb_200,200,100,13,2.0,30.0,d_lease,97,3,41.510428832374856,111.76583333333333,120.45191666666668,3230.0,7895.0,11125.0,9185.0,0.0,560.0
drtp_img88_cacheonly_1024mb_200,200,100,13,2.0,100.0,c_lru,97,3,19.089192484551685,47.571595877909466,50.88605294777664,3657.0,7468.0,11125.0,8991.0,0.0,0.0
drtp_img88_cacheonly_1024mb_200,200,100,13,2.0,100.0,d_lease,97,3,14.954442299842432,47.82706838699181,51.57706838699181,3230.0,7895.0,11125.0,8960.0,0.0,560.0
drtp_img88_cacheonly_1024mb_200,200,100,14,0.5,10.0,c_lru,95,5,634.7683409888423,1153.1,1241.8,12418.0,3956.0,16374.0,10731.0,5541.0,0.0
drtp_img88_cacheonly_1024mb_200,200,100,14,0.5,10.0,d_lease,95,5,583.755308227165,1175.8000000000002,1175.8000000000002,11758.0,4616.0,16374.0,10642.0,5541.0,256.0
drtp_img88_cacheonly_1024mb_200,200,100,14,0.5,30.0,c_lru,95,5,211.89868353376414,384.3666666666667,413.93333333333334,12418.0,3956.0,16374.0,10731.0,5541.0,0.0
drtp_img88_cacheonly_1024mb_200,200,100,14,0.5,30.0,d_lease,95,5,194.77871281174166,391.93333333333334,391.93333333333334,11758.0,4616.0,16374.0,10642.0,5541.0,256.0
drtp_img88_cacheonly_1024mb_200,200,100,14,0.5,100.0,c_lru,95,5,63.13718600197627,123.8411627180902,134.9286627180902,12225.0,4149.0,16374.0,10923.0,5541.0,0.0
drtp_img88_cacheonly_1024mb_200,200,100,14,0.5,100.0,d_lease,95,5,59.41340494331223,129.28057664155534,129.28057664155534,11758.0,4616.0,16374.0,10447.0,5541.0,256.0
drtp_img88_cacheonly_1024mb_200,200,100,14,1.0,10.0,c_lru,95,5,369.381266349169,659.3000352733685,661.4583539094649,6290.0,9930.0,16220.0,14973.0,0.0,0.0
drtp_img88_cacheonly_1024mb_200,200,100,14,1.0,10.0,d_lease,95,5,310.8544128378153,573.28,573.28,5378.0,10842.0,16220.0,14668.0,0.0,509.0
drtp_img88_cacheonly_1024mb_200,200,100,14,1.0,30.0,c_lru,95,5,129.51276445404815,238.25966103985593,253.04299437318926,6411.0,9809.0,16220.0,14946.0,0.0,0.0
drtp_img88_cacheonly_1024mb_200,200,100,14,1.0,30.0,d_lease,95,5,110.56245291754009,235.44333333333327,235.44333333333327,6265.0,9955.0,16220.0,14137.0,887.0,512.0
drtp_img88_cacheonly_1024mb_200,200,100,14,1.0,100.0,c_lru,95,5,44.15371771078283,100.86220228270656,104.5580356160399,7393.0,8827.0,16220.0,13967.0,887.0,0.0
drtp_img88_cacheonly_1024mb_200,200,100,14,1.0,100.0,d_lease,95,5,34.691130478946235,75.95786125380423,87.04536125380423,5378.0,10842.0,16220.0,14720.0,0.0,512.0
drtp_img88_cacheonly_1024mb_200,200,100,14,2.0,10.0,c_lru,95,5,58.453373227049106,246.48217744157853,280.225,2802.0,3266.0,6068.0,7160.0,0.0,0.0
drtp_img88_cacheonly_1024mb_200,200,100,14,2.0,10.0,d_lease,95,5,50.19403780284043,210.13031349206346,218.42499999999995,2135.0,3933.0,6068.0,6924.0,0.0,683.0
drtp_img88_cacheonly_1024mb_200,200,100,14,2.0,30.0,c_lru,95,5,19.75403735192011,82.22447634349689,93.42499999999997,2802.0,3266.0,6068.0,7160.0,0.0,0.0
drtp_img88_cacheonly_1024mb_200,200,100,14,2.0,30.0,d_lease,95,5,17.12545805485937,69.79111838624337,78.47885251322748,2135.0,3933.0,6068.0,6117.0,0.0,683.0
drtp_img88_cacheonly_1024mb_200,200,100,14,2.0,100.0,c_lru,95,5,6.037812609925785,26.25341402974085,34.84133859409301,2804.0,3264.0,6068.0,6614.0,0.0,0.0
drtp_img88_cacheonly_1024mb_200,200,100,14,2.0,100.0,d_lease,95,5,5.648487552352001,22.306046283501832,36.48798277897193,2506.0,3562.0,6068.0,6145.0,0.0,806.0
drtp_img88_cacheonly_1024mb_200,200,100,15,0.5,10.0,c_lru,94,6,719.6051431095009,1403.7000000000003,1403.7000000000003,14037.0,4016.0,18053.0,12119.0,6428.0,0.0
drtp_img88_cacheonly_1024mb_200,200,100,15,0.5,10.0,d_lease,94,6,657.8768069440222,1330.6000000000001,1330.6000000000001,13306.0,4747.0,18053.0,11524.0,6822.0,256.0
drtp_img88_cacheonly_1024mb_200,200,100,15,0.5,30.0,c_lru,94,6,239.6942894553474,467.9,467.9,14037.0,4016.0,18053.0,12105.0,6428.0,0.0
drtp_img88_cacheonly_1024mb_200,200,100,15,0.5,30.0,d_lease,94,6,219.37698262878803,443.5333333333333,443.5333333333333,13306.0,4747.0,18053.0,11524.0,6822.0,256.0
drtp_img88_cacheonly_1024mb_200,200,100,15,0.5,100.0,c_lru,94,6,73.04017677034282,153.58951990253914,153.58951990253914,13785.0,4268.0,18053.0,11186.0,7193.0,0.0
drtp_img88_cacheonly_1024mb_200,200,100,15,0.5,100.0,d_lease,94,6,68.03720326963634,148.73092157494932,148.73092157494932,13306.0,4747.0,18053.0,11430.0,7022.0,256.0
drtp_img88_cacheonly_1024mb_200,200,100,15,1.0,10.0,c_lru,94,6,468.2523049166561,715.6190046296298,715.6190046296298,6801.0,9644.0,16445.0,15607.0,158.0,0.0
drtp_img88_cacheonly_1024mb_200,200,100,15,1.0,10.0,d_lease,94,6,410.1821323868274,620.3279985119046,621.0868867807538,6054.0,10391.0,16445.0,14931.0,753.0,502.0
drtp_img88_cacheonly_1024mb_200,200,100,15,1.0,30.0,c_lru,94,6,163.58570574878505,267.734716764903,267.734716764903,6801.0,9644.0,16445.0,15607.0,158.0,0.0
drtp_img88_cacheonly_1024mb_200,200,100,15,1.0,30.0,d_lease,94,6,144.60272793538223,237.2601904761905,248.3476904761905,6054.0,10391.0,16445.0,14572.0,1074.0,502.0
drtp_img88_cacheonly_1024mb_200,200,100,15,1.0,100.0,c_lru,94,6,51.812707535226984,95.59561568676227,95.59561568676227,6801.0,9644.0,16445.0,15607.0,158.0,0.0
drtp_img88_cacheonly_1024mb_200,200,100,15,1.0,100.0,d_lease,94,6,47.63719814600014,92.34691520485339,92.34691520485339,6054.0,10391.0,16445.0,14620.0,1074.0,502.0
drtp_img88_cacheonly_1024mb_200,200,100,15,2.0,10.0,c_lru,93,7,67.5745187645787,228.2,265.3,2653.0,5420.0,8073.0,8362.0,0.0,0.0
drtp_img88_cacheonly_1024mb_200,200,100,15,2.0,10.0,d_lease,93,7,55.844253057973496,214.45405026455026,232.5,2325.0,5748.0,8073.0,8287.0,0.0,952.0
drtp_img88_cacheonly_1024mb_200,200,100,15,2.0,30.0,c_lru,93,7,24.090174980180187,77.2026462184659,88.43333333333331,2653.0,5420.0,8073.0,7538.0,0.0,0.0
drtp_img88_cacheonly_1024mb_200,200,100,15,2.0,30.0,d_lease,93,7,20.326803446976164,72.66957308201057,79.58207308201058,2325.0,5748.0,8073.0,8356.0,0.0,952.0
drtp_img88_cacheonly_1024mb_200,200,100,15,2.0,100.0,c_lru,93,7,9.104968274932466,34.14978034118278,34.14978034118278,2653.0,5420.0,8073.0,7564.0,0.0,0.0
drtp_img88_cacheonly_1024mb_200,200,100,15,2.0,100.0,d_lease,93,7,8.048091249488445,32.48178528888889,32.48178528888889,2325.0,5748.0,8073.0,6762.0,0.0,952.0
drtp_img88_cacheonly_1024mb_200,200,100,16,0.5,10.0,c_lru,94,6,701.4697567303087,1343.1000000000004,1343.1000000000004,13431.0,3814.0,17245.0,10422.0,7315.0,0.0
drtp_img88_cacheonly_1024mb_200,200,100,16,0.5,10.0,d_lease,94,6,635.5351101612629,1347.5,1347.5,13475.0,3770.0,17245.0,9591.0,8014.0,249.0
drtp_img88_cacheonly_1024mb_200,200,100,16,0.5,30.0,c_lru,94,6,234.8220071716323,460.8333333333333,460.8333333333333,13825.0,3420.0,17245.0,9900.0,7709.0,0.0
drtp_img88_cacheonly_1024mb_200,200,100,16,0.5,30.0,d_lease,94,6,217.139558668313,462.2999999999999,462.2999999999999,13869.0,3376.0,17245.0,9140.0,8408.0,249.0
drtp_img88_cacheonly_1024mb_200,200,100,16,0.5,100.0,c_lru,94,6,76.66046897122519,165.3730313113916,165.3730313113916,13722.0,3523.0,17245.0,10340.0,7315.0,0.0
drtp_img88_cacheonly_1024mb_200,200,100,16,0.5,100.0,d_lease,94,6,67.45812560981298,157.86676611111105,157.86676611111105,13869.0,3376.0,17245.0,9200.0,8408.0,249.0
drtp_img88_cacheonly_1024mb_200,200,100,16,1.0,10.0,c_lru,94,6,448.61040585238993,674.6661376044291,674.8,6748.0,8283.0,15031.0,13786.0,0.0,0.0
drtp_img88_cacheonly_1024mb_200,200,100,16,1.0,10.0,d_lease,94,6,395.32138411233143,685.6800000000002,685.6800000000002,6502.0,8529.0,15031.0,12789.0,887.0,512.0
drtp_img88_cacheonly_1024mb_200,200,100,16,1.0,30.0,c_lru,94,6,159.88671974576437,255.15256378417592,255.15256378417592,6748.0,8283.0,15031.0,13786.0,0.0,0.0
drtp_img88_cacheonly_1024mb_200,200,100,16,1.0,30.0,d_lease,94,6,135.93613024087446,258.1266666666667,258.1266666666667,6502.0,8529.0,15031.0,12824.0,887.0,512.0
drtp_img88_cacheonly_1024mb_200,200,100,16,1.0,100.0,c_lru,94,6,51.69909021170553,92.72545991592139,96.42129324925473,6748.0,8283.0,15031.0,13786.0,0.0,0.0
drtp_img88_cacheonly_1024mb_200,200,100,16,1.0,100.0,d_lease,94,6,45.50611697011723,106.94044301656666,106.94044301656666,6502.0,8529.0,15031.0,12717.0,887.0,512.0
drtp_img88_cacheonly_1024mb_200,200,100,16,2.0,10.0,c_lru,95,5,65.06606306042885,266.8,267.4945231481482,2668.0,5240.0,7908.0,7551.0,0.0,0.0
drtp_img88_cacheonly_1024mb_200,200,100,16,2.0,10.0,d_lease,95,5,37.51057899122806,206.09999999999997,213.01249999999996,2061.0,5847.0,7908.0,7520.0,0.0,465.0
drtp_img88_cacheonly_1024mb_200,200,100,16,2.0,30.0,c_lru,95,5,23.37487712280702,90.82071944444444,98.69155277777777,2668.0,5240.0,7908.0,7579.0,0.0,0.0
drtp_img88_cacheonly_1024mb_200,200,100,16,2.0,30.0,d_lease,95,5,14.025124415204678,68.69999999999999,75.61249999999998,2061.0,5847.0,7908.0,7634.0,0.0,465.0
drtp_img88_cacheonly_1024mb_200,200,100,16,2.0,100.0,c_lru,95,5,8.47884498075878,30.77011650692787,38.513148335613984,2538.0,5370.0,7908.0,7029.0,0.0,0.0
drtp_img88_cacheonly_1024mb_200,200,100,16,2.0,100.0,d_lease,95,5,6.298005382705895,21.52320316550926,30.083680342881944,2061.0,5847.0,7908.0,6924.0,0.0,465.0
drtp_img88_cacheonly_1024mb_200,200,100,17,0.5,10.0,c_lru,93,7,665.8203522247009,1279.7,1368.4,13684.0,3966.0,17650.0,9974.0,7868.0,0.0
drtp_img88_cacheonly_1024mb_200,200,100,17,0.5,10.0,d_lease,93,7,637.4377513227512,1290.0000000000005,1378.7000000000005,13787.0,3863.0,17650.0,9809.0,8093.0,225.0
drtp_img88_cacheonly_1024mb_200,200,100,17,0.5,30.0,c_lru,93,7,222.41121070654032,426.56666666666666,456.1333333333333,13684.0,3966.0,17650.0,9998.0,7868.0,0.0
drtp_img88_cacheonly_1024mb_200,200,100,17,0.5,30.0,d_lease,93,7,212.6636920033993,430.0,459.56666666666666,13787.0,3863.0,17650.0,9809.0,8093.0,225.0
drtp_img88_cacheonly_1024mb_200,200,100,17,0.5,100.0,c_lru,93,7,69.6045226273641,140.57446740412604,151.66196740412605,13700.0,3950.0,17650.0,9887.0,7868.0,0.0
drtp_img88_cacheonly_1024mb_200,200,100,17,0.5,100.0,d_lease,93,7,67.11570737054664,148.55749999999998,159.64499999999998,13787.0,3863.0,17650.0,9809.0,8093.0,225.0
drtp_img88_cacheonly_1024mb_200,200,100,17,1.0,10.0,c_lru,91,9,307.388511978895,514.4000000000001,525.4875000000001,5144.0,8510.0,13654.0,13375.0,0.0,0.0
drtp_img88_cacheonly_1024mb_200,200,100,17,1.0,10.0,d_lease,91,9,264.7043315290862,457.97165178571413,468.34123883928555,4551.0,9103.0,13654.0,13090.0,0.0,502.0
drtp_img88_cacheonly_1024mb_200,200,100,17,1.0,30.0,c_lru,91,9,108.09692992144383,194.33430183531746,205.42180183531747,5144.0,8510.0,13654.0,13375.0,0.0,0.0
drtp_img88_cacheonly_1024mb_200,200,100,17,1.0,30.0,d_lease,91,9,93.89860425715159,175.95627943121687,187.04377943121688,4551.0,9103.0,13654.0,13090.0,0.0,502.0
drtp_img88_cacheonly_1024mb_200,200,100,17,1.0,100.0,c_lru,91,9,36.07347084780834,82.43965725425278,82.43965725425278,4948.0,8706.0,13654.0,13424.0,0.0,0.0
drtp_img88_cacheonly_1024mb_200,200,100,17,1.0,100.0,d_lease,91,9,34.82227574134592,91.13744138374487,91.13744138374487,5438.0,8216.0,13654.0,12126.0,887.0,502.0
drtp_img88_cacheonly_1024mb_200,200,100,17,2.0,10.0,c_lru,91,9,47.01112372767876,223.7357352254076,257.7833333333333,2516.0,4921.0,7437.0,6708.0,0.0,0.0
drtp_img88_cacheonly_1024mb_200,200,100,17,2.0,10.0,d_lease,91,9,40.309780336066055,181.96071428571432,187.70000000000002,1825.0,5612.0,7437.0,6712.0,0.0,1020.0
drtp_img88_cacheonly_1024mb_200,200,100,17,2.0,30.0,c_lru,91,9,16.353973962242893,75.07570001229767,90.47570001229766,2516.0,4921.0,7437.0,6691.0,0.0,0.0
drtp_img88_cacheonly_1024mb_200,200,100,17,2.0,30.0,d_lease,91,9,14.621653272083407,60.83333333333333,75.57063303571428,1825.0,5612.0,7437.0,6674.0,0.0,1020.0
drtp_img88_cacheonly_1024mb_200,200,100,17,2.0,100.0,c_lru,91,9,5.75575476544561,26.02529664883651,38.612796648836515,2522.0,4915.0,7437.0,6619.0,0.0,0.0
drtp_img88_cacheonly_1024mb_200,200,100,17,2.0,100.0,d_lease,91,9,5.572790387378101,27.629861491475257,38.443730551520616,2112.0,5325.0,7437.0,6469.0,0.0,1020.0
drtp_img88_cacheonly_1024mb_200,200,100,18,0.5,10.0,c_lru,93,7,662.0384394196687,1263.6000000000004,1263.6000000000004,12636.0,4744.0,17380.0,11145.0,6628.0,0.0
drtp_img88_cacheonly_1024mb_200,200,100,18,0.5,10.0,d_lease,93,7,607.8245856730387,1131.8,1220.5,12205.0,5175.0,17380.0,10372.0,7193.0,239.0
drtp_img88_cacheonly_1024mb_200,200,100,18,0.5,30.0,c_lru,93,7,221.88868791839874,422.7000000000001,422.7000000000001,12681.0,4699.0,17380.0,11157.0,6628.0,0.0
drtp_img88_cacheonly_1024mb_200,200,100,18,0.5,30.0,d_lease,93,7,201.98002070198876,377.26666666666677,406.8333333333334,12205.0,5175.0,17380.0,10372.0,7193.0,239.0
drtp_img88_cacheonly_1024mb_200,200,100,18,0.5,100.0,c_lru,93,7,67.69703491290842,132.0174828573466,143.1049828573466,12442.0,4938.0,17380.0,11465.0,6428.0,0.0
drtp_img88_cacheonly_1024mb_200,200,100,18,0.5,100.0,d_lease,93,7,63.311587741443454,130.13757405745292,141.22507405745293,12476.0,4904.0,17380.0,10791.0,6822.0,239.0
drtp_img88_cacheonly_1024mb_200,200,100,18,1.0,10.0,c_lru,92,8,370.9403502483754,585.0777376322752,585.0777376322752,5693.0,8117.0,13810.0,12077.0,0.0,0.0
drtp_img88_cacheonly_1024mb_200,200,100,18,1.0,10.0,d_lease,92,8,321.9057102682064,502.97999999999985,502.97999999999985,4893.0,8917.0,13810.0,11333.0,753.0,512.0
drtp_img88_cacheonly_1024mb_200,200,100,18,1.0,30.0,c_lru,92,8,128.6539262924261,220.22025238734662,220.22025238734662,5693.0,8117.0,13810.0,12083.0,0.0,0.0
drtp_img88_cacheonly_1024mb_200,200,100,18,1.0,30.0,d_lease,92,8,113.40060074154594,189.42444444444442,191.78555555555553,4893.0,8917.0,13810.0,11245.0,753.0,512.0
drtp_img88_cacheonly_1024mb_200,200,100,18,1.0,100.0,c_lru,92,8,41.00421415288203,87.3029597414332,87.3029597414332,5386.0,8424.0,13810.0,12083.0,0.0,0.0
drtp_img88_cacheonly_1024mb_200,200,100,18,1.0,100.0,d_lease,92,8,37.90383892821883,76.49868129329504,76.49868129329504,5093.0,8717.0,13810.0,11245.0,753.0,512.0
drtp_img88_cacheonly_1024mb_200,200,100,18,2.0,10.0,c_lru,93,7,48.04352451987255,218.38333333333327,221.17999999999995,2133.0,4101.0,6234.0,5554.0,0.0,0.0
drtp_img88_cacheonly_1024mb_200,200,100,18,2.0,10.0,d_lease,93,7,50.21066270998085,210.99999999999997,218.87999999999997,2110.0,4124.0,6234.0,5532.0,0.0,537.0
drtp_img88_cacheonly_1024mb_200,200,100,18,2.0,30.0,c_lru,93,7,16.376683626668367,76.18333333333335,78.98000000000002,2133.0,4101.0,6234.0,5549.0,0.0,0.0
drtp_img88_cacheonly_1024mb_200,200,100,18,2.0,30.0,d_lease,93,7,17.058615056590344,73.0946119643386,80.23827099607053,2110.0,4124.0,6234.0,5531.0,0.0,537.0
drtp_img88_cacheonly_1024mb_200,200,100,18,2.0,100.0,c_lru,93,7,5.244149035023186,23.32781356915558,34.81948023582225,2261.0,3973.0,6234.0,5636.0,0.0,0.0
drtp_img88_cacheonly_1024mb_200,200,100,18,2.0,100.0,d_lease,93,7,5.299012492234194,24.86020594271605,32.74041826041152,2110.0,4124.0,6234.0,5492.0,0.0,537.0
drtp_img88_cacheonly_1024mb_200,200,100,19,0.5,10.0,c_lru,93,7,751.8105503146542,1516.0000000000002,1604.7000000000003,16047.0,4558.0,20605.0,11097.0,9308.0,0.0
drtp_img88_cacheonly_1024mb_200,200,100,19,0.5,10.0,d_lease,93,7,740.8617266882857,1534.8000000000002,1623.5000000000002,16235.0,4370.0,20605.0,10630.0,10073.0,250.0
drtp_img88_cacheonly_1024mb_200,200,100,19,0.5,30.0,c_lru,93,7,250.47555296536044,504.9333333333334,534.5000000000001,16035.0,4570.0,20605.0,11097.0,9308.0,0.0
drtp_img88_cacheonly_1024mb_200,200,100,19,0.5,30.0,d_lease,93,7,246.64332201296682,511.60000000000025,541.166666666667,16235.0,4370.0,20605.0,11212.0,9679.0,250.0
drtp_img88_cacheonly_1024mb_200,200,100,19,0.5,100.0,c_lru,93,7,74.84358278839294,167.4721031292122,178.5596031292122,15853.0,4752.0,20605.0,11321.0,9308.0,0.0
drtp_img88_cacheonly_1024mb_200,200,100,19,0.5,100.0,d_lease,93,7,77.82519681532752,175.8799711743709,186.9674711743709,16231.0,4374.0,20605.0,10420.0,10073.0,250.0
drtp_img88_cacheonly_1024mb_200,200,100,19,1.0,10.0,c_lru,93,7,459.7288928807125,718.4500000000002,718.4500000000002,6741.0,8141.0,14882.0,13068.0,0.0,0.0
drtp_img88_cacheonly_1024mb_200,200,100,19,1.0,10.0,d_lease,93,7,395.7167556305827,612.4638882275133,637.7875,6267.0,8615.0,14882.0,13562.0,0.0,512.0
drtp_img88_cacheonly_1024mb_200,200,100,19,1.0,30.0,c_lru,93,7,153.44482725325733,257.76000000000005,257.76000000000005,6491.0,8391.0,14882.0,12934.0,0.0,0.0
drtp_img88_cacheonly_1024mb_200,200,100,19,1.0,30.0,d_lease,93,7,137.32700230186154,227.7380388822752,238.8255388822752,6267.0,8615.0,14882.0,12563.0,227.0,512.0
drtp_img88_cacheonly_1024mb_200,200,100,19,1.0,100.0,c_lru,93,7,51.5439128727393,104.09313224467759,104.09313224467759,6590.0,8292.0,14882.0,13040.0,0.0,0.0
drtp_img88_cacheonly_1024mb_200,200,100,19,1.0,100.0,d_lease,93,7,46.68456748391074,98.9394059168195,98.9394059168195,6267.0,8615.0,14882.0,13057.0,227.0,512.0
drtp_img88_cacheonly_1024mb_200,200,100,19,2.0,10.0,c_lru,93,7,58.94785793757469,269.76000000000005,269.76000000000005,2587.0,4710.0,7297.0,8127.0,0.0,0.0
drtp_img88_cacheonly_1024mb_200,200,100,19,2.0,10.0,d_lease,93,7,47.69826728110597,240.75999999999996,240.75999999999996,2297.0,5000.0,7297.0,7427.0,0.0,774.0
drtp_img88_cacheonly_1024mb_200,200,100,19,2.0,30.0,c_lru,93,7,19.825048698919208,95.1266666666667,95.1266666666667,2522.0,4775.0,7297.0,8120.0,0.0,0.0
drtp_img88_cacheonly_1024mb_200,200,100,19,2.0,30.0,d_lease,93,7,16.73830096575069,87.62666666666667,87.62666666666667,2297.0,5000.0,7297.0,7402.0,0.0,774.0
drtp_img88_cacheonly_1024mb_200,200,100,19,2.0,100.0,c_lru,93,7,6.265131136759094,23.98209640915638,39.40125208701132,2297.0,5000.0,7297.0,8814.0,0.0,0.0
drtp_img88_cacheonly_1024mb_200,200,100,19,2.0,100.0,d_lease,93,7,5.9690319941894545,25.13592301131687,39.333633530606996,2297.0,5000.0,7297.0,6651.0,0.0,774.0
drtp_img88_cacheonly_1024mb_200,200,100,20,0.5,10.0,c_lru,96,4,638.8634879346555,1177.6000000000004,1177.6000000000004,11776.0,4723.0,16499.0,10622.0,6135.0,0.0
drtp_img88_cacheonly_1024mb_200,200,100,20,0.5,10.0,d_lease,96,4,647.0141851185886,1152.3000000000002,1241.0000000000002,12410.0,4089.0,16499.0,10969.0,5541.0,250.0
drtp_img88_cacheonly_1024mb_200,200,100,20,0.5,30.0,c_lru,96,4,211.03717287629402,392.53333333333336,392.53333333333336,11776.0,4723.0,16499.0,10622.0,6135.0,0.0
drtp_img88_cacheonly_1024mb_200,200,100,20,0.5,30.0,d_lease,96,4,215.39623585884684,384.09999999999997,413.66666666666663,12410.0,4089.0,16499.0,10908.0,5541.0,250.0
drtp_img88_cacheonly_1024mb_200,200,100,20,0.5,100.0,c_lru,96,4,65.39941807984457,119.16618825730258,130.25368825730257,12147.0,4352.0,16499.0,11099.0,5541.0,0.0
drtp_img88_cacheonly_1024mb_200,200,100,20,0.5,100.0,d_lease,96,4,64.56478685849952,119.38694444444448,130.4744444444445,12039.0,4460.0,16499.0,10662.0,5935.0,250.0
drtp_img88_cacheonly_1024mb_200,200,100,20,1.0,10.0,c_lru,96,4,429.6665462841183,679.0499999999998,679.0499999999998,6347.0,8451.0,14798.0,13045.0,239.0,0.0
drtp_img88_cacheonly_1024mb_200,200,100,20,1.0,10.0,d_lease,96,4,432.46749018191764,669.6324900793652,672.0383267195768,6325.0,8473.0,14798.0,12418.0,932.0,305.0
drtp_img88_cacheonly_1024mb_200,200,100,20,1.0,30.0,c_lru,96,4,148.4472914645378,252.96,252.96,6347.0,8451.0,14798.0,13045.0,239.0,0.0
drtp_img88_cacheonly_1024mb_200,200,100,20,1.0,30.0,d_lease,96,4,150.02592191851957,243.30799912680783,258.0913324601412,6325.0,8473.0,14798.0,12418.0,932.0,316.0
drtp_img88_cacheonly_1024mb_200,200,100,20,1.0,100.0,c_lru,96,4,50.896587417698065,99.56890855302771,99.56890855302771,6347.0,8451.0,14798.0,12848.0,555.0,0.0
drtp_img88_cacheonly_1024mb_200,200,100,20,1.0,100.0,d_lease,96,4,47.54366726622476,89.44587167856642,93.14170501189976,6325.0,8473.0,14798.0,12615.0,706.0,468.0
drtp_img88_cacheonly_1024mb_200,200,100,20,2.0,10.0,c_lru,96,4,47.387318400710974,220.7514880952381,261.7,2617.0,3191.0,5808.0,5575.0,0.0,0.0
drtp_img88_cacheonly_1024mb_200,200,100,20,2.0,10.0,d_lease,96,4,46.631830184909624,222.1198313492064,235.80000000000007,2358.0,3450.0,5808.0,5600.0,0.0,391.0
drtp_img88_cacheonly_1024mb_200,200,100,20,2.0,30.0,c_lru,96,4,17.831441246820575,88.23928462301585,99.6,2988.0,2820.0,5808.0,5724.0,0.0,0.0
drtp_img88_cacheonly_1024mb_200,200,100,20,2.0,30.0,d_lease,96,4,16.117165419697976,78.42391865079367,83.6569146825397,2358.0,3450.0,5808.0,5613.0,0.0,391.0
drtp_img88_cacheonly_1024mb_200,200,100,20,2.0,100.0,c_lru,96,4,5.431242140965074,26.703582411483133,33.747584468816136,2625.0,3183.0,5808.0,5613.0,0.0,0.0
drtp_img88_cacheonly_1024mb_200,200,100,20,2.0,100.0,d_lease,96,4,5.454067549878747,25.71391865079364,35.32317906746031,2358.0,3450.0,5808.0,5613.0,0.0,391.0
drtp_img88_cacheonly_1024mb_500,500,250,6,0.5,10.0,c_lru,125,125,588.314878577369,1041.3000000000002,1130.0000000000002,11300.0,3387.0,14687.0,10066.0,4654.0,0.0
drtp_img88_cacheonly_1024mb_500,500,250,6,0.5,10.0,d_lease,125,125,552.6254155277486,1067.9,1156.6000000000001,11566.0,3121.0,14687.0,10375.0,4654.0,233.0
drtp_img88_cacheonly_1024mb_500,500,250,6,0.5,30.0,c_lru,125,125,196.71994725575718,347.1,376.6666666666667,11300.0,3387.0,14687.0,10066.0,4654.0,0.0
drtp_img88_cacheonly_1024mb_500,500,250,6,0.5,30.0,d_lease,125,125,184.23994357050273,355.96666666666664,385.5333333333333,11566.0,3121.0,14687.0,10004.0,5025.0,233.0
drtp_img88_cacheonly_1024mb_500,500,250,6,0.5,100.0,c_lru,125,125,60.60434564346924,110.55984324116547,125.3431765744988,11318.0,3369.0,14687.0,10068.0,4654.0,0.0
drtp_img88_cacheonly_1024mb_500,500,250,6,0.5,100.0,d_lease,125,125,55.72776484504518,112.35893630984553,127.14226964317886,11570.0,3117.0,14687.0,10004.0,5025.0,233.0
drtp_img88_cacheonly_1024mb_500,500,250,6,1.0,10.0,c_lru,127,123,374.7222529475478,690.6512566137568,717.6833333333335,7029.0,5674.0,12703.0,11665.0,0.0,0.0
drtp_img88_cacheonly_1024mb_500,500,250,6,1.0,10.0,d_lease,127,123,313.03914420419653,580.9325793650794,580.9325793650794,5561.0,7142.0,12703.0,12091.0,0.0,396.0
drtp_img88_cacheonly_1024mb_500,500,250,6,1.0,30.0,c_lru,127,123,126.41594850306144,224.09999999999997,237.8096609959827,6723.0,5980.0,12703.0,10656.0,887.0,0.0
drtp_img88_cacheonly_1024mb_500,500,250,6,1.0,30.0,d_lease,127,123,107.7335617336027,217.13007936507927,217.13007936507927,5561.0,7142.0,12703.0,12091.0,0.0,396.0
drtp_img88_cacheonly_1024mb_500,500,250,6,1.0,100.0,c_lru,127,123,40.51148002418189,84.64316115345899,99.42649448679232,6723.0,5980.0,12703.0,11588.0,0.0,0.0
drtp_img88_cacheonly_1024mb_500,500,250,6,1.0,100.0,d_lease,127,123,33.96100842425077,72.03958769841267,86.82292103174602,5561.0,7142.0,12703.0,11866.0,0.0,396.0
drtp_img88_cacheonly_1024mb_500,500,250,6,2.0,10.0,c_lru,128,122,43.75374542720733,257.56031746031744,262.89999999999986,2629.0,2536.0,5165.0,5735.0,0.0,0.0
drtp_img88_cacheonly_1024mb_500,500,250,6,2.0,10.0,d_lease,128,122,40.46715804811507,254.06071428571425,259.39999999999986,2594.0,2571.0,5165.0,5699.0,0.0,941.0
drtp_img88_cacheonly_1024mb_500,500,250,6,2.0,30.0,c_lru,128,122,15.2105025421627,91.93303571428571,94.89999999999999,2847.0,2318.0,5165.0,5636.0,0.0,0.0
drtp_img88_cacheonly_1024mb_500,500,250,6,2.0,30.0,d_lease,128,122,13.861947428385418,84.72931547619046,86.46666666666665,2594.0,2571.0,5165.0,5699.0,0.0,941.0
drtp_img88_cacheonly_1024mb_500,500,250,6,2.0,100.0,c_lru,128,122,4.863119388640873,26.400777777777783,32.290397321428564,2847.0,2318.0,5165.0,5636.0,0.0,0.0
drtp_img88_cacheonly_1024mb_500,500,250,6,2.0,100.0,d_lease,128,122,4.631918389601934,25.452427579365082,30.011893105158727,2594.0,2571.0,5165.0,5699.0,0.0,941.0
drtp_img88_cacheonly_1024mb_500,500,250,7,0.5,10.0,c_lru,130,120,589.3629972973139,1193.8,1193.8,11938.0,3657.0,15595.0,10765.0,4988.0,0.0
drtp_img88_cacheonly_1024mb_500,500,250,7,0.5,10.0,d_lease,130,120,525.5894588319086,1190.7,1190.7,11907.0,3688.0,15595.0,10514.0,5382.0,249.0
drtp_img88_cacheonly_1024mb_500,500,250,7,0.5,30.0,c_lru,130,120,200.99403643351846,413.26666666666665,413.26666666666665,12398.0,3197.0,15595.0,9866.0,5753.0,0.0
drtp_img88_cacheonly_1024mb_500,500,250,7,0.5,30.0,d_lease,130,120,175.06099338542936,396.9,396.9,11907.0,3688.0,15595.0,10514.0,5382.0,249.0
drtp_img88_cacheonly_1024mb_500,500,250,7,0.5,100.0,c_lru,130,120,61.01038268021658,136.20086753033394,136.20086753033394,11934.0,3661.0,15595.0,10782.0,4988.0,0.0
drtp_img88_cacheonly_1024mb_500,500,250,7,0.5,100.0,d_lease,130,120,53.87765435180057,133.39719846658824,133.39719846658824,11907.0,3688.0,15595.0,10225.0,5382.0,249.0
drtp_img88_cacheonly_1024mb_500,500,250,7,1.0,10.0,c_lru,132,118,379.51264740830874,653.3173968474429,684.5375000000003,6799.0,8472.0,15271.0,14026.0,0.0,0.0
drtp_img88_cacheonly_1024mb_500,500,250,7,1.0,10.0,d_lease,132,118,353.0213463804716,613.254440476191,633.2833333333336,6185.0,9086.0,15271.0,13769.0,0.0,417.0
drtp_img88_cacheonly_1024mb_500,500,250,7,1.0,30.0,c_lru,132,118,126.70408208885748,226.63333333333327,237.72083333333327,6799.0,8472.0,15271.0,14026.0,0.0,0.0
drtp_img88_cacheonly_1024mb_500,500,250,7,1.0,30.0,d_lease,132,118,119.82027317852517,218.40989494212945,233.1932282754628,6185.0,9086.0,15271.0,13769.0,0.0,417.0
drtp_img88_cacheonly_1024mb_500,500,250,7,1.0,100.0,c_lru,132,118,39.016798010601086,71.07890968315435,82.52267768059342,6929.0,8342.0,15271.0,13985.0,0.0,0.0
drtp_img88_cacheonly_1024mb_500,500,250,7,1.0,100.0,d_lease,132,118,36.83416207320726,71.64405582586052,86.42738915919386,6185.0,9086.0,15271.0,13886.0,0.0,417.0
drtp_img88_cacheonly_1024mb_500,500,250,7,2.0,10.0,c_lru,134,116,37.09638284766643,179.03333333333333,188.96666666666667,1769.0,4909.0,6678.0,5110.0,0.0,0.0
drtp_img88_cacheonly_1024mb_500,500,250,7,2.0,10.0,d_lease,134,116,35.02741219497749,175.39202380952375,185.62031746031744,1769.0,4909.0,6678.0,4894.0,0.0,504.0
drtp_img88_cacheonly_1024mb_500,500,250,7,2.0,30.0,c_lru,134,116,13.256253949745325,67.28333333333336,79.49470138888891,1994.0,4684.0,6678.0,5050.0,0.0,0.0
drtp_img88_cacheonly_1024mb_500,500,250,7,2.0,30.0,d_lease,134,116,12.729749234975909,61.88772116402116,78.87839682539683,1769.0,4909.0,6678.0,4889.0,0.0,504.0
drtp_img88_cacheonly_1024mb_500,500,250,7,2.0,100.0,c_lru,134,116,4.832603984772064,25.352848782645506,36.30912846306526,2145.0,4533.0,6678.0,5068.0,0.0,0.0
drtp_img88_cacheonly_1024mb_500,500,250,7,2.0,100.0,d_lease,134,116,4.894851673008963,28.213684552469132,39.452280179122575,1994.0,4684.0,6678.0,4873.0,0.0,504.0
drtp_img88_cacheonly_1024mb_500,500,250,8,0.5,10.0,c_lru,125,125,634.1913904205901,1366.2000000000003,1366.2000000000003,13662.0,5153.0,18815.0,12273.0,6762.0,0.0
drtp_img88_cacheonly_1024mb_500,500,250,8,0.5,10.0,d_lease,125,125,584.3386691145354,1225.12,1313.82,13138.0,5677.0,18815.0,11401.0,7156.0,239.0
drtp_img88_cacheonly_1024mb_500,500,250,8,0.5,30.0,c_lru,125,125,211.7159125067261,455.4,455.4,13662.0,5153.0,18815.0,12268.0,6762.0,0.0
drtp_img88_cacheonly_1024mb_500,500,250,8,0.5,30.0,d_lease,125,125,194.95971932729435,408.38666666666666,437.9533333333333,13138.0,5677.0,18815.0,11401.0,7156.0,239.0
drtp_img88_cacheonly_1024mb_500,500,250,8,0.5,100.0,c_lru,125,125,66.6651746904072,157.7889649540169,157.7889649540169,13446.0,5369.0,18815.0,12273.0,6762.0,0.0
drtp_img88_cacheonly_1024mb_500,500,250,8,0.5,100.0,d_lease,125,125,61.113361127773324,139.02840039183425,153.81173372516758,13140.0,5675.0,18815.0,12039.0,6762.0,239.0
drtp_img88_cacheonly_1024mb_500,500,250,8,1.0,10.0,c_lru,126,124,301.7540150789149,648.5795360922148,663.0113650793652,6428.0,7287.0,13715.0,13798.0,0.0,0.0
drtp_img88_cacheonly_1024mb_500,500,250,8,1.0,10.0,d_lease,126,124,173.13490751133793,467.6639091269842,503.0833333333334,4883.0,8832.0,13715.0,13635.0,887.0,485.0
drtp_img88_cacheonly_1024mb_500,500,250,8,1.0,30.0,c_lru,126,124,105.00063089151735,238.64654193436635,253.42987526769969,6428.0,7287.0,13715.0,13798.0,0.0,0.0
drtp_img88_cacheonly_1024mb_500,500,250,8,1.0,30.0,d_lease,126,124,62.71731600831654,166.00382706349203,188.8204937301587,5108.0,8607.0,13715.0,13160.0,1112.0,495.0
drtp_img88_cacheonly_1024mb_500,500,250,8,1.0,100.0,c_lru,126,124,35.360015842969645,86.83267159529117,101.6160049286245,6428.0,7287.0,13715.0,13795.0,0.0,0.0
drtp_img88_cacheonly_1024mb_500,500,250,8,1.0,100.0,d_lease,126,124,20.767463693510585,59.18751584358657,77.39666778947777,5108.0,8607.0,13715.0,13248.0,1112.0,485.0
drtp_img88_cacheonly_1024mb_500,500,250,8,2.0,10.0,c_lru,127,123,23.15027859798775,155.09999999999997,158.8833333333333,1551.0,4143.0,5694.0,5521.0,0.0,0.0
drtp_img88_cacheonly_1024mb_500,500,250,8,2.0,10.0,d_lease,127,123,17.701585267466566,133.97802698412698,158.88333333333335,1551.0,4143.0,5694.0,5574.0,0.0,450.0
drtp_img88_cacheonly_1024mb_500,500,250,8,2.0,30.0,c_lru,127,123,8.567255110559095,55.29880704365079,59.397477347883594,1551.0,4143.0,5694.0,5521.0,0.0,0.0
drtp_img88_cacheonly_1024mb_500,500,250,8,2.0,30.0,d_lease,127,123,6.550035538381777,50.55971733539095,54.34305066872428,1551.0,4143.0,5694.0,5521.0,0.0,450.0
drtp_img88_cacheonly_1024mb_500,500,250,8,2.0,100.0,c_lru,127,123,3.4302014136834056,25.207323339242855,26.172265526742855,1551.0,4143.0,5694.0,5520.0,0.0,0.0
drtp_img88_cacheonly_1024mb_500,500,250,8,2.0,100.0,d_lease,127,123,2.7911647044119476,15.323220734126979,25.23099007936507,1551.0,4143.0,5694.0,5521.0,0.0,450.0
drtp_img88_cacheonly_1024mb_500,500,250,9,0.5,10.0,c_lru,131,119,620.8472446660813,1004.2999999999997,1270.3999999999999,12704.0,2715.0,15419.0,9979.0,5541.0,0.0
drtp_img88_cacheonly_1024mb_500,500,250,9,0.5,10.0,d_lease,131,119,546.3971564885494,969.0,1235.1000000000001,12351.0,3068.0,15419.0,9780.0,5541.0,256.0
drtp_img88_cacheonly_1024mb_500,500,250,9,0.5,30.0,c_lru,131,119,207.03165439110296,334.76666666666665,423.46666666666664,12704.0,2715.0,15419.0,9980.0,5541.0,0.0
drtp_img88_cacheonly_1024mb_500,500,250,9,0.5,30.0,d_lease,131,119,182.30130694141525,328.7333333333333,417.4333333333333,12523.0,2896.0,15419.0,9578.0,5541.0,256.0
drtp_img88_cacheonly_1024mb_500,500,250,9,0.5,100.0,c_lru,131,119,63.15314579658602,103.84111837128364,140.79945170461698,12954.0,2465.0,15419.0,9579.0,5846.0,0.0
drtp_img88_cacheonly_1024mb_500,500,250,9,0.5,100.0,d_lease,131,119,54.761309605632796,99.68719280410598,134.49903513230686,12458.0,2961.0,15419.0,9398.0,5766.0,256.0
drtp_img88_cacheonly_1024mb_500,500,250,9,1.0,10.0,c_lru,131,119,402.82786633838265,718.3553219816862,718.3553219816862,7025.0,7889.0,14914.0,14161.0,0.0,0.0
drtp_img88_cacheonly_1024mb_500,500,250,9,1.0,10.0,d_lease,131,119,302.23576421301317,529.4468373015873,539.075,5320.0,9594.0,14914.0,13379.0,887.0,512.0
drtp_img88_cacheonly_1024mb_500,500,250,9,1.0,30.0,c_lru,131,119,136.3152501110768,249.87946554187937,249.87946554187937,7025.0,7889.0,14914.0,14161.0,0.0,0.0
drtp_img88_cacheonly_1024mb_500,500,250,9,1.0,30.0,d_lease,131,119,102.89577437967331,186.907726776896,187.36977322310412,5320.0,9594.0,14914.0,12492.0,1494.0,512.0
drtp_img88_cacheonly_1024mb_500,500,250,9,1.0,100.0,c_lru,131,119,42.083256795401134,84.52093185755528,84.52093185755528,7025.0,7889.0,14914.0,14161.0,0.0,0.0
drtp_img88_cacheonly_1024mb_500,500,250,9,1.0,100.0,d_lease,131,119,33.18350241937966,66.70226982939603,75.02939683727068,5636.0,9278.0,14914.0,13369.0,607.0,512.0
drtp_img88_cacheonly_1024mb_500,500,250,9,2.0,10.0,c_lru,131,119,55.98268914622677,254.0,279.16249999999997,2679.0,5658.0,8337.0,8406.0,0.0,0.0
drtp_img88_cacheonly_1024mb_500,500,250,9,2.0,10.0,d_lease,131,119,45.7713434753423,211.6056429523809,253.84999999999994,2454.0,5883.0,8337.0,8386.0,0.0,792.0
drtp_img88_cacheonly_1024mb_500,500,250,9,2.0,30.0,c_lru,131,119,17.71150548651243,77.16666666666667,93.06250000000001,2454.0,5883.0,8337.0,8388.0,0.0,0.0
drtp_img88_cacheonly_1024mb_500,500,250,9,2.0,30.0,d_lease,131,119,15.73310214342764,70.62618097949735,90.5952391646164,2454.0,5883.0,8337.0,7655.0,0.0,792.0
drtp_img88_cacheonly_1024mb_500,500,250,9,2.0,100.0,c_lru,131,119,6.115675312779615,27.84894022821365,36.29894022821365,2454.0,5883.0,8337.0,8371.0,0.0,0.0
drtp_img88_cacheonly_1024mb_500,500,250,9,2.0,100.0,d_lease,131,119,5.470707383729148,25.66178444444444,35.66013637037037,2455.0,5882.0,8337.0,7350.0,0.0,792.0
drtp_img88_cacheonly_1024mb_500,500,250,10,0.5,10.0,c_lru,130,120,565.5460517676449,1041.1000000000001,1218.5000000000002,12185.0,3563.0,15748.0,10463.0,5875.0,0.0
drtp_img88_cacheonly_1024mb_500,500,250,10,0.5,10.0,d_lease,130,120,541.0837347252744,1043.9,1221.3000000000002,12213.0,3535.0,15748.0,10115.0,5875.0,248.0
drtp_img88_cacheonly_1024mb_500,500,250,10,0.5,30.0,c_lru,130,120,189.16678590346976,347.0333333333333,406.16666666666663,12185.0,3563.0,15748.0,10463.0,5875.0,0.0
drtp_img88_cacheonly_1024mb_500,500,250,10,0.5,30.0,d_lease,130,120,180.35632105064798,347.9666666666667,407.1,12213.0,3535.0,15748.0,10073.0,5875.0,248.0
drtp_img88_cacheonly_1024mb_500,500,250,10,0.5,100.0,c_lru,130,120,58.06089284931077,113.59249009770747,139.4633234310408,12188.0,3560.0,15748.0,10491.0,5875.0,0.0
drtp_img88_cacheonly_1024mb_500,500,250,10,0.5,100.0,d_lease,130,120,53.70205987615913,111.91089891441054,137.78173224774386,12116.0,3632.0,15748.0,10052.0,5875.0,248.0
drtp_img88_cacheonly_1024mb_500,500,250,10,1.0,10.0,c_lru,128,122,388.2627408736737,595.7521585732266,595.7521585732266,5953.0,7567.0,13520.0,11681.0,0.0,0.0
drtp_img88_cacheonly_1024mb_500,500,250,10,1.0,10.0,d_lease,128,122,360.13611010419953,553.6967164550263,579.6999999999997,5797.0,7723.0,13520.0,10930.0,1105.0,466.0
drtp_img88_cacheonly_1024mb_500,500,250,10,1.0,30.0,c_lru,128,122,133.70946727729597,218.66850474825637,218.66850474825637,5953.0,7567.0,13520.0,11681.0,0.0,0.0
drtp_img88_cacheonly_1024mb_500,500,250,10,1.0,30.0,d_lease,128,122,124.25608171055175,205.99645768298075,212.4918964947091,5797.0,7723.0,13520.0,10971.0,468.0,466.0
drtp_img88_cacheonly_1024mb_500,500,250,10,1.0,100.0,c_lru,128,122,47.34345043874356,96.62051055900452,96.62051055900452,6416.0,7104.0,13520.0,11681.0,0.0,0.0
drtp_img88_cacheonly_1024mb_500,500,250,10,1.0,100.0,d_lease,128,122,38.78356029904671,68.62999386981035,83.4133272031437,5797.0,7723.0,13520.0,10971.0,468.0,480.0
drtp_img88_cacheonly_1024mb_500,500,250,10,2.0,10.0,c_lru,127,123,35.97419660433071,156.24502976190473,195.18749999999997,1841.0,5603.0,7444.0,6269.0,0.0,0.0
drtp_img88_cacheonly_1024mb_500,500,250,10,2.0,10.0,d_lease,127,123,30.011319210098748,121.60000000000002,169.28750000000002,1582.0,5862.0,7444.0,6289.0,0.0,404.0
drtp_img88_cacheonly_1024mb_500,500,250,10,2.0,30.0,c_lru,127,123,13.236092796994136,53.80000000000002,72.4541666666667,1841.0,5603.0,7444.0,6267.0,0.0,0.0
drtp_img88_cacheonly_1024mb_500,500,250,10,2.0,30.0,d_lease,127,123,11.450062469274663,45.812818121693084,63.8208333333333,1582.0,5862.0,7444.0,6354.0,0.0,404.0
drtp_img88_cacheonly_1024mb_500,500,250,10,2.0,100.0,c_lru,127,123,5.455456548547635,20.737888405039982,30.73692810508011,1616.0,5828.0,7444.0,6087.0,0.0,0.0
drtp_img88_cacheonly_1024mb_500,500,250,10,2.0,100.0,d_lease,127,123,5.174419206054647,21.44453680968915,30.468007991622574,1694.0,5750.0,7444.0,6006.0,0.0,404.0
drtp_img88_cacheonly_1024mb_500,500,250,11,0.5,10.0,c_lru,134,116,560.9931933657958,988.3000000000002,1077.0000000000002,10770.0,3985.0,14755.0,10948.0,4101.0,0.0
drtp_img88_cacheonly_1024mb_500,500,250,11,0.5,10.0,d_lease,134,116,525.4164266643961,990.6999999999999,1079.3999999999999,10794.0,3961.0,14755.0,9823.0,5171.0,248.0
drtp_img88_cacheonly_1024mb_500,500,250,11,0.5,30.0,c_lru,134,116,187.17026479122808,329.4333333333333,358.99999999999994,10770.0,3985.0,14755.0,10948.0,4101.0,0.0
drtp_img88_cacheonly_1024mb_500,500,250,11,0.5,30.0,d_lease,134,116,173.31605784141485,323.5666666666667,353.1333333333334,10594.0,4161.0,14755.0,9621.0,5373.0,248.0
drtp_img88_cacheonly_1024mb_500,500,250,11,0.5,100.0,c_lru,134,116,55.01643068380711,99.83673123212373,110.92423123212373,10315.0,4440.0,14755.0,10948.0,4101.0,0.0
drtp_img88_cacheonly_1024mb_500,500,250,11,0.5,100.0,d_lease,134,116,54.02072955210613,101.46512384574103,112.55262384574104,10421.0,4334.0,14755.0,9757.0,5171.0,256.0
drtp_img88_cacheonly_1024mb_500,500,250,11,1.0,10.0,c_lru,133,117,327.7578966248292,563.5029531893002,580.1833333333332,5654.0,6124.0,11778.0,10049.0,0.0,0.0
drtp_img88_cacheonly_1024mb_500,500,250,11,1.0,10.0,d_lease,133,117,300.74695622986036,532.6748214285714,537.4001190476189,5089.0,6689.0,11778.0,10201.0,0.0,512.0
drtp_img88_cacheonly_1024mb_500,500,250,11,1.0,30.0,c_lru,133,117,110.8478068983931,198.78048214285715,207.83391798941798,5654.0,6124.0,11778.0,10049.0,0.0,0.0
drtp_img88_cacheonly_1024mb_500,500,250,11,1.0,30.0,d_lease,133,117,103.04848365954575,194.8702645502646,203.3040608465609,5089.0,6689.0,11778.0,10660.0,0.0,512.0
drtp_img88_cacheonly_1024mb_500,500,250,11,1.0,100.0,c_lru,133,117,35.11989712662794,69.89359930409167,84.676932637425,5608.0,6170.0,11778.0,10145.0,0.0,0.0
drtp_img88_cacheonly_1024mb_500,500,250,11,1.0,100.0,d_lease,133,117,32.3965317591805,66.63640950121251,80.88102866181659,5262.0,6516.0,11778.0,10249.0,0.0,512.0
drtp_img88_cacheonly_1024mb_500,500,250,11,2.0,10.0,c_lru,134,116,54.66335200923954,234.71706025396827,256.50000000000006,2565.0,2454.0,5019.0,5860.0,0.0,0.0
drtp_img88_cacheonly_1024mb_500,500,250,11,2.0,10.0,d_lease,134,116,59.74668268590083,233.2190438988095,256.49999999999994,2565.0,2454.0,5019.0,4974.0,0.0,898.0
drtp_img88_cacheonly_1024mb_500,500,250,11,2.0,30.0,c_lru,134,116,18.36318899722371,79.68990099512887,85.49999999999999,2565.0,2454.0,5019.0,5860.0,0.0,0.0
drtp_img88_cacheonly_1024mb_500,500,250,11,2.0,30.0,d_lease,134,116,20.1230849031751,77.83773984650574,85.5,2565.0,2454.0,5019.0,4998.0,0.0,898.0
drtp_img88_cacheonly_1024mb_500,500,250,11,2.0,100.0,c_lru,134,116,5.783802213992637,25.43498577019892,25.793723195176025,2565.0,2454.0,5019.0,5860.0,0.0,0.0
drtp_img88_cacheonly_1024mb_500,500,250,11,2.0,100.0,d_lease,134,116,6.24809127945557,23.576925780057877,29.793592446724546,2567.0,2452.0,5019.0,5636.0,0.0,898.0
drtp_img88_cacheonly_1024mb_500,500,250,12,0.5,10.0,c_lru,130,120,584.9635729580939,1226.7000000000003,1226.7000000000003,12267.0,3001.0,15268.0,10037.0,5875.0,0.0
drtp_img88_cacheonly_1024mb_500,500,250,12,0.5,10.0,d_lease,130,120,542.7462846855925,1077.0000000000005,1165.7000000000005,11657.0,3611.0,15268.0,9724.0,5875.0,251.0
drtp_img88_cacheonly_1024mb_500,500,250,12,0.5,30.0,c_lru,130,120,195.09662396322068,408.86666666666673,408.86666666666673,12266.0,3002.0,15268.0,10037.0,5875.0,0.0
drtp_img88_cacheonly_1024mb_500,500,250,12,0.5,30.0,d_lease,130,120,181.15740435799344,359.00000000000006,388.5666666666667,11657.0,3611.0,15268.0,9724.0,5875.0,253.0
drtp_img88_cacheonly_1024mb_500,500,250,12,0.5,100.0,c_lru,130,120,61.81792087656631,138.88415812745333,138.88415812745333,12013.0,3255.0,15268.0,9666.0,6269.0,0.0
drtp_img88_cacheonly_1024mb_500,500,250,12,0.5,100.0,d_lease,130,120,57.2496621344837,122.02863707520686,136.8119704085402,12071.0,3197.0,15268.0,9841.0,5875.0,251.0
drtp_img88_cacheonly_1024mb_500,500,250,12,1.0,10.0,c_lru,131,119,359.213581292731,653.9714174262698,657.0312655213343,6381.0,7680.0,14061.0,13093.0,0.0,0.0
drtp_img88_cacheonly_1024mb_500,500,250,12,1.0,10.0,d_lease,131,119,298.7402561750274,547.2986051587301,557.5999999999999,5442.0,8619.0,14061.0,11541.0,1774.0,512.0
drtp_img88_cacheonly_1024mb_500,500,250,12,1.0,30.0,c_lru,131,119,123.4204288952853,235.68468803552372,237.6860585753519,6412.0,7649.0,14061.0,13094.0,0.0,0.0
drtp_img88_cacheonly_1024mb_500,500,250,12,1.0,30.0,d_lease,131,119,104.8798678667719,189.58246672426145,203.8714849947641,5692.0,8369.0,14061.0,11321.0,2209.0,512.0
drtp_img88_cacheonly_1024mb_500,500,250,12,1.0,100.0,c_lru,131,119,42.37428288865649,88.02010199841405,99.10760199841405,6470.0,7591.0,14061.0,13135.0,0.0,0.0
drtp_img88_cacheonly_1024mb_500,500,250,12,1.0,100.0,d_lease,131,119,36.31592093588746,73.67032877539206,84.75782877539207,5658.0,8403.0,14061.0,11878.0,1322.0,512.0
drtp_img88_cacheonly_1024mb_500,500,250,12,2.0,10.0,c_lru,132,118,29.71263197450698,169.76575396825396,226.6833333333333,2139.0,3610.0,5749.0,5109.0,0.0,0.0
drtp_img88_cacheonly_1024mb_500,500,250,12,2.0,10.0,d_lease,132,118,24.14497234247234,166.54193121693123,183.01666666666668,1768.0,3981.0,5749.0,4851.0,0.0,754.0
drtp_img88_cacheonly_1024mb_500,500,250,12,2.0,30.0,c_lru,132,118,10.304931457431453,55.80999999999999,84.08333333333331,2139.0,3610.0,5749.0,5107.0,0.0,0.0
drtp_img88_cacheonly_1024mb_500,500,250,12,2.0,30.0,d_lease,132,118,8.449160223932445,51.16419858906523,65.14999999999996,1768.0,3981.0,5749.0,4850.0,0.0,754.0
drtp_img88_cacheonly_1024mb_500,500,250,12,2.0,100.0,c_lru,132,118,3.7197800595786186,20.50543418627278,37.99083749184942,2139.0,3610.0,5749.0,5136.0,0.0,0.0
drtp_img88_cacheonly_1024mb_500,500,250,12,2.0,100.0,d_lease,132,118,3.4250436907656825,19.141309876543215,38.37464320987655,1768.0,3981.0,5749.0,4878.0,0.0,754.0
drtp_img88_cacheonly_1024mb_500,500,250,13,0.5,10.0,c_lru,133,117,600.1530882855453,1154.2000000000003,1154.2000000000003,11542.0,2601.0,14143.0,8986.0,4988.0,0.0
drtp_img88_cacheonly_1024mb_500,500,250,13,0.5,10.0,d_lease,133,117,520.6510069817404,1148.4999999999998,1148.4999999999998,11485.0,2658.0,14143.0,9293.0,4988.0,251.0
drtp_img88_cacheonly_1024mb_500,500,250,13,0.5,30.0,c_lru,133,117,200.0163600401468,384.66666666666663,384.66666666666663,11540.0,2603.0,14143.0,9005.0,4988.0,0.0
drtp_img88_cacheonly_1024mb_500,500,250,13,0.5,30.0,d_lease,133,117,173.41876232247282,382.83333333333337,382.83333333333337,11485.0,2658.0,14143.0,9293.0,4988.0,251.0
drtp_img88_cacheonly_1024mb_500,500,250,13,0.5,100.0,c_lru,133,117,61.877139089484366,131.7038938760198,131.7038938760198,11496.0,2647.0,14143.0,9005.0,4988.0,0.0
drtp_img88_cacheonly_1024mb_500,500,250,13,0.5,100.0,d_lease,133,117,52.742297332576925,126.7262845414462,126.7262845414462,11485.0,2658.0,14143.0,9321.0,4988.0,251.0
drtp_img88_cacheonly_1024mb_500,500,250,13,1.0,10.0,c_lru,131,119,325.86956282500773,639.4200000000001,639.4200000000001,5862.0,10095.0,15957.0,16094.0,0.0,0.0
drtp_img88_cacheonly_1024mb_500,500,250,13,1.0,10.0,d_lease,131,119,294.7962994179896,583.1200000000002,583.1200000000002,5299.0,10658.0,15957.0,15788.0,202.0,506.0
drtp_img88_cacheonly_1024mb_500,500,250,13,1.0,30.0,c_lru,131,119,112.06900806819631,233.09749999999994,236.79333333333327,5862.0,10095.0,15957.0,16087.0,0.0,0.0
drtp_img88_cacheonly_1024mb_500,500,250,13,1.0,30.0,d_lease,131,119,101.32971818676377,214.3308333333333,218.0266666666666,5299.0,10658.0,15957.0,15788.0,202.0,510.0
drtp_img88_cacheonly_1024mb_500,500,250,13,1.0,100.0,c_lru,131,119,40.24149452665549,98.49294134992432,98.49294134992432,5755.0,10202.0,15957.0,15789.0,200.0,0.0
drtp_img88_cacheonly_1024mb_500,500,250,13,1.0,100.0,d_lease,131,119,34.8224740198458,94.17104828880849,94.17104828880849,5327.0,10630.0,15957.0,15788.0,202.0,506.0
drtp_img88_cacheonly_1024mb_500,500,250,13,2.0,10.0,c_lru,132,118,45.524304709395544,167.28022420634923,190.52500000000003,1777.0,6109.0,7886.0,6132.0,0.0,0.0
drtp_img88_cacheonly_1024mb_500,500,250,13,2.0,10.0,d_lease,132,118,38.62326554232805,166.20136904761907,190.52500000000006,1777.0,6109.0,7886.0,5995.0,0.0,571.0
drtp_img88_cacheonly_1024mb_500,500,250,13,2.0,30.0,c_lru,132,118,16.26784247031492,58.61708716931216,72.05833333333331,1777.0,6109.0,7886.0,6132.0,0.0,0.0
drtp_img88_cacheonly_1024mb_500,500,250,13,2.0,30.0,d_lease,132,118,14.597587603465213,55.52420081018518,72.05833333333334,1777.0,6109.0,7886.0,6007.0,0.0,571.0
drtp_img88_cacheonly_1024mb_500,500,250,13,2.0,100.0,c_lru,132,118,5.9407261301045144,25.22381470127194,33.56387169668558,1777.0,6109.0,7886.0,6122.0,0.0,0.0
drtp_img88_cacheonly_1024mb_500,500,250,13,2.0,100.0,d_lease,132,118,5.725381351273151,29.211600125000004,34.989332277777784,1777.0,6109.0,7886.0,6020.0,0.0,571.0
drtp_img88_cacheonly_1024mb_500,500,250,14,0.5,10.0,c_lru,134,116,592.6234844917867,1088.6,1177.3,11773.0,4913.0,16686.0,11926.0,4879.0,0.0
drtp_img88_cacheonly_1024mb_500,500,250,14,0.5,10.0,d_lease,134,116,559.0598015873012,1076.2,1164.9,11649.0,5037.0,16686.0,10737.0,5419.0,252.0
drtp_img88_cacheonly_1024mb_500,500,250,14,0.5,30.0,c_lru,134,116,196.7982482145075,362.8666666666667,392.43333333333334,11773.0,4913.0,16686.0,12085.0,4654.0,0.0
drtp_img88_cacheonly_1024mb_500,500,250,14,0.5,30.0,d_lease,134,116,186.35470600124376,358.7333333333332,388.29999999999984,11649.0,5037.0,16686.0,10737.0,5419.0,252.0
drtp_img88_cacheonly_1024mb_500,500,250,14,0.5,100.0,c_lru,134,116,60.9344657495421,114.52843593774607,125.61593593774607,11520.0,5166.0,16686.0,11711.0,5048.0,0.0
drtp_img88_cacheonly_1024mb_500,500,250,14,0.5,100.0,d_lease,134,116,57.55992209279192,116.87296214827934,127.96046214827935,12233.0,4453.0,16686.0,10517.0,5644.0,252.0
drtp_img88_cacheonly_1024mb_500,500,250,14,1.0,10.0,c_lru,133,117,330.19587816465776,671.6100000000001,671.6100000000001,6450.0,8164.0,14614.0,14341.0,0.0,0.0
drtp_img88_cacheonly_1024mb_500,500,250,14,1.0,10.0,d_lease,133,117,220.57367572204325,593.9999999999999,611.7399999999999,5940.0,8674.0,14614.0,13519.0,887.0,512.0
drtp_img88_cacheonly_1024mb_500,500,250,14,1.0,30.0,c_lru,133,117,111.11331418568827,239.53333333333336,257.27333333333337,7186.0,7428.0,14614.0,13318.0,887.0,0.0
drtp_img88_cacheonly_1024mb_500,500,250,14,1.0,30.0,d_lease,133,117,73.92437894351869,198.00000000000006,215.74000000000007,5940.0,8674.0,14614.0,13708.0,887.0,512.0
drtp_img88_cacheonly_1024mb_500,500,250,14,1.0,100.0,c_lru,133,117,36.0864037337882,84.32923794392963,95.41673794392963,6665.0,7949.0,14614.0,14343.0,0.0,0.0
drtp_img88_cacheonly_1024mb_500,500,250,14,1.0,100.0,d_lease,133,117,22.563952368794048,56.61978879922255,71.67554396981373,5424.0,9190.0,14614.0,14628.0,371.0,512.0
drtp_img88_cacheonly_1024mb_500,500,250,14,2.0,10.0,c_lru,133,117,54.55159758075746,307.18681349206355,316.5,3165.0,5007.0,8172.0,7972.0,0.0,0.0
drtp_img88_cacheonly_1024mb_500,500,250,14,2.0,10.0,d_lease,133,117,44.77127590628355,243.16747023809506,249.23380714285705,2459.0,5713.0,8172.0,8353.0,0.0,467.0
drtp_img88_cacheonly_1024mb_500,500,250,14,2.0,30.0,c_lru,133,117,18.51013765333378,102.38785831053978,108.37255950346544,3131.0,5041.0,8172.0,7938.0,0.0,0.0
drtp_img88_cacheonly_1024mb_500,500,250,14,2.0,30.0,d_lease,133,117,15.28329845746559,82.13230803240742,86.28980803240742,2459.0,5713.0,8172.0,8566.0,0.0,467.0
drtp_img88_cacheonly_1024mb_500,500,250,14,2.0,100.0,c_lru,133,117,5.956741137683889,31.127257898030663,38.00408585397287,3103.0,5069.0,8172.0,7373.0,0.0,0.0
drtp_img88_cacheonly_1024mb_500,500,250,14,2.0,100.0,d_lease,133,117,4.930687464640446,26.575919424074076,33.49852169991367,2610.0,5562.0,8172.0,8708.0,0.0,467.0
drtp_img88_cacheonly_1024mb_500,500,250,15,0.5,10.0,c_lru,131,119,638.190087052907,1222.1,1310.8,13108.0,3831.0,16939.0,10889.0,6428.0,0.0
drtp_img88_cacheonly_1024mb_500,500,250,15,0.5,10.0,d_lease,131,119,583.0759227930163,1211.8,1300.5,13005.0,3934.0,16939.0,11000.0,6428.0,225.0
drtp_img88_cacheonly_1024mb_500,500,250,15,0.5,30.0,c_lru,131,119,215.5973600188754,410.29999999999995,439.8666666666666,13196.0,3743.0,16939.0,10924.0,6428.0,0.0
drtp_img88_cacheonly_1024mb_500,500,250,15,0.5,30.0,d_lease,131,119,193.8608133892042,403.9333333333333,433.49999999999994,13005.0,3934.0,16939.0,11000.0,6428.0,225.0
drtp_img88_cacheonly_1024mb_500,500,250,15,0.5,100.0,c_lru,131,119,66.57238863269559,133.84778172955703,148.63111506289036,13108.0,3831.0,16939.0,10863.0,6428.0,0.0
drtp_img88_cacheonly_1024mb_500,500,250,15,0.5,100.0,d_lease,131,119,59.50877251992227,128.0335094628688,142.81684279620214,13007.0,3932.0,16939.0,10902.0,6428.0,239.0
drtp_img88_cacheonly_1024mb_500,500,250,15,1.0,10.0,c_lru,127,123,473.46303594349706,718.8500000000001,718.8500000000001,6745.0,8648.0,15393.0,13390.0,0.0,0.0
drtp_img88_cacheonly_1024mb_500,500,250,15,1.0,10.0,d_lease,127,123,386.1460476151422,599.125,616.1455848214284,6085.0,9308.0,15393.0,11314.0,1774.0,482.0
drtp_img88_cacheonly_1024mb_500,500,250,15,1.0,30.0,c_lru,127,123,161.60368450445574,262.5308333333333,266.22666666666663,6745.0,8648.0,15393.0,13479.0,0.0,0.0
drtp_img88_cacheonly_1024mb_500,500,250,15,1.0,30.0,d_lease,127,123,136.8740593467966,224.54267539328225,224.54267539328225,6085.0,9308.0,15393.0,12619.0,468.0,482.0
drtp_img88_cacheonly_1024mb_500,500,250,15,1.0,100.0,c_lru,127,123,53.613430945195155,101.07255389936896,104.76838723270228,6745.0,8648.0,15393.0,13479.0,0.0,0.0
drtp_img88_cacheonly_1024mb_500,500,250,15,1.0,100.0,d_lease,127,123,47.10993547744914,88.11761602312288,99.20511602312288,6638.0,8755.0,15393.0,12661.0,468.0,482.0
drtp_img88_cacheonly_1024mb_500,500,250,15,2.0,10.0,c_lru,132,118,43.64957874979956,262.3999999999998,269.31249999999983,2624.0,2627.0,5251.0,5205.0,0.0,0.0
drtp_img88_cacheonly_1024mb_500,500,250,15,2.0,10.0,d_lease,132,118,42.35753509800383,262.3999999999999,269.31249999999994,2624.0,2627.0,5251.0,5203.0,0.0,776.0
drtp_img88_cacheonly_1024mb_500,500,250,15,2.0,30.0,c_lru,132,118,15.03969950056931,87.46666666666665,94.37916666666665,2624.0,2627.0,5251.0,5205.0,0.0,0.0
drtp_img88_cacheonly_1024mb_500,500,250,15,2.0,30.0,d_lease,132,118,14.49837526242084,87.46666666666667,94.37916666666666,2624.0,2627.0,5251.0,5203.0,0.0,776.0
drtp_img88_cacheonly_1024mb_500,500,250,15,2.0,100.0,c_lru,132,118,6.057467204578231,28.645185185185177,35.55768518518518,2849.0,2402.0,5251.0,4430.0,0.0,0.0
drtp_img88_cacheonly_1024mb_500,500,250,15,2.0,100.0,d_lease,132,118,4.8072104517396195,26.385,33.2975,2624.0,2627.0,5251.0,5243.0,0.0,776.0
drtp_img88_cacheonly_1024mb_500,500,250,16,0.5,10.0,c_lru,130,120,675.0925351582373,1406.9000000000003,1406.9000000000003,14069.0,5421.0,19490.0,12877.0,6762.0,0.0
drtp_img88_cacheonly_1024mb_500,500,250,16,0.5,10.0,d_lease,130,120,606.8157495039683,1427.6000000000004,1427.6000000000004,14276.0,5214.0,19490.0,12592.0,7067.0,250.0
drtp_img88_cacheonly_1024mb_500,500,250,16,0.5,30.0,c_lru,130,120,211.37890228011028,464.93333333333334,464.93333333333334,13948.0,5542.0,19490.0,12854.0,6762.0,0.0
drtp_img88_cacheonly_1024mb_500,500,250,16,0.5,30.0,d_lease,130,120,204.56827177998565,488.9999999999999,488.9999999999999,14670.0,4820.0,19490.0,12675.0,7067.0,250.0
drtp_img88_cacheonly_1024mb_500,500,250,16,0.5,100.0,c_lru,130,120,69.84411942937176,170.82394152692052,170.82394152692052,14393.0,5097.0,19490.0,12004.0,7438.0,0.0
drtp_img88_cacheonly_1024mb_500,500,250,16,0.5,100.0,d_lease,130,120,61.51579479432882,165.3321921632007,165.3321921632007,14398.0,5092.0,19490.0,12224.0,7438.0,253.0
drtp_img88_cacheonly_1024mb_500,500,250,16,1.0,10.0,c_lru,128,122,315.71436845961506,673.0500000000001,673.0500000000001,6287.0,9001.0,15288.0,14735.0,530.0,0.0
drtp_img88_cacheonly_1024mb_500,500,250,16,1.0,10.0,d_lease,128,122,233.20148752633025,589.9823631090167,642.9399999999999,6252.0,9036.0,15288.0,14412.0,1774.0,481.0
drtp_img88_cacheonly_1024mb_500,500,250,16,1.0,30.0,c_lru,128,122,108.09376251309317,250.96000000000004,250.96000000000004,6287.0,9001.0,15288.0,14752.0,530.0,0.0
drtp_img88_cacheonly_1024mb_500,500,250,16,1.0,30.0,d_lease,128,122,79.09382352482221,199.1563516313933,226.14000000000001,6252.0,9036.0,15288.0,15775.0,887.0,506.0
drtp_img88_cacheonly_1024mb_500,500,250,16,1.0,100.0,c_lru,128,122,34.74024837716763,91.0431483878455,102.13064838784551,6340.0,8948.0,15288.0,15254.0,0.0,0.0
drtp_img88_cacheonly_1024mb_500,500,250,16,1.0,100.0,d_lease,128,122,25.630936452672454,63.759886419507936,75.77548897272509,5895.0,9393.0,15288.0,13770.0,1417.0,481.0
drtp_img88_cacheonly_1024mb_500,500,250,16,2.0,10.0,c_lru,130,120,34.26619460927961,202.29191111111112,234.26666666666668,2157.0,4744.0,6901.0,5652.0,0.0,0.0
drtp_img88_cacheonly_1024mb_500,500,250,16,2.0,10.0,d_lease,130,120,30.69429832112332,191.82447321428572,210.9235816798942,1956.0,4945.0,6901.0,5623.0,0.0,461.0
drtp_img88_cacheonly_1024mb_500,500,250,16,2.0,30.0,c_lru,130,120,11.926196536680916,67.51067542989419,90.46666666666667,2157.0,4744.0,6901.0,5652.0,0.0,0.0
drtp_img88_cacheonly_1024mb_500,500,250,16,2.0,30.0,d_lease,130,120,10.94496794871795,65.16620535714286,83.97647255291005,1956.0,4945.0,6901.0,5623.0,0.0,461.0
drtp_img88_cacheonly_1024mb_500,500,250,16,2.0,100.0,c_lru,130,120,4.310293468080145,23.70216448974868,41.668231673721344,2183.0,4718.0,6901.0,5623.0,0.0,0.0
drtp_img88_cacheonly_1024mb_500,500,250,16,2.0,100.0,d_lease,130,120,3.9026971490893376,21.448077711640213,40.01474437830688,2183.0,4718.0,6901.0,5649.0,0.0,461.0
drtp_img88_cacheonly_1024mb_500,500,250,17,0.5,10.0,c_lru,131,119,661.7374667092134,1298.4000000000003,1298.4000000000003,12984.0,3999.0,16983.0,12393.0,4988.0,0.0
drtp_img88_cacheonly_1024mb_500,500,250,17,0.5,10.0,d_lease,131,119,539.8235316854481,1216.5000000000002,1216.5000000000002,12165.0,4818.0,16983.0,11474.0,5382.0,256.0
drtp_img88_cacheonly_1024mb_500,500,250,17,0.5,30.0,c_lru,131,119,220.64647942745736,432.8,432.8,12984.0,3999.0,16983.0,12393.0,4988.0,0.0
drtp_img88_cacheonly_1024mb_500,500,250,17,0.5,30.0,d_lease,131,119,179.89023666496672,405.0333333333333,405.0333333333333,12151.0,4832.0,16983.0,11368.0,5382.0,256.0
drtp_img88_cacheonly_1024mb_500,500,250,17,0.5,100.0,c_lru,131,119,67.8003152801042,138.83604440470714,138.83604440470714,13092.0,3891.0,16983.0,12414.0,4988.0,0.0
drtp_img88_cacheonly_1024mb_500,500,250,17,0.5,100.0,d_lease,131,119,55.64522875851662,133.12508076283757,133.12508076283757,12100.0,4883.0,16983.0,11481.0,5382.0,256.0
drtp_img88_cacheonly_1024mb_500,500,250,17,1.0,10.0,c_lru,132,118,408.64172386179905,735.7843234539388,742.9539191365157,7110.0,9209.0,16319.0,15489.0,0.0,0.0
drtp_img88_cacheonly_1024mb_500,500,250,17,1.0,10.0,d_lease,132,118,358.03876529006266,697.2199999999998,697.2199999999998,6440.0,9879.0,16319.0,15544.0,0.0,480.0
drtp_img88_cacheonly_1024mb_500,500,250,17,1.0,30.0,c_lru,132,118,141.6682309388833,273.78333333333336,283.11513599937166,7110.0,9209.0,16319.0,15489.0,0.0,0.0
drtp_img88_cacheonly_1024mb_500,500,250,17,1.0,30.0,d_lease,132,118,121.78964735678815,256.06,256.06,6440.0,9879.0,16319.0,15449.0,0.0,480.0
drtp_img88_cacheonly_1024mb_500,500,250,17,1.0,100.0,c_lru,132,118,45.72278435545075,101.00245905220181,108.39412571886848,7110.0,9209.0,16319.0,15401.0,0.0,0.0
drtp_img88_cacheonly_1024mb_500,500,250,17,1.0,100.0,d_lease,132,118,41.71587629488609,114.78761142576218,114.78761142576218,7327.0,8992.0,16319.0,14568.0,887.0,480.0
drtp_img88_cacheonly_1024mb_500,500,250,17,2.0,10.0,c_lru,132,118,82.76202856879807,328.34186745323126,392.0,3920.0,4946.0,8866.0,8245.0,0.0,0.0
drtp_img88_cacheonly_1024mb_500,500,250,17,2.0,10.0,d_lease,132,118,53.416799242424226,234.79450396825396,248.8,2488.0,6378.0,8866.0,7681.0,0.0,944.0
drtp_img88_cacheonly_1024mb_500,500,250,17,2.0,30.0,c_lru,132,118,28.22706342505455,115.51115488293892,134.3278215496056,3986.0,4880.0,8866.0,8347.0,0.0,0.0
drtp_img88_cacheonly_1024mb_500,500,250,17,2.0,30.0,d_lease,132,118,18.69566042297981,82.93333333333338,98.55390773809528,2488.0,6378.0,8866.0,6980.0,0.0,944.0
drtp_img88_cacheonly_1024mb_500,500,250,17,2.0,100.0,c_lru,132,118,8.919888262996082,35.90502217104646,46.38295895974386,3885.0,4981.0,8866.0,7565.0,0.0,0.0
drtp_img88_cacheonly_1024mb_500,500,250,17,2.0,100.0,d_lease,132,118,6.506224582468564,33.757519114610886,46.290559499200825,2488.0,6378.0,8866.0,6862.0,0.0,994.0
drtp_img88_cacheonly_1024mb_500,500,250,18,0.5,10.0,c_lru,135,115,703.2490845700006,1194.7,1194.7,11947.0,3284.0,15231.0,10449.0,4873.0,0.0
drtp_img88_cacheonly_1024mb_500,500,250,18,0.5,10.0,d_lease,135,115,577.1540713639031,1192.3999999999999,1192.3999999999999,11924.0,3307.0,15231.0,10219.0,4873.0,252.0
drtp_img88_cacheonly_1024mb_500,500,250,18,0.5,30.0,c_lru,135,115,235.19375066576876,398.8666666666668,398.8666666666668,11966.0,3265.0,15231.0,10449.0,4873.0,0.0
drtp_img88_cacheonly_1024mb_500,500,250,18,0.5,30.0,d_lease,135,115,196.25803543797755,404.8333333333334,404.8333333333334,12145.0,3086.0,15231.0,10305.0,4873.0,255.0
drtp_img88_cacheonly_1024mb_500,500,250,18,0.5,100.0,c_lru,135,115,70.56490891864496,121.74046447816727,121.74046447816727,11966.0,3265.0,15231.0,10449.0,4873.0,0.0
drtp_img88_cacheonly_1024mb_500,500,250,18,0.5,100.0,d_lease,135,115,58.37035113993832,119.3370091345486,119.3370091345486,11918.0,3313.0,15231.0,10356.0,4873.0,255.0
drtp_img88_cacheonly_1024mb_500,500,250,18,1.0,10.0,c_lru,134,116,394.4226617363599,707.7019440196025,707.7019440196025,6927.0,6938.0,13865.0,12382.0,553.0,0.0
drtp_img88_cacheonly_1024mb_500,500,250,18,1.0,10.0,d_lease,134,116,351.9193160546474,701.9400000000004,701.9400000000004,6842.0,7023.0,13865.0,11921.0,887.0,508.0
drtp_img88_cacheonly_1024mb_500,500,250,18,1.0,30.0,c_lru,134,116,134.9364098599885,252.75987875833204,252.75987875833204,6927.0,6938.0,13865.0,12382.0,553.0,0.0
drtp_img88_cacheonly_1024mb_500,500,250,18,1.0,30.0,d_lease,134,116,118.35955396746436,245.80666666666667,245.80666666666667,6842.0,7023.0,13865.0,11921.0,887.0,508.0
drtp_img88_cacheonly_1024mb_500,500,250,18,1.0,100.0,c_lru,134,116,42.516968914528114,84.54009295817303,95.62759295817304,6927.0,6938.0,13865.0,13072.0,0.0,0.0
drtp_img88_cacheonly_1024mb_500,500,250,18,1.0,100.0,d_lease,134,116,37.03560241712233,86.37747878495004,97.46497878495005,6843.0,7022.0,13865.0,11921.0,887.0,508.0
drtp_img88_cacheonly_1024mb_500,500,250,18,2.0,10.0,c_lru,137,113,84.96445952091297,310.6608974867724,358.12865740740733,3576.0,5591.0,9167.0,8886.0,0.0,0.0
drtp_img88_cacheonly_1024mb_500,500,250,18,2.0,10.0,d_lease,137,113,85.62969024446761,319.7609126984127,331.02757936507936,3205.0,5962.0,9167.0,9017.0,0.0,572.0
drtp_img88_cacheonly_1024mb_500,500,250,18,2.0,30.0,c_lru,137,113,28.850154552514166,106.83333333333336,125.07653695410264,3576.0,5591.0,9167.0,8871.0,0.0,0.0
drtp_img88_cacheonly_1024mb_500,500,250,18,2.0,30.0,d_lease,137,113,29.194047943459605,108.09857142857139,118.31087301587293,3205.0,5962.0,9167.0,8961.0,0.0,599.0
drtp_img88_cacheonly_1024mb_500,500,250,18,2.0,100.0,c_lru,137,113,9.329724686987733,34.68527827768642,45.313634970276254,3776.0,5391.0,9167.0,8875.0,0.0,0.0
drtp_img88_cacheonly_1024mb_500,500,250,18,2.0,100.0,d_lease,137,113,9.59816344555233,38.796041126477704,45.24713581661528,3576.0,5591.0,9167.0,8705.0,0.0,599.0
drtp_img88_cacheonly_1024mb_500,500,250,19,0.5,10.0,c_lru,130,120,592.422214020909,1166.4,1166.4,11664.0,4454.0,16118.0,11662.0,5207.0,0.0
drtp_img88_cacheonly_1024mb_500,500,250,19,0.5,10.0,d_lease,130,120,556.4688601526252,1159.5,1159.5,11595.0,4523.0,16118.0,10782.0,5906.0,256.0
drtp_img88_cacheonly_1024mb_500,500,250,19,0.5,30.0,c_lru,130,120,197.5382921978233,388.8,388.8,11664.0,4454.0,16118.0,11662.0,5207.0,0.0
drtp_img88_cacheonly_1024mb_500,500,250,19,0.5,30.0,d_lease,130,120,183.99198529522994,383.69999999999993,383.69999999999993,11511.0,4607.0,16118.0,10916.0,5906.0,256.0
drtp_img88_cacheonly_1024mb_500,500,250,19,0.5,100.0,c_lru,130,120,60.840671469895334,121.5212649369283,121.5212649369283,11675.0,4443.0,16118.0,11354.0,5408.0,0.0
drtp_img88_cacheonly_1024mb_500,500,250,19,0.5,100.0,d_lease,130,120,55.705174982241,118.72734700516068,118.72734700516068,11513.0,4605.0,16118.0,10918.0,5817.0,256.0
drtp_img88_cacheonly_1024mb_500,500,250,19,1.0,10.0,c_lru,126,124,338.1371991175256,595.4126120751763,595.4126120751763,5785.0,7784.0,13569.0,11838.0,0.0,0.0
drtp_img88_cacheonly_1024mb_500,500,250,19,1.0,10.0,d_lease,126,124,330.73932878453826,572.5016276455026,572.5016276455026,5554.0,8015.0,13569.0,11530.0,371.0,512.0
drtp_img88_cacheonly_1024mb_500,500,250,19,1.0,30.0,c_lru,126,124,117.68565610141711,222.12372022806787,222.12372022806787,5785.0,7784.0,13569.0,11838.0,0.0,0.0
drtp_img88_cacheonly_1024mb_500,500,250,19,1.0,30.0,d_lease,126,124,113.65760725359907,213.26664573904657,214.8690678365668,5666.0,7903.0,13569.0,11549.0,371.0,512.0
drtp_img88_cacheonly_1024mb_500,500,250,19,1.0,100.0,c_lru,126,124,38.036030822688225,85.1253653244351,87.06503004757514,5872.0,7697.0,13569.0,11950.0,0.0,0.0
drtp_img88_cacheonly_1024mb_500,500,250,19,1.0,100.0,d_lease,126,124,36.20651787883428,76.68696628352053,91.1786329501872,5555.0,8014.0,13569.0,11744.0,309.0,512.0
drtp_img88_cacheonly_1024mb_500,500,250,19,2.0,10.0,c_lru,132,118,68.25400603254768,271.89999999999986,282.98749999999984,2719.0,4129.0,6848.0,5649.0,0.0,0.0
drtp_img88_cacheonly_1024mb_500,500,250,19,2.0,10.0,d_lease,132,118,58.60672002765754,255.50621031746041,272.8937103174603,2719.0,4129.0,6848.0,5651.0,0.0,515.0
drtp_img88_cacheonly_1024mb_500,500,250,19,2.0,30.0,c_lru,132,118,23.028265577400994,94.40893518518519,107.01898313492063,2719.0,4129.0,6848.0,5649.0,0.0,0.0
drtp_img88_cacheonly_1024mb_500,500,250,19,2.0,30.0,d_lease,132,118,19.947626833814322,85.03865079365076,102.42615079365076,2719.0,4129.0,6848.0,5651.0,0.0,515.0
drtp_img88_cacheonly_1024mb_500,500,250,19,2.0,100.0,c_lru,132,118,6.974879337579498,31.08735534271605,41.514119143209875,2719.0,4129.0,6848.0,5648.0,0.0,0.0
drtp_img88_cacheonly_1024mb_500,500,250,19,2.0,100.0,d_lease,132,118,6.4681226175444895,28.713785714285706,42.85661507936508,2719.0,4129.0,6848.0,5651.0,0.0,523.0
drtp_img88_cacheonly_1024mb_500,500,250,20,0.5,10.0,c_lru,128,122,596.2197405554816,1125.3000000000002,1214.0000000000002,12140.0,4824.0,16964.0,10778.0,5875.0,0.0
drtp_img88_cacheonly_1024mb_500,500,250,20,0.5,10.0,d_lease,128,122,590.5169131970283,1141.5000000000005,1230.2000000000005,12302.0,4662.0,16964.0,10743.0,5875.0,242.0
drtp_img88_cacheonly_1024mb_500,500,250,20,0.5,30.0,c_lru,128,122,198.55771825254806,375.0999999999999,404.6666666666666,12140.0,4824.0,16964.0,10778.0,5875.0,0.0
drtp_img88_cacheonly_1024mb_500,500,250,20,0.5,30.0,d_lease,128,122,196.89886114789405,380.50000000000006,410.0666666666667,12302.0,4662.0,16964.0,10743.0,5875.0,242.0
drtp_img88_cacheonly_1024mb_500,500,250,20,0.5,100.0,c_lru,128,122,61.95468605999154,127.60292164043686,142.3862549737702,12140.0,4824.0,16964.0,10832.0,5875.0,0.0
drtp_img88_cacheonly_1024mb_500,500,250,20,0.5,100.0,d_lease,128,122,61.3773148586378,128.00083293398026,142.7841662673136,12302.0,4662.0,16964.0,10746.0,5875.0,242.0
drtp_img88_cacheonly_1024mb_500,500,250,20,1.0,10.0,c_lru,128,122,450.99147725496977,707.2500000000003,707.2500000000003,6629.0,8537.0,15166.0,13403.0,0.0,0.0
drtp_img88_cacheonly_1024mb_500,500,250,20,1.0,10.0,d_lease,128,122,384.7210153149796,601.1247420634917,637.5999999999997,6376.0,8790.0,15166.0,13694.0,0.0,455.0
drtp_img88_cacheonly_1024mb_500,500,250,20,1.0,30.0,c_lru,128,122,154.33976983466528,262.3599999999999,262.3599999999999,6629.0,8537.0,15166.0,13403.0,0.0,0.0
drtp_img88_cacheonly_1024mb_500,500,250,20,1.0,30.0,d_lease,128,122,136.49734404451905,228.94999999999996,228.94999999999996,6376.0,8790.0,15166.0,12999.0,305.0,455.0
drtp_img88_cacheonly_1024mb_500,500,250,20,1.0,100.0,c_lru,128,122,51.723911413902336,104.11724267323335,104.11724267323335,6689.0,8477.0,15166.0,13403.0,0.0,0.0
drtp_img88_cacheonly_1024mb_500,500,250,20,1.0,100.0,d_lease,128,122,46.13626190496597,92.93188894884443,92.93188894884443,6376.0,8790.0,15166.0,12999.0,305.0,455.0
drtp_img88_cacheonly_1024mb_500,500,250,20,2.0,10.0,c_lru,131,119,68.47658050018846,330.2328640995495,338.4000000000001,3384.0,1328.0,4712.0,4114.0,0.0,0.0
drtp_img88_cacheonly_1024mb_500,500,250,20,2.0,10.0,d_lease,131,119,64.56950663395126,328.9,330.4855317460317,3289.0,1423.0,4712.0,4130.0,0.0,337.0
drtp_img88_cacheonly_1024mb_500,500,250,20,2.0,30.0,c_lru,131,119,22.888041015388342,109.5508396715167,112.79999999999995,3384.0,1328.0,4712.0,4114.0,0.0,0.0
drtp_img88_cacheonly_1024mb_500,500,250,20,2.0,30.0,d_lease,131,119,21.645168420237756,109.63333333333333,112.68348500881837,3289.0,1423.0,4712.0,4130.0,0.0,337.0
drtp_img88_cacheonly_1024mb_500,500,250,20,2.0,100.0,c_lru,131,119,6.939021972348994,32.19288551324221,35.06501192483343,3384.0,1328.0,4712.0,4114.0,0.0,0.0
drtp_img88_cacheonly_1024mb_500,500,250,20,2.0,100.0,d_lease,131,119,6.6264507098041445,32.63624154983587,36.31593961254102,3291.0,1421.0,4712.0,4130.0,0.0,337.0
drtp_img88_cacheonly_1024mb_1000,1000,500,6,0.5,10.0,c_lru,150,350,613.0839243951626,1063.3000000000002,1240.7000000000003,12407.0,5518.0,17925.0,13400.0,4988.0,0.0
drtp_img88_cacheonly_1024mb_1000,1000,500,6,0.5,10.0,d_lease,150,350,547.5295947248671,1065.0439999999999,1242.444,12424.0,5501.0,17925.0,11879.0,6297.0,256.0
drtp_img88_cacheonly_1024mb_1000,1000,500,6,0.5,30.0,c_lru,150,350,206.71550357241802,353.6,412.73333333333335,12382.0,5543.0,17925.0,13569.0,4988.0,0.0
drtp_img88_cacheonly_1024mb_1000,1000,500,6,0.5,30.0,d_lease,150,350,185.03857429873776,361.9440000000001,421.0773333333334,12631.0,5294.0,17925.0,11928.0,6147.0,256.0
drtp_img88_cacheonly_1024mb_1000,1000,500,6,0.5,100.0,c_lru,150,350,64.60497116207817,119.02003658210543,141.19503658210544,12477.0,5448.0,17925.0,13400.0,4988.0,0.0
drtp_img88_cacheonly_1024mb_1000,1000,500,6,0.5,100.0,d_lease,150,350,56.3973926782426,115.23867841129609,137.4136784112961,12646.0,5279.0,17925.0,11585.0,6452.0,256.0
drtp_img88_cacheonly_1024mb_1000,1000,500,6,1.0,10.0,c_lru,149,351,358.66772347942657,638.1399999999999,661.5885889207465,6598.0,6565.0,13163.0,12784.0,0.0,0.0
drtp_img88_cacheonly_1024mb_1000,1000,500,6,1.0,10.0,d_lease,149,351,299.20677581096174,543.4259646825407,575.8875000000005,5723.0,7440.0,13163.0,10903.0,1974.0,512.0
drtp_img88_cacheonly_1024mb_1000,1000,500,6,1.0,30.0,c_lru,149,351,119.94819503625199,219.3962031136361,219.93333333333337,6598.0,6565.0,13163.0,12784.0,0.0,0.0
drtp_img88_cacheonly_1024mb_1000,1000,500,6,1.0,30.0,d_lease,149,351,100.69670407267903,188.19013547807992,194.87806573885103,5723.0,7440.0,13163.0,10903.0,1974.0,512.0
drtp_img88_cacheonly_1024mb_1000,1000,500,6,1.0,100.0,c_lru,149,351,36.77254701816567,74.8079161607655,76.16662066422711,6533.0,6630.0,13163.0,12784.0,0.0,0.0
drtp_img88_cacheonly_1024mb_1000,1000,500,6,1.0,100.0,d_lease,149,351,32.46193485599765,68.27624716936813,77.45095031109895,6117.0,7046.0,13163.0,11678.0,1087.0,512.0
drtp_img88_cacheonly_1024mb_1000,1000,500,6,2.0,10.0,c_lru,150,350,50.989468556250095,197.06209764348876,239.10000000000002,2391.0,6892.0,9283.0,7574.0,0.0,0.0
drtp_img88_cacheonly_1024mb_1000,1000,500,6,2.0,10.0,d_lease,150,350,40.26822155346439,146.23690572562367,186.00000000000009,1791.0,7492.0,9283.0,7503.0,0.0,1024.0
drtp_img88_cacheonly_1024mb_1000,1000,500,6,2.0,30.0,c_lru,150,350,18.84802038018768,75.77670878862777,91.28333333333333,2194.0,7089.0,9283.0,7533.0,0.0,0.0
drtp_img88_cacheonly_1024mb_1000,1000,500,6,2.0,30.0,d_lease,150,350,14.549696576370367,57.44333733105458,69.08832534408921,1791.0,7492.0,9283.0,7545.0,0.0,1024.0
drtp_img88_cacheonly_1024mb_1000,1000,500,6,2.0,100.0,c_lru,150,350,6.453510081398997,26.61400372873592,37.4886550275756,2746.0,6537.0,9283.0,7495.0,0.0,0.0
drtp_img88_cacheonly_1024mb_1000,1000,500,6,2.0,100.0,d_lease,150,350,5.748544362714213,26.068817401136172,35.37950537652047,2502.0,6781.0,9283.0,7489.0,0.0,1024.0
drtp_img88_cacheonly_1024mb_1000,1000,500,7,0.5,10.0,c_lru,153,347,589.6061514432671,1299.2,1476.6000000000001,14766.0,4450.0,19216.0,12028.0,7649.0,0.0
drtp_img88_cacheonly_1024mb_1000,1000,500,7,0.5,10.0,d_lease,153,347,542.8196394495461,1289.2000000000003,1466.6000000000004,14666.0,4550.0,19216.0,11695.0,8043.0,251.0
drtp_img88_cacheonly_1024mb_1000,1000,500,7,0.5,30.0,c_lru,153,347,197.83704501256912,433.46666666666664,492.59999999999997,14778.0,4438.0,19216.0,11963.0,7649.0,0.0
drtp_img88_cacheonly_1024mb_1000,1000,500,7,0.5,30.0,d_lease,153,347,183.72552947127107,442.10000000000025,501.2333333333336,15037.0,4179.0,19216.0,11256.0,8414.0,252.0
drtp_img88_cacheonly_1024mb_1000,1000,500,7,0.5,100.0,c_lru,153,347,59.848285497404156,144.3768775756732,170.24771090900654,14508.0,4708.0,19216.0,11604.0,8043.0,0.0
drtp_img88_cacheonly_1024mb_1000,1000,500,7,0.5,100.0,d_lease,153,347,56.26677659094793,147.39367635800104,173.26450969133438,14839.0,4377.0,19216.0,10764.0,8641.0,252.0
drtp_img88_cacheonly_1024mb_1000,1000,500,7,1.0,10.0,c_lru,150,350,381.8977311674173,713.3012191284538,726.1249999999999,7104.0,8173.0,15277.0,13392.0,0.0,0.0
drtp_img88_cacheonly_1024mb_1000,1000,500,7,1.0,10.0,d_lease,150,350,264.53937990211637,619.6,642.8500000000001,6196.0,9081.0,15277.0,12172.0,1774.0,512.0
drtp_img88_cacheonly_1024mb_1000,1000,500,7,1.0,30.0,c_lru,150,350,129.5526870913384,260.74770669653884,271.8352066965389,7104.0,8173.0,15277.0,13392.0,0.0,0.0
drtp_img88_cacheonly_1024mb_1000,1000,500,7,1.0,30.0,d_lease,150,350,89.95907669157674,206.53333333333333,229.7833333333333,6196.0,9081.0,15277.0,12172.0,1774.0,512.0
drtp_img88_cacheonly_1024mb_1000,1000,500,7,1.0,100.0,c_lru,150,350,40.851433066921324,93.7610719399356,108.54440527326895,7119.0,8158.0,15277.0,13399.0,0.0,0.0
drtp_img88_cacheonly_1024mb_1000,1000,500,7,1.0,100.0,d_lease,150,350,30.026035299332772,67.51702395982143,85.02952395982142,6436.0,8841.0,15277.0,12124.0,1435.0,512.0
drtp_img88_cacheonly_1024mb_1000,1000,500,7,2.0,10.0,c_lru,153,347,39.14075149355212,229.44806539481033,268.5000000000001,2685.0,3236.0,5921.0,5888.0,0.0,0.0
drtp_img88_cacheonly_1024mb_1000,1000,500,7,2.0,10.0,d_lease,153,347,30.96815141612202,189.02376190476198,232.10000000000008,2321.0,3600.0,5921.0,6201.0,0.0,897.0
drtp_img88_cacheonly_1024mb_1000,1000,500,7,2.0,30.0,c_lru,153,347,13.613192121944566,74.98676464423933,90.43333333333335,2713.0,3208.0,5921.0,5677.0,0.0,0.0
drtp_img88_cacheonly_1024mb_1000,1000,500,7,2.0,30.0,d_lease,153,347,10.895740915410919,68.02627068948414,77.36666666666667,2321.0,3600.0,5921.0,6198.0,0.0,897.0
drtp_img88_cacheonly_1024mb_1000,1000,500,7,2.0,100.0,c_lru,153,347,4.486985221114226,24.6118278501766,32.3743278501766,2619.0,3302.0,5921.0,5602.0,0.0,0.0
drtp_img88_cacheonly_1024mb_1000,1000,500,7,2.0,100.0,d_lease,153,347,3.710370238920696,20.239832581018522,30.47006654437556,2321.0,3600.0,5921.0,6321.0,0.0,897.0
drtp_img88_cacheonly_1024mb_1000,1000,500,8,0.5,10.0,c_lru,159,341,637.5659144934592,1249.6000000000001,1338.3000000000002,13383.0,2228.0,15611.0,9530.0,6428.0,0.0
drtp_img88_cacheonly_1024mb_1000,1000,500,8,0.5,10.0,d_lease,159,341,562.1536517778113,1213.1999999999998,1301.8999999999999,13019.0,2592.0,15611.0,9308.0,6428.0,239.0
drtp_img88_cacheonly_1024mb_1000,1000,500,8,0.5,30.0,c_lru,159,341,212.27526956487716,416.49999999999994,446.0666666666666,13382.0,2229.0,15611.0,9530.0,6428.0,0.0
drtp_img88_cacheonly_1024mb_1000,1000,500,8,0.5,30.0,d_lease,159,341,187.22685963275381,404.4000000000001,433.96666666666675,13019.0,2592.0,15611.0,9308.0,6428.0,239.0
drtp_img88_cacheonly_1024mb_1000,1000,500,8,0.5,100.0,c_lru,159,341,64.27291165066212,142.26455152830113,153.35205152830113,13561.0,2050.0,15611.0,8892.0,6822.0,0.0
drtp_img88_cacheonly_1024mb_1000,1000,500,8,0.5,100.0,d_lease,159,341,57.35135864928842,139.34140907985284,150.42890907985284,13019.0,2592.0,15611.0,9308.0,6428.0,239.0
drtp_img88_cacheonly_1024mb_1000,1000,500,8,1.0,10.0,c_lru,162,338,444.72605817181466,709.0661810008819,725.2125000000001,7183.0,9016.0,16199.0,14546.0,394.0,0.0
drtp_img88_cacheonly_1024mb_1000,1000,500,8,1.0,10.0,d_lease,162,338,398.5391470567424,663.153121693122,672.7230456349209,6582.0,9617.0,16199.0,14247.0,887.0,512.0
drtp_img88_cacheonly_1024mb_1000,1000,500,8,1.0,30.0,c_lru,162,338,151.42676162138014,249.25071259557274,257.0753919391531,7183.0,9016.0,16199.0,15433.0,0.0,0.0
drtp_img88_cacheonly_1024mb_1000,1000,500,8,1.0,30.0,d_lease,162,338,134.85540112391678,230.17847507409857,240.58822414476083,6582.0,9617.0,16199.0,14247.0,887.0,512.0
drtp_img88_cacheonly_1024mb_1000,1000,500,8,1.0,100.0,c_lru,162,338,48.38851905590409,91.17843774526555,99.39510441193222,7244.0,8955.0,16199.0,13572.0,1281.0,0.0
drtp_img88_cacheonly_1024mb_1000,1000,500,8,1.0,100.0,d_lease,162,338,42.800215226076425,87.17482561995155,94.92481129896389,6784.0,9415.0,16199.0,15219.0,0.0,512.0
drtp_img88_cacheonly_1024mb_1000,1000,500,8,2.0,10.0,c_lru,163,337,58.489645413380075,264.7,278.90680059523805,2647.0,5383.0,8030.0,6887.0,0.0,0.0
drtp_img88_cacheonly_1024mb_1000,1000,500,8,2.0,10.0,d_lease,163,337,51.49849247543975,213.13278918283362,239.99999999999994,2400.0,5630.0,8030.0,6770.0,0.0,604.0
drtp_img88_cacheonly_1024mb_1000,1000,500,8,2.0,30.0,c_lru,163,337,19.259886478722375,87.2945138888889,97.02659325396826,2447.0,5583.0,8030.0,6868.0,0.0,0.0
drtp_img88_cacheonly_1024mb_1000,1000,500,8,2.0,30.0,d_lease,163,337,18.2963061710001,84.29531968253968,98.00712603174604,2400.0,5630.0,8030.0,6770.0,0.0,604.0
drtp_img88_cacheonly_1024mb_1000,1000,500,8,2.0,100.0,c_lru,163,337,7.1311891640804825,34.12969594031479,53.741257647352924,2686.0,5344.0,8030.0,6868.0,0.0,0.0
drtp_img88_cacheonly_1024mb_1000,1000,500,8,2.0,100.0,d_lease,163,337,6.698019231069676,33.36896581804814,54.21977514068412,2639.0,5391.0,8030.0,6869.0,0.0,947.0
drtp_img88_cacheonly_1024mb_1000,1000,500,9,0.5,10.0,c_lru,157,343,581.4361893153853,1127.6000000000004,1216.3000000000004,12163.0,3738.0,15901.0,11270.0,4988.0,0.0
drtp_img88_cacheonly_1024mb_1000,1000,500,9,0.5,10.0,d_lease,157,343,547.7458962325733,1198.2,1286.9,12869.0,3032.0,15901.0,10470.0,5382.0,256.0
drtp_img88_cacheonly_1024mb_1000,1000,500,9,0.5,30.0,c_lru,157,343,196.62437005901535,380.7666666666667,410.33333333333337,12310.0,3591.0,15901.0,11270.0,4988.0,0.0
drtp_img88_cacheonly_1024mb_1000,1000,500,9,0.5,30.0,d_lease,157,343,182.44719957464324,399.40000000000015,428.9666666666668,12869.0,3032.0,15901.0,10446.0,5382.0,256.0
drtp_img88_cacheonly_1024mb_1000,1000,500,9,0.5,100.0,c_lru,157,343,59.14944543436363,117.97994694634988,132.76328027968322,12198.0,3703.0,15901.0,11270.0,4988.0,0.0
drtp_img88_cacheonly_1024mb_1000,1000,500,9,0.5,100.0,d_lease,157,343,55.0045470715523,124.09816815100517,138.88150148433851,12869.0,3032.0,15901.0,10446.0,5382.0,256.0
drtp_img88_cacheonly_1024mb_1000,1000,500,9,1.0,10.0,c_lru,158,342,458.4561712556477,754.2099999999997,754.2099999999997,7276.0,7309.0,14585.0,11974.0,394.0,0.0
drtp_img88_cacheonly_1024mb_1000,1000,500,9,1.0,10.0,d_lease,158,342,391.7616408604584,651.040511904762,684.2875000000001,6794.0,7791.0,14585.0,12484.0,598.0,512.0
drtp_img88_cacheonly_1024mb_1000,1000,500,9,1.0,30.0,c_lru,158,342,160.18046461073178,274.5666642061619,276.1541652313722,7553.0,7032.0,14585.0,11918.0,394.0,0.0
drtp_img88_cacheonly_1024mb_1000,1000,500,9,1.0,30.0,d_lease,158,342,131.54330917827437,226.95465530621698,235.80830879001323,6794.0,7791.0,14585.0,12484.0,598.0,512.0
drtp_img88_cacheonly_1024mb_1000,1000,500,9,1.0,100.0,c_lru,158,342,50.46887598299635,89.16177822369002,100.24927822369001,7501.0,7084.0,14585.0,11932.0,394.0,0.0
drtp_img88_cacheonly_1024mb_1000,1000,500,9,1.0,100.0,d_lease,158,342,39.834492016975936,72.88357501317572,83.9710750131757,6794.0,7791.0,14585.0,11840.0,598.0,512.0
drtp_img88_cacheonly_1024mb_1000,1000,500,9,2.0,10.0,c_lru,157,343,69.58455337905953,297.1791264144621,338.925,3340.0,4767.0,8107.0,7529.0,0.0,0.0
drtp_img88_cacheonly_1024mb_1000,1000,500,9,2.0,10.0,d_lease,157,343,64.83423680618745,259.9966468253968,292.1341468253968,2875.0,5232.0,8107.0,7228.0,0.0,700.0
drtp_img88_cacheonly_1024mb_1000,1000,500,9,2.0,30.0,c_lru,157,343,23.25573233122517,99.7355389970781,116.12499999999999,3336.0,4771.0,8107.0,7523.0,0.0,0.0
drtp_img88_cacheonly_1024mb_1000,1000,500,9,2.0,30.0,d_lease,157,343,21.956961946346166,86.54558456645879,101.18502978250815,2875.0,5232.0,8107.0,7223.0,0.0,700.0
drtp_img88_cacheonly_1024mb_1000,1000,500,9,2.0,100.0,c_lru,157,343,7.097455374577714,32.35756326176469,39.173651554747444,3336.0,4771.0,8107.0,7497.0,0.0,0.0
drtp_img88_cacheonly_1024mb_1000,1000,500,9,2.0,100.0,d_lease,157,343,7.068892960968334,28.413415279347426,37.630081946014094,2875.0,5232.0,8107.0,7312.0,0.0,700.0
drtp_img88_cacheonly_1024mb_1000,1000,500,10,0.5,10.0,c_lru,157,343,585.2632917337894,1116.6999999999998,1205.3999999999999,12054.0,4250.0,16304.0,10887.0,5541.0,0.0
drtp_img88_cacheonly_1024mb_1000,1000,500,10,0.5,10.0,d_lease,157,343,537.4097349868567,1160.4000000000003,1249.1000000000004,12491.0,3813.0,16304.0,10893.0,5541.0,256.0
drtp_img88_cacheonly_1024mb_1000,1000,500,10,0.5,30.0,c_lru,157,343,195.45031004250882,373.1999999999998,402.7666666666665,12083.0,4221.0,16304.0,10915.0,5541.0,0.0
drtp_img88_cacheonly_1024mb_1000,1000,500,10,0.5,30.0,d_lease,157,343,177.0707154505066,386.79999999999984,416.3666666666665,12491.0,3813.0,16304.0,10826.0,5541.0,256.0
drtp_img88_cacheonly_1024mb_1000,1000,500,10,0.5,100.0,c_lru,157,343,59.163703625373884,122.33665915910895,133.42415915910894,12083.0,4221.0,16304.0,10906.0,5541.0,0.0
drtp_img88_cacheonly_1024mb_1000,1000,500,10,0.5,100.0,d_lease,157,343,54.84387236004422,128.57365987688493,139.66115987688494,13049.0,3255.0,16304.0,10428.0,5935.0,256.0
drtp_img88_cacheonly_1024mb_1000,1000,500,10,1.0,10.0,c_lru,158,342,373.5189452089614,657.7675853703704,657.7675853703704,6446.0,8406.0,14852.0,13287.0,0.0,0.0
drtp_img88_cacheonly_1024mb_1000,1000,500,10,1.0,10.0,d_lease,158,342,327.40168003803586,629.5903902116399,636.9730731922397,5946.0,8906.0,14852.0,13618.0,0.0,512.0
drtp_img88_cacheonly_1024mb_1000,1000,500,10,1.0,30.0,c_lru,158,342,124.73000584526629,239.83458705287845,242.88771242717223,6480.0,8372.0,14852.0,13202.0,0.0,0.0
drtp_img88_cacheonly_1024mb_1000,1000,500,10,1.0,30.0,d_lease,158,342,111.05047365091092,224.81000000000006,239.5933333333334,5946.0,8906.0,14852.0,13335.0,0.0,512.0
drtp_img88_cacheonly_1024mb_1000,1000,500,10,1.0,100.0,c_lru,158,342,40.18111523089418,87.14805109796825,98.23555109796824,6631.0,8221.0,14852.0,12785.0,394.0,0.0
drtp_img88_cacheonly_1024mb_1000,1000,500,10,1.0,100.0,d_lease,158,342,33.997101950851125,74.77048691666667,89.55382025000002,5840.0,9012.0,14852.0,13079.0,0.0,512.0
drtp_img88_cacheonly_1024mb_1000,1000,500,10,2.0,10.0,c_lru,156,344,32.454790284801646,204.00631827671955,300.0125,2931.0,4343.0,7274.0,7353.0,0.0,0.0
drtp_img88_cacheonly_1024mb_1000,1000,500,10,2.0,10.0,d_lease,156,344,21.950998897919224,114.27358531746042,169.1125000000001,1622.0,5652.0,7274.0,7713.0,0.0,637.0
drtp_img88_cacheonly_1024mb_1000,1000,500,10,2.0,30.0,c_lru,156,344,11.121172812525186,78.46829224554384,103.7125,2904.0,4370.0,7274.0,7420.0,0.0,0.0
drtp_img88_cacheonly_1024mb_1000,1000,500,10,2.0,30.0,d_lease,156,344,7.821502423150059,43.578727118551605,61.63706045188494,1622.0,5652.0,7274.0,7691.0,0.0,637.0
drtp_img88_cacheonly_1024mb_1000,1000,500,10,2.0,100.0,c_lru,156,344,3.4791212351482352,22.107870521061205,34.07724095656319,2787.0,4487.0,7274.0,7397.0,0.0,0.0
drtp_img88_cacheonly_1024mb_1000,1000,500,10,2.0,100.0,d_lease,156,344,3.1773525284672557,19.63392770521541,31.916818981481477,1900.0,5374.0,7274.0,7426.0,0.0,637.0
drtp_img88_cacheonly_1024mb_1000,1000,500,11,0.5,10.0,c_lru,149,351,629.6056213637935,1214.9999999999995,1303.6999999999996,13037.0,4109.0,17146.0,11608.0,5875.0,0.0
drtp_img88_cacheonly_1024mb_1000,1000,500,11,0.5,10.0,d_lease,149,351,528.522754494025,1133.2,1221.9,12219.0,4927.0,17146.0,11148.0,6246.0,249.0
drtp_img88_cacheonly_1024mb_1000,1000,500,11,0.5,30.0,c_lru,149,351,209.93843916165784,404.93333333333345,434.5000000000001,13035.0,4111.0,17146.0,11608.0,5875.0,0.0
drtp_img88_cacheonly_1024mb_1000,1000,500,11,0.5,30.0,d_lease,149,351,173.50226663736694,373.56666666666666,403.1333333333333,12094.0,5052.0,17146.0,10715.0,6447.0,249.0
drtp_img88_cacheonly_1024mb_1000,1000,500,11,0.5,100.0,c_lru,149,351,62.1678786039591,131.92020996380495,146.70354329713828,12574.0,4572.0,17146.0,11477.0,5875.0,0.0
drtp_img88_cacheonly_1024mb_1000,1000,500,11,0.5,100.0,d_lease,149,351,53.970961179088356,129.7218714671517,144.50520480048502,12331.0,4815.0,17146.0,11628.0,6246.0,249.0
drtp_img88_cacheonly_1024mb_1000,1000,500,11,1.0,10.0,c_lru,149,351,472.02686915439637,709.3744464653145,709.3744464653145,6891.0,7049.0,13940.0,11207.0,0.0,0.0
drtp_img88_cacheonly_1024mb_1000,1000,500,11,1.0,10.0,d_lease,149,351,426.57541826462136,687.3835079365083,695.2125000000003,6891.0,7049.0,13940.0,10762.0,887.0,511.0
drtp_img88_cacheonly_1024mb_1000,1000,500,11,1.0,30.0,c_lru,149,351,160.53458079096893,260.0506429790561,260.0506429790561,6891.0,7049.0,13940.0,11207.0,0.0,0.0
drtp_img88_cacheonly_1024mb_1000,1000,500,11,1.0,30.0,d_lease,149,351,145.34541901566013,244.72361111111115,244.72361111111115,6992.0,6948.0,13940.0,11741.0,0.0,511.0
drtp_img88_cacheonly_1024mb_1000,1000,500,11,1.0,100.0,c_lru,149,351,48.96684089583342,95.99478598399305,95.99478598399305,6891.0,7049.0,13940.0,11187.0,0.0,0.0
drtp_img88_cacheonly_1024mb_1000,1000,500,11,1.0,100.0,d_lease,149,351,46.80363215066388,97.4403179877803,97.9767977303687,6992.0,6948.0,13940.0,11559.0,0.0,511.0
drtp_img88_cacheonly_1024mb_1000,1000,500,11,2.0,10.0,c_lru,151,349,31.587803973067814,178.9320780926852,220.01250000000002,2062.0,7579.0,9641.0,8610.0,0.0,0.0
drtp_img88_cacheonly_1024mb_1000,1000,500,11,2.0,10.0,d_lease,151,349,24.01594398454746,122.2375,143.85,1187.0,8454.0,9641.0,8471.0,0.0,775.0
drtp_img88_cacheonly_1024mb_1000,1000,500,11,2.0,30.0,c_lru,151,349,11.68299104049232,61.600551028280066,83.21250000000002,2082.0,7559.0,9641.0,8576.0,0.0,0.0
drtp_img88_cacheonly_1024mb_1000,1000,500,11,2.0,30.0,d_lease,151,349,9.785189762693163,47.421177083333355,65.0316666666667,1187.0,8454.0,9641.0,8527.0,0.0,775.0
drtp_img88_cacheonly_1024mb_1000,1000,500,11,2.0,100.0,c_lru,151,349,5.068244378212276,31.113781747986607,35.46347934509401,1924.0,7717.0,9641.0,8423.0,0.0,0.0
drtp_img88_cacheonly_1024mb_1000,1000,500,11,2.0,100.0,d_lease,151,349,4.871628752298334,31.107216944444446,37.421319817708344,1435.0,8206.0,9641.0,8507.0,0.0,775.0
drtp_img88_cacheonly_1024mb_1000,1000,500,12,0.5,10.0,c_lru,157,343,592.6552298849118,1037.5,1214.9,12149.0,5014.0,17163.0,12293.0,4654.0,0.0
drtp_img88_cacheonly_1024mb_1000,1000,500,12,0.5,10.0,d_lease,157,343,536.0425893152021,1028.2000000000003,1205.6000000000004,12056.0,5107.0,17163.0,11758.0,5025.0,251.0
drtp_img88_cacheonly_1024mb_1000,1000,500,12,0.5,30.0,c_lru,157,343,197.6718187282271,345.83333333333337,404.9666666666667,12149.0,5014.0,17163.0,12281.0,4654.0,0.0
drtp_img88_cacheonly_1024mb_1000,1000,500,12,0.5,30.0,d_lease,157,343,178.9862473446329,342.7333333333333,401.8666666666666,12056.0,5107.0,17163.0,11758.0,5025.0,251.0
drtp_img88_cacheonly_1024mb_1000,1000,500,12,0.5,100.0,c_lru,157,343,58.849265413458745,100.60079401364746,126.4716273469808,11755.0,5408.0,17163.0,12282.0,4654.0,0.0
drtp_img88_cacheonly_1024mb_1000,1000,500,12,0.5,100.0,d_lease,157,343,56.367456508283425,111.17862847671962,137.04946181005295,12705.0,4458.0,17163.0,11183.0,6017.0,254.0
drtp_img88_cacheonly_1024mb_1000,1000,500,12,1.0,10.0,c_lru,156,344,279.62343131171764,671.2999999999998,688.0790891097882,6713.0,6361.0,13074.0,12288.0,0.0,0.0
drtp_img88_cacheonly_1024mb_1000,1000,500,12,1.0,10.0,d_lease,156,344,181.7732968432031,529.1690674603175,606.2833333333333,5915.0,7159.0,13074.0,13383.0,0.0,512.0
drtp_img88_cacheonly_1024mb_1000,1000,500,12,1.0,30.0,c_lru,156,344,94.1628311029134,223.76666666666668,241.11953017986576,6713.0,6361.0,13074.0,12291.0,0.0,0.0
drtp_img88_cacheonly_1024mb_1000,1000,500,12,1.0,30.0,d_lease,156,344,61.25207567409445,175.15795535714287,211.95,5915.0,7159.0,13074.0,13435.0,0.0,512.0
drtp_img88_cacheonly_1024mb_1000,1000,500,12,1.0,100.0,c_lru,156,344,30.646175894874915,69.05251072271953,92.7274518209632,6810.0,6264.0,13074.0,12327.0,0.0,0.0
drtp_img88_cacheonly_1024mb_1000,1000,500,12,1.0,100.0,d_lease,156,344,18.207319737716496,52.84327619793781,72.79201807830209,5657.0,7417.0,13074.0,13039.0,371.0,512.0
drtp_img88_cacheonly_1024mb_1000,1000,500,12,2.0,10.0,c_lru,153,347,54.34020085071065,254.40275793650795,299.5875000000001,2966.0,5244.0,8210.0,8153.0,0.0,0.0
drtp_img88_cacheonly_1024mb_1000,1000,500,12,2.0,10.0,d_lease,153,347,36.390003112356055,153.4112579365079,185.1,1851.0,6359.0,8210.0,8463.0,0.0,1017.0
drtp_img88_cacheonly_1024mb_1000,1000,500,12,2.0,30.0,c_lru,153,347,19.699684997411914,92.37923320489301,109.57239590399772,3224.0,4986.0,8210.0,8138.0,0.0,0.0
drtp_img88_cacheonly_1024mb_1000,1000,500,12,2.0,30.0,d_lease,153,347,13.020288235244708,57.8356337263794,66.52594143612995,1851.0,6359.0,8210.0,8016.0,0.0,1017.0
drtp_img88_cacheonly_1024mb_1000,1000,500,12,2.0,100.0,c_lru,153,347,6.331520025696711,28.7434140388854,41.95101826580738,3426.0,4784.0,8210.0,8555.0,0.0,0.0
drtp_img88_cacheonly_1024mb_1000,1000,500,12,2.0,100.0,d_lease,153,347,4.910245064092258,24.354272374255906,36.829404086623086,2155.0,6055.0,8210.0,7954.0,0.0,1017.0
drtp_img88_cacheonly_1024mb_1000,1000,500,13,0.5,10.0,c_lru,156,344,578.1682405720308,1102.0,1279.4,12794.0,3927.0,16721.0,10572.0,6647.0,0.0
drtp_img88_cacheonly_1024mb_1000,1000,500,13,0.5,10.0,d_lease,156,344,529.3844083552393,1088.9,1266.3000000000002,12663.0,4058.0,16721.0,9972.0,7018.0,253.0
drtp_img88_cacheonly_1024mb_1000,1000,500,13,0.5,30.0,c_lru,156,344,196.58440650498213,376.57966538271603,435.71299871604936,13071.0,3650.0,16721.0,10506.0,6647.0,0.0
drtp_img88_cacheonly_1024mb_1000,1000,500,13,0.5,30.0,d_lease,156,344,176.58595767792798,362.99472,422.1280533333333,12663.0,4058.0,16721.0,9972.0,7018.0,253.0
drtp_img88_cacheonly_1024mb_1000,1000,500,13,0.5,100.0,c_lru,156,344,59.051179299288,111.20524844376511,140.7719151104318,12836.0,3885.0,16721.0,10545.0,6647.0,0.0
drtp_img88_cacheonly_1024mb_1000,1000,500,13,0.5,100.0,d_lease,156,344,54.78010153370769,113.56345824265279,143.13012490931945,13043.0,3678.0,16721.0,10069.0,7018.0,239.0
drtp_img88_cacheonly_1024mb_1000,1000,500,13,1.0,10.0,c_lru,154,346,375.9864411203872,618.5999999999999,624.5325515873017,6186.0,7619.0,13805.0,12220.0,0.0,0.0
drtp_img88_cacheonly_1024mb_1000,1000,500,13,1.0,10.0,d_lease,154,346,387.11644126211104,738.0799999999997,738.0799999999997,7026.0,6779.0,13805.0,11991.0,887.0,371.0
drtp_img88_cacheonly_1024mb_1000,1000,500,13,1.0,30.0,c_lru,154,346,129.20748348050554,229.7083737185847,233.12413791749344,6186.0,7619.0,13805.0,12220.0,0.0,0.0
drtp_img88_cacheonly_1024mb_1000,1000,500,13,1.0,30.0,d_lease,154,346,131.53084734295405,260.81,271.8975,7026.0,6779.0,13805.0,11991.0,887.0,371.0
drtp_img88_cacheonly_1024mb_1000,1000,500,13,1.0,100.0,c_lru,154,346,42.23324342469265,81.51684683956215,96.3001801728955,6364.0,7441.0,13805.0,12220.0,0.0,0.0
drtp_img88_cacheonly_1024mb_1000,1000,500,13,1.0,100.0,d_lease,154,346,42.87216295486743,99.82508882441704,114.60842215775038,7913.0,5892.0,13805.0,11050.0,1774.0,371.0
drtp_img88_cacheonly_1024mb_1000,1000,500,13,2.0,10.0,c_lru,156,344,51.09775340862843,184.10125793650798,258.0666666666667,2393.0,5005.0,7398.0,5979.0,0.0,0.0
drtp_img88_cacheonly_1024mb_1000,1000,500,13,2.0,10.0,d_lease,156,344,49.38820140160765,184.35353373015877,228.6166666666667,2022.0,5376.0,7398.0,6122.0,0.0,862.0
drtp_img88_cacheonly_1024mb_1000,1000,500,13,2.0,30.0,c_lru,156,344,17.53662903060541,69.05,97.08289057174548,2393.0,5005.0,7398.0,5951.0,0.0,0.0
drtp_img88_cacheonly_1024mb_1000,1000,500,13,2.0,30.0,d_lease,156,344,17.40592618507072,67.40000000000002,93.81666666666669,2022.0,5376.0,7398.0,6122.0,0.0,862.0
drtp_img88_cacheonly_1024mb_1000,1000,500,13,2.0,100.0,c_lru,156,344,6.164779344115025,30.720475147536035,48.02523879053153,2393.0,5005.0,7398.0,5951.0,0.0,0.0
drtp_img88_cacheonly_1024mb_1000,1000,500,13,2.0,100.0,d_lease,156,344,6.171534867589959,29.406306256644374,49.28510335641003,2393.0,5005.0,7398.0,6122.0,0.0,861.0
drtp_img88_cacheonly_1024mb_1000,1000,500,14,0.5,10.0,c_lru,157,343,608.6971518051688,1062.5,1239.9,12399.0,3973.0,16372.0,10834.0,5541.0,0.0
drtp_img88_cacheonly_1024mb_1000,1000,500,14,0.5,10.0,d_lease,157,343,538.479177226351,1070.3000000000004,1247.7000000000005,12477.0,3895.0,16372.0,9957.0,6306.0,248.0
drtp_img88_cacheonly_1024mb_1000,1000,500,14,0.5,30.0,c_lru,157,343,201.95404271307245,352.1,411.23333333333335,12337.0,4035.0,16372.0,10834.0,5541.0,0.0
drtp_img88_cacheonly_1024mb_1000,1000,500,14,0.5,30.0,d_lease,157,343,180.0711147728997,356.76666666666677,415.9000000000001,12477.0,3895.0,16372.0,10069.0,6306.0,248.0
drtp_img88_cacheonly_1024mb_1000,1000,500,14,0.5,100.0,c_lru,157,343,61.60846421287246,111.8555107377264,137.72634407105974,12671.0,3701.0,16372.0,10965.0,5541.0,0.0
drtp_img88_cacheonly_1024mb_1000,1000,500,14,0.5,100.0,d_lease,157,343,54.5869756134632,109.78398348885172,135.65481682218504,12477.0,3895.0,16372.0,10161.0,6306.0,248.0
drtp_img88_cacheonly_1024mb_1000,1000,500,14,1.0,10.0,c_lru,158,342,366.06526736478855,627.1379238095238,639.8,6398.0,9029.0,15427.0,15521.0,0.0,0.0
drtp_img88_cacheonly_1024mb_1000,1000,500,14,1.0,10.0,d_lease,158,342,314.43689199962637,580.743319727891,586.629782312925,5641.0,9786.0,15427.0,15164.0,0.0,508.0
drtp_img88_cacheonly_1024mb_1000,1000,500,14,1.0,30.0,c_lru,158,342,123.96599644790699,229.31540056083904,236.22790056083903,6398.0,9029.0,15427.0,14506.0,887.0,0.0
drtp_img88_cacheonly_1024mb_1000,1000,500,14,1.0,30.0,d_lease,158,342,106.63158903112044,209.65060459183672,219.36827891156463,5641.0,9786.0,15427.0,15164.0,0.0,508.0
drtp_img88_cacheonly_1024mb_1000,1000,500,14,1.0,100.0,c_lru,158,342,38.81434123542187,82.32961510004755,93.41711510004754,6386.0,9041.0,15427.0,15549.0,0.0,0.0
drtp_img88_cacheonly_1024mb_1000,1000,500,14,1.0,100.0,d_lease,158,342,33.61075841128575,81.37045296452938,83.0778018647434,6012.0,9415.0,15427.0,15215.0,0.0,508.0
drtp_img88_cacheonly_1024mb_1000,1000,500,14,2.0,10.0,c_lru,159,341,60.534339655341846,261.9,262.1008510251323,2619.0,4721.0,7340.0,5961.0,0.0,0.0
drtp_img88_cacheonly_1024mb_1000,1000,500,14,2.0,10.0,d_lease,159,341,47.99205008984728,240.10000000000002,246.2361355820106,2401.0,4939.0,7340.0,5765.0,0.0,795.0
drtp_img88_cacheonly_1024mb_1000,1000,500,14,2.0,30.0,c_lru,159,341,20.427710803485333,90.15216704259966,92.20378001382983,2619.0,4721.0,7340.0,5961.0,0.0,0.0
drtp_img88_cacheonly_1024mb_1000,1000,500,14,2.0,30.0,d_lease,159,341,16.67458868388323,80.0333333333333,87.23469652888005,2401.0,4939.0,7340.0,5765.0,0.0,795.0
drtp_img88_cacheonly_1024mb_1000,1000,500,14,2.0,100.0,c_lru,159,341,6.807185359012702,33.06090759110002,39.03752404378143,2844.0,4496.0,7340.0,5982.0,0.0,0.0
drtp_img88_cacheonly_1024mb_1000,1000,500,14,2.0,100.0,d_lease,159,341,5.712618882345186,25.714842800432347,34.86535913779915,2401.0,4939.0,7340.0,5765.0,0.0,795.0
drtp_img88_cacheonly_1024mb_1000,1000,500,15,0.5,10.0,c_lru,153,347,613.7724555211507,1074.6999999999998,1340.8,13408.0,3647.0,17055.0,10822.0,6428.0,0.0
drtp_img88_cacheonly_1024mb_1000,1000,500,15,0.5,10.0,d_lease,153,347,544.8247921205523,1128.8,1394.9,13949.0,3106.0,17055.0,10036.0,7193.0,256.0
drtp_img88_cacheonly_1024mb_1000,1000,500,15,0.5,30.0,c_lru,153,347,204.04084285944822,358.2333333333333,446.9333333333333,13408.0,3647.0,17055.0,10822.0,6428.0,0.0
drtp_img88_cacheonly_1024mb_1000,1000,500,15,0.5,30.0,d_lease,153,347,181.6390289779506,376.26666666666677,464.96666666666675,13949.0,3106.0,17055.0,10036.0,7193.0,256.0
drtp_img88_cacheonly_1024mb_1000,1000,500,15,0.5,100.0,c_lru,153,347,62.55901128044715,109.62485616183464,150.27902282850133,13452.0,3603.0,17055.0,10822.0,6428.0,0.0
drtp_img88_cacheonly_1024mb_1000,1000,500,15,0.5,100.0,d_lease,153,347,55.38647233297009,118.10666666666663,155.06499999999997,13995.0,3060.0,17055.0,10220.0,7193.0,256.0
drtp_img88_cacheonly_1024mb_1000,1000,500,15,1.0,10.0,c_lru,152,348,358.65213739316846,724.0000000000001,741.7400000000001,7240.0,8230.0,15470.0,14282.0,0.0,0.0
drtp_img88_cacheonly_1024mb_1000,1000,500,15,1.0,10.0,d_lease,152,348,333.5249607090647,717.2000000000003,732.4400000000003,7147.0,8323.0,15470.0,14159.0,571.0,492.0
drtp_img88_cacheonly_1024mb_1000,1000,500,15,1.0,30.0,c_lru,152,348,121.19291092533125,241.33333333333326,259.07333333333327,7240.0,8230.0,15470.0,14282.0,0.0,0.0
drtp_img88_cacheonly_1024mb_1000,1000,500,15,1.0,30.0,d_lease,152,348,111.99924475846642,242.87083333333337,255.97333333333336,7147.0,8323.0,15470.0,14112.0,596.0,492.0
drtp_img88_cacheonly_1024mb_1000,1000,500,15,1.0,100.0,c_lru,152,348,36.742878488313195,75.77442563944568,96.10295592211112,7244.0,8226.0,15470.0,14282.0,0.0,0.0
drtp_img88_cacheonly_1024mb_1000,1000,500,15,1.0,100.0,d_lease,152,348,35.09500600956628,89.96217597958406,95.30303448225968,7374.0,8096.0,15470.0,14917.0,227.0,492.0
drtp_img88_cacheonly_1024mb_1000,1000,500,15,2.0,10.0,c_lru,153,347,25.15268612926653,158.52468333333337,171.40000000000003,1714.0,4225.0,5939.0,5493.0,0.0,0.0
drtp_img88_cacheonly_1024mb_1000,1000,500,15,2.0,10.0,d_lease,153,347,24.05509531590415,155.13708333333338,168.00000000000003,1680.0,4259.0,5939.0,5592.0,0.0,791.0
drtp_img88_cacheonly_1024mb_1000,1000,500,15,2.0,30.0,c_lru,153,347,8.751911032373332,52.83484253257777,60.01282391498177,1714.0,4225.0,5939.0,5582.0,0.0,0.0
drtp_img88_cacheonly_1024mb_1000,1000,500,15,2.0,30.0,d_lease,153,347,8.393379084967318,51.73516666666666,59.431416666666664,1680.0,4259.0,5939.0,5592.0,0.0,791.0
drtp_img88_cacheonly_1024mb_1000,1000,500,15,2.0,100.0,c_lru,153,347,3.1312034406724183,15.846257982060182,27.04390713310019,1714.0,4225.0,5939.0,5583.0,0.0,0.0
drtp_img88_cacheonly_1024mb_1000,1000,500,15,2.0,100.0,d_lease,153,347,2.9936248065978113,15.502935185185185,27.488311520576133,1680.0,4259.0,5939.0,5592.0,0.0,791.0
drtp_img88_cacheonly_1024mb_1000,1000,500,16,0.5,10.0,c_lru,155,345,643.4826735238,1146.2000000000003,1234.9000000000003,12349.0,4560.0,16909.0,12026.0,5541.0,0.0
drtp_img88_cacheonly_1024mb_1000,1000,500,16,0.5,10.0,d_lease,155,345,553.6762057014845,1100.8999999999999,1189.6,11896.0,5013.0,16909.0,10362.0,6442.0,256.0
drtp_img88_cacheonly_1024mb_1000,1000,500,16,0.5,30.0,c_lru,155,345,212.09379461300136,352.50000000000006,411.6333333333334,12349.0,4560.0,16909.0,12043.0,5541.0,0.0
drtp_img88_cacheonly_1024mb_1000,1000,500,16,0.5,30.0,d_lease,155,345,184.75990518945204,366.9666666666665,396.5333333333332,11896.0,5013.0,16909.0,10362.0,6442.0,256.0
drtp_img88_cacheonly_1024mb_1000,1000,500,16,0.5,100.0,c_lru,155,345,64.40380970698833,108.71258359891857,134.5834169322519,12166.0,4743.0,16909.0,11246.0,6073.0,0.0
drtp_img88_cacheonly_1024mb_1000,1000,500,16,0.5,100.0,d_lease,155,345,55.73619743716537,104.14999422912129,130.02082756245463,11899.0,5010.0,16909.0,10454.0,6442.0,256.0
drtp_img88_cacheonly_1024mb_1000,1000,500,16,1.0,10.0,c_lru,154,346,446.8137939116938,712.2599999999999,740.5999999999999,7406.0,8485.0,15891.0,13996.0,0.0,0.0
drtp_img88_cacheonly_1024mb_1000,1000,500,16,1.0,10.0,d_lease,154,346,432.46893738977076,697.1620194003532,711.1833333333337,7026.0,8865.0,15891.0,14398.0,0.0,512.0
drtp_img88_cacheonly_1024mb_1000,1000,500,16,1.0,30.0,c_lru,154,346,151.43836167291826,245.4736684455352,245.4736684455352,7012.0,8879.0,15891.0,14488.0,0.0,0.0
drtp_img88_cacheonly_1024mb_1000,1000,500,16,1.0,30.0,d_lease,154,346,145.68517820792584,241.29409197113554,255.7246740570671,7026.0,8865.0,15891.0,14104.0,0.0,512.0
drtp_img88_cacheonly_1024mb_1000,1000,500,16,1.0,100.0,c_lru,154,346,46.80955430205657,80.46497359098612,89.01814595366936,7002.0,8889.0,15891.0,14100.0,0.0,0.0
drtp_img88_cacheonly_1024mb_1000,1000,500,16,1.0,100.0,d_lease,154,346,45.35562837169837,82.24485854203407,97.57819187536741,7537.0,8354.0,15891.0,13895.0,0.0,512.0
drtp_img88_cacheonly_1024mb_1000,1000,500,16,2.0,10.0,c_lru,154,346,49.82385277842195,229.9000000000001,240.9600000000001,2299.0,4280.0,6579.0,4924.0,0.0,0.0
drtp_img88_cacheonly_1024mb_1000,1000,500,16,2.0,10.0,d_lease,154,346,54.92005527210881,229.89999999999992,240.9599999999999,2299.0,4280.0,6579.0,5734.0,0.0,553.0
drtp_img88_cacheonly_1024mb_1000,1000,500,16,2.0,30.0,c_lru,154,346,16.86588523765853,76.63333333333334,87.98387866540244,2299.0,4280.0,6579.0,4928.0,0.0,0.0
drtp_img88_cacheonly_1024mb_1000,1000,500,16,2.0,30.0,d_lease,154,346,18.82558763656978,76.63333333333335,87.69333333333334,2299.0,4280.0,6579.0,5099.0,0.0,553.0
drtp_img88_cacheonly_1024mb_1000,1000,500,16,2.0,100.0,c_lru,154,346,5.406791448473617,23.19946158257426,43.996965878983296,2301.0,4278.0,6579.0,4943.0,0.0,0.0
drtp_img88_cacheonly_1024mb_1000,1000,500,16,2.0,100.0,d_lease,154,346,6.330473839242766,27.619794841269833,46.735188888888885,2299.0,4280.0,6579.0,4969.0,0.0,553.0
drtp_img88_cacheonly_1024mb_1000,1000,500,17,0.5,10.0,c_lru,157,343,551.7775902858777,1168.8000000000002,1168.8000000000002,11688.0,3657.0,15345.0,10184.0,5541.0,0.0
drtp_img88_cacheonly_1024mb_1000,1000,500,17,0.5,10.0,d_lease,157,343,520.22948994035,1067.8,1156.5,11565.0,3780.0,15345.0,10160.0,5541.0,243.0
drtp_img88_cacheonly_1024mb_1000,1000,500,17,0.5,30.0,c_lru,157,343,183.38583000391756,360.93333333333345,390.5000000000001,11715.0,3630.0,15345.0,10184.0,5541.0,0.0
drtp_img88_cacheonly_1024mb_1000,1000,500,17,0.5,30.0,d_lease,157,343,177.21871906381878,362.6333333333334,392.20000000000005,11766.0,3579.0,15345.0,9826.0,5742.0,243.0
drtp_img88_cacheonly_1024mb_1000,1000,500,17,0.5,100.0,c_lru,157,343,55.02950735786406,114.98524611148198,126.07274611148199,11601.0,3744.0,15345.0,10208.0,5541.0,0.0
drtp_img88_cacheonly_1024mb_1000,1000,500,17,0.5,100.0,d_lease,157,343,53.442311953141036,117.03093607478071,128.1184360747807,11737.0,3608.0,15345.0,10086.0,5541.0,243.0
drtp_img88_cacheonly_1024mb_1000,1000,500,17,1.0,10.0,c_lru,156,344,404.713967746208,659.4671697020398,664.276780078289,6549.0,7756.0,14305.0,12737.0,0.0,0.0
drtp_img88_cacheonly_1024mb_1000,1000,500,17,1.0,10.0,d_lease,156,344,377.07158101573583,627.1799999999998,627.1799999999998,5917.0,8388.0,14305.0,12826.0,0.0,448.0
drtp_img88_cacheonly_1024mb_1000,1000,500,17,1.0,30.0,c_lru,156,344,135.39747702701152,229.3856998034833,230.85169832109625,6549.0,7756.0,14305.0,12731.0,0.0,0.0
drtp_img88_cacheonly_1024mb_1000,1000,500,17,1.0,30.0,d_lease,156,344,128.25644264369333,224.95525559678143,236.95878327149478,5917.0,8388.0,14305.0,12826.0,0.0,448.0
drtp_img88_cacheonly_1024mb_1000,1000,500,17,1.0,100.0,c_lru,156,344,43.05779654659666,84.98646571785149,95.42444754577625,6515.0,7790.0,14305.0,12735.0,0.0,0.0
drtp_img88_cacheonly_1024mb_1000,1000,500,17,1.0,100.0,d_lease,156,344,41.758617756313015,87.5718997696849,99.36773310301824,5917.0,8388.0,14305.0,12278.0,1126.0,448.0
drtp_img88_cacheonly_1024mb_1000,1000,500,17,2.0,10.0,c_lru,159,341,30.10771837817377,182.2732337962963,212.60000000000002,2126.0,3556.0,5682.0,6167.0,0.0,0.0
drtp_img88_cacheonly_1024mb_1000,1000,500,17,2.0,10.0,d_lease,159,341,28.682197589098546,181.73299999999998,207.9000000000001,2079.0,3603.0,5682.0,6091.0,0.0,741.0
drtp_img88_cacheonly_1024mb_1000,1000,500,17,2.0,30.0,c_lru,159,341,10.32037822578325,63.68225291388889,69.66666666666667,2090.0,3592.0,5682.0,6130.0,0.0,0.0
drtp_img88_cacheonly_1024mb_1000,1000,500,17,2.0,30.0,d_lease,159,341,10.17032019129979,63.65381083333336,69.30000000000001,2079.0,3603.0,5682.0,6089.0,0.0,741.0
drtp_img88_cacheonly_1024mb_1000,1000,500,17,2.0,100.0,c_lru,159,341,3.667452266821004,20.332239992428427,26.636033148583685,2281.0,3401.0,5682.0,6204.0,0.0,0.0
drtp_img88_cacheonly_1024mb_1000,1000,500,17,2.0,100.0,d_lease,159,341,3.534102667455257,18.81927076388889,26.201110606674387,2079.0,3603.0,5682.0,5975.0,0.0,741.0
drtp_img88_cacheonly_1024mb_1000,1000,500,18,0.5,10.0,c_lru,155,345,624.4407212224102,918.0000000000003,1095.4000000000003,10954.0,3620.0,14574.0,10821.0,4101.0,0.0
drtp_img88_cacheonly_1024mb_1000,1000,500,18,0.5,10.0,d_lease,155,345,495.1503203097801,844.1,1021.5000000000001,10215.0,4359.0,14574.0,10452.0,4101.0,254.0
drtp_img88_cacheonly_1024mb_1000,1000,500,18,0.5,30.0,c_lru,155,345,207.93933256251012,305.79999999999995,364.9333333333333,10948.0,3626.0,14574.0,10836.0,4101.0,0.0
drtp_img88_cacheonly_1024mb_1000,1000,500,18,0.5,30.0,d_lease,155,345,164.73230527525743,281.36666666666656,340.4999999999999,10215.0,4359.0,14574.0,10452.0,4101.0,254.0
drtp_img88_cacheonly_1024mb_1000,1000,500,18,0.5,100.0,c_lru,155,345,60.87525792621328,93.25004424106308,122.81671090772974,10746.0,3828.0,14574.0,10810.0,4101.0,0.0
drtp_img88_cacheonly_1024mb_1000,1000,500,18,0.5,100.0,d_lease,155,345,49.90368294322412,85.58183333333336,115.14850000000003,10216.0,4358.0,14574.0,10434.0,4328.0,254.0
drtp_img88_cacheonly_1024mb_1000,1000,500,18,1.0,10.0,c_lru,158,342,442.6915903121467,701.5000000000001,705.2500000000001,7015.0,7014.0,14029.0,12085.0,0.0,0.0
drtp_img88_cacheonly_1024mb_1000,1000,500,18,1.0,10.0,d_lease,158,342,394.2637383953685,655.7033805555557,655.7033805555557,6492.0,7537.0,14029.0,11796.0,0.0,512.0
drtp_img88_cacheonly_1024mb_1000,1000,500,18,1.0,30.0,c_lru,158,342,148.4614217077913,246.81416986058255,248.11317145203188,7015.0,7014.0,14029.0,12011.0,0.0,0.0
drtp_img88_cacheonly_1024mb_1000,1000,500,18,1.0,30.0,d_lease,158,342,133.2228439243332,235.02683338131334,235.65165335577993,6492.0,7537.0,14029.0,11969.0,0.0,512.0
drtp_img88_cacheonly_1024mb_1000,1000,500,18,1.0,100.0,c_lru,158,342,45.86878388393579,83.36759881948232,93.13633522724794,7016.0,7013.0,14029.0,12014.0,0.0,0.0
drtp_img88_cacheonly_1024mb_1000,1000,500,18,1.0,100.0,d_lease,158,342,42.03286760022545,87.10837046486492,94.33291862122636,6495.0,7534.0,14029.0,12859.0,0.0,512.0
drtp_img88_cacheonly_1024mb_1000,1000,500,18,2.0,10.0,c_lru,156,344,52.91724830860241,257.7023750000001,273.3000000000001,2733.0,6636.0,9369.0,9748.0,0.0,0.0
drtp_img88_cacheonly_1024mb_1000,1000,500,18,2.0,10.0,d_lease,156,344,36.40112349537039,171.7615625000002,205.2250000000001,1955.0,7414.0,9369.0,8475.0,0.0,960.0
drtp_img88_cacheonly_1024mb_1000,1000,500,18,2.0,30.0,c_lru,156,344,19.096048231542024,88.40905714166665,103.51526130833331,2776.0,6593.0,9369.0,10462.0,0.0,0.0
drtp_img88_cacheonly_1024mb_1000,1000,500,18,2.0,30.0,d_lease,156,344,13.264232852564104,52.800000000000026,75.49248055555557,1955.0,7414.0,9369.0,8317.0,0.0,960.0
drtp_img88_cacheonly_1024mb_1000,1000,500,18,2.0,100.0,c_lru,156,344,6.504397305642402,27.16528608681107,43.59357216410089,3316.0,6053.0,9369.0,9610.0,0.0,0.0
drtp_img88_cacheonly_1024mb_1000,1000,500,18,2.0,100.0,d_lease,156,344,5.731939516322415,26.045230880208337,37.66998605034723,2735.0,6634.0,9369.0,8295.0,0.0,960.0
drtp_img88_cacheonly_1024mb_1000,1000,500,19,0.5,10.0,c_lru,152,348,593.057667001706,992.2,1169.6000000000001,11696.0,3750.0,15446.0,10912.0,4654.0,0.0
drtp_img88_cacheonly_1024mb_1000,1000,500,19,0.5,10.0,d_lease,152,348,548.4484641199351,1016.4873869047625,1186.4000000000008,11864.0,3582.0,15446.0,10427.0,5025.0,254.0
drtp_img88_cacheonly_1024mb_1000,1000,500,19,0.5,30.0,c_lru,152,348,197.86433584363064,330.73333333333335,389.8666666666667,11696.0,3750.0,15446.0,10912.0,4654.0,0.0
drtp_img88_cacheonly_1024mb_1000,1000,500,19,0.5,30.0,d_lease,152,348,182.56818791647086,344.407431547619,395.46666666666664,11864.0,3582.0,15446.0,10427.0,5025.0,254.0
drtp_img88_cacheonly_1024mb_1000,1000,500,19,0.5,100.0,c_lru,152,348,59.51826968836258,100.92236317225483,128.11100538187628,11464.0,3982.0,15446.0,10448.0,5025.0,0.0
drtp_img88_cacheonly_1024mb_1000,1000,500,19,0.5,100.0,d_lease,152,348,55.099954263058656,110.7499449570106,130.6046252010582,12235.0,3211.0,15446.0,9808.0,5396.0,254.0
drtp_img88_cacheonly_1024mb_1000,1000,500,19,1.0,10.0,c_lru,157,343,465.6054471157552,735.0245606473317,764.6999999999999,7647.0,6974.0,14621.0,13026.0,0.0,0.0
drtp_img88_cacheonly_1024mb_1000,1000,500,19,1.0,10.0,d_lease,157,343,414.58863805690356,777.3000000000002,795.0400000000002,7773.0,6848.0,14621.0,11359.0,1440.0,504.0
drtp_img88_cacheonly_1024mb_1000,1000,500,19,1.0,30.0,c_lru,157,343,154.9513785998633,240.25721876983323,247.40000000000003,7422.0,7199.0,14621.0,13026.0,0.0,0.0
drtp_img88_cacheonly_1024mb_1000,1000,500,19,1.0,30.0,d_lease,157,343,138.6186824533246,259.0999999999999,276.8399999999999,7773.0,6848.0,14621.0,11379.0,1440.0,504.0
drtp_img88_cacheonly_1024mb_1000,1000,500,19,1.0,100.0,c_lru,157,343,45.406908226691996,77.66593634810371,84.65775359267803,7252.0,7369.0,14621.0,13136.0,0.0,0.0
drtp_img88_cacheonly_1024mb_1000,1000,500,19,1.0,100.0,d_lease,157,343,41.82465968078583,79.04983511386655,104.92066844719989,7773.0,6848.0,14621.0,11491.0,1440.0,511.0
drtp_img88_cacheonly_1024mb_1000,1000,500,19,2.0,10.0,c_lru,154,346,66.81537339594934,247.51951355820106,274.20000000000005,2742.0,3229.0,5971.0,7036.0,0.0,0.0
drtp_img88_cacheonly_1024mb_1000,1000,500,19,2.0,10.0,d_lease,154,346,62.176015512265565,231.38738095238108,260.5000000000001,2605.0,3366.0,5971.0,6894.0,0.0,737.0
drtp_img88_cacheonly_1024mb_1000,1000,500,19,2.0,30.0,c_lru,154,346,22.44879050544754,80.2927360974324,91.56945441678278,2742.0,3229.0,5971.0,7036.0,0.0,0.0
drtp_img88_cacheonly_1024mb_1000,1000,500,19,2.0,30.0,d_lease,154,346,20.84737889524497,78.09011210317455,86.83333333333329,2605.0,3366.0,5971.0,6894.0,0.0,737.0
drtp_img88_cacheonly_1024mb_1000,1000,500,19,2.0,100.0,c_lru,154,346,7.350099790299009,27.963065871143446,30.610368821340217,2726.0,3245.0,5971.0,6105.0,0.0,0.0
drtp_img88_cacheonly_1024mb_1000,1000,500,19,2.0,100.0,d_lease,154,346,6.446708669424465,24.46348950220459,29.547610323045273,2605.0,3366.0,5971.0,6894.0,0.0,737.0
drtp_img88_cacheonly_1024mb_1000,1000,500,20,0.5,10.0,c_lru,157,343,604.9795056594754,1055.0,1232.4,12324.0,4830.0,17154.0,11824.0,5541.0,0.0
drtp_img88_cacheonly_1024mb_1000,1000,500,20,0.5,10.0,d_lease,157,343,565.176164240219,1091.8000000000002,1269.2000000000003,12692.0,4462.0,17154.0,10866.0,6217.0,256.0
drtp_img88_cacheonly_1024mb_1000,1000,500,20,0.5,30.0,c_lru,157,343,202.30934089842677,353.8666666666667,413.0,12390.0,4764.0,17154.0,11521.0,5541.0,0.0
drtp_img88_cacheonly_1024mb_1000,1000,500,20,0.5,30.0,d_lease,157,343,188.15611994358576,363.9333333333332,423.06666666666655,12692.0,4462.0,17154.0,10863.0,6217.0,256.0
drtp_img88_cacheonly_1024mb_1000,1000,500,20,0.5,100.0,c_lru,157,343,64.26525354108787,115.49843241687977,141.36926575021312,12646.0,4508.0,17154.0,11623.0,5541.0,0.0
drtp_img88_cacheonly_1024mb_1000,1000,500,20,0.5,100.0,d_lease,157,343,56.71797087919661,118.98865322212167,144.85948655545502,13040.0,4114.0,17154.0,10810.0,6217.0,256.0
drtp_img88_cacheonly_1024mb_1000,1000,500,20,1.0,10.0,c_lru,157,343,353.7373794856859,714.5802786779834,727.6218292288236,7104.0,7981.0,15085.0,14410.0,225.0,0.0
drtp_img88_cacheonly_1024mb_1000,1000,500,20,1.0,10.0,d_lease,157,343,314.42020236199573,688.2800000000002,688.2800000000002,6528.0,8557.0,15085.0,14858.0,0.0,504.0
drtp_img88_cacheonly_1024mb_1000,1000,500,20,1.0,30.0,c_lru,157,343,120.78622830888861,259.5954104283785,274.37874376171186,7169.0,7916.0,15085.0,14410.0,225.0,0.0
drtp_img88_cacheonly_1024mb_1000,1000,500,20,1.0,30.0,d_lease,157,343,106.50819080758032,244.20999999999992,255.29749999999993,6528.0,8557.0,15085.0,15101.0,0.0,504.0
drtp_img88_cacheonly_1024mb_1000,1000,500,20,1.0,100.0,c_lru,157,343,37.87251438114155,87.81682119152126,102.60015452485459,7169.0,7916.0,15085.0,14396.0,239.0,0.0
drtp_img88_cacheonly_1024mb_1000,1000,500,20,1.0,100.0,d_lease,157,343,32.24894233707454,83.27970592613532,95.10637259280199,7415.0,7670.0,15085.0,14484.0,309.0,504.0
drtp_img88_cacheonly_1024mb_1000,1000,500,20,2.0,10.0,c_lru,158,342,60.21008187379134,252.54369594246032,290.6,2906.0,6934.0,9840.0,8310.0,0.0,0.0
drtp_img88_cacheonly_1024mb_1000,1000,500,20,2.0,10.0,d_lease,158,342,53.781231288929064,220.88162698412705,233.18992063492064,2190.0,7650.0,9840.0,8051.0,0.0,1024.0
drtp_img88_cacheonly_1024mb_1000,1000,500,20,2.0,30.0,c_lru,158,342,20.552171432150104,89.66730963022668,98.6120040740281,2906.0,6934.0,9840.0,8017.0,0.0,0.0
drtp_img88_cacheonly_1024mb_1000,1000,500,20,2.0,30.0,d_lease,158,342,19.156493620655016,76.2245436507937,95.15569444444445,2190.0,7650.0,9840.0,8026.0,0.0,1024.0
drtp_img88_cacheonly_1024mb_1000,1000,500,20,2.0,100.0,c_lru,158,342,7.377550255525583,35.74997034264375,46.12483868213108,2980.0,6860.0,9840.0,8411.0,0.0,0.0
drtp_img88_cacheonly_1024mb_1000,1000,500,20,2.0,100.0,d_lease,158,342,7.309310606699301,32.94291021656085,47.726243549894185,2779.0,7061.0,9840.0,8115.0,0.0,1024.0
