label,file,algo,cid,service_type,node_id,local_step,wait_time,pull_time,deploy_delay,completion_time,run_time,reuse_mb,downloaded_mb
baseline,result_1000.json,FG-DSCR,c470,default,edge-3,1,0.0,719.4,719.4,736.4,17.0,0,7194
baseline,result_1000.json,FG-DSCR,c710,default,edge-3,2,736.4,0.0,736.4,753.4,17.0,7194,0
baseline,result_1000.json,FG-DSCR,c560,default,edge-3,3,753.4,0.0,753.4,770.4,17.0,7194,0
baseline,result_1000.json,FG-DSCR,c620,default,edge-3,4,770.4,0.0,770.4,787.4,17.0,7194,0
baseline,result_1000.json,FG-DSCR,c500,default,edge-3,5,787.4,0.0,787.4,804.4,17.0,7194,0
baseline,result_1000.json,FG-DSCR,c650,default,edge-3,6,804.4,0.0,804.4,821.4,17.0,7194,0
baseline,result_1000.json,FG-DSCR,c950,default,edge-3,7,821.4,0.0,821.4,838.4,17.0,7194,0
baseline,result_1000.json,FG-DSCR,c380,default,edge-3,8,838.4,0.0,838.4,855.4,17.0,7194,0
baseline,result_1000.json,FG-DSCR,c860,default,edge-3,9,855.4,0.0,855.4,872.4,17.0,7194,0
baseline,result_1000.json,FG-DSCR,c170,default,edge-3,10,872.4,0.0,872.4,889.4,17.0,7194,0
baseline,result_1000.json,FG-DSCR,c890,default,edge-3,11,889.4,0.0,889.4,906.4,17.0,7194,0
baseline,result_1000.json,FG-DSCR,c770,default,edge-3,12,906.4,0.0,906.4,923.4,17.0,7194,0
baseline,result_1000.json,FG-DSCR,c020,default,edge-3,13,923.4,0.0,923.4,940.4,17.0,7194,0
baseline,result_1000.json,FG-DSCR,c530,default,edge-3,14,940.4,0.0,940.4,957.4,17.0,7194,0
baseline,result_1000.json,FG-DSCR,c140,default,edge-3,15,957.4,0.0,957.4,974.4,17.0,7194,0
baseline,result_1000.json,FG-DSCR,c920,default,edge-3,16,974.4,0.0,974.4,991.4,17.0,7194,0
baseline,result_1000.json,FG-DSCR,c680,default,edge-3,17,991.4,0.0,991.4,1008.4,17.0,7194,0
baseline,result_1000.json,FG-DSCR,c200,default,edge-3,18,1008.4,0.0,1008.4,1025.4,17.0,7194,0
baseline,result_1000.json,FG-DSCR,c350,default,edge-3,19,1025.4,0.0,1025.4,1042.4,17.0,7194,0
baseline,result_1000.json,FG-DSCR,c440,default,edge-3,20,1042.4,0.0,1042.4,1059.4,17.0,7194,0
baseline,result_1000.json,FG-DSCR,c410,default,edge-3,21,1059.4,0.0,1059.4,1076.4,17.0,7194,0
baseline,result_1000.json,FG-DSCR,c110,default,edge-3,22,1076.4,0.0,1076.4,1093.4,17.0,7194,0
baseline,result_1000.json,FG-DSCR,c980,default,edge-3,23,1093.4,0.0,1093.4,1110.4,17.0,7194,0
baseline,result_1000.json,FG-DSCR,c830,default,edge-3,24,1110.4,0.0,1110.4,1127.4,17.0,7194,0
baseline,result_1000.json,FG-DSCR,c320,default,edge-3,25,1127.4,0.0,1127.4,1144.4,17.0,7194,0
baseline,result_1000.json,FG-DSCR,c800,default,edge-3,26,1144.4,0.0,1144.4,1161.4,17.0,7194,0
baseline,result_1000.json,FG-DSCR,c230,default,edge-3,27,1161.4,0.0,1161.4,1178.4,17.0,7194,0
baseline,result_1000.json,FG-DSCR,c080,default,edge-3,28,1178.4,0.0,1178.4,1195.4,17.0,7194,0
baseline,result_1000.json,FG-DSCR,c740,default,edge-3,29,1195.4,0.0,1195.4,1212.4,17.0,7194,0
baseline,result_1000.json,FG-DSCR,c260,default,edge-3,30,1212.4,0.0,1212.4,1229.4,17.0,7194,0
baseline,result_1000.json,FG-DSCR,c290,default,edge-3,31,1229.4,0.0,1229.4,1246.4,17.0,7194,0
baseline,result_1000.json,FG-DSCR,c050,default,edge-3,32,1246.4,0.0,1246.4,1263.4,17.0,7194,0
baseline,result_1000.json,FG-DSCR,c590,default,edge-3,33,1263.4,0.0,1263.4,1280.4,17.0,7194,0
baseline,result_1000.json,FG-DSCR,c053,default,edge-3,34,1280.4,207.0,1487.4,1501.4,14.0,5690,2070
baseline,result_1000.json,FG-DSCR,c233,default,edge-3,35,1501.4,0.0,1501.4,1515.4,14.0,7760,0
baseline,result_1000.json,FG-DSCR,c143,default,edge-3,36,1515.4,0.0,1515.4,1529.4,14.0,7760,0
baseline,result_1000.json,FG-DSCR,c533,default,edge-3,37,1529.4,0.0,1529.4,1543.4,14.0,7760,0
baseline,result_1000.json,FG-DSCR,c353,default,edge-3,38,1543.4,0.0,1543.4,1557.4,14.0,7760,0
baseline,result_1000.json,FG-DSCR,c413,default,edge-3,39,1557.4,0.0,1557.4,1571.4,14.0,7760,0
baseline,result_1000.json,FG-DSCR,c773,default,edge-3,40,1571.4,0.0,1571.4,1585.4,14.0,7760,0
baseline,result_1000.json,FG-DSCR,c953,default,edge-3,41,1585.4,0.0,1585.4,1599.4,14.0,7760,0
baseline,result_1000.json,FG-DSCR,c203,default,edge-3,42,1599.4,0.0,1599.4,1613.4,14.0,7760,0
baseline,result_1000.json,FG-DSCR,c743,default,edge-3,43,1613.4,0.0,1613.4,1627.4,14.0,7760,0
baseline,result_1000.json,FG-DSCR,c683,default,edge-3,44,1627.4,0.0,1627.4,1641.4,14.0,7760,0
baseline,result_1000.json,FG-DSCR,c563,default,edge-3,45,1641.4,0.0,1641.4,1655.4,14.0,7760,0
baseline,result_1000.json,FG-DSCR,c263,default,edge-3,46,1655.4,0.0,1655.4,1669.4,14.0,7760,0
baseline,result_1000.json,FG-DSCR,c323,default,edge-3,47,1669.4,0.0,1669.4,1683.4,14.0,7760,0
baseline,result_1000.json,FG-DSCR,c443,default,edge-3,48,1683.4,0.0,1683.4,1697.4,14.0,7760,0
baseline,result_1000.json,FG-DSCR,c893,default,edge-3,49,1697.4,0.0,1697.4,1711.4,14.0,7760,0
baseline,result_1000.json,FG-DSCR,c653,default,edge-3,50,1711.4,0.0,1711.4,1725.4,14.0,7760,0
baseline,result_1000.json,FG-DSCR,c113,default,edge-3,51,1725.4,0.0,1725.4,1739.4,14.0,7760,0
baseline,result_1000.json,FG-DSCR,c173,default,edge-3,52,1739.4,0.0,1739.4,1753.4,14.0,7760,0
baseline,result_1000.json,FG-DSCR,c593,default,edge-3,53,1753.4,0.0,1753.4,1767.4,14.0,7760,0
baseline,result_1000.json,FG-DSCR,c983,default,edge-3,54,1767.4,0.0,1767.4,1781.4,14.0,7760,0
baseline,result_1000.json,FG-DSCR,c383,default,edge-3,55,1781.4,0.0,1781.4,1795.4,14.0,7760,0
baseline,result_1000.json,FG-DSCR,c473,default,edge-3,56,1795.4,0.0,1795.4,1809.4,14.0,7760,0
baseline,result_1000.json,FG-DSCR,c863,default,edge-3,57,1809.4,0.0,1809.4,1823.4,14.0,7760,0
baseline,result_1000.json,FG-DSCR,c083,default,edge-3,58,1823.4,0.0,1823.4,1837.4,14.0,7760,0
baseline,result_1000.json,FG-DSCR,c293,default,edge-3,59,1837.4,0.0,1837.4,1851.4,14.0,7760,0
baseline,result_1000.json,FG-DSCR,c713,default,edge-3,60,1851.4,0.0,1851.4,1865.4,14.0,7760,0
baseline,result_1000.json,FG-DSCR,c803,default,edge-3,61,1865.4,0.0,1865.4,1879.4,14.0,7760,0
baseline,result_1000.json,FG-DSCR,c023,default,edge-3,62,1879.4,0.0,1879.4,1893.4,14.0,7760,0
baseline,result_1000.json,FG-DSCR,c503,default,edge-3,63,1893.4,0.0,1893.4,1907.4,14.0,7760,0
baseline,result_1000.json,FG-DSCR,c623,default,edge-3,64,1907.4,0.0,1907.4,1921.4,14.0,7760,0
baseline,result_1000.json,FG-DSCR,c923,default,edge-3,65,1921.4,0.0,1921.4,1935.4,14.0,7760,0
baseline,result_1000.json,FG-DSCR,c833,default,edge-3,66,1935.4,0.0,1935.4,1949.4,14.0,7760,0
baseline,result_1000.json,FG-DSCR,c501,default,edge-3,67,1949.4,0.0,1949.4,1969.4,20.0,6414,0
baseline,result_1000.json,FG-DSCR,c021,default,edge-3,68,1969.4,0.0,1969.4,1989.4,20.0,6414,0
baseline,result_1000.json,FG-DSCR,c591,default,edge-3,69,1989.4,0.0,1989.4,2009.4,20.0,6414,0
baseline,result_1000.json,FG-DSCR,c441,default,edge-3,70,2009.4,0.0,2009.4,2029.4,20.0,6414,0
baseline,result_1000.json,FG-DSCR,c081,default,edge-3,71,2029.4,0.0,2029.4,2049.4,20.0,6414,0
baseline,result_1000.json,FG-DSCR,c981,default,edge-3,72,2049.4,0.0,2049.4,2069.4,20.0,6414,0
baseline,result_1000.json,FG-DSCR,c951,default,edge-3,73,2069.4,0.0,2069.4,2089.4,20.0,6414,0
baseline,result_1000.json,FG-DSCR,c801,default,edge-3,74,2089.4,0.0,2089.4,2109.4,20.0,6414,0
baseline,result_1000.json,FG-DSCR,c771,default,edge-3,75,2109.4,0.0,2109.4,2129.4,20.0,6414,0
baseline,result_1000.json,FG-DSCR,c141,default,edge-3,76,2129.4,0.0,2129.4,2149.4,20.0,6414,0
baseline,result_1000.json,FG-DSCR,c201,default,edge-3,77,2149.4,0.0,2149.4,2169.4,20.0,6414,0
baseline,result_1000.json,FG-DSCR,c861,default,edge-3,78,2169.4,0.0,2169.4,2189.4,20.0,6414,0
baseline,result_1000.json,FG-DSCR,c831,default,edge-3,79,2189.4,0.0,2189.4,2209.4,20.0,6414,0
baseline,result_1000.json,FG-DSCR,c651,default,edge-3,80,2209.4,0.0,2209.4,2229.4,20.0,6414,0
baseline,result_1000.json,FG-DSCR,c711,default,edge-3,81,2229.4,0.0,2229.4,2249.4,20.0,6414,0
baseline,result_1000.json,FG-DSCR,c291,default,edge-3,82,2249.4,0.0,2249.4,2269.4,20.0,6414,0
baseline,result_1000.json,FG-DSCR,c681,default,edge-3,83,2269.4,0.0,2269.4,2289.4,20.0,6414,0
baseline,result_1000.json,FG-DSCR,c171,default,edge-3,84,2289.4,0.0,2289.4,2309.4,20.0,6414,0
baseline,result_1000.json,FG-DSCR,c381,default,edge-3,85,2309.4,0.0,2309.4,2329.4,20.0,6414,0
baseline,result_1000.json,FG-DSCR,c231,default,edge-3,86,2329.4,0.0,2329.4,2349.4,20.0,6414,0
baseline,result_1000.json,FG-DSCR,c621,default,edge-3,87,2349.4,0.0,2349.4,2369.4,20.0,6414,0
baseline,result_1000.json,FG-DSCR,c471,default,edge-3,88,2369.4,0.0,2369.4,2389.4,20.0,6414,0
baseline,result_1000.json,FG-DSCR,c261,default,edge-3,89,2389.4,0.0,2389.4,2409.4,20.0,6414,0
baseline,result_1000.json,FG-DSCR,c411,default,edge-3,90,2409.4,0.0,2409.4,2429.4,20.0,6414,0
baseline,result_1000.json,FG-DSCR,c051,default,edge-3,91,2429.4,0.0,2429.4,2449.4,20.0,6414,0
baseline,result_1000.json,FG-DSCR,c531,default,edge-3,92,2449.4,0.0,2449.4,2469.4,20.0,6414,0
baseline,result_1000.json,FG-DSCR,c561,default,edge-3,93,2469.4,0.0,2469.4,2489.4,20.0,6414,0
baseline,result_1000.json,FG-DSCR,c891,default,edge-3,94,2489.4,0.0,2489.4,2509.4,20.0,6414,0
baseline,result_1000.json,FG-DSCR,c321,default,edge-3,95,2509.4,0.0,2509.4,2529.4,20.0,6414,0
baseline,result_1000.json,FG-DSCR,c921,default,edge-3,96,2529.4,0.0,2529.4,2549.4,20.0,6414,0
baseline,result_1000.json,FG-DSCR,c111,default,edge-3,97,2549.4,0.0,2549.4,2569.4,20.0,6414,0
baseline,result_1000.json,FG-DSCR,c741,default,edge-3,98,2569.4,0.0,2569.4,2589.4,20.0,6414,0
baseline,result_1000.json,FG-DSCR,c351,default,edge-3,99,2589.4,0.0,2589.4,2609.4,20.0,6414,0
baseline,result_1000.json,FG-DSCR,c529,default,edge-3,100,2609.4,90.1,2699.5,2713.5,14.0,5690,901
baseline,result_1000.json,FG-DSCR,c379,default,edge-3,101,2713.5,0.0,2713.5,2727.5,14.0,6591,0
baseline,result_1000.json,FG-DSCR,c739,default,edge-3,102,2727.5,0.0,2727.5,2741.5,14.0,6591,0
baseline,result_1000.json,FG-DSCR,c679,default,edge-3,103,2741.5,0.0,2741.5,2755.5,14.0,6591,0
baseline,result_1000.json,FG-DSCR,c442,default,edge-3,104,2755.5,0.0,2755.5,2778.5,23.0,6441,0
baseline,result_1000.json,FG-DSCR,c799,default,edge-3,105,2778.5,0.0,2778.5,2792.5,14.0,6591,0
baseline,result_1000.json,FG-DSCR,c952,default,edge-3,106,2792.5,0.0,2792.5,2815.5,23.0,6441,0
baseline,result_1000.json,FG-DSCR,c889,default,edge-3,107,2815.5,0.0,2815.5,2829.5,14.0,6591,0
baseline,result_1000.json,FG-DSCR,c652,default,edge-3,108,2829.5,0.0,2829.5,2852.5,23.0,6441,0
baseline,result_1000.json,FG-DSCR,c079,default,edge-3,109,2852.5,0.0,2852.5,2866.5,14.0,6591,0
baseline,result_1000.json,FG-DSCR,c802,default,edge-3,110,2866.5,0.0,2866.5,2889.5,23.0,6441,0
baseline,result_1000.json,FG-DSCR,c259,default,edge-3,111,2889.5,0.0,2889.5,2903.5,14.0,6591,0
baseline,result_1000.json,FG-DSCR,c232,default,edge-3,112,2903.5,0.0,2903.5,2926.5,23.0,6441,0
baseline,result_1000.json,FG-DSCR,c589,default,edge-3,113,2926.5,0.0,2926.5,2940.5,14.0,6591,0
baseline,result_1000.json,FG-DSCR,c292,default,edge-3,114,2940.5,0.0,2940.5,2963.5,23.0,6441,0
baseline,result_1000.json,FG-DSCR,c979,default,edge-3,115,2963.5,0.0,2963.5,2977.5,14.0,6591,0
baseline,result_1000.json,FG-DSCR,c862,default,edge-3,116,2977.5,0.0,2977.5,3000.5,23.0,6441,0
baseline,result_1000.json,FG-DSCR,c019,default,edge-3,117,3000.5,0.0,3000.5,3014.5,14.0,6591,0
baseline,result_1000.json,FG-DSCR,c922,default,edge-3,118,3014.5,0.0,3014.5,3037.5,23.0,6441,0
baseline,result_1000.json,FG-DSCR,c139,default,edge-3,119,3037.5,0.0,3037.5,3051.5,14.0,6591,0
baseline,result_1000.json,FG-DSCR,c772,default,edge-3,120,3051.5,0.0,3051.5,3074.5,23.0,6441,0
baseline,result_1000.json,FG-DSCR,c744,default,edge-3,121,3074.5,0.0,3074.5,3091.5,17.0,6411,0
baseline,result_1000.json,FG-DSCR,c382,default,edge-3,122,3091.5,0.0,3091.5,3114.5,23.0,6441,0
baseline,result_1000.json,FG-DSCR,c439,default,edge-3,123,3114.5,0.0,3114.5,3128.5,14.0,6591,0
baseline,result_1000.json,FG-DSCR,c204,default,edge-3,124,3128.5,0.0,3128.5,3145.5,17.0,6411,0
baseline,result_1000.json,FG-DSCR,c682,default,edge-3,125,3145.5,0.0,3145.5,3168.5,23.0,6441,0
baseline,result_1000.json,FG-DSCR,c384,default,edge-3,126,3168.5,0.0,3168.5,3185.5,17.0,6411,0
baseline,result_1000.json,FG-DSCR,c769,default,edge-3,127,3185.5,0.0,3185.5,3199.5,14.0,6591,0
baseline,result_1000.json,FG-DSCR,c262,default,edge-3,128,3199.5,0.0,3199.5,3222.5,23.0,6441,0
baseline,result_1000.json,FG-DSCR,c414,default,edge-3,129,3222.5,0.0,3222.5,3239.5,17.0,6411,0
baseline,result_1000.json,FG-DSCR,c499,default,edge-3,130,3239.5,0.0,3239.5,3253.5,14.0,6591,0
baseline,result_1000.json,FG-DSCR,c234,default,edge-3,131,3253.5,0.0,3253.5,3270.5,17.0,6411,0
baseline,result_1000.json,FG-DSCR,c112,default,edge-3,132,3270.5,0.0,3270.5,3293.5,23.0,6441,0
baseline,result_1000.json,FG-DSCR,c709,default,edge-3,133,3293.5,0.0,3293.5,3307.5,14.0,6591,0
baseline,result_1000.json,FG-DSCR,c684,default,edge-3,134,3307.5,0.0,3307.5,3324.5,17.0,6411,0
baseline,result_1000.json,FG-DSCR,c142,default,edge-3,135,3324.5,0.0,3324.5,3347.5,23.0,6441,0
baseline,result_1000.json,FG-DSCR,c444,default,edge-3,136,3347.5,0.0,3347.5,3364.5,17.0,6411,0
baseline,result_1000.json,FG-DSCR,c109,default,edge-3,137,3364.5,0.0,3364.5,3378.5,14.0,6591,0
baseline,result_1000.json,FG-DSCR,c114,default,edge-3,138,3378.5,0.0,3378.5,3395.5,17.0,6411,0
baseline,result_1000.json,FG-DSCR,c592,default,edge-3,139,3395.5,0.0,3395.5,3418.5,23.0,6441,0
baseline,result_1000.json,FG-DSCR,c199,default,edge-3,140,3418.5,0.0,3418.5,3432.5,14.0,6591,0
baseline,result_1000.json,FG-DSCR,c264,default,edge-3,141,3432.5,0.0,3432.5,3449.5,17.0,6411,0
baseline,result_1000.json,FG-DSCR,c412,default,edge-3,142,3449.5,0.0,3449.5,3472.5,23.0,6441,0
baseline,result_1000.json,FG-DSCR,c324,default,edge-3,143,3472.5,0.0,3472.5,3489.5,17.0,6411,0
baseline,result_1000.json,FG-DSCR,c469,default,edge-3,144,3489.5,0.0,3489.5,3503.5,14.0,6591,0
baseline,result_1000.json,FG-DSCR,c084,default,edge-3,145,3503.5,0.0,3503.5,3520.5,17.0,6411,0
baseline,result_1000.json,FG-DSCR,c832,default,edge-3,146,3520.5,0.0,3520.5,3543.5,23.0,6441,0
baseline,result_1000.json,FG-DSCR,c829,default,edge-3,147,3543.5,0.0,3543.5,3557.5,14.0,6591,0
baseline,result_1000.json,FG-DSCR,c894,default,edge-3,148,3557.5,0.0,3557.5,3574.5,17.0,6411,0
baseline,result_1000.json,FG-DSCR,c502,default,edge-3,149,3574.5,0.0,3574.5,3597.5,23.0,6441,0
baseline,result_1000.json,FG-DSCR,c144,default,edge-3,150,3597.5,0.0,3597.5,3614.5,17.0,6411,0
baseline,result_1000.json,FG-DSCR,c619,default,edge-3,151,3614.5,0.0,3614.5,3628.5,14.0,6591,0
baseline,result_1000.json,FG-DSCR,c892,default,edge-3,152,3628.5,0.0,3628.5,3651.5,23.0,6441,0
baseline,result_1000.json,FG-DSCR,c474,default,edge-3,153,3651.5,0.0,3651.5,3668.5,17.0,6411,0
baseline,result_1000.json,FG-DSCR,c982,default,edge-3,154,3668.5,0.0,3668.5,3691.5,23.0,6441,0
baseline,result_1000.json,FG-DSCR,c864,default,edge-3,155,3691.5,0.0,3691.5,3708.5,17.0,6411,0
baseline,result_1000.json,FG-DSCR,c289,default,edge-3,156,3708.5,0.0,3708.5,3722.5,14.0,6591,0
baseline,result_1000.json,FG-DSCR,c174,default,edge-3,157,3722.5,0.0,3722.5,3739.5,17.0,6411,0
baseline,result_1000.json,FG-DSCR,c322,default,edge-3,158,3739.5,0.0,3739.5,3762.5,23.0,6441,0
baseline,result_1000.json,FG-DSCR,c169,default,edge-3,159,3762.5,0.0,3762.5,3776.5,14.0,6591,0
baseline,result_1000.json,FG-DSCR,c624,default,edge-3,160,3776.5,0.0,3776.5,3793.5,17.0,6411,0
baseline,result_1000.json,FG-DSCR,c352,default,edge-3,161,3793.5,0.0,3793.5,3816.5,23.0,6441,0
baseline,result_1000.json,FG-DSCR,c774,default,edge-3,162,3816.5,0.0,3816.5,3833.5,17.0,6411,0
baseline,result_1000.json,FG-DSCR,c229,default,edge-3,163,3833.5,0.0,3833.5,3847.5,14.0,6591,0
baseline,result_1000.json,FG-DSCR,c564,default,edge-3,164,3847.5,0.0,3847.5,3864.5,17.0,6411,0
baseline,result_1000.json,FG-DSCR,c562,default,edge-3,165,3864.5,0.0,3864.5,3887.5,23.0,6441,0
baseline,result_1000.json,FG-DSCR,c559,default,edge-3,166,3887.5,0.0,3887.5,3901.5,14.0,6591,0
baseline,result_1000.json,FG-DSCR,c354,default,edge-3,167,3901.5,0.0,3901.5,3918.5,17.0,6411,0
baseline,result_1000.json,FG-DSCR,c742,default,edge-3,168,3918.5,0.0,3918.5,3941.5,23.0,6441,0
baseline,result_1000.json,FG-DSCR,c054,default,edge-3,169,3941.5,0.0,3941.5,3958.5,17.0,6411,0
baseline,result_1000.json,FG-DSCR,c349,default,edge-3,170,3958.5,0.0,3958.5,3972.5,14.0,6591,0
baseline,result_1000.json,FG-DSCR,c472,default,edge-3,171,3972.5,0.0,3972.5,3995.5,23.0,6441,0
baseline,result_1000.json,FG-DSCR,c534,default,edge-3,172,3995.5,0.0,3995.5,4012.5,17.0,6411,0
baseline,result_1000.json,FG-DSCR,c859,default,edge-3,173,4012.5,0.0,4012.5,4026.5,14.0,6591,0
baseline,result_1000.json,FG-DSCR,c594,default,edge-3,174,4026.5,0.0,4026.5,4043.5,17.0,6411,0
baseline,result_1000.json,FG-DSCR,c202,default,edge-3,175,4043.5,0.0,4043.5,4066.5,23.0,6441,0
baseline,result_1000.json,FG-DSCR,c924,default,edge-3,176,4066.5,0.0,4066.5,4083.5,17.0,6411,0
baseline,result_1000.json,FG-DSCR,c949,default,edge-3,177,4083.5,0.0,4083.5,4097.5,14.0,6591,0
baseline,result_1000.json,FG-DSCR,c082,default,edge-3,178,4097.5,0.0,4097.5,4120.5,23.0,6441,0
baseline,result_1000.json,FG-DSCR,c984,default,edge-3,179,4120.5,0.0,4120.5,4137.5,17.0,6411,0
baseline,result_1000.json,FG-DSCR,c049,default,edge-3,180,4137.5,0.0,4137.5,4151.5,14.0,6591,0
baseline,result_1000.json,FG-DSCR,c024,default,edge-3,181,4151.5,0.0,4151.5,4168.5,17.0,6411,0
baseline,result_1000.json,FG-DSCR,c622,default,edge-3,182,4168.5,0.0,4168.5,4191.5,23.0,6441,0
baseline,result_1000.json,FG-DSCR,c294,default,edge-3,183,4191.5,0.0,4191.5,4208.5,17.0,6411,0
baseline,result_1000.json,FG-DSCR,c409,default,edge-3,184,4208.5,0.0,4208.5,4222.5,14.0,6591,0
baseline,result_1000.json,FG-DSCR,c172,default,edge-3,185,4222.5,0.0,4222.5,4245.5,23.0,6441,0
baseline,result_1000.json,FG-DSCR,c714,default,edge-3,186,4245.5,0.0,4245.5,4262.5,17.0,6411,0
baseline,result_1000.json,FG-DSCR,c022,default,edge-3,187,4262.5,0.0,4262.5,4285.5,23.0,6441,0
baseline,result_1000.json,FG-DSCR,c504,default,edge-3,188,4285.5,0.0,4285.5,4302.5,17.0,6411,0
baseline,result_1000.json,FG-DSCR,c319,default,edge-3,189,4302.5,0.0,4302.5,4316.5,14.0,6591,0
baseline,result_1000.json,FG-DSCR,c834,default,edge-3,190,4316.5,0.0,4316.5,4333.5,17.0,6411,0
baseline,result_1000.json,FG-DSCR,c712,default,edge-3,191,4333.5,0.0,4333.5,4356.5,23.0,6441,0
baseline,result_1000.json,FG-DSCR,c649,default,edge-3,192,4356.5,0.0,4356.5,4370.5,14.0,6591,0
baseline,result_1000.json,FG-DSCR,c804,default,edge-3,193,4370.5,0.0,4370.5,4387.5,17.0,6411,0
baseline,result_1000.json,FG-DSCR,c052,default,edge-3,194,4387.5,0.0,4387.5,4410.5,23.0,6441,0
baseline,result_1000.json,FG-DSCR,c954,default,edge-3,195,4410.5,0.0,4410.5,4427.5,17.0,6411,0
baseline,result_1000.json,FG-DSCR,c919,default,edge-3,196,4427.5,0.0,4427.5,4441.5,14.0,6591,0
baseline,result_1000.json,FG-DSCR,c532,default,edge-3,197,4441.5,0.0,4441.5,4464.5,23.0,6441,0
baseline,result_1000.json,FG-DSCR,c654,default,edge-3,198,4464.5,0.0,4464.5,4481.5,17.0,6411,0
baseline,result_1000.json,FG-DSCR,c521,default,edge-4,1,0.0,3049.0,3049.0,3089.0,40.0,0,30490
baseline,result_1000.json,FG-DSCR,c941,default,edge-4,2,3089.0,0.0,3089.0,3129.0,40.0,30490,0
baseline,result_1000.json,FG-DSCR,c581,default,edge-4,3,3129.0,0.0,3129.0,3169.0,40.0,30490,0
baseline,result_1000.json,FG-DSCR,c851,default,edge-4,4,3169.0,0.0,3169.0,3209.0,40.0,30490,0
baseline,result_1000.json,FG-DSCR,c281,default,edge-4,5,3209.0,0.0,3209.0,3249.0,40.0,30490,0
baseline,result_1000.json,FG-DSCR,c311,default,edge-4,6,3249.0,0.0,3249.0,3289.0,40.0,30490,0
baseline,result_1000.json,FG-DSCR,c971,default,edge-4,7,3289.0,0.0,3289.0,3329.0,40.0,30490,0
baseline,result_1000.json,FG-DSCR,c371,default,edge-4,8,3329.0,0.0,3329.0,3369.0,40.0,30490,0
baseline,result_1000.json,FG-DSCR,c791,default,edge-4,9,3369.0,0.0,3369.0,3409.0,40.0,30490,0
baseline,result_1000.json,FG-DSCR,c191,default,edge-4,10,3409.0,0.0,3409.0,3449.0,40.0,30490,0
baseline,result_1000.json,FG-DSCR,c101,default,edge-4,11,3449.0,0.0,3449.0,3489.0,40.0,30490,0
baseline,result_1000.json,FG-DSCR,c461,default,edge-4,12,3489.0,0.0,3489.0,3529.0,40.0,30490,0
baseline,result_1000.json,FG-DSCR,c011,default,edge-4,13,3529.0,0.0,3529.0,3569.0,40.0,30490,0
baseline,result_1000.json,FG-DSCR,c431,default,edge-4,14,3569.0,0.0,3569.0,3609.0,40.0,30490,0
baseline,result_1000.json,FG-DSCR,c041,default,edge-4,15,3609.0,0.0,3609.0,3649.0,40.0,30490,0
baseline,result_1000.json,FG-DSCR,c731,default,edge-4,16,3649.0,0.0,3649.0,3689.0,40.0,30490,0
baseline,result_1000.json,FG-DSCR,c761,default,edge-4,17,3689.0,0.0,3689.0,3729.0,40.0,30490,0
baseline,result_1000.json,FG-DSCR,c341,default,edge-4,18,3729.0,0.0,3729.0,3769.0,40.0,30490,0
baseline,result_1000.json,FG-DSCR,c491,default,edge-4,19,3769.0,0.0,3769.0,3809.0,40.0,30490,0
baseline,result_1000.json,FG-DSCR,c821,default,edge-4,20,3809.0,0.0,3809.0,3849.0,40.0,30490,0
baseline,result_1000.json,FG-DSCR,c071,default,edge-4,21,3849.0,0.0,3849.0,3889.0,40.0,30490,0
baseline,result_1000.json,FG-DSCR,c881,default,edge-4,22,3889.0,0.0,3889.0,3929.0,40.0,30490,0
baseline,result_1000.json,FG-DSCR,c221,default,edge-4,23,3929.0,0.0,3929.0,3969.0,40.0,30490,0
baseline,result_1000.json,FG-DSCR,c641,default,edge-4,24,3969.0,0.0,3969.0,4009.0,40.0,30490,0
baseline,result_1000.json,FG-DSCR,c401,default,edge-4,25,4009.0,0.0,4009.0,4049.0,40.0,30490,0
baseline,result_1000.json,FG-DSCR,c131,default,edge-4,26,4049.0,0.0,4049.0,4089.0,40.0,30490,0
baseline,result_1000.json,FG-DSCR,c251,default,edge-4,27,4089.0,0.0,4089.0,4129.0,40.0,30490,0
baseline,result_1000.json,FG-DSCR,c551,default,edge-4,28,4129.0,0.0,4129.0,4169.0,40.0,30490,0
baseline,result_1000.json,FG-DSCR,c161,default,edge-4,29,4169.0,0.0,4169.0,4209.0,40.0,30490,0
baseline,result_1000.json,FG-DSCR,c911,default,edge-4,30,4209.0,0.0,4209.0,4249.0,40.0,30490,0
baseline,result_1000.json,FG-DSCR,c701,default,edge-4,31,4249.0,0.0,4249.0,4289.0,40.0,30490,0
baseline,result_1000.json,FG-DSCR,c611,default,edge-4,32,4289.0,0.0,4289.0,4329.0,40.0,30490,0
baseline,result_1000.json,FG-DSCR,c671,default,edge-4,33,4329.0,0.0,4329.0,4369.0,40.0,30490,0
baseline,result_1000.json,FG-DSCR,c342,default,edge-4,34,4369.0,940.0,5309.0,5352.0,43.0,23290,9400
baseline,result_1000.json,FG-DSCR,c252,default,edge-4,35,5352.0,0.0,5352.0,5395.0,43.0,32690,0
baseline,result_1000.json,FG-DSCR,c072,default,edge-4,36,5395.0,0.0,5395.0,5438.0,43.0,32690,0
baseline,result_1000.json,FG-DSCR,c132,default,edge-4,37,5438.0,0.0,5438.0,5481.0,43.0,32690,0
baseline,result_1000.json,FG-DSCR,c522,default,edge-4,38,5481.0,0.0,5481.0,5524.0,43.0,32690,0
baseline,result_1000.json,FG-DSCR,c732,default,edge-4,39,5524.0,0.0,5524.0,5567.0,43.0,32690,0
baseline,result_1000.json,FG-DSCR,c162,default,edge-4,40,5567.0,0.0,5567.0,5610.0,43.0,32690,0
baseline,result_1000.json,FG-DSCR,c972,default,edge-4,41,5610.0,0.0,5610.0,5653.0,43.0,32690,0
baseline,result_1000.json,FG-DSCR,c492,default,edge-4,42,5653.0,0.0,5653.0,5696.0,43.0,32690,0
baseline,result_1000.json,FG-DSCR,c102,default,edge-4,43,5696.0,0.0,5696.0,5739.0,43.0,32690,0
baseline,result_1000.json,FG-DSCR,c702,default,edge-4,44,5739.0,0.0,5739.0,5782.0,43.0,32690,0
baseline,result_1000.json,FG-DSCR,c402,default,edge-4,45,5782.0,0.0,5782.0,5825.0,43.0,32690,0
baseline,result_1000.json,FG-DSCR,c012,default,edge-4,46,5825.0,0.0,5825.0,5868.0,43.0,32690,0
baseline,result_1000.json,FG-DSCR,c462,default,edge-4,47,5868.0,0.0,5868.0,5911.0,43.0,32690,0
baseline,result_1000.json,FG-DSCR,c372,default,edge-4,48,5911.0,0.0,5911.0,5954.0,43.0,32690,0
baseline,result_1000.json,FG-DSCR,c042,default,edge-4,49,5954.0,0.0,5954.0,5997.0,43.0,32690,0
baseline,result_1000.json,FG-DSCR,c792,default,edge-4,50,5997.0,0.0,5997.0,6040.0,43.0,32690,0
baseline,result_1000.json,FG-DSCR,c552,default,edge-4,51,6040.0,0.0,6040.0,6083.0,43.0,32690,0
baseline,result_1000.json,FG-DSCR,c612,default,edge-4,52,6083.0,0.0,6083.0,6126.0,43.0,32690,0
baseline,result_1000.json,FG-DSCR,c222,default,edge-4,53,6126.0,0.0,6126.0,6169.0,43.0,32690,0
baseline,result_1000.json,FG-DSCR,c312,default,edge-4,54,6169.0,0.0,6169.0,6212.0,43.0,32690,0
baseline,result_1000.json,FG-DSCR,c642,default,edge-4,55,6212.0,0.0,6212.0,6255.0,43.0,32690,0
baseline,result_1000.json,FG-DSCR,c192,default,edge-4,56,6255.0,0.0,6255.0,6298.0,43.0,32690,0
baseline,result_1000.json,FG-DSCR,c912,default,edge-4,57,6298.0,0.0,6298.0,6341.0,43.0,32690,0
baseline,result_1000.json,FG-DSCR,c762,default,edge-4,58,6341.0,0.0,6341.0,6384.0,43.0,32690,0
baseline,result_1000.json,FG-DSCR,c942,default,edge-4,59,6384.0,0.0,6384.0,6427.0,43.0,32690,0
baseline,result_1000.json,FG-DSCR,c672,default,edge-4,60,6427.0,0.0,6427.0,6470.0,43.0,32690,0
baseline,result_1000.json,FG-DSCR,c882,default,edge-4,61,6470.0,0.0,6470.0,6513.0,43.0,32690,0
baseline,result_1000.json,FG-DSCR,c432,default,edge-4,62,6513.0,0.0,6513.0,6556.0,43.0,32690,0
baseline,result_1000.json,FG-DSCR,c822,default,edge-4,63,6556.0,0.0,6556.0,6599.0,43.0,32690,0
baseline,result_1000.json,FG-DSCR,c582,default,edge-4,64,6599.0,0.0,6599.0,6642.0,43.0,32690,0
baseline,result_1000.json,FG-DSCR,c852,default,edge-4,65,6642.0,0.0,6642.0,6685.0,43.0,32690,0
baseline,result_1000.json,FG-DSCR,c282,default,edge-4,66,6685.0,0.0,6685.0,6728.0,43.0,32690,0
baseline,result_1000.json,FG-DSCR,c637,default,edge-4,67,6728.0,962.0,7690.0,7730.0,40.0,20590,9620
baseline,result_1000.json,FG-DSCR,c877,default,edge-4,68,7730.0,0.0,7730.0,7770.0,40.0,30210,0
baseline,result_1000.json,FG-DSCR,c187,default,edge-4,69,7770.0,0.0,7770.0,7810.0,40.0,30210,0
baseline,result_1000.json,FG-DSCR,c307,default,edge-4,70,7810.0,0.0,7810.0,7850.0,40.0,30210,0
baseline,result_1000.json,FG-DSCR,c397,default,edge-4,71,7850.0,0.0,7850.0,7890.0,40.0,30210,0
baseline,result_1000.json,FG-DSCR,c667,default,edge-4,72,7890.0,0.0,7890.0,7930.0,40.0,30210,0
baseline,result_1000.json,FG-DSCR,c847,default,edge-4,73,7930.0,0.0,7930.0,7970.0,40.0,30210,0
baseline,result_1000.json,FG-DSCR,c097,default,edge-4,74,7970.0,0.0,7970.0,8010.0,40.0,30210,0
baseline,result_1000.json,FG-DSCR,c697,default,edge-4,75,8010.0,0.0,8010.0,8050.0,40.0,30210,0
baseline,result_1000.json,FG-DSCR,c217,default,edge-4,76,8050.0,0.0,8050.0,8090.0,40.0,30210,0
baseline,result_1000.json,FG-DSCR,c007,default,edge-4,77,8090.0,0.0,8090.0,8130.0,40.0,30210,0
baseline,result_1000.json,FG-DSCR,c517,default,edge-4,78,8130.0,0.0,8130.0,8170.0,40.0,30210,0
baseline,result_1000.json,FG-DSCR,c817,default,edge-4,79,8170.0,0.0,8170.0,8210.0,40.0,30210,0
baseline,result_1000.json,FG-DSCR,c727,default,edge-4,80,8210.0,0.0,8210.0,8250.0,40.0,30210,0
baseline,result_1000.json,FG-DSCR,c427,default,edge-4,81,8250.0,0.0,8250.0,8290.0,40.0,30210,0
baseline,result_1000.json,FG-DSCR,c967,default,edge-4,82,8290.0,0.0,8290.0,8330.0,40.0,30210,0
baseline,result_1000.json,FG-DSCR,c607,default,edge-4,83,8330.0,0.0,8330.0,8370.0,40.0,30210,0
baseline,result_1000.json,FG-DSCR,c127,default,edge-4,84,8370.0,0.0,8370.0,8410.0,40.0,30210,0
baseline,result_1000.json,FG-DSCR,c547,default,edge-4,85,8410.0,0.0,8410.0,8450.0,40.0,30210,0
baseline,result_1000.json,FG-DSCR,c247,default,edge-4,86,8450.0,0.0,8450.0,8490.0,40.0,30210,0
baseline,result_1000.json,FG-DSCR,c940,default,edge-4,87,8490.0,150.0,8640.0,8689.0,49.0,25090,1500
baseline,result_1000.json,FG-DSCR,c160,default,edge-4,88,8689.0,0.0,8689.0,8738.0,49.0,26590,0
baseline,result_1000.json,FG-DSCR,c370,default,edge-4,89,8738.0,0.0,8738.0,8787.0,49.0,26590,0
baseline,result_1000.json,FG-DSCR,c130,default,edge-4,90,8787.0,0.0,8787.0,8836.0,49.0,26590,0
baseline,result_1000.json,FG-DSCR,c787,default,edge-4,91,8836.0,0.0,8836.0,8876.0,40.0,30210,0
baseline,result_1000.json,FG-DSCR,c310,default,edge-4,92,8876.0,0.0,8876.0,8925.0,49.0,26590,0
baseline,result_1000.json,FG-DSCR,c367,default,edge-4,93,8925.0,0.0,8925.0,8965.0,40.0,30210,0
baseline,result_1000.json,FG-DSCR,c610,default,edge-4,94,8965.0,0.0,8965.0,9014.0,49.0,26590,0
baseline,result_1000.json,FG-DSCR,c937,default,edge-4,95,9014.0,0.0,9014.0,9054.0,40.0,30210,0
baseline,result_1000.json,FG-DSCR,c820,default,edge-4,96,9054.0,0.0,9054.0,9103.0,49.0,26590,0
baseline,result_1000.json,FG-DSCR,c760,default,edge-4,97,9103.0,0.0,9103.0,9152.0,49.0,26590,0
baseline,result_1000.json,FG-DSCR,c067,default,edge-4,98,9152.0,0.0,9152.0,9192.0,40.0,30210,0
baseline,result_1000.json,FG-DSCR,c880,default,edge-4,99,9192.0,0.0,9192.0,9241.0,49.0,26590,0
baseline,result_1000.json,FG-DSCR,c457,default,edge-4,100,9241.0,0.0,9241.0,9281.0,40.0,30210,0
baseline,result_1000.json,FG-DSCR,c970,default,edge-4,101,9281.0,0.0,9281.0,9330.0,49.0,26590,0
baseline,result_1000.json,FG-DSCR,c997,default,edge-4,102,9330.0,0.0,9330.0,9370.0,40.0,30210,0
baseline,result_1000.json,FG-DSCR,c010,default,edge-4,103,9370.0,0.0,9370.0,9419.0,49.0,26590,0
baseline,result_1000.json,FG-DSCR,c037,default,edge-4,104,9419.0,0.0,9419.0,9459.0,40.0,30210,0
baseline,result_1000.json,FG-DSCR,c700,default,edge-4,105,9459.0,0.0,9459.0,9508.0,49.0,26590,0
baseline,result_1000.json,FG-DSCR,c907,default,edge-4,106,9508.0,0.0,9508.0,9548.0,40.0,30210,0
baseline,result_1000.json,FG-DSCR,c670,default,edge-4,107,9548.0,0.0,9548.0,9597.0,49.0,26590,0
baseline,result_1000.json,FG-DSCR,c577,default,edge-4,108,9597.0,0.0,9597.0,9637.0,40.0,30210,0
baseline,result_1000.json,FG-DSCR,c220,default,edge-4,109,9637.0,0.0,9637.0,9686.0,49.0,26590,0
baseline,result_1000.json,FG-DSCR,c580,default,edge-4,110,9686.0,0.0,9686.0,9735.0,49.0,26590,0
baseline,result_1000.json,FG-DSCR,c337,default,edge-4,111,9735.0,0.0,9735.0,9775.0,40.0,30210,0
baseline,result_1000.json,FG-DSCR,c520,default,edge-4,112,9775.0,0.0,9775.0,9824.0,49.0,26590,0
baseline,result_1000.json,FG-DSCR,c157,default,edge-4,113,9824.0,0.0,9824.0,9864.0,40.0,30210,0
baseline,result_1000.json,FG-DSCR,c340,default,edge-4,114,9864.0,0.0,9864.0,9913.0,49.0,26590,0
baseline,result_1000.json,FG-DSCR,c487,default,edge-4,115,9913.0,0.0,9913.0,9953.0,40.0,30210,0
baseline,result_1000.json,FG-DSCR,c040,default,edge-4,116,9953.0,0.0,9953.0,10002.0,49.0,26590,0
baseline,result_1000.json,FG-DSCR,c757,default,edge-4,117,10002.0,0.0,10002.0,10042.0,40.0,30210,0
baseline,result_1000.json,FG-DSCR,c100,default,edge-4,118,10042.0,0.0,10042.0,10091.0,49.0,26590,0
baseline,result_1000.json,FG-DSCR,c277,default,edge-4,119,10091.0,0.0,10091.0,10131.0,40.0,30210,0
baseline,result_1000.json,FG-DSCR,c280,default,edge-4,120,10131.0,0.0,10131.0,10180.0,49.0,26590,0
baseline,result_1000.json,FG-DSCR,c460,default,edge-4,121,10180.0,0.0,10180.0,10229.0,49.0,26590,0
baseline,result_1000.json,FG-DSCR,c190,default,edge-4,122,10229.0,0.0,10229.0,10278.0,49.0,26590,0
baseline,result_1000.json,FG-DSCR,c550,default,edge-4,123,10278.0,0.0,10278.0,10327.0,49.0,26590,0
baseline,result_1000.json,FG-DSCR,c968,default,edge-4,124,10327.0,0.8,10327.8,10370.8,43.0,22610,8
baseline,result_1000.json,FG-DSCR,c278,default,edge-4,125,10370.8,0.0,10370.8,10413.8,43.0,22618,0
baseline,result_1000.json,FG-DSCR,c428,default,edge-4,126,10413.8,0.0,10413.8,10456.8,43.0,22618,0
baseline,result_1000.json,FG-DSCR,c488,default,edge-4,127,10456.8,0.0,10456.8,10499.8,43.0,22618,0
baseline,result_1000.json,FG-DSCR,c518,default,edge-4,128,10499.8,0.0,10499.8,10542.8,43.0,22618,0
baseline,result_1000.json,FG-DSCR,c458,default,edge-4,129,10542.8,0.0,10542.8,10585.8,43.0,22618,0
baseline,result_1000.json,FG-DSCR,c218,default,edge-4,130,10585.8,0.0,10585.8,10628.8,43.0,22618,0
baseline,result_1000.json,FG-DSCR,c188,default,edge-4,131,10628.8,0.0,10628.8,10671.8,43.0,22618,0
baseline,result_1000.json,FG-DSCR,c158,default,edge-4,132,10671.8,0.0,10671.8,10714.8,43.0,22618,0
baseline,result_1000.json,FG-DSCR,c368,default,edge-4,133,10714.8,0.0,10714.8,10757.8,43.0,22618,0
baseline,result_1000.json,FG-DSCR,c429,default,edge-4,134,10757.8,0.0,10757.8,10803.8,46.0,16118,0
baseline,result_1000.json,FG-DSCR,c038,default,edge-4,135,10803.8,0.0,10803.8,10846.8,43.0,22618,0
baseline,result_1000.json,FG-DSCR,c789,default,edge-4,136,10846.8,0.0,10846.8,10892.8,46.0,16118,0
baseline,result_1000.json,FG-DSCR,c339,default,edge-4,137,10892.8,0.0,10892.8,10938.8,46.0,16118,0
baseline,result_1000.json,FG-DSCR,c578,default,edge-4,138,10938.8,0.0,10938.8,10981.8,43.0,22618,0
baseline,result_1000.json,FG-DSCR,c189,default,edge-4,139,10981.8,0.0,10981.8,11027.8,46.0,16118,0
baseline,result_1000.json,FG-DSCR,c699,default,edge-4,140,11027.8,0.0,11027.8,11073.8,46.0,16118,0
baseline,result_1000.json,FG-DSCR,c878,default,edge-4,141,11073.8,0.0,11073.8,11116.8,43.0,22618,0
baseline,result_1000.json,FG-DSCR,c999,default,edge-4,142,11116.8,0.0,11116.8,11162.8,46.0,16118,0
baseline,result_1000.json,FG-DSCR,c938,default,edge-4,143,11162.8,0.0,11162.8,11205.8,43.0,22618,0
baseline,result_1000.json,FG-DSCR,c549,default,edge-4,144,11205.8,0.0,11205.8,11251.8,46.0,16118,0
baseline,result_1000.json,FG-DSCR,c249,default,edge-4,145,11251.8,0.0,11251.8,11297.8,46.0,16118,0
baseline,result_1000.json,FG-DSCR,c128,default,edge-4,146,11297.8,0.0,11297.8,11340.8,43.0,22618,0
baseline,result_1000.json,FG-DSCR,c039,default,edge-4,147,11340.8,0.0,11340.8,11386.8,46.0,16118,0
baseline,result_1000.json,FG-DSCR,c639,default,edge-4,148,11386.8,0.0,11386.8,11432.8,46.0,16118,0
baseline,result_1000.json,FG-DSCR,c098,default,edge-4,149,11432.8,0.0,11432.8,11475.8,43.0,22618,0
baseline,result_1000.json,FG-DSCR,c669,default,edge-4,150,11475.8,0.0,11475.8,11521.8,46.0,16118,0
baseline,result_1000.json,FG-DSCR,c668,default,edge-4,151,11521.8,0.0,11521.8,11564.8,43.0,22618,0
baseline,result_1000.json,FG-DSCR,c459,default,edge-4,152,11564.8,0.0,11564.8,11610.8,46.0,16118,0
baseline,result_1000.json,FG-DSCR,c309,default,edge-4,153,11610.8,0.0,11610.8,11656.8,46.0,16118,0
baseline,result_1000.json,FG-DSCR,c908,default,edge-4,154,11656.8,0.0,11656.8,11699.8,43.0,22618,0
baseline,result_1000.json,FG-DSCR,c969,default,edge-4,155,11699.8,0.0,11699.8,11745.8,46.0,16118,0
baseline,result_1000.json,FG-DSCR,c489,default,edge-4,156,11745.8,0.0,11745.8,11791.8,46.0,16118,0
baseline,result_1000.json,FG-DSCR,c728,default,edge-4,157,11791.8,0.0,11791.8,11834.8,43.0,22618,0
baseline,result_1000.json,FG-DSCR,c159,default,edge-4,158,11834.8,0.0,11834.8,11880.8,46.0,16118,0
baseline,result_1000.json,FG-DSCR,c279,default,edge-4,159,11880.8,0.0,11880.8,11926.8,46.0,16118,0
baseline,result_1000.json,FG-DSCR,c848,default,edge-4,160,11926.8,0.0,11926.8,11969.8,43.0,22618,0
baseline,result_1000.json,FG-DSCR,c759,default,edge-4,161,11969.8,0.0,11969.8,12015.8,46.0,16118,0
baseline,result_1000.json,FG-DSCR,c608,default,edge-4,162,12015.8,0.0,12015.8,12058.8,43.0,22618,0
baseline,result_1000.json,FG-DSCR,c129,default,edge-4,163,12058.8,0.0,12058.8,12104.8,46.0,16118,0
baseline,result_1000.json,FG-DSCR,c369,default,edge-4,164,12104.8,0.0,12104.8,12150.8,46.0,16118,0
baseline,result_1000.json,FG-DSCR,c638,default,edge-4,165,12150.8,0.0,12150.8,12193.8,43.0,22618,0
baseline,result_1000.json,FG-DSCR,c519,default,edge-4,166,12193.8,0.0,12193.8,12239.8,46.0,16118,0
baseline,result_1000.json,FG-DSCR,c909,default,edge-4,167,12239.8,0.0,12239.8,12285.8,46.0,16118,0
baseline,result_1000.json,FG-DSCR,c068,default,edge-4,168,12285.8,0.0,12285.8,12328.8,43.0,22618,0
baseline,result_1000.json,FG-DSCR,c849,default,edge-4,169,12328.8,0.0,12328.8,12374.8,46.0,16118,0
baseline,result_1000.json,FG-DSCR,c338,default,edge-4,170,12374.8,0.0,12374.8,12417.8,43.0,22618,0
baseline,result_1000.json,FG-DSCR,c819,default,edge-4,171,12417.8,0.0,12417.8,12463.8,46.0,16118,0
baseline,result_1000.json,FG-DSCR,c729,default,edge-4,172,12463.8,0.0,12463.8,12509.8,46.0,16118,0
baseline,result_1000.json,FG-DSCR,c698,default,edge-4,173,12509.8,0.0,12509.8,12552.8,43.0,22618,0
baseline,result_1000.json,FG-DSCR,c099,default,edge-4,174,12552.8,0.0,12552.8,12598.8,46.0,16118,0
baseline,result_1000.json,FG-DSCR,c399,default,edge-4,175,12598.8,0.0,12598.8,12644.8,46.0,16118,0
baseline,result_1000.json,FG-DSCR,c308,default,edge-4,176,12644.8,0.0,12644.8,12687.8,43.0,22618,0
baseline,result_1000.json,FG-DSCR,c939,default,edge-4,177,12687.8,0.0,12687.8,12733.8,46.0,16118,0
baseline,result_1000.json,FG-DSCR,c398,default,edge-4,178,12733.8,0.0,12733.8,12776.8,43.0,22618,0
baseline,result_1000.json,FG-DSCR,c009,default,edge-4,179,12776.8,0.0,12776.8,12822.8,46.0,16118,0
baseline,result_1000.json,FG-DSCR,c879,default,edge-4,180,12822.8,0.0,12822.8,12868.8,46.0,16118,0
baseline,result_1000.json,FG-DSCR,c758,default,edge-4,181,12868.8,0.0,12868.8,12911.8,43.0,22618,0
baseline,result_1000.json,FG-DSCR,c609,default,edge-4,182,12911.8,0.0,12911.8,12957.8,46.0,16118,0
baseline,result_1000.json,FG-DSCR,c219,default,edge-4,183,12957.8,0.0,12957.8,13003.8,46.0,16118,0
baseline,result_1000.json,FG-DSCR,c818,default,edge-4,184,13003.8,0.0,13003.8,13046.8,43.0,22618,0
baseline,result_1000.json,FG-DSCR,c069,default,edge-4,185,13046.8,0.0,13046.8,13092.8,46.0,16118,0
baseline,result_1000.json,FG-DSCR,c998,default,edge-4,186,13092.8,0.0,13092.8,13135.8,43.0,22618,0
baseline,result_1000.json,FG-DSCR,c579,default,edge-4,187,13135.8,0.0,13135.8,13181.8,46.0,16118,0
baseline,result_1000.json,FG-DSCR,c248,default,edge-4,188,13181.8,0.0,13181.8,13224.8,43.0,22618,0
baseline,result_1000.json,FG-DSCR,c008,default,edge-4,189,13224.8,0.0,13224.8,13267.8,43.0,22618,0
baseline,result_1000.json,FG-DSCR,c788,default,edge-4,190,13267.8,0.0,13267.8,13310.8,43.0,22618,0
baseline,result_1000.json,FG-DSCR,c548,default,edge-4,191,13310.8,0.0,13310.8,13353.8,43.0,22618,0
baseline,result_1000.json,FG-DSCR,c400,default,edge-4,192,13353.8,940.0,14293.8,14342.8,49.0,17190,9400
baseline,result_1000.json,FG-DSCR,c490,default,edge-4,193,14342.8,0.0,14342.8,14391.8,49.0,26590,0
baseline,result_1000.json,FG-DSCR,c070,default,edge-4,194,14391.8,0.0,14391.8,14440.8,49.0,26590,0
baseline,result_1000.json,FG-DSCR,c430,default,edge-4,195,14440.8,0.0,14440.8,14489.8,49.0,26590,0
baseline,result_1000.json,FG-DSCR,c1000,default,edge-4,196,14489.8,0.0,14489.8,14538.8,49.0,26590,0
baseline,result_1000.json,FG-DSCR,c790,default,edge-4,197,14538.8,0.0,14538.8,14587.8,49.0,26590,0
baseline,result_1000.json,FG-DSCR,c850,default,edge-4,198,14587.8,0.0,14587.8,14636.8,49.0,26590,0
baseline,result_1000.json,FG-DSCR,c250,default,edge-4,199,14636.8,0.0,14636.8,14685.8,49.0,26590,0
baseline,result_1000.json,FG-DSCR,c640,default,edge-4,200,14685.8,0.0,14685.8,14734.8,49.0,26590,0
baseline,result_1000.json,FG-DSCR,c730,default,edge-4,201,14734.8,0.0,14734.8,14783.8,49.0,26590,0
baseline,result_1000.json,FG-DSCR,c910,default,edge-4,202,14783.8,0.0,14783.8,14832.8,49.0,26590,0
baseline,result_1000.json,FG-DSCR,c135,default,edge-6,1,0.0,1257.4,1257.4,1285.4,28.0,0,12574
baseline,result_1000.json,FG-DSCR,c765,default,edge-6,2,1285.4,0.0,1285.4,1313.4,28.0,12574,0
baseline,result_1000.json,FG-DSCR,c465,default,edge-6,3,1313.4,0.0,1313.4,1341.4,28.0,12574,0
baseline,result_1000.json,FG-DSCR,c825,default,edge-6,4,1341.4,0.0,1341.4,1369.4,28.0,12574,0
baseline,result_1000.json,FG-DSCR,c255,default,edge-6,5,1369.4,0.0,1369.4,1397.4,28.0,12574,0
baseline,result_1000.json,FG-DSCR,c945,default,edge-6,6,1397.4,0.0,1397.4,1425.4,28.0,12574,0
baseline,result_1000.json,FG-DSCR,c045,default,edge-6,7,1425.4,0.0,1425.4,1453.4,28.0,12574,0
baseline,result_1000.json,FG-DSCR,c705,default,edge-6,8,1453.4,0.0,1453.4,1481.4,28.0,12574,0
baseline,result_1000.json,FG-DSCR,c195,default,edge-6,9,1481.4,0.0,1481.4,1509.4,28.0,12574,0
baseline,result_1000.json,FG-DSCR,c675,default,edge-6,10,1509.4,0.0,1509.4,1537.4,28.0,12574,0
baseline,result_1000.json,FG-DSCR,c885,default,edge-6,11,1537.4,0.0,1537.4,1565.4,28.0,12574,0
baseline,result_1000.json,FG-DSCR,c225,default,edge-6,12,1565.4,0.0,1565.4,1593.4,28.0,12574,0
baseline,result_1000.json,FG-DSCR,c345,default,edge-6,13,1593.4,0.0,1593.4,1621.4,28.0,12574,0
baseline,result_1000.json,FG-DSCR,c165,default,edge-6,14,1621.4,0.0,1621.4,1649.4,28.0,12574,0
baseline,result_1000.json,FG-DSCR,c525,default,edge-6,15,1649.4,0.0,1649.4,1677.4,28.0,12574,0
baseline,result_1000.json,FG-DSCR,c795,default,edge-6,16,1677.4,0.0,1677.4,1705.4,28.0,12574,0
baseline,result_1000.json,FG-DSCR,c615,default,edge-6,17,1705.4,0.0,1705.4,1733.4,28.0,12574,0
baseline,result_1000.json,FG-DSCR,c405,default,edge-6,18,1733.4,0.0,1733.4,1761.4,28.0,12574,0
baseline,result_1000.json,FG-DSCR,c585,default,edge-6,19,1761.4,0.0,1761.4,1789.4,28.0,12574,0
baseline,result_1000.json,FG-DSCR,c735,default,edge-6,20,1789.4,0.0,1789.4,1817.4,28.0,12574,0
baseline,result_1000.json,FG-DSCR,c285,default,edge-6,21,1817.4,0.0,1817.4,1845.4,28.0,12574,0
baseline,result_1000.json,FG-DSCR,c495,default,edge-6,22,1845.4,0.0,1845.4,1873.4,28.0,12574,0
baseline,result_1000.json,FG-DSCR,c555,default,edge-6,23,1873.4,0.0,1873.4,1901.4,28.0,12574,0
baseline,result_1000.json,FG-DSCR,c315,default,edge-6,24,1901.4,0.0,1901.4,1929.4,28.0,12574,0
baseline,result_1000.json,FG-DSCR,c435,default,edge-6,25,1929.4,0.0,1929.4,1957.4,28.0,12574,0
baseline,result_1000.json,FG-DSCR,c855,default,edge-6,26,1957.4,0.0,1957.4,1985.4,28.0,12574,0
baseline,result_1000.json,FG-DSCR,c075,default,edge-6,27,1985.4,0.0,1985.4,2013.4,28.0,12574,0
baseline,result_1000.json,FG-DSCR,c015,default,edge-6,28,2013.4,0.0,2013.4,2041.4,28.0,12574,0
baseline,result_1000.json,FG-DSCR,c105,default,edge-6,29,2041.4,0.0,2041.4,2069.4,28.0,12574,0
baseline,result_1000.json,FG-DSCR,c915,default,edge-6,30,2069.4,0.0,2069.4,2097.4,28.0,12574,0
baseline,result_1000.json,FG-DSCR,c975,default,edge-6,31,2097.4,0.0,2097.4,2125.4,28.0,12574,0
baseline,result_1000.json,FG-DSCR,c375,default,edge-6,32,2125.4,0.0,2125.4,2153.4,28.0,12574,0
baseline,result_1000.json,FG-DSCR,c645,default,edge-6,33,2153.4,0.0,2153.4,2181.4,28.0,12574,0
baseline,result_1000.json,FG-DSCR,c914,default,edge-6,34,2181.4,832.0,3013.4,3038.4,25.0,11920,8320
baseline,result_1000.json,FG-DSCR,c674,default,edge-6,35,3038.4,0.0,3038.4,3063.4,25.0,20240,0
baseline,result_1000.json,FG-DSCR,c464,default,edge-6,36,3063.4,0.0,3063.4,3088.4,25.0,20240,0
baseline,result_1000.json,FG-DSCR,c734,default,edge-6,37,3088.4,0.0,3088.4,3113.4,25.0,20240,0
baseline,result_1000.json,FG-DSCR,c494,default,edge-6,38,3113.4,0.0,3113.4,3138.4,25.0,20240,0
baseline,result_1000.json,FG-DSCR,c374,default,edge-6,39,3138.4,0.0,3138.4,3163.4,25.0,20240,0
baseline,result_1000.json,FG-DSCR,c014,default,edge-6,40,3163.4,0.0,3163.4,3188.4,25.0,20240,0
baseline,result_1000.json,FG-DSCR,c554,default,edge-6,41,3188.4,0.0,3188.4,3213.4,25.0,20240,0
baseline,result_1000.json,FG-DSCR,c434,default,edge-6,42,3213.4,0.0,3213.4,3238.4,25.0,20240,0
baseline,result_1000.json,FG-DSCR,c644,default,edge-6,43,3238.4,0.0,3238.4,3263.4,25.0,20240,0
baseline,result_1000.json,FG-DSCR,c104,default,edge-6,44,3263.4,0.0,3263.4,3288.4,25.0,20240,0
baseline,result_1000.json,FG-DSCR,c224,default,edge-6,45,3288.4,0.0,3288.4,3313.4,25.0,20240,0
baseline,result_1000.json,FG-DSCR,c884,default,edge-6,46,3313.4,0.0,3313.4,3338.4,25.0,20240,0
baseline,result_1000.json,FG-DSCR,c074,default,edge-6,47,3338.4,0.0,3338.4,3363.4,25.0,20240,0
baseline,result_1000.json,FG-DSCR,c704,default,edge-6,48,3363.4,0.0,3363.4,3388.4,25.0,20240,0
baseline,result_1000.json,FG-DSCR,c794,default,edge-6,49,3388.4,0.0,3388.4,3413.4,25.0,20240,0
baseline,result_1000.json,FG-DSCR,c314,default,edge-6,50,3413.4,0.0,3413.4,3438.4,25.0,20240,0
baseline,result_1000.json,FG-DSCR,c584,default,edge-6,51,3438.4,0.0,3438.4,3463.4,25.0,20240,0
baseline,result_1000.json,FG-DSCR,c614,default,edge-6,52,3463.4,0.0,3463.4,3488.4,25.0,20240,0
baseline,result_1000.json,FG-DSCR,c764,default,edge-6,53,3488.4,0.0,3488.4,3513.4,25.0,20240,0
baseline,result_1000.json,FG-DSCR,c824,default,edge-6,54,3513.4,0.0,3513.4,3538.4,25.0,20240,0
baseline,result_1000.json,FG-DSCR,c344,default,edge-6,55,3538.4,0.0,3538.4,3563.4,25.0,20240,0
baseline,result_1000.json,FG-DSCR,c284,default,edge-6,56,3563.4,0.0,3563.4,3588.4,25.0,20240,0
baseline,result_1000.json,FG-DSCR,c254,default,edge-6,57,3588.4,0.0,3588.4,3613.4,25.0,20240,0
baseline,result_1000.json,FG-DSCR,c944,default,edge-6,58,3613.4,0.0,3613.4,3638.4,25.0,20240,0
baseline,result_1000.json,FG-DSCR,c404,default,edge-6,59,3638.4,0.0,3638.4,3663.4,25.0,20240,0
baseline,result_1000.json,FG-DSCR,c524,default,edge-6,60,3663.4,0.0,3663.4,3688.4,25.0,20240,0
baseline,result_1000.json,FG-DSCR,c194,default,edge-6,61,3688.4,0.0,3688.4,3713.4,25.0,20240,0
baseline,result_1000.json,FG-DSCR,c974,default,edge-6,62,3713.4,0.0,3713.4,3738.4,25.0,20240,0
baseline,result_1000.json,FG-DSCR,c044,default,edge-6,63,3738.4,0.0,3738.4,3763.4,25.0,20240,0
baseline,result_1000.json,FG-DSCR,c854,default,edge-6,64,3763.4,0.0,3763.4,3788.4,25.0,20240,0
baseline,result_1000.json,FG-DSCR,c164,default,edge-6,65,3788.4,0.0,3788.4,3813.4,25.0,20240,0
baseline,result_1000.json,FG-DSCR,c134,default,edge-6,66,3813.4,0.0,3813.4,3838.4,25.0,20240,0
baseline,result_1000.json,FG-DSCR,c887,default,edge-6,67,3838.4,180.2,4018.6,4040.6,22.0,4470,1802
baseline,result_1000.json,FG-DSCR,c647,default,edge-6,68,4040.6,0.0,4040.6,4062.6,22.0,6272,0
baseline,result_1000.json,FG-DSCR,c017,default,edge-6,69,4062.6,0.0,4062.6,4084.6,22.0,6272,0
baseline,result_1000.json,FG-DSCR,c347,default,edge-6,70,4084.6,0.0,4084.6,4106.6,22.0,6272,0
baseline,result_1000.json,FG-DSCR,c197,default,edge-6,71,4106.6,0.0,4106.6,4128.6,22.0,6272,0
baseline,result_1000.json,FG-DSCR,c167,default,edge-6,72,4128.6,0.0,4128.6,4150.6,22.0,6272,0
baseline,result_1000.json,FG-DSCR,c587,default,edge-6,73,4150.6,0.0,4150.6,4172.6,22.0,6272,0
baseline,result_1000.json,FG-DSCR,c617,default,edge-6,74,4172.6,0.0,4172.6,4194.6,22.0,6272,0
baseline,result_1000.json,FG-DSCR,c437,default,edge-6,75,4194.6,0.0,4194.6,4216.6,22.0,6272,0
baseline,result_1000.json,FG-DSCR,c377,default,edge-6,76,4216.6,0.0,4216.6,4238.6,22.0,6272,0
baseline,result_1000.json,FG-DSCR,c917,default,edge-6,77,4238.6,0.0,4238.6,4260.6,22.0,6272,0
baseline,result_1000.json,FG-DSCR,c137,default,edge-6,78,4260.6,0.0,4260.6,4282.6,22.0,6272,0
baseline,result_1000.json,FG-DSCR,c047,default,edge-6,79,4282.6,0.0,4282.6,4304.6,22.0,6272,0
baseline,result_1000.json,FG-DSCR,c107,default,edge-6,80,4304.6,0.0,4304.6,4326.6,22.0,6272,0
baseline,result_1000.json,FG-DSCR,c467,default,edge-6,81,4326.6,0.0,4326.6,4348.6,22.0,6272,0
baseline,result_1000.json,FG-DSCR,c857,default,edge-6,82,4348.6,0.0,4348.6,4370.6,22.0,6272,0
baseline,result_1000.json,FG-DSCR,c407,default,edge-6,83,4370.6,0.0,4370.6,4392.6,22.0,6272,0
baseline,result_1000.json,FG-DSCR,c227,default,edge-6,84,4392.6,0.0,4392.6,4414.6,22.0,6272,0
baseline,result_1000.json,FG-DSCR,c797,default,edge-6,85,4414.6,0.0,4414.6,4436.6,22.0,6272,0
baseline,result_1000.json,FG-DSCR,c977,default,edge-6,86,4436.6,0.0,4436.6,4458.6,22.0,6272,0
baseline,result_1000.json,FG-DSCR,c497,default,edge-6,87,4458.6,0.0,4458.6,4480.6,22.0,6272,0
baseline,result_1000.json,FG-DSCR,c767,default,edge-6,88,4480.6,0.0,4480.6,4502.6,22.0,6272,0
baseline,result_1000.json,FG-DSCR,c737,default,edge-6,89,4502.6,0.0,4502.6,4524.6,22.0,6272,0
baseline,result_1000.json,FG-DSCR,c257,default,edge-6,90,4524.6,0.0,4524.6,4546.6,22.0,6272,0
baseline,result_1000.json,FG-DSCR,c677,default,edge-6,91,4546.6,0.0,4546.6,4568.6,22.0,6272,0
baseline,result_1000.json,FG-DSCR,c707,default,edge-6,92,4568.6,0.0,4568.6,4590.6,22.0,6272,0
baseline,result_1000.json,FG-DSCR,c947,default,edge-6,93,4590.6,0.0,4590.6,4612.6,22.0,6272,0
baseline,result_1000.json,FG-DSCR,c317,default,edge-6,94,4612.6,0.0,4612.6,4634.6,22.0,6272,0
baseline,result_1000.json,FG-DSCR,c827,default,edge-6,95,4634.6,0.0,4634.6,4656.6,22.0,6272,0
baseline,result_1000.json,FG-DSCR,c557,default,edge-6,96,4656.6,0.0,4656.6,4678.6,22.0,6272,0
baseline,result_1000.json,FG-DSCR,c077,default,edge-6,97,4678.6,0.0,4678.6,4700.6,22.0,6272,0
baseline,result_1000.json,FG-DSCR,c287,default,edge-6,98,4700.6,0.0,4700.6,4722.6,22.0,6272,0
baseline,result_1000.json,FG-DSCR,c527,default,edge-6,99,4722.6,0.0,4722.6,4744.6,22.0,6272,0
baseline,result_1000.json,FG-DSCR,c703,default,edge-6,100,4744.6,0.8,4745.400000000001,4767.400000000001,22.0,5624,8
baseline,result_1000.json,FG-DSCR,c613,default,edge-6,101,4767.400000000001,0.0,4767.400000000001,4789.400000000001,22.0,5632,0
baseline,result_1000.json,FG-DSCR,c823,default,edge-6,102,4789.400000000001,0.0,4789.400000000001,4811.400000000001,22.0,5632,0
baseline,result_1000.json,FG-DSCR,c313,default,edge-6,103,4811.400000000001,0.0,4811.400000000001,4833.400000000001,22.0,5632,0
baseline,result_1000.json,FG-DSCR,c043,default,edge-6,104,4833.400000000001,0.0,4833.400000000001,4855.400000000001,22.0,5632,0
baseline,result_1000.json,FG-DSCR,c433,default,edge-6,105,4855.400000000001,0.0,4855.400000000001,4877.400000000001,22.0,5632,0
baseline,result_1000.json,FG-DSCR,c223,default,edge-6,106,4877.400000000001,0.0,4877.400000000001,4899.400000000001,22.0,5632,0
baseline,result_1000.json,FG-DSCR,c583,default,edge-6,107,4899.400000000001,0.0,4899.400000000001,4921.400000000001,22.0,5632,0
baseline,result_1000.json,FG-DSCR,c883,default,edge-6,108,4921.400000000001,0.0,4921.400000000001,4943.400000000001,22.0,5632,0
baseline,result_1000.json,FG-DSCR,c163,default,edge-6,109,4943.400000000001,0.0,4943.400000000001,4965.400000000001,22.0,5632,0
baseline,result_1000.json,FG-DSCR,c643,default,edge-6,110,4965.400000000001,0.0,4965.400000000001,4987.400000000001,22.0,5632,0
baseline,result_1000.json,FG-DSCR,c193,default,edge-6,111,4987.400000000001,0.0,4987.400000000001,5009.400000000001,22.0,5632,0
baseline,result_1000.json,FG-DSCR,c673,default,edge-6,112,5009.400000000001,0.0,5009.400000000001,5031.400000000001,22.0,5632,0
baseline,result_1000.json,FG-DSCR,c913,default,edge-6,113,5031.400000000001,0.0,5031.400000000001,5053.400000000001,22.0,5632,0
baseline,result_1000.json,FG-DSCR,c793,default,edge-6,114,5053.400000000001,0.0,5053.400000000001,5075.400000000001,22.0,5632,0
baseline,result_1000.json,FG-DSCR,c103,default,edge-6,115,5075.400000000001,0.0,5075.400000000001,5097.400000000001,22.0,5632,0
baseline,result_1000.json,FG-DSCR,c133,default,edge-6,116,5097.400000000001,0.0,5097.400000000001,5119.400000000001,22.0,5632,0
baseline,result_1000.json,FG-DSCR,c463,default,edge-6,117,5119.400000000001,0.0,5119.400000000001,5141.400000000001,22.0,5632,0
baseline,result_1000.json,FG-DSCR,c373,default,edge-6,118,5141.400000000001,0.0,5141.400000000001,5163.400000000001,22.0,5632,0
baseline,result_1000.json,FG-DSCR,c733,default,edge-6,119,5163.400000000001,0.0,5163.400000000001,5185.400000000001,22.0,5632,0
baseline,result_1000.json,FG-DSCR,c943,default,edge-6,120,5185.400000000001,0.0,5185.400000000001,5207.400000000001,22.0,5632,0
baseline,result_1000.json,FG-DSCR,c343,default,edge-6,121,5207.400000000001,0.0,5207.400000000001,5229.400000000001,22.0,5632,0
baseline,result_1000.json,FG-DSCR,c283,default,edge-6,122,5229.400000000001,0.0,5229.400000000001,5251.400000000001,22.0,5632,0
baseline,result_1000.json,FG-DSCR,c853,default,edge-6,123,5251.400000000001,0.0,5251.400000000001,5273.400000000001,22.0,5632,0
baseline,result_1000.json,FG-DSCR,c618,default,edge-6,124,5273.400000000001,0.0,5273.400000000001,5298.400000000001,25.0,4552,0
baseline,result_1000.json,FG-DSCR,c378,default,edge-6,125,5298.400000000001,0.0,5298.400000000001,5323.400000000001,25.0,4552,0
baseline,result_1000.json,FG-DSCR,c198,default,edge-6,126,5323.400000000001,0.0,5323.400000000001,5348.400000000001,25.0,4552,0
baseline,result_1000.json,FG-DSCR,c523,default,edge-6,127,5348.400000000001,0.0,5348.400000000001,5370.400000000001,22.0,5632,0
baseline,result_1000.json,FG-DSCR,c228,default,edge-6,128,5370.400000000001,0.0,5370.400000000001,5395.400000000001,25.0,4552,0
baseline,result_1000.json,FG-DSCR,c046,default,edge-6,129,5395.400000000001,0.0,5395.400000000001,5426.400000000001,31.0,4480,0
baseline,result_1000.json,FG-DSCR,c168,default,edge-6,130,5426.400000000001,0.0,5426.400000000001,5451.400000000001,25.0,4552,0
baseline,result_1000.json,FG-DSCR,c013,default,edge-6,131,5451.400000000001,0.0,5451.400000000001,5473.400000000001,22.0,5632,0
baseline,result_1000.json,FG-DSCR,c136,default,edge-6,132,5473.400000000001,0.0,5473.400000000001,5504.400000000001,31.0,4480,0
baseline,result_1000.json,FG-DSCR,c318,default,edge-6,133,5504.400000000001,0.0,5504.400000000001,5529.400000000001,25.0,4552,0
baseline,result_1000.json,FG-DSCR,c256,default,edge-6,134,5529.400000000001,0.0,5529.400000000001,5560.400000000001,31.0,4480,0
baseline,result_1000.json,FG-DSCR,c798,default,edge-6,135,5560.400000000001,0.0,5560.400000000001,5585.400000000001,25.0,4552,0
baseline,result_1000.json,FG-DSCR,c826,default,edge-6,136,5585.400000000001,0.0,5585.400000000001,5616.400000000001,31.0,4480,0
baseline,result_1000.json,FG-DSCR,c108,default,edge-6,137,5616.400000000001,0.0,5616.400000000001,5641.400000000001,25.0,4552,0
baseline,result_1000.json,FG-DSCR,c253,default,edge-6,138,5641.400000000001,0.0,5641.400000000001,5663.400000000001,22.0,5632,0
baseline,result_1000.json,FG-DSCR,c796,default,edge-6,139,5663.400000000001,0.0,5663.400000000001,5694.400000000001,31.0,4480,0
baseline,result_1000.json,FG-DSCR,c828,default,edge-6,140,5694.400000000001,0.0,5694.400000000001,5719.400000000001,25.0,4552,0
baseline,result_1000.json,FG-DSCR,c976,default,edge-6,141,5719.400000000001,0.0,5719.400000000001,5750.400000000001,31.0,4480,0
baseline,result_1000.json,FG-DSCR,c438,default,edge-6,142,5750.400000000001,0.0,5750.400000000001,5775.400000000001,25.0,4552,0
baseline,result_1000.json,FG-DSCR,c706,default,edge-6,143,5775.400000000001,0.0,5775.400000000001,5806.400000000001,31.0,4480,0
baseline,result_1000.json,FG-DSCR,c073,default,edge-6,144,5806.400000000001,0.0,5806.400000000001,5828.400000000001,22.0,5632,0
baseline,result_1000.json,FG-DSCR,c858,default,edge-6,145,5828.400000000001,0.0,5828.400000000001,5853.400000000001,25.0,4552,0
baseline,result_1000.json,FG-DSCR,c526,default,edge-6,146,5853.400000000001,0.0,5853.400000000001,5884.400000000001,31.0,4480,0
baseline,result_1000.json,FG-DSCR,c738,default,edge-6,147,5884.400000000001,0.0,5884.400000000001,5909.400000000001,25.0,4552,0
baseline,result_1000.json,FG-DSCR,c586,default,edge-6,148,5909.400000000001,0.0,5909.400000000001,5940.400000000001,31.0,4480,0
baseline,result_1000.json,FG-DSCR,c556,default,edge-6,149,5940.400000000001,0.0,5940.400000000001,5971.400000000001,31.0,4480,0
baseline,result_1000.json,FG-DSCR,c498,default,edge-6,150,5971.400000000001,0.0,5971.400000000001,5996.400000000001,25.0,4552,0
baseline,result_1000.json,FG-DSCR,c553,default,edge-6,151,5996.400000000001,0.0,5996.400000000001,6018.400000000001,22.0,5632,0
baseline,result_1000.json,FG-DSCR,c946,default,edge-6,152,6018.400000000001,0.0,6018.400000000001,6049.400000000001,31.0,4480,0
baseline,result_1000.json,FG-DSCR,c288,default,edge-6,153,6049.400000000001,0.0,6049.400000000001,6074.400000000001,25.0,4552,0
baseline,result_1000.json,FG-DSCR,c376,default,edge-6,154,6074.400000000001,0.0,6074.400000000001,6105.400000000001,31.0,4480,0
baseline,result_1000.json,FG-DSCR,c048,default,edge-6,155,6105.400000000001,0.0,6105.400000000001,6130.400000000001,25.0,4552,0
baseline,result_1000.json,FG-DSCR,c493,default,edge-6,156,6130.400000000001,0.0,6130.400000000001,6152.400000000001,22.0,5632,0
baseline,result_1000.json,FG-DSCR,c076,default,edge-6,157,6152.400000000001,0.0,6152.400000000001,6183.400000000001,31.0,4480,0
baseline,result_1000.json,FG-DSCR,c648,default,edge-6,158,6183.400000000001,0.0,6183.400000000001,6208.400000000001,25.0,4552,0
baseline,result_1000.json,FG-DSCR,c916,default,edge-6,159,6208.400000000001,0.0,6208.400000000001,6239.400000000001,31.0,4480,0
baseline,result_1000.json,FG-DSCR,c678,default,edge-6,160,6239.400000000001,0.0,6239.400000000001,6264.400000000001,25.0,4552,0
baseline,result_1000.json,FG-DSCR,c496,default,edge-6,161,6264.400000000001,0.0,6264.400000000001,6295.400000000001,31.0,4480,0
baseline,result_1000.json,FG-DSCR,c888,default,edge-6,162,6295.400000000001,0.0,6295.400000000001,6320.400000000001,25.0,4552,0
baseline,result_1000.json,FG-DSCR,c403,default,edge-6,163,6320.400000000001,0.0,6320.400000000001,6342.400000000001,22.0,5632,0
baseline,result_1000.json,FG-DSCR,c766,default,edge-6,164,6342.400000000001,0.0,6342.400000000001,6373.400000000001,31.0,4480,0
baseline,result_1000.json,FG-DSCR,c078,default,edge-6,165,6373.400000000001,0.0,6373.400000000001,6398.400000000001,25.0,4552,0
baseline,result_1000.json,FG-DSCR,c856,default,edge-6,166,6398.400000000001,0.0,6398.400000000001,6429.400000000001,31.0,4480,0
baseline,result_1000.json,FG-DSCR,c468,default,edge-6,167,6429.400000000001,0.0,6429.400000000001,6454.400000000001,25.0,4552,0
baseline,result_1000.json,FG-DSCR,c406,default,edge-6,168,6454.400000000001,0.0,6454.400000000001,6485.400000000001,31.0,4480,0
baseline,result_1000.json,FG-DSCR,c763,default,edge-6,169,6485.400000000001,0.0,6485.400000000001,6507.400000000001,22.0,5632,0
baseline,result_1000.json,FG-DSCR,c588,default,edge-6,170,6507.400000000001,0.0,6507.400000000001,6532.400000000001,25.0,4552,0
baseline,result_1000.json,FG-DSCR,c346,default,edge-6,171,6532.400000000001,0.0,6532.400000000001,6563.400000000001,31.0,4480,0
baseline,result_1000.json,FG-DSCR,c226,default,edge-6,172,6563.400000000001,0.0,6563.400000000001,6594.400000000001,31.0,4480,0
baseline,result_1000.json,FG-DSCR,c528,default,edge-6,173,6594.400000000001,0.0,6594.400000000001,6619.400000000001,25.0,4552,0
baseline,result_1000.json,FG-DSCR,c466,default,edge-6,174,6619.400000000001,0.0,6619.400000000001,6650.400000000001,31.0,4480,0
baseline,result_1000.json,FG-DSCR,c348,default,edge-6,175,6650.400000000001,0.0,6650.400000000001,6675.400000000001,25.0,4552,0
baseline,result_1000.json,FG-DSCR,c973,default,edge-6,176,6675.400000000001,0.0,6675.400000000001,6697.400000000001,22.0,5632,0
baseline,result_1000.json,FG-DSCR,c016,default,edge-6,177,6697.400000000001,0.0,6697.400000000001,6728.400000000001,31.0,4480,0
baseline,result_1000.json,FG-DSCR,c018,default,edge-6,178,6728.400000000001,0.0,6728.400000000001,6753.400000000001,25.0,4552,0
baseline,result_1000.json,FG-DSCR,c196,default,edge-6,179,6753.400000000001,0.0,6753.400000000001,6784.400000000001,31.0,4480,0
baseline,result_1000.json,FG-DSCR,c948,default,edge-6,180,6784.400000000001,0.0,6784.400000000001,6809.400000000001,25.0,4552,0
baseline,result_1000.json,FG-DSCR,c166,default,edge-6,181,6809.400000000001,0.0,6809.400000000001,6840.400000000001,31.0,4480,0
baseline,result_1000.json,FG-DSCR,c258,default,edge-6,182,6840.400000000001,0.0,6840.400000000001,6865.400000000001,25.0,4552,0
baseline,result_1000.json,FG-DSCR,c316,default,edge-6,183,6865.400000000001,0.0,6865.400000000001,6896.400000000001,31.0,4480,0
baseline,result_1000.json,FG-DSCR,c768,default,edge-6,184,6896.400000000001,0.0,6896.400000000001,6921.400000000001,25.0,4552,0
baseline,result_1000.json,FG-DSCR,c676,default,edge-6,185,6921.400000000001,0.0,6921.400000000001,6952.400000000001,31.0,4480,0
baseline,result_1000.json,FG-DSCR,c978,default,edge-6,186,6952.400000000001,0.0,6952.400000000001,6977.400000000001,25.0,4552,0
baseline,result_1000.json,FG-DSCR,c646,default,edge-6,187,6977.400000000001,0.0,6977.400000000001,7008.400000000001,31.0,4480,0
baseline,result_1000.json,FG-DSCR,c558,default,edge-6,188,7008.400000000001,0.0,7008.400000000001,7033.400000000001,25.0,4552,0
baseline,result_1000.json,FG-DSCR,c886,default,edge-6,189,7033.400000000001,0.0,7033.400000000001,7064.400000000001,31.0,4480,0
baseline,result_1000.json,FG-DSCR,c708,default,edge-6,190,7064.400000000001,0.0,7064.400000000001,7089.400000000001,25.0,4552,0
baseline,result_1000.json,FG-DSCR,c286,default,edge-6,191,7089.400000000001,0.0,7089.400000000001,7120.400000000001,31.0,4480,0
baseline,result_1000.json,FG-DSCR,c106,default,edge-6,192,7120.400000000001,0.0,7120.400000000001,7151.400000000001,31.0,4480,0
baseline,result_1000.json,FG-DSCR,c138,default,edge-6,193,7151.400000000001,0.0,7151.400000000001,7176.400000000001,25.0,4552,0
baseline,result_1000.json,FG-DSCR,c436,default,edge-6,194,7176.400000000001,0.0,7176.400000000001,7207.400000000001,31.0,4480,0
baseline,result_1000.json,FG-DSCR,c918,default,edge-6,195,7207.400000000001,0.0,7207.400000000001,7232.400000000001,25.0,4552,0
baseline,result_1000.json,FG-DSCR,c736,default,edge-6,196,7232.400000000001,0.0,7232.400000000001,7263.400000000001,31.0,4480,0
baseline,result_1000.json,FG-DSCR,c408,default,edge-6,197,7263.400000000001,0.0,7263.400000000001,7288.400000000001,25.0,4552,0
baseline,result_1000.json,FG-DSCR,c616,default,edge-6,198,7288.400000000001,0.0,7288.400000000001,7319.400000000001,31.0,4480,0
baseline,result_1000.json,FG-DSCR,c236,default,edge-7,1,0.0,791.0,791.0,812.0,21.0,0,7910
baseline,result_1000.json,FG-DSCR,c806,default,edge-7,2,812.0,0.0,812.0,833.0,21.0,7910,0
baseline,result_1000.json,FG-DSCR,c056,default,edge-7,3,833.0,0.0,833.0,854.0,21.0,7910,0
baseline,result_1000.json,FG-DSCR,c506,default,edge-7,4,854.0,0.0,854.0,875.0,21.0,7910,0
baseline,result_1000.json,FG-DSCR,c866,default,edge-7,5,875.0,0.0,875.0,896.0,21.0,7910,0
baseline,result_1000.json,FG-DSCR,c986,default,edge-7,6,896.0,0.0,896.0,917.0,21.0,7910,0
baseline,result_1000.json,FG-DSCR,c386,default,edge-7,7,917.0,0.0,917.0,938.0,21.0,7910,0
baseline,result_1000.json,FG-DSCR,c416,default,edge-7,8,938.0,0.0,938.0,959.0,21.0,7910,0
baseline,result_1000.json,FG-DSCR,c926,default,edge-7,9,959.0,0.0,959.0,980.0,21.0,7910,0
baseline,result_1000.json,FG-DSCR,c146,default,edge-7,10,980.0,0.0,980.0,1001.0,21.0,7910,0
baseline,result_1000.json,FG-DSCR,c116,default,edge-7,11,1001.0,0.0,1001.0,1022.0,21.0,7910,0
baseline,result_1000.json,FG-DSCR,c836,default,edge-7,12,1022.0,0.0,1022.0,1043.0,21.0,7910,0
baseline,result_1000.json,FG-DSCR,c776,default,edge-7,13,1043.0,0.0,1043.0,1064.0,21.0,7910,0
baseline,result_1000.json,FG-DSCR,c686,default,edge-7,14,1064.0,0.0,1064.0,1085.0,21.0,7910,0
baseline,result_1000.json,FG-DSCR,c026,default,edge-7,15,1085.0,0.0,1085.0,1106.0,21.0,7910,0
baseline,result_1000.json,FG-DSCR,c326,default,edge-7,16,1106.0,0.0,1106.0,1127.0,21.0,7910,0
baseline,result_1000.json,FG-DSCR,c476,default,edge-7,17,1127.0,0.0,1127.0,1148.0,21.0,7910,0
baseline,result_1000.json,FG-DSCR,c656,default,edge-7,18,1148.0,0.0,1148.0,1169.0,21.0,7910,0
baseline,result_1000.json,FG-DSCR,c956,default,edge-7,19,1169.0,0.0,1169.0,1190.0,21.0,7910,0
baseline,result_1000.json,FG-DSCR,c716,default,edge-7,20,1190.0,0.0,1190.0,1211.0,21.0,7910,0
baseline,result_1000.json,FG-DSCR,c086,default,edge-7,21,1211.0,0.0,1211.0,1232.0,21.0,7910,0
baseline,result_1000.json,FG-DSCR,c176,default,edge-7,22,1232.0,0.0,1232.0,1253.0,21.0,7910,0
baseline,result_1000.json,FG-DSCR,c536,default,edge-7,23,1253.0,0.0,1253.0,1274.0,21.0,7910,0
baseline,result_1000.json,FG-DSCR,c596,default,edge-7,24,1274.0,0.0,1274.0,1295.0,21.0,7910,0
baseline,result_1000.json,FG-DSCR,c296,default,edge-7,25,1295.0,0.0,1295.0,1316.0,21.0,7910,0
baseline,result_1000.json,FG-DSCR,c356,default,edge-7,26,1316.0,0.0,1316.0,1337.0,21.0,7910,0
baseline,result_1000.json,FG-DSCR,c896,default,edge-7,27,1337.0,0.0,1337.0,1358.0,21.0,7910,0
baseline,result_1000.json,FG-DSCR,c206,default,edge-7,28,1358.0,0.0,1358.0,1379.0,21.0,7910,0
baseline,result_1000.json,FG-DSCR,c566,default,edge-7,29,1379.0,0.0,1379.0,1400.0,21.0,7910,0
baseline,result_1000.json,FG-DSCR,c446,default,edge-7,30,1400.0,0.0,1400.0,1421.0,21.0,7910,0
baseline,result_1000.json,FG-DSCR,c746,default,edge-7,31,1421.0,0.0,1421.0,1442.0,21.0,7910,0
baseline,result_1000.json,FG-DSCR,c266,default,edge-7,32,1442.0,0.0,1442.0,1463.0,21.0,7910,0
baseline,result_1000.json,FG-DSCR,c626,default,edge-7,33,1463.0,0.0,1463.0,1484.0,21.0,7910,0
baseline,result_1000.json,FG-DSCR,c205,default,edge-7,34,1484.0,110.2,1594.2,1612.2,18.0,5240,1102
baseline,result_1000.json,FG-DSCR,c415,default,edge-7,35,1612.2,0.0,1612.2,1630.2,18.0,6342,0
baseline,result_1000.json,FG-DSCR,c235,default,edge-7,36,1630.2,0.0,1630.2,1648.2,18.0,6342,0
baseline,result_1000.json,FG-DSCR,c835,default,edge-7,37,1648.2,0.0,1648.2,1666.2,18.0,6342,0
baseline,result_1000.json,FG-DSCR,c535,default,edge-7,38,1666.2,0.0,1666.2,1684.2,18.0,6342,0
baseline,result_1000.json,FG-DSCR,c265,default,edge-7,39,1684.2,0.0,1684.2,1702.2,18.0,6342,0
baseline,result_1000.json,FG-DSCR,c685,default,edge-7,40,1702.2,0.0,1702.2,1720.2,18.0,6342,0
baseline,result_1000.json,FG-DSCR,c115,default,edge-7,41,1720.2,0.0,1720.2,1738.2,18.0,6342,0
baseline,result_1000.json,FG-DSCR,c505,default,edge-7,42,1738.2,0.0,1738.2,1756.2,18.0,6342,0
baseline,result_1000.json,FG-DSCR,c475,default,edge-7,43,1756.2,0.0,1756.2,1774.2,18.0,6342,0
baseline,result_1000.json,FG-DSCR,c145,default,edge-7,44,1774.2,0.0,1774.2,1792.2,18.0,6342,0
baseline,result_1000.json,FG-DSCR,c955,default,edge-7,45,1792.2,0.0,1792.2,1810.2,18.0,6342,0
baseline,result_1000.json,FG-DSCR,c175,default,edge-7,46,1810.2,0.0,1810.2,1828.2,18.0,6342,0
baseline,result_1000.json,FG-DSCR,c595,default,edge-7,47,1828.2,0.0,1828.2,1846.2,18.0,6342,0
baseline,result_1000.json,FG-DSCR,c625,default,edge-7,48,1846.2,0.0,1846.2,1864.2,18.0,6342,0
baseline,result_1000.json,FG-DSCR,c565,default,edge-7,49,1864.2,0.0,1864.2,1882.2,18.0,6342,0
baseline,result_1000.json,FG-DSCR,c085,default,edge-7,50,1882.2,0.0,1882.2,1900.2,18.0,6342,0
baseline,result_1000.json,FG-DSCR,c985,default,edge-7,51,1900.2,0.0,1900.2,1918.2,18.0,6342,0
baseline,result_1000.json,FG-DSCR,c775,default,edge-7,52,1918.2,0.0,1918.2,1936.2,18.0,6342,0
baseline,result_1000.json,FG-DSCR,c295,default,edge-7,53,1936.2,0.0,1936.2,1954.2,18.0,6342,0
baseline,result_1000.json,FG-DSCR,c805,default,edge-7,54,1954.2,0.0,1954.2,1972.2,18.0,6342,0
baseline,result_1000.json,FG-DSCR,c445,default,edge-7,55,1972.2,0.0,1972.2,1990.2,18.0,6342,0
baseline,result_1000.json,FG-DSCR,c355,default,edge-7,56,1990.2,0.0,1990.2,2008.2,18.0,6342,0
baseline,result_1000.json,FG-DSCR,c925,default,edge-7,57,2008.2,0.0,2008.2,2026.2,18.0,6342,0
baseline,result_1000.json,FG-DSCR,c325,default,edge-7,58,2026.2,0.0,2026.2,2044.2,18.0,6342,0
baseline,result_1000.json,FG-DSCR,c745,default,edge-7,59,2044.2,0.0,2044.2,2062.2,18.0,6342,0
baseline,result_1000.json,FG-DSCR,c865,default,edge-7,60,2062.2,0.0,2062.2,2080.2,18.0,6342,0
baseline,result_1000.json,FG-DSCR,c715,default,edge-7,61,2080.2,0.0,2080.2,2098.2,18.0,6342,0
baseline,result_1000.json,FG-DSCR,c655,default,edge-7,62,2098.2,0.0,2098.2,2116.2,18.0,6342,0
baseline,result_1000.json,FG-DSCR,c385,default,edge-7,63,2116.2,0.0,2116.2,2134.2,18.0,6342,0
baseline,result_1000.json,FG-DSCR,c025,default,edge-7,64,2134.2,0.0,2134.2,2152.2,18.0,6342,0
baseline,result_1000.json,FG-DSCR,c055,default,edge-7,65,2152.2,0.0,2152.2,2170.2,18.0,6342,0
baseline,result_1000.json,FG-DSCR,c895,default,edge-7,66,2170.2,0.0,2170.2,2188.2,18.0,6342,0
baseline,result_1000.json,FG-DSCR,c807,default,edge-7,67,2188.2,65.0,2253.2,2277.2,24.0,6340,650
baseline,result_1000.json,FG-DSCR,c237,default,edge-7,68,2277.2,0.0,2277.2,2301.2,24.0,6990,0
baseline,result_1000.json,FG-DSCR,c507,default,edge-7,69,2301.2,0.0,2301.2,2325.2,24.0,6990,0
baseline,result_1000.json,FG-DSCR,c927,default,edge-7,70,2325.2,0.0,2325.2,2349.2,24.0,6990,0
baseline,result_1000.json,FG-DSCR,c747,default,edge-7,71,2349.2,0.0,2349.2,2373.2,24.0,6990,0
baseline,result_1000.json,FG-DSCR,c897,default,edge-7,72,2373.2,0.0,2373.2,2397.2,24.0,6990,0
baseline,result_1000.json,FG-DSCR,c267,default,edge-7,73,2397.2,0.0,2397.2,2421.2,24.0,6990,0
baseline,result_1000.json,FG-DSCR,c957,default,edge-7,74,2421.2,0.0,2421.2,2445.2,24.0,6990,0
baseline,result_1000.json,FG-DSCR,c087,default,edge-7,75,2445.2,0.0,2445.2,2469.2,24.0,6990,0
baseline,result_1000.json,FG-DSCR,c117,default,edge-7,76,2469.2,0.0,2469.2,2493.2,24.0,6990,0
baseline,result_1000.json,FG-DSCR,c027,default,edge-7,77,2493.2,0.0,2493.2,2517.2,24.0,6990,0
baseline,result_1000.json,FG-DSCR,c867,default,edge-7,78,2517.2,0.0,2517.2,2541.2,24.0,6990,0
baseline,result_1000.json,FG-DSCR,c327,default,edge-7,79,2541.2,0.0,2541.2,2565.2,24.0,6990,0
baseline,result_1000.json,FG-DSCR,c357,default,edge-7,80,2565.2,0.0,2565.2,2589.2,24.0,6990,0
baseline,result_1000.json,FG-DSCR,c537,default,edge-7,81,2589.2,0.0,2589.2,2613.2,24.0,6990,0
baseline,result_1000.json,FG-DSCR,c837,default,edge-7,82,2613.2,0.0,2613.2,2637.2,24.0,6990,0
baseline,result_1000.json,FG-DSCR,c477,default,edge-7,83,2637.2,0.0,2637.2,2661.2,24.0,6990,0
baseline,result_1000.json,FG-DSCR,c447,default,edge-7,84,2661.2,0.0,2661.2,2685.2,24.0,6990,0
baseline,result_1000.json,FG-DSCR,c508,default,edge-7,85,2685.2,0.1,2685.2999999999997,2712.2999999999997,27.0,5260,1
baseline,result_1000.json,FG-DSCR,c028,default,edge-7,86,2712.2999999999997,0.0,2712.2999999999997,2739.2999999999997,27.0,5261,0
baseline,result_1000.json,FG-DSCR,c627,default,edge-7,87,2739.2999999999997,0.0,2739.2999999999997,2763.2999999999997,24.0,6990,0
baseline,result_1000.json,FG-DSCR,c538,default,edge-7,88,2763.2999999999997,0.0,2763.2999999999997,2790.2999999999997,27.0,5261,0
baseline,result_1000.json,FG-DSCR,c058,default,edge-7,89,2790.2999999999997,0.0,2790.2999999999997,2817.2999999999997,27.0,5261,0
baseline,result_1000.json,FG-DSCR,c088,default,edge-7,90,2817.2999999999997,0.0,2817.2999999999997,2844.2999999999997,27.0,5261,0
baseline,result_1000.json,FG-DSCR,c687,default,edge-7,91,2844.2999999999997,0.0,2844.2999999999997,2868.2999999999997,24.0,6990,0
baseline,result_1000.json,FG-DSCR,c388,default,edge-7,92,2868.2999999999997,0.0,2868.2999999999997,2895.2999999999997,27.0,5261,0
baseline,result_1000.json,FG-DSCR,c868,default,edge-7,93,2895.2999999999997,0.0,2895.2999999999997,2922.2999999999997,27.0,5261,0
baseline,result_1000.json,FG-DSCR,c688,default,edge-7,94,2922.2999999999997,0.0,2922.2999999999997,2949.2999999999997,27.0,5261,0
baseline,result_1000.json,FG-DSCR,c358,default,edge-7,95,2949.2999999999997,0.0,2949.2999999999997,2976.2999999999997,27.0,5261,0
baseline,result_1000.json,FG-DSCR,c387,default,edge-7,96,2976.2999999999997,0.0,2976.2999999999997,3000.2999999999997,24.0,6990,0
baseline,result_1000.json,FG-DSCR,c808,default,edge-7,97,3000.2999999999997,0.0,3000.2999999999997,3027.2999999999997,27.0,5261,0
baseline,result_1000.json,FG-DSCR,c958,default,edge-7,98,3027.2999999999997,0.0,3027.2999999999997,3054.2999999999997,27.0,5261,0
baseline,result_1000.json,FG-DSCR,c148,default,edge-7,99,3054.2999999999997,0.0,3054.2999999999997,3081.2999999999997,27.0,5261,0
baseline,result_1000.json,FG-DSCR,c567,default,edge-7,100,3081.2999999999997,0.0,3081.2999999999997,3105.2999999999997,24.0,6990,0
baseline,result_1000.json,FG-DSCR,c748,default,edge-7,101,3105.2999999999997,0.0,3105.2999999999997,3132.2999999999997,27.0,5261,0
baseline,result_1000.json,FG-DSCR,c448,default,edge-7,102,3132.2999999999997,0.0,3132.2999999999997,3159.2999999999997,27.0,5261,0
baseline,result_1000.json,FG-DSCR,c928,default,edge-7,103,3159.2999999999997,0.0,3159.2999999999997,3186.2999999999997,27.0,5261,0
baseline,result_1000.json,FG-DSCR,c988,default,edge-7,104,3186.2999999999997,0.0,3186.2999999999997,3213.2999999999997,27.0,5261,0
baseline,result_1000.json,FG-DSCR,c777,default,edge-7,105,3213.2999999999997,0.0,3213.2999999999997,3237.2999999999997,24.0,6990,0
baseline,result_1000.json,FG-DSCR,c420,default,edge-7,106,3237.2999999999997,165.0,3402.2999999999997,3423.2999999999997,21.0,6110,1650
baseline,result_1000.json,FG-DSCR,c510,default,edge-7,107,3423.2999999999997,0.0,3423.2999999999997,3444.2999999999997,21.0,7760,0
baseline,result_1000.json,FG-DSCR,c390,default,edge-7,108,3444.2999999999997,0.0,3444.2999999999997,3465.2999999999997,21.0,7760,0
baseline,result_1000.json,FG-DSCR,c750,default,edge-7,109,3465.2999999999997,0.0,3465.2999999999997,3486.2999999999997,21.0,7760,0
baseline,result_1000.json,FG-DSCR,c300,default,edge-7,110,3486.2999999999997,0.0,3486.2999999999997,3507.2999999999997,21.0,7760,0
baseline,result_1000.json,FG-DSCR,c030,default,edge-7,111,3507.2999999999997,0.0,3507.2999999999997,3528.2999999999997,21.0,7760,0
baseline,result_1000.json,FG-DSCR,c840,default,edge-7,112,3528.2999999999997,0.0,3528.2999999999997,3549.2999999999997,21.0,7760,0
baseline,result_1000.json,FG-DSCR,c900,default,edge-7,113,3549.2999999999997,0.0,3549.2999999999997,3570.2999999999997,21.0,7760,0
baseline,result_1000.json,FG-DSCR,c870,default,edge-7,114,3570.2999999999997,0.0,3570.2999999999997,3591.2999999999997,21.0,7760,0
baseline,result_1000.json,FG-DSCR,c090,default,edge-7,115,3591.2999999999997,0.0,3591.2999999999997,3612.2999999999997,21.0,7760,0
baseline,result_1000.json,FG-DSCR,c180,default,edge-7,116,3612.2999999999997,0.0,3612.2999999999997,3633.2999999999997,21.0,7760,0
baseline,result_1000.json,FG-DSCR,c480,default,edge-7,117,3633.2999999999997,0.0,3633.2999999999997,3654.2999999999997,21.0,7760,0
baseline,result_1000.json,FG-DSCR,c540,default,edge-7,118,3654.2999999999997,0.0,3654.2999999999997,3675.2999999999997,21.0,7760,0
baseline,result_1000.json,FG-DSCR,c330,default,edge-7,119,3675.2999999999997,0.0,3675.2999999999997,3696.2999999999997,21.0,7760,0
baseline,result_1000.json,FG-DSCR,c630,default,edge-7,120,3696.2999999999997,0.0,3696.2999999999997,3717.2999999999997,21.0,7760,0
baseline,result_1000.json,FG-DSCR,c690,default,edge-7,121,3717.2999999999997,0.0,3717.2999999999997,3738.2999999999997,21.0,7760,0
baseline,result_1000.json,FG-DSCR,c057,default,edge-7,122,3738.2999999999997,0.0,3738.2999999999997,3762.2999999999997,24.0,6990,0
baseline,result_1000.json,FG-DSCR,c240,default,edge-7,123,3762.2999999999997,0.0,3762.2999999999997,3783.2999999999997,21.0,7760,0
baseline,result_1000.json,FG-DSCR,c297,default,edge-7,124,3783.2999999999997,0.0,3783.2999999999997,3807.2999999999997,24.0,6990,0
baseline,result_1000.json,FG-DSCR,c150,default,edge-7,125,3807.2999999999997,0.0,3807.2999999999997,3828.2999999999997,21.0,7760,0
baseline,result_1000.json,FG-DSCR,c147,default,edge-7,126,3828.2999999999997,0.0,3828.2999999999997,3852.2999999999997,24.0,6990,0
baseline,result_1000.json,FG-DSCR,c660,default,edge-7,127,3852.2999999999997,0.0,3852.2999999999997,3873.2999999999997,21.0,7760,0
baseline,result_1000.json,FG-DSCR,c597,default,edge-7,128,3873.2999999999997,0.0,3873.2999999999997,3897.2999999999997,24.0,6990,0
baseline,result_1000.json,FG-DSCR,c990,default,edge-7,129,3897.2999999999997,0.0,3897.2999999999997,3918.2999999999997,21.0,7760,0
baseline,result_1000.json,FG-DSCR,c717,default,edge-7,130,3918.2999999999997,0.0,3918.2999999999997,3942.2999999999997,24.0,6990,0
baseline,result_1000.json,FG-DSCR,c960,default,edge-7,131,3942.2999999999997,0.0,3942.2999999999997,3963.2999999999997,21.0,7760,0
baseline,result_1000.json,FG-DSCR,c657,default,edge-7,132,3963.2999999999997,0.0,3963.2999999999997,3987.2999999999997,24.0,6990,0
baseline,result_1000.json,FG-DSCR,c208,default,edge-7,133,3987.2999999999997,0.0,3987.2999999999997,4014.2999999999997,27.0,5261,0
baseline,result_1000.json,FG-DSCR,c118,default,edge-7,134,4014.2999999999997,0.0,4014.2999999999997,4041.2999999999997,27.0,5261,0
baseline,result_1000.json,FG-DSCR,c570,default,edge-7,135,4041.2999999999997,0.0,4041.2999999999997,4062.2999999999997,21.0,7760,0
baseline,result_1000.json,FG-DSCR,c417,default,edge-7,136,4062.2999999999997,0.0,4062.2999999999997,4086.2999999999997,24.0,6990,0
baseline,result_1000.json,FG-DSCR,c838,default,edge-7,137,4086.2999999999997,0.0,4086.2999999999997,4113.299999999999,27.0,5261,0
baseline,result_1000.json,FG-DSCR,c898,default,edge-7,138,4113.299999999999,0.0,4113.299999999999,4140.299999999999,27.0,5261,0
baseline,result_1000.json,FG-DSCR,c568,default,edge-7,139,4140.299999999999,0.0,4140.299999999999,4167.299999999999,27.0,5261,0
baseline,result_1000.json,FG-DSCR,c060,default,edge-7,140,4167.299999999999,0.0,4167.299999999999,4188.299999999999,21.0,7760,0
baseline,result_1000.json,FG-DSCR,c207,default,edge-7,141,4188.299999999999,0.0,4188.299999999999,4212.299999999999,24.0,6990,0
baseline,result_1000.json,FG-DSCR,c178,default,edge-7,142,4212.299999999999,0.0,4212.299999999999,4239.299999999999,27.0,5261,0
baseline,result_1000.json,FG-DSCR,c598,default,edge-7,143,4239.299999999999,0.0,4239.299999999999,4266.299999999999,27.0,5261,0
baseline,result_1000.json,FG-DSCR,c780,default,edge-7,144,4266.299999999999,0.0,4266.299999999999,4287.299999999999,21.0,7760,0
baseline,result_1000.json,FG-DSCR,c987,default,edge-7,145,4287.299999999999,0.0,4287.299999999999,4311.299999999999,24.0,6990,0
baseline,result_1000.json,FG-DSCR,c238,default,edge-7,146,4311.299999999999,0.0,4311.299999999999,4338.299999999999,27.0,5261,0
baseline,result_1000.json,FG-DSCR,c628,default,edge-7,147,4338.299999999999,0.0,4338.299999999999,4365.299999999999,27.0,5261,0
baseline,result_1000.json,FG-DSCR,c360,default,edge-7,148,4365.299999999999,0.0,4365.299999999999,4386.299999999999,21.0,7760,0
baseline,result_1000.json,FG-DSCR,c177,default,edge-7,149,4386.299999999999,0.0,4386.299999999999,4410.299999999999,24.0,6990,0
baseline,result_1000.json,FG-DSCR,c268,default,edge-7,150,4410.299999999999,0.0,4410.299999999999,4437.299999999999,27.0,5261,0
baseline,result_1000.json,FG-DSCR,c328,default,edge-7,151,4437.299999999999,0.0,4437.299999999999,4464.299999999999,27.0,5261,0
baseline,result_1000.json,FG-DSCR,c450,default,edge-7,152,4464.299999999999,0.0,4464.299999999999,4485.299999999999,21.0,7760,0
baseline,result_1000.json,FG-DSCR,c478,default,edge-7,153,4485.299999999999,0.0,4485.299999999999,4512.299999999999,27.0,5261,0
baseline,result_1000.json,FG-DSCR,c658,default,edge-7,154,4512.299999999999,0.0,4512.299999999999,4539.299999999999,27.0,5261,0
baseline,result_1000.json,FG-DSCR,c298,default,edge-7,155,4539.299999999999,0.0,4539.299999999999,4566.299999999999,27.0,5261,0
baseline,result_1000.json,FG-DSCR,c778,default,edge-7,156,4566.299999999999,0.0,4566.299999999999,4593.299999999999,27.0,5261,0
baseline,result_1000.json,FG-DSCR,c720,default,edge-7,157,4593.299999999999,0.0,4593.299999999999,4614.299999999999,21.0,7760,0
baseline,result_1000.json,FG-DSCR,c718,default,edge-7,158,4614.299999999999,0.0,4614.299999999999,4641.299999999999,27.0,5261,0
baseline,result_1000.json,FG-DSCR,c418,default,edge-7,159,4641.299999999999,0.0,4641.299999999999,4668.299999999999,27.0,5261,0
baseline,result_1000.json,FG-DSCR,c930,default,edge-7,160,4668.299999999999,0.0,4668.299999999999,4689.299999999999,21.0,7760,0
baseline,result_1000.json,FG-DSCR,c210,default,edge-7,161,4689.299999999999,0.0,4689.299999999999,4710.299999999999,21.0,7760,0
baseline,result_1000.json,FG-DSCR,c209,default,edge-7,162,4710.299999999999,0.0,4710.299999999999,4728.299999999999,18.0,4543,0
baseline,result_1000.json,FG-DSCR,c600,default,edge-7,163,4728.299999999999,0.0,4728.299999999999,4749.299999999999,21.0,7760,0
baseline,result_1000.json,FG-DSCR,c389,default,edge-7,164,4749.299999999999,0.0,4749.299999999999,4767.299999999999,18.0,4543,0
baseline,result_1000.json,FG-DSCR,c989,default,edge-7,165,4767.299999999999,0.0,4767.299999999999,4785.299999999999,18.0,4543,0
baseline,result_1000.json,FG-DSCR,c749,default,edge-7,166,4785.299999999999,0.0,4785.299999999999,4803.299999999999,18.0,4543,0
baseline,result_1000.json,FG-DSCR,c629,default,edge-7,167,4803.299999999999,0.0,4803.299999999999,4821.299999999999,18.0,4543,0
baseline,result_1000.json,FG-DSCR,c270,default,edge-7,168,4821.299999999999,0.0,4821.299999999999,4842.299999999999,21.0,7760,0
baseline,result_1000.json,FG-DSCR,c359,default,edge-7,169,4842.299999999999,0.0,4842.299999999999,4860.299999999999,18.0,4543,0
baseline,result_1000.json,FG-DSCR,c239,default,edge-7,170,4860.299999999999,0.0,4860.299999999999,4878.299999999999,18.0,4543,0
baseline,result_1000.json,FG-DSCR,c659,default,edge-7,171,4878.299999999999,0.0,4878.299999999999,4896.299999999999,18.0,4543,0
baseline,result_1000.json,FG-DSCR,c689,default,edge-7,172,4896.299999999999,0.0,4896.299999999999,4914.299999999999,18.0,4543,0
baseline,result_1000.json,FG-DSCR,c120,default,edge-7,173,4914.299999999999,0.0,4914.299999999999,4935.299999999999,21.0,7760,0
baseline,result_1000.json,FG-DSCR,c179,default,edge-7,174,4935.299999999999,0.0,4935.299999999999,4953.299999999999,18.0,4543,0
baseline,result_1000.json,FG-DSCR,c119,default,edge-7,175,4953.299999999999,0.0,4953.299999999999,4971.299999999999,18.0,4543,0
baseline,result_1000.json,FG-DSCR,c779,default,edge-7,176,4971.299999999999,0.0,4971.299999999999,4989.299999999999,18.0,4543,0
baseline,result_1000.json,FG-DSCR,c089,default,edge-7,177,4989.299999999999,0.0,4989.299999999999,5007.299999999999,18.0,4543,0
baseline,result_1000.json,FG-DSCR,c810,default,edge-7,178,5007.299999999999,0.0,5007.299999999999,5028.299999999999,21.0,7760,0
baseline,result_1000.json,FG-DSCR,c419,default,edge-7,179,5028.299999999999,0.0,5028.299999999999,5046.299999999999,18.0,4543,0
baseline,result_1000.json,FG-DSCR,c869,default,edge-7,180,5046.299999999999,0.0,5046.299999999999,5064.299999999999,18.0,4543,0
baseline,result_1000.json,FG-DSCR,c959,default,edge-7,181,5064.299999999999,0.0,5064.299999999999,5082.299999999999,18.0,4543,0
baseline,result_1000.json,FG-DSCR,c029,default,edge-7,182,5082.299999999999,0.0,5082.299999999999,5100.299999999999,18.0,4543,0
baseline,result_1000.json,FG-DSCR,c509,default,edge-7,183,5100.299999999999,0.0,5100.299999999999,5118.299999999999,18.0,4543,0
baseline,result_1000.json,FG-DSCR,c299,default,edge-7,184,5118.299999999999,0.0,5118.299999999999,5136.299999999999,18.0,4543,0
baseline,result_1000.json,FG-DSCR,c899,default,edge-7,185,5136.299999999999,0.0,5136.299999999999,5154.299999999999,18.0,4543,0
baseline,result_1000.json,FG-DSCR,c719,default,edge-7,186,5154.299999999999,0.0,5154.299999999999,5172.299999999999,18.0,4543,0
baseline,result_1000.json,FG-DSCR,c569,default,edge-7,187,5172.299999999999,0.0,5172.299999999999,5190.299999999999,18.0,4543,0
baseline,result_1000.json,FG-DSCR,c449,default,edge-7,188,5190.299999999999,0.0,5190.299999999999,5208.299999999999,18.0,4543,0
baseline,result_1000.json,FG-DSCR,c809,default,edge-7,189,5208.299999999999,0.0,5208.299999999999,5226.299999999999,18.0,4543,0
baseline,result_1000.json,FG-DSCR,c929,default,edge-7,190,5226.299999999999,0.0,5226.299999999999,5244.299999999999,18.0,4543,0
baseline,result_1000.json,FG-DSCR,c269,default,edge-7,191,5244.299999999999,0.0,5244.299999999999,5262.299999999999,18.0,4543,0
baseline,result_1000.json,FG-DSCR,c059,default,edge-7,192,5262.299999999999,0.0,5262.299999999999,5280.299999999999,18.0,4543,0
baseline,result_1000.json,FG-DSCR,c839,default,edge-7,193,5280.299999999999,0.0,5280.299999999999,5298.299999999999,18.0,4543,0
baseline,result_1000.json,FG-DSCR,c599,default,edge-7,194,5298.299999999999,0.0,5298.299999999999,5316.299999999999,18.0,4543,0
baseline,result_1000.json,FG-DSCR,c479,default,edge-7,195,5316.299999999999,0.0,5316.299999999999,5334.299999999999,18.0,4543,0
baseline,result_1000.json,FG-DSCR,c149,default,edge-7,196,5334.299999999999,0.0,5334.299999999999,5352.299999999999,18.0,4543,0
baseline,result_1000.json,FG-DSCR,c539,default,edge-7,197,5352.299999999999,0.0,5352.299999999999,5370.299999999999,18.0,4543,0
baseline,result_1000.json,FG-DSCR,c329,default,edge-7,198,5370.299999999999,0.0,5370.299999999999,5388.299999999999,18.0,4543,0
baseline,result_1000.json,FG-DSCR,c992,default,edge-8,1,0.0,732.4,732.4,761.4,29.0,0,7324
baseline,result_1000.json,FG-DSCR,c272,default,edge-8,2,761.4,0.0,761.4,790.4,29.0,7324,0
baseline,result_1000.json,FG-DSCR,c002,default,edge-8,3,790.4,0.0,790.4,819.4,29.0,7324,0
baseline,result_1000.json,FG-DSCR,c362,default,edge-8,4,819.4,0.0,819.4,848.4,29.0,7324,0
baseline,result_1000.json,FG-DSCR,c752,default,edge-8,5,848.4,0.0,848.4,877.4,29.0,7324,0
baseline,result_1000.json,FG-DSCR,c452,default,edge-8,6,877.4,0.0,877.4,906.4,29.0,7324,0
baseline,result_1000.json,FG-DSCR,c122,default,edge-8,7,906.4,0.0,906.4,935.4,29.0,7324,0
baseline,result_1000.json,FG-DSCR,c722,default,edge-8,8,935.4,0.0,935.4,964.4,29.0,7324,0
baseline,result_1000.json,FG-DSCR,c392,default,edge-8,9,964.4,0.0,964.4,993.4,29.0,7324,0
baseline,result_1000.json,FG-DSCR,c512,default,edge-8,10,993.4,0.0,993.4,1022.4,29.0,7324,0
baseline,result_1000.json,FG-DSCR,c632,default,edge-8,11,1022.4,0.0,1022.4,1051.4,29.0,7324,0
baseline,result_1000.json,FG-DSCR,c482,default,edge-8,12,1051.4,0.0,1051.4,1080.4,29.0,7324,0
baseline,result_1000.json,FG-DSCR,c962,default,edge-8,13,1080.4,0.0,1080.4,1109.4,29.0,7324,0
baseline,result_1000.json,FG-DSCR,c572,default,edge-8,14,1109.4,0.0,1109.4,1138.4,29.0,7324,0
baseline,result_1000.json,FG-DSCR,c032,default,edge-8,15,1138.4,0.0,1138.4,1167.4,29.0,7324,0
baseline,result_1000.json,FG-DSCR,c782,default,edge-8,16,1167.4,0.0,1167.4,1196.4,29.0,7324,0
baseline,result_1000.json,FG-DSCR,c662,default,edge-8,17,1196.4,0.0,1196.4,1225.4,29.0,7324,0
baseline,result_1000.json,FG-DSCR,c872,default,edge-8,18,1225.4,0.0,1225.4,1254.4,29.0,7324,0
baseline,result_1000.json,FG-DSCR,c092,default,edge-8,19,1254.4,0.0,1254.4,1283.4,29.0,7324,0
baseline,result_1000.json,FG-DSCR,c152,default,edge-8,20,1283.4,0.0,1283.4,1312.4,29.0,7324,0
baseline,result_1000.json,FG-DSCR,c902,default,edge-8,21,1312.4,0.0,1312.4,1341.4,29.0,7324,0
baseline,result_1000.json,FG-DSCR,c602,default,edge-8,22,1341.4,0.0,1341.4,1370.4,29.0,7324,0
baseline,result_1000.json,FG-DSCR,c062,default,edge-8,23,1370.4,0.0,1370.4,1399.4,29.0,7324,0
baseline,result_1000.json,FG-DSCR,c692,default,edge-8,24,1399.4,0.0,1399.4,1428.4,29.0,7324,0
baseline,result_1000.json,FG-DSCR,c212,default,edge-8,25,1428.4,0.0,1428.4,1457.4,29.0,7324,0
baseline,result_1000.json,FG-DSCR,c182,default,edge-8,26,1457.4,0.0,1457.4,1486.4,29.0,7324,0
baseline,result_1000.json,FG-DSCR,c542,default,edge-8,27,1486.4,0.0,1486.4,1515.4,29.0,7324,0
baseline,result_1000.json,FG-DSCR,c812,default,edge-8,28,1515.4,0.0,1515.4,1544.4,29.0,7324,0
baseline,result_1000.json,FG-DSCR,c842,default,edge-8,29,1544.4,0.0,1544.4,1573.4,29.0,7324,0
baseline,result_1000.json,FG-DSCR,c932,default,edge-8,30,1573.4,0.0,1573.4,1602.4,29.0,7324,0
baseline,result_1000.json,FG-DSCR,c332,default,edge-8,31,1602.4,0.0,1602.4,1631.4,29.0,7324,0
baseline,result_1000.json,FG-DSCR,c302,default,edge-8,32,1631.4,0.0,1631.4,1660.4,29.0,7324,0
baseline,result_1000.json,FG-DSCR,c422,default,edge-8,33,1660.4,0.0,1660.4,1689.4,29.0,7324,0
baseline,result_1000.json,FG-DSCR,c242,default,edge-8,34,1689.4,0.0,1689.4,1718.4,29.0,7324,0
baseline,result_1000.json,FG-DSCR,c425,default,edge-8,35,1718.4,135.0,1853.4,1879.4,26.0,5674,1350
baseline,result_1000.json,FG-DSCR,c965,default,edge-8,36,1879.4,0.0,1879.4,1905.4,26.0,7024,0
baseline,result_1000.json,FG-DSCR,c245,default,edge-8,37,1905.4,0.0,1905.4,1931.4,26.0,7024,0
baseline,result_1000.json,FG-DSCR,c185,default,edge-8,38,1931.4,0.0,1931.4,1957.4,26.0,7024,0
baseline,result_1000.json,FG-DSCR,c545,default,edge-8,39,1957.4,0.0,1957.4,1983.4,26.0,7024,0
baseline,result_1000.json,FG-DSCR,c785,default,edge-8,40,1983.4,0.0,1983.4,2009.4,26.0,7024,0
baseline,result_1000.json,FG-DSCR,c755,default,edge-8,41,2009.4,0.0,2009.4,2035.4,26.0,7024,0
baseline,result_1000.json,FG-DSCR,c635,default,edge-8,42,2035.4,0.0,2035.4,2061.4,26.0,7024,0
baseline,result_1000.json,FG-DSCR,c005,default,edge-8,43,2061.4,0.0,2061.4,2087.4,26.0,7024,0
baseline,result_1000.json,FG-DSCR,c815,default,edge-8,44,2087.4,0.0,2087.4,2113.4,26.0,7024,0
baseline,result_1000.json,FG-DSCR,c515,default,edge-8,45,2113.4,0.0,2113.4,2139.4,26.0,7024,0
baseline,result_1000.json,FG-DSCR,c365,default,edge-8,46,2139.4,0.0,2139.4,2165.4,26.0,7024,0
baseline,result_1000.json,FG-DSCR,c935,default,edge-8,47,2165.4,0.0,2165.4,2191.4,26.0,7024,0
baseline,result_1000.json,FG-DSCR,c305,default,edge-8,48,2191.4,0.0,2191.4,2217.4,26.0,7024,0
baseline,result_1000.json,FG-DSCR,c095,default,edge-8,49,2217.4,0.0,2217.4,2243.4,26.0,7024,0
baseline,result_1000.json,FG-DSCR,c155,default,edge-8,50,2243.4,0.0,2243.4,2269.4,26.0,7024,0
baseline,result_1000.json,FG-DSCR,c875,default,edge-8,51,2269.4,0.0,2269.4,2295.4,26.0,7024,0
baseline,result_1000.json,FG-DSCR,c395,default,edge-8,52,2295.4,0.0,2295.4,2321.4,26.0,7024,0
baseline,result_1000.json,FG-DSCR,c995,default,edge-8,53,2321.4,0.0,2321.4,2347.4,26.0,7024,0
baseline,result_1000.json,FG-DSCR,c575,default,edge-8,54,2347.4,0.0,2347.4,2373.4,26.0,7024,0
baseline,result_1000.json,FG-DSCR,c725,default,edge-8,55,2373.4,0.0,2373.4,2399.4,26.0,7024,0
baseline,result_1000.json,FG-DSCR,c215,default,edge-8,56,2399.4,0.0,2399.4,2425.4,26.0,7024,0
baseline,result_1000.json,FG-DSCR,c905,default,edge-8,57,2425.4,0.0,2425.4,2451.4,26.0,7024,0
baseline,result_1000.json,FG-DSCR,c035,default,edge-8,58,2451.4,0.0,2451.4,2477.4,26.0,7024,0
baseline,result_1000.json,FG-DSCR,c125,default,edge-8,59,2477.4,0.0,2477.4,2503.4,26.0,7024,0
baseline,result_1000.json,FG-DSCR,c275,default,edge-8,60,2503.4,0.0,2503.4,2529.4,26.0,7024,0
baseline,result_1000.json,FG-DSCR,c695,default,edge-8,61,2529.4,0.0,2529.4,2555.4,26.0,7024,0
baseline,result_1000.json,FG-DSCR,c845,default,edge-8,62,2555.4,0.0,2555.4,2581.4,26.0,7024,0
baseline,result_1000.json,FG-DSCR,c605,default,edge-8,63,2581.4,0.0,2581.4,2607.4,26.0,7024,0
baseline,result_1000.json,FG-DSCR,c485,default,edge-8,64,2607.4,0.0,2607.4,2633.4,26.0,7024,0
baseline,result_1000.json,FG-DSCR,c665,default,edge-8,65,2633.4,0.0,2633.4,2659.4,26.0,7024,0
baseline,result_1000.json,FG-DSCR,c455,default,edge-8,66,2659.4,0.0,2659.4,2685.4,26.0,7024,0
baseline,result_1000.json,FG-DSCR,c335,default,edge-8,67,2685.4,0.0,2685.4,2711.4,26.0,7024,0
baseline,result_1000.json,FG-DSCR,c065,default,edge-8,68,2711.4,0.0,2711.4,2737.4,26.0,7024,0
baseline,result_1000.json,FG-DSCR,c781,default,edge-8,69,2737.4,135.1,2872.5,2898.5,26.0,5670,1351
baseline,result_1000.json,FG-DSCR,c181,default,edge-8,70,2898.5,0.0,2898.5,2924.5,26.0,7021,0
baseline,result_1000.json,FG-DSCR,c931,default,edge-8,71,2924.5,0.0,2924.5,2950.5,26.0,7021,0
baseline,result_1000.json,FG-DSCR,c871,default,edge-8,72,2950.5,0.0,2950.5,2976.5,26.0,7021,0
baseline,result_1000.json,FG-DSCR,c211,default,edge-8,73,2976.5,0.0,2976.5,3002.5,26.0,7021,0
baseline,result_1000.json,FG-DSCR,c121,default,edge-8,74,3002.5,0.0,3002.5,3028.5,26.0,7021,0
baseline,result_1000.json,FG-DSCR,c661,default,edge-8,75,3028.5,0.0,3028.5,3054.5,26.0,7021,0
baseline,result_1000.json,FG-DSCR,c391,default,edge-8,76,3054.5,0.0,3054.5,3080.5,26.0,7021,0
baseline,result_1000.json,FG-DSCR,c721,default,edge-8,77,3080.5,0.0,3080.5,3106.5,26.0,7021,0
baseline,result_1000.json,FG-DSCR,c091,default,edge-8,78,3106.5,0.0,3106.5,3132.5,26.0,7021,0
baseline,result_1000.json,FG-DSCR,c601,default,edge-8,79,3132.5,0.0,3132.5,3158.5,26.0,7021,0
baseline,result_1000.json,FG-DSCR,c811,default,edge-8,80,3158.5,0.0,3158.5,3184.5,26.0,7021,0
baseline,result_1000.json,FG-DSCR,c361,default,edge-8,81,3184.5,0.0,3184.5,3210.5,26.0,7021,0
baseline,result_1000.json,FG-DSCR,c061,default,edge-8,82,3210.5,0.0,3210.5,3236.5,26.0,7021,0
baseline,result_1000.json,FG-DSCR,c961,default,edge-8,83,3236.5,0.0,3236.5,3262.5,26.0,7021,0
baseline,result_1000.json,FG-DSCR,c001,default,edge-8,84,3262.5,0.0,3262.5,3288.5,26.0,7021,0
baseline,result_1000.json,FG-DSCR,c571,default,edge-8,85,3288.5,0.0,3288.5,3314.5,26.0,7021,0
baseline,result_1000.json,FG-DSCR,c241,default,edge-8,86,3314.5,0.0,3314.5,3340.5,26.0,7021,0
baseline,result_1000.json,FG-DSCR,c901,default,edge-8,87,3340.5,0.0,3340.5,3366.5,26.0,7021,0
baseline,result_1000.json,FG-DSCR,c331,default,edge-8,88,3366.5,0.0,3366.5,3392.5,26.0,7021,0
baseline,result_1000.json,FG-DSCR,c991,default,edge-8,89,3392.5,0.0,3392.5,3418.5,26.0,7021,0
baseline,result_1000.json,FG-DSCR,c151,default,edge-8,90,3418.5,0.0,3418.5,3444.5,26.0,7021,0
baseline,result_1000.json,FG-DSCR,c031,default,edge-8,91,3444.5,0.0,3444.5,3470.5,26.0,7021,0
baseline,result_1000.json,FG-DSCR,c511,default,edge-8,92,3470.5,0.0,3470.5,3496.5,26.0,7021,0
baseline,result_1000.json,FG-DSCR,c421,default,edge-8,93,3496.5,0.0,3496.5,3522.5,26.0,7021,0
baseline,result_1000.json,FG-DSCR,c631,default,edge-8,94,3522.5,0.0,3522.5,3548.5,26.0,7021,0
baseline,result_1000.json,FG-DSCR,c271,default,edge-8,95,3548.5,0.0,3548.5,3574.5,26.0,7021,0
baseline,result_1000.json,FG-DSCR,c541,default,edge-8,96,3574.5,0.0,3574.5,3600.5,26.0,7021,0
baseline,result_1000.json,FG-DSCR,c691,default,edge-8,97,3600.5,0.0,3600.5,3626.5,26.0,7021,0
baseline,result_1000.json,FG-DSCR,c451,default,edge-8,98,3626.5,0.0,3626.5,3652.5,26.0,7021,0
baseline,result_1000.json,FG-DSCR,c751,default,edge-8,99,3652.5,0.0,3652.5,3678.5,26.0,7021,0
baseline,result_1000.json,FG-DSCR,c841,default,edge-8,100,3678.5,0.0,3678.5,3704.5,26.0,7021,0
baseline,result_1000.json,FG-DSCR,c301,default,edge-8,101,3704.5,0.0,3704.5,3730.5,26.0,7021,0
baseline,result_1000.json,FG-DSCR,c481,default,edge-8,102,3730.5,0.0,3730.5,3756.5,26.0,7021,0
baseline,result_1000.json,FG-DSCR,c244,default,edge-8,103,3756.5,165.0,3921.5,3956.5,35.0,5671,1650
baseline,result_1000.json,FG-DSCR,c124,default,edge-8,104,3956.5,0.0,3956.5,3991.5,35.0,7321,0
baseline,result_1000.json,FG-DSCR,c184,default,edge-8,105,3991.5,0.0,3991.5,4026.5,35.0,7321,0
baseline,result_1000.json,FG-DSCR,c874,default,edge-8,106,4026.5,0.0,4026.5,4061.5,35.0,7321,0
baseline,result_1000.json,FG-DSCR,c574,default,edge-8,107,4061.5,0.0,4061.5,4096.5,35.0,7321,0
baseline,result_1000.json,FG-DSCR,c634,default,edge-8,108,4096.5,0.0,4096.5,4131.5,35.0,7321,0
baseline,result_1000.json,FG-DSCR,c274,default,edge-8,109,4131.5,0.0,4131.5,4166.5,35.0,7321,0
baseline,result_1000.json,FG-DSCR,c064,default,edge-8,110,4166.5,0.0,4166.5,4201.5,35.0,7321,0
baseline,result_1000.json,FG-DSCR,c904,default,edge-8,111,4201.5,0.0,4201.5,4236.5,35.0,7321,0
baseline,result_1000.json,FG-DSCR,c814,default,edge-8,112,4236.5,0.0,4236.5,4271.5,35.0,7321,0
baseline,result_1000.json,FG-DSCR,c004,default,edge-8,113,4271.5,0.0,4271.5,4306.5,35.0,7321,0
baseline,result_1000.json,FG-DSCR,c334,default,edge-8,114,4306.5,0.0,4306.5,4341.5,35.0,7321,0
baseline,result_1000.json,FG-DSCR,c664,default,edge-8,115,4341.5,0.0,4341.5,4376.5,35.0,7321,0
baseline,result_1000.json,FG-DSCR,c964,default,edge-8,116,4376.5,0.0,4376.5,4411.5,35.0,7321,0
baseline,result_1000.json,FG-DSCR,c214,default,edge-8,117,4411.5,0.0,4411.5,4446.5,35.0,7321,0
baseline,result_1000.json,FG-DSCR,c364,default,edge-8,118,4446.5,0.0,4446.5,4481.5,35.0,7321,0
baseline,result_1000.json,FG-DSCR,c544,default,edge-8,119,4481.5,0.0,4481.5,4516.5,35.0,7321,0
baseline,result_1000.json,FG-DSCR,c724,default,edge-8,120,4516.5,0.0,4516.5,4551.5,35.0,7321,0
baseline,result_1000.json,FG-DSCR,c424,default,edge-8,121,4551.5,0.0,4551.5,4586.5,35.0,7321,0
baseline,result_1000.json,FG-DSCR,c994,default,edge-8,122,4586.5,0.0,4586.5,4621.5,35.0,7321,0
baseline,result_1000.json,FG-DSCR,c484,default,edge-8,123,4621.5,0.0,4621.5,4656.5,35.0,7321,0
baseline,result_1000.json,FG-DSCR,c096,default,edge-8,124,4656.5,180.0,4836.5,4865.5,29.0,5671,1800
baseline,result_1000.json,FG-DSCR,c126,default,edge-8,125,4865.5,0.0,4865.5,4894.5,29.0,7471,0
baseline,result_1000.json,FG-DSCR,c636,default,edge-8,126,4894.5,0.0,4894.5,4923.5,29.0,7471,0
baseline,result_1000.json,FG-DSCR,c366,default,edge-8,127,4923.5,0.0,4923.5,4952.5,29.0,7471,0
baseline,result_1000.json,FG-DSCR,c666,default,edge-8,128,4952.5,0.0,4952.5,4981.5,29.0,7471,0
baseline,result_1000.json,FG-DSCR,c306,default,edge-8,129,4981.5,0.0,4981.5,5010.5,29.0,7471,0
baseline,result_1000.json,FG-DSCR,c876,default,edge-8,130,5010.5,0.0,5010.5,5039.5,29.0,7471,0
baseline,result_1000.json,FG-DSCR,c846,default,edge-8,131,5039.5,0.0,5039.5,5068.5,29.0,7471,0
baseline,result_1000.json,FG-DSCR,c336,default,edge-8,132,5068.5,0.0,5068.5,5097.5,29.0,7471,0
baseline,result_1000.json,FG-DSCR,c456,default,edge-8,133,5097.5,0.0,5097.5,5126.5,29.0,7471,0
baseline,result_1000.json,FG-DSCR,c576,default,edge-8,134,5126.5,0.0,5126.5,5155.5,29.0,7471,0
baseline,result_1000.json,FG-DSCR,c276,default,edge-8,135,5155.5,0.0,5155.5,5184.5,29.0,7471,0
baseline,result_1000.json,FG-DSCR,c246,default,edge-8,136,5184.5,0.0,5184.5,5213.5,29.0,7471,0
baseline,result_1000.json,FG-DSCR,c396,default,edge-8,137,5213.5,0.0,5213.5,5242.5,29.0,7471,0
baseline,result_1000.json,FG-DSCR,c996,default,edge-8,138,5242.5,0.0,5242.5,5271.5,29.0,7471,0
baseline,result_1000.json,FG-DSCR,c036,default,edge-8,139,5271.5,0.0,5271.5,5300.5,29.0,7471,0
baseline,result_1000.json,FG-DSCR,c546,default,edge-8,140,5300.5,0.0,5300.5,5329.5,29.0,7471,0
baseline,result_1000.json,FG-DSCR,c486,default,edge-8,141,5329.5,0.0,5329.5,5358.5,29.0,7471,0
baseline,result_1000.json,FG-DSCR,c906,default,edge-8,142,5358.5,0.0,5358.5,5387.5,29.0,7471,0
baseline,result_1000.json,FG-DSCR,c006,default,edge-8,143,5387.5,0.0,5387.5,5416.5,29.0,7471,0
baseline,result_1000.json,FG-DSCR,c606,default,edge-8,144,5416.5,0.0,5416.5,5445.5,29.0,7471,0
baseline,result_1000.json,FG-DSCR,c726,default,edge-8,145,5445.5,0.0,5445.5,5474.5,29.0,7471,0
baseline,result_1000.json,FG-DSCR,c844,default,edge-8,146,5474.5,0.0,5474.5,5509.5,35.0,7321,0
baseline,result_1000.json,FG-DSCR,c186,default,edge-8,147,5509.5,0.0,5509.5,5538.5,29.0,7471,0
baseline,result_1000.json,FG-DSCR,c604,default,edge-8,148,5538.5,0.0,5538.5,5573.5,35.0,7321,0
baseline,result_1000.json,FG-DSCR,c216,default,edge-8,149,5573.5,0.0,5573.5,5602.5,29.0,7471,0
baseline,result_1000.json,FG-DSCR,c154,default,edge-8,150,5602.5,0.0,5602.5,5637.5,35.0,7321,0
baseline,result_1000.json,FG-DSCR,c756,default,edge-8,151,5637.5,0.0,5637.5,5666.5,29.0,7471,0
baseline,result_1000.json,FG-DSCR,c183,default,edge-8,152,5666.5,110.0,5776.5,5808.5,32.0,5374,1100
baseline,result_1000.json,FG-DSCR,c273,default,edge-8,153,5808.5,0.0,5808.5,5840.5,32.0,6474,0
baseline,result_1000.json,FG-DSCR,c513,default,edge-8,154,5840.5,0.0,5840.5,5872.5,32.0,6474,0
baseline,result_1000.json,FG-DSCR,c243,default,edge-8,155,5872.5,0.0,5872.5,5904.5,32.0,6474,0
baseline,result_1000.json,FG-DSCR,c363,default,edge-8,156,5904.5,0.0,5904.5,5936.5,32.0,6474,0
baseline,result_1000.json,FG-DSCR,c153,default,edge-8,157,5936.5,0.0,5936.5,5968.5,32.0,6474,0
baseline,result_1000.json,FG-DSCR,c603,default,edge-8,158,5968.5,0.0,5968.5,6000.5,32.0,6474,0
baseline,result_1000.json,FG-DSCR,c963,default,edge-8,159,6000.5,0.0,6000.5,6032.5,32.0,6474,0
baseline,result_1000.json,FG-DSCR,c813,default,edge-8,160,6032.5,0.0,6032.5,6064.5,32.0,6474,0
baseline,result_1000.json,FG-DSCR,c903,default,edge-8,161,6064.5,0.0,6064.5,6096.5,32.0,6474,0
baseline,result_1000.json,FG-DSCR,c213,default,edge-8,162,6096.5,0.0,6096.5,6128.5,32.0,6474,0
baseline,result_1000.json,FG-DSCR,c093,default,edge-8,163,6128.5,0.0,6128.5,6160.5,32.0,6474,0
baseline,result_1000.json,FG-DSCR,c033,default,edge-8,164,6160.5,0.0,6160.5,6192.5,32.0,6474,0
baseline,result_1000.json,FG-DSCR,c543,default,edge-8,165,6192.5,0.0,6192.5,6224.5,32.0,6474,0
baseline,result_1000.json,FG-DSCR,c663,default,edge-8,166,6224.5,0.0,6224.5,6256.5,32.0,6474,0
baseline,result_1000.json,FG-DSCR,c573,default,edge-8,167,6256.5,0.0,6256.5,6288.5,32.0,6474,0
baseline,result_1000.json,FG-DSCR,c393,default,edge-8,168,6288.5,0.0,6288.5,6320.5,32.0,6474,0
baseline,result_1000.json,FG-DSCR,c693,default,edge-8,169,6320.5,0.0,6320.5,6352.5,32.0,6474,0
baseline,result_1000.json,FG-DSCR,c453,default,edge-8,170,6352.5,0.0,6352.5,6384.5,32.0,6474,0
baseline,result_1000.json,FG-DSCR,c304,default,edge-8,171,6384.5,0.0,6384.5,6419.5,35.0,7321,0
baseline,result_1000.json,FG-DSCR,c993,default,edge-8,172,6419.5,0.0,6419.5,6451.5,32.0,6474,0
baseline,result_1000.json,FG-DSCR,c786,default,edge-8,173,6451.5,0.0,6451.5,6480.5,29.0,7471,0
baseline,result_1000.json,FG-DSCR,c394,default,edge-8,174,6480.5,0.0,6480.5,6515.5,35.0,7321,0
baseline,result_1000.json,FG-DSCR,c753,default,edge-8,175,6515.5,0.0,6515.5,6547.5,32.0,6474,0
baseline,result_1000.json,FG-DSCR,c936,default,edge-8,176,6547.5,0.0,6547.5,6576.5,29.0,7471,0
baseline,result_1000.json,FG-DSCR,c933,default,edge-8,177,6576.5,0.0,6576.5,6608.5,32.0,6474,0
baseline,result_1000.json,FG-DSCR,c754,default,edge-8,178,6608.5,0.0,6608.5,6643.5,35.0,7321,0
baseline,result_1000.json,FG-DSCR,c426,default,edge-8,179,6643.5,0.0,6643.5,6672.5,29.0,7471,0
baseline,result_1000.json,FG-DSCR,c843,default,edge-8,180,6672.5,0.0,6672.5,6704.5,32.0,6474,0
baseline,result_1000.json,FG-DSCR,c454,default,edge-8,181,6704.5,0.0,6704.5,6739.5,35.0,7321,0
baseline,result_1000.json,FG-DSCR,c303,default,edge-8,182,6739.5,0.0,6739.5,6771.5,32.0,6474,0
baseline,result_1000.json,FG-DSCR,c696,default,edge-8,183,6771.5,0.0,6771.5,6800.5,29.0,7471,0
baseline,result_1000.json,FG-DSCR,c784,default,edge-8,184,6800.5,0.0,6800.5,6835.5,35.0,7321,0
baseline,result_1000.json,FG-DSCR,c483,default,edge-8,185,6835.5,0.0,6835.5,6867.5,32.0,6474,0
baseline,result_1000.json,FG-DSCR,c966,default,edge-8,186,6867.5,0.0,6867.5,6896.5,29.0,7471,0
baseline,result_1000.json,FG-DSCR,c003,default,edge-8,187,6896.5,0.0,6896.5,6928.5,32.0,6474,0
baseline,result_1000.json,FG-DSCR,c934,default,edge-8,188,6928.5,0.0,6928.5,6963.5,35.0,7321,0
baseline,result_1000.json,FG-DSCR,c123,default,edge-8,189,6963.5,0.0,6963.5,6995.5,32.0,6474,0
baseline,result_1000.json,FG-DSCR,c816,default,edge-8,190,6995.5,0.0,6995.5,7024.5,29.0,7471,0
baseline,result_1000.json,FG-DSCR,c034,default,edge-8,191,7024.5,0.0,7024.5,7059.5,35.0,7321,0
baseline,result_1000.json,FG-DSCR,c783,default,edge-8,192,7059.5,0.0,7059.5,7091.5,32.0,6474,0
baseline,result_1000.json,FG-DSCR,c516,default,edge-8,193,7091.5,0.0,7091.5,7120.5,29.0,7471,0
baseline,result_1000.json,FG-DSCR,c633,default,edge-8,194,7120.5,0.0,7120.5,7152.5,32.0,6474,0
baseline,result_1000.json,FG-DSCR,c094,default,edge-8,195,7152.5,0.0,7152.5,7187.5,35.0,7321,0
baseline,result_1000.json,FG-DSCR,c156,default,edge-8,196,7187.5,0.0,7187.5,7216.5,29.0,7471,0
baseline,result_1000.json,FG-DSCR,c873,default,edge-8,197,7216.5,0.0,7216.5,7248.5,32.0,6474,0
baseline,result_1000.json,FG-DSCR,c514,default,edge-8,198,7248.5,0.0,7248.5,7283.5,35.0,7321,0
baseline,result_1000.json,FG-DSCR,c723,default,edge-8,199,7283.5,0.0,7283.5,7315.5,32.0,6474,0
baseline,result_1000.json,FG-DSCR,c066,default,edge-8,200,7315.5,0.0,7315.5,7344.5,29.0,7471,0
baseline,result_1000.json,FG-DSCR,c694,default,edge-8,201,7344.5,0.0,7344.5,7379.5,35.0,7321,0
baseline,result_1000.json,FG-DSCR,c423,default,edge-8,202,7379.5,0.0,7379.5,7411.5,32.0,6474,0
baseline,result_1000.json,FG-DSCR,c063,default,edge-8,203,7411.5,0.0,7411.5,7443.5,32.0,6474,0
baseline,result_1000.json,FG-DSCR,c333,default,edge-8,204,7443.5,0.0,7443.5,7475.5,32.0,6474,0
mid,result_1000_mid.json,FG-DSCR,c335,default,edge-1,1,0.0,1404.8,1404.8,1430.8,26.0,0,7024
mid,result_1000_mid.json,FG-DSCR,c545,default,edge-1,2,1430.8,0.0,1430.8,1456.8,26.0,7024,0
mid,result_1000_mid.json,FG-DSCR,c275,default,edge-1,3,1456.8,0.0,1456.8,1482.8,26.0,7024,0
mid,result_1000_mid.json,FG-DSCR,c875,default,edge-1,4,1482.8,0.0,1482.8,1508.8,26.0,7024,0
mid,result_1000_mid.json,FG-DSCR,c455,default,edge-1,5,1508.8,0.0,1508.8,1534.8,26.0,7024,0
mid,result_1000_mid.json,FG-DSCR,c485,default,edge-1,6,1534.8,0.0,1534.8,1560.8,26.0,7024,0
mid,result_1000_mid.json,FG-DSCR,c125,default,edge-1,7,1560.8,0.0,1560.8,1586.8,26.0,7024,0
mid,result_1000_mid.json,FG-DSCR,c695,default,edge-1,8,1586.8,0.0,1586.8,1612.8,26.0,7024,0
mid,result_1000_mid.json,FG-DSCR,c005,default,edge-1,9,1612.8,0.0,1612.8,1638.8,26.0,7024,0
mid,result_1000_mid.json,FG-DSCR,c065,default,edge-1,10,1638.8,0.0,1638.8,1664.8,26.0,7024,0
mid,result_1000_mid.json,FG-DSCR,c605,default,edge-1,11,1664.8,0.0,1664.8,1690.8,26.0,7024,0
mid,result_1000_mid.json,FG-DSCR,c155,default,edge-1,12,1690.8,0.0,1690.8,1716.8,26.0,7024,0
mid,result_1000_mid.json,FG-DSCR,c935,default,edge-1,13,1716.8,0.0,1716.8,1742.8,26.0,7024,0
mid,result_1000_mid.json,FG-DSCR,c035,default,edge-1,14,1742.8,0.0,1742.8,1768.8,26.0,7024,0
mid,result_1000_mid.json,FG-DSCR,c785,default,edge-1,15,1768.8,0.0,1768.8,1794.8,26.0,7024,0
mid,result_1000_mid.json,FG-DSCR,c395,default,edge-1,16,1794.8,0.0,1794.8,1820.8,26.0,7024,0
mid,result_1000_mid.json,FG-DSCR,c365,default,edge-1,17,1820.8,0.0,1820.8,1846.8,26.0,7024,0
mid,result_1000_mid.json,FG-DSCR,c755,default,edge-1,18,1846.8,0.0,1846.8,1872.8,26.0,7024,0
mid,result_1000_mid.json,FG-DSCR,c425,default,edge-1,19,1872.8,0.0,1872.8,1898.8,26.0,7024,0
mid,result_1000_mid.json,FG-DSCR,c515,default,edge-1,20,1898.8,0.0,1898.8,1924.8,26.0,7024,0
mid,result_1000_mid.json,FG-DSCR,c995,default,edge-1,21,1924.8,0.0,1924.8,1950.8,26.0,7024,0
mid,result_1000_mid.json,FG-DSCR,c635,default,edge-1,22,1950.8,0.0,1950.8,1976.8,26.0,7024,0
mid,result_1000_mid.json,FG-DSCR,c845,default,edge-1,23,1976.8,0.0,1976.8,2002.8,26.0,7024,0
mid,result_1000_mid.json,FG-DSCR,c965,default,edge-1,24,2002.8,0.0,2002.8,2028.8,26.0,7024,0
mid,result_1000_mid.json,FG-DSCR,c215,default,edge-1,25,2028.8,0.0,2028.8,2054.8,26.0,7024,0
mid,result_1000_mid.json,FG-DSCR,c305,default,edge-1,26,2054.8,0.0,2054.8,2080.8,26.0,7024,0
mid,result_1000_mid.json,FG-DSCR,c665,default,edge-1,27,2080.8,0.0,2080.8,2106.8,26.0,7024,0
mid,result_1000_mid.json,FG-DSCR,c185,default,edge-1,28,2106.8,0.0,2106.8,2132.8,26.0,7024,0
mid,result_1000_mid.json,FG-DSCR,c815,default,edge-1,29,2132.8,0.0,2132.8,2158.8,26.0,7024,0
mid,result_1000_mid.json,FG-DSCR,c905,default,edge-1,30,2158.8,0.0,2158.8,2184.8,26.0,7024,0
mid,result_1000_mid.json,FG-DSCR,c725,default,edge-1,31,2184.8,0.0,2184.8,2210.8,26.0,7024,0
mid,result_1000_mid.json,FG-DSCR,c095,default,edge-1,32,2210.8,0.0,2210.8,2236.8,26.0,7024,0
mid,result_1000_mid.json,FG-DSCR,c575,default,edge-1,33,2236.8,0.0,2236.8,2262.8,26.0,7024,0
mid,result_1000_mid.json,FG-DSCR,c245,default,edge-1,34,2262.8,0.0,2262.8,2288.8,26.0,7024,0
mid,result_1000_mid.json,FG-DSCR,c363,default,edge-1,35,2288.8,220.0,2508.8,2540.8,32.0,5374,1100
mid,result_1000_mid.json,FG-DSCR,c633,default,edge-1,36,2540.8,0.0,2540.8,2572.8,32.0,6474,0
mid,result_1000_mid.json,FG-DSCR,c603,default,edge-1,37,2572.8,0.0,2572.8,2604.8,32.0,6474,0
mid,result_1000_mid.json,FG-DSCR,c183,default,edge-1,38,2604.8,0.0,2604.8,2636.8,32.0,6474,0
mid,result_1000_mid.json,FG-DSCR,c033,default,edge-1,39,2636.8,0.0,2636.8,2668.8,32.0,6474,0
mid,result_1000_mid.json,FG-DSCR,c513,default,edge-1,40,2668.8,0.0,2668.8,2700.8,32.0,6474,0
mid,result_1000_mid.json,FG-DSCR,c723,default,edge-1,41,2700.8,0.0,2700.8,2732.8,32.0,6474,0
mid,result_1000_mid.json,FG-DSCR,c783,default,edge-1,42,2732.8,0.0,2732.8,2764.8,32.0,6474,0
mid,result_1000_mid.json,FG-DSCR,c423,default,edge-1,43,2764.8,0.0,2764.8,2796.8,32.0,6474,0
mid,result_1000_mid.json,FG-DSCR,c753,default,edge-1,44,2796.8,0.0,2796.8,2828.8,32.0,6474,0
mid,result_1000_mid.json,FG-DSCR,c573,default,edge-1,45,2828.8,0.0,2828.8,2860.8,32.0,6474,0
mid,result_1000_mid.json,FG-DSCR,c993,default,edge-1,46,2860.8,0.0,2860.8,2892.8,32.0,6474,0
mid,result_1000_mid.json,FG-DSCR,c003,default,edge-1,47,2892.8,0.0,2892.8,2924.8,32.0,6474,0
mid,result_1000_mid.json,FG-DSCR,c963,default,edge-1,48,2924.8,0.0,2924.8,2956.8,32.0,6474,0
mid,result_1000_mid.json,FG-DSCR,c303,default,edge-1,49,2956.8,0.0,2956.8,2988.8,32.0,6474,0
mid,result_1000_mid.json,FG-DSCR,c063,default,edge-1,50,2988.8,0.0,2988.8,3020.8,32.0,6474,0
mid,result_1000_mid.json,FG-DSCR,c393,default,edge-1,51,3020.8,0.0,3020.8,3052.8,32.0,6474,0
mid,result_1000_mid.json,FG-DSCR,c213,default,edge-1,52,3052.8,0.0,3052.8,3084.8,32.0,6474,0
mid,result_1000_mid.json,FG-DSCR,c243,default,edge-1,53,3084.8,0.0,3084.8,3116.8,32.0,6474,0
mid,result_1000_mid.json,FG-DSCR,c843,default,edge-1,54,3116.8,0.0,3116.8,3148.8,32.0,6474,0
mid,result_1000_mid.json,FG-DSCR,c813,default,edge-1,55,3148.8,0.0,3148.8,3180.8,32.0,6474,0
mid,result_1000_mid.json,FG-DSCR,c873,default,edge-1,56,3180.8,0.0,3180.8,3212.8,32.0,6474,0
mid,result_1000_mid.json,FG-DSCR,c483,default,edge-1,57,3212.8,0.0,3212.8,3244.8,32.0,6474,0
mid,result_1000_mid.json,FG-DSCR,c273,default,edge-1,58,3244.8,0.0,3244.8,3276.8,32.0,6474,0
mid,result_1000_mid.json,FG-DSCR,c693,default,edge-1,59,3276.8,0.0,3276.8,3308.8,32.0,6474,0
mid,result_1000_mid.json,FG-DSCR,c453,default,edge-1,60,3308.8,0.0,3308.8,3340.8,32.0,6474,0
mid,result_1000_mid.json,FG-DSCR,c663,default,edge-1,61,3340.8,0.0,3340.8,3372.8,32.0,6474,0
mid,result_1000_mid.json,FG-DSCR,c903,default,edge-1,62,3372.8,0.0,3372.8,3404.8,32.0,6474,0
mid,result_1000_mid.json,FG-DSCR,c123,default,edge-1,63,3404.8,0.0,3404.8,3436.8,32.0,6474,0
mid,result_1000_mid.json,FG-DSCR,c543,default,edge-1,64,3436.8,0.0,3436.8,3468.8,32.0,6474,0
mid,result_1000_mid.json,FG-DSCR,c093,default,edge-1,65,3468.8,0.0,3468.8,3500.8,32.0,6474,0
mid,result_1000_mid.json,FG-DSCR,c933,default,edge-1,66,3500.8,0.0,3500.8,3532.8,32.0,6474,0
mid,result_1000_mid.json,FG-DSCR,c153,default,edge-1,67,3532.8,0.0,3532.8,3564.8,32.0,6474,0
mid,result_1000_mid.json,FG-DSCR,c333,default,edge-1,68,3564.8,0.0,3564.8,3596.8,32.0,6474,0
mid,result_1000_mid.json,FG-DSCR,c364,default,edge-1,69,3596.8,330.2,3927.0,3962.0,35.0,5670,1651
mid,result_1000_mid.json,FG-DSCR,c934,default,edge-1,70,3962.0,0.0,3962.0,3997.0,35.0,7321,0
mid,result_1000_mid.json,FG-DSCR,c844,default,edge-1,71,3997.0,0.0,3997.0,4032.0,35.0,7321,0
mid,result_1000_mid.json,FG-DSCR,c994,default,edge-1,72,4032.0,0.0,4032.0,4067.0,35.0,7321,0
mid,result_1000_mid.json,FG-DSCR,c124,default,edge-1,73,4067.0,0.0,4067.0,4102.0,35.0,7321,0
mid,result_1000_mid.json,FG-DSCR,c514,default,edge-1,74,4102.0,0.0,4102.0,4137.0,35.0,7321,0
mid,result_1000_mid.json,FG-DSCR,c154,default,edge-1,75,4137.0,0.0,4137.0,4172.0,35.0,7321,0
mid,result_1000_mid.json,FG-DSCR,c244,default,edge-1,76,4172.0,0.0,4172.0,4207.0,35.0,7321,0
mid,result_1000_mid.json,FG-DSCR,c454,default,edge-1,77,4207.0,0.0,4207.0,4242.0,35.0,7321,0
mid,result_1000_mid.json,FG-DSCR,c304,default,edge-1,78,4242.0,0.0,4242.0,4277.0,35.0,7321,0
mid,result_1000_mid.json,FG-DSCR,c904,default,edge-1,79,4277.0,0.0,4277.0,4312.0,35.0,7321,0
mid,result_1000_mid.json,FG-DSCR,c634,default,edge-1,80,4312.0,0.0,4312.0,4347.0,35.0,7321,0
mid,result_1000_mid.json,FG-DSCR,c574,default,edge-1,81,4347.0,0.0,4347.0,4382.0,35.0,7321,0
mid,result_1000_mid.json,FG-DSCR,c064,default,edge-1,82,4382.0,0.0,4382.0,4417.0,35.0,7321,0
mid,result_1000_mid.json,FG-DSCR,c784,default,edge-1,83,4417.0,0.0,4417.0,4452.0,35.0,7321,0
mid,result_1000_mid.json,FG-DSCR,c214,default,edge-1,84,4452.0,0.0,4452.0,4487.0,35.0,7321,0
mid,result_1000_mid.json,FG-DSCR,c664,default,edge-1,85,4487.0,0.0,4487.0,4522.0,35.0,7321,0
mid,result_1000_mid.json,FG-DSCR,c754,default,edge-1,86,4522.0,0.0,4522.0,4557.0,35.0,7321,0
mid,result_1000_mid.json,FG-DSCR,c394,default,edge-1,87,4557.0,0.0,4557.0,4592.0,35.0,7321,0
mid,result_1000_mid.json,FG-DSCR,c424,default,edge-1,88,4592.0,0.0,4592.0,4627.0,35.0,7321,0
mid,result_1000_mid.json,FG-DSCR,c484,default,edge-1,89,4627.0,0.0,4627.0,4662.0,35.0,7321,0
mid,result_1000_mid.json,FG-DSCR,c604,default,edge-1,90,4662.0,0.0,4662.0,4697.0,35.0,7321,0
mid,result_1000_mid.json,FG-DSCR,c094,default,edge-1,91,4697.0,0.0,4697.0,4732.0,35.0,7321,0
mid,result_1000_mid.json,FG-DSCR,c964,default,edge-1,92,4732.0,0.0,4732.0,4767.0,35.0,7321,0
mid,result_1000_mid.json,FG-DSCR,c544,default,edge-1,93,4767.0,0.0,4767.0,4802.0,35.0,7321,0
mid,result_1000_mid.json,FG-DSCR,c184,default,edge-1,94,4802.0,0.0,4802.0,4837.0,35.0,7321,0
mid,result_1000_mid.json,FG-DSCR,c814,default,edge-1,95,4837.0,0.0,4837.0,4872.0,35.0,7321,0
mid,result_1000_mid.json,FG-DSCR,c694,default,edge-1,96,4872.0,0.0,4872.0,4907.0,35.0,7321,0
mid,result_1000_mid.json,FG-DSCR,c274,default,edge-1,97,4907.0,0.0,4907.0,4942.0,35.0,7321,0
mid,result_1000_mid.json,FG-DSCR,c004,default,edge-1,98,4942.0,0.0,4942.0,4977.0,35.0,7321,0
mid,result_1000_mid.json,FG-DSCR,c874,default,edge-1,99,4977.0,0.0,4977.0,5012.0,35.0,7321,0
mid,result_1000_mid.json,FG-DSCR,c034,default,edge-1,100,5012.0,0.0,5012.0,5047.0,35.0,7321,0
mid,result_1000_mid.json,FG-DSCR,c334,default,edge-1,101,5047.0,0.0,5047.0,5082.0,35.0,7321,0
mid,result_1000_mid.json,FG-DSCR,c724,default,edge-1,102,5082.0,0.0,5082.0,5117.0,35.0,7321,0
mid,result_1000_mid.json,FG-DSCR,c752,default,edge-2,1,0.0,1464.8,1464.8,1493.8,29.0,0,7324
mid,result_1000_mid.json,FG-DSCR,c062,default,edge-2,2,1493.8,0.0,1493.8,1522.8,29.0,7324,0
mid,result_1000_mid.json,FG-DSCR,c422,default,edge-2,3,1522.8,0.0,1522.8,1551.8,29.0,7324,0
mid,result_1000_mid.json,FG-DSCR,c452,default,edge-2,4,1551.8,0.0,1551.8,1580.8,29.0,7324,0
mid,result_1000_mid.json,FG-DSCR,c662,default,edge-2,5,1580.8,0.0,1580.8,1609.8,29.0,7324,0
mid,result_1000_mid.json,FG-DSCR,c932,default,edge-2,6,1609.8,0.0,1609.8,1638.8,29.0,7324,0
mid,result_1000_mid.json,FG-DSCR,c842,default,edge-2,7,1638.8,0.0,1638.8,1667.8,29.0,7324,0
mid,result_1000_mid.json,FG-DSCR,c962,default,edge-2,8,1667.8,0.0,1667.8,1696.8,29.0,7324,0
mid,result_1000_mid.json,FG-DSCR,c392,default,edge-2,9,1696.8,0.0,1696.8,1725.8,29.0,7324,0
mid,result_1000_mid.json,FG-DSCR,c032,default,edge-2,10,1725.8,0.0,1725.8,1754.8,29.0,7324,0
mid,result_1000_mid.json,FG-DSCR,c632,default,edge-2,11,1754.8,0.0,1754.8,1783.8,29.0,7324,0
mid,result_1000_mid.json,FG-DSCR,c002,default,edge-2,12,1783.8,0.0,1783.8,1812.8,29.0,7324,0
mid,result_1000_mid.json,FG-DSCR,c722,default,edge-2,13,1812.8,0.0,1812.8,1841.8,29.0,7324,0
mid,result_1000_mid.json,FG-DSCR,c212,default,edge-2,14,1841.8,0.0,1841.8,1870.8,29.0,7324,0
mid,result_1000_mid.json,FG-DSCR,c992,default,edge-2,15,1870.8,0.0,1870.8,1899.8,29.0,7324,0
mid,result_1000_mid.json,FG-DSCR,c572,default,edge-2,16,1899.8,0.0,1899.8,1928.8,29.0,7324,0
mid,result_1000_mid.json,FG-DSCR,c482,default,edge-2,17,1928.8,0.0,1928.8,1957.8,29.0,7324,0
mid,result_1000_mid.json,FG-DSCR,c362,default,edge-2,18,1957.8,0.0,1957.8,1986.8,29.0,7324,0
mid,result_1000_mid.json,FG-DSCR,c332,default,edge-2,19,1986.8,0.0,1986.8,2015.8,29.0,7324,0
mid,result_1000_mid.json,FG-DSCR,c782,default,edge-2,20,2015.8,0.0,2015.8,2044.8,29.0,7324,0
mid,result_1000_mid.json,FG-DSCR,c542,default,edge-2,21,2044.8,0.0,2044.8,2073.8,29.0,7324,0
mid,result_1000_mid.json,FG-DSCR,c272,default,edge-2,22,2073.8,0.0,2073.8,2102.8,29.0,7324,0
mid,result_1000_mid.json,FG-DSCR,c182,default,edge-2,23,2102.8,0.0,2102.8,2131.8,29.0,7324,0
mid,result_1000_mid.json,FG-DSCR,c812,default,edge-2,24,2131.8,0.0,2131.8,2160.8,29.0,7324,0
mid,result_1000_mid.json,FG-DSCR,c872,default,edge-2,25,2160.8,0.0,2160.8,2189.8,29.0,7324,0
mid,result_1000_mid.json,FG-DSCR,c512,default,edge-2,26,2189.8,0.0,2189.8,2218.8,29.0,7324,0
mid,result_1000_mid.json,FG-DSCR,c242,default,edge-2,27,2218.8,0.0,2218.8,2247.8,29.0,7324,0
mid,result_1000_mid.json,FG-DSCR,c692,default,edge-2,28,2247.8,0.0,2247.8,2276.8,29.0,7324,0
mid,result_1000_mid.json,FG-DSCR,c302,default,edge-2,29,2276.8,0.0,2276.8,2305.8,29.0,7324,0
mid,result_1000_mid.json,FG-DSCR,c122,default,edge-2,30,2305.8,0.0,2305.8,2334.8,29.0,7324,0
mid,result_1000_mid.json,FG-DSCR,c152,default,edge-2,31,2334.8,0.0,2334.8,2363.8,29.0,7324,0
mid,result_1000_mid.json,FG-DSCR,c902,default,edge-2,32,2363.8,0.0,2363.8,2392.8,29.0,7324,0
mid,result_1000_mid.json,FG-DSCR,c602,default,edge-2,33,2392.8,0.0,2392.8,2421.8,29.0,7324,0
mid,result_1000_mid.json,FG-DSCR,c092,default,edge-2,34,2421.8,0.0,2421.8,2450.8,29.0,7324,0
mid,result_1000_mid.json,FG-DSCR,c006,default,edge-2,35,2450.8,360.2,2811.0,2840.0,29.0,5670,1801
mid,result_1000_mid.json,FG-DSCR,c396,default,edge-2,36,2840.0,0.0,2840.0,2869.0,29.0,7471,0
mid,result_1000_mid.json,FG-DSCR,c636,default,edge-2,37,2869.0,0.0,2869.0,2898.0,29.0,7471,0
mid,result_1000_mid.json,FG-DSCR,c366,default,edge-2,38,2898.0,0.0,2898.0,2927.0,29.0,7471,0
mid,result_1000_mid.json,FG-DSCR,c606,default,edge-2,39,2927.0,0.0,2927.0,2956.0,29.0,7471,0
mid,result_1000_mid.json,FG-DSCR,c096,default,edge-2,40,2956.0,0.0,2956.0,2985.0,29.0,7471,0
mid,result_1000_mid.json,FG-DSCR,c756,default,edge-2,41,2985.0,0.0,2985.0,3014.0,29.0,7471,0
mid,result_1000_mid.json,FG-DSCR,c516,default,edge-2,42,3014.0,0.0,3014.0,3043.0,29.0,7471,0
mid,result_1000_mid.json,FG-DSCR,c126,default,edge-2,43,3043.0,0.0,3043.0,3072.0,29.0,7471,0
mid,result_1000_mid.json,FG-DSCR,c876,default,edge-2,44,3072.0,0.0,3072.0,3101.0,29.0,7471,0
mid,result_1000_mid.json,FG-DSCR,c306,default,edge-2,45,3101.0,0.0,3101.0,3130.0,29.0,7471,0
mid,result_1000_mid.json,FG-DSCR,c906,default,edge-2,46,3130.0,0.0,3130.0,3159.0,29.0,7471,0
mid,result_1000_mid.json,FG-DSCR,c726,default,edge-2,47,3159.0,0.0,3159.0,3188.0,29.0,7471,0
mid,result_1000_mid.json,FG-DSCR,c456,default,edge-2,48,3188.0,0.0,3188.0,3217.0,29.0,7471,0
mid,result_1000_mid.json,FG-DSCR,c426,default,edge-2,49,3217.0,0.0,3217.0,3246.0,29.0,7471,0
mid,result_1000_mid.json,FG-DSCR,c576,default,edge-2,50,3246.0,0.0,3246.0,3275.0,29.0,7471,0
mid,result_1000_mid.json,FG-DSCR,c786,default,edge-2,51,3275.0,0.0,3275.0,3304.0,29.0,7471,0
mid,result_1000_mid.json,FG-DSCR,c066,default,edge-2,52,3304.0,0.0,3304.0,3333.0,29.0,7471,0
mid,result_1000_mid.json,FG-DSCR,c156,default,edge-2,53,3333.0,0.0,3333.0,3362.0,29.0,7471,0
mid,result_1000_mid.json,FG-DSCR,c276,default,edge-2,54,3362.0,0.0,3362.0,3391.0,29.0,7471,0
mid,result_1000_mid.json,FG-DSCR,c546,default,edge-2,55,3391.0,0.0,3391.0,3420.0,29.0,7471,0
mid,result_1000_mid.json,FG-DSCR,c666,default,edge-2,56,3420.0,0.0,3420.0,3449.0,29.0,7471,0
mid,result_1000_mid.json,FG-DSCR,c696,default,edge-2,57,3449.0,0.0,3449.0,3478.0,29.0,7471,0
mid,result_1000_mid.json,FG-DSCR,c846,default,edge-2,58,3478.0,0.0,3478.0,3507.0,29.0,7471,0
mid,result_1000_mid.json,FG-DSCR,c186,default,edge-2,59,3507.0,0.0,3507.0,3536.0,29.0,7471,0
mid,result_1000_mid.json,FG-DSCR,c036,default,edge-2,60,3536.0,0.0,3536.0,3565.0,29.0,7471,0
mid,result_1000_mid.json,FG-DSCR,c966,default,edge-2,61,3565.0,0.0,3565.0,3594.0,29.0,7471,0
mid,result_1000_mid.json,FG-DSCR,c336,default,edge-2,62,3594.0,0.0,3594.0,3623.0,29.0,7471,0
mid,result_1000_mid.json,FG-DSCR,c996,default,edge-2,63,3623.0,0.0,3623.0,3652.0,29.0,7471,0
mid,result_1000_mid.json,FG-DSCR,c216,default,edge-2,64,3652.0,0.0,3652.0,3681.0,29.0,7471,0
mid,result_1000_mid.json,FG-DSCR,c246,default,edge-2,65,3681.0,0.0,3681.0,3710.0,29.0,7471,0
mid,result_1000_mid.json,FG-DSCR,c816,default,edge-2,66,3710.0,0.0,3710.0,3739.0,29.0,7471,0
mid,result_1000_mid.json,FG-DSCR,c936,default,edge-2,67,3739.0,0.0,3739.0,3768.0,29.0,7471,0
mid,result_1000_mid.json,FG-DSCR,c486,default,edge-2,68,3768.0,0.0,3768.0,3797.0,29.0,7471,0
mid,result_1000_mid.json,FG-DSCR,c458,default,edge-3,1,0.0,2261.8,2261.8,2304.8,43.0,0,22618
mid,result_1000_mid.json,FG-DSCR,c968,default,edge-3,2,2304.8,0.0,2304.8,2347.8,43.0,22618,0
mid,result_1000_mid.json,FG-DSCR,c998,default,edge-3,3,2347.8,0.0,2347.8,2390.8,43.0,22618,0
mid,result_1000_mid.json,FG-DSCR,c818,default,edge-3,4,2390.8,0.0,2390.8,2433.8,43.0,22618,0
mid,result_1000_mid.json,FG-DSCR,c248,default,edge-3,5,2433.8,0.0,2433.8,2476.8,43.0,22618,0
mid,result_1000_mid.json,FG-DSCR,c788,default,edge-3,6,2476.8,0.0,2476.8,2519.8,43.0,22618,0
mid,result_1000_mid.json,FG-DSCR,c668,default,edge-3,7,2519.8,0.0,2519.8,2562.8,43.0,22618,0
mid,result_1000_mid.json,FG-DSCR,c698,default,edge-3,8,2562.8,0.0,2562.8,2605.8,43.0,22618,0
mid,result_1000_mid.json,FG-DSCR,c548,default,edge-3,9,2605.8,0.0,2605.8,2648.8,43.0,22618,0
mid,result_1000_mid.json,FG-DSCR,c878,default,edge-3,10,2648.8,0.0,2648.8,2691.8,43.0,22618,0
mid,result_1000_mid.json,FG-DSCR,c638,default,edge-3,11,2691.8,0.0,2691.8,2734.8,43.0,22618,0
mid,result_1000_mid.json,FG-DSCR,c398,default,edge-3,12,2734.8,0.0,2734.8,2777.8,43.0,22618,0
mid,result_1000_mid.json,FG-DSCR,c578,default,edge-3,13,2777.8,0.0,2777.8,2820.8,43.0,22618,0
mid,result_1000_mid.json,FG-DSCR,c278,default,edge-3,14,2820.8,0.0,2820.8,2863.8,43.0,22618,0
mid,result_1000_mid.json,FG-DSCR,c608,default,edge-3,15,2863.8,0.0,2863.8,2906.8,43.0,22618,0
mid,result_1000_mid.json,FG-DSCR,c008,default,edge-3,16,2906.8,0.0,2906.8,2949.8,43.0,22618,0
mid,result_1000_mid.json,FG-DSCR,c518,default,edge-3,17,2949.8,0.0,2949.8,2992.8,43.0,22618,0
mid,result_1000_mid.json,FG-DSCR,c068,default,edge-3,18,2992.8,0.0,2992.8,3035.8,43.0,22618,0
mid,result_1000_mid.json,FG-DSCR,c938,default,edge-3,19,3035.8,0.0,3035.8,3078.8,43.0,22618,0
mid,result_1000_mid.json,FG-DSCR,c908,default,edge-3,20,3078.8,0.0,3078.8,3121.8,43.0,22618,0
mid,result_1000_mid.json,FG-DSCR,c128,default,edge-3,21,3121.8,0.0,3121.8,3164.8,43.0,22618,0
mid,result_1000_mid.json,FG-DSCR,c218,default,edge-3,22,3164.8,0.0,3164.8,3207.8,43.0,22618,0
mid,result_1000_mid.json,FG-DSCR,c308,default,edge-3,23,3207.8,0.0,3207.8,3250.8,43.0,22618,0
mid,result_1000_mid.json,FG-DSCR,c038,default,edge-3,24,3250.8,0.0,3250.8,3293.8,43.0,22618,0
mid,result_1000_mid.json,FG-DSCR,c728,default,edge-3,25,3293.8,0.0,3293.8,3336.8,43.0,22618,0
mid,result_1000_mid.json,FG-DSCR,c188,default,edge-3,26,3336.8,0.0,3336.8,3379.8,43.0,22618,0
mid,result_1000_mid.json,FG-DSCR,c488,default,edge-3,27,3379.8,0.0,3379.8,3422.8,43.0,22618,0
mid,result_1000_mid.json,FG-DSCR,c758,default,edge-3,28,3422.8,0.0,3422.8,3465.8,43.0,22618,0
mid,result_1000_mid.json,FG-DSCR,c098,default,edge-3,29,3465.8,0.0,3465.8,3508.8,43.0,22618,0
mid,result_1000_mid.json,FG-DSCR,c158,default,edge-3,30,3508.8,0.0,3508.8,3551.8,43.0,22618,0
mid,result_1000_mid.json,FG-DSCR,c848,default,edge-3,31,3551.8,0.0,3551.8,3594.8,43.0,22618,0
mid,result_1000_mid.json,FG-DSCR,c428,default,edge-3,32,3594.8,0.0,3594.8,3637.8,43.0,22618,0
mid,result_1000_mid.json,FG-DSCR,c338,default,edge-3,33,3637.8,0.0,3637.8,3680.8,43.0,22618,0
mid,result_1000_mid.json,FG-DSCR,c368,default,edge-3,34,3680.8,0.0,3680.8,3723.8,43.0,22618,0
mid,result_1000_mid.json,FG-DSCR,c157,default,edge-3,35,3723.8,760.0,4483.8,4523.8,40.0,22610,7600
mid,result_1000_mid.json,FG-DSCR,c577,default,edge-3,36,4523.8,0.0,4523.8,4563.8,40.0,30210,0
mid,result_1000_mid.json,FG-DSCR,c817,default,edge-3,37,4563.8,0.0,4563.8,4603.8,40.0,30210,0
mid,result_1000_mid.json,FG-DSCR,c787,default,edge-3,38,4603.8,0.0,4603.8,4643.8,40.0,30210,0
mid,result_1000_mid.json,FG-DSCR,c967,default,edge-3,39,4643.8,0.0,4643.8,4683.8,40.0,30210,0
mid,result_1000_mid.json,FG-DSCR,c517,default,edge-3,40,4683.8,0.0,4683.8,4723.8,40.0,30210,0
mid,result_1000_mid.json,FG-DSCR,c067,default,edge-3,41,4723.8,0.0,4723.8,4763.8,40.0,30210,0
mid,result_1000_mid.json,FG-DSCR,c487,default,edge-3,42,4763.8,0.0,4763.8,4803.8,40.0,30210,0
mid,result_1000_mid.json,FG-DSCR,c727,default,edge-3,43,4803.8,0.0,4803.8,4843.8,40.0,30210,0
mid,result_1000_mid.json,FG-DSCR,c547,default,edge-3,44,4843.8,0.0,4843.8,4883.8,40.0,30210,0
mid,result_1000_mid.json,FG-DSCR,c337,default,edge-3,45,4883.8,0.0,4883.8,4923.8,40.0,30210,0
mid,result_1000_mid.json,FG-DSCR,c877,default,edge-3,46,4923.8,0.0,4923.8,4963.8,40.0,30210,0
mid,result_1000_mid.json,FG-DSCR,c757,default,edge-3,47,4963.8,0.0,4963.8,5003.8,40.0,30210,0
mid,result_1000_mid.json,FG-DSCR,c247,default,edge-3,48,5003.8,0.0,5003.8,5043.8,40.0,30210,0
mid,result_1000_mid.json,FG-DSCR,c277,default,edge-3,49,5043.8,0.0,5043.8,5083.8,40.0,30210,0
mid,result_1000_mid.json,FG-DSCR,c607,default,edge-3,50,5083.8,0.0,5083.8,5123.8,40.0,30210,0
mid,result_1000_mid.json,FG-DSCR,c217,default,edge-3,51,5123.8,0.0,5123.8,5163.8,40.0,30210,0
mid,result_1000_mid.json,FG-DSCR,c667,default,edge-3,52,5163.8,0.0,5163.8,5203.8,40.0,30210,0
mid,result_1000_mid.json,FG-DSCR,c367,default,edge-3,53,5203.8,0.0,5203.8,5243.8,40.0,30210,0
mid,result_1000_mid.json,FG-DSCR,c187,default,edge-3,54,5243.8,0.0,5243.8,5283.8,40.0,30210,0
mid,result_1000_mid.json,FG-DSCR,c127,default,edge-3,55,5283.8,0.0,5283.8,5323.8,40.0,30210,0
mid,result_1000_mid.json,FG-DSCR,c697,default,edge-3,56,5323.8,0.0,5323.8,5363.8,40.0,30210,0
mid,result_1000_mid.json,FG-DSCR,c037,default,edge-3,57,5363.8,0.0,5363.8,5403.8,40.0,30210,0
mid,result_1000_mid.json,FG-DSCR,c457,default,edge-3,58,5403.8,0.0,5403.8,5443.8,40.0,30210,0
mid,result_1000_mid.json,FG-DSCR,c097,default,edge-3,59,5443.8,0.0,5443.8,5483.8,40.0,30210,0
mid,result_1000_mid.json,FG-DSCR,c907,default,edge-3,60,5483.8,0.0,5483.8,5523.8,40.0,30210,0
mid,result_1000_mid.json,FG-DSCR,c307,default,edge-3,61,5523.8,0.0,5523.8,5563.8,40.0,30210,0
mid,result_1000_mid.json,FG-DSCR,c637,default,edge-3,62,5563.8,0.0,5563.8,5603.8,40.0,30210,0
mid,result_1000_mid.json,FG-DSCR,c007,default,edge-3,63,5603.8,0.0,5603.8,5643.8,40.0,30210,0
mid,result_1000_mid.json,FG-DSCR,c997,default,edge-3,64,5643.8,0.0,5643.8,5683.8,40.0,30210,0
mid,result_1000_mid.json,FG-DSCR,c427,default,edge-3,65,5683.8,0.0,5683.8,5723.8,40.0,30210,0
mid,result_1000_mid.json,FG-DSCR,c937,default,edge-3,66,5723.8,0.0,5723.8,5763.8,40.0,30210,0
mid,result_1000_mid.json,FG-DSCR,c397,default,edge-3,67,5763.8,0.0,5763.8,5803.8,40.0,30210,0
mid,result_1000_mid.json,FG-DSCR,c847,default,edge-3,68,5803.8,0.0,5803.8,5843.8,40.0,30210,0
mid,result_1000_mid.json,FG-DSCR,c762,default,edge-4,1,0.0,3269.0,3269.0,3312.0,43.0,0,32690
mid,result_1000_mid.json,FG-DSCR,c102,default,edge-4,2,3312.0,0.0,3312.0,3355.0,43.0,32690,0
mid,result_1000_mid.json,FG-DSCR,c042,default,edge-4,3,3355.0,0.0,3355.0,3398.0,43.0,32690,0
mid,result_1000_mid.json,FG-DSCR,c492,default,edge-4,4,3398.0,0.0,3398.0,3441.0,43.0,32690,0
mid,result_1000_mid.json,FG-DSCR,c702,default,edge-4,5,3441.0,0.0,3441.0,3484.0,43.0,32690,0
mid,result_1000_mid.json,FG-DSCR,c792,default,edge-4,6,3484.0,0.0,3484.0,3527.0,43.0,32690,0
mid,result_1000_mid.json,FG-DSCR,c912,default,edge-4,7,3527.0,0.0,3527.0,3570.0,43.0,32690,0
mid,result_1000_mid.json,FG-DSCR,c882,default,edge-4,8,3570.0,0.0,3570.0,3613.0,43.0,32690,0
mid,result_1000_mid.json,FG-DSCR,c522,default,edge-4,9,3613.0,0.0,3613.0,3656.0,43.0,32690,0
mid,result_1000_mid.json,FG-DSCR,c342,default,edge-4,10,3656.0,0.0,3656.0,3699.0,43.0,32690,0
mid,result_1000_mid.json,FG-DSCR,c132,default,edge-4,11,3699.0,0.0,3699.0,3742.0,43.0,32690,0
mid,result_1000_mid.json,FG-DSCR,c552,default,edge-4,12,3742.0,0.0,3742.0,3785.0,43.0,32690,0
mid,result_1000_mid.json,FG-DSCR,c642,default,edge-4,13,3785.0,0.0,3785.0,3828.0,43.0,32690,0
mid,result_1000_mid.json,FG-DSCR,c432,default,edge-4,14,3828.0,0.0,3828.0,3871.0,43.0,32690,0
mid,result_1000_mid.json,FG-DSCR,c162,default,edge-4,15,3871.0,0.0,3871.0,3914.0,43.0,32690,0
mid,result_1000_mid.json,FG-DSCR,c822,default,edge-4,16,3914.0,0.0,3914.0,3957.0,43.0,32690,0
mid,result_1000_mid.json,FG-DSCR,c072,default,edge-4,17,3957.0,0.0,3957.0,4000.0,43.0,32690,0
mid,result_1000_mid.json,FG-DSCR,c402,default,edge-4,18,4000.0,0.0,4000.0,4043.0,43.0,32690,0
mid,result_1000_mid.json,FG-DSCR,c192,default,edge-4,19,4043.0,0.0,4043.0,4086.0,43.0,32690,0
mid,result_1000_mid.json,FG-DSCR,c852,default,edge-4,20,4086.0,0.0,4086.0,4129.0,43.0,32690,0
mid,result_1000_mid.json,FG-DSCR,c282,default,edge-4,21,4129.0,0.0,4129.0,4172.0,43.0,32690,0
mid,result_1000_mid.json,FG-DSCR,c222,default,edge-4,22,4172.0,0.0,4172.0,4215.0,43.0,32690,0
mid,result_1000_mid.json,FG-DSCR,c312,default,edge-4,23,4215.0,0.0,4215.0,4258.0,43.0,32690,0
mid,result_1000_mid.json,FG-DSCR,c972,default,edge-4,24,4258.0,0.0,4258.0,4301.0,43.0,32690,0
mid,result_1000_mid.json,FG-DSCR,c012,default,edge-4,25,4301.0,0.0,4301.0,4344.0,43.0,32690,0
mid,result_1000_mid.json,FG-DSCR,c372,default,edge-4,26,4344.0,0.0,4344.0,4387.0,43.0,32690,0
mid,result_1000_mid.json,FG-DSCR,c462,default,edge-4,27,4387.0,0.0,4387.0,4430.0,43.0,32690,0
mid,result_1000_mid.json,FG-DSCR,c732,default,edge-4,28,4430.0,0.0,4430.0,4473.0,43.0,32690,0
mid,result_1000_mid.json,FG-DSCR,c612,default,edge-4,29,4473.0,0.0,4473.0,4516.0,43.0,32690,0
mid,result_1000_mid.json,FG-DSCR,c942,default,edge-4,30,4516.0,0.0,4516.0,4559.0,43.0,32690,0
mid,result_1000_mid.json,FG-DSCR,c672,default,edge-4,31,4559.0,0.0,4559.0,4602.0,43.0,32690,0
mid,result_1000_mid.json,FG-DSCR,c582,default,edge-4,32,4602.0,0.0,4602.0,4645.0,43.0,32690,0
mid,result_1000_mid.json,FG-DSCR,c252,default,edge-4,33,4645.0,0.0,4645.0,4688.0,43.0,32690,0
mid,result_1000_mid.json,FG-DSCR,c010,default,edge-4,34,4688.0,150.0,4838.0,4887.0,49.0,25090,1500
mid,result_1000_mid.json,FG-DSCR,c550,default,edge-4,35,4887.0,0.0,4887.0,4936.0,49.0,26590,0
mid,result_1000_mid.json,FG-DSCR,c850,default,edge-4,36,4936.0,0.0,4936.0,4985.0,49.0,26590,0
mid,result_1000_mid.json,FG-DSCR,c160,default,edge-4,37,4985.0,0.0,4985.0,5034.0,49.0,26590,0
mid,result_1000_mid.json,FG-DSCR,c520,default,edge-4,38,5034.0,0.0,5034.0,5083.0,49.0,26590,0
mid,result_1000_mid.json,FG-DSCR,c460,default,edge-4,39,5083.0,0.0,5083.0,5132.0,49.0,26590,0
mid,result_1000_mid.json,FG-DSCR,c070,default,edge-4,40,5132.0,0.0,5132.0,5181.0,49.0,26590,0
mid,result_1000_mid.json,FG-DSCR,c190,default,edge-4,41,5181.0,0.0,5181.0,5230.0,49.0,26590,0
mid,result_1000_mid.json,FG-DSCR,c760,default,edge-4,42,5230.0,0.0,5230.0,5279.0,49.0,26590,0
mid,result_1000_mid.json,FG-DSCR,c820,default,edge-4,43,5279.0,0.0,5279.0,5328.0,49.0,26590,0
mid,result_1000_mid.json,FG-DSCR,c640,default,edge-4,44,5328.0,0.0,5328.0,5377.0,49.0,26590,0
mid,result_1000_mid.json,FG-DSCR,c970,default,edge-4,45,5377.0,0.0,5377.0,5426.0,49.0,26590,0
mid,result_1000_mid.json,FG-DSCR,c040,default,edge-4,46,5426.0,0.0,5426.0,5475.0,49.0,26590,0
mid,result_1000_mid.json,FG-DSCR,c790,default,edge-4,47,5475.0,0.0,5475.0,5524.0,49.0,26590,0
mid,result_1000_mid.json,FG-DSCR,c910,default,edge-4,48,5524.0,0.0,5524.0,5573.0,49.0,26590,0
mid,result_1000_mid.json,FG-DSCR,c490,default,edge-4,49,5573.0,0.0,5573.0,5622.0,49.0,26590,0
mid,result_1000_mid.json,FG-DSCR,c610,default,edge-4,50,5622.0,0.0,5622.0,5671.0,49.0,26590,0
mid,result_1000_mid.json,FG-DSCR,c940,default,edge-4,51,5671.0,0.0,5671.0,5720.0,49.0,26590,0
mid,result_1000_mid.json,FG-DSCR,c880,default,edge-4,52,5720.0,0.0,5720.0,5769.0,49.0,26590,0
mid,result_1000_mid.json,FG-DSCR,c161,default,edge-4,53,5769.0,720.0,6489.0,6529.0,40.0,23290,7200
mid,result_1000_mid.json,FG-DSCR,c401,default,edge-4,54,6529.0,0.0,6529.0,6569.0,40.0,30490,0
mid,result_1000_mid.json,FG-DSCR,c131,default,edge-4,55,6569.0,0.0,6569.0,6609.0,40.0,30490,0
mid,result_1000_mid.json,FG-DSCR,c761,default,edge-4,56,6609.0,0.0,6609.0,6649.0,40.0,30490,0
mid,result_1000_mid.json,FG-DSCR,c461,default,edge-4,57,6649.0,0.0,6649.0,6689.0,40.0,30490,0
mid,result_1000_mid.json,FG-DSCR,c311,default,edge-4,58,6689.0,0.0,6689.0,6729.0,40.0,30490,0
mid,result_1000_mid.json,FG-DSCR,c341,default,edge-4,59,6729.0,0.0,6729.0,6769.0,40.0,30490,0
mid,result_1000_mid.json,FG-DSCR,c671,default,edge-4,60,6769.0,0.0,6769.0,6809.0,40.0,30490,0
mid,result_1000_mid.json,FG-DSCR,c101,default,edge-4,61,6809.0,0.0,6809.0,6849.0,40.0,30490,0
mid,result_1000_mid.json,FG-DSCR,c521,default,edge-4,62,6849.0,0.0,6849.0,6889.0,40.0,30490,0
mid,result_1000_mid.json,FG-DSCR,c911,default,edge-4,63,6889.0,0.0,6889.0,6929.0,40.0,30490,0
mid,result_1000_mid.json,FG-DSCR,c731,default,edge-4,64,6929.0,0.0,6929.0,6969.0,40.0,30490,0
mid,result_1000_mid.json,FG-DSCR,c821,default,edge-4,65,6969.0,0.0,6969.0,7009.0,40.0,30490,0
mid,result_1000_mid.json,FG-DSCR,c851,default,edge-4,66,7009.0,0.0,7009.0,7049.0,40.0,30490,0
mid,result_1000_mid.json,FG-DSCR,c641,default,edge-4,67,7049.0,0.0,7049.0,7089.0,40.0,30490,0
mid,result_1000_mid.json,FG-DSCR,c971,default,edge-4,68,7089.0,0.0,7089.0,7129.0,40.0,30490,0
mid,result_1000_mid.json,FG-DSCR,c281,default,edge-4,69,7129.0,0.0,7129.0,7169.0,40.0,30490,0
mid,result_1000_mid.json,FG-DSCR,c011,default,edge-4,70,7169.0,0.0,7169.0,7209.0,40.0,30490,0
mid,result_1000_mid.json,FG-DSCR,c221,default,edge-4,71,7209.0,0.0,7209.0,7249.0,40.0,30490,0
mid,result_1000_mid.json,FG-DSCR,c791,default,edge-4,72,7249.0,0.0,7249.0,7289.0,40.0,30490,0
mid,result_1000_mid.json,FG-DSCR,c581,default,edge-4,73,7289.0,0.0,7289.0,7329.0,40.0,30490,0
mid,result_1000_mid.json,FG-DSCR,c430,default,edge-4,74,7329.0,0.0,7329.0,7378.0,49.0,26590,0
mid,result_1000_mid.json,FG-DSCR,c1000,default,edge-4,75,7378.0,0.0,7378.0,7427.0,49.0,26590,0
mid,result_1000_mid.json,FG-DSCR,c251,default,edge-4,76,7427.0,0.0,7427.0,7467.0,40.0,30490,0
mid,result_1000_mid.json,FG-DSCR,c130,default,edge-4,77,7467.0,0.0,7467.0,7516.0,49.0,26590,0
mid,result_1000_mid.json,FG-DSCR,c071,default,edge-4,78,7516.0,0.0,7516.0,7556.0,40.0,30490,0
mid,result_1000_mid.json,FG-DSCR,c220,default,edge-4,79,7556.0,0.0,7556.0,7605.0,49.0,26590,0
mid,result_1000_mid.json,FG-DSCR,c730,default,edge-4,80,7605.0,0.0,7605.0,7654.0,49.0,26590,0
mid,result_1000_mid.json,FG-DSCR,c371,default,edge-4,81,7654.0,0.0,7654.0,7694.0,40.0,30490,0
mid,result_1000_mid.json,FG-DSCR,c400,default,edge-4,82,7694.0,0.0,7694.0,7743.0,49.0,26590,0
mid,result_1000_mid.json,FG-DSCR,c881,default,edge-4,83,7743.0,0.0,7743.0,7783.0,40.0,30490,0
mid,result_1000_mid.json,FG-DSCR,c700,default,edge-4,84,7783.0,0.0,7783.0,7832.0,49.0,26590,0
mid,result_1000_mid.json,FG-DSCR,c191,default,edge-4,85,7832.0,0.0,7832.0,7872.0,40.0,30490,0
mid,result_1000_mid.json,FG-DSCR,c370,default,edge-4,86,7872.0,0.0,7872.0,7921.0,49.0,26590,0
mid,result_1000_mid.json,FG-DSCR,c100,default,edge-4,87,7921.0,0.0,7921.0,7970.0,49.0,26590,0
mid,result_1000_mid.json,FG-DSCR,c491,default,edge-4,88,7970.0,0.0,7970.0,8010.0,40.0,30490,0
mid,result_1000_mid.json,FG-DSCR,c340,default,edge-4,89,8010.0,0.0,8010.0,8059.0,49.0,26590,0
mid,result_1000_mid.json,FG-DSCR,c431,default,edge-4,90,8059.0,0.0,8059.0,8099.0,40.0,30490,0
mid,result_1000_mid.json,FG-DSCR,c310,default,edge-4,91,8099.0,0.0,8099.0,8148.0,49.0,26590,0
mid,result_1000_mid.json,FG-DSCR,c941,default,edge-4,92,8148.0,0.0,8148.0,8188.0,40.0,30490,0
mid,result_1000_mid.json,FG-DSCR,c280,default,edge-4,93,8188.0,0.0,8188.0,8237.0,49.0,26590,0
mid,result_1000_mid.json,FG-DSCR,c580,default,edge-4,94,8237.0,0.0,8237.0,8286.0,49.0,26590,0
mid,result_1000_mid.json,FG-DSCR,c611,default,edge-4,95,8286.0,0.0,8286.0,8326.0,40.0,30490,0
mid,result_1000_mid.json,FG-DSCR,c250,default,edge-4,96,8326.0,0.0,8326.0,8375.0,49.0,26590,0
mid,result_1000_mid.json,FG-DSCR,c551,default,edge-4,97,8375.0,0.0,8375.0,8415.0,40.0,30490,0
mid,result_1000_mid.json,FG-DSCR,c670,default,edge-4,98,8415.0,0.0,8415.0,8464.0,49.0,26590,0
mid,result_1000_mid.json,FG-DSCR,c041,default,edge-4,99,8464.0,0.0,8464.0,8504.0,40.0,30490,0
mid,result_1000_mid.json,FG-DSCR,c701,default,edge-4,100,8504.0,0.0,8504.0,8544.0,40.0,30490,0
mid,result_1000_mid.json,FG-DSCR,c399,default,edge-4,101,8544.0,72.8,8616.8,8662.8,46.0,15390,728
mid,result_1000_mid.json,FG-DSCR,c159,default,edge-4,102,8662.8,0.0,8662.8,8708.8,46.0,16118,0
mid,result_1000_mid.json,FG-DSCR,c819,default,edge-4,103,8708.8,0.0,8708.8,8754.8,46.0,16118,0
mid,result_1000_mid.json,FG-DSCR,c999,default,edge-4,104,8754.8,0.0,8754.8,8800.8,46.0,16118,0
mid,result_1000_mid.json,FG-DSCR,c249,default,edge-4,105,8800.8,0.0,8800.8,8846.8,46.0,16118,0
mid,result_1000_mid.json,FG-DSCR,c789,default,edge-4,106,8846.8,0.0,8846.8,8892.8,46.0,16118,0
mid,result_1000_mid.json,FG-DSCR,c039,default,edge-4,107,8892.8,0.0,8892.8,8938.8,46.0,16118,0
mid,result_1000_mid.json,FG-DSCR,c099,default,edge-4,108,8938.8,0.0,8938.8,8984.8,46.0,16118,0
mid,result_1000_mid.json,FG-DSCR,c579,default,edge-4,109,8984.8,0.0,8984.8,9030.8,46.0,16118,0
mid,result_1000_mid.json,FG-DSCR,c459,default,edge-4,110,9030.8,0.0,9030.8,9076.8,46.0,16118,0
mid,result_1000_mid.json,FG-DSCR,c279,default,edge-4,111,9076.8,0.0,9076.8,9122.8,46.0,16118,0
mid,result_1000_mid.json,FG-DSCR,c909,default,edge-4,112,9122.8,0.0,9122.8,9168.8,46.0,16118,0
mid,result_1000_mid.json,FG-DSCR,c729,default,edge-4,113,9168.8,0.0,9168.8,9214.8,46.0,16118,0
mid,result_1000_mid.json,FG-DSCR,c339,default,edge-4,114,9214.8,0.0,9214.8,9260.8,46.0,16118,0
mid,result_1000_mid.json,FG-DSCR,c519,default,edge-4,115,9260.8,0.0,9260.8,9306.8,46.0,16118,0
mid,result_1000_mid.json,FG-DSCR,c939,default,edge-4,116,9306.8,0.0,9306.8,9352.8,46.0,16118,0
mid,result_1000_mid.json,FG-DSCR,c069,default,edge-4,117,9352.8,0.0,9352.8,9398.8,46.0,16118,0
mid,result_1000_mid.json,FG-DSCR,c489,default,edge-4,118,9398.8,0.0,9398.8,9444.8,46.0,16118,0
mid,result_1000_mid.json,FG-DSCR,c609,default,edge-4,119,9444.8,0.0,9444.8,9490.8,46.0,16118,0
mid,result_1000_mid.json,FG-DSCR,c009,default,edge-4,120,9490.8,0.0,9490.8,9536.8,46.0,16118,0
mid,result_1000_mid.json,FG-DSCR,c309,default,edge-4,121,9536.8,0.0,9536.8,9582.8,46.0,16118,0
mid,result_1000_mid.json,FG-DSCR,c669,default,edge-4,122,9582.8,0.0,9582.8,9628.8,46.0,16118,0
mid,result_1000_mid.json,FG-DSCR,c189,default,edge-4,123,9628.8,0.0,9628.8,9674.8,46.0,16118,0
mid,result_1000_mid.json,FG-DSCR,c429,default,edge-4,124,9674.8,0.0,9674.8,9720.8,46.0,16118,0
mid,result_1000_mid.json,FG-DSCR,c699,default,edge-4,125,9720.8,0.0,9720.8,9766.8,46.0,16118,0
mid,result_1000_mid.json,FG-DSCR,c369,default,edge-4,126,9766.8,0.0,9766.8,9812.8,46.0,16118,0
mid,result_1000_mid.json,FG-DSCR,c549,default,edge-4,127,9812.8,0.0,9812.8,9858.8,46.0,16118,0
mid,result_1000_mid.json,FG-DSCR,c849,default,edge-4,128,9858.8,0.0,9858.8,9904.8,46.0,16118,0
mid,result_1000_mid.json,FG-DSCR,c129,default,edge-4,129,9904.8,0.0,9904.8,9950.8,46.0,16118,0
mid,result_1000_mid.json,FG-DSCR,c879,default,edge-4,130,9950.8,0.0,9950.8,9996.8,46.0,16118,0
mid,result_1000_mid.json,FG-DSCR,c759,default,edge-4,131,9996.8,0.0,9996.8,10042.8,46.0,16118,0
mid,result_1000_mid.json,FG-DSCR,c969,default,edge-4,132,10042.8,0.0,10042.8,10088.8,46.0,16118,0
mid,result_1000_mid.json,FG-DSCR,c219,default,edge-4,133,10088.8,0.0,10088.8,10134.8,46.0,16118,0
mid,result_1000_mid.json,FG-DSCR,c639,default,edge-4,134,10134.8,0.0,10134.8,10180.8,46.0,16118,0
mid,result_1000_mid.json,FG-DSCR,c719,default,edge-5,1,0.0,908.6,908.6,926.6,18.0,0,4543
mid,result_1000_mid.json,FG-DSCR,c059,default,edge-5,2,926.6,0.0,926.6,944.6,18.0,4543,0
mid,result_1000_mid.json,FG-DSCR,c299,default,edge-5,3,944.6,0.0,944.6,962.6,18.0,4543,0
mid,result_1000_mid.json,FG-DSCR,c839,default,edge-5,4,962.6,0.0,962.6,980.6,18.0,4543,0
mid,result_1000_mid.json,FG-DSCR,c599,default,edge-5,5,980.6,0.0,980.6,998.6,18.0,4543,0
mid,result_1000_mid.json,FG-DSCR,c239,default,edge-5,6,998.6,0.0,998.6,1016.6,18.0,4543,0
mid,result_1000_mid.json,FG-DSCR,c179,default,edge-5,7,1016.6,0.0,1016.6,1034.6,18.0,4543,0
mid,result_1000_mid.json,FG-DSCR,c029,default,edge-5,8,1034.6,0.0,1034.6,1052.6,18.0,4543,0
mid,result_1000_mid.json,FG-DSCR,c209,default,edge-5,9,1052.6,0.0,1052.6,1070.6,18.0,4543,0
mid,result_1000_mid.json,FG-DSCR,c479,default,edge-5,10,1070.6,0.0,1070.6,1088.6,18.0,4543,0
mid,result_1000_mid.json,FG-DSCR,c149,default,edge-5,11,1088.6,0.0,1088.6,1106.6,18.0,4543,0
mid,result_1000_mid.json,FG-DSCR,c509,default,edge-5,12,1106.6,0.0,1106.6,1124.6,18.0,4543,0
mid,result_1000_mid.json,FG-DSCR,c749,default,edge-5,13,1124.6,0.0,1124.6,1142.6,18.0,4543,0
mid,result_1000_mid.json,FG-DSCR,c569,default,edge-5,14,1142.6,0.0,1142.6,1160.6,18.0,4543,0
mid,result_1000_mid.json,FG-DSCR,c089,default,edge-5,15,1160.6,0.0,1160.6,1178.6,18.0,4543,0
mid,result_1000_mid.json,FG-DSCR,c689,default,edge-5,16,1178.6,0.0,1178.6,1196.6,18.0,4543,0
mid,result_1000_mid.json,FG-DSCR,c539,default,edge-5,17,1196.6,0.0,1196.6,1214.6,18.0,4543,0
mid,result_1000_mid.json,FG-DSCR,c899,default,edge-5,18,1214.6,0.0,1214.6,1232.6,18.0,4543,0
mid,result_1000_mid.json,FG-DSCR,c929,default,edge-5,19,1232.6,0.0,1232.6,1250.6,18.0,4543,0
mid,result_1000_mid.json,FG-DSCR,c269,default,edge-5,20,1250.6,0.0,1250.6,1268.6,18.0,4543,0
mid,result_1000_mid.json,FG-DSCR,c959,default,edge-5,21,1268.6,0.0,1268.6,1286.6,18.0,4543,0
mid,result_1000_mid.json,FG-DSCR,c809,default,edge-5,22,1286.6,0.0,1286.6,1304.6,18.0,4543,0
mid,result_1000_mid.json,FG-DSCR,c869,default,edge-5,23,1304.6,0.0,1304.6,1322.6,18.0,4543,0
mid,result_1000_mid.json,FG-DSCR,c359,default,edge-5,24,1322.6,0.0,1322.6,1340.6,18.0,4543,0
mid,result_1000_mid.json,FG-DSCR,c329,default,edge-5,25,1340.6,0.0,1340.6,1358.6,18.0,4543,0
mid,result_1000_mid.json,FG-DSCR,c119,default,edge-5,26,1358.6,0.0,1358.6,1376.6,18.0,4543,0
mid,result_1000_mid.json,FG-DSCR,c449,default,edge-5,27,1376.6,0.0,1376.6,1394.6,18.0,4543,0
mid,result_1000_mid.json,FG-DSCR,c389,default,edge-5,28,1394.6,0.0,1394.6,1412.6,18.0,4543,0
mid,result_1000_mid.json,FG-DSCR,c659,default,edge-5,29,1412.6,0.0,1412.6,1430.6,18.0,4543,0
mid,result_1000_mid.json,FG-DSCR,c779,default,edge-5,30,1430.6,0.0,1430.6,1448.6,18.0,4543,0
mid,result_1000_mid.json,FG-DSCR,c419,default,edge-5,31,1448.6,0.0,1448.6,1466.6,18.0,4543,0
mid,result_1000_mid.json,FG-DSCR,c989,default,edge-5,32,1466.6,0.0,1466.6,1484.6,18.0,4543,0
mid,result_1000_mid.json,FG-DSCR,c629,default,edge-5,33,1484.6,0.0,1484.6,1502.6,18.0,4543,0
mid,result_1000_mid.json,FG-DSCR,c568,default,edge-5,34,1502.6,144.0,1646.6,1673.6,27.0,4541,720
mid,result_1000_mid.json,FG-DSCR,c298,default,edge-5,35,1673.6,0.0,1673.6,1700.6,27.0,5261,0
mid,result_1000_mid.json,FG-DSCR,c628,default,edge-5,36,1700.6,0.0,1700.6,1727.6,27.0,5261,0
mid,result_1000_mid.json,FG-DSCR,c688,default,edge-5,37,1727.6,0.0,1727.6,1754.6,27.0,5261,0
mid,result_1000_mid.json,FG-DSCR,c208,default,edge-5,38,1754.6,0.0,1754.6,1781.6,27.0,5261,0
mid,result_1000_mid.json,FG-DSCR,c058,default,edge-5,39,1781.6,0.0,1781.6,1808.6,27.0,5261,0
mid,result_1000_mid.json,FG-DSCR,c388,default,edge-5,40,1808.6,0.0,1808.6,1835.6,27.0,5261,0
mid,result_1000_mid.json,FG-DSCR,c538,default,edge-5,41,1835.6,0.0,1835.6,1862.6,27.0,5261,0
mid,result_1000_mid.json,FG-DSCR,c718,default,edge-5,42,1862.6,0.0,1862.6,1889.6,27.0,5261,0
mid,result_1000_mid.json,FG-DSCR,c748,default,edge-5,43,1889.6,0.0,1889.6,1916.6,27.0,5261,0
mid,result_1000_mid.json,FG-DSCR,c868,default,edge-5,44,1916.6,0.0,1916.6,1943.6,27.0,5261,0
mid,result_1000_mid.json,FG-DSCR,c838,default,edge-5,45,1943.6,0.0,1943.6,1970.6,27.0,5261,0
mid,result_1000_mid.json,FG-DSCR,c148,default,edge-5,46,1970.6,0.0,1970.6,1997.6,27.0,5261,0
mid,result_1000_mid.json,FG-DSCR,c598,default,edge-5,47,1997.6,0.0,1997.6,2024.6,27.0,5261,0
mid,result_1000_mid.json,FG-DSCR,c088,default,edge-5,48,2024.6,0.0,2024.6,2051.6,27.0,5261,0
mid,result_1000_mid.json,FG-DSCR,c898,default,edge-5,49,2051.6,0.0,2051.6,2078.6,27.0,5261,0
mid,result_1000_mid.json,FG-DSCR,c478,default,edge-5,50,2078.6,0.0,2078.6,2105.6,27.0,5261,0
mid,result_1000_mid.json,FG-DSCR,c178,default,edge-5,51,2105.6,0.0,2105.6,2132.6,27.0,5261,0
mid,result_1000_mid.json,FG-DSCR,c238,default,edge-5,52,2132.6,0.0,2132.6,2159.6,27.0,5261,0
mid,result_1000_mid.json,FG-DSCR,c808,default,edge-5,53,2159.6,0.0,2159.6,2186.6,27.0,5261,0
mid,result_1000_mid.json,FG-DSCR,c358,default,edge-5,54,2186.6,0.0,2186.6,2213.6,27.0,5261,0
mid,result_1000_mid.json,FG-DSCR,c118,default,edge-5,55,2213.6,0.0,2213.6,2240.6,27.0,5261,0
mid,result_1000_mid.json,FG-DSCR,c508,default,edge-5,56,2240.6,0.0,2240.6,2267.6,27.0,5261,0
mid,result_1000_mid.json,FG-DSCR,c778,default,edge-5,57,2267.6,0.0,2267.6,2294.6,27.0,5261,0
mid,result_1000_mid.json,FG-DSCR,c448,default,edge-5,58,2294.6,0.0,2294.6,2321.6,27.0,5261,0
mid,result_1000_mid.json,FG-DSCR,c958,default,edge-5,59,2321.6,0.0,2321.6,2348.6,27.0,5261,0
mid,result_1000_mid.json,FG-DSCR,c328,default,edge-5,60,2348.6,0.0,2348.6,2375.6,27.0,5261,0
mid,result_1000_mid.json,FG-DSCR,c928,default,edge-5,61,2375.6,0.0,2375.6,2402.6,27.0,5261,0
mid,result_1000_mid.json,FG-DSCR,c418,default,edge-5,62,2402.6,0.0,2402.6,2429.6,27.0,5261,0
mid,result_1000_mid.json,FG-DSCR,c268,default,edge-5,63,2429.6,0.0,2429.6,2456.6,27.0,5261,0
mid,result_1000_mid.json,FG-DSCR,c028,default,edge-5,64,2456.6,0.0,2456.6,2483.6,27.0,5261,0
mid,result_1000_mid.json,FG-DSCR,c658,default,edge-5,65,2483.6,0.0,2483.6,2510.6,27.0,5261,0
mid,result_1000_mid.json,FG-DSCR,c988,default,edge-5,66,2510.6,0.0,2510.6,2537.6,27.0,5261,0
mid,result_1000_mid.json,FG-DSCR,c061,default,edge-5,67,2537.6,990.0,3527.6,3553.6,26.0,2071,4950
mid,result_1000_mid.json,FG-DSCR,c451,default,edge-5,68,3553.6,0.0,3553.6,3579.6,26.0,7021,0
mid,result_1000_mid.json,FG-DSCR,c091,default,edge-5,69,3579.6,0.0,3579.6,3605.6,26.0,7021,0
mid,result_1000_mid.json,FG-DSCR,c841,default,edge-5,70,3605.6,0.0,3605.6,3631.6,26.0,7021,0
mid,result_1000_mid.json,FG-DSCR,c121,default,edge-5,71,3631.6,0.0,3631.6,3657.6,26.0,7021,0
mid,result_1000_mid.json,FG-DSCR,c481,default,edge-5,72,3657.6,0.0,3657.6,3683.6,26.0,7021,0
mid,result_1000_mid.json,FG-DSCR,c511,default,edge-5,73,3683.6,0.0,3683.6,3709.6,26.0,7021,0
mid,result_1000_mid.json,FG-DSCR,c991,default,edge-5,74,3709.6,0.0,3709.6,3735.6,26.0,7021,0
mid,result_1000_mid.json,FG-DSCR,c421,default,edge-5,75,3735.6,0.0,3735.6,3761.6,26.0,7021,0
mid,result_1000_mid.json,FG-DSCR,c301,default,edge-5,76,3761.6,0.0,3761.6,3787.6,26.0,7021,0
mid,result_1000_mid.json,FG-DSCR,c211,default,edge-5,77,3787.6,0.0,3787.6,3813.6,26.0,7021,0
mid,result_1000_mid.json,FG-DSCR,c901,default,edge-5,78,3813.6,0.0,3813.6,3839.6,26.0,7021,0
mid,result_1000_mid.json,FG-DSCR,c811,default,edge-5,79,3839.6,0.0,3839.6,3865.6,26.0,7021,0
mid,result_1000_mid.json,FG-DSCR,c631,default,edge-5,80,3865.6,0.0,3865.6,3891.6,26.0,7021,0
mid,result_1000_mid.json,FG-DSCR,c391,default,edge-5,81,3891.6,0.0,3891.6,3917.6,26.0,7021,0
mid,result_1000_mid.json,FG-DSCR,c331,default,edge-5,82,3917.6,0.0,3917.6,3943.6,26.0,7021,0
mid,result_1000_mid.json,FG-DSCR,c361,default,edge-5,83,3943.6,0.0,3943.6,3969.6,26.0,7021,0
mid,result_1000_mid.json,FG-DSCR,c271,default,edge-5,84,3969.6,0.0,3969.6,3995.6,26.0,7021,0
mid,result_1000_mid.json,FG-DSCR,c601,default,edge-5,85,3995.6,0.0,3995.6,4021.6,26.0,7021,0
mid,result_1000_mid.json,FG-DSCR,c241,default,edge-5,86,4021.6,0.0,4021.6,4047.6,26.0,7021,0
mid,result_1000_mid.json,FG-DSCR,c571,default,edge-5,87,4047.6,0.0,4047.6,4073.6,26.0,7021,0
mid,result_1000_mid.json,FG-DSCR,c871,default,edge-5,88,4073.6,0.0,4073.6,4099.6,26.0,7021,0
mid,result_1000_mid.json,FG-DSCR,c781,default,edge-5,89,4099.6,0.0,4099.6,4125.6,26.0,7021,0
mid,result_1000_mid.json,FG-DSCR,c961,default,edge-5,90,4125.6,0.0,4125.6,4151.6,26.0,7021,0
mid,result_1000_mid.json,FG-DSCR,c691,default,edge-5,91,4151.6,0.0,4151.6,4177.6,26.0,7021,0
mid,result_1000_mid.json,FG-DSCR,c151,default,edge-5,92,4177.6,0.0,4177.6,4203.6,26.0,7021,0
mid,result_1000_mid.json,FG-DSCR,c721,default,edge-5,93,4203.6,0.0,4203.6,4229.6,26.0,7021,0
mid,result_1000_mid.json,FG-DSCR,c181,default,edge-5,94,4229.6,0.0,4229.6,4255.6,26.0,7021,0
mid,result_1000_mid.json,FG-DSCR,c931,default,edge-5,95,4255.6,0.0,4255.6,4281.6,26.0,7021,0
mid,result_1000_mid.json,FG-DSCR,c031,default,edge-5,96,4281.6,0.0,4281.6,4307.6,26.0,7021,0
mid,result_1000_mid.json,FG-DSCR,c001,default,edge-5,97,4307.6,0.0,4307.6,4333.6,26.0,7021,0
mid,result_1000_mid.json,FG-DSCR,c661,default,edge-5,98,4333.6,0.0,4333.6,4359.6,26.0,7021,0
mid,result_1000_mid.json,FG-DSCR,c541,default,edge-5,99,4359.6,0.0,4359.6,4385.6,26.0,7021,0
mid,result_1000_mid.json,FG-DSCR,c751,default,edge-5,100,4385.6,0.0,4385.6,4411.6,26.0,7021,0
mid,result_1000_mid.json,FG-DSCR,c405,default,edge-6,1,0.0,1257.4,1257.4,1285.4,28.0,0,12574
mid,result_1000_mid.json,FG-DSCR,c015,default,edge-6,2,1285.4,0.0,1285.4,1313.4,28.0,12574,0
mid,result_1000_mid.json,FG-DSCR,c975,default,edge-6,3,1313.4,0.0,1313.4,1341.4,28.0,12574,0
mid,result_1000_mid.json,FG-DSCR,c915,default,edge-6,4,1341.4,0.0,1341.4,1369.4,28.0,12574,0
mid,result_1000_mid.json,FG-DSCR,c615,default,edge-6,5,1369.4,0.0,1369.4,1397.4,28.0,12574,0
mid,result_1000_mid.json,FG-DSCR,c945,default,edge-6,6,1397.4,0.0,1397.4,1425.4,28.0,12574,0
mid,result_1000_mid.json,FG-DSCR,c525,default,edge-6,7,1425.4,0.0,1425.4,1453.4,28.0,12574,0
mid,result_1000_mid.json,FG-DSCR,c495,default,edge-6,8,1453.4,0.0,1453.4,1481.4,28.0,12574,0
mid,result_1000_mid.json,FG-DSCR,c585,default,edge-6,9,1481.4,0.0,1481.4,1509.4,28.0,12574,0
mid,result_1000_mid.json,FG-DSCR,c315,default,edge-6,10,1509.4,0.0,1509.4,1537.4,28.0,12574,0
mid,result_1000_mid.json,FG-DSCR,c555,default,edge-6,11,1537.4,0.0,1537.4,1565.4,28.0,12574,0
mid,result_1000_mid.json,FG-DSCR,c165,default,edge-6,12,1565.4,0.0,1565.4,1593.4,28.0,12574,0
mid,result_1000_mid.json,FG-DSCR,c255,default,edge-6,13,1593.4,0.0,1593.4,1621.4,28.0,12574,0
mid,result_1000_mid.json,FG-DSCR,c675,default,edge-6,14,1621.4,0.0,1621.4,1649.4,28.0,12574,0
mid,result_1000_mid.json,FG-DSCR,c195,default,edge-6,15,1649.4,0.0,1649.4,1677.4,28.0,12574,0
mid,result_1000_mid.json,FG-DSCR,c285,default,edge-6,16,1677.4,0.0,1677.4,1705.4,28.0,12574,0
mid,result_1000_mid.json,FG-DSCR,c045,default,edge-6,17,1705.4,0.0,1705.4,1733.4,28.0,12574,0
mid,result_1000_mid.json,FG-DSCR,c855,default,edge-6,18,1733.4,0.0,1733.4,1761.4,28.0,12574,0
mid,result_1000_mid.json,FG-DSCR,c435,default,edge-6,19,1761.4,0.0,1761.4,1789.4,28.0,12574,0
mid,result_1000_mid.json,FG-DSCR,c885,default,edge-6,20,1789.4,0.0,1789.4,1817.4,28.0,12574,0
mid,result_1000_mid.json,FG-DSCR,c645,default,edge-6,21,1817.4,0.0,1817.4,1845.4,28.0,12574,0
mid,result_1000_mid.json,FG-DSCR,c345,default,edge-6,22,1845.4,0.0,1845.4,1873.4,28.0,12574,0
mid,result_1000_mid.json,FG-DSCR,c765,default,edge-6,23,1873.4,0.0,1873.4,1901.4,28.0,12574,0
mid,result_1000_mid.json,FG-DSCR,c465,default,edge-6,24,1901.4,0.0,1901.4,1929.4,28.0,12574,0
mid,result_1000_mid.json,FG-DSCR,c705,default,edge-6,25,1929.4,0.0,1929.4,1957.4,28.0,12574,0
mid,result_1000_mid.json,FG-DSCR,c735,default,edge-6,26,1957.4,0.0,1957.4,1985.4,28.0,12574,0
mid,result_1000_mid.json,FG-DSCR,c075,default,edge-6,27,1985.4,0.0,1985.4,2013.4,28.0,12574,0
mid,result_1000_mid.json,FG-DSCR,c375,default,edge-6,28,2013.4,0.0,2013.4,2041.4,28.0,12574,0
mid,result_1000_mid.json,FG-DSCR,c795,default,edge-6,29,2041.4,0.0,2041.4,2069.4,28.0,12574,0
mid,result_1000_mid.json,FG-DSCR,c135,default,edge-6,30,2069.4,0.0,2069.4,2097.4,28.0,12574,0
mid,result_1000_mid.json,FG-DSCR,c825,default,edge-6,31,2097.4,0.0,2097.4,2125.4,28.0,12574,0
mid,result_1000_mid.json,FG-DSCR,c105,default,edge-6,32,2125.4,0.0,2125.4,2153.4,28.0,12574,0
mid,result_1000_mid.json,FG-DSCR,c225,default,edge-6,33,2153.4,0.0,2153.4,2181.4,28.0,12574,0
mid,result_1000_mid.json,FG-DSCR,c674,default,edge-6,34,2181.4,832.0,3013.4,3038.4,25.0,11920,8320
mid,result_1000_mid.json,FG-DSCR,c554,default,edge-6,35,3038.4,0.0,3038.4,3063.4,25.0,20240,0
mid,result_1000_mid.json,FG-DSCR,c374,default,edge-6,36,3063.4,0.0,3063.4,3088.4,25.0,20240,0
mid,result_1000_mid.json,FG-DSCR,c614,default,edge-6,37,3088.4,0.0,3088.4,3113.4,25.0,20240,0
mid,result_1000_mid.json,FG-DSCR,c974,default,edge-6,38,3113.4,0.0,3113.4,3138.4,25.0,20240,0
mid,result_1000_mid.json,FG-DSCR,c404,default,edge-6,39,3138.4,0.0,3138.4,3163.4,25.0,20240,0
mid,result_1000_mid.json,FG-DSCR,c074,default,edge-6,40,3163.4,0.0,3163.4,3188.4,25.0,20240,0
mid,result_1000_mid.json,FG-DSCR,c884,default,edge-6,41,3188.4,0.0,3188.4,3213.4,25.0,20240,0
mid,result_1000_mid.json,FG-DSCR,c044,default,edge-6,42,3213.4,0.0,3213.4,3238.4,25.0,20240,0
mid,result_1000_mid.json,FG-DSCR,c494,default,edge-6,43,3238.4,0.0,3238.4,3263.4,25.0,20240,0
mid,result_1000_mid.json,FG-DSCR,c794,default,edge-6,44,3263.4,0.0,3263.4,3288.4,25.0,20240,0
mid,result_1000_mid.json,FG-DSCR,c344,default,edge-6,45,3288.4,0.0,3288.4,3313.4,25.0,20240,0
mid,result_1000_mid.json,FG-DSCR,c764,default,edge-6,46,3313.4,0.0,3313.4,3338.4,25.0,20240,0
mid,result_1000_mid.json,FG-DSCR,c584,default,edge-6,47,3338.4,0.0,3338.4,3363.4,25.0,20240,0
mid,result_1000_mid.json,FG-DSCR,c824,default,edge-6,48,3363.4,0.0,3363.4,3388.4,25.0,20240,0
mid,result_1000_mid.json,FG-DSCR,c224,default,edge-6,49,3388.4,0.0,3388.4,3413.4,25.0,20240,0
mid,result_1000_mid.json,FG-DSCR,c104,default,edge-6,50,3413.4,0.0,3413.4,3438.4,25.0,20240,0
mid,result_1000_mid.json,FG-DSCR,c704,default,edge-6,51,3438.4,0.0,3438.4,3463.4,25.0,20240,0
mid,result_1000_mid.json,FG-DSCR,c194,default,edge-6,52,3463.4,0.0,3463.4,3488.4,25.0,20240,0
mid,result_1000_mid.json,FG-DSCR,c284,default,edge-6,53,3488.4,0.0,3488.4,3513.4,25.0,20240,0
mid,result_1000_mid.json,FG-DSCR,c254,default,edge-6,54,3513.4,0.0,3513.4,3538.4,25.0,20240,0
mid,result_1000_mid.json,FG-DSCR,c734,default,edge-6,55,3538.4,0.0,3538.4,3563.4,25.0,20240,0
mid,result_1000_mid.json,FG-DSCR,c944,default,edge-6,56,3563.4,0.0,3563.4,3588.4,25.0,20240,0
mid,result_1000_mid.json,FG-DSCR,c434,default,edge-6,57,3588.4,0.0,3588.4,3613.4,25.0,20240,0
mid,result_1000_mid.json,FG-DSCR,c464,default,edge-6,58,3613.4,0.0,3613.4,3638.4,25.0,20240,0
mid,result_1000_mid.json,FG-DSCR,c014,default,edge-6,59,3638.4,0.0,3638.4,3663.4,25.0,20240,0
mid,result_1000_mid.json,FG-DSCR,c644,default,edge-6,60,3663.4,0.0,3663.4,3688.4,25.0,20240,0
mid,result_1000_mid.json,FG-DSCR,c164,default,edge-6,61,3688.4,0.0,3688.4,3713.4,25.0,20240,0
mid,result_1000_mid.json,FG-DSCR,c314,default,edge-6,62,3713.4,0.0,3713.4,3738.4,25.0,20240,0
mid,result_1000_mid.json,FG-DSCR,c524,default,edge-6,63,3738.4,0.0,3738.4,3763.4,25.0,20240,0
mid,result_1000_mid.json,FG-DSCR,c914,default,edge-6,64,3763.4,0.0,3763.4,3788.4,25.0,20240,0
mid,result_1000_mid.json,FG-DSCR,c854,default,edge-6,65,3788.4,0.0,3788.4,3813.4,25.0,20240,0
mid,result_1000_mid.json,FG-DSCR,c134,default,edge-6,66,3813.4,0.0,3813.4,3838.4,25.0,20240,0
mid,result_1000_mid.json,FG-DSCR,c767,default,edge-6,67,3838.4,180.2,4018.6,4040.6,22.0,4470,1802
mid,result_1000_mid.json,FG-DSCR,c917,default,edge-6,68,4040.6,0.0,4040.6,4062.6,22.0,6272,0
mid,result_1000_mid.json,FG-DSCR,c467,default,edge-6,69,4062.6,0.0,4062.6,4084.6,22.0,6272,0
mid,result_1000_mid.json,FG-DSCR,c827,default,edge-6,70,4084.6,0.0,4084.6,4106.6,22.0,6272,0
mid,result_1000_mid.json,FG-DSCR,c797,default,edge-6,71,4106.6,0.0,4106.6,4128.6,22.0,6272,0
mid,result_1000_mid.json,FG-DSCR,c167,default,edge-6,72,4128.6,0.0,4128.6,4150.6,22.0,6272,0
mid,result_1000_mid.json,FG-DSCR,c017,default,edge-6,73,4150.6,0.0,4150.6,4172.6,22.0,6272,0
mid,result_1000_mid.json,FG-DSCR,c707,default,edge-6,74,4172.6,0.0,4172.6,4194.6,22.0,6272,0
mid,result_1000_mid.json,FG-DSCR,c137,default,edge-6,75,4194.6,0.0,4194.6,4216.6,22.0,6272,0
mid,result_1000_mid.json,FG-DSCR,c287,default,edge-6,76,4216.6,0.0,4216.6,4238.6,22.0,6272,0
mid,result_1000_mid.json,FG-DSCR,c497,default,edge-6,77,4238.6,0.0,4238.6,4260.6,22.0,6272,0
mid,result_1000_mid.json,FG-DSCR,c587,default,edge-6,78,4260.6,0.0,4260.6,4282.6,22.0,6272,0
mid,result_1000_mid.json,FG-DSCR,c977,default,edge-6,79,4282.6,0.0,4282.6,4304.6,22.0,6272,0
mid,result_1000_mid.json,FG-DSCR,c737,default,edge-6,80,4304.6,0.0,4304.6,4326.6,22.0,6272,0
mid,result_1000_mid.json,FG-DSCR,c077,default,edge-6,81,4326.6,0.0,4326.6,4348.6,22.0,6272,0
mid,result_1000_mid.json,FG-DSCR,c317,default,edge-6,82,4348.6,0.0,4348.6,4370.6,22.0,6272,0
mid,result_1000_mid.json,FG-DSCR,c887,default,edge-6,83,4370.6,0.0,4370.6,4392.6,22.0,6272,0
mid,result_1000_mid.json,FG-DSCR,c527,default,edge-6,84,4392.6,0.0,4392.6,4414.6,22.0,6272,0
mid,result_1000_mid.json,FG-DSCR,c197,default,edge-6,85,4414.6,0.0,4414.6,4436.6,22.0,6272,0
mid,result_1000_mid.json,FG-DSCR,c107,default,edge-6,86,4436.6,0.0,4436.6,4458.6,22.0,6272,0
mid,result_1000_mid.json,FG-DSCR,c227,default,edge-6,87,4458.6,0.0,4458.6,4480.6,22.0,6272,0
mid,result_1000_mid.json,FG-DSCR,c677,default,edge-6,88,4480.6,0.0,4480.6,4502.6,22.0,6272,0
mid,result_1000_mid.json,FG-DSCR,c407,default,edge-6,89,4502.6,0.0,4502.6,4524.6,22.0,6272,0
mid,result_1000_mid.json,FG-DSCR,c047,default,edge-6,90,4524.6,0.0,4524.6,4546.6,22.0,6272,0
mid,result_1000_mid.json,FG-DSCR,c617,default,edge-6,91,4546.6,0.0,4546.6,4568.6,22.0,6272,0
mid,result_1000_mid.json,FG-DSCR,c257,default,edge-6,92,4568.6,0.0,4568.6,4590.6,22.0,6272,0
mid,result_1000_mid.json,FG-DSCR,c437,default,edge-6,93,4590.6,0.0,4590.6,4612.6,22.0,6272,0
mid,result_1000_mid.json,FG-DSCR,c377,default,edge-6,94,4612.6,0.0,4612.6,4634.6,22.0,6272,0
mid,result_1000_mid.json,FG-DSCR,c947,default,edge-6,95,4634.6,0.0,4634.6,4656.6,22.0,6272,0
mid,result_1000_mid.json,FG-DSCR,c647,default,edge-6,96,4656.6,0.0,4656.6,4678.6,22.0,6272,0
mid,result_1000_mid.json,FG-DSCR,c347,default,edge-6,97,4678.6,0.0,4678.6,4700.6,22.0,6272,0
mid,result_1000_mid.json,FG-DSCR,c557,default,edge-6,98,4700.6,0.0,4700.6,4722.6,22.0,6272,0
mid,result_1000_mid.json,FG-DSCR,c857,default,edge-6,99,4722.6,0.0,4722.6,4744.6,22.0,6272,0
mid,result_1000_mid.json,FG-DSCR,c643,default,edge-6,100,4744.6,0.8,4745.400000000001,4767.400000000001,22.0,5624,8
mid,result_1000_mid.json,FG-DSCR,c373,default,edge-6,101,4767.400000000001,0.0,4767.400000000001,4789.400000000001,22.0,5632,0
mid,result_1000_mid.json,FG-DSCR,c793,default,edge-6,102,4789.400000000001,0.0,4789.400000000001,4811.400000000001,22.0,5632,0
mid,result_1000_mid.json,FG-DSCR,c703,default,edge-6,103,4811.400000000001,0.0,4811.400000000001,4833.400000000001,22.0,5632,0
mid,result_1000_mid.json,FG-DSCR,c433,default,edge-6,104,4833.400000000001,0.0,4833.400000000001,4855.400000000001,22.0,5632,0
mid,result_1000_mid.json,FG-DSCR,c223,default,edge-6,105,4855.400000000001,0.0,4855.400000000001,4877.400000000001,22.0,5632,0
mid,result_1000_mid.json,FG-DSCR,c103,default,edge-6,106,4877.400000000001,0.0,4877.400000000001,4899.400000000001,22.0,5632,0
mid,result_1000_mid.json,FG-DSCR,c583,default,edge-6,107,4899.400000000001,0.0,4899.400000000001,4921.400000000001,22.0,5632,0
mid,result_1000_mid.json,FG-DSCR,c073,default,edge-6,108,4921.400000000001,0.0,4921.400000000001,4943.400000000001,22.0,5632,0
mid,result_1000_mid.json,FG-DSCR,c163,default,edge-6,109,4943.400000000001,0.0,4943.400000000001,4965.400000000001,22.0,5632,0
mid,result_1000_mid.json,FG-DSCR,c283,default,edge-6,110,4965.400000000001,0.0,4965.400000000001,4987.400000000001,22.0,5632,0
mid,result_1000_mid.json,FG-DSCR,c913,default,edge-6,111,4987.400000000001,0.0,4987.400000000001,5009.400000000001,22.0,5632,0
mid,result_1000_mid.json,FG-DSCR,c733,default,edge-6,112,5009.400000000001,0.0,5009.400000000001,5031.400000000001,22.0,5632,0
mid,result_1000_mid.json,FG-DSCR,c883,default,edge-6,113,5031.400000000001,0.0,5031.400000000001,5053.400000000001,22.0,5632,0
mid,result_1000_mid.json,FG-DSCR,c523,default,edge-6,114,5053.400000000001,0.0,5053.400000000001,5075.400000000001,22.0,5632,0
mid,result_1000_mid.json,FG-DSCR,c013,default,edge-6,115,5075.400000000001,0.0,5075.400000000001,5097.400000000001,22.0,5632,0
mid,result_1000_mid.json,FG-DSCR,c043,default,edge-6,116,5097.400000000001,0.0,5097.400000000001,5119.400000000001,22.0,5632,0
mid,result_1000_mid.json,FG-DSCR,c973,default,edge-6,117,5119.400000000001,0.0,5119.400000000001,5141.400000000001,22.0,5632,0
mid,result_1000_mid.json,FG-DSCR,c313,default,edge-6,118,5141.400000000001,0.0,5141.400000000001,5163.400000000001,22.0,5632,0
mid,result_1000_mid.json,FG-DSCR,c853,default,edge-6,119,5163.400000000001,0.0,5163.400000000001,5185.400000000001,22.0,5632,0
mid,result_1000_mid.json,FG-DSCR,c763,default,edge-6,120,5185.400000000001,0.0,5185.400000000001,5207.400000000001,22.0,5632,0
mid,result_1000_mid.json,FG-DSCR,c493,default,edge-6,121,5207.400000000001,0.0,5207.400000000001,5229.400000000001,22.0,5632,0
mid,result_1000_mid.json,FG-DSCR,c943,default,edge-6,122,5229.400000000001,0.0,5229.400000000001,5251.400000000001,22.0,5632,0
mid,result_1000_mid.json,FG-DSCR,c553,default,edge-6,123,5251.400000000001,0.0,5251.400000000001,5273.400000000001,22.0,5632,0
mid,result_1000_mid.json,FG-DSCR,c678,default,edge-6,124,5273.400000000001,0.0,5273.400000000001,5298.400000000001,25.0,4552,0
mid,result_1000_mid.json,FG-DSCR,c888,default,edge-6,125,5298.400000000001,0.0,5298.400000000001,5323.400000000001,25.0,4552,0
mid,result_1000_mid.json,FG-DSCR,c228,default,edge-6,126,5323.400000000001,0.0,5323.400000000001,5348.400000000001,25.0,4552,0
mid,result_1000_mid.json,FG-DSCR,c823,default,edge-6,127,5348.400000000001,0.0,5348.400000000001,5370.400000000001,22.0,5632,0
mid,result_1000_mid.json,FG-DSCR,c378,default,edge-6,128,5370.400000000001,0.0,5370.400000000001,5395.400000000001,25.0,4552,0
mid,result_1000_mid.json,FG-DSCR,c946,default,edge-6,129,5395.400000000001,0.0,5395.400000000001,5426.400000000001,31.0,4480,0
mid,result_1000_mid.json,FG-DSCR,c498,default,edge-6,130,5426.400000000001,0.0,5426.400000000001,5451.400000000001,25.0,4552,0
mid,result_1000_mid.json,FG-DSCR,c613,default,edge-6,131,5451.400000000001,0.0,5451.400000000001,5473.400000000001,22.0,5632,0
mid,result_1000_mid.json,FG-DSCR,c586,default,edge-6,132,5473.400000000001,0.0,5473.400000000001,5504.400000000001,31.0,4480,0
mid,result_1000_mid.json,FG-DSCR,c798,default,edge-6,133,5504.400000000001,0.0,5504.400000000001,5529.400000000001,25.0,4552,0
mid,result_1000_mid.json,FG-DSCR,c646,default,edge-6,134,5529.400000000001,0.0,5529.400000000001,5560.400000000001,31.0,4480,0
mid,result_1000_mid.json,FG-DSCR,c078,default,edge-6,135,5560.400000000001,0.0,5560.400000000001,5585.400000000001,25.0,4552,0
mid,result_1000_mid.json,FG-DSCR,c076,default,edge-6,136,5585.400000000001,0.0,5585.400000000001,5616.400000000001,31.0,4480,0
mid,result_1000_mid.json,FG-DSCR,c528,default,edge-6,137,5616.400000000001,0.0,5616.400000000001,5641.400000000001,25.0,4552,0
mid,result_1000_mid.json,FG-DSCR,c463,default,edge-6,138,5641.400000000001,0.0,5641.400000000001,5663.400000000001,22.0,5632,0
mid,result_1000_mid.json,FG-DSCR,c316,default,edge-6,139,5663.400000000001,0.0,5663.400000000001,5694.400000000001,31.0,4480,0
mid,result_1000_mid.json,FG-DSCR,c468,default,edge-6,140,5694.400000000001,0.0,5694.400000000001,5719.400000000001,25.0,4552,0
mid,result_1000_mid.json,FG-DSCR,c526,default,edge-6,141,5719.400000000001,0.0,5719.400000000001,5750.400000000001,31.0,4480,0
mid,result_1000_mid.json,FG-DSCR,c558,default,edge-6,142,5750.400000000001,0.0,5750.400000000001,5775.400000000001,25.0,4552,0
mid,result_1000_mid.json,FG-DSCR,c406,default,edge-6,143,5775.400000000001,0.0,5775.400000000001,5806.400000000001,31.0,4480,0
mid,result_1000_mid.json,FG-DSCR,c343,default,edge-6,144,5806.400000000001,0.0,5806.400000000001,5828.400000000001,22.0,5632,0
mid,result_1000_mid.json,FG-DSCR,c168,default,edge-6,145,5828.400000000001,0.0,5828.400000000001,5853.400000000001,25.0,4552,0
mid,result_1000_mid.json,FG-DSCR,c886,default,edge-6,146,5853.400000000001,0.0,5853.400000000001,5884.400000000001,31.0,4480,0
mid,result_1000_mid.json,FG-DSCR,c438,default,edge-6,147,5884.400000000001,0.0,5884.400000000001,5909.400000000001,25.0,4552,0
mid,result_1000_mid.json,FG-DSCR,c916,default,edge-6,148,5909.400000000001,0.0,5909.400000000001,5940.400000000001,31.0,4480,0
mid,result_1000_mid.json,FG-DSCR,c016,default,edge-6,149,5940.400000000001,0.0,5940.400000000001,5971.400000000001,31.0,4480,0
mid,result_1000_mid.json,FG-DSCR,c198,default,edge-6,150,5971.400000000001,0.0,5971.400000000001,5996.400000000001,25.0,4552,0
mid,result_1000_mid.json,FG-DSCR,c253,default,edge-6,151,5996.400000000001,0.0,5996.400000000001,6018.400000000001,22.0,5632,0
mid,result_1000_mid.json,FG-DSCR,c106,default,edge-6,152,6018.400000000001,0.0,6018.400000000001,6049.400000000001,31.0,4480,0
mid,result_1000_mid.json,FG-DSCR,c978,default,edge-6,153,6049.400000000001,0.0,6049.400000000001,6074.400000000001,25.0,4552,0
mid,result_1000_mid.json,FG-DSCR,c826,default,edge-6,154,6074.400000000001,0.0,6074.400000000001,6105.400000000001,31.0,4480,0
mid,result_1000_mid.json,FG-DSCR,c018,default,edge-6,155,6105.400000000001,0.0,6105.400000000001,6130.400000000001,25.0,4552,0
mid,result_1000_mid.json,FG-DSCR,c403,default,edge-6,156,6130.400000000001,0.0,6130.400000000001,6152.400000000001,22.0,5632,0
mid,result_1000_mid.json,FG-DSCR,c676,default,edge-6,157,6152.400000000001,0.0,6152.400000000001,6183.400000000001,31.0,4480,0
mid,result_1000_mid.json,FG-DSCR,c858,default,edge-6,158,6183.400000000001,0.0,6183.400000000001,6208.400000000001,25.0,4552,0
mid,result_1000_mid.json,FG-DSCR,c856,default,edge-6,159,6208.400000000001,0.0,6208.400000000001,6239.400000000001,31.0,4480,0
mid,result_1000_mid.json,FG-DSCR,c048,default,edge-6,160,6239.400000000001,0.0,6239.400000000001,6264.400000000001,25.0,4552,0
mid,result_1000_mid.json,FG-DSCR,c556,default,edge-6,161,6264.400000000001,0.0,6264.400000000001,6295.400000000001,31.0,4480,0
mid,result_1000_mid.json,FG-DSCR,c948,default,edge-6,162,6295.400000000001,0.0,6295.400000000001,6320.400000000001,25.0,4552,0
mid,result_1000_mid.json,FG-DSCR,c673,default,edge-6,163,6320.400000000001,0.0,6320.400000000001,6342.400000000001,22.0,5632,0
mid,result_1000_mid.json,FG-DSCR,c136,default,edge-6,164,6342.400000000001,0.0,6342.400000000001,6373.400000000001,31.0,4480,0
mid,result_1000_mid.json,FG-DSCR,c408,default,edge-6,165,6373.400000000001,0.0,6373.400000000001,6398.400000000001,25.0,4552,0
mid,result_1000_mid.json,FG-DSCR,c166,default,edge-6,166,6398.400000000001,0.0,6398.400000000001,6429.400000000001,31.0,4480,0
mid,result_1000_mid.json,FG-DSCR,c348,default,edge-6,167,6429.400000000001,0.0,6429.400000000001,6454.400000000001,25.0,4552,0
mid,result_1000_mid.json,FG-DSCR,c496,default,edge-6,168,6454.400000000001,0.0,6454.400000000001,6485.400000000001,31.0,4480,0
mid,result_1000_mid.json,FG-DSCR,c193,default,edge-6,169,6485.400000000001,0.0,6485.400000000001,6507.400000000001,22.0,5632,0
mid,result_1000_mid.json,FG-DSCR,c918,default,edge-6,170,6507.400000000001,0.0,6507.400000000001,6532.400000000001,25.0,4552,0
mid,result_1000_mid.json,FG-DSCR,c286,default,edge-6,171,6532.400000000001,0.0,6532.400000000001,6563.400000000001,31.0,4480,0
mid,result_1000_mid.json,FG-DSCR,c436,default,edge-6,172,6563.400000000001,0.0,6563.400000000001,6594.400000000001,31.0,4480,0
mid,result_1000_mid.json,FG-DSCR,c708,default,edge-6,173,6594.400000000001,0.0,6594.400000000001,6619.400000000001,25.0,4552,0
mid,result_1000_mid.json,FG-DSCR,c376,default,edge-6,174,6619.400000000001,0.0,6619.400000000001,6650.400000000001,31.0,4480,0
mid,result_1000_mid.json,FG-DSCR,c318,default,edge-6,175,6650.400000000001,0.0,6650.400000000001,6675.400000000001,25.0,4552,0
mid,result_1000_mid.json,FG-DSCR,c133,default,edge-6,176,6675.400000000001,0.0,6675.400000000001,6697.400000000001,22.0,5632,0
mid,result_1000_mid.json,FG-DSCR,c226,default,edge-6,177,6697.400000000001,0.0,6697.400000000001,6728.400000000001,31.0,4480,0
mid,result_1000_mid.json,FG-DSCR,c828,default,edge-6,178,6728.400000000001,0.0,6728.400000000001,6753.400000000001,25.0,4552,0
mid,result_1000_mid.json,FG-DSCR,c256,default,edge-6,179,6753.400000000001,0.0,6753.400000000001,6784.400000000001,31.0,4480,0
mid,result_1000_mid.json,FG-DSCR,c588,default,edge-6,180,6784.400000000001,0.0,6784.400000000001,6809.400000000001,25.0,4552,0
mid,result_1000_mid.json,FG-DSCR,c466,default,edge-6,181,6809.400000000001,0.0,6809.400000000001,6840.400000000001,31.0,4480,0
mid,result_1000_mid.json,FG-DSCR,c618,default,edge-6,182,6840.400000000001,0.0,6840.400000000001,6865.400000000001,25.0,4552,0
mid,result_1000_mid.json,FG-DSCR,c736,default,edge-6,183,6865.400000000001,0.0,6865.400000000001,6896.400000000001,31.0,4480,0
mid,result_1000_mid.json,FG-DSCR,c738,default,edge-6,184,6896.400000000001,0.0,6896.400000000001,6921.400000000001,25.0,4552,0
mid,result_1000_mid.json,FG-DSCR,c196,default,edge-6,185,6921.400000000001,0.0,6921.400000000001,6952.400000000001,31.0,4480,0
mid,result_1000_mid.json,FG-DSCR,c288,default,edge-6,186,6952.400000000001,0.0,6952.400000000001,6977.400000000001,25.0,4552,0
mid,result_1000_mid.json,FG-DSCR,c706,default,edge-6,187,6977.400000000001,0.0,6977.400000000001,7008.400000000001,31.0,4480,0
mid,result_1000_mid.json,FG-DSCR,c648,default,edge-6,188,7008.400000000001,0.0,7008.400000000001,7033.400000000001,25.0,4552,0
mid,result_1000_mid.json,FG-DSCR,c796,default,edge-6,189,7033.400000000001,0.0,7033.400000000001,7064.400000000001,31.0,4480,0
mid,result_1000_mid.json,FG-DSCR,c258,default,edge-6,190,7064.400000000001,0.0,7064.400000000001,7089.400000000001,25.0,4552,0
mid,result_1000_mid.json,FG-DSCR,c766,default,edge-6,191,7089.400000000001,0.0,7089.400000000001,7120.400000000001,31.0,4480,0
mid,result_1000_mid.json,FG-DSCR,c976,default,edge-6,192,7120.400000000001,0.0,7120.400000000001,7151.400000000001,31.0,4480,0
mid,result_1000_mid.json,FG-DSCR,c768,default,edge-6,193,7151.400000000001,0.0,7151.400000000001,7176.400000000001,25.0,4552,0
mid,result_1000_mid.json,FG-DSCR,c046,default,edge-6,194,7176.400000000001,0.0,7176.400000000001,7207.400000000001,31.0,4480,0
mid,result_1000_mid.json,FG-DSCR,c138,default,edge-6,195,7207.400000000001,0.0,7207.400000000001,7232.400000000001,25.0,4552,0
mid,result_1000_mid.json,FG-DSCR,c346,default,edge-6,196,7232.400000000001,0.0,7232.400000000001,7263.400000000001,31.0,4480,0
mid,result_1000_mid.json,FG-DSCR,c108,default,edge-6,197,7263.400000000001,0.0,7263.400000000001,7288.400000000001,25.0,4552,0
mid,result_1000_mid.json,FG-DSCR,c616,default,edge-6,198,7288.400000000001,0.0,7288.400000000001,7319.400000000001,31.0,4480,0
mid,result_1000_mid.json,FG-DSCR,c536,default,edge-7,1,0.0,791.0,791.0,812.0,21.0,0,7910
mid,result_1000_mid.json,FG-DSCR,c866,default,edge-7,2,812.0,0.0,812.0,833.0,21.0,7910,0
mid,result_1000_mid.json,FG-DSCR,c206,default,edge-7,3,833.0,0.0,833.0,854.0,21.0,7910,0
mid,result_1000_mid.json,FG-DSCR,c056,default,edge-7,4,854.0,0.0,854.0,875.0,21.0,7910,0
mid,result_1000_mid.json,FG-DSCR,c506,default,edge-7,5,875.0,0.0,875.0,896.0,21.0,7910,0
mid,result_1000_mid.json,FG-DSCR,c446,default,edge-7,6,896.0,0.0,896.0,917.0,21.0,7910,0
mid,result_1000_mid.json,FG-DSCR,c926,default,edge-7,7,917.0,0.0,917.0,938.0,21.0,7910,0
mid,result_1000_mid.json,FG-DSCR,c596,default,edge-7,8,938.0,0.0,938.0,959.0,21.0,7910,0
mid,result_1000_mid.json,FG-DSCR,c236,default,edge-7,9,959.0,0.0,959.0,980.0,21.0,7910,0
mid,result_1000_mid.json,FG-DSCR,c116,default,edge-7,10,980.0,0.0,980.0,1001.0,21.0,7910,0
mid,result_1000_mid.json,FG-DSCR,c086,default,edge-7,11,1001.0,0.0,1001.0,1022.0,21.0,7910,0
mid,result_1000_mid.json,FG-DSCR,c806,default,edge-7,12,1022.0,0.0,1022.0,1043.0,21.0,7910,0
mid,result_1000_mid.json,FG-DSCR,c716,default,edge-7,13,1043.0,0.0,1043.0,1064.0,21.0,7910,0
mid,result_1000_mid.json,FG-DSCR,c176,default,edge-7,14,1064.0,0.0,1064.0,1085.0,21.0,7910,0
mid,result_1000_mid.json,FG-DSCR,c956,default,edge-7,15,1085.0,0.0,1085.0,1106.0,21.0,7910,0
mid,result_1000_mid.json,FG-DSCR,c146,default,edge-7,16,1106.0,0.0,1106.0,1127.0,21.0,7910,0
mid,result_1000_mid.json,FG-DSCR,c656,default,edge-7,17,1127.0,0.0,1127.0,1148.0,21.0,7910,0
mid,result_1000_mid.json,FG-DSCR,c326,default,edge-7,18,1148.0,0.0,1148.0,1169.0,21.0,7910,0
mid,result_1000_mid.json,FG-DSCR,c296,default,edge-7,19,1169.0,0.0,1169.0,1190.0,21.0,7910,0
mid,result_1000_mid.json,FG-DSCR,c836,default,edge-7,20,1190.0,0.0,1190.0,1211.0,21.0,7910,0
mid,result_1000_mid.json,FG-DSCR,c416,default,edge-7,21,1211.0,0.0,1211.0,1232.0,21.0,7910,0
mid,result_1000_mid.json,FG-DSCR,c266,default,edge-7,22,1232.0,0.0,1232.0,1253.0,21.0,7910,0
mid,result_1000_mid.json,FG-DSCR,c746,default,edge-7,23,1253.0,0.0,1253.0,1274.0,21.0,7910,0
mid,result_1000_mid.json,FG-DSCR,c386,default,edge-7,24,1274.0,0.0,1274.0,1295.0,21.0,7910,0
mid,result_1000_mid.json,FG-DSCR,c356,default,edge-7,25,1295.0,0.0,1295.0,1316.0,21.0,7910,0
mid,result_1000_mid.json,FG-DSCR,c986,default,edge-7,26,1316.0,0.0,1316.0,1337.0,21.0,7910,0
mid,result_1000_mid.json,FG-DSCR,c896,default,edge-7,27,1337.0,0.0,1337.0,1358.0,21.0,7910,0
mid,result_1000_mid.json,FG-DSCR,c566,default,edge-7,28,1358.0,0.0,1358.0,1379.0,21.0,7910,0
mid,result_1000_mid.json,FG-DSCR,c026,default,edge-7,29,1379.0,0.0,1379.0,1400.0,21.0,7910,0
mid,result_1000_mid.json,FG-DSCR,c476,default,edge-7,30,1400.0,0.0,1400.0,1421.0,21.0,7910,0
mid,result_1000_mid.json,FG-DSCR,c626,default,edge-7,31,1421.0,0.0,1421.0,1442.0,21.0,7910,0
mid,result_1000_mid.json,FG-DSCR,c686,default,edge-7,32,1442.0,0.0,1442.0,1463.0,21.0,7910,0
mid,result_1000_mid.json,FG-DSCR,c776,default,edge-7,33,1463.0,0.0,1463.0,1484.0,21.0,7910,0
mid,result_1000_mid.json,FG-DSCR,c145,default,edge-7,34,1484.0,110.2,1594.2,1612.2,18.0,5240,1102
mid,result_1000_mid.json,FG-DSCR,c025,default,edge-7,35,1612.2,0.0,1612.2,1630.2,18.0,6342,0
mid,result_1000_mid.json,FG-DSCR,c925,default,edge-7,36,1630.2,0.0,1630.2,1648.2,18.0,6342,0
mid,result_1000_mid.json,FG-DSCR,c445,default,edge-7,37,1648.2,0.0,1648.2,1666.2,18.0,6342,0
mid,result_1000_mid.json,FG-DSCR,c505,default,edge-7,38,1666.2,0.0,1666.2,1684.2,18.0,6342,0
mid,result_1000_mid.json,FG-DSCR,c415,default,edge-7,39,1684.2,0.0,1684.2,1702.2,18.0,6342,0
mid,result_1000_mid.json,FG-DSCR,c385,default,edge-7,40,1702.2,0.0,1702.2,1720.2,18.0,6342,0
mid,result_1000_mid.json,FG-DSCR,c235,default,edge-7,41,1720.2,0.0,1720.2,1738.2,18.0,6342,0
mid,result_1000_mid.json,FG-DSCR,c595,default,edge-7,42,1738.2,0.0,1738.2,1756.2,18.0,6342,0
mid,result_1000_mid.json,FG-DSCR,c265,default,edge-7,43,1756.2,0.0,1756.2,1774.2,18.0,6342,0
mid,result_1000_mid.json,FG-DSCR,c355,default,edge-7,44,1774.2,0.0,1774.2,1792.2,18.0,6342,0
mid,result_1000_mid.json,FG-DSCR,c955,default,edge-7,45,1792.2,0.0,1792.2,1810.2,18.0,6342,0
mid,result_1000_mid.json,FG-DSCR,c175,default,edge-7,46,1810.2,0.0,1810.2,1828.2,18.0,6342,0
mid,result_1000_mid.json,FG-DSCR,c055,default,edge-7,47,1828.2,0.0,1828.2,1846.2,18.0,6342,0
mid,result_1000_mid.json,FG-DSCR,c205,default,edge-7,48,1846.2,0.0,1846.2,1864.2,18.0,6342,0
mid,result_1000_mid.json,FG-DSCR,c475,default,edge-7,49,1864.2,0.0,1864.2,1882.2,18.0,6342,0
mid,result_1000_mid.json,FG-DSCR,c685,default,edge-7,50,1882.2,0.0,1882.2,1900.2,18.0,6342,0
mid,result_1000_mid.json,FG-DSCR,c835,default,edge-7,51,1900.2,0.0,1900.2,1918.2,18.0,6342,0
mid,result_1000_mid.json,FG-DSCR,c745,default,edge-7,52,1918.2,0.0,1918.2,1936.2,18.0,6342,0
mid,result_1000_mid.json,FG-DSCR,c655,default,edge-7,53,1936.2,0.0,1936.2,1954.2,18.0,6342,0
mid,result_1000_mid.json,FG-DSCR,c985,default,edge-7,54,1954.2,0.0,1954.2,1972.2,18.0,6342,0
mid,result_1000_mid.json,FG-DSCR,c715,default,edge-7,55,1972.2,0.0,1972.2,1990.2,18.0,6342,0
mid,result_1000_mid.json,FG-DSCR,c085,default,edge-7,56,1990.2,0.0,1990.2,2008.2,18.0,6342,0
mid,result_1000_mid.json,FG-DSCR,c115,default,edge-7,57,2008.2,0.0,2008.2,2026.2,18.0,6342,0
mid,result_1000_mid.json,FG-DSCR,c325,default,edge-7,58,2026.2,0.0,2026.2,2044.2,18.0,6342,0
mid,result_1000_mid.json,FG-DSCR,c625,default,edge-7,59,2044.2,0.0,2044.2,2062.2,18.0,6342,0
mid,result_1000_mid.json,FG-DSCR,c775,default,edge-7,60,2062.2,0.0,2062.2,2080.2,18.0,6342,0
mid,result_1000_mid.json,FG-DSCR,c895,default,edge-7,61,2080.2,0.0,2080.2,2098.2,18.0,6342,0
mid,result_1000_mid.json,FG-DSCR,c805,default,edge-7,62,2098.2,0.0,2098.2,2116.2,18.0,6342,0
mid,result_1000_mid.json,FG-DSCR,c565,default,edge-7,63,2116.2,0.0,2116.2,2134.2,18.0,6342,0
mid,result_1000_mid.json,FG-DSCR,c295,default,edge-7,64,2134.2,0.0,2134.2,2152.2,18.0,6342,0
mid,result_1000_mid.json,FG-DSCR,c535,default,edge-7,65,2152.2,0.0,2152.2,2170.2,18.0,6342,0
mid,result_1000_mid.json,FG-DSCR,c865,default,edge-7,66,2170.2,0.0,2170.2,2188.2,18.0,6342,0
mid,result_1000_mid.json,FG-DSCR,c717,default,edge-7,67,2188.2,65.0,2253.2,2277.2,24.0,6340,650
mid,result_1000_mid.json,FG-DSCR,c897,default,edge-7,68,2277.2,0.0,2277.2,2301.2,24.0,6990,0
mid,result_1000_mid.json,FG-DSCR,c777,default,edge-7,69,2301.2,0.0,2301.2,2325.2,24.0,6990,0
mid,result_1000_mid.json,FG-DSCR,c387,default,edge-7,70,2325.2,0.0,2325.2,2349.2,24.0,6990,0
mid,result_1000_mid.json,FG-DSCR,c807,default,edge-7,71,2349.2,0.0,2349.2,2373.2,24.0,6990,0
mid,result_1000_mid.json,FG-DSCR,c357,default,edge-7,72,2373.2,0.0,2373.2,2397.2,24.0,6990,0
mid,result_1000_mid.json,FG-DSCR,c597,default,edge-7,73,2397.2,0.0,2397.2,2421.2,24.0,6990,0
mid,result_1000_mid.json,FG-DSCR,c957,default,edge-7,74,2421.2,0.0,2421.2,2445.2,24.0,6990,0
mid,result_1000_mid.json,FG-DSCR,c327,default,edge-7,75,2445.2,0.0,2445.2,2469.2,24.0,6990,0
mid,result_1000_mid.json,FG-DSCR,c447,default,edge-7,76,2469.2,0.0,2469.2,2493.2,24.0,6990,0
mid,result_1000_mid.json,FG-DSCR,c927,default,edge-7,77,2493.2,0.0,2493.2,2517.2,24.0,6990,0
mid,result_1000_mid.json,FG-DSCR,c570,default,edge-7,78,2517.2,165.0,2682.2,2703.2,21.0,6110,1650
mid,result_1000_mid.json,FG-DSCR,c060,default,edge-7,79,2703.2,0.0,2703.2,2724.2,21.0,7760,0
mid,result_1000_mid.json,FG-DSCR,c030,default,edge-7,80,2724.2,0.0,2724.2,2745.2,21.0,7760,0
mid,result_1000_mid.json,FG-DSCR,c420,default,edge-7,81,2745.2,0.0,2745.2,2766.2,21.0,7760,0
mid,result_1000_mid.json,FG-DSCR,c930,default,edge-7,82,2766.2,0.0,2766.2,2787.2,21.0,7760,0
mid,result_1000_mid.json,FG-DSCR,c480,default,edge-7,83,2787.2,0.0,2787.2,2808.2,21.0,7760,0
mid,result_1000_mid.json,FG-DSCR,c330,default,edge-7,84,2808.2,0.0,2808.2,2829.2,21.0,7760,0
mid,result_1000_mid.json,FG-DSCR,c870,default,edge-7,85,2829.2,0.0,2829.2,2850.2,21.0,7760,0
mid,result_1000_mid.json,FG-DSCR,c750,default,edge-7,86,2850.2,0.0,2850.2,2871.2,21.0,7760,0
mid,result_1000_mid.json,FG-DSCR,c810,default,edge-7,87,2871.2,0.0,2871.2,2892.2,21.0,7760,0
mid,result_1000_mid.json,FG-DSCR,c090,default,edge-7,88,2892.2,0.0,2892.2,2913.2,21.0,7760,0
mid,result_1000_mid.json,FG-DSCR,c900,default,edge-7,89,2913.2,0.0,2913.2,2934.2,21.0,7760,0
mid,result_1000_mid.json,FG-DSCR,c840,default,edge-7,90,2934.2,0.0,2934.2,2955.2,21.0,7760,0
mid,result_1000_mid.json,FG-DSCR,c180,default,edge-7,91,2955.2,0.0,2955.2,2976.2,21.0,7760,0
mid,result_1000_mid.json,FG-DSCR,c120,default,edge-7,92,2976.2,0.0,2976.2,2997.2,21.0,7760,0
mid,result_1000_mid.json,FG-DSCR,c780,default,edge-7,93,2997.2,0.0,2997.2,3018.2,21.0,7760,0
mid,result_1000_mid.json,FG-DSCR,c177,default,edge-7,94,3018.2,0.0,3018.2,3042.2,24.0,6990,0
mid,result_1000_mid.json,FG-DSCR,c360,default,edge-7,95,3042.2,0.0,3042.2,3063.2,21.0,7760,0
mid,result_1000_mid.json,FG-DSCR,c087,default,edge-7,96,3063.2,0.0,3063.2,3087.2,24.0,6990,0
mid,result_1000_mid.json,FG-DSCR,c270,default,edge-7,97,3087.2,0.0,3087.2,3108.2,21.0,7760,0
mid,result_1000_mid.json,FG-DSCR,c207,default,edge-7,98,3108.2,0.0,3108.2,3132.2,24.0,6990,0
mid,result_1000_mid.json,FG-DSCR,c660,default,edge-7,99,3132.2,0.0,3132.2,3153.2,21.0,7760,0
mid,result_1000_mid.json,FG-DSCR,c567,default,edge-7,100,3153.2,0.0,3153.2,3177.2,24.0,6990,0
mid,result_1000_mid.json,FG-DSCR,c240,default,edge-7,101,3177.2,0.0,3177.2,3198.2,21.0,7760,0
mid,result_1000_mid.json,FG-DSCR,c687,default,edge-7,102,3198.2,0.0,3198.2,3222.2,24.0,6990,0
mid,result_1000_mid.json,FG-DSCR,c510,default,edge-7,103,3222.2,0.0,3222.2,3243.2,21.0,7760,0
mid,result_1000_mid.json,FG-DSCR,c417,default,edge-7,104,3243.2,0.0,3243.2,3267.2,24.0,6990,0
mid,result_1000_mid.json,FG-DSCR,c867,default,edge-7,105,3267.2,0.0,3267.2,3291.2,24.0,6990,0
mid,result_1000_mid.json,FG-DSCR,c390,default,edge-7,106,3291.2,0.0,3291.2,3312.2,21.0,7760,0
mid,result_1000_mid.json,FG-DSCR,c057,default,edge-7,107,3312.2,0.0,3312.2,3336.2,24.0,6990,0
mid,result_1000_mid.json,FG-DSCR,c450,default,edge-7,108,3336.2,0.0,3336.2,3357.2,21.0,7760,0
mid,result_1000_mid.json,FG-DSCR,c537,default,edge-7,109,3357.2,0.0,3357.2,3381.2,24.0,6990,0
mid,result_1000_mid.json,FG-DSCR,c150,default,edge-7,110,3381.2,0.0,3381.2,3402.2,21.0,7760,0
mid,result_1000_mid.json,FG-DSCR,c837,default,edge-7,111,3402.2,0.0,3402.2,3426.2,24.0,6990,0
mid,result_1000_mid.json,FG-DSCR,c990,default,edge-7,112,3426.2,0.0,3426.2,3447.2,21.0,7760,0
mid,result_1000_mid.json,FG-DSCR,c987,default,edge-7,113,3447.2,0.0,3447.2,3471.2,24.0,6990,0
mid,result_1000_mid.json,FG-DSCR,c477,default,edge-7,114,3471.2,0.0,3471.2,3495.2,24.0,6990,0
mid,result_1000_mid.json,FG-DSCR,c300,default,edge-7,115,3495.2,0.0,3495.2,3516.2,21.0,7760,0
mid,result_1000_mid.json,FG-DSCR,c147,default,edge-7,116,3516.2,0.0,3516.2,3540.2,24.0,6990,0
mid,result_1000_mid.json,FG-DSCR,c960,default,edge-7,117,3540.2,0.0,3540.2,3561.2,21.0,7760,0
mid,result_1000_mid.json,FG-DSCR,c747,default,edge-7,118,3561.2,0.0,3561.2,3585.2,24.0,6990,0
mid,result_1000_mid.json,FG-DSCR,c720,default,edge-7,119,3585.2,0.0,3585.2,3606.2,21.0,7760,0
mid,result_1000_mid.json,FG-DSCR,c297,default,edge-7,120,3606.2,0.0,3606.2,3630.2,24.0,6990,0
mid,result_1000_mid.json,FG-DSCR,c690,default,edge-7,121,3630.2,0.0,3630.2,3651.2,21.0,7760,0
mid,result_1000_mid.json,FG-DSCR,c507,default,edge-7,122,3651.2,0.0,3651.2,3675.2,24.0,6990,0
mid,result_1000_mid.json,FG-DSCR,c630,default,edge-7,123,3675.2,0.0,3675.2,3696.2,21.0,7760,0
mid,result_1000_mid.json,FG-DSCR,c627,default,edge-7,124,3696.2,0.0,3696.2,3720.2,24.0,6990,0
mid,result_1000_mid.json,FG-DSCR,c027,default,edge-7,125,3720.2,0.0,3720.2,3744.2,24.0,6990,0
mid,result_1000_mid.json,FG-DSCR,c600,default,edge-7,126,3744.2,0.0,3744.2,3765.2,21.0,7760,0
mid,result_1000_mid.json,FG-DSCR,c267,default,edge-7,127,3765.2,0.0,3765.2,3789.2,24.0,6990,0
mid,result_1000_mid.json,FG-DSCR,c540,default,edge-7,128,3789.2,0.0,3789.2,3810.2,21.0,7760,0
mid,result_1000_mid.json,FG-DSCR,c237,default,edge-7,129,3810.2,0.0,3810.2,3834.2,24.0,6990,0
mid,result_1000_mid.json,FG-DSCR,c210,default,edge-7,130,3834.2,0.0,3834.2,3855.2,21.0,7760,0
mid,result_1000_mid.json,FG-DSCR,c117,default,edge-7,131,3855.2,0.0,3855.2,3879.2,24.0,6990,0
mid,result_1000_mid.json,FG-DSCR,c657,default,edge-7,132,3879.2,0.0,3879.2,3903.2,24.0,6990,0
mid,result_1000_mid.json,FG-DSCR,c020,default,edge-8,1,0.0,719.4,719.4,736.4,17.0,0,7194
mid,result_1000_mid.json,FG-DSCR,c230,default,edge-8,2,736.4,0.0,736.4,753.4,17.0,7194,0
mid,result_1000_mid.json,FG-DSCR,c980,default,edge-8,3,753.4,0.0,753.4,770.4,17.0,7194,0
mid,result_1000_mid.json,FG-DSCR,c530,default,edge-8,4,770.4,0.0,770.4,787.4,17.0,7194,0
mid,result_1000_mid.json,FG-DSCR,c200,default,edge-8,5,787.4,0.0,787.4,804.4,17.0,7194,0
mid,result_1000_mid.json,FG-DSCR,c740,default,edge-8,6,804.4,0.0,804.4,821.4,17.0,7194,0
mid,result_1000_mid.json,FG-DSCR,c830,default,edge-8,7,821.4,0.0,821.4,838.4,17.0,7194,0
mid,result_1000_mid.json,FG-DSCR,c410,default,edge-8,8,838.4,0.0,838.4,855.4,17.0,7194,0
mid,result_1000_mid.json,FG-DSCR,c170,default,edge-8,9,855.4,0.0,855.4,872.4,17.0,7194,0
mid,result_1000_mid.json,FG-DSCR,c800,default,edge-8,10,872.4,0.0,872.4,889.4,17.0,7194,0
mid,result_1000_mid.json,FG-DSCR,c560,default,edge-8,11,889.4,0.0,889.4,906.4,17.0,7194,0
mid,result_1000_mid.json,FG-DSCR,c650,default,edge-8,12,906.4,0.0,906.4,923.4,17.0,7194,0
mid,result_1000_mid.json,FG-DSCR,c590,default,edge-8,13,923.4,0.0,923.4,940.4,17.0,7194,0
mid,result_1000_mid.json,FG-DSCR,c080,default,edge-8,14,940.4,0.0,940.4,957.4,17.0,7194,0
mid,result_1000_mid.json,FG-DSCR,c770,default,edge-8,15,957.4,0.0,957.4,974.4,17.0,7194,0
mid,result_1000_mid.json,FG-DSCR,c350,default,edge-8,16,974.4,0.0,974.4,991.4,17.0,7194,0
mid,result_1000_mid.json,FG-DSCR,c320,default,edge-8,17,991.4,0.0,991.4,1008.4,17.0,7194,0
mid,result_1000_mid.json,FG-DSCR,c890,default,edge-8,18,1008.4,0.0,1008.4,1025.4,17.0,7194,0
mid,result_1000_mid.json,FG-DSCR,c440,default,edge-8,19,1025.4,0.0,1025.4,1042.4,17.0,7194,0
mid,result_1000_mid.json,FG-DSCR,c620,default,edge-8,20,1042.4,0.0,1042.4,1059.4,17.0,7194,0
mid,result_1000_mid.json,FG-DSCR,c470,default,edge-8,21,1059.4,0.0,1059.4,1076.4,17.0,7194,0
mid,result_1000_mid.json,FG-DSCR,c680,default,edge-8,22,1076.4,0.0,1076.4,1093.4,17.0,7194,0
mid,result_1000_mid.json,FG-DSCR,c140,default,edge-8,23,1093.4,0.0,1093.4,1110.4,17.0,7194,0
mid,result_1000_mid.json,FG-DSCR,c260,default,edge-8,24,1110.4,0.0,1110.4,1127.4,17.0,7194,0
mid,result_1000_mid.json,FG-DSCR,c110,default,edge-8,25,1127.4,0.0,1127.4,1144.4,17.0,7194,0
mid,result_1000_mid.json,FG-DSCR,c860,default,edge-8,26,1144.4,0.0,1144.4,1161.4,17.0,7194,0
mid,result_1000_mid.json,FG-DSCR,c500,default,edge-8,27,1161.4,0.0,1161.4,1178.4,17.0,7194,0
mid,result_1000_mid.json,FG-DSCR,c920,default,edge-8,28,1178.4,0.0,1178.4,1195.4,17.0,7194,0
mid,result_1000_mid.json,FG-DSCR,c950,default,edge-8,29,1195.4,0.0,1195.4,1212.4,17.0,7194,0
mid,result_1000_mid.json,FG-DSCR,c050,default,edge-8,30,1212.4,0.0,1212.4,1229.4,17.0,7194,0
mid,result_1000_mid.json,FG-DSCR,c380,default,edge-8,31,1229.4,0.0,1229.4,1246.4,17.0,7194,0
mid,result_1000_mid.json,FG-DSCR,c710,default,edge-8,32,1246.4,0.0,1246.4,1263.4,17.0,7194,0
mid,result_1000_mid.json,FG-DSCR,c290,default,edge-8,33,1263.4,0.0,1263.4,1280.4,17.0,7194,0
mid,result_1000_mid.json,FG-DSCR,c383,default,edge-8,34,1280.4,207.0,1487.4,1501.4,14.0,5690,2070
mid,result_1000_mid.json,FG-DSCR,c443,default,edge-8,35,1501.4,0.0,1501.4,1515.4,14.0,7760,0
mid,result_1000_mid.json,FG-DSCR,c953,default,edge-8,36,1515.4,0.0,1515.4,1529.4,14.0,7760,0
mid,result_1000_mid.json,FG-DSCR,c803,default,edge-8,37,1529.4,0.0,1529.4,1543.4,14.0,7760,0
mid,result_1000_mid.json,FG-DSCR,c113,default,edge-8,38,1543.4,0.0,1543.4,1557.4,14.0,7760,0
mid,result_1000_mid.json,FG-DSCR,c923,default,edge-8,39,1557.4,0.0,1557.4,1571.4,14.0,7760,0
mid,result_1000_mid.json,FG-DSCR,c773,default,edge-8,40,1571.4,0.0,1571.4,1585.4,14.0,7760,0
mid,result_1000_mid.json,FG-DSCR,c083,default,edge-8,41,1585.4,0.0,1585.4,1599.4,14.0,7760,0
mid,result_1000_mid.json,FG-DSCR,c983,default,edge-8,42,1599.4,0.0,1599.4,1613.4,14.0,7760,0
mid,result_1000_mid.json,FG-DSCR,c053,default,edge-8,43,1613.4,0.0,1613.4,1627.4,14.0,7760,0
mid,result_1000_mid.json,FG-DSCR,c023,default,edge-8,44,1627.4,0.0,1627.4,1641.4,14.0,7760,0
mid,result_1000_mid.json,FG-DSCR,c293,default,edge-8,45,1641.4,0.0,1641.4,1655.4,14.0,7760,0
mid,result_1000_mid.json,FG-DSCR,c413,default,edge-8,46,1655.4,0.0,1655.4,1669.4,14.0,7760,0
mid,result_1000_mid.json,FG-DSCR,c893,default,edge-8,47,1669.4,0.0,1669.4,1683.4,14.0,7760,0
mid,result_1000_mid.json,FG-DSCR,c743,default,edge-8,48,1683.4,0.0,1683.4,1697.4,14.0,7760,0
mid,result_1000_mid.json,FG-DSCR,c863,default,edge-8,49,1697.4,0.0,1697.4,1711.4,14.0,7760,0
mid,result_1000_mid.json,FG-DSCR,c263,default,edge-8,50,1711.4,0.0,1711.4,1725.4,14.0,7760,0
mid,result_1000_mid.json,FG-DSCR,c473,default,edge-8,51,1725.4,0.0,1725.4,1739.4,14.0,7760,0
mid,result_1000_mid.json,FG-DSCR,c533,default,edge-8,52,1739.4,0.0,1739.4,1753.4,14.0,7760,0
mid,result_1000_mid.json,FG-DSCR,c683,default,edge-8,53,1753.4,0.0,1753.4,1767.4,14.0,7760,0
mid,result_1000_mid.json,FG-DSCR,c353,default,edge-8,54,1767.4,0.0,1767.4,1781.4,14.0,7760,0
mid,result_1000_mid.json,FG-DSCR,c203,default,edge-8,55,1781.4,0.0,1781.4,1795.4,14.0,7760,0
mid,result_1000_mid.json,FG-DSCR,c563,default,edge-8,56,1795.4,0.0,1795.4,1809.4,14.0,7760,0
mid,result_1000_mid.json,FG-DSCR,c323,default,edge-8,57,1809.4,0.0,1809.4,1823.4,14.0,7760,0
mid,result_1000_mid.json,FG-DSCR,c623,default,edge-8,58,1823.4,0.0,1823.4,1837.4,14.0,7760,0
mid,result_1000_mid.json,FG-DSCR,c593,default,edge-8,59,1837.4,0.0,1837.4,1851.4,14.0,7760,0
mid,result_1000_mid.json,FG-DSCR,c653,default,edge-8,60,1851.4,0.0,1851.4,1865.4,14.0,7760,0
mid,result_1000_mid.json,FG-DSCR,c503,default,edge-8,61,1865.4,0.0,1865.4,1879.4,14.0,7760,0
mid,result_1000_mid.json,FG-DSCR,c173,default,edge-8,62,1879.4,0.0,1879.4,1893.4,14.0,7760,0
mid,result_1000_mid.json,FG-DSCR,c143,default,edge-8,63,1893.4,0.0,1893.4,1907.4,14.0,7760,0
mid,result_1000_mid.json,FG-DSCR,c713,default,edge-8,64,1907.4,0.0,1907.4,1921.4,14.0,7760,0
mid,result_1000_mid.json,FG-DSCR,c833,default,edge-8,65,1921.4,0.0,1921.4,1935.4,14.0,7760,0
mid,result_1000_mid.json,FG-DSCR,c233,default,edge-8,66,1935.4,0.0,1935.4,1949.4,14.0,7760,0
mid,result_1000_mid.json,FG-DSCR,c831,default,edge-8,67,1949.4,0.0,1949.4,1969.4,20.0,6414,0
mid,result_1000_mid.json,FG-DSCR,c021,default,edge-8,68,1969.4,0.0,1969.4,1989.4,20.0,6414,0
mid,result_1000_mid.json,FG-DSCR,c561,default,edge-8,69,1989.4,0.0,1989.4,2009.4,20.0,6414,0
mid,result_1000_mid.json,FG-DSCR,c111,default,edge-8,70,2009.4,0.0,2009.4,2029.4,20.0,6414,0
mid,result_1000_mid.json,FG-DSCR,c051,default,edge-8,71,2029.4,0.0,2029.4,2049.4,20.0,6414,0
mid,result_1000_mid.json,FG-DSCR,c441,default,edge-8,72,2049.4,0.0,2049.4,2069.4,20.0,6414,0
mid,result_1000_mid.json,FG-DSCR,c471,default,edge-8,73,2069.4,0.0,2069.4,2089.4,20.0,6414,0
mid,result_1000_mid.json,FG-DSCR,c261,default,edge-8,74,2089.4,0.0,2089.4,2109.4,20.0,6414,0
mid,result_1000_mid.json,FG-DSCR,c891,default,edge-8,75,2109.4,0.0,2109.4,2129.4,20.0,6414,0
mid,result_1000_mid.json,FG-DSCR,c351,default,edge-8,76,2129.4,0.0,2129.4,2149.4,20.0,6414,0
mid,result_1000_mid.json,FG-DSCR,c411,default,edge-8,77,2149.4,0.0,2149.4,2169.4,20.0,6414,0
mid,result_1000_mid.json,FG-DSCR,c771,default,edge-8,78,2169.4,0.0,2169.4,2189.4,20.0,6414,0
mid,result_1000_mid.json,FG-DSCR,c381,default,edge-8,79,2189.4,0.0,2189.4,2209.4,20.0,6414,0
mid,result_1000_mid.json,FG-DSCR,c501,default,edge-8,80,2209.4,0.0,2209.4,2229.4,20.0,6414,0
mid,result_1000_mid.json,FG-DSCR,c921,default,edge-8,81,2229.4,0.0,2229.4,2249.4,20.0,6414,0
mid,result_1000_mid.json,FG-DSCR,c651,default,edge-8,82,2249.4,0.0,2249.4,2269.4,20.0,6414,0
mid,result_1000_mid.json,FG-DSCR,c711,default,edge-8,83,2269.4,0.0,2269.4,2289.4,20.0,6414,0
mid,result_1000_mid.json,FG-DSCR,c951,default,edge-8,84,2289.4,0.0,2289.4,2309.4,20.0,6414,0
mid,result_1000_mid.json,FG-DSCR,c981,default,edge-8,85,2309.4,0.0,2309.4,2329.4,20.0,6414,0
mid,result_1000_mid.json,FG-DSCR,c291,default,edge-8,86,2329.4,0.0,2329.4,2349.4,20.0,6414,0
mid,result_1000_mid.json,FG-DSCR,c141,default,edge-8,87,2349.4,0.0,2349.4,2369.4,20.0,6414,0
mid,result_1000_mid.json,FG-DSCR,c201,default,edge-8,88,2369.4,0.0,2369.4,2389.4,20.0,6414,0
mid,result_1000_mid.json,FG-DSCR,c861,default,edge-8,89,2389.4,0.0,2389.4,2409.4,20.0,6414,0
mid,result_1000_mid.json,FG-DSCR,c681,default,edge-8,90,2409.4,0.0,2409.4,2429.4,20.0,6414,0
mid,result_1000_mid.json,FG-DSCR,c531,default,edge-8,91,2429.4,0.0,2429.4,2449.4,20.0,6414,0
mid,result_1000_mid.json,FG-DSCR,c801,default,edge-8,92,2449.4,0.0,2449.4,2469.4,20.0,6414,0
mid,result_1000_mid.json,FG-DSCR,c741,default,edge-8,93,2469.4,0.0,2469.4,2489.4,20.0,6414,0
mid,result_1000_mid.json,FG-DSCR,c321,default,edge-8,94,2489.4,0.0,2489.4,2509.4,20.0,6414,0
mid,result_1000_mid.json,FG-DSCR,c231,default,edge-8,95,2509.4,0.0,2509.4,2529.4,20.0,6414,0
mid,result_1000_mid.json,FG-DSCR,c081,default,edge-8,96,2529.4,0.0,2529.4,2549.4,20.0,6414,0
mid,result_1000_mid.json,FG-DSCR,c591,default,edge-8,97,2549.4,0.0,2549.4,2569.4,20.0,6414,0
mid,result_1000_mid.json,FG-DSCR,c621,default,edge-8,98,2569.4,0.0,2569.4,2589.4,20.0,6414,0
mid,result_1000_mid.json,FG-DSCR,c171,default,edge-8,99,2589.4,0.0,2589.4,2609.4,20.0,6414,0
mid,result_1000_mid.json,FG-DSCR,c949,default,edge-8,100,2609.4,90.1,2699.5,2713.5,14.0,5690,901
mid,result_1000_mid.json,FG-DSCR,c859,default,edge-8,101,2713.5,0.0,2713.5,2727.5,14.0,6591,0
mid,result_1000_mid.json,FG-DSCR,c409,default,edge-8,102,2727.5,0.0,2727.5,2741.5,14.0,6591,0
mid,result_1000_mid.json,FG-DSCR,c109,default,edge-8,103,2741.5,0.0,2741.5,2755.5,14.0,6591,0
mid,result_1000_mid.json,FG-DSCR,c082,default,edge-8,104,2755.5,0.0,2755.5,2778.5,23.0,6441,0
mid,result_1000_mid.json,FG-DSCR,c319,default,edge-8,105,2778.5,0.0,2778.5,2792.5,14.0,6591,0
mid,result_1000_mid.json,FG-DSCR,c172,default,edge-8,106,2792.5,0.0,2792.5,2815.5,23.0,6441,0
mid,result_1000_mid.json,FG-DSCR,c979,default,edge-8,107,2815.5,0.0,2815.5,2829.5,14.0,6591,0
mid,result_1000_mid.json,FG-DSCR,c412,default,edge-8,108,2829.5,0.0,2829.5,2852.5,23.0,6441,0
mid,result_1000_mid.json,FG-DSCR,c619,default,edge-8,109,2852.5,0.0,2852.5,2866.5,14.0,6591,0
mid,result_1000_mid.json,FG-DSCR,c802,default,edge-8,110,2866.5,0.0,2866.5,2889.5,23.0,6441,0
mid,result_1000_mid.json,FG-DSCR,c649,default,edge-8,111,2889.5,0.0,2889.5,2903.5,14.0,6591,0
mid,result_1000_mid.json,FG-DSCR,c202,default,edge-8,112,2903.5,0.0,2903.5,2926.5,23.0,6441,0
mid,result_1000_mid.json,FG-DSCR,c829,default,edge-8,113,2926.5,0.0,2926.5,2940.5,14.0,6591,0
mid,result_1000_mid.json,FG-DSCR,c922,default,edge-8,114,2940.5,0.0,2940.5,2963.5,23.0,6441,0
mid,result_1000_mid.json,FG-DSCR,c019,default,edge-8,115,2963.5,0.0,2963.5,2977.5,14.0,6591,0
mid,result_1000_mid.json,FG-DSCR,c592,default,edge-8,116,2977.5,0.0,2977.5,3000.5,23.0,6441,0
mid,result_1000_mid.json,FG-DSCR,c889,default,edge-8,117,3000.5,0.0,3000.5,3014.5,14.0,6591,0
mid,result_1000_mid.json,FG-DSCR,c022,default,edge-8,118,3014.5,0.0,3014.5,3037.5,23.0,6441,0
mid,result_1000_mid.json,FG-DSCR,c799,default,edge-8,119,3037.5,0.0,3037.5,3051.5,14.0,6591,0
mid,result_1000_mid.json,FG-DSCR,c382,default,edge-8,120,3051.5,0.0,3051.5,3074.5,23.0,6441,0
mid,result_1000_mid.json,FG-DSCR,c714,default,edge-8,121,3074.5,0.0,3074.5,3091.5,17.0,6411,0
mid,result_1000_mid.json,FG-DSCR,c502,default,edge-8,122,3091.5,0.0,3091.5,3114.5,23.0,6441,0
mid,result_1000_mid.json,FG-DSCR,c079,default,edge-8,123,3114.5,0.0,3114.5,3128.5,14.0,6591,0
mid,result_1000_mid.json,FG-DSCR,c294,default,edge-8,124,3128.5,0.0,3128.5,3145.5,17.0,6411,0
mid,result_1000_mid.json,FG-DSCR,c262,default,edge-8,125,3145.5,0.0,3145.5,3168.5,23.0,6441,0
mid,result_1000_mid.json,FG-DSCR,c354,default,edge-8,126,3168.5,0.0,3168.5,3185.5,17.0,6411,0
mid,result_1000_mid.json,FG-DSCR,c469,default,edge-8,127,3185.5,0.0,3185.5,3199.5,14.0,6591,0
mid,result_1000_mid.json,FG-DSCR,c232,default,edge-8,128,3199.5,0.0,3199.5,3222.5,23.0,6441,0
mid,result_1000_mid.json,FG-DSCR,c204,default,edge-8,129,3222.5,0.0,3222.5,3239.5,17.0,6411,0
mid,result_1000_mid.json,FG-DSCR,c769,default,edge-8,130,3239.5,0.0,3239.5,3253.5,14.0,6591,0
mid,result_1000_mid.json,FG-DSCR,c804,default,edge-8,131,3253.5,0.0,3253.5,3270.5,17.0,6411,0
mid,result_1000_mid.json,FG-DSCR,c112,default,edge-8,132,3270.5,0.0,3270.5,3293.5,23.0,6441,0
mid,result_1000_mid.json,FG-DSCR,c679,default,edge-8,133,3293.5,0.0,3293.5,3307.5,14.0,6591,0
mid,result_1000_mid.json,FG-DSCR,c864,default,edge-8,134,3307.5,0.0,3307.5,3324.5,17.0,6411,0
mid,result_1000_mid.json,FG-DSCR,c322,default,edge-8,135,3324.5,0.0,3324.5,3347.5,23.0,6441,0
mid,result_1000_mid.json,FG-DSCR,c414,default,edge-8,136,3347.5,0.0,3347.5,3364.5,17.0,6411,0
mid,result_1000_mid.json,FG-DSCR,c529,default,edge-8,137,3364.5,0.0,3364.5,3378.5,14.0,6591,0
mid,result_1000_mid.json,FG-DSCR,c564,default,edge-8,138,3378.5,0.0,3378.5,3395.5,17.0,6411,0
mid,result_1000_mid.json,FG-DSCR,c742,default,edge-8,139,3395.5,0.0,3395.5,3418.5,23.0,6441,0
mid,result_1000_mid.json,FG-DSCR,c379,default,edge-8,140,3418.5,0.0,3418.5,3432.5,14.0,6591,0
mid,result_1000_mid.json,FG-DSCR,c834,default,edge-8,141,3432.5,0.0,3432.5,3449.5,17.0,6411,0
mid,result_1000_mid.json,FG-DSCR,c652,default,edge-8,142,3449.5,0.0,3449.5,3472.5,23.0,6441,0
mid,result_1000_mid.json,FG-DSCR,c894,default,edge-8,143,3472.5,0.0,3472.5,3489.5,17.0,6411,0
mid,result_1000_mid.json,FG-DSCR,c049,default,edge-8,144,3489.5,0.0,3489.5,3503.5,14.0,6591,0
mid,result_1000_mid.json,FG-DSCR,c024,default,edge-8,145,3503.5,0.0,3503.5,3520.5,17.0,6411,0
mid,result_1000_mid.json,FG-DSCR,c442,default,edge-8,146,3520.5,0.0,3520.5,3543.5,23.0,6441,0
mid,result_1000_mid.json,FG-DSCR,c229,default,edge-8,147,3543.5,0.0,3543.5,3557.5,14.0,6591,0
mid,result_1000_mid.json,FG-DSCR,c984,default,edge-8,148,3557.5,0.0,3557.5,3574.5,17.0,6411,0
mid,result_1000_mid.json,FG-DSCR,c682,default,edge-8,149,3574.5,0.0,3574.5,3597.5,23.0,6441,0
mid,result_1000_mid.json,FG-DSCR,c174,default,edge-8,150,3597.5,0.0,3597.5,3614.5,17.0,6411,0
mid,result_1000_mid.json,FG-DSCR,c349,default,edge-8,151,3614.5,0.0,3614.5,3628.5,14.0,6591,0
mid,result_1000_mid.json,FG-DSCR,c562,default,edge-8,152,3628.5,0.0,3628.5,3651.5,23.0,6441,0
mid,result_1000_mid.json,FG-DSCR,c234,default,edge-8,153,3651.5,0.0,3651.5,3668.5,17.0,6411,0
mid,result_1000_mid.json,FG-DSCR,c862,default,edge-8,154,3668.5,0.0,3668.5,3691.5,23.0,6441,0
mid,result_1000_mid.json,FG-DSCR,c474,default,edge-8,155,3691.5,0.0,3691.5,3708.5,17.0,6411,0
mid,result_1000_mid.json,FG-DSCR,c709,default,edge-8,156,3708.5,0.0,3708.5,3722.5,14.0,6591,0
mid,result_1000_mid.json,FG-DSCR,c924,default,edge-8,157,3722.5,0.0,3722.5,3739.5,17.0,6411,0
mid,result_1000_mid.json,FG-DSCR,c052,default,edge-8,158,3739.5,0.0,3739.5,3762.5,23.0,6441,0
mid,result_1000_mid.json,FG-DSCR,c919,default,edge-8,159,3762.5,0.0,3762.5,3776.5,14.0,6591,0
mid,result_1000_mid.json,FG-DSCR,c624,default,edge-8,160,3776.5,0.0,3776.5,3793.5,17.0,6411,0
mid,result_1000_mid.json,FG-DSCR,c892,default,edge-8,161,3793.5,0.0,3793.5,3816.5,23.0,6441,0
mid,result_1000_mid.json,FG-DSCR,c654,default,edge-8,162,3816.5,0.0,3816.5,3833.5,17.0,6411,0
mid,result_1000_mid.json,FG-DSCR,c589,default,edge-8,163,3833.5,0.0,3833.5,3847.5,14.0,6591,0
mid,result_1000_mid.json,FG-DSCR,c324,default,edge-8,164,3847.5,0.0,3847.5,3864.5,17.0,6411,0
mid,result_1000_mid.json,FG-DSCR,c292,default,edge-8,165,3864.5,0.0,3864.5,3887.5,23.0,6441,0
mid,result_1000_mid.json,FG-DSCR,c289,default,edge-8,166,3887.5,0.0,3887.5,3901.5,14.0,6591,0
mid,result_1000_mid.json,FG-DSCR,c264,default,edge-8,167,3901.5,0.0,3901.5,3918.5,17.0,6411,0
mid,result_1000_mid.json,FG-DSCR,c352,default,edge-8,168,3918.5,0.0,3918.5,3941.5,23.0,6441,0
mid,result_1000_mid.json,FG-DSCR,c954,default,edge-8,169,3941.5,0.0,3941.5,3958.5,17.0,6411,0
mid,result_1000_mid.json,FG-DSCR,c139,default,edge-8,170,3958.5,0.0,3958.5,3972.5,14.0,6591,0
mid,result_1000_mid.json,FG-DSCR,c622,default,edge-8,171,3972.5,0.0,3972.5,3995.5,23.0,6441,0
mid,result_1000_mid.json,FG-DSCR,c534,default,edge-8,172,3995.5,0.0,3995.5,4012.5,17.0,6411,0
mid,result_1000_mid.json,FG-DSCR,c169,default,edge-8,173,4012.5,0.0,4012.5,4026.5,14.0,6591,0
mid,result_1000_mid.json,FG-DSCR,c594,default,edge-8,174,4026.5,0.0,4026.5,4043.5,17.0,6411,0
mid,result_1000_mid.json,FG-DSCR,c712,default,edge-8,175,4043.5,0.0,4043.5,4066.5,23.0,6441,0
mid,result_1000_mid.json,FG-DSCR,c744,default,edge-8,176,4066.5,0.0,4066.5,4083.5,17.0,6411,0
mid,result_1000_mid.json,FG-DSCR,c559,default,edge-8,177,4083.5,0.0,4083.5,4097.5,14.0,6591,0
mid,result_1000_mid.json,FG-DSCR,c472,default,edge-8,178,4097.5,0.0,4097.5,4120.5,23.0,6441,0
mid,result_1000_mid.json,FG-DSCR,c684,default,edge-8,179,4120.5,0.0,4120.5,4137.5,17.0,6411,0
mid,result_1000_mid.json,FG-DSCR,c499,default,edge-8,180,4137.5,0.0,4137.5,4151.5,14.0,6591,0
mid,result_1000_mid.json,FG-DSCR,c774,default,edge-8,181,4151.5,0.0,4151.5,4168.5,17.0,6411,0
mid,result_1000_mid.json,FG-DSCR,c532,default,edge-8,182,4168.5,0.0,4168.5,4191.5,23.0,6441,0
mid,result_1000_mid.json,FG-DSCR,c114,default,edge-8,183,4191.5,0.0,4191.5,4208.5,17.0,6411,0
mid,result_1000_mid.json,FG-DSCR,c739,default,edge-8,184,4208.5,0.0,4208.5,4222.5,14.0,6591,0
mid,result_1000_mid.json,FG-DSCR,c952,default,edge-8,185,4222.5,0.0,4222.5,4245.5,23.0,6441,0
mid,result_1000_mid.json,FG-DSCR,c444,default,edge-8,186,4245.5,0.0,4245.5,4262.5,17.0,6411,0
mid,result_1000_mid.json,FG-DSCR,c982,default,edge-8,187,4262.5,0.0,4262.5,4285.5,23.0,6441,0
mid,result_1000_mid.json,FG-DSCR,c144,default,edge-8,188,4285.5,0.0,4285.5,4302.5,17.0,6411,0
mid,result_1000_mid.json,FG-DSCR,c439,default,edge-8,189,4302.5,0.0,4302.5,4316.5,14.0,6591,0
mid,result_1000_mid.json,FG-DSCR,c054,default,edge-8,190,4316.5,0.0,4316.5,4333.5,17.0,6411,0
mid,result_1000_mid.json,FG-DSCR,c832,default,edge-8,191,4333.5,0.0,4333.5,4356.5,23.0,6441,0
mid,result_1000_mid.json,FG-DSCR,c259,default,edge-8,192,4356.5,0.0,4356.5,4370.5,14.0,6591,0
mid,result_1000_mid.json,FG-DSCR,c084,default,edge-8,193,4370.5,0.0,4370.5,4387.5,17.0,6411,0
mid,result_1000_mid.json,FG-DSCR,c772,default,edge-8,194,4387.5,0.0,4387.5,4410.5,23.0,6441,0
mid,result_1000_mid.json,FG-DSCR,c384,default,edge-8,195,4410.5,0.0,4410.5,4427.5,17.0,6411,0
mid,result_1000_mid.json,FG-DSCR,c199,default,edge-8,196,4427.5,0.0,4427.5,4441.5,14.0,6591,0
mid,result_1000_mid.json,FG-DSCR,c142,default,edge-8,197,4441.5,0.0,4441.5,4464.5,23.0,6441,0
mid,result_1000_mid.json,FG-DSCR,c504,default,edge-8,198,4464.5,0.0,4464.5,4481.5,17.0,6411,0
mid2,result_1000_mid2.json,FG-DSCR,c095,default,edge-1,1,0.0,1404.8,1404.8,1430.8,26.0,0,7024
mid2,result_1000_mid2.json,FG-DSCR,c215,default,edge-1,2,1430.8,0.0,1430.8,1456.8,26.0,7024,0
mid2,result_1000_mid2.json,FG-DSCR,c635,default,edge-1,3,1456.8,0.0,1456.8,1482.8,26.0,7024,0
mid2,result_1000_mid2.json,FG-DSCR,c725,default,edge-1,4,1482.8,0.0,1482.8,1508.8,26.0,7024,0
mid2,result_1000_mid2.json,FG-DSCR,c335,default,edge-1,5,1508.8,0.0,1508.8,1534.8,26.0,7024,0
mid2,result_1000_mid2.json,FG-DSCR,c965,default,edge-1,6,1534.8,0.0,1534.8,1560.8,26.0,7024,0
mid2,result_1000_mid2.json,FG-DSCR,c035,default,edge-1,7,1560.8,0.0,1560.8,1586.8,26.0,7024,0
mid2,result_1000_mid2.json,FG-DSCR,c995,default,edge-1,8,1586.8,0.0,1586.8,1612.8,26.0,7024,0
mid2,result_1000_mid2.json,FG-DSCR,c785,default,edge-1,9,1612.8,0.0,1612.8,1638.8,26.0,7024,0
mid2,result_1000_mid2.json,FG-DSCR,c755,default,edge-1,10,1638.8,0.0,1638.8,1664.8,26.0,7024,0
mid2,result_1000_mid2.json,FG-DSCR,c695,default,edge-1,11,1664.8,0.0,1664.8,1690.8,26.0,7024,0
mid2,result_1000_mid2.json,FG-DSCR,c845,default,edge-1,12,1690.8,0.0,1690.8,1716.8,26.0,7024,0
mid2,result_1000_mid2.json,FG-DSCR,c125,default,edge-1,13,1716.8,0.0,1716.8,1742.8,26.0,7024,0
mid2,result_1000_mid2.json,FG-DSCR,c155,default,edge-1,14,1742.8,0.0,1742.8,1768.8,26.0,7024,0
mid2,result_1000_mid2.json,FG-DSCR,c065,default,edge-1,15,1768.8,0.0,1768.8,1794.8,26.0,7024,0
mid2,result_1000_mid2.json,FG-DSCR,c815,default,edge-1,16,1794.8,0.0,1794.8,1820.8,26.0,7024,0
mid2,result_1000_mid2.json,FG-DSCR,c425,default,edge-1,17,1820.8,0.0,1820.8,1846.8,26.0,7024,0
mid2,result_1000_mid2.json,FG-DSCR,c485,default,edge-1,18,1846.8,0.0,1846.8,1872.8,26.0,7024,0
mid2,result_1000_mid2.json,FG-DSCR,c665,default,edge-1,19,1872.8,0.0,1872.8,1898.8,26.0,7024,0
mid2,result_1000_mid2.json,FG-DSCR,c005,default,edge-1,20,1898.8,0.0,1898.8,1924.8,26.0,7024,0
mid2,result_1000_mid2.json,FG-DSCR,c185,default,edge-1,21,1924.8,0.0,1924.8,1950.8,26.0,7024,0
mid2,result_1000_mid2.json,FG-DSCR,c605,default,edge-1,22,1950.8,0.0,1950.8,1976.8,26.0,7024,0
mid2,result_1000_mid2.json,FG-DSCR,c245,default,edge-1,23,1976.8,0.0,1976.8,2002.8,26.0,7024,0
mid2,result_1000_mid2.json,FG-DSCR,c275,default,edge-1,24,2002.8,0.0,2002.8,2028.8,26.0,7024,0
mid2,result_1000_mid2.json,FG-DSCR,c575,default,edge-1,25,2028.8,0.0,2028.8,2054.8,26.0,7024,0
mid2,result_1000_mid2.json,FG-DSCR,c935,default,edge-1,26,2054.8,0.0,2054.8,2080.8,26.0,7024,0
mid2,result_1000_mid2.json,FG-DSCR,c905,default,edge-1,27,2080.8,0.0,2080.8,2106.8,26.0,7024,0
mid2,result_1000_mid2.json,FG-DSCR,c875,default,edge-1,28,2106.8,0.0,2106.8,2132.8,26.0,7024,0
mid2,result_1000_mid2.json,FG-DSCR,c395,default,edge-1,29,2132.8,0.0,2132.8,2158.8,26.0,7024,0
mid2,result_1000_mid2.json,FG-DSCR,c365,default,edge-1,30,2158.8,0.0,2158.8,2184.8,26.0,7024,0
mid2,result_1000_mid2.json,FG-DSCR,c515,default,edge-1,31,2184.8,0.0,2184.8,2210.8,26.0,7024,0
mid2,result_1000_mid2.json,FG-DSCR,c455,default,edge-1,32,2210.8,0.0,2210.8,2236.8,26.0,7024,0
mid2,result_1000_mid2.json,FG-DSCR,c545,default,edge-1,33,2236.8,0.0,2236.8,2262.8,26.0,7024,0
mid2,result_1000_mid2.json,FG-DSCR,c305,default,edge-1,34,2262.8,0.0,2262.8,2288.8,26.0,7024,0
mid2,result_1000_mid2.json,FG-DSCR,c901,default,edge-1,35,2288.8,270.2,2559.0,2585.0,26.0,5670,1351
mid2,result_1000_mid2.json,FG-DSCR,c541,default,edge-1,36,2585.0,0.0,2585.0,2611.0,26.0,7021,0
mid2,result_1000_mid2.json,FG-DSCR,c931,default,edge-1,37,2611.0,0.0,2611.0,2637.0,26.0,7021,0
mid2,result_1000_mid2.json,FG-DSCR,c091,default,edge-1,38,2637.0,0.0,2637.0,2663.0,26.0,7021,0
mid2,result_1000_mid2.json,FG-DSCR,c451,default,edge-1,39,2663.0,0.0,2663.0,2689.0,26.0,7021,0
mid2,result_1000_mid2.json,FG-DSCR,c571,default,edge-1,40,2689.0,0.0,2689.0,2715.0,26.0,7021,0
mid2,result_1000_mid2.json,FG-DSCR,c961,default,edge-1,41,2715.0,0.0,2715.0,2741.0,26.0,7021,0
mid2,result_1000_mid2.json,FG-DSCR,c421,default,edge-1,42,2741.0,0.0,2741.0,2767.0,26.0,7021,0
mid2,result_1000_mid2.json,FG-DSCR,c781,default,edge-1,43,2767.0,0.0,2767.0,2793.0,26.0,7021,0
mid2,result_1000_mid2.json,FG-DSCR,c811,default,edge-1,44,2793.0,0.0,2793.0,2819.0,26.0,7021,0
mid2,result_1000_mid2.json,FG-DSCR,c211,default,edge-1,45,2819.0,0.0,2819.0,2845.0,26.0,7021,0
mid2,result_1000_mid2.json,FG-DSCR,c001,default,edge-1,46,2845.0,0.0,2845.0,2871.0,26.0,7021,0
mid2,result_1000_mid2.json,FG-DSCR,c601,default,edge-1,47,2871.0,0.0,2871.0,2897.0,26.0,7021,0
mid2,result_1000_mid2.json,FG-DSCR,c511,default,edge-1,48,2897.0,0.0,2897.0,2923.0,26.0,7021,0
mid2,result_1000_mid2.json,FG-DSCR,c361,default,edge-1,49,2923.0,0.0,2923.0,2949.0,26.0,7021,0
mid2,result_1000_mid2.json,FG-DSCR,c391,default,edge-1,50,2949.0,0.0,2949.0,2975.0,26.0,7021,0
mid2,result_1000_mid2.json,FG-DSCR,c031,default,edge-1,51,2975.0,0.0,2975.0,3001.0,26.0,7021,0
mid2,result_1000_mid2.json,FG-DSCR,c331,default,edge-1,52,3001.0,0.0,3001.0,3027.0,26.0,7021,0
mid2,result_1000_mid2.json,FG-DSCR,c991,default,edge-1,53,3027.0,0.0,3027.0,3053.0,26.0,7021,0
mid2,result_1000_mid2.json,FG-DSCR,c181,default,edge-1,54,3053.0,0.0,3053.0,3079.0,26.0,7021,0
mid2,result_1000_mid2.json,FG-DSCR,c301,default,edge-1,55,3079.0,0.0,3079.0,3105.0,26.0,7021,0
mid2,result_1000_mid2.json,FG-DSCR,c631,default,edge-1,56,3105.0,0.0,3105.0,3131.0,26.0,7021,0
mid2,result_1000_mid2.json,FG-DSCR,c841,default,edge-1,57,3131.0,0.0,3131.0,3157.0,26.0,7021,0
mid2,result_1000_mid2.json,FG-DSCR,c751,default,edge-1,58,3157.0,0.0,3157.0,3183.0,26.0,7021,0
mid2,result_1000_mid2.json,FG-DSCR,c241,default,edge-1,59,3183.0,0.0,3183.0,3209.0,26.0,7021,0
mid2,result_1000_mid2.json,FG-DSCR,c121,default,edge-1,60,3209.0,0.0,3209.0,3235.0,26.0,7021,0
mid2,result_1000_mid2.json,FG-DSCR,c061,default,edge-1,61,3235.0,0.0,3235.0,3261.0,26.0,7021,0
mid2,result_1000_mid2.json,FG-DSCR,c151,default,edge-1,62,3261.0,0.0,3261.0,3287.0,26.0,7021,0
mid2,result_1000_mid2.json,FG-DSCR,c721,default,edge-1,63,3287.0,0.0,3287.0,3313.0,26.0,7021,0
mid2,result_1000_mid2.json,FG-DSCR,c661,default,edge-1,64,3313.0,0.0,3313.0,3339.0,26.0,7021,0
mid2,result_1000_mid2.json,FG-DSCR,c691,default,edge-1,65,3339.0,0.0,3339.0,3365.0,26.0,7021,0
mid2,result_1000_mid2.json,FG-DSCR,c871,default,edge-1,66,3365.0,0.0,3365.0,3391.0,26.0,7021,0
mid2,result_1000_mid2.json,FG-DSCR,c481,default,edge-1,67,3391.0,0.0,3391.0,3417.0,26.0,7021,0
mid2,result_1000_mid2.json,FG-DSCR,c271,default,edge-1,68,3417.0,0.0,3417.0,3443.0,26.0,7021,0
mid2,result_1000_mid2.json,FG-DSCR,c483,default,edge-1,69,3443.0,220.0,3663.0,3695.0,32.0,5374,1100
mid2,result_1000_mid2.json,FG-DSCR,c903,default,edge-1,70,3695.0,0.0,3695.0,3727.0,32.0,6474,0
mid2,result_1000_mid2.json,FG-DSCR,c843,default,edge-1,71,3727.0,0.0,3727.0,3759.0,32.0,6474,0
mid2,result_1000_mid2.json,FG-DSCR,c303,default,edge-1,72,3759.0,0.0,3759.0,3791.0,32.0,6474,0
mid2,result_1000_mid2.json,FG-DSCR,c003,default,edge-1,73,3791.0,0.0,3791.0,3823.0,32.0,6474,0
mid2,result_1000_mid2.json,FG-DSCR,c123,default,edge-1,74,3823.0,0.0,3823.0,3855.0,32.0,6474,0
mid2,result_1000_mid2.json,FG-DSCR,c153,default,edge-1,75,3855.0,0.0,3855.0,3887.0,32.0,6474,0
mid2,result_1000_mid2.json,FG-DSCR,c633,default,edge-1,76,3887.0,0.0,3887.0,3919.0,32.0,6474,0
mid2,result_1000_mid2.json,FG-DSCR,c993,default,edge-1,77,3919.0,0.0,3919.0,3951.0,32.0,6474,0
mid2,result_1000_mid2.json,FG-DSCR,c813,default,edge-1,78,3951.0,0.0,3951.0,3983.0,32.0,6474,0
mid2,result_1000_mid2.json,FG-DSCR,c243,default,edge-1,79,3983.0,0.0,3983.0,4015.0,32.0,6474,0
mid2,result_1000_mid2.json,FG-DSCR,c033,default,edge-1,80,4015.0,0.0,4015.0,4047.0,32.0,6474,0
mid2,result_1000_mid2.json,FG-DSCR,c753,default,edge-1,81,4047.0,0.0,4047.0,4079.0,32.0,6474,0
mid2,result_1000_mid2.json,FG-DSCR,c603,default,edge-1,82,4079.0,0.0,4079.0,4111.0,32.0,6474,0
mid2,result_1000_mid2.json,FG-DSCR,c693,default,edge-1,83,4111.0,0.0,4111.0,4143.0,32.0,6474,0
mid2,result_1000_mid2.json,FG-DSCR,c453,default,edge-1,84,4143.0,0.0,4143.0,4175.0,32.0,6474,0
mid2,result_1000_mid2.json,FG-DSCR,c393,default,edge-1,85,4175.0,0.0,4175.0,4207.0,32.0,6474,0
mid2,result_1000_mid2.json,FG-DSCR,c513,default,edge-1,86,4207.0,0.0,4207.0,4239.0,32.0,6474,0
mid2,result_1000_mid2.json,FG-DSCR,c213,default,edge-1,87,4239.0,0.0,4239.0,4271.0,32.0,6474,0
mid2,result_1000_mid2.json,FG-DSCR,c573,default,edge-1,88,4271.0,0.0,4271.0,4303.0,32.0,6474,0
mid2,result_1000_mid2.json,FG-DSCR,c963,default,edge-1,89,4303.0,0.0,4303.0,4335.0,32.0,6474,0
mid2,result_1000_mid2.json,FG-DSCR,c093,default,edge-1,90,4335.0,0.0,4335.0,4367.0,32.0,6474,0
mid2,result_1000_mid2.json,FG-DSCR,c423,default,edge-1,91,4367.0,0.0,4367.0,4399.0,32.0,6474,0
mid2,result_1000_mid2.json,FG-DSCR,c333,default,edge-1,92,4399.0,0.0,4399.0,4431.0,32.0,6474,0
mid2,result_1000_mid2.json,FG-DSCR,c543,default,edge-1,93,4431.0,0.0,4431.0,4463.0,32.0,6474,0
mid2,result_1000_mid2.json,FG-DSCR,c183,default,edge-1,94,4463.0,0.0,4463.0,4495.0,32.0,6474,0
mid2,result_1000_mid2.json,FG-DSCR,c933,default,edge-1,95,4495.0,0.0,4495.0,4527.0,32.0,6474,0
mid2,result_1000_mid2.json,FG-DSCR,c663,default,edge-1,96,4527.0,0.0,4527.0,4559.0,32.0,6474,0
mid2,result_1000_mid2.json,FG-DSCR,c873,default,edge-1,97,4559.0,0.0,4559.0,4591.0,32.0,6474,0
mid2,result_1000_mid2.json,FG-DSCR,c063,default,edge-1,98,4591.0,0.0,4591.0,4623.0,32.0,6474,0
mid2,result_1000_mid2.json,FG-DSCR,c273,default,edge-1,99,4623.0,0.0,4623.0,4655.0,32.0,6474,0
mid2,result_1000_mid2.json,FG-DSCR,c723,default,edge-1,100,4655.0,0.0,4655.0,4687.0,32.0,6474,0
mid2,result_1000_mid2.json,FG-DSCR,c363,default,edge-1,101,4687.0,0.0,4687.0,4719.0,32.0,6474,0
mid2,result_1000_mid2.json,FG-DSCR,c783,default,edge-1,102,4719.0,0.0,4719.0,4751.0,32.0,6474,0
mid2,result_1000_mid2.json,FG-DSCR,c902,default,edge-2,1,0.0,1464.8,1464.8,1493.8,29.0,0,7324
mid2,result_1000_mid2.json,FG-DSCR,c032,default,edge-2,2,1493.8,0.0,1493.8,1522.8,29.0,7324,0
mid2,result_1000_mid2.json,FG-DSCR,c512,default,edge-2,3,1522.8,0.0,1522.8,1551.8,29.0,7324,0
mid2,result_1000_mid2.json,FG-DSCR,c362,default,edge-2,4,1551.8,0.0,1551.8,1580.8,29.0,7324,0
mid2,result_1000_mid2.json,FG-DSCR,c722,default,edge-2,5,1580.8,0.0,1580.8,1609.8,29.0,7324,0
mid2,result_1000_mid2.json,FG-DSCR,c812,default,edge-2,6,1609.8,0.0,1609.8,1638.8,29.0,7324,0
mid2,result_1000_mid2.json,FG-DSCR,c482,default,edge-2,7,1638.8,0.0,1638.8,1667.8,29.0,7324,0
mid2,result_1000_mid2.json,FG-DSCR,c182,default,edge-2,8,1667.8,0.0,1667.8,1696.8,29.0,7324,0
mid2,result_1000_mid2.json,FG-DSCR,c062,default,edge-2,9,1696.8,0.0,1696.8,1725.8,29.0,7324,0
mid2,result_1000_mid2.json,FG-DSCR,c452,default,edge-2,10,1725.8,0.0,1725.8,1754.8,29.0,7324,0
mid2,result_1000_mid2.json,FG-DSCR,c212,default,edge-2,11,1754.8,0.0,1754.8,1783.8,29.0,7324,0
mid2,result_1000_mid2.json,FG-DSCR,c842,default,edge-2,12,1783.8,0.0,1783.8,1812.8,29.0,7324,0
mid2,result_1000_mid2.json,FG-DSCR,c572,default,edge-2,13,1812.8,0.0,1812.8,1841.8,29.0,7324,0
mid2,result_1000_mid2.json,FG-DSCR,c122,default,edge-2,14,1841.8,0.0,1841.8,1870.8,29.0,7324,0
mid2,result_1000_mid2.json,FG-DSCR,c872,default,edge-2,15,1870.8,0.0,1870.8,1899.8,29.0,7324,0
mid2,result_1000_mid2.json,FG-DSCR,c152,default,edge-2,16,1899.8,0.0,1899.8,1928.8,29.0,7324,0
mid2,result_1000_mid2.json,FG-DSCR,c962,default,edge-2,17,1928.8,0.0,1928.8,1957.8,29.0,7324,0
mid2,result_1000_mid2.json,FG-DSCR,c602,default,edge-2,18,1957.8,0.0,1957.8,1986.8,29.0,7324,0
mid2,result_1000_mid2.json,FG-DSCR,c242,default,edge-2,19,1986.8,0.0,1986.8,2015.8,29.0,7324,0
mid2,result_1000_mid2.json,FG-DSCR,c752,default,edge-2,20,2015.8,0.0,2015.8,2044.8,29.0,7324,0
mid2,result_1000_mid2.json,FG-DSCR,c662,default,edge-2,21,2044.8,0.0,2044.8,2073.8,29.0,7324,0
mid2,result_1000_mid2.json,FG-DSCR,c272,default,edge-2,22,2073.8,0.0,2073.8,2102.8,29.0,7324,0
mid2,result_1000_mid2.json,FG-DSCR,c302,default,edge-2,23,2102.8,0.0,2102.8,2131.8,29.0,7324,0
mid2,result_1000_mid2.json,FG-DSCR,c782,default,edge-2,24,2131.8,0.0,2131.8,2160.8,29.0,7324,0
mid2,result_1000_mid2.json,FG-DSCR,c422,default,edge-2,25,2160.8,0.0,2160.8,2189.8,29.0,7324,0
mid2,result_1000_mid2.json,FG-DSCR,c992,default,edge-2,26,2189.8,0.0,2189.8,2218.8,29.0,7324,0
mid2,result_1000_mid2.json,FG-DSCR,c932,default,edge-2,27,2218.8,0.0,2218.8,2247.8,29.0,7324,0
mid2,result_1000_mid2.json,FG-DSCR,c332,default,edge-2,28,2247.8,0.0,2247.8,2276.8,29.0,7324,0
mid2,result_1000_mid2.json,FG-DSCR,c092,default,edge-2,29,2276.8,0.0,2276.8,2305.8,29.0,7324,0
mid2,result_1000_mid2.json,FG-DSCR,c632,default,edge-2,30,2305.8,0.0,2305.8,2334.8,29.0,7324,0
mid2,result_1000_mid2.json,FG-DSCR,c392,default,edge-2,31,2334.8,0.0,2334.8,2363.8,29.0,7324,0
mid2,result_1000_mid2.json,FG-DSCR,c542,default,edge-2,32,2363.8,0.0,2363.8,2392.8,29.0,7324,0
mid2,result_1000_mid2.json,FG-DSCR,c692,default,edge-2,33,2392.8,0.0,2392.8,2421.8,29.0,7324,0
mid2,result_1000_mid2.json,FG-DSCR,c002,default,edge-2,34,2421.8,0.0,2421.8,2450.8,29.0,7324,0
mid2,result_1000_mid2.json,FG-DSCR,c514,default,edge-2,35,2450.8,330.2,2781.0,2816.0,35.0,5670,1651
mid2,result_1000_mid2.json,FG-DSCR,c454,default,edge-2,36,2816.0,0.0,2816.0,2851.0,35.0,7321,0
mid2,result_1000_mid2.json,FG-DSCR,c214,default,edge-2,37,2851.0,0.0,2851.0,2886.0,35.0,7321,0
mid2,result_1000_mid2.json,FG-DSCR,c694,default,edge-2,38,2886.0,0.0,2886.0,2921.0,35.0,7321,0
mid2,result_1000_mid2.json,FG-DSCR,c004,default,edge-2,39,2921.0,0.0,2921.0,2956.0,35.0,7321,0
mid2,result_1000_mid2.json,FG-DSCR,c604,default,edge-2,40,2956.0,0.0,2956.0,2991.0,35.0,7321,0
mid2,result_1000_mid2.json,FG-DSCR,c094,default,edge-2,41,2991.0,0.0,2991.0,3026.0,35.0,7321,0
mid2,result_1000_mid2.json,FG-DSCR,c124,default,edge-2,42,3026.0,0.0,3026.0,3061.0,35.0,7321,0
mid2,result_1000_mid2.json,FG-DSCR,c154,default,edge-2,43,3061.0,0.0,3061.0,3096.0,35.0,7321,0
mid2,result_1000_mid2.json,FG-DSCR,c754,default,edge-2,44,3096.0,0.0,3096.0,3131.0,35.0,7321,0
mid2,result_1000_mid2.json,FG-DSCR,c184,default,edge-2,45,3131.0,0.0,3131.0,3166.0,35.0,7321,0
mid2,result_1000_mid2.json,FG-DSCR,c664,default,edge-2,46,3166.0,0.0,3166.0,3201.0,35.0,7321,0
mid2,result_1000_mid2.json,FG-DSCR,c484,default,edge-2,47,3201.0,0.0,3201.0,3236.0,35.0,7321,0
mid2,result_1000_mid2.json,FG-DSCR,c334,default,edge-2,48,3236.0,0.0,3236.0,3271.0,35.0,7321,0
mid2,result_1000_mid2.json,FG-DSCR,c814,default,edge-2,49,3271.0,0.0,3271.0,3306.0,35.0,7321,0
mid2,result_1000_mid2.json,FG-DSCR,c304,default,edge-2,50,3306.0,0.0,3306.0,3341.0,35.0,7321,0
mid2,result_1000_mid2.json,FG-DSCR,c034,default,edge-2,51,3341.0,0.0,3341.0,3376.0,35.0,7321,0
mid2,result_1000_mid2.json,FG-DSCR,c964,default,edge-2,52,3376.0,0.0,3376.0,3411.0,35.0,7321,0
mid2,result_1000_mid2.json,FG-DSCR,c064,default,edge-2,53,3411.0,0.0,3411.0,3446.0,35.0,7321,0
mid2,result_1000_mid2.json,FG-DSCR,c634,default,edge-2,54,3446.0,0.0,3446.0,3481.0,35.0,7321,0
mid2,result_1000_mid2.json,FG-DSCR,c994,default,edge-2,55,3481.0,0.0,3481.0,3516.0,35.0,7321,0
mid2,result_1000_mid2.json,FG-DSCR,c424,default,edge-2,56,3516.0,0.0,3516.0,3551.0,35.0,7321,0
mid2,result_1000_mid2.json,FG-DSCR,c544,default,edge-2,57,3551.0,0.0,3551.0,3586.0,35.0,7321,0
mid2,result_1000_mid2.json,FG-DSCR,c784,default,edge-2,58,3586.0,0.0,3586.0,3621.0,35.0,7321,0
mid2,result_1000_mid2.json,FG-DSCR,c844,default,edge-2,59,3621.0,0.0,3621.0,3656.0,35.0,7321,0
mid2,result_1000_mid2.json,FG-DSCR,c274,default,edge-2,60,3656.0,0.0,3656.0,3691.0,35.0,7321,0
mid2,result_1000_mid2.json,FG-DSCR,c574,default,edge-2,61,3691.0,0.0,3691.0,3726.0,35.0,7321,0
mid2,result_1000_mid2.json,FG-DSCR,c904,default,edge-2,62,3726.0,0.0,3726.0,3761.0,35.0,7321,0
mid2,result_1000_mid2.json,FG-DSCR,c394,default,edge-2,63,3761.0,0.0,3761.0,3796.0,35.0,7321,0
mid2,result_1000_mid2.json,FG-DSCR,c874,default,edge-2,64,3796.0,0.0,3796.0,3831.0,35.0,7321,0
mid2,result_1000_mid2.json,FG-DSCR,c934,default,edge-2,65,3831.0,0.0,3831.0,3866.0,35.0,7321,0
mid2,result_1000_mid2.json,FG-DSCR,c364,default,edge-2,66,3866.0,0.0,3866.0,3901.0,35.0,7321,0
mid2,result_1000_mid2.json,FG-DSCR,c244,default,edge-2,67,3901.0,0.0,3901.0,3936.0,35.0,7321,0
mid2,result_1000_mid2.json,FG-DSCR,c724,default,edge-2,68,3936.0,0.0,3936.0,3971.0,35.0,7321,0
mid2,result_1000_mid2.json,FG-DSCR,c636,default,edge-2,69,3971.0,360.0,4331.0,4360.0,29.0,5671,1800
mid2,result_1000_mid2.json,FG-DSCR,c906,default,edge-2,70,4360.0,0.0,4360.0,4389.0,29.0,7471,0
mid2,result_1000_mid2.json,FG-DSCR,c666,default,edge-2,71,4389.0,0.0,4389.0,4418.0,29.0,7471,0
mid2,result_1000_mid2.json,FG-DSCR,c396,default,edge-2,72,4418.0,0.0,4418.0,4447.0,29.0,7471,0
mid2,result_1000_mid2.json,FG-DSCR,c966,default,edge-2,73,4447.0,0.0,4447.0,4476.0,29.0,7471,0
mid2,result_1000_mid2.json,FG-DSCR,c036,default,edge-2,74,4476.0,0.0,4476.0,4505.0,29.0,7471,0
mid2,result_1000_mid2.json,FG-DSCR,c306,default,edge-2,75,4505.0,0.0,4505.0,4534.0,29.0,7471,0
mid2,result_1000_mid2.json,FG-DSCR,c846,default,edge-2,76,4534.0,0.0,4534.0,4563.0,29.0,7471,0
mid2,result_1000_mid2.json,FG-DSCR,c336,default,edge-2,77,4563.0,0.0,4563.0,4592.0,29.0,7471,0
mid2,result_1000_mid2.json,FG-DSCR,c576,default,edge-2,78,4592.0,0.0,4592.0,4621.0,29.0,7471,0
mid2,result_1000_mid2.json,FG-DSCR,c186,default,edge-2,79,4621.0,0.0,4621.0,4650.0,29.0,7471,0
mid2,result_1000_mid2.json,FG-DSCR,c006,default,edge-2,80,4650.0,0.0,4650.0,4679.0,29.0,7471,0
mid2,result_1000_mid2.json,FG-DSCR,c816,default,edge-2,81,4679.0,0.0,4679.0,4708.0,29.0,7471,0
mid2,result_1000_mid2.json,FG-DSCR,c756,default,edge-2,82,4708.0,0.0,4708.0,4737.0,29.0,7471,0
mid2,result_1000_mid2.json,FG-DSCR,c486,default,edge-2,83,4737.0,0.0,4737.0,4766.0,29.0,7471,0
mid2,result_1000_mid2.json,FG-DSCR,c606,default,edge-2,84,4766.0,0.0,4766.0,4795.0,29.0,7471,0
mid2,result_1000_mid2.json,FG-DSCR,c426,default,edge-2,85,4795.0,0.0,4795.0,4824.0,29.0,7471,0
mid2,result_1000_mid2.json,FG-DSCR,c546,default,edge-2,86,4824.0,0.0,4824.0,4853.0,29.0,7471,0
mid2,result_1000_mid2.json,FG-DSCR,c876,default,edge-2,87,4853.0,0.0,4853.0,4882.0,29.0,7471,0
mid2,result_1000_mid2.json,FG-DSCR,c996,default,edge-2,88,4882.0,0.0,4882.0,4911.0,29.0,7471,0
mid2,result_1000_mid2.json,FG-DSCR,c246,default,edge-2,89,4911.0,0.0,4911.0,4940.0,29.0,7471,0
mid2,result_1000_mid2.json,FG-DSCR,c096,default,edge-2,90,4940.0,0.0,4940.0,4969.0,29.0,7471,0
mid2,result_1000_mid2.json,FG-DSCR,c366,default,edge-2,91,4969.0,0.0,4969.0,4998.0,29.0,7471,0
mid2,result_1000_mid2.json,FG-DSCR,c276,default,edge-2,92,4998.0,0.0,4998.0,5027.0,29.0,7471,0
mid2,result_1000_mid2.json,FG-DSCR,c726,default,edge-2,93,5027.0,0.0,5027.0,5056.0,29.0,7471,0
mid2,result_1000_mid2.json,FG-DSCR,c786,default,edge-2,94,5056.0,0.0,5056.0,5085.0,29.0,7471,0
mid2,result_1000_mid2.json,FG-DSCR,c936,default,edge-2,95,5085.0,0.0,5085.0,5114.0,29.0,7471,0
mid2,result_1000_mid2.json,FG-DSCR,c696,default,edge-2,96,5114.0,0.0,5114.0,5143.0,29.0,7471,0
mid2,result_1000_mid2.json,FG-DSCR,c216,default,edge-2,97,5143.0,0.0,5143.0,5172.0,29.0,7471,0
mid2,result_1000_mid2.json,FG-DSCR,c066,default,edge-2,98,5172.0,0.0,5172.0,5201.0,29.0,7471,0
mid2,result_1000_mid2.json,FG-DSCR,c456,default,edge-2,99,5201.0,0.0,5201.0,5230.0,29.0,7471,0
mid2,result_1000_mid2.json,FG-DSCR,c126,default,edge-2,100,5230.0,0.0,5230.0,5259.0,29.0,7471,0
mid2,result_1000_mid2.json,FG-DSCR,c156,default,edge-2,101,5259.0,0.0,5259.0,5288.0,29.0,7471,0
mid2,result_1000_mid2.json,FG-DSCR,c516,default,edge-2,102,5288.0,0.0,5288.0,5317.0,29.0,7471,0
mid2,result_1000_mid2.json,FG-DSCR,c428,default,edge-3,1,0.0,2261.8,2261.8,2304.8,43.0,0,22618
mid2,result_1000_mid2.json,FG-DSCR,c668,default,edge-3,2,2304.8,0.0,2304.8,2347.8,43.0,22618,0
mid2,result_1000_mid2.json,FG-DSCR,c848,default,edge-3,3,2347.8,0.0,2347.8,2390.8,43.0,22618,0
mid2,result_1000_mid2.json,FG-DSCR,c548,default,edge-3,4,2390.8,0.0,2390.8,2433.8,43.0,22618,0
mid2,result_1000_mid2.json,FG-DSCR,c728,default,edge-3,5,2433.8,0.0,2433.8,2476.8,43.0,22618,0
mid2,result_1000_mid2.json,FG-DSCR,c788,default,edge-3,6,2476.8,0.0,2476.8,2519.8,43.0,22618,0
mid2,result_1000_mid2.json,FG-DSCR,c608,default,edge-3,7,2519.8,0.0,2519.8,2562.8,43.0,22618,0
mid2,result_1000_mid2.json,FG-DSCR,c878,default,edge-3,8,2562.8,0.0,2562.8,2605.8,43.0,22618,0
mid2,result_1000_mid2.json,FG-DSCR,c008,default,edge-3,9,2605.8,0.0,2605.8,2648.8,43.0,22618,0
mid2,result_1000_mid2.json,FG-DSCR,c578,default,edge-3,10,2648.8,0.0,2648.8,2691.8,43.0,22618,0
mid2,result_1000_mid2.json,FG-DSCR,c068,default,edge-3,11,2691.8,0.0,2691.8,2734.8,43.0,22618,0
mid2,result_1000_mid2.json,FG-DSCR,c458,default,edge-3,12,2734.8,0.0,2734.8,2777.8,43.0,22618,0
mid2,result_1000_mid2.json,FG-DSCR,c638,default,edge-3,13,2777.8,0.0,2777.8,2820.8,43.0,22618,0
mid2,result_1000_mid2.json,FG-DSCR,c218,default,edge-3,14,2820.8,0.0,2820.8,2863.8,43.0,22618,0
mid2,result_1000_mid2.json,FG-DSCR,c128,default,edge-3,15,2863.8,0.0,2863.8,2906.8,43.0,22618,0
mid2,result_1000_mid2.json,FG-DSCR,c188,default,edge-3,16,2906.8,0.0,2906.8,2949.8,43.0,22618,0
mid2,result_1000_mid2.json,FG-DSCR,c518,default,edge-3,17,2949.8,0.0,2949.8,2992.8,43.0,22618,0
mid2,result_1000_mid2.json,FG-DSCR,c968,default,edge-3,18,2992.8,0.0,2992.8,3035.8,43.0,22618,0
mid2,result_1000_mid2.json,FG-DSCR,c398,default,edge-3,19,3035.8,0.0,3035.8,3078.8,43.0,22618,0
mid2,result_1000_mid2.json,FG-DSCR,c158,default,edge-3,20,3078.8,0.0,3078.8,3121.8,43.0,22618,0
mid2,result_1000_mid2.json,FG-DSCR,c098,default,edge-3,21,3121.8,0.0,3121.8,3164.8,43.0,22618,0
mid2,result_1000_mid2.json,FG-DSCR,c368,default,edge-3,22,3164.8,0.0,3164.8,3207.8,43.0,22618,0
mid2,result_1000_mid2.json,FG-DSCR,c818,default,edge-3,23,3207.8,0.0,3207.8,3250.8,43.0,22618,0
mid2,result_1000_mid2.json,FG-DSCR,c248,default,edge-3,24,3250.8,0.0,3250.8,3293.8,43.0,22618,0
mid2,result_1000_mid2.json,FG-DSCR,c038,default,edge-3,25,3293.8,0.0,3293.8,3336.8,43.0,22618,0
mid2,result_1000_mid2.json,FG-DSCR,c938,default,edge-3,26,3336.8,0.0,3336.8,3379.8,43.0,22618,0
mid2,result_1000_mid2.json,FG-DSCR,c698,default,edge-3,27,3379.8,0.0,3379.8,3422.8,43.0,22618,0
mid2,result_1000_mid2.json,FG-DSCR,c758,default,edge-3,28,3422.8,0.0,3422.8,3465.8,43.0,22618,0
mid2,result_1000_mid2.json,FG-DSCR,c308,default,edge-3,29,3465.8,0.0,3465.8,3508.8,43.0,22618,0
mid2,result_1000_mid2.json,FG-DSCR,c908,default,edge-3,30,3508.8,0.0,3508.8,3551.8,43.0,22618,0
mid2,result_1000_mid2.json,FG-DSCR,c278,default,edge-3,31,3551.8,0.0,3551.8,3594.8,43.0,22618,0
mid2,result_1000_mid2.json,FG-DSCR,c488,default,edge-3,32,3594.8,0.0,3594.8,3637.8,43.0,22618,0
mid2,result_1000_mid2.json,FG-DSCR,c998,default,edge-3,33,3637.8,0.0,3637.8,3680.8,43.0,22618,0
mid2,result_1000_mid2.json,FG-DSCR,c338,default,edge-3,34,3680.8,0.0,3680.8,3723.8,43.0,22618,0
mid2,result_1000_mid2.json,FG-DSCR,c067,default,edge-3,35,3723.8,760.0,4483.8,4523.8,40.0,22610,7600
mid2,result_1000_mid2.json,FG-DSCR,c427,default,edge-3,36,4523.8,0.0,4523.8,4563.8,40.0,30210,0
mid2,result_1000_mid2.json,FG-DSCR,c037,default,edge-3,37,4563.8,0.0,4563.8,4603.8,40.0,30210,0
mid2,result_1000_mid2.json,FG-DSCR,c097,default,edge-3,38,4603.8,0.0,4603.8,4643.8,40.0,30210,0
mid2,result_1000_mid2.json,FG-DSCR,c877,default,edge-3,39,4643.8,0.0,4643.8,4683.8,40.0,30210,0
mid2,result_1000_mid2.json,FG-DSCR,c187,default,edge-3,40,4683.8,0.0,4683.8,4723.8,40.0,30210,0
mid2,result_1000_mid2.json,FG-DSCR,c967,default,edge-3,41,4723.8,0.0,4723.8,4763.8,40.0,30210,0
mid2,result_1000_mid2.json,FG-DSCR,c247,default,edge-3,42,4763.8,0.0,4763.8,4803.8,40.0,30210,0
mid2,result_1000_mid2.json,FG-DSCR,c997,default,edge-3,43,4803.8,0.0,4803.8,4843.8,40.0,30210,0
mid2,result_1000_mid2.json,FG-DSCR,c007,default,edge-3,44,4843.8,0.0,4843.8,4883.8,40.0,30210,0
mid2,result_1000_mid2.json,FG-DSCR,c127,default,edge-3,45,4883.8,0.0,4883.8,4923.8,40.0,30210,0
mid2,result_1000_mid2.json,FG-DSCR,c847,default,edge-3,46,4923.8,0.0,4923.8,4963.8,40.0,30210,0
mid2,result_1000_mid2.json,FG-DSCR,c517,default,edge-3,47,4963.8,0.0,4963.8,5003.8,40.0,30210,0
mid2,result_1000_mid2.json,FG-DSCR,c307,default,edge-3,48,5003.8,0.0,5003.8,5043.8,40.0,30210,0
mid2,result_1000_mid2.json,FG-DSCR,c727,default,edge-3,49,5043.8,0.0,5043.8,5083.8,40.0,30210,0
mid2,result_1000_mid2.json,FG-DSCR,c157,default,edge-3,50,5083.8,0.0,5083.8,5123.8,40.0,30210,0
mid2,result_1000_mid2.json,FG-DSCR,c697,default,edge-3,51,5123.8,0.0,5123.8,5163.8,40.0,30210,0
mid2,result_1000_mid2.json,FG-DSCR,c397,default,edge-3,52,5163.8,0.0,5163.8,5203.8,40.0,30210,0
mid2,result_1000_mid2.json,FG-DSCR,c457,default,edge-3,53,5203.8,0.0,5203.8,5243.8,40.0,30210,0
mid2,result_1000_mid2.json,FG-DSCR,c577,default,edge-3,54,5243.8,0.0,5243.8,5283.8,40.0,30210,0
mid2,result_1000_mid2.json,FG-DSCR,c757,default,edge-3,55,5283.8,0.0,5283.8,5323.8,40.0,30210,0
mid2,result_1000_mid2.json,FG-DSCR,c817,default,edge-3,56,5323.8,0.0,5323.8,5363.8,40.0,30210,0
mid2,result_1000_mid2.json,FG-DSCR,c277,default,edge-3,57,5363.8,0.0,5363.8,5403.8,40.0,30210,0
mid2,result_1000_mid2.json,FG-DSCR,c637,default,edge-3,58,5403.8,0.0,5403.8,5443.8,40.0,30210,0
mid2,result_1000_mid2.json,FG-DSCR,c217,default,edge-3,59,5443.8,0.0,5443.8,5483.8,40.0,30210,0
mid2,result_1000_mid2.json,FG-DSCR,c667,default,edge-3,60,5483.8,0.0,5483.8,5523.8,40.0,30210,0
mid2,result_1000_mid2.json,FG-DSCR,c607,default,edge-3,61,5523.8,0.0,5523.8,5563.8,40.0,30210,0
mid2,result_1000_mid2.json,FG-DSCR,c547,default,edge-3,62,5563.8,0.0,5563.8,5603.8,40.0,30210,0
mid2,result_1000_mid2.json,FG-DSCR,c787,default,edge-3,63,5603.8,0.0,5603.8,5643.8,40.0,30210,0
mid2,result_1000_mid2.json,FG-DSCR,c367,default,edge-3,64,5643.8,0.0,5643.8,5683.8,40.0,30210,0
mid2,result_1000_mid2.json,FG-DSCR,c937,default,edge-3,65,5683.8,0.0,5683.8,5723.8,40.0,30210,0
mid2,result_1000_mid2.json,FG-DSCR,c907,default,edge-3,66,5723.8,0.0,5723.8,5763.8,40.0,30210,0
mid2,result_1000_mid2.json,FG-DSCR,c337,default,edge-3,67,5763.8,0.0,5763.8,5803.8,40.0,30210,0
mid2,result_1000_mid2.json,FG-DSCR,c487,default,edge-3,68,5803.8,0.0,5803.8,5843.8,40.0,30210,0
mid2,result_1000_mid2.json,FG-DSCR,c912,default,edge-4,1,0.0,3269.0,3269.0,3312.0,43.0,0,32690
mid2,result_1000_mid2.json,FG-DSCR,c432,default,edge-4,2,3312.0,0.0,3312.0,3355.0,43.0,32690,0
mid2,result_1000_mid2.json,FG-DSCR,c462,default,edge-4,3,3355.0,0.0,3355.0,3398.0,43.0,32690,0
mid2,result_1000_mid2.json,FG-DSCR,c102,default,edge-4,4,3398.0,0.0,3398.0,3441.0,43.0,32690,0
mid2,result_1000_mid2.json,FG-DSCR,c492,default,edge-4,5,3441.0,0.0,3441.0,3484.0,43.0,32690,0
mid2,result_1000_mid2.json,FG-DSCR,c762,default,edge-4,6,3484.0,0.0,3484.0,3527.0,43.0,32690,0
mid2,result_1000_mid2.json,FG-DSCR,c012,default,edge-4,7,3527.0,0.0,3527.0,3570.0,43.0,32690,0
mid2,result_1000_mid2.json,FG-DSCR,c672,default,edge-4,8,3570.0,0.0,3570.0,3613.0,43.0,32690,0
mid2,result_1000_mid2.json,FG-DSCR,c312,default,edge-4,9,3613.0,0.0,3613.0,3656.0,43.0,32690,0
mid2,result_1000_mid2.json,FG-DSCR,c372,default,edge-4,10,3656.0,0.0,3656.0,3699.0,43.0,32690,0
mid2,result_1000_mid2.json,FG-DSCR,c942,default,edge-4,11,3699.0,0.0,3699.0,3742.0,43.0,32690,0
mid2,result_1000_mid2.json,FG-DSCR,c342,default,edge-4,12,3742.0,0.0,3742.0,3785.0,43.0,32690,0
mid2,result_1000_mid2.json,FG-DSCR,c972,default,edge-4,13,3785.0,0.0,3785.0,3828.0,43.0,32690,0
mid2,result_1000_mid2.json,FG-DSCR,c282,default,edge-4,14,3828.0,0.0,3828.0,3871.0,43.0,32690,0
mid2,result_1000_mid2.json,FG-DSCR,c702,default,edge-4,15,3871.0,0.0,3871.0,3914.0,43.0,32690,0
mid2,result_1000_mid2.json,FG-DSCR,c732,default,edge-4,16,3914.0,0.0,3914.0,3957.0,43.0,32690,0
mid2,result_1000_mid2.json,FG-DSCR,c222,default,edge-4,17,3957.0,0.0,3957.0,4000.0,43.0,32690,0
mid2,result_1000_mid2.json,FG-DSCR,c162,default,edge-4,18,4000.0,0.0,4000.0,4043.0,43.0,32690,0
mid2,result_1000_mid2.json,FG-DSCR,c072,default,edge-4,19,4043.0,0.0,4043.0,4086.0,43.0,32690,0
mid2,result_1000_mid2.json,FG-DSCR,c522,default,edge-4,20,4086.0,0.0,4086.0,4129.0,43.0,32690,0
mid2,result_1000_mid2.json,FG-DSCR,c552,default,edge-4,21,4129.0,0.0,4129.0,4172.0,43.0,32690,0
mid2,result_1000_mid2.json,FG-DSCR,c852,default,edge-4,22,4172.0,0.0,4172.0,4215.0,43.0,32690,0
mid2,result_1000_mid2.json,FG-DSCR,c882,default,edge-4,23,4215.0,0.0,4215.0,4258.0,43.0,32690,0
mid2,result_1000_mid2.json,FG-DSCR,c252,default,edge-4,24,4258.0,0.0,4258.0,4301.0,43.0,32690,0
mid2,result_1000_mid2.json,FG-DSCR,c132,default,edge-4,25,4301.0,0.0,4301.0,4344.0,43.0,32690,0
mid2,result_1000_mid2.json,FG-DSCR,c042,default,edge-4,26,4344.0,0.0,4344.0,4387.0,43.0,32690,0
mid2,result_1000_mid2.json,FG-DSCR,c582,default,edge-4,27,4387.0,0.0,4387.0,4430.0,43.0,32690,0
mid2,result_1000_mid2.json,FG-DSCR,c792,default,edge-4,28,4430.0,0.0,4430.0,4473.0,43.0,32690,0
mid2,result_1000_mid2.json,FG-DSCR,c642,default,edge-4,29,4473.0,0.0,4473.0,4516.0,43.0,32690,0
mid2,result_1000_mid2.json,FG-DSCR,c612,default,edge-4,30,4516.0,0.0,4516.0,4559.0,43.0,32690,0
mid2,result_1000_mid2.json,FG-DSCR,c192,default,edge-4,31,4559.0,0.0,4559.0,4602.0,43.0,32690,0
mid2,result_1000_mid2.json,FG-DSCR,c402,default,edge-4,32,4602.0,0.0,4602.0,4645.0,43.0,32690,0
mid2,result_1000_mid2.json,FG-DSCR,c822,default,edge-4,33,4645.0,0.0,4645.0,4688.0,43.0,32690,0
mid2,result_1000_mid2.json,FG-DSCR,c400,default,edge-4,34,4688.0,150.0,4838.0,4887.0,49.0,25090,1500
mid2,result_1000_mid2.json,FG-DSCR,c550,default,edge-4,35,4887.0,0.0,4887.0,4936.0,49.0,26590,0
mid2,result_1000_mid2.json,FG-DSCR,c190,default,edge-4,36,4936.0,0.0,4936.0,4985.0,49.0,26590,0
mid2,result_1000_mid2.json,FG-DSCR,c460,default,edge-4,37,4985.0,0.0,4985.0,5034.0,49.0,26590,0
mid2,result_1000_mid2.json,FG-DSCR,c370,default,edge-4,38,5034.0,0.0,5034.0,5083.0,49.0,26590,0
mid2,result_1000_mid2.json,FG-DSCR,c790,default,edge-4,39,5083.0,0.0,5083.0,5132.0,49.0,26590,0
mid2,result_1000_mid2.json,FG-DSCR,c520,default,edge-4,40,5132.0,0.0,5132.0,5181.0,49.0,26590,0
mid2,result_1000_mid2.json,FG-DSCR,c040,default,edge-4,41,5181.0,0.0,5181.0,5230.0,49.0,26590,0
mid2,result_1000_mid2.json,FG-DSCR,c880,default,edge-4,42,5230.0,0.0,5230.0,5279.0,49.0,26590,0
mid2,result_1000_mid2.json,FG-DSCR,c580,default,edge-4,43,5279.0,0.0,5279.0,5328.0,49.0,26590,0
mid2,result_1000_mid2.json,FG-DSCR,c280,default,edge-4,44,5328.0,0.0,5328.0,5377.0,49.0,26590,0
mid2,result_1000_mid2.json,FG-DSCR,c940,default,edge-4,45,5377.0,0.0,5377.0,5426.0,49.0,26590,0
mid2,result_1000_mid2.json,FG-DSCR,c340,default,edge-4,46,5426.0,0.0,5426.0,5475.0,49.0,26590,0
mid2,result_1000_mid2.json,FG-DSCR,c700,default,edge-4,47,5475.0,0.0,5475.0,5524.0,49.0,26590,0
mid2,result_1000_mid2.json,FG-DSCR,c610,default,edge-4,48,5524.0,0.0,5524.0,5573.0,49.0,26590,0
mid2,result_1000_mid2.json,FG-DSCR,c970,default,edge-4,49,5573.0,0.0,5573.0,5622.0,49.0,26590,0
mid2,result_1000_mid2.json,FG-DSCR,c640,default,edge-4,50,5622.0,0.0,5622.0,5671.0,49.0,26590,0
mid2,result_1000_mid2.json,FG-DSCR,c730,default,edge-4,51,5671.0,0.0,5671.0,5720.0,49.0,26590,0
mid2,result_1000_mid2.json,FG-DSCR,c070,default,edge-4,52,5720.0,0.0,5720.0,5769.0,49.0,26590,0
mid2,result_1000_mid2.json,FG-DSCR,c131,default,edge-4,53,5769.0,720.0,6489.0,6529.0,40.0,23290,7200
mid2,result_1000_mid2.json,FG-DSCR,c251,default,edge-4,54,6529.0,0.0,6529.0,6569.0,40.0,30490,0
mid2,result_1000_mid2.json,FG-DSCR,c671,default,edge-4,55,6569.0,0.0,6569.0,6609.0,40.0,30490,0
mid2,result_1000_mid2.json,FG-DSCR,c431,default,edge-4,56,6609.0,0.0,6609.0,6649.0,40.0,30490,0
mid2,result_1000_mid2.json,FG-DSCR,c551,default,edge-4,57,6649.0,0.0,6649.0,6689.0,40.0,30490,0
mid2,result_1000_mid2.json,FG-DSCR,c851,default,edge-4,58,6689.0,0.0,6689.0,6729.0,40.0,30490,0
mid2,result_1000_mid2.json,FG-DSCR,c011,default,edge-4,59,6729.0,0.0,6729.0,6769.0,40.0,30490,0
mid2,result_1000_mid2.json,FG-DSCR,c701,default,edge-4,60,6769.0,0.0,6769.0,6809.0,40.0,30490,0
mid2,result_1000_mid2.json,FG-DSCR,c761,default,edge-4,61,6809.0,0.0,6809.0,6849.0,40.0,30490,0
mid2,result_1000_mid2.json,FG-DSCR,c521,default,edge-4,62,6849.0,0.0,6849.0,6889.0,40.0,30490,0
mid2,result_1000_mid2.json,FG-DSCR,c611,default,edge-4,63,6889.0,0.0,6889.0,6929.0,40.0,30490,0
mid2,result_1000_mid2.json,FG-DSCR,c641,default,edge-4,64,6929.0,0.0,6929.0,6969.0,40.0,30490,0
mid2,result_1000_mid2.json,FG-DSCR,c491,default,edge-4,65,6969.0,0.0,6969.0,7009.0,40.0,30490,0
mid2,result_1000_mid2.json,FG-DSCR,c161,default,edge-4,66,7009.0,0.0,7009.0,7049.0,40.0,30490,0
mid2,result_1000_mid2.json,FG-DSCR,c911,default,edge-4,67,7049.0,0.0,7049.0,7089.0,40.0,30490,0
mid2,result_1000_mid2.json,FG-DSCR,c281,default,edge-4,68,7089.0,0.0,7089.0,7129.0,40.0,30490,0
mid2,result_1000_mid2.json,FG-DSCR,c461,default,edge-4,69,7129.0,0.0,7129.0,7169.0,40.0,30490,0
mid2,result_1000_mid2.json,FG-DSCR,c191,default,edge-4,70,7169.0,0.0,7169.0,7209.0,40.0,30490,0
mid2,result_1000_mid2.json,FG-DSCR,c941,default,edge-4,71,7209.0,0.0,7209.0,7249.0,40.0,30490,0
mid2,result_1000_mid2.json,FG-DSCR,c101,default,edge-4,72,7249.0,0.0,7249.0,7289.0,40.0,30490,0
mid2,result_1000_mid2.json,FG-DSCR,c490,default,edge-4,73,7289.0,0.0,7289.0,7338.0,49.0,26590,0
mid2,result_1000_mid2.json,FG-DSCR,c791,default,edge-4,74,7338.0,0.0,7338.0,7378.0,40.0,30490,0
mid2,result_1000_mid2.json,FG-DSCR,c820,default,edge-4,75,7378.0,0.0,7378.0,7427.0,49.0,26590,0
mid2,result_1000_mid2.json,FG-DSCR,c041,default,edge-4,76,7427.0,0.0,7427.0,7467.0,40.0,30490,0
mid2,result_1000_mid2.json,FG-DSCR,c100,default,edge-4,77,7467.0,0.0,7467.0,7516.0,49.0,26590,0
mid2,result_1000_mid2.json,FG-DSCR,c311,default,edge-4,78,7516.0,0.0,7516.0,7556.0,40.0,30490,0
mid2,result_1000_mid2.json,FG-DSCR,c670,default,edge-4,79,7556.0,0.0,7556.0,7605.0,49.0,26590,0
mid2,result_1000_mid2.json,FG-DSCR,c850,default,edge-4,80,7605.0,0.0,7605.0,7654.0,49.0,26590,0
mid2,result_1000_mid2.json,FG-DSCR,c731,default,edge-4,81,7654.0,0.0,7654.0,7694.0,40.0,30490,0
mid2,result_1000_mid2.json,FG-DSCR,c130,default,edge-4,82,7694.0,0.0,7694.0,7743.0,49.0,26590,0
mid2,result_1000_mid2.json,FG-DSCR,c971,default,edge-4,83,7743.0,0.0,7743.0,7783.0,40.0,30490,0
mid2,result_1000_mid2.json,FG-DSCR,c010,default,edge-4,84,7783.0,0.0,7783.0,7832.0,49.0,26590,0
mid2,result_1000_mid2.json,FG-DSCR,c881,default,edge-4,85,7832.0,0.0,7832.0,7872.0,40.0,30490,0
mid2,result_1000_mid2.json,FG-DSCR,c160,default,edge-4,86,7872.0,0.0,7872.0,7921.0,49.0,26590,0
mid2,result_1000_mid2.json,FG-DSCR,c910,default,edge-4,87,7921.0,0.0,7921.0,7970.0,49.0,26590,0
mid2,result_1000_mid2.json,FG-DSCR,c071,default,edge-4,88,7970.0,0.0,7970.0,8010.0,40.0,30490,0
mid2,result_1000_mid2.json,FG-DSCR,c430,default,edge-4,89,8010.0,0.0,8010.0,8059.0,49.0,26590,0
mid2,result_1000_mid2.json,FG-DSCR,c221,default,edge-4,90,8059.0,0.0,8059.0,8099.0,40.0,30490,0
mid2,result_1000_mid2.json,FG-DSCR,c250,default,edge-4,91,8099.0,0.0,8099.0,8148.0,49.0,26590,0
mid2,result_1000_mid2.json,FG-DSCR,c401,default,edge-4,92,8148.0,0.0,8148.0,8188.0,40.0,30490,0
mid2,result_1000_mid2.json,FG-DSCR,c1000,default,edge-4,93,8188.0,0.0,8188.0,8237.0,49.0,26590,0
mid2,result_1000_mid2.json,FG-DSCR,c220,default,edge-4,94,8237.0,0.0,8237.0,8286.0,49.0,26590,0
mid2,result_1000_mid2.json,FG-DSCR,c821,default,edge-4,95,8286.0,0.0,8286.0,8326.0,40.0,30490,0
mid2,result_1000_mid2.json,FG-DSCR,c760,default,edge-4,96,8326.0,0.0,8326.0,8375.0,49.0,26590,0
mid2,result_1000_mid2.json,FG-DSCR,c581,default,edge-4,97,8375.0,0.0,8375.0,8415.0,40.0,30490,0
mid2,result_1000_mid2.json,FG-DSCR,c310,default,edge-4,98,8415.0,0.0,8415.0,8464.0,49.0,26590,0
mid2,result_1000_mid2.json,FG-DSCR,c341,default,edge-4,99,8464.0,0.0,8464.0,8504.0,40.0,30490,0
mid2,result_1000_mid2.json,FG-DSCR,c371,default,edge-4,100,8504.0,0.0,8504.0,8544.0,40.0,30490,0
mid2,result_1000_mid2.json,FG-DSCR,c819,default,edge-4,101,8544.0,72.8,8616.8,8662.8,46.0,15390,728
mid2,result_1000_mid2.json,FG-DSCR,c609,default,edge-4,102,8662.8,0.0,8662.8,8708.8,46.0,16118,0
mid2,result_1000_mid2.json,FG-DSCR,c579,default,edge-4,103,8708.8,0.0,8708.8,8754.8,46.0,16118,0
mid2,result_1000_mid2.json,FG-DSCR,c009,default,edge-4,104,8754.8,0.0,8754.8,8800.8,46.0,16118,0
mid2,result_1000_mid2.json,FG-DSCR,c639,default,edge-4,105,8800.8,0.0,8800.8,8846.8,46.0,16118,0
mid2,result_1000_mid2.json,FG-DSCR,c069,default,edge-4,106,8846.8,0.0,8846.8,8892.8,46.0,16118,0
mid2,result_1000_mid2.json,FG-DSCR,c519,default,edge-4,107,8892.8,0.0,8892.8,8938.8,46.0,16118,0
mid2,result_1000_mid2.json,FG-DSCR,c459,default,edge-4,108,8938.8,0.0,8938.8,8984.8,46.0,16118,0
mid2,result_1000_mid2.json,FG-DSCR,c759,default,edge-4,109,8984.8,0.0,8984.8,9030.8,46.0,16118,0
mid2,result_1000_mid2.json,FG-DSCR,c099,default,edge-4,110,9030.8,0.0,9030.8,9076.8,46.0,16118,0
mid2,result_1000_mid2.json,FG-DSCR,c549,default,edge-4,111,9076.8,0.0,9076.8,9122.8,46.0,16118,0
mid2,result_1000_mid2.json,FG-DSCR,c249,default,edge-4,112,9122.8,0.0,9122.8,9168.8,46.0,16118,0
mid2,result_1000_mid2.json,FG-DSCR,c039,default,edge-4,113,9168.8,0.0,9168.8,9214.8,46.0,16118,0
mid2,result_1000_mid2.json,FG-DSCR,c699,default,edge-4,114,9214.8,0.0,9214.8,9260.8,46.0,16118,0
mid2,result_1000_mid2.json,FG-DSCR,c669,default,edge-4,115,9260.8,0.0,9260.8,9306.8,46.0,16118,0
mid2,result_1000_mid2.json,FG-DSCR,c789,default,edge-4,116,9306.8,0.0,9306.8,9352.8,46.0,16118,0
mid2,result_1000_mid2.json,FG-DSCR,c999,default,edge-4,117,9352.8,0.0,9352.8,9398.8,46.0,16118,0
mid2,result_1000_mid2.json,FG-DSCR,c189,default,edge-4,118,9398.8,0.0,9398.8,9444.8,46.0,16118,0
mid2,result_1000_mid2.json,FG-DSCR,c399,default,edge-4,119,9444.8,0.0,9444.8,9490.8,46.0,16118,0
mid2,result_1000_mid2.json,FG-DSCR,c129,default,edge-4,120,9490.8,0.0,9490.8,9536.8,46.0,16118,0
mid2,result_1000_mid2.json,FG-DSCR,c969,default,edge-4,121,9536.8,0.0,9536.8,9582.8,46.0,16118,0
mid2,result_1000_mid2.json,FG-DSCR,c429,default,edge-4,122,9582.8,0.0,9582.8,9628.8,46.0,16118,0
mid2,result_1000_mid2.json,FG-DSCR,c219,default,edge-4,123,9628.8,0.0,9628.8,9674.8,46.0,16118,0
mid2,result_1000_mid2.json,FG-DSCR,c879,default,edge-4,124,9674.8,0.0,9674.8,9720.8,46.0,16118,0
mid2,result_1000_mid2.json,FG-DSCR,c159,default,edge-4,125,9720.8,0.0,9720.8,9766.8,46.0,16118,0
mid2,result_1000_mid2.json,FG-DSCR,c279,default,edge-4,126,9766.8,0.0,9766.8,9812.8,46.0,16118,0
mid2,result_1000_mid2.json,FG-DSCR,c369,default,edge-4,127,9812.8,0.0,9812.8,9858.8,46.0,16118,0
mid2,result_1000_mid2.json,FG-DSCR,c939,default,edge-4,128,9858.8,0.0,9858.8,9904.8,46.0,16118,0
mid2,result_1000_mid2.json,FG-DSCR,c489,default,edge-4,129,9904.8,0.0,9904.8,9950.8,46.0,16118,0
mid2,result_1000_mid2.json,FG-DSCR,c849,default,edge-4,130,9950.8,0.0,9950.8,9996.8,46.0,16118,0
mid2,result_1000_mid2.json,FG-DSCR,c339,default,edge-4,131,9996.8,0.0,9996.8,10042.8,46.0,16118,0
mid2,result_1000_mid2.json,FG-DSCR,c729,default,edge-4,132,10042.8,0.0,10042.8,10088.8,46.0,16118,0
mid2,result_1000_mid2.json,FG-DSCR,c909,default,edge-4,133,10088.8,0.0,10088.8,10134.8,46.0,16118,0
mid2,result_1000_mid2.json,FG-DSCR,c309,default,edge-4,134,10134.8,0.0,10134.8,10180.8,46.0,16118,0
mid2,result_1000_mid2.json,FG-DSCR,c864,default,edge-5,1,0.0,1282.2,1282.2,1299.2,17.0,0,6411
mid2,result_1000_mid2.json,FG-DSCR,c954,default,edge-5,2,1299.2,0.0,1299.2,1316.2,17.0,6411,0
mid2,result_1000_mid2.json,FG-DSCR,c264,default,edge-5,3,1316.2,0.0,1316.2,1333.2,17.0,6411,0
mid2,result_1000_mid2.json,FG-DSCR,c144,default,edge-5,4,1333.2,0.0,1333.2,1350.2,17.0,6411,0
mid2,result_1000_mid2.json,FG-DSCR,c114,default,edge-5,5,1350.2,0.0,1350.2,1367.2,17.0,6411,0
mid2,result_1000_mid2.json,FG-DSCR,c294,default,edge-5,6,1367.2,0.0,1367.2,1384.2,17.0,6411,0
mid2,result_1000_mid2.json,FG-DSCR,c414,default,edge-5,7,1384.2,0.0,1384.2,1401.2,17.0,6411,0
mid2,result_1000_mid2.json,FG-DSCR,c324,default,edge-5,8,1401.2,0.0,1401.2,1418.2,17.0,6411,0
mid2,result_1000_mid2.json,FG-DSCR,c174,default,edge-5,9,1418.2,0.0,1418.2,1435.2,17.0,6411,0
mid2,result_1000_mid2.json,FG-DSCR,c354,default,edge-5,10,1435.2,0.0,1435.2,1452.2,17.0,6411,0
mid2,result_1000_mid2.json,FG-DSCR,c084,default,edge-5,11,1452.2,0.0,1452.2,1469.2,17.0,6411,0
mid2,result_1000_mid2.json,FG-DSCR,c894,default,edge-5,12,1469.2,0.0,1469.2,1486.2,17.0,6411,0
mid2,result_1000_mid2.json,FG-DSCR,c834,default,edge-5,13,1486.2,0.0,1486.2,1503.2,17.0,6411,0
mid2,result_1000_mid2.json,FG-DSCR,c054,default,edge-5,14,1503.2,0.0,1503.2,1520.2,17.0,6411,0
mid2,result_1000_mid2.json,FG-DSCR,c204,default,edge-5,15,1520.2,0.0,1520.2,1537.2,17.0,6411,0
mid2,result_1000_mid2.json,FG-DSCR,c984,default,edge-5,16,1537.2,0.0,1537.2,1554.2,17.0,6411,0
mid2,result_1000_mid2.json,FG-DSCR,c024,default,edge-5,17,1554.2,0.0,1554.2,1571.2,17.0,6411,0
mid2,result_1000_mid2.json,FG-DSCR,c384,default,edge-5,18,1571.2,0.0,1571.2,1588.2,17.0,6411,0
mid2,result_1000_mid2.json,FG-DSCR,c444,default,edge-5,19,1588.2,0.0,1588.2,1605.2,17.0,6411,0
mid2,result_1000_mid2.json,FG-DSCR,c924,default,edge-5,20,1605.2,0.0,1605.2,1622.2,17.0,6411,0
mid2,result_1000_mid2.json,FG-DSCR,c234,default,edge-5,21,1622.2,0.0,1622.2,1639.2,17.0,6411,0
mid2,result_1000_mid2.json,FG-DSCR,c804,default,edge-5,22,1639.2,0.0,1639.2,1656.2,17.0,6411,0
mid2,result_1000_mid2.json,FG-DSCR,c113,default,edge-5,23,1656.2,270.0,1926.2,1940.2,14.0,6410,1350
mid2,result_1000_mid2.json,FG-DSCR,c263,default,edge-5,24,1940.2,0.0,1940.2,1954.2,14.0,7760,0
mid2,result_1000_mid2.json,FG-DSCR,c023,default,edge-5,25,1954.2,0.0,1954.2,1968.2,14.0,7760,0
mid2,result_1000_mid2.json,FG-DSCR,c233,default,edge-5,26,1968.2,0.0,1968.2,1982.2,14.0,7760,0
mid2,result_1000_mid2.json,FG-DSCR,c083,default,edge-5,27,1982.2,0.0,1982.2,1996.2,14.0,7760,0
mid2,result_1000_mid2.json,FG-DSCR,c173,default,edge-5,28,1996.2,0.0,1996.2,2010.2,14.0,7760,0
mid2,result_1000_mid2.json,FG-DSCR,c323,default,edge-5,29,2010.2,0.0,2010.2,2024.2,14.0,7760,0
mid2,result_1000_mid2.json,FG-DSCR,c203,default,edge-5,30,2024.2,0.0,2024.2,2038.2,14.0,7760,0
mid2,result_1000_mid2.json,FG-DSCR,c353,default,edge-5,31,2038.2,0.0,2038.2,2052.2,14.0,7760,0
mid2,result_1000_mid2.json,FG-DSCR,c293,default,edge-5,32,2052.2,0.0,2052.2,2066.2,14.0,7760,0
mid2,result_1000_mid2.json,FG-DSCR,c383,default,edge-5,33,2066.2,0.0,2066.2,2080.2,14.0,7760,0
mid2,result_1000_mid2.json,FG-DSCR,c143,default,edge-5,34,2080.2,0.0,2080.2,2094.2,14.0,7760,0
mid2,result_1000_mid2.json,FG-DSCR,c413,default,edge-5,35,2094.2,0.0,2094.2,2108.2,14.0,7760,0
mid2,result_1000_mid2.json,FG-DSCR,c443,default,edge-5,36,2108.2,0.0,2108.2,2122.2,14.0,7760,0
mid2,result_1000_mid2.json,FG-DSCR,c053,default,edge-5,37,2122.2,0.0,2122.2,2136.2,14.0,7760,0
mid2,result_1000_mid2.json,FG-DSCR,c260,default,edge-5,38,2136.2,300.8,2437.0,2454.0,17.0,5690,1504
mid2,result_1000_mid2.json,FG-DSCR,c110,default,edge-5,39,2454.0,0.0,2454.0,2471.0,17.0,7194,0
mid2,result_1000_mid2.json,FG-DSCR,c410,default,edge-5,40,2471.0,0.0,2471.0,2488.0,17.0,7194,0
mid2,result_1000_mid2.json,FG-DSCR,c140,default,edge-5,41,2488.0,0.0,2488.0,2505.0,17.0,7194,0
mid2,result_1000_mid2.json,FG-DSCR,c050,default,edge-5,42,2505.0,0.0,2505.0,2522.0,17.0,7194,0
mid2,result_1000_mid2.json,FG-DSCR,c200,default,edge-5,43,2522.0,0.0,2522.0,2539.0,17.0,7194,0
mid2,result_1000_mid2.json,FG-DSCR,c080,default,edge-5,44,2539.0,0.0,2539.0,2556.0,17.0,7194,0
mid2,result_1000_mid2.json,FG-DSCR,c320,default,edge-5,45,2556.0,0.0,2556.0,2573.0,17.0,7194,0
mid2,result_1000_mid2.json,FG-DSCR,c290,default,edge-5,46,2573.0,0.0,2573.0,2590.0,17.0,7194,0
mid2,result_1000_mid2.json,FG-DSCR,c440,default,edge-5,47,2590.0,0.0,2590.0,2607.0,17.0,7194,0
mid2,result_1000_mid2.json,FG-DSCR,c230,default,edge-5,48,2607.0,0.0,2607.0,2624.0,17.0,7194,0
mid2,result_1000_mid2.json,FG-DSCR,c470,default,edge-5,49,2624.0,0.0,2624.0,2641.0,17.0,7194,0
mid2,result_1000_mid2.json,FG-DSCR,c441,default,edge-5,50,2641.0,0.0,2641.0,2661.0,20.0,6414,0
mid2,result_1000_mid2.json,FG-DSCR,c201,default,edge-5,51,2661.0,0.0,2661.0,2681.0,20.0,6414,0
mid2,result_1000_mid2.json,FG-DSCR,c350,default,edge-5,52,2681.0,0.0,2681.0,2698.0,17.0,7194,0
mid2,result_1000_mid2.json,FG-DSCR,c411,default,edge-5,53,2698.0,0.0,2698.0,2718.0,20.0,6414,0
mid2,result_1000_mid2.json,FG-DSCR,c471,default,edge-5,54,2718.0,0.0,2718.0,2738.0,20.0,6414,0
mid2,result_1000_mid2.json,FG-DSCR,c170,default,edge-5,55,2738.0,0.0,2738.0,2755.0,17.0,7194,0
mid2,result_1000_mid2.json,FG-DSCR,c321,default,edge-5,56,2755.0,0.0,2755.0,2775.0,20.0,6414,0
mid2,result_1000_mid2.json,FG-DSCR,c051,default,edge-5,57,2775.0,0.0,2775.0,2795.0,20.0,6414,0
mid2,result_1000_mid2.json,FG-DSCR,c020,default,edge-5,58,2795.0,0.0,2795.0,2812.0,17.0,7194,0
mid2,result_1000_mid2.json,FG-DSCR,c021,default,edge-5,59,2812.0,0.0,2812.0,2832.0,20.0,6414,0
mid2,result_1000_mid2.json,FG-DSCR,c291,default,edge-5,60,2832.0,0.0,2832.0,2852.0,20.0,6414,0
mid2,result_1000_mid2.json,FG-DSCR,c380,default,edge-5,61,2852.0,0.0,2852.0,2869.0,17.0,7194,0
mid2,result_1000_mid2.json,FG-DSCR,c081,default,edge-5,62,2869.0,0.0,2869.0,2889.0,20.0,6414,0
mid2,result_1000_mid2.json,FG-DSCR,c111,default,edge-5,63,2889.0,0.0,2889.0,2909.0,20.0,6414,0
mid2,result_1000_mid2.json,FG-DSCR,c231,default,edge-5,64,2909.0,0.0,2909.0,2929.0,20.0,6414,0
mid2,result_1000_mid2.json,FG-DSCR,c261,default,edge-5,65,2929.0,0.0,2929.0,2949.0,20.0,6414,0
mid2,result_1000_mid2.json,FG-DSCR,c141,default,edge-5,66,2949.0,0.0,2949.0,2969.0,20.0,6414,0
mid2,result_1000_mid2.json,FG-DSCR,c351,default,edge-5,67,2969.0,0.0,2969.0,2989.0,20.0,6414,0
mid2,result_1000_mid2.json,FG-DSCR,c381,default,edge-5,68,2989.0,0.0,2989.0,3009.0,20.0,6414,0
mid2,result_1000_mid2.json,FG-DSCR,c171,default,edge-5,69,3009.0,0.0,3009.0,3029.0,20.0,6414,0
mid2,result_1000_mid2.json,FG-DSCR,c109,default,edge-5,70,3029.0,180.0,3209.0,3223.0,14.0,5691,900
mid2,result_1000_mid2.json,FG-DSCR,c229,default,edge-5,71,3223.0,0.0,3223.0,3237.0,14.0,6591,0
mid2,result_1000_mid2.json,FG-DSCR,c409,default,edge-5,72,3237.0,0.0,3237.0,3251.0,14.0,6591,0
mid2,result_1000_mid2.json,FG-DSCR,c352,default,edge-5,73,3251.0,0.0,3251.0,3274.0,23.0,6441,0
mid2,result_1000_mid2.json,FG-DSCR,c292,default,edge-5,74,3274.0,0.0,3274.0,3297.0,23.0,6441,0
mid2,result_1000_mid2.json,FG-DSCR,c049,default,edge-5,75,3297.0,0.0,3297.0,3311.0,14.0,6591,0
mid2,result_1000_mid2.json,FG-DSCR,c142,default,edge-5,76,3311.0,0.0,3311.0,3334.0,23.0,6441,0
mid2,result_1000_mid2.json,FG-DSCR,c169,default,edge-5,77,3334.0,0.0,3334.0,3348.0,14.0,6591,0
mid2,result_1000_mid2.json,FG-DSCR,c472,default,edge-5,78,3348.0,0.0,3348.0,3371.0,23.0,6441,0
mid2,result_1000_mid2.json,FG-DSCR,c139,default,edge-5,79,3371.0,0.0,3371.0,3385.0,14.0,6591,0
mid2,result_1000_mid2.json,FG-DSCR,c442,default,edge-5,80,3385.0,0.0,3385.0,3408.0,23.0,6441,0
mid2,result_1000_mid2.json,FG-DSCR,c289,default,edge-5,81,3408.0,0.0,3408.0,3422.0,14.0,6591,0
mid2,result_1000_mid2.json,FG-DSCR,c262,default,edge-5,82,3422.0,0.0,3422.0,3445.0,23.0,6441,0
mid2,result_1000_mid2.json,FG-DSCR,c199,default,edge-5,83,3445.0,0.0,3445.0,3459.0,14.0,6591,0
mid2,result_1000_mid2.json,FG-DSCR,c052,default,edge-5,84,3459.0,0.0,3459.0,3482.0,23.0,6441,0
mid2,result_1000_mid2.json,FG-DSCR,c379,default,edge-5,85,3482.0,0.0,3482.0,3496.0,14.0,6591,0
mid2,result_1000_mid2.json,FG-DSCR,c322,default,edge-5,86,3496.0,0.0,3496.0,3519.0,23.0,6441,0
mid2,result_1000_mid2.json,FG-DSCR,c469,default,edge-5,87,3519.0,0.0,3519.0,3533.0,14.0,6591,0
mid2,result_1000_mid2.json,FG-DSCR,c172,default,edge-5,88,3533.0,0.0,3533.0,3556.0,23.0,6441,0
mid2,result_1000_mid2.json,FG-DSCR,c319,default,edge-5,89,3556.0,0.0,3556.0,3570.0,14.0,6591,0
mid2,result_1000_mid2.json,FG-DSCR,c412,default,edge-5,90,3570.0,0.0,3570.0,3593.0,23.0,6441,0
mid2,result_1000_mid2.json,FG-DSCR,c439,default,edge-5,91,3593.0,0.0,3593.0,3607.0,14.0,6591,0
mid2,result_1000_mid2.json,FG-DSCR,c112,default,edge-5,92,3607.0,0.0,3607.0,3630.0,23.0,6441,0
mid2,result_1000_mid2.json,FG-DSCR,c382,default,edge-5,93,3630.0,0.0,3630.0,3653.0,23.0,6441,0
mid2,result_1000_mid2.json,FG-DSCR,c079,default,edge-5,94,3653.0,0.0,3653.0,3667.0,14.0,6591,0
mid2,result_1000_mid2.json,FG-DSCR,c232,default,edge-5,95,3667.0,0.0,3667.0,3690.0,23.0,6441,0
mid2,result_1000_mid2.json,FG-DSCR,c349,default,edge-5,96,3690.0,0.0,3690.0,3704.0,14.0,6591,0
mid2,result_1000_mid2.json,FG-DSCR,c082,default,edge-5,97,3704.0,0.0,3704.0,3727.0,23.0,6441,0
mid2,result_1000_mid2.json,FG-DSCR,c259,default,edge-5,98,3727.0,0.0,3727.0,3741.0,14.0,6591,0
mid2,result_1000_mid2.json,FG-DSCR,c202,default,edge-5,99,3741.0,0.0,3741.0,3764.0,23.0,6441,0
mid2,result_1000_mid2.json,FG-DSCR,c315,default,edge-6,1,0.0,1257.4,1257.4,1285.4,28.0,0,12574
mid2,result_1000_mid2.json,FG-DSCR,c615,default,edge-6,2,1285.4,0.0,1285.4,1313.4,28.0,12574,0
mid2,result_1000_mid2.json,FG-DSCR,c015,default,edge-6,3,1313.4,0.0,1313.4,1341.4,28.0,12574,0
mid2,result_1000_mid2.json,FG-DSCR,c255,default,edge-6,4,1341.4,0.0,1341.4,1369.4,28.0,12574,0
mid2,result_1000_mid2.json,FG-DSCR,c135,default,edge-6,5,1369.4,0.0,1369.4,1397.4,28.0,12574,0
mid2,result_1000_mid2.json,FG-DSCR,c585,default,edge-6,6,1397.4,0.0,1397.4,1425.4,28.0,12574,0
mid2,result_1000_mid2.json,FG-DSCR,c105,default,edge-6,7,1425.4,0.0,1425.4,1453.4,28.0,12574,0
mid2,result_1000_mid2.json,FG-DSCR,c945,default,edge-6,8,1453.4,0.0,1453.4,1481.4,28.0,12574,0
mid2,result_1000_mid2.json,FG-DSCR,c705,default,edge-6,9,1481.4,0.0,1481.4,1509.4,28.0,12574,0
mid2,result_1000_mid2.json,FG-DSCR,c465,default,edge-6,10,1509.4,0.0,1509.4,1537.4,28.0,12574,0
mid2,result_1000_mid2.json,FG-DSCR,c075,default,edge-6,11,1537.4,0.0,1537.4,1565.4,28.0,12574,0
mid2,result_1000_mid2.json,FG-DSCR,c975,default,edge-6,12,1565.4,0.0,1565.4,1593.4,28.0,12574,0
mid2,result_1000_mid2.json,FG-DSCR,c345,default,edge-6,13,1593.4,0.0,1593.4,1621.4,28.0,12574,0
mid2,result_1000_mid2.json,FG-DSCR,c525,default,edge-6,14,1621.4,0.0,1621.4,1649.4,28.0,12574,0
mid2,result_1000_mid2.json,FG-DSCR,c675,default,edge-6,15,1649.4,0.0,1649.4,1677.4,28.0,12574,0
mid2,result_1000_mid2.json,FG-DSCR,c735,default,edge-6,16,1677.4,0.0,1677.4,1705.4,28.0,12574,0
mid2,result_1000_mid2.json,FG-DSCR,c795,default,edge-6,17,1705.4,0.0,1705.4,1733.4,28.0,12574,0
mid2,result_1000_mid2.json,FG-DSCR,c225,default,edge-6,18,1733.4,0.0,1733.4,1761.4,28.0,12574,0
mid2,result_1000_mid2.json,FG-DSCR,c495,default,edge-6,19,1761.4,0.0,1761.4,1789.4,28.0,12574,0
mid2,result_1000_mid2.json,FG-DSCR,c885,default,edge-6,20,1789.4,0.0,1789.4,1817.4,28.0,12574,0
mid2,result_1000_mid2.json,FG-DSCR,c825,default,edge-6,21,1817.4,0.0,1817.4,1845.4,28.0,12574,0
mid2,result_1000_mid2.json,FG-DSCR,c555,default,edge-6,22,1845.4,0.0,1845.4,1873.4,28.0,12574,0
mid2,result_1000_mid2.json,FG-DSCR,c405,default,edge-6,23,1873.4,0.0,1873.4,1901.4,28.0,12574,0
mid2,result_1000_mid2.json,FG-DSCR,c435,default,edge-6,24,1901.4,0.0,1901.4,1929.4,28.0,12574,0
mid2,result_1000_mid2.json,FG-DSCR,c285,default,edge-6,25,1929.4,0.0,1929.4,1957.4,28.0,12574,0
mid2,result_1000_mid2.json,FG-DSCR,c165,default,edge-6,26,1957.4,0.0,1957.4,1985.4,28.0,12574,0
mid2,result_1000_mid2.json,FG-DSCR,c765,default,edge-6,27,1985.4,0.0,1985.4,2013.4,28.0,12574,0
mid2,result_1000_mid2.json,FG-DSCR,c915,default,edge-6,28,2013.4,0.0,2013.4,2041.4,28.0,12574,0
mid2,result_1000_mid2.json,FG-DSCR,c195,default,edge-6,29,2041.4,0.0,2041.4,2069.4,28.0,12574,0
mid2,result_1000_mid2.json,FG-DSCR,c375,default,edge-6,30,2069.4,0.0,2069.4,2097.4,28.0,12574,0
mid2,result_1000_mid2.json,FG-DSCR,c855,default,edge-6,31,2097.4,0.0,2097.4,2125.4,28.0,12574,0
mid2,result_1000_mid2.json,FG-DSCR,c645,default,edge-6,32,2125.4,0.0,2125.4,2153.4,28.0,12574,0
mid2,result_1000_mid2.json,FG-DSCR,c045,default,edge-6,33,2153.4,0.0,2153.4,2181.4,28.0,12574,0
mid2,result_1000_mid2.json,FG-DSCR,c614,default,edge-6,34,2181.4,832.0,3013.4,3038.4,25.0,11920,8320
mid2,result_1000_mid2.json,FG-DSCR,c014,default,edge-6,35,3038.4,0.0,3038.4,3063.4,25.0,20240,0
mid2,result_1000_mid2.json,FG-DSCR,c704,default,edge-6,36,3063.4,0.0,3063.4,3088.4,25.0,20240,0
mid2,result_1000_mid2.json,FG-DSCR,c554,default,edge-6,37,3088.4,0.0,3088.4,3113.4,25.0,20240,0
mid2,result_1000_mid2.json,FG-DSCR,c254,default,edge-6,38,3113.4,0.0,3113.4,3138.4,25.0,20240,0
mid2,result_1000_mid2.json,FG-DSCR,c944,default,edge-6,39,3138.4,0.0,3138.4,3163.4,25.0,20240,0
mid2,result_1000_mid2.json,FG-DSCR,c494,default,edge-6,40,3163.4,0.0,3163.4,3188.4,25.0,20240,0
mid2,result_1000_mid2.json,FG-DSCR,c464,default,edge-6,41,3188.4,0.0,3188.4,3213.4,25.0,20240,0
mid2,result_1000_mid2.json,FG-DSCR,c884,default,edge-6,42,3213.4,0.0,3213.4,3238.4,25.0,20240,0
mid2,result_1000_mid2.json,FG-DSCR,c644,default,edge-6,43,3238.4,0.0,3238.4,3263.4,25.0,20240,0
mid2,result_1000_mid2.json,FG-DSCR,c524,default,edge-6,44,3263.4,0.0,3263.4,3288.4,25.0,20240,0
mid2,result_1000_mid2.json,FG-DSCR,c104,default,edge-6,45,3288.4,0.0,3288.4,3313.4,25.0,20240,0
mid2,result_1000_mid2.json,FG-DSCR,c374,default,edge-6,46,3313.4,0.0,3313.4,3338.4,25.0,20240,0
mid2,result_1000_mid2.json,FG-DSCR,c434,default,edge-6,47,3338.4,0.0,3338.4,3363.4,25.0,20240,0
mid2,result_1000_mid2.json,FG-DSCR,c134,default,edge-6,48,3363.4,0.0,3363.4,3388.4,25.0,20240,0
mid2,result_1000_mid2.json,FG-DSCR,c344,default,edge-6,49,3388.4,0.0,3388.4,3413.4,25.0,20240,0
mid2,result_1000_mid2.json,FG-DSCR,c794,default,edge-6,50,3413.4,0.0,3413.4,3438.4,25.0,20240,0
mid2,result_1000_mid2.json,FG-DSCR,c974,default,edge-6,51,3438.4,0.0,3438.4,3463.4,25.0,20240,0
mid2,result_1000_mid2.json,FG-DSCR,c164,default,edge-6,52,3463.4,0.0,3463.4,3488.4,25.0,20240,0
mid2,result_1000_mid2.json,FG-DSCR,c584,default,edge-6,53,3488.4,0.0,3488.4,3513.4,25.0,20240,0
mid2,result_1000_mid2.json,FG-DSCR,c284,default,edge-6,54,3513.4,0.0,3513.4,3538.4,25.0,20240,0
mid2,result_1000_mid2.json,FG-DSCR,c854,default,edge-6,55,3538.4,0.0,3538.4,3563.4,25.0,20240,0
mid2,result_1000_mid2.json,FG-DSCR,c674,default,edge-6,56,3563.4,0.0,3563.4,3588.4,25.0,20240,0
mid2,result_1000_mid2.json,FG-DSCR,c404,default,edge-6,57,3588.4,0.0,3588.4,3613.4,25.0,20240,0
mid2,result_1000_mid2.json,FG-DSCR,c194,default,edge-6,58,3613.4,0.0,3613.4,3638.4,25.0,20240,0
mid2,result_1000_mid2.json,FG-DSCR,c314,default,edge-6,59,3638.4,0.0,3638.4,3663.4,25.0,20240,0
mid2,result_1000_mid2.json,FG-DSCR,c914,default,edge-6,60,3663.4,0.0,3663.4,3688.4,25.0,20240,0
mid2,result_1000_mid2.json,FG-DSCR,c764,default,edge-6,61,3688.4,0.0,3688.4,3713.4,25.0,20240,0
mid2,result_1000_mid2.json,FG-DSCR,c074,default,edge-6,62,3713.4,0.0,3713.4,3738.4,25.0,20240,0
mid2,result_1000_mid2.json,FG-DSCR,c734,default,edge-6,63,3738.4,0.0,3738.4,3763.4,25.0,20240,0
mid2,result_1000_mid2.json,FG-DSCR,c224,default,edge-6,64,3763.4,0.0,3763.4,3788.4,25.0,20240,0
mid2,result_1000_mid2.json,FG-DSCR,c044,default,edge-6,65,3788.4,0.0,3788.4,3813.4,25.0,20240,0
mid2,result_1000_mid2.json,FG-DSCR,c824,default,edge-6,66,3813.4,0.0,3813.4,3838.4,25.0,20240,0
mid2,result_1000_mid2.json,FG-DSCR,c617,default,edge-6,67,3838.4,180.2,4018.6,4040.6,22.0,4470,1802
mid2,result_1000_mid2.json,FG-DSCR,c767,default,edge-6,68,4040.6,0.0,4040.6,4062.6,22.0,6272,0
mid2,result_1000_mid2.json,FG-DSCR,c107,default,edge-6,69,4062.6,0.0,4062.6,4084.6,22.0,6272,0
mid2,result_1000_mid2.json,FG-DSCR,c557,default,edge-6,70,4084.6,0.0,4084.6,4106.6,22.0,6272,0
mid2,result_1000_mid2.json,FG-DSCR,c047,default,edge-6,71,4106.6,0.0,4106.6,4128.6,22.0,6272,0
mid2,result_1000_mid2.json,FG-DSCR,c527,default,edge-6,72,4128.6,0.0,4128.6,4150.6,22.0,6272,0
mid2,result_1000_mid2.json,FG-DSCR,c137,default,edge-6,73,4150.6,0.0,4150.6,4172.6,22.0,6272,0
mid2,result_1000_mid2.json,FG-DSCR,c017,default,edge-6,74,4172.6,0.0,4172.6,4194.6,22.0,6272,0
mid2,result_1000_mid2.json,FG-DSCR,c887,default,edge-6,75,4194.6,0.0,4194.6,4216.6,22.0,6272,0
mid2,result_1000_mid2.json,FG-DSCR,c347,default,edge-6,76,4216.6,0.0,4216.6,4238.6,22.0,6272,0
mid2,result_1000_mid2.json,FG-DSCR,c917,default,edge-6,77,4238.6,0.0,4238.6,4260.6,22.0,6272,0
mid2,result_1000_mid2.json,FG-DSCR,c587,default,edge-6,78,4260.6,0.0,4260.6,4282.6,22.0,6272,0
mid2,result_1000_mid2.json,FG-DSCR,c737,default,edge-6,79,4282.6,0.0,4282.6,4304.6,22.0,6272,0
mid2,result_1000_mid2.json,FG-DSCR,c317,default,edge-6,80,4304.6,0.0,4304.6,4326.6,22.0,6272,0
mid2,result_1000_mid2.json,FG-DSCR,c797,default,edge-6,81,4326.6,0.0,4326.6,4348.6,22.0,6272,0
mid2,result_1000_mid2.json,FG-DSCR,c497,default,edge-6,82,4348.6,0.0,4348.6,4370.6,22.0,6272,0
mid2,result_1000_mid2.json,FG-DSCR,c167,default,edge-6,83,4370.6,0.0,4370.6,4392.6,22.0,6272,0
mid2,result_1000_mid2.json,FG-DSCR,c077,default,edge-6,84,4392.6,0.0,4392.6,4414.6,22.0,6272,0
mid2,result_1000_mid2.json,FG-DSCR,c977,default,edge-6,85,4414.6,0.0,4414.6,4436.6,22.0,6272,0
mid2,result_1000_mid2.json,FG-DSCR,c257,default,edge-6,86,4436.6,0.0,4436.6,4458.6,22.0,6272,0
mid2,result_1000_mid2.json,FG-DSCR,c677,default,edge-6,87,4458.6,0.0,4458.6,4480.6,22.0,6272,0
mid2,result_1000_mid2.json,FG-DSCR,c287,default,edge-6,88,4480.6,0.0,4480.6,4502.6,22.0,6272,0
mid2,result_1000_mid2.json,FG-DSCR,c707,default,edge-6,89,4502.6,0.0,4502.6,4524.6,22.0,6272,0
mid2,result_1000_mid2.json,FG-DSCR,c467,default,edge-6,90,4524.6,0.0,4524.6,4546.6,22.0,6272,0
mid2,result_1000_mid2.json,FG-DSCR,c647,default,edge-6,91,4546.6,0.0,4546.6,4568.6,22.0,6272,0
mid2,result_1000_mid2.json,FG-DSCR,c197,default,edge-6,92,4568.6,0.0,4568.6,4590.6,22.0,6272,0
mid2,result_1000_mid2.json,FG-DSCR,c227,default,edge-6,93,4590.6,0.0,4590.6,4612.6,22.0,6272,0
mid2,result_1000_mid2.json,FG-DSCR,c947,default,edge-6,94,4612.6,0.0,4612.6,4634.6,22.0,6272,0
mid2,result_1000_mid2.json,FG-DSCR,c857,default,edge-6,95,4634.6,0.0,4634.6,4656.6,22.0,6272,0
mid2,result_1000_mid2.json,FG-DSCR,c377,default,edge-6,96,4656.6,0.0,4656.6,4678.6,22.0,6272,0
mid2,result_1000_mid2.json,FG-DSCR,c827,default,edge-6,97,4678.6,0.0,4678.6,4700.6,22.0,6272,0
mid2,result_1000_mid2.json,FG-DSCR,c407,default,edge-6,98,4700.6,0.0,4700.6,4722.6,22.0,6272,0
mid2,result_1000_mid2.json,FG-DSCR,c437,default,edge-6,99,4722.6,0.0,4722.6,4744.6,22.0,6272,0
mid2,result_1000_mid2.json,FG-DSCR,c193,default,edge-6,100,4744.6,0.8,4745.400000000001,4767.400000000001,22.0,5624,8
mid2,result_1000_mid2.json,FG-DSCR,c283,default,edge-6,101,4767.400000000001,0.0,4767.400000000001,4789.400000000001,22.0,5632,0
mid2,result_1000_mid2.json,FG-DSCR,c853,default,edge-6,102,4789.400000000001,0.0,4789.400000000001,4811.400000000001,22.0,5632,0
mid2,result_1000_mid2.json,FG-DSCR,c253,default,edge-6,103,4811.400000000001,0.0,4811.400000000001,4833.400000000001,22.0,5632,0
mid2,result_1000_mid2.json,FG-DSCR,c223,default,edge-6,104,4833.400000000001,0.0,4833.400000000001,4855.400000000001,22.0,5632,0
mid2,result_1000_mid2.json,FG-DSCR,c463,default,edge-6,105,4855.400000000001,0.0,4855.400000000001,4877.400000000001,22.0,5632,0
mid2,result_1000_mid2.json,FG-DSCR,c403,default,edge-6,106,4877.400000000001,0.0,4877.400000000001,4899.400000000001,22.0,5632,0
mid2,result_1000_mid2.json,FG-DSCR,c493,default,edge-6,107,4899.400000000001,0.0,4899.400000000001,4921.400000000001,22.0,5632,0
mid2,result_1000_mid2.json,FG-DSCR,c433,default,edge-6,108,4921.400000000001,0.0,4921.400000000001,4943.400000000001,22.0,5632,0
mid2,result_1000_mid2.json,FG-DSCR,c013,default,edge-6,109,4943.400000000001,0.0,4943.400000000001,4965.400000000001,22.0,5632,0
mid2,result_1000_mid2.json,FG-DSCR,c793,default,edge-6,110,4965.400000000001,0.0,4965.400000000001,4987.400000000001,22.0,5632,0
mid2,result_1000_mid2.json,FG-DSCR,c613,default,edge-6,111,4987.400000000001,0.0,4987.400000000001,5009.400000000001,22.0,5632,0
mid2,result_1000_mid2.json,FG-DSCR,c073,default,edge-6,112,5009.400000000001,0.0,5009.400000000001,5031.400000000001,22.0,5632,0
mid2,result_1000_mid2.json,FG-DSCR,c643,default,edge-6,113,5031.400000000001,0.0,5031.400000000001,5053.400000000001,22.0,5632,0
mid2,result_1000_mid2.json,FG-DSCR,c343,default,edge-6,114,5053.400000000001,0.0,5053.400000000001,5075.400000000001,22.0,5632,0
mid2,result_1000_mid2.json,FG-DSCR,c043,default,edge-6,115,5075.400000000001,0.0,5075.400000000001,5097.400000000001,22.0,5632,0
mid2,result_1000_mid2.json,FG-DSCR,c313,default,edge-6,116,5097.400000000001,0.0,5097.400000000001,5119.400000000001,22.0,5632,0
mid2,result_1000_mid2.json,FG-DSCR,c133,default,edge-6,117,5119.400000000001,0.0,5119.400000000001,5141.400000000001,22.0,5632,0
mid2,result_1000_mid2.json,FG-DSCR,c553,default,edge-6,118,5141.400000000001,0.0,5141.400000000001,5163.400000000001,22.0,5632,0
mid2,result_1000_mid2.json,FG-DSCR,c763,default,edge-6,119,5163.400000000001,0.0,5163.400000000001,5185.400000000001,22.0,5632,0
mid2,result_1000_mid2.json,FG-DSCR,c943,default,edge-6,120,5185.400000000001,0.0,5185.400000000001,5207.400000000001,22.0,5632,0
mid2,result_1000_mid2.json,FG-DSCR,c733,default,edge-6,121,5207.400000000001,0.0,5207.400000000001,5229.400000000001,22.0,5632,0
mid2,result_1000_mid2.json,FG-DSCR,c973,default,edge-6,122,5229.400000000001,0.0,5229.400000000001,5251.400000000001,22.0,5632,0
mid2,result_1000_mid2.json,FG-DSCR,c163,default,edge-6,123,5251.400000000001,0.0,5251.400000000001,5273.400000000001,22.0,5632,0
mid2,result_1000_mid2.json,FG-DSCR,c138,default,edge-6,124,5273.400000000001,0.0,5273.400000000001,5298.400000000001,25.0,4552,0
mid2,result_1000_mid2.json,FG-DSCR,c618,default,edge-6,125,5298.400000000001,0.0,5298.400000000001,5323.400000000001,25.0,4552,0
mid2,result_1000_mid2.json,FG-DSCR,c828,default,edge-6,126,5323.400000000001,0.0,5323.400000000001,5348.400000000001,25.0,4552,0
mid2,result_1000_mid2.json,FG-DSCR,c823,default,edge-6,127,5348.400000000001,0.0,5348.400000000001,5370.400000000001,22.0,5632,0
mid2,result_1000_mid2.json,FG-DSCR,c738,default,edge-6,128,5370.400000000001,0.0,5370.400000000001,5395.400000000001,25.0,4552,0
mid2,result_1000_mid2.json,FG-DSCR,c196,default,edge-6,129,5395.400000000001,0.0,5395.400000000001,5426.400000000001,31.0,4480,0
mid2,result_1000_mid2.json,FG-DSCR,c558,default,edge-6,130,5426.400000000001,0.0,5426.400000000001,5451.400000000001,25.0,4552,0
mid2,result_1000_mid2.json,FG-DSCR,c103,default,edge-6,131,5451.400000000001,0.0,5451.400000000001,5473.400000000001,22.0,5632,0
mid2,result_1000_mid2.json,FG-DSCR,c466,default,edge-6,132,5473.400000000001,0.0,5473.400000000001,5504.400000000001,31.0,4480,0
mid2,result_1000_mid2.json,FG-DSCR,c318,default,edge-6,133,5504.400000000001,0.0,5504.400000000001,5529.400000000001,25.0,4552,0
mid2,result_1000_mid2.json,FG-DSCR,c976,default,edge-6,134,5529.400000000001,0.0,5529.400000000001,5560.400000000001,31.0,4480,0
mid2,result_1000_mid2.json,FG-DSCR,c588,default,edge-6,135,5560.400000000001,0.0,5560.400000000001,5585.400000000001,25.0,4552,0
mid2,result_1000_mid2.json,FG-DSCR,c316,default,edge-6,136,5585.400000000001,0.0,5585.400000000001,5616.400000000001,31.0,4480,0
mid2,result_1000_mid2.json,FG-DSCR,c918,default,edge-6,137,5616.400000000001,0.0,5616.400000000001,5641.400000000001,25.0,4552,0
mid2,result_1000_mid2.json,FG-DSCR,c373,default,edge-6,138,5641.400000000001,0.0,5641.400000000001,5663.400000000001,22.0,5632,0
mid2,result_1000_mid2.json,FG-DSCR,c106,default,edge-6,139,5663.400000000001,0.0,5663.400000000001,5694.400000000001,31.0,4480,0
mid2,result_1000_mid2.json,FG-DSCR,c018,default,edge-6,140,5694.400000000001,0.0,5694.400000000001,5719.400000000001,25.0,4552,0
mid2,result_1000_mid2.json,FG-DSCR,c076,default,edge-6,141,5719.400000000001,0.0,5719.400000000001,5750.400000000001,31.0,4480,0
mid2,result_1000_mid2.json,FG-DSCR,c228,default,edge-6,142,5750.400000000001,0.0,5750.400000000001,5775.400000000001,25.0,4552,0
mid2,result_1000_mid2.json,FG-DSCR,c916,default,edge-6,143,5775.400000000001,0.0,5775.400000000001,5806.400000000001,31.0,4480,0
mid2,result_1000_mid2.json,FG-DSCR,c883,default,edge-6,144,5806.400000000001,0.0,5806.400000000001,5828.400000000001,22.0,5632,0
mid2,result_1000_mid2.json,FG-DSCR,c108,default,edge-6,145,5828.400000000001,0.0,5828.400000000001,5853.400000000001,25.0,4552,0
mid2,result_1000_mid2.json,FG-DSCR,c856,default,edge-6,146,5853.400000000001,0.0,5853.400000000001,5884.400000000001,31.0,4480,0
mid2,result_1000_mid2.json,FG-DSCR,c858,default,edge-6,147,5884.400000000001,0.0,5884.400000000001,5909.400000000001,25.0,4552,0
mid2,result_1000_mid2.json,FG-DSCR,c586,default,edge-6,148,5909.400000000001,0.0,5909.400000000001,5940.400000000001,31.0,4480,0
mid2,result_1000_mid2.json,FG-DSCR,c706,default,edge-6,149,5940.400000000001,0.0,5940.400000000001,5971.400000000001,31.0,4480,0
mid2,result_1000_mid2.json,FG-DSCR,c288,default,edge-6,150,5971.400000000001,0.0,5971.400000000001,5996.400000000001,25.0,4552,0
mid2,result_1000_mid2.json,FG-DSCR,c673,default,edge-6,151,5996.400000000001,0.0,5996.400000000001,6018.400000000001,22.0,5632,0
mid2,result_1000_mid2.json,FG-DSCR,c646,default,edge-6,152,6018.400000000001,0.0,6018.400000000001,6049.400000000001,31.0,4480,0
mid2,result_1000_mid2.json,FG-DSCR,c648,default,edge-6,153,6049.400000000001,0.0,6049.400000000001,6074.400000000001,25.0,4552,0
mid2,result_1000_mid2.json,FG-DSCR,c376,default,edge-6,154,6074.400000000001,0.0,6074.400000000001,6105.400000000001,31.0,4480,0
mid2,result_1000_mid2.json,FG-DSCR,c708,default,edge-6,155,6105.400000000001,0.0,6105.400000000001,6130.400000000001,25.0,4552,0
mid2,result_1000_mid2.json,FG-DSCR,c913,default,edge-6,156,6130.400000000001,0.0,6130.400000000001,6152.400000000001,22.0,5632,0
mid2,result_1000_mid2.json,FG-DSCR,c526,default,edge-6,157,6152.400000000001,0.0,6152.400000000001,6183.400000000001,31.0,4480,0
mid2,result_1000_mid2.json,FG-DSCR,c468,default,edge-6,158,6183.400000000001,0.0,6183.400000000001,6208.400000000001,25.0,4552,0
mid2,result_1000_mid2.json,FG-DSCR,c766,default,edge-6,159,6208.400000000001,0.0,6208.400000000001,6239.400000000001,31.0,4480,0
mid2,result_1000_mid2.json,FG-DSCR,c078,default,edge-6,160,6239.400000000001,0.0,6239.400000000001,6264.400000000001,25.0,4552,0
mid2,result_1000_mid2.json,FG-DSCR,c556,default,edge-6,161,6264.400000000001,0.0,6264.400000000001,6295.400000000001,31.0,4480,0
mid2,result_1000_mid2.json,FG-DSCR,c498,default,edge-6,162,6295.400000000001,0.0,6295.400000000001,6320.400000000001,25.0,4552,0
mid2,result_1000_mid2.json,FG-DSCR,c523,default,edge-6,163,6320.400000000001,0.0,6320.400000000001,6342.400000000001,22.0,5632,0
mid2,result_1000_mid2.json,FG-DSCR,c136,default,edge-6,164,6342.400000000001,0.0,6342.400000000001,6373.400000000001,31.0,4480,0
mid2,result_1000_mid2.json,FG-DSCR,c768,default,edge-6,165,6373.400000000001,0.0,6373.400000000001,6398.400000000001,25.0,4552,0
mid2,result_1000_mid2.json,FG-DSCR,c046,default,edge-6,166,6398.400000000001,0.0,6398.400000000001,6429.400000000001,31.0,4480,0
mid2,result_1000_mid2.json,FG-DSCR,c438,default,edge-6,167,6429.400000000001,0.0,6429.400000000001,6454.400000000001,25.0,4552,0
mid2,result_1000_mid2.json,FG-DSCR,c286,default,edge-6,168,6454.400000000001,0.0,6454.400000000001,6485.400000000001,31.0,4480,0
mid2,result_1000_mid2.json,FG-DSCR,c583,default,edge-6,169,6485.400000000001,0.0,6485.400000000001,6507.400000000001,22.0,5632,0
mid2,result_1000_mid2.json,FG-DSCR,c678,default,edge-6,170,6507.400000000001,0.0,6507.400000000001,6532.400000000001,25.0,4552,0
mid2,result_1000_mid2.json,FG-DSCR,c946,default,edge-6,171,6532.400000000001,0.0,6532.400000000001,6563.400000000001,31.0,4480,0
mid2,result_1000_mid2.json,FG-DSCR,c676,default,edge-6,172,6563.400000000001,0.0,6563.400000000001,6594.400000000001,31.0,4480,0
mid2,result_1000_mid2.json,FG-DSCR,c348,default,edge-6,173,6594.400000000001,0.0,6594.400000000001,6619.400000000001,25.0,4552,0
mid2,result_1000_mid2.json,FG-DSCR,c406,default,edge-6,174,6619.400000000001,0.0,6619.400000000001,6650.400000000001,31.0,4480,0
mid2,result_1000_mid2.json,FG-DSCR,c408,default,edge-6,175,6650.400000000001,0.0,6650.400000000001,6675.400000000001,25.0,4552,0
mid2,result_1000_mid2.json,FG-DSCR,c703,default,edge-6,176,6675.400000000001,0.0,6675.400000000001,6697.400000000001,22.0,5632,0
mid2,result_1000_mid2.json,FG-DSCR,c886,default,edge-6,177,6697.400000000001,0.0,6697.400000000001,6728.400000000001,31.0,4480,0
mid2,result_1000_mid2.json,FG-DSCR,c258,default,edge-6,178,6728.400000000001,0.0,6728.400000000001,6753.400000000001,25.0,4552,0
mid2,result_1000_mid2.json,FG-DSCR,c436,default,edge-6,179,6753.400000000001,0.0,6753.400000000001,6784.400000000001,31.0,4480,0
mid2,result_1000_mid2.json,FG-DSCR,c978,default,edge-6,180,6784.400000000001,0.0,6784.400000000001,6809.400000000001,25.0,4552,0
mid2,result_1000_mid2.json,FG-DSCR,c796,default,edge-6,181,6809.400000000001,0.0,6809.400000000001,6840.400000000001,31.0,4480,0
mid2,result_1000_mid2.json,FG-DSCR,c378,default,edge-6,182,6840.400000000001,0.0,6840.400000000001,6865.400000000001,25.0,4552,0
mid2,result_1000_mid2.json,FG-DSCR,c016,default,edge-6,183,6865.400000000001,0.0,6865.400000000001,6896.400000000001,31.0,4480,0
mid2,result_1000_mid2.json,FG-DSCR,c048,default,edge-6,184,6896.400000000001,0.0,6896.400000000001,6921.400000000001,25.0,4552,0
mid2,result_1000_mid2.json,FG-DSCR,c226,default,edge-6,185,6921.400000000001,0.0,6921.400000000001,6952.400000000001,31.0,4480,0
mid2,result_1000_mid2.json,FG-DSCR,c198,default,edge-6,186,6952.400000000001,0.0,6952.400000000001,6977.400000000001,25.0,4552,0
mid2,result_1000_mid2.json,FG-DSCR,c166,default,edge-6,187,6977.400000000001,0.0,6977.400000000001,7008.400000000001,31.0,4480,0
mid2,result_1000_mid2.json,FG-DSCR,c798,default,edge-6,188,7008.400000000001,0.0,7008.400000000001,7033.400000000001,25.0,4552,0
mid2,result_1000_mid2.json,FG-DSCR,c826,default,edge-6,189,7033.400000000001,0.0,7033.400000000001,7064.400000000001,31.0,4480,0
mid2,result_1000_mid2.json,FG-DSCR,c888,default,edge-6,190,7064.400000000001,0.0,7064.400000000001,7089.400000000001,25.0,4552,0
mid2,result_1000_mid2.json,FG-DSCR,c346,default,edge-6,191,7089.400000000001,0.0,7089.400000000001,7120.400000000001,31.0,4480,0
mid2,result_1000_mid2.json,FG-DSCR,c256,default,edge-6,192,7120.400000000001,0.0,7120.400000000001,7151.400000000001,31.0,4480,0
mid2,result_1000_mid2.json,FG-DSCR,c528,default,edge-6,193,7151.400000000001,0.0,7151.400000000001,7176.400000000001,25.0,4552,0
mid2,result_1000_mid2.json,FG-DSCR,c616,default,edge-6,194,7176.400000000001,0.0,7176.400000000001,7207.400000000001,31.0,4480,0
mid2,result_1000_mid2.json,FG-DSCR,c168,default,edge-6,195,7207.400000000001,0.0,7207.400000000001,7232.400000000001,25.0,4552,0
mid2,result_1000_mid2.json,FG-DSCR,c736,default,edge-6,196,7232.400000000001,0.0,7232.400000000001,7263.400000000001,31.0,4480,0
mid2,result_1000_mid2.json,FG-DSCR,c948,default,edge-6,197,7263.400000000001,0.0,7263.400000000001,7288.400000000001,25.0,4552,0
mid2,result_1000_mid2.json,FG-DSCR,c496,default,edge-6,198,7288.400000000001,0.0,7288.400000000001,7319.400000000001,31.0,4480,0
mid2,result_1000_mid2.json,FG-DSCR,c386,default,edge-7,1,0.0,791.0,791.0,812.0,21.0,0,7910
mid2,result_1000_mid2.json,FG-DSCR,c956,default,edge-7,2,812.0,0.0,812.0,833.0,21.0,7910,0
mid2,result_1000_mid2.json,FG-DSCR,c716,default,edge-7,3,833.0,0.0,833.0,854.0,21.0,7910,0
mid2,result_1000_mid2.json,FG-DSCR,c866,default,edge-7,4,854.0,0.0,854.0,875.0,21.0,7910,0
mid2,result_1000_mid2.json,FG-DSCR,c116,default,edge-7,5,875.0,0.0,875.0,896.0,21.0,7910,0
mid2,result_1000_mid2.json,FG-DSCR,c296,default,edge-7,6,896.0,0.0,896.0,917.0,21.0,7910,0
mid2,result_1000_mid2.json,FG-DSCR,c236,default,edge-7,7,917.0,0.0,917.0,938.0,21.0,7910,0
mid2,result_1000_mid2.json,FG-DSCR,c656,default,edge-7,8,938.0,0.0,938.0,959.0,21.0,7910,0
mid2,result_1000_mid2.json,FG-DSCR,c356,default,edge-7,9,959.0,0.0,959.0,980.0,21.0,7910,0
mid2,result_1000_mid2.json,FG-DSCR,c746,default,edge-7,10,980.0,0.0,980.0,1001.0,21.0,7910,0
mid2,result_1000_mid2.json,FG-DSCR,c626,default,edge-7,11,1001.0,0.0,1001.0,1022.0,21.0,7910,0
mid2,result_1000_mid2.json,FG-DSCR,c506,default,edge-7,12,1022.0,0.0,1022.0,1043.0,21.0,7910,0
mid2,result_1000_mid2.json,FG-DSCR,c536,default,edge-7,13,1043.0,0.0,1043.0,1064.0,21.0,7910,0
mid2,result_1000_mid2.json,FG-DSCR,c806,default,edge-7,14,1064.0,0.0,1064.0,1085.0,21.0,7910,0
mid2,result_1000_mid2.json,FG-DSCR,c146,default,edge-7,15,1085.0,0.0,1085.0,1106.0,21.0,7910,0
mid2,result_1000_mid2.json,FG-DSCR,c896,default,edge-7,16,1106.0,0.0,1106.0,1127.0,21.0,7910,0
mid2,result_1000_mid2.json,FG-DSCR,c476,default,edge-7,17,1127.0,0.0,1127.0,1148.0,21.0,7910,0
mid2,result_1000_mid2.json,FG-DSCR,c056,default,edge-7,18,1148.0,0.0,1148.0,1169.0,21.0,7910,0
mid2,result_1000_mid2.json,FG-DSCR,c416,default,edge-7,19,1169.0,0.0,1169.0,1190.0,21.0,7910,0
mid2,result_1000_mid2.json,FG-DSCR,c596,default,edge-7,20,1190.0,0.0,1190.0,1211.0,21.0,7910,0
mid2,result_1000_mid2.json,FG-DSCR,c986,default,edge-7,21,1211.0,0.0,1211.0,1232.0,21.0,7910,0
mid2,result_1000_mid2.json,FG-DSCR,c266,default,edge-7,22,1232.0,0.0,1232.0,1253.0,21.0,7910,0
mid2,result_1000_mid2.json,FG-DSCR,c776,default,edge-7,23,1253.0,0.0,1253.0,1274.0,21.0,7910,0
mid2,result_1000_mid2.json,FG-DSCR,c686,default,edge-7,24,1274.0,0.0,1274.0,1295.0,21.0,7910,0
mid2,result_1000_mid2.json,FG-DSCR,c566,default,edge-7,25,1295.0,0.0,1295.0,1316.0,21.0,7910,0
mid2,result_1000_mid2.json,FG-DSCR,c446,default,edge-7,26,1316.0,0.0,1316.0,1337.0,21.0,7910,0
mid2,result_1000_mid2.json,FG-DSCR,c326,default,edge-7,27,1337.0,0.0,1337.0,1358.0,21.0,7910,0
mid2,result_1000_mid2.json,FG-DSCR,c026,default,edge-7,28,1358.0,0.0,1358.0,1379.0,21.0,7910,0
mid2,result_1000_mid2.json,FG-DSCR,c176,default,edge-7,29,1379.0,0.0,1379.0,1400.0,21.0,7910,0
mid2,result_1000_mid2.json,FG-DSCR,c206,default,edge-7,30,1400.0,0.0,1400.0,1421.0,21.0,7910,0
mid2,result_1000_mid2.json,FG-DSCR,c836,default,edge-7,31,1421.0,0.0,1421.0,1442.0,21.0,7910,0
mid2,result_1000_mid2.json,FG-DSCR,c086,default,edge-7,32,1442.0,0.0,1442.0,1463.0,21.0,7910,0
mid2,result_1000_mid2.json,FG-DSCR,c926,default,edge-7,33,1463.0,0.0,1463.0,1484.0,21.0,7910,0
mid2,result_1000_mid2.json,FG-DSCR,c385,default,edge-7,34,1484.0,110.2,1594.2,1612.2,18.0,5240,1102
mid2,result_1000_mid2.json,FG-DSCR,c415,default,edge-7,35,1612.2,0.0,1612.2,1630.2,18.0,6342,0
mid2,result_1000_mid2.json,FG-DSCR,c565,default,edge-7,36,1630.2,0.0,1630.2,1648.2,18.0,6342,0
mid2,result_1000_mid2.json,FG-DSCR,c805,default,edge-7,37,1648.2,0.0,1648.2,1666.2,18.0,6342,0
mid2,result_1000_mid2.json,FG-DSCR,c955,default,edge-7,38,1666.2,0.0,1666.2,1684.2,18.0,6342,0
mid2,result_1000_mid2.json,FG-DSCR,c445,default,edge-7,39,1684.2,0.0,1684.2,1702.2,18.0,6342,0
mid2,result_1000_mid2.json,FG-DSCR,c355,default,edge-7,40,1702.2,0.0,1702.2,1720.2,18.0,6342,0
mid2,result_1000_mid2.json,FG-DSCR,c295,default,edge-7,41,1720.2,0.0,1720.2,1738.2,18.0,6342,0
mid2,result_1000_mid2.json,FG-DSCR,c085,default,edge-7,42,1738.2,0.0,1738.2,1756.2,18.0,6342,0
mid2,result_1000_mid2.json,FG-DSCR,c205,default,edge-7,43,1756.2,0.0,1756.2,1774.2,18.0,6342,0
mid2,result_1000_mid2.json,FG-DSCR,c865,default,edge-7,44,1774.2,0.0,1774.2,1792.2,18.0,6342,0
mid2,result_1000_mid2.json,FG-DSCR,c475,default,edge-7,45,1792.2,0.0,1792.2,1810.2,18.0,6342,0
mid2,result_1000_mid2.json,FG-DSCR,c715,default,edge-7,46,1810.2,0.0,1810.2,1828.2,18.0,6342,0
mid2,result_1000_mid2.json,FG-DSCR,c985,default,edge-7,47,1828.2,0.0,1828.2,1846.2,18.0,6342,0
mid2,result_1000_mid2.json,FG-DSCR,c025,default,edge-7,48,1846.2,0.0,1846.2,1864.2,18.0,6342,0
mid2,result_1000_mid2.json,FG-DSCR,c175,default,edge-7,49,1864.2,0.0,1864.2,1882.2,18.0,6342,0
mid2,result_1000_mid2.json,FG-DSCR,c145,default,edge-7,50,1882.2,0.0,1882.2,1900.2,18.0,6342,0
mid2,result_1000_mid2.json,FG-DSCR,c505,default,edge-7,51,1900.2,0.0,1900.2,1918.2,18.0,6342,0
mid2,result_1000_mid2.json,FG-DSCR,c055,default,edge-7,52,1918.2,0.0,1918.2,1936.2,18.0,6342,0
mid2,result_1000_mid2.json,FG-DSCR,c265,default,edge-7,53,1936.2,0.0,1936.2,1954.2,18.0,6342,0
mid2,result_1000_mid2.json,FG-DSCR,c895,default,edge-7,54,1954.2,0.0,1954.2,1972.2,18.0,6342,0
mid2,result_1000_mid2.json,FG-DSCR,c325,default,edge-7,55,1972.2,0.0,1972.2,1990.2,18.0,6342,0
mid2,result_1000_mid2.json,FG-DSCR,c625,default,edge-7,56,1990.2,0.0,1990.2,2008.2,18.0,6342,0
mid2,result_1000_mid2.json,FG-DSCR,c115,default,edge-7,57,2008.2,0.0,2008.2,2026.2,18.0,6342,0
mid2,result_1000_mid2.json,FG-DSCR,c745,default,edge-7,58,2026.2,0.0,2026.2,2044.2,18.0,6342,0
mid2,result_1000_mid2.json,FG-DSCR,c235,default,edge-7,59,2044.2,0.0,2044.2,2062.2,18.0,6342,0
mid2,result_1000_mid2.json,FG-DSCR,c685,default,edge-7,60,2062.2,0.0,2062.2,2080.2,18.0,6342,0
mid2,result_1000_mid2.json,FG-DSCR,c925,default,edge-7,61,2080.2,0.0,2080.2,2098.2,18.0,6342,0
mid2,result_1000_mid2.json,FG-DSCR,c535,default,edge-7,62,2098.2,0.0,2098.2,2116.2,18.0,6342,0
mid2,result_1000_mid2.json,FG-DSCR,c775,default,edge-7,63,2116.2,0.0,2116.2,2134.2,18.0,6342,0
mid2,result_1000_mid2.json,FG-DSCR,c655,default,edge-7,64,2134.2,0.0,2134.2,2152.2,18.0,6342,0
mid2,result_1000_mid2.json,FG-DSCR,c595,default,edge-7,65,2152.2,0.0,2152.2,2170.2,18.0,6342,0
mid2,result_1000_mid2.json,FG-DSCR,c835,default,edge-7,66,2170.2,0.0,2170.2,2188.2,18.0,6342,0
mid2,result_1000_mid2.json,FG-DSCR,c207,default,edge-7,67,2188.2,65.0,2253.2,2277.2,24.0,6340,650
mid2,result_1000_mid2.json,FG-DSCR,c687,default,edge-7,68,2277.2,0.0,2277.2,2301.2,24.0,6990,0
mid2,result_1000_mid2.json,FG-DSCR,c057,default,edge-7,69,2301.2,0.0,2301.2,2325.2,24.0,6990,0
mid2,result_1000_mid2.json,FG-DSCR,c477,default,edge-7,70,2325.2,0.0,2325.2,2349.2,24.0,6990,0
mid2,result_1000_mid2.json,FG-DSCR,c117,default,edge-7,71,2349.2,0.0,2349.2,2373.2,24.0,6990,0
mid2,result_1000_mid2.json,FG-DSCR,c717,default,edge-7,72,2373.2,0.0,2373.2,2397.2,24.0,6990,0
mid2,result_1000_mid2.json,FG-DSCR,c897,default,edge-7,73,2397.2,0.0,2397.2,2421.2,24.0,6990,0
mid2,result_1000_mid2.json,FG-DSCR,c147,default,edge-7,74,2421.2,0.0,2421.2,2445.2,24.0,6990,0
mid2,result_1000_mid2.json,FG-DSCR,c297,default,edge-7,75,2445.2,0.0,2445.2,2469.2,24.0,6990,0
mid2,result_1000_mid2.json,FG-DSCR,c027,default,edge-7,76,2469.2,0.0,2469.2,2493.2,24.0,6990,0
mid2,result_1000_mid2.json,FG-DSCR,c867,default,edge-7,77,2493.2,0.0,2493.2,2517.2,24.0,6990,0
mid2,result_1000_mid2.json,FG-DSCR,c957,default,edge-7,78,2517.2,0.0,2517.2,2541.2,24.0,6990,0
mid2,result_1000_mid2.json,FG-DSCR,c447,default,edge-7,79,2541.2,0.0,2541.2,2565.2,24.0,6990,0
mid2,result_1000_mid2.json,FG-DSCR,c417,default,edge-7,80,2565.2,0.0,2565.2,2589.2,24.0,6990,0
mid2,result_1000_mid2.json,FG-DSCR,c777,default,edge-7,81,2589.2,0.0,2589.2,2613.2,24.0,6990,0
mid2,result_1000_mid2.json,FG-DSCR,c357,default,edge-7,82,2613.2,0.0,2613.2,2637.2,24.0,6990,0
mid2,result_1000_mid2.json,FG-DSCR,c987,default,edge-7,83,2637.2,0.0,2637.2,2661.2,24.0,6990,0
mid2,result_1000_mid2.json,FG-DSCR,c567,default,edge-7,84,2661.2,0.0,2661.2,2685.2,24.0,6990,0
mid2,result_1000_mid2.json,FG-DSCR,c058,default,edge-7,85,2685.2,0.1,2685.2999999999997,2712.2999999999997,27.0,5260,1
mid2,result_1000_mid2.json,FG-DSCR,c958,default,edge-7,86,2712.2999999999997,0.0,2712.2999999999997,2739.2999999999997,27.0,5261,0
mid2,result_1000_mid2.json,FG-DSCR,c237,default,edge-7,87,2739.2999999999997,0.0,2739.2999999999997,2763.2999999999997,24.0,6990,0
mid2,result_1000_mid2.json,FG-DSCR,c208,default,edge-7,88,2763.2999999999997,0.0,2763.2999999999997,2790.2999999999997,27.0,5261,0
mid2,result_1000_mid2.json,FG-DSCR,c118,default,edge-7,89,2790.2999999999997,0.0,2790.2999999999997,2817.2999999999997,27.0,5261,0
mid2,result_1000_mid2.json,FG-DSCR,c178,default,edge-7,90,2817.2999999999997,0.0,2817.2999999999997,2844.2999999999997,27.0,5261,0
mid2,result_1000_mid2.json,FG-DSCR,c657,default,edge-7,91,2844.2999999999997,0.0,2844.2999999999997,2868.2999999999997,24.0,6990,0
mid2,result_1000_mid2.json,FG-DSCR,c778,default,edge-7,92,2868.2999999999997,0.0,2868.2999999999997,2895.2999999999997,27.0,5261,0
mid2,result_1000_mid2.json,FG-DSCR,c028,default,edge-7,93,2895.2999999999997,0.0,2895.2999999999997,2922.2999999999997,27.0,5261,0
mid2,result_1000_mid2.json,FG-DSCR,c538,default,edge-7,94,2922.2999999999997,0.0,2922.2999999999997,2949.2999999999997,27.0,5261,0
mid2,result_1000_mid2.json,FG-DSCR,c508,default,edge-7,95,2949.2999999999997,0.0,2949.2999999999997,2976.2999999999997,27.0,5261,0
mid2,result_1000_mid2.json,FG-DSCR,c927,default,edge-7,96,2976.2999999999997,0.0,2976.2999999999997,3000.2999999999997,24.0,6990,0
mid2,result_1000_mid2.json,FG-DSCR,c568,default,edge-7,97,3000.2999999999997,0.0,3000.2999999999997,3027.2999999999997,27.0,5261,0
mid2,result_1000_mid2.json,FG-DSCR,c718,default,edge-7,98,3027.2999999999997,0.0,3027.2999999999997,3054.2999999999997,27.0,5261,0
mid2,result_1000_mid2.json,FG-DSCR,c088,default,edge-7,99,3054.2999999999997,0.0,3054.2999999999997,3081.2999999999997,27.0,5261,0
mid2,result_1000_mid2.json,FG-DSCR,c177,default,edge-7,100,3081.2999999999997,0.0,3081.2999999999997,3105.2999999999997,24.0,6990,0
mid2,result_1000_mid2.json,FG-DSCR,c418,default,edge-7,101,3105.2999999999997,0.0,3105.2999999999997,3132.2999999999997,27.0,5261,0
mid2,result_1000_mid2.json,FG-DSCR,c658,default,edge-7,102,3132.2999999999997,0.0,3132.2999999999997,3159.2999999999997,27.0,5261,0
mid2,result_1000_mid2.json,FG-DSCR,c898,default,edge-7,103,3159.2999999999997,0.0,3159.2999999999997,3186.2999999999997,27.0,5261,0
mid2,result_1000_mid2.json,FG-DSCR,c838,default,edge-7,104,3186.2999999999997,0.0,3186.2999999999997,3213.2999999999997,27.0,5261,0
mid2,result_1000_mid2.json,FG-DSCR,c597,default,edge-7,105,3213.2999999999997,0.0,3213.2999999999997,3237.2999999999997,24.0,6990,0
mid2,result_1000_mid2.json,FG-DSCR,c390,default,edge-7,106,3237.2999999999997,165.0,3402.2999999999997,3423.2999999999997,21.0,6110,1650
mid2,result_1000_mid2.json,FG-DSCR,c420,default,edge-7,107,3423.2999999999997,0.0,3423.2999999999997,3444.2999999999997,21.0,7760,0
mid2,result_1000_mid2.json,FG-DSCR,c540,default,edge-7,108,3444.2999999999997,0.0,3444.2999999999997,3465.2999999999997,21.0,7760,0
mid2,result_1000_mid2.json,FG-DSCR,c300,default,edge-7,109,3465.2999999999997,0.0,3465.2999999999997,3486.2999999999997,21.0,7760,0
mid2,result_1000_mid2.json,FG-DSCR,c180,default,edge-7,110,3486.2999999999997,0.0,3486.2999999999997,3507.2999999999997,21.0,7760,0
mid2,result_1000_mid2.json,FG-DSCR,c750,default,edge-7,111,3507.2999999999997,0.0,3507.2999999999997,3528.2999999999997,21.0,7760,0
mid2,result_1000_mid2.json,FG-DSCR,c930,default,edge-7,112,3528.2999999999997,0.0,3528.2999999999997,3549.2999999999997,21.0,7760,0
mid2,result_1000_mid2.json,FG-DSCR,c810,default,edge-7,113,3549.2999999999997,0.0,3549.2999999999997,3570.2999999999997,21.0,7760,0
mid2,result_1000_mid2.json,FG-DSCR,c780,default,edge-7,114,3570.2999999999997,0.0,3570.2999999999997,3591.2999999999997,21.0,7760,0
mid2,result_1000_mid2.json,FG-DSCR,c990,default,edge-7,115,3591.2999999999997,0.0,3591.2999999999997,3612.2999999999997,21.0,7760,0
mid2,result_1000_mid2.json,FG-DSCR,c660,default,edge-7,116,3612.2999999999997,0.0,3612.2999999999997,3633.2999999999997,21.0,7760,0
mid2,result_1000_mid2.json,FG-DSCR,c870,default,edge-7,117,3633.2999999999997,0.0,3633.2999999999997,3654.2999999999997,21.0,7760,0
mid2,result_1000_mid2.json,FG-DSCR,c690,default,edge-7,118,3654.2999999999997,0.0,3654.2999999999997,3675.2999999999997,21.0,7760,0
mid2,result_1000_mid2.json,FG-DSCR,c360,default,edge-7,119,3675.2999999999997,0.0,3675.2999999999997,3696.2999999999997,21.0,7760,0
mid2,result_1000_mid2.json,FG-DSCR,c510,default,edge-7,120,3696.2999999999997,0.0,3696.2999999999997,3717.2999999999997,21.0,7760,0
mid2,result_1000_mid2.json,FG-DSCR,c450,default,edge-7,121,3717.2999999999997,0.0,3717.2999999999997,3738.2999999999997,21.0,7760,0
mid2,result_1000_mid2.json,FG-DSCR,c837,default,edge-7,122,3738.2999999999997,0.0,3738.2999999999997,3762.2999999999997,24.0,6990,0
mid2,result_1000_mid2.json,FG-DSCR,c030,default,edge-7,123,3762.2999999999997,0.0,3762.2999999999997,3783.2999999999997,21.0,7760,0
mid2,result_1000_mid2.json,FG-DSCR,c087,default,edge-7,124,3783.2999999999997,0.0,3783.2999999999997,3807.2999999999997,24.0,6990,0
mid2,result_1000_mid2.json,FG-DSCR,c330,default,edge-7,125,3807.2999999999997,0.0,3807.2999999999997,3828.2999999999997,21.0,7760,0
mid2,result_1000_mid2.json,FG-DSCR,c327,default,edge-7,126,3828.2999999999997,0.0,3828.2999999999997,3852.2999999999997,24.0,6990,0
mid2,result_1000_mid2.json,FG-DSCR,c960,default,edge-7,127,3852.2999999999997,0.0,3852.2999999999997,3873.2999999999997,21.0,7760,0
mid2,result_1000_mid2.json,FG-DSCR,c627,default,edge-7,128,3873.2999999999997,0.0,3873.2999999999997,3897.2999999999997,24.0,6990,0
mid2,result_1000_mid2.json,FG-DSCR,c150,default,edge-7,129,3897.2999999999997,0.0,3897.2999999999997,3918.2999999999997,21.0,7760,0
mid2,result_1000_mid2.json,FG-DSCR,c807,default,edge-7,130,3918.2999999999997,0.0,3918.2999999999997,3942.2999999999997,24.0,6990,0
mid2,result_1000_mid2.json,FG-DSCR,c720,default,edge-7,131,3942.2999999999997,0.0,3942.2999999999997,3963.2999999999997,21.0,7760,0
mid2,result_1000_mid2.json,FG-DSCR,c387,default,edge-7,132,3963.2999999999997,0.0,3963.2999999999997,3987.2999999999997,24.0,6990,0
mid2,result_1000_mid2.json,FG-DSCR,c358,default,edge-7,133,3987.2999999999997,0.0,3987.2999999999997,4014.2999999999997,27.0,5261,0
mid2,result_1000_mid2.json,FG-DSCR,c268,default,edge-7,134,4014.2999999999997,0.0,4014.2999999999997,4041.2999999999997,27.0,5261,0
mid2,result_1000_mid2.json,FG-DSCR,c840,default,edge-7,135,4041.2999999999997,0.0,4041.2999999999997,4062.2999999999997,21.0,7760,0
mid2,result_1000_mid2.json,FG-DSCR,c747,default,edge-7,136,4062.2999999999997,0.0,4062.2999999999997,4086.2999999999997,24.0,6990,0
mid2,result_1000_mid2.json,FG-DSCR,c328,default,edge-7,137,4086.2999999999997,0.0,4086.2999999999997,4113.299999999999,27.0,5261,0
mid2,result_1000_mid2.json,FG-DSCR,c988,default,edge-7,138,4113.299999999999,0.0,4113.299999999999,4140.299999999999,27.0,5261,0
mid2,result_1000_mid2.json,FG-DSCR,c148,default,edge-7,139,4140.299999999999,0.0,4140.299999999999,4167.299999999999,27.0,5261,0
mid2,result_1000_mid2.json,FG-DSCR,c600,default,edge-7,140,4167.299999999999,0.0,4167.299999999999,4188.299999999999,21.0,7760,0
mid2,result_1000_mid2.json,FG-DSCR,c267,default,edge-7,141,4188.299999999999,0.0,4188.299999999999,4212.299999999999,24.0,6990,0
mid2,result_1000_mid2.json,FG-DSCR,c448,default,edge-7,142,4212.299999999999,0.0,4212.299999999999,4239.299999999999,27.0,5261,0
mid2,result_1000_mid2.json,FG-DSCR,c868,default,edge-7,143,4239.299999999999,0.0,4239.299999999999,4266.299999999999,27.0,5261,0
mid2,result_1000_mid2.json,FG-DSCR,c480,default,edge-7,144,4266.299999999999,0.0,4266.299999999999,4287.299999999999,21.0,7760,0
mid2,result_1000_mid2.json,FG-DSCR,c537,default,edge-7,145,4287.299999999999,0.0,4287.299999999999,4311.299999999999,24.0,6990,0
mid2,result_1000_mid2.json,FG-DSCR,c238,default,edge-7,146,4311.299999999999,0.0,4311.299999999999,4338.299999999999,27.0,5261,0
mid2,result_1000_mid2.json,FG-DSCR,c808,default,edge-7,147,4338.299999999999,0.0,4338.299999999999,4365.299999999999,27.0,5261,0
mid2,result_1000_mid2.json,FG-DSCR,c270,default,edge-7,148,4365.299999999999,0.0,4365.299999999999,4386.299999999999,21.0,7760,0
mid2,result_1000_mid2.json,FG-DSCR,c507,default,edge-7,149,4386.299999999999,0.0,4386.299999999999,4410.299999999999,24.0,6990,0
mid2,result_1000_mid2.json,FG-DSCR,c748,default,edge-7,150,4410.299999999999,0.0,4410.299999999999,4437.299999999999,27.0,5261,0
mid2,result_1000_mid2.json,FG-DSCR,c598,default,edge-7,151,4437.299999999999,0.0,4437.299999999999,4464.299999999999,27.0,5261,0
mid2,result_1000_mid2.json,FG-DSCR,c570,default,edge-7,152,4464.299999999999,0.0,4464.299999999999,4485.299999999999,21.0,7760,0
mid2,result_1000_mid2.json,FG-DSCR,c478,default,edge-7,153,4485.299999999999,0.0,4485.299999999999,4512.299999999999,27.0,5261,0
mid2,result_1000_mid2.json,FG-DSCR,c928,default,edge-7,154,4512.299999999999,0.0,4512.299999999999,4539.299999999999,27.0,5261,0
mid2,result_1000_mid2.json,FG-DSCR,c688,default,edge-7,155,4539.299999999999,0.0,4539.299999999999,4566.299999999999,27.0,5261,0
mid2,result_1000_mid2.json,FG-DSCR,c298,default,edge-7,156,4566.299999999999,0.0,4566.299999999999,4593.299999999999,27.0,5261,0
mid2,result_1000_mid2.json,FG-DSCR,c090,default,edge-7,157,4593.299999999999,0.0,4593.299999999999,4614.299999999999,21.0,7760,0
mid2,result_1000_mid2.json,FG-DSCR,c388,default,edge-7,158,4614.299999999999,0.0,4614.299999999999,4641.299999999999,27.0,5261,0
mid2,result_1000_mid2.json,FG-DSCR,c628,default,edge-7,159,4641.299999999999,0.0,4641.299999999999,4668.299999999999,27.0,5261,0
mid2,result_1000_mid2.json,FG-DSCR,c240,default,edge-7,160,4668.299999999999,0.0,4668.299999999999,4689.299999999999,21.0,7760,0
mid2,result_1000_mid2.json,FG-DSCR,c060,default,edge-7,161,4689.299999999999,0.0,4689.299999999999,4710.299999999999,21.0,7760,0
mid2,result_1000_mid2.json,FG-DSCR,c899,default,edge-7,162,4710.299999999999,0.0,4710.299999999999,4728.299999999999,18.0,4543,0
mid2,result_1000_mid2.json,FG-DSCR,c210,default,edge-7,163,4728.299999999999,0.0,4728.299999999999,4749.299999999999,21.0,7760,0
mid2,result_1000_mid2.json,FG-DSCR,c599,default,edge-7,164,4749.299999999999,0.0,4749.299999999999,4767.299999999999,18.0,4543,0
mid2,result_1000_mid2.json,FG-DSCR,c749,default,edge-7,165,4767.299999999999,0.0,4767.299999999999,4785.299999999999,18.0,4543,0
mid2,result_1000_mid2.json,FG-DSCR,c719,default,edge-7,166,4785.299999999999,0.0,4785.299999999999,4803.299999999999,18.0,4543,0
mid2,result_1000_mid2.json,FG-DSCR,c659,default,edge-7,167,4803.299999999999,0.0,4803.299999999999,4821.299999999999,18.0,4543,0
mid2,result_1000_mid2.json,FG-DSCR,c630,default,edge-7,168,4821.299999999999,0.0,4821.299999999999,4842.299999999999,21.0,7760,0
mid2,result_1000_mid2.json,FG-DSCR,c179,default,edge-7,169,4842.299999999999,0.0,4842.299999999999,4860.299999999999,18.0,4543,0
mid2,result_1000_mid2.json,FG-DSCR,c389,default,edge-7,170,4860.299999999999,0.0,4860.299999999999,4878.299999999999,18.0,4543,0
mid2,result_1000_mid2.json,FG-DSCR,c629,default,edge-7,171,4878.299999999999,0.0,4878.299999999999,4896.299999999999,18.0,4543,0
mid2,result_1000_mid2.json,FG-DSCR,c419,default,edge-7,172,4896.299999999999,0.0,4896.299999999999,4914.299999999999,18.0,4543,0
mid2,result_1000_mid2.json,FG-DSCR,c900,default,edge-7,173,4914.299999999999,0.0,4914.299999999999,4935.299999999999,21.0,7760,0
mid2,result_1000_mid2.json,FG-DSCR,c299,default,edge-7,174,4935.299999999999,0.0,4935.299999999999,4953.299999999999,18.0,4543,0
mid2,result_1000_mid2.json,FG-DSCR,c479,default,edge-7,175,4953.299999999999,0.0,4953.299999999999,4971.299999999999,18.0,4543,0
mid2,result_1000_mid2.json,FG-DSCR,c239,default,edge-7,176,4971.299999999999,0.0,4971.299999999999,4989.299999999999,18.0,4543,0
mid2,result_1000_mid2.json,FG-DSCR,c959,default,edge-7,177,4989.299999999999,0.0,4989.299999999999,5007.299999999999,18.0,4543,0
mid2,result_1000_mid2.json,FG-DSCR,c120,default,edge-7,178,5007.299999999999,0.0,5007.299999999999,5028.299999999999,21.0,7760,0
mid2,result_1000_mid2.json,FG-DSCR,c089,default,edge-7,179,5028.299999999999,0.0,5028.299999999999,5046.299999999999,18.0,4543,0
mid2,result_1000_mid2.json,FG-DSCR,c329,default,edge-7,180,5046.299999999999,0.0,5046.299999999999,5064.299999999999,18.0,4543,0
mid2,result_1000_mid2.json,FG-DSCR,c929,default,edge-7,181,5064.299999999999,0.0,5064.299999999999,5082.299999999999,18.0,4543,0
mid2,result_1000_mid2.json,FG-DSCR,c119,default,edge-7,182,5082.299999999999,0.0,5082.299999999999,5100.299999999999,18.0,4543,0
mid2,result_1000_mid2.json,FG-DSCR,c779,default,edge-7,183,5100.299999999999,0.0,5100.299999999999,5118.299999999999,18.0,4543,0
mid2,result_1000_mid2.json,FG-DSCR,c449,default,edge-7,184,5118.299999999999,0.0,5118.299999999999,5136.299999999999,18.0,4543,0
mid2,result_1000_mid2.json,FG-DSCR,c569,default,edge-7,185,5136.299999999999,0.0,5136.299999999999,5154.299999999999,18.0,4543,0
mid2,result_1000_mid2.json,FG-DSCR,c029,default,edge-7,186,5154.299999999999,0.0,5154.299999999999,5172.299999999999,18.0,4543,0
mid2,result_1000_mid2.json,FG-DSCR,c059,default,edge-7,187,5172.299999999999,0.0,5172.299999999999,5190.299999999999,18.0,4543,0
mid2,result_1000_mid2.json,FG-DSCR,c689,default,edge-7,188,5190.299999999999,0.0,5190.299999999999,5208.299999999999,18.0,4543,0
mid2,result_1000_mid2.json,FG-DSCR,c839,default,edge-7,189,5208.299999999999,0.0,5208.299999999999,5226.299999999999,18.0,4543,0
mid2,result_1000_mid2.json,FG-DSCR,c269,default,edge-7,190,5226.299999999999,0.0,5226.299999999999,5244.299999999999,18.0,4543,0
mid2,result_1000_mid2.json,FG-DSCR,c509,default,edge-7,191,5244.299999999999,0.0,5244.299999999999,5262.299999999999,18.0,4543,0
mid2,result_1000_mid2.json,FG-DSCR,c149,default,edge-7,192,5262.299999999999,0.0,5262.299999999999,5280.299999999999,18.0,4543,0
mid2,result_1000_mid2.json,FG-DSCR,c209,default,edge-7,193,5280.299999999999,0.0,5280.299999999999,5298.299999999999,18.0,4543,0
mid2,result_1000_mid2.json,FG-DSCR,c809,default,edge-7,194,5298.299999999999,0.0,5298.299999999999,5316.299999999999,18.0,4543,0
mid2,result_1000_mid2.json,FG-DSCR,c359,default,edge-7,195,5316.299999999999,0.0,5316.299999999999,5334.299999999999,18.0,4543,0
mid2,result_1000_mid2.json,FG-DSCR,c869,default,edge-7,196,5334.299999999999,0.0,5334.299999999999,5352.299999999999,18.0,4543,0
mid2,result_1000_mid2.json,FG-DSCR,c989,default,edge-7,197,5352.299999999999,0.0,5352.299999999999,5370.299999999999,18.0,4543,0
mid2,result_1000_mid2.json,FG-DSCR,c539,default,edge-7,198,5370.299999999999,0.0,5370.299999999999,5388.299999999999,18.0,4543,0
mid2,result_1000_mid2.json,FG-DSCR,c500,default,edge-8,1,0.0,719.4,719.4,736.4,17.0,0,7194
mid2,result_1000_mid2.json,FG-DSCR,c740,default,edge-8,2,736.4,0.0,736.4,753.4,17.0,7194,0
mid2,result_1000_mid2.json,FG-DSCR,c830,default,edge-8,3,753.4,0.0,753.4,770.4,17.0,7194,0
mid2,result_1000_mid2.json,FG-DSCR,c680,default,edge-8,4,770.4,0.0,770.4,787.4,17.0,7194,0
mid2,result_1000_mid2.json,FG-DSCR,c650,default,edge-8,5,787.4,0.0,787.4,804.4,17.0,7194,0
mid2,result_1000_mid2.json,FG-DSCR,c860,default,edge-8,6,804.4,0.0,804.4,821.4,17.0,7194,0
mid2,result_1000_mid2.json,FG-DSCR,c710,default,edge-8,7,821.4,0.0,821.4,838.4,17.0,7194,0
mid2,result_1000_mid2.json,FG-DSCR,c530,default,edge-8,8,838.4,0.0,838.4,855.4,17.0,7194,0
mid2,result_1000_mid2.json,FG-DSCR,c980,default,edge-8,9,855.4,0.0,855.4,872.4,17.0,7194,0
mid2,result_1000_mid2.json,FG-DSCR,c560,default,edge-8,10,872.4,0.0,872.4,889.4,17.0,7194,0
mid2,result_1000_mid2.json,FG-DSCR,c950,default,edge-8,11,889.4,0.0,889.4,906.4,17.0,7194,0
mid2,result_1000_mid2.json,FG-DSCR,c920,default,edge-8,12,906.4,0.0,906.4,923.4,17.0,7194,0
mid2,result_1000_mid2.json,FG-DSCR,c590,default,edge-8,13,923.4,0.0,923.4,940.4,17.0,7194,0
mid2,result_1000_mid2.json,FG-DSCR,c620,default,edge-8,14,940.4,0.0,940.4,957.4,17.0,7194,0
mid2,result_1000_mid2.json,FG-DSCR,c800,default,edge-8,15,957.4,0.0,957.4,974.4,17.0,7194,0
mid2,result_1000_mid2.json,FG-DSCR,c890,default,edge-8,16,974.4,0.0,974.4,991.4,17.0,7194,0
mid2,result_1000_mid2.json,FG-DSCR,c770,default,edge-8,17,991.4,0.0,991.4,1008.4,17.0,7194,0
mid2,result_1000_mid2.json,FG-DSCR,c891,default,edge-8,18,1008.4,72.0,1080.4,1100.4,20.0,5694,720
mid2,result_1000_mid2.json,FG-DSCR,c801,default,edge-8,19,1100.4,0.0,1100.4,1120.4,20.0,6414,0
mid2,result_1000_mid2.json,FG-DSCR,c621,default,edge-8,20,1120.4,0.0,1120.4,1140.4,20.0,6414,0
mid2,result_1000_mid2.json,FG-DSCR,c681,default,edge-8,21,1140.4,0.0,1140.4,1160.4,20.0,6414,0
mid2,result_1000_mid2.json,FG-DSCR,c771,default,edge-8,22,1160.4,0.0,1160.4,1180.4,20.0,6414,0
mid2,result_1000_mid2.json,FG-DSCR,c923,default,edge-8,23,1180.4,135.0,1315.4,1329.4,14.0,6410,1350
mid2,result_1000_mid2.json,FG-DSCR,c953,default,edge-8,24,1329.4,0.0,1329.4,1343.4,14.0,7760,0
mid2,result_1000_mid2.json,FG-DSCR,c833,default,edge-8,25,1343.4,0.0,1343.4,1357.4,14.0,7760,0
mid2,result_1000_mid2.json,FG-DSCR,c473,default,edge-8,26,1357.4,0.0,1357.4,1371.4,14.0,7760,0
mid2,result_1000_mid2.json,FG-DSCR,c803,default,edge-8,27,1371.4,0.0,1371.4,1385.4,14.0,7760,0
mid2,result_1000_mid2.json,FG-DSCR,c653,default,edge-8,28,1385.4,0.0,1385.4,1399.4,14.0,7760,0
mid2,result_1000_mid2.json,FG-DSCR,c773,default,edge-8,29,1399.4,0.0,1399.4,1413.4,14.0,7760,0
mid2,result_1000_mid2.json,FG-DSCR,c983,default,edge-8,30,1413.4,0.0,1413.4,1427.4,14.0,7760,0
mid2,result_1000_mid2.json,FG-DSCR,c593,default,edge-8,31,1427.4,0.0,1427.4,1441.4,14.0,7760,0
mid2,result_1000_mid2.json,FG-DSCR,c863,default,edge-8,32,1441.4,0.0,1441.4,1455.4,14.0,7760,0
mid2,result_1000_mid2.json,FG-DSCR,c503,default,edge-8,33,1455.4,0.0,1455.4,1469.4,14.0,7760,0
mid2,result_1000_mid2.json,FG-DSCR,c743,default,edge-8,34,1469.4,0.0,1469.4,1483.4,14.0,7760,0
mid2,result_1000_mid2.json,FG-DSCR,c623,default,edge-8,35,1483.4,0.0,1483.4,1497.4,14.0,7760,0
mid2,result_1000_mid2.json,FG-DSCR,c533,default,edge-8,36,1497.4,0.0,1497.4,1511.4,14.0,7760,0
mid2,result_1000_mid2.json,FG-DSCR,c893,default,edge-8,37,1511.4,0.0,1511.4,1525.4,14.0,7760,0
mid2,result_1000_mid2.json,FG-DSCR,c683,default,edge-8,38,1525.4,0.0,1525.4,1539.4,14.0,7760,0
mid2,result_1000_mid2.json,FG-DSCR,c713,default,edge-8,39,1539.4,0.0,1539.4,1553.4,14.0,7760,0
mid2,result_1000_mid2.json,FG-DSCR,c563,default,edge-8,40,1553.4,0.0,1553.4,1567.4,14.0,7760,0
mid2,result_1000_mid2.json,FG-DSCR,c711,default,edge-8,41,1567.4,0.0,1567.4,1587.4,20.0,6414,0
mid2,result_1000_mid2.json,FG-DSCR,c651,default,edge-8,42,1587.4,0.0,1587.4,1607.4,20.0,6414,0
mid2,result_1000_mid2.json,FG-DSCR,c741,default,edge-8,43,1607.4,0.0,1607.4,1627.4,20.0,6414,0
mid2,result_1000_mid2.json,FG-DSCR,c861,default,edge-8,44,1627.4,0.0,1627.4,1647.4,20.0,6414,0
mid2,result_1000_mid2.json,FG-DSCR,c831,default,edge-8,45,1647.4,0.0,1647.4,1667.4,20.0,6414,0
mid2,result_1000_mid2.json,FG-DSCR,c501,default,edge-8,46,1667.4,0.0,1667.4,1687.4,20.0,6414,0
mid2,result_1000_mid2.json,FG-DSCR,c531,default,edge-8,47,1687.4,0.0,1687.4,1707.4,20.0,6414,0
mid2,result_1000_mid2.json,FG-DSCR,c561,default,edge-8,48,1707.4,0.0,1707.4,1727.4,20.0,6414,0
mid2,result_1000_mid2.json,FG-DSCR,c981,default,edge-8,49,1727.4,0.0,1727.4,1747.4,20.0,6414,0
mid2,result_1000_mid2.json,FG-DSCR,c921,default,edge-8,50,1747.4,0.0,1747.4,1767.4,20.0,6414,0
mid2,result_1000_mid2.json,FG-DSCR,c591,default,edge-8,51,1767.4,0.0,1767.4,1787.4,20.0,6414,0
mid2,result_1000_mid2.json,FG-DSCR,c951,default,edge-8,52,1787.4,0.0,1787.4,1807.4,20.0,6414,0
mid2,result_1000_mid2.json,FG-DSCR,c799,default,edge-8,53,1807.4,90.1,1897.5,1911.5,14.0,5690,901
mid2,result_1000_mid2.json,FG-DSCR,c859,default,edge-8,54,1911.5,0.0,1911.5,1925.5,14.0,6591,0
mid2,result_1000_mid2.json,FG-DSCR,c919,default,edge-8,55,1925.5,0.0,1925.5,1939.5,14.0,6591,0
mid2,result_1000_mid2.json,FG-DSCR,c502,default,edge-8,56,1939.5,0.0,1939.5,1962.5,23.0,6441,0
mid2,result_1000_mid2.json,FG-DSCR,c889,default,edge-8,57,1962.5,0.0,1962.5,1976.5,14.0,6591,0
mid2,result_1000_mid2.json,FG-DSCR,c682,default,edge-8,58,1976.5,0.0,1976.5,1999.5,23.0,6441,0
mid2,result_1000_mid2.json,FG-DSCR,c649,default,edge-8,59,1999.5,0.0,1999.5,2013.5,14.0,6591,0
mid2,result_1000_mid2.json,FG-DSCR,c952,default,edge-8,60,2013.5,0.0,2013.5,2036.5,23.0,6441,0
mid2,result_1000_mid2.json,FG-DSCR,c709,default,edge-8,61,2036.5,0.0,2036.5,2050.5,14.0,6591,0
mid2,result_1000_mid2.json,FG-DSCR,c622,default,edge-8,62,2050.5,0.0,2050.5,2073.5,23.0,6441,0
mid2,result_1000_mid2.json,FG-DSCR,c742,default,edge-8,63,2073.5,0.0,2073.5,2096.5,23.0,6441,0
mid2,result_1000_mid2.json,FG-DSCR,c589,default,edge-8,64,2096.5,0.0,2096.5,2110.5,14.0,6591,0
mid2,result_1000_mid2.json,FG-DSCR,c772,default,edge-8,65,2110.5,0.0,2110.5,2133.5,23.0,6441,0
mid2,result_1000_mid2.json,FG-DSCR,c679,default,edge-8,66,2133.5,0.0,2133.5,2147.5,14.0,6591,0
mid2,result_1000_mid2.json,FG-DSCR,c802,default,edge-8,67,2147.5,0.0,2147.5,2170.5,23.0,6441,0
mid2,result_1000_mid2.json,FG-DSCR,c739,default,edge-8,68,2170.5,0.0,2170.5,2184.5,14.0,6591,0
mid2,result_1000_mid2.json,FG-DSCR,c982,default,edge-8,69,2184.5,0.0,2184.5,2207.5,23.0,6441,0
mid2,result_1000_mid2.json,FG-DSCR,c619,default,edge-8,70,2207.5,0.0,2207.5,2221.5,14.0,6591,0
mid2,result_1000_mid2.json,FG-DSCR,c562,default,edge-8,71,2221.5,0.0,2221.5,2244.5,23.0,6441,0
mid2,result_1000_mid2.json,FG-DSCR,c019,default,edge-8,72,2244.5,0.0,2244.5,2258.5,14.0,6591,0
mid2,result_1000_mid2.json,FG-DSCR,c592,default,edge-8,73,2258.5,0.0,2258.5,2281.5,23.0,6441,0
mid2,result_1000_mid2.json,FG-DSCR,c979,default,edge-8,74,2281.5,0.0,2281.5,2295.5,14.0,6591,0
mid2,result_1000_mid2.json,FG-DSCR,c564,default,edge-8,75,2295.5,0.0,2295.5,2312.5,17.0,6411,0
mid2,result_1000_mid2.json,FG-DSCR,c922,default,edge-8,76,2312.5,0.0,2312.5,2335.5,23.0,6441,0
mid2,result_1000_mid2.json,FG-DSCR,c744,default,edge-8,77,2335.5,0.0,2335.5,2352.5,17.0,6411,0
mid2,result_1000_mid2.json,FG-DSCR,c769,default,edge-8,78,2352.5,0.0,2352.5,2366.5,14.0,6591,0
mid2,result_1000_mid2.json,FG-DSCR,c862,default,edge-8,79,2366.5,0.0,2366.5,2389.5,23.0,6441,0
mid2,result_1000_mid2.json,FG-DSCR,c624,default,edge-8,80,2389.5,0.0,2389.5,2406.5,17.0,6411,0
mid2,result_1000_mid2.json,FG-DSCR,c529,default,edge-8,81,2406.5,0.0,2406.5,2420.5,14.0,6591,0
mid2,result_1000_mid2.json,FG-DSCR,c594,default,edge-8,82,2420.5,0.0,2420.5,2437.5,17.0,6411,0
mid2,result_1000_mid2.json,FG-DSCR,c892,default,edge-8,83,2437.5,0.0,2437.5,2460.5,23.0,6441,0
mid2,result_1000_mid2.json,FG-DSCR,c714,default,edge-8,84,2460.5,0.0,2460.5,2477.5,17.0,6411,0
mid2,result_1000_mid2.json,FG-DSCR,c559,default,edge-8,85,2477.5,0.0,2477.5,2491.5,14.0,6591,0
mid2,result_1000_mid2.json,FG-DSCR,c832,default,edge-8,86,2491.5,0.0,2491.5,2514.5,23.0,6441,0
mid2,result_1000_mid2.json,FG-DSCR,c504,default,edge-8,87,2514.5,0.0,2514.5,2531.5,17.0,6411,0
mid2,result_1000_mid2.json,FG-DSCR,c712,default,edge-8,88,2531.5,0.0,2531.5,2554.5,23.0,6441,0
mid2,result_1000_mid2.json,FG-DSCR,c774,default,edge-8,89,2554.5,0.0,2554.5,2571.5,17.0,6411,0
mid2,result_1000_mid2.json,FG-DSCR,c499,default,edge-8,90,2571.5,0.0,2571.5,2585.5,14.0,6591,0
mid2,result_1000_mid2.json,FG-DSCR,c684,default,edge-8,91,2585.5,0.0,2585.5,2602.5,17.0,6411,0
mid2,result_1000_mid2.json,FG-DSCR,c652,default,edge-8,92,2602.5,0.0,2602.5,2625.5,23.0,6441,0
mid2,result_1000_mid2.json,FG-DSCR,c949,default,edge-8,93,2625.5,0.0,2625.5,2639.5,14.0,6591,0
mid2,result_1000_mid2.json,FG-DSCR,c474,default,edge-8,94,2639.5,0.0,2639.5,2656.5,17.0,6411,0
mid2,result_1000_mid2.json,FG-DSCR,c022,default,edge-8,95,2656.5,0.0,2656.5,2679.5,23.0,6441,0
mid2,result_1000_mid2.json,FG-DSCR,c654,default,edge-8,96,2679.5,0.0,2679.5,2696.5,17.0,6411,0
mid2,result_1000_mid2.json,FG-DSCR,c829,default,edge-8,97,2696.5,0.0,2696.5,2710.5,14.0,6591,0
mid2,result_1000_mid2.json,FG-DSCR,c532,default,edge-8,98,2710.5,0.0,2710.5,2733.5,23.0,6441,0
mid2,result_1000_mid2.json,FG-DSCR,c534,default,edge-8,99,2733.5,0.0,2733.5,2750.5,17.0,6411,0
tuned,result_1000_tuned.json,FG-DSCR,c920,default,edge-1,1,0.0,1438.8,1438.8,1455.8,17.0,0,7194
tuned,result_1000_tuned.json,FG-DSCR,c440,default,edge-1,2,1455.8,0.0,1455.8,1472.8,17.0,7194,0
tuned,result_1000_tuned.json,FG-DSCR,c200,default,edge-1,3,1472.8,0.0,1472.8,1489.8,17.0,7194,0
tuned,result_1000_tuned.json,FG-DSCR,c050,default,edge-1,4,1489.8,0.0,1489.8,1506.8,17.0,7194,0
tuned,result_1000_tuned.json,FG-DSCR,c260,default,edge-1,5,1506.8,0.0,1506.8,1523.8,17.0,7194,0
tuned,result_1000_tuned.json,FG-DSCR,c020,default,edge-1,6,1523.8,0.0,1523.8,1540.8,17.0,7194,0
tuned,result_1000_tuned.json,FG-DSCR,c860,default,edge-1,7,1540.8,0.0,1540.8,1557.8,17.0,7194,0
tuned,result_1000_tuned.json,FG-DSCR,c530,default,edge-1,8,1557.8,0.0,1557.8,1574.8,17.0,7194,0
tuned,result_1000_tuned.json,FG-DSCR,c140,default,edge-1,9,1574.8,0.0,1574.8,1591.8,17.0,7194,0
tuned,result_1000_tuned.json,FG-DSCR,c110,default,edge-1,10,1591.8,0.0,1591.8,1608.8,17.0,7194,0
tuned,result_1000_tuned.json,FG-DSCR,c770,default,edge-1,11,1608.8,0.0,1608.8,1625.8,17.0,7194,0
tuned,result_1000_tuned.json,FG-DSCR,c560,default,edge-1,12,1625.8,0.0,1625.8,1642.8,17.0,7194,0
tuned,result_1000_tuned.json,FG-DSCR,c080,default,edge-1,13,1642.8,0.0,1642.8,1659.8,17.0,7194,0
tuned,result_1000_tuned.json,FG-DSCR,c410,default,edge-1,14,1659.8,0.0,1659.8,1676.8,17.0,7194,0
tuned,result_1000_tuned.json,FG-DSCR,c320,default,edge-1,15,1676.8,0.0,1676.8,1693.8,17.0,7194,0
tuned,result_1000_tuned.json,FG-DSCR,c830,default,edge-1,16,1693.8,0.0,1693.8,1710.8,17.0,7194,0
tuned,result_1000_tuned.json,FG-DSCR,c890,default,edge-1,17,1710.8,0.0,1710.8,1727.8,17.0,7194,0
tuned,result_1000_tuned.json,FG-DSCR,c710,default,edge-1,18,1727.8,0.0,1727.8,1744.8,17.0,7194,0
tuned,result_1000_tuned.json,FG-DSCR,c680,default,edge-1,19,1744.8,0.0,1744.8,1761.8,17.0,7194,0
tuned,result_1000_tuned.json,FG-DSCR,c740,default,edge-1,20,1761.8,0.0,1761.8,1778.8,17.0,7194,0
tuned,result_1000_tuned.json,FG-DSCR,c980,default,edge-1,21,1778.8,0.0,1778.8,1795.8,17.0,7194,0
tuned,result_1000_tuned.json,FG-DSCR,c950,default,edge-1,22,1795.8,0.0,1795.8,1812.8,17.0,7194,0
tuned,result_1000_tuned.json,FG-DSCR,c170,default,edge-1,23,1812.8,0.0,1812.8,1829.8,17.0,7194,0
tuned,result_1000_tuned.json,FG-DSCR,c290,default,edge-1,24,1829.8,0.0,1829.8,1846.8,17.0,7194,0
tuned,result_1000_tuned.json,FG-DSCR,c470,default,edge-1,25,1846.8,0.0,1846.8,1863.8,17.0,7194,0
tuned,result_1000_tuned.json,FG-DSCR,c380,default,edge-1,26,1863.8,0.0,1863.8,1880.8,17.0,7194,0
tuned,result_1000_tuned.json,FG-DSCR,c230,default,edge-1,27,1880.8,0.0,1880.8,1897.8,17.0,7194,0
tuned,result_1000_tuned.json,FG-DSCR,c500,default,edge-1,28,1897.8,0.0,1897.8,1914.8,17.0,7194,0
tuned,result_1000_tuned.json,FG-DSCR,c620,default,edge-1,29,1914.8,0.0,1914.8,1931.8,17.0,7194,0
tuned,result_1000_tuned.json,FG-DSCR,c800,default,edge-1,30,1931.8,0.0,1931.8,1948.8,17.0,7194,0
tuned,result_1000_tuned.json,FG-DSCR,c590,default,edge-1,31,1948.8,0.0,1948.8,1965.8,17.0,7194,0
tuned,result_1000_tuned.json,FG-DSCR,c650,default,edge-1,32,1965.8,0.0,1965.8,1982.8,17.0,7194,0
tuned,result_1000_tuned.json,FG-DSCR,c350,default,edge-1,33,1982.8,0.0,1982.8,1999.8,17.0,7194,0
tuned,result_1000_tuned.json,FG-DSCR,c951,default,edge-1,34,1999.8,144.0,2143.8,2163.8,20.0,5694,720
tuned,result_1000_tuned.json,FG-DSCR,c834,default,edge-1,35,2163.8,0.2,2164.0,2181.0,17.0,6410,1
tuned,result_1000_tuned.json,FG-DSCR,c741,default,edge-1,36,2181.0,0.0,2181.0,2201.0,20.0,6414,0
tuned,result_1000_tuned.json,FG-DSCR,c414,default,edge-1,37,2201.0,0.0,2201.0,2218.0,17.0,6411,0
tuned,result_1000_tuned.json,FG-DSCR,c801,default,edge-1,38,2218.0,0.0,2218.0,2238.0,20.0,6414,0
tuned,result_1000_tuned.json,FG-DSCR,c054,default,edge-1,39,2238.0,0.0,2238.0,2255.0,17.0,6411,0
tuned,result_1000_tuned.json,FG-DSCR,c771,default,edge-1,40,2255.0,0.0,2255.0,2275.0,20.0,6414,0
tuned,result_1000_tuned.json,FG-DSCR,c144,default,edge-1,41,2275.0,0.0,2275.0,2292.0,17.0,6411,0
tuned,result_1000_tuned.json,FG-DSCR,c141,default,edge-1,42,2292.0,0.0,2292.0,2312.0,20.0,6414,0
tuned,result_1000_tuned.json,FG-DSCR,c204,default,edge-1,43,2312.0,0.0,2312.0,2329.0,17.0,6411,0
tuned,result_1000_tuned.json,FG-DSCR,c021,default,edge-1,44,2329.0,0.0,2329.0,2349.0,20.0,6414,0
tuned,result_1000_tuned.json,FG-DSCR,c924,default,edge-1,45,2349.0,0.0,2349.0,2366.0,17.0,6411,0
tuned,result_1000_tuned.json,FG-DSCR,c411,default,edge-1,46,2366.0,0.0,2366.0,2386.0,20.0,6414,0
tuned,result_1000_tuned.json,FG-DSCR,c684,default,edge-1,47,2386.0,0.0,2386.0,2403.0,17.0,6411,0
tuned,result_1000_tuned.json,FG-DSCR,c291,default,edge-1,48,2403.0,0.0,2403.0,2423.0,20.0,6414,0
tuned,result_1000_tuned.json,FG-DSCR,c444,default,edge-1,49,2423.0,0.0,2423.0,2440.0,17.0,6411,0
tuned,result_1000_tuned.json,FG-DSCR,c561,default,edge-1,50,2440.0,0.0,2440.0,2460.0,20.0,6414,0
tuned,result_1000_tuned.json,FG-DSCR,c954,default,edge-1,51,2460.0,0.0,2460.0,2477.0,17.0,6411,0
tuned,result_1000_tuned.json,FG-DSCR,c531,default,edge-1,52,2477.0,0.0,2477.0,2497.0,20.0,6414,0
tuned,result_1000_tuned.json,FG-DSCR,c234,default,edge-1,53,2497.0,0.0,2497.0,2514.0,17.0,6411,0
tuned,result_1000_tuned.json,FG-DSCR,c621,default,edge-1,54,2514.0,0.0,2514.0,2534.0,20.0,6414,0
tuned,result_1000_tuned.json,FG-DSCR,c534,default,edge-1,55,2534.0,0.0,2534.0,2551.0,17.0,6411,0
tuned,result_1000_tuned.json,FG-DSCR,c201,default,edge-1,56,2551.0,0.0,2551.0,2571.0,20.0,6414,0
tuned,result_1000_tuned.json,FG-DSCR,c744,default,edge-1,57,2571.0,0.0,2571.0,2588.0,17.0,6411,0
tuned,result_1000_tuned.json,FG-DSCR,c501,default,edge-1,58,2588.0,0.0,2588.0,2608.0,20.0,6414,0
tuned,result_1000_tuned.json,FG-DSCR,c984,default,edge-1,59,2608.0,0.0,2608.0,2625.0,17.0,6411,0
tuned,result_1000_tuned.json,FG-DSCR,c051,default,edge-1,60,2625.0,0.0,2625.0,2645.0,20.0,6414,0
tuned,result_1000_tuned.json,FG-DSCR,c594,default,edge-1,61,2645.0,0.0,2645.0,2662.0,17.0,6411,0
tuned,result_1000_tuned.json,FG-DSCR,c651,default,edge-1,62,2662.0,0.0,2662.0,2682.0,20.0,6414,0
tuned,result_1000_tuned.json,FG-DSCR,c714,default,edge-1,63,2682.0,0.0,2682.0,2699.0,17.0,6411,0
tuned,result_1000_tuned.json,FG-DSCR,c381,default,edge-1,64,2699.0,0.0,2699.0,2719.0,20.0,6414,0
tuned,result_1000_tuned.json,FG-DSCR,c084,default,edge-1,65,2719.0,0.0,2719.0,2736.0,17.0,6411,0
tuned,result_1000_tuned.json,FG-DSCR,c591,default,edge-1,66,2736.0,0.0,2736.0,2756.0,20.0,6414,0
tuned,result_1000_tuned.json,FG-DSCR,c624,default,edge-1,67,2756.0,0.0,2756.0,2773.0,17.0,6411,0
tuned,result_1000_tuned.json,FG-DSCR,c294,default,edge-1,68,2773.0,0.0,2773.0,2790.0,17.0,6411,0
tuned,result_1000_tuned.json,FG-DSCR,c471,default,edge-1,69,2790.0,0.0,2790.0,2810.0,20.0,6414,0
tuned,result_1000_tuned.json,FG-DSCR,c354,default,edge-1,70,2810.0,0.0,2810.0,2827.0,17.0,6411,0
tuned,result_1000_tuned.json,FG-DSCR,c711,default,edge-1,71,2827.0,0.0,2827.0,2847.0,20.0,6414,0
tuned,result_1000_tuned.json,FG-DSCR,c174,default,edge-1,72,2847.0,0.0,2847.0,2864.0,17.0,6411,0
tuned,result_1000_tuned.json,FG-DSCR,c111,default,edge-1,73,2864.0,0.0,2864.0,2884.0,20.0,6414,0
tuned,result_1000_tuned.json,FG-DSCR,c384,default,edge-1,74,2884.0,0.0,2884.0,2901.0,17.0,6411,0
tuned,result_1000_tuned.json,FG-DSCR,c171,default,edge-1,75,2901.0,0.0,2901.0,2921.0,20.0,6414,0
tuned,result_1000_tuned.json,FG-DSCR,c504,default,edge-1,76,2921.0,0.0,2921.0,2938.0,17.0,6411,0
tuned,result_1000_tuned.json,FG-DSCR,c861,default,edge-1,77,2938.0,0.0,2938.0,2958.0,20.0,6414,0
tuned,result_1000_tuned.json,FG-DSCR,c804,default,edge-1,78,2958.0,0.0,2958.0,2975.0,17.0,6411,0
tuned,result_1000_tuned.json,FG-DSCR,c261,default,edge-1,79,2975.0,0.0,2975.0,2995.0,20.0,6414,0
tuned,result_1000_tuned.json,FG-DSCR,c324,default,edge-1,80,2995.0,0.0,2995.0,3012.0,17.0,6411,0
tuned,result_1000_tuned.json,FG-DSCR,c081,default,edge-1,81,3012.0,0.0,3012.0,3032.0,20.0,6414,0
tuned,result_1000_tuned.json,FG-DSCR,c114,default,edge-1,82,3032.0,0.0,3032.0,3049.0,17.0,6411,0
tuned,result_1000_tuned.json,FG-DSCR,c321,default,edge-1,83,3049.0,0.0,3049.0,3069.0,20.0,6414,0
tuned,result_1000_tuned.json,FG-DSCR,c774,default,edge-1,84,3069.0,0.0,3069.0,3086.0,17.0,6411,0
tuned,result_1000_tuned.json,FG-DSCR,c921,default,edge-1,85,3086.0,0.0,3086.0,3106.0,20.0,6414,0
tuned,result_1000_tuned.json,FG-DSCR,c864,default,edge-1,86,3106.0,0.0,3106.0,3123.0,17.0,6411,0
tuned,result_1000_tuned.json,FG-DSCR,c441,default,edge-1,87,3123.0,0.0,3123.0,3143.0,20.0,6414,0
tuned,result_1000_tuned.json,FG-DSCR,c024,default,edge-1,88,3143.0,0.0,3143.0,3160.0,17.0,6411,0
tuned,result_1000_tuned.json,FG-DSCR,c891,default,edge-1,89,3160.0,0.0,3160.0,3180.0,20.0,6414,0
tuned,result_1000_tuned.json,FG-DSCR,c474,default,edge-1,90,3180.0,0.0,3180.0,3197.0,17.0,6411,0
tuned,result_1000_tuned.json,FG-DSCR,c351,default,edge-1,91,3197.0,0.0,3197.0,3217.0,20.0,6414,0
tuned,result_1000_tuned.json,FG-DSCR,c264,default,edge-1,92,3217.0,0.0,3217.0,3234.0,17.0,6411,0
tuned,result_1000_tuned.json,FG-DSCR,c981,default,edge-1,93,3234.0,0.0,3234.0,3254.0,20.0,6414,0
tuned,result_1000_tuned.json,FG-DSCR,c894,default,edge-1,94,3254.0,0.0,3254.0,3271.0,17.0,6411,0
tuned,result_1000_tuned.json,FG-DSCR,c831,default,edge-1,95,3271.0,0.0,3271.0,3291.0,20.0,6414,0
tuned,result_1000_tuned.json,FG-DSCR,c564,default,edge-1,96,3291.0,0.0,3291.0,3308.0,17.0,6411,0
tuned,result_1000_tuned.json,FG-DSCR,c231,default,edge-1,97,3308.0,0.0,3308.0,3328.0,20.0,6414,0
tuned,result_1000_tuned.json,FG-DSCR,c654,default,edge-1,98,3328.0,0.0,3328.0,3345.0,17.0,6411,0
tuned,result_1000_tuned.json,FG-DSCR,c681,default,edge-1,99,3345.0,0.0,3345.0,3365.0,20.0,6414,0
tuned,result_1000_tuned.json,FG-DSCR,c893,default,edge-1,100,3365.0,270.0,3635.0,3649.0,14.0,6410,1350
tuned,result_1000_tuned.json,FG-DSCR,c413,default,edge-1,101,3649.0,0.0,3649.0,3663.0,14.0,7760,0
tuned,result_1000_tuned.json,FG-DSCR,c143,default,edge-1,102,3663.0,0.0,3663.0,3677.0,14.0,7760,0
tuned,result_1000_tuned.json,FG-DSCR,c683,default,edge-1,103,3677.0,0.0,3677.0,3691.0,14.0,7760,0
tuned,result_1000_tuned.json,FG-DSCR,c773,default,edge-1,104,3691.0,0.0,3691.0,3705.0,14.0,7760,0
tuned,result_1000_tuned.json,FG-DSCR,c293,default,edge-1,105,3705.0,0.0,3705.0,3719.0,14.0,7760,0
tuned,result_1000_tuned.json,FG-DSCR,c803,default,edge-1,106,3719.0,0.0,3719.0,3733.0,14.0,7760,0
tuned,result_1000_tuned.json,FG-DSCR,c383,default,edge-1,107,3733.0,0.0,3733.0,3747.0,14.0,7760,0
tuned,result_1000_tuned.json,FG-DSCR,c563,default,edge-1,108,3747.0,0.0,3747.0,3761.0,14.0,7760,0
tuned,result_1000_tuned.json,FG-DSCR,c233,default,edge-1,109,3761.0,0.0,3761.0,3775.0,14.0,7760,0
tuned,result_1000_tuned.json,FG-DSCR,c053,default,edge-1,110,3775.0,0.0,3775.0,3789.0,14.0,7760,0
tuned,result_1000_tuned.json,FG-DSCR,c263,default,edge-1,111,3789.0,0.0,3789.0,3803.0,14.0,7760,0
tuned,result_1000_tuned.json,FG-DSCR,c533,default,edge-1,112,3803.0,0.0,3803.0,3817.0,14.0,7760,0
tuned,result_1000_tuned.json,FG-DSCR,c443,default,edge-1,113,3817.0,0.0,3817.0,3831.0,14.0,7760,0
tuned,result_1000_tuned.json,FG-DSCR,c623,default,edge-1,114,3831.0,0.0,3831.0,3845.0,14.0,7760,0
tuned,result_1000_tuned.json,FG-DSCR,c023,default,edge-1,115,3845.0,0.0,3845.0,3859.0,14.0,7760,0
tuned,result_1000_tuned.json,FG-DSCR,c503,default,edge-1,116,3859.0,0.0,3859.0,3873.0,14.0,7760,0
tuned,result_1000_tuned.json,FG-DSCR,c083,default,edge-1,117,3873.0,0.0,3873.0,3887.0,14.0,7760,0
tuned,result_1000_tuned.json,FG-DSCR,c983,default,edge-1,118,3887.0,0.0,3887.0,3901.0,14.0,7760,0
tuned,result_1000_tuned.json,FG-DSCR,c653,default,edge-1,119,3901.0,0.0,3901.0,3915.0,14.0,7760,0
tuned,result_1000_tuned.json,FG-DSCR,c743,default,edge-1,120,3915.0,0.0,3915.0,3929.0,14.0,7760,0
tuned,result_1000_tuned.json,FG-DSCR,c713,default,edge-1,121,3929.0,0.0,3929.0,3943.0,14.0,7760,0
tuned,result_1000_tuned.json,FG-DSCR,c173,default,edge-1,122,3943.0,0.0,3943.0,3957.0,14.0,7760,0
tuned,result_1000_tuned.json,FG-DSCR,c833,default,edge-1,123,3957.0,0.0,3957.0,3971.0,14.0,7760,0
tuned,result_1000_tuned.json,FG-DSCR,c953,default,edge-1,124,3971.0,0.0,3971.0,3985.0,14.0,7760,0
tuned,result_1000_tuned.json,FG-DSCR,c113,default,edge-1,125,3985.0,0.0,3985.0,3999.0,14.0,7760,0
tuned,result_1000_tuned.json,FG-DSCR,c923,default,edge-1,126,3999.0,0.0,3999.0,4013.0,14.0,7760,0
tuned,result_1000_tuned.json,FG-DSCR,c323,default,edge-1,127,4013.0,0.0,4013.0,4027.0,14.0,7760,0
tuned,result_1000_tuned.json,FG-DSCR,c353,default,edge-1,128,4027.0,0.0,4027.0,4041.0,14.0,7760,0
tuned,result_1000_tuned.json,FG-DSCR,c473,default,edge-1,129,4041.0,0.0,4041.0,4055.0,14.0,7760,0
tuned,result_1000_tuned.json,FG-DSCR,c593,default,edge-1,130,4055.0,0.0,4055.0,4069.0,14.0,7760,0
tuned,result_1000_tuned.json,FG-DSCR,c203,default,edge-1,131,4069.0,0.0,4069.0,4083.0,14.0,7760,0
tuned,result_1000_tuned.json,FG-DSCR,c863,default,edge-1,132,4083.0,0.0,4083.0,4097.0,14.0,7760,0
tuned,result_1000_tuned.json,FG-DSCR,c469,default,edge-1,133,4097.0,180.0,4277.0,4291.0,14.0,5691,900
tuned,result_1000_tuned.json,FG-DSCR,c349,default,edge-1,134,4291.0,0.0,4291.0,4305.0,14.0,6591,0
tuned,result_1000_tuned.json,FG-DSCR,c289,default,edge-1,135,4305.0,0.0,4305.0,4319.0,14.0,6591,0
tuned,result_1000_tuned.json,FG-DSCR,c949,default,edge-1,136,4319.0,0.0,4319.0,4333.0,14.0,6591,0
tuned,result_1000_tuned.json,FG-DSCR,c442,default,edge-1,137,4333.0,0.0,4333.0,4356.0,23.0,6441,0
tuned,result_1000_tuned.json,FG-DSCR,c049,default,edge-1,138,4356.0,0.0,4356.0,4370.0,14.0,6591,0
tuned,result_1000_tuned.json,FG-DSCR,c772,default,edge-1,139,4370.0,0.0,4370.0,4393.0,23.0,6441,0
tuned,result_1000_tuned.json,FG-DSCR,c769,default,edge-1,140,4393.0,0.0,4393.0,4407.0,14.0,6591,0
tuned,result_1000_tuned.json,FG-DSCR,c232,default,edge-1,141,4407.0,0.0,4407.0,4430.0,23.0,6441,0
tuned,result_1000_tuned.json,FG-DSCR,c529,default,edge-1,142,4430.0,0.0,4430.0,4444.0,14.0,6591,0
tuned,result_1000_tuned.json,FG-DSCR,c382,default,edge-1,143,4444.0,0.0,4444.0,4467.0,23.0,6441,0
tuned,result_1000_tuned.json,FG-DSCR,c439,default,edge-1,144,4467.0,0.0,4467.0,4481.0,14.0,6591,0
tuned,result_1000_tuned.json,FG-DSCR,c652,default,edge-1,145,4481.0,0.0,4481.0,4504.0,23.0,6441,0
tuned,result_1000_tuned.json,FG-DSCR,c379,default,edge-1,146,4504.0,0.0,4504.0,4518.0,14.0,6591,0
tuned,result_1000_tuned.json,FG-DSCR,c802,default,edge-1,147,4518.0,0.0,4518.0,4541.0,23.0,6441,0
tuned,result_1000_tuned.json,FG-DSCR,c409,default,edge-1,148,4541.0,0.0,4541.0,4555.0,14.0,6591,0
tuned,result_1000_tuned.json,FG-DSCR,c952,default,edge-1,149,4555.0,0.0,4555.0,4578.0,23.0,6441,0
tuned,result_1000_tuned.json,FG-DSCR,c829,default,edge-1,150,4578.0,0.0,4578.0,4592.0,14.0,6591,0
tuned,result_1000_tuned.json,FG-DSCR,c892,default,edge-1,151,4592.0,0.0,4592.0,4615.0,23.0,6441,0
tuned,result_1000_tuned.json,FG-DSCR,c919,default,edge-1,152,4615.0,0.0,4615.0,4629.0,14.0,6591,0
tuned,result_1000_tuned.json,FG-DSCR,c502,default,edge-1,153,4629.0,0.0,4629.0,4652.0,23.0,6441,0
tuned,result_1000_tuned.json,FG-DSCR,c712,default,edge-1,154,4652.0,0.0,4652.0,4675.0,23.0,6441,0
tuned,result_1000_tuned.json,FG-DSCR,c079,default,edge-1,155,4675.0,0.0,4675.0,4689.0,14.0,6591,0
tuned,result_1000_tuned.json,FG-DSCR,c022,default,edge-1,156,4689.0,0.0,4689.0,4712.0,23.0,6441,0
tuned,result_1000_tuned.json,FG-DSCR,c709,default,edge-1,157,4712.0,0.0,4712.0,4726.0,14.0,6591,0
tuned,result_1000_tuned.json,FG-DSCR,c832,default,edge-1,158,4726.0,0.0,4726.0,4749.0,23.0,6441,0
tuned,result_1000_tuned.json,FG-DSCR,c019,default,edge-1,159,4749.0,0.0,4749.0,4763.0,14.0,6591,0
tuned,result_1000_tuned.json,FG-DSCR,c412,default,edge-1,160,4763.0,0.0,4763.0,4786.0,23.0,6441,0
tuned,result_1000_tuned.json,FG-DSCR,c799,default,edge-1,161,4786.0,0.0,4786.0,4800.0,14.0,6591,0
tuned,result_1000_tuned.json,FG-DSCR,c682,default,edge-1,162,4800.0,0.0,4800.0,4823.0,23.0,6441,0
tuned,result_1000_tuned.json,FG-DSCR,c619,default,edge-1,163,4823.0,0.0,4823.0,4837.0,14.0,6591,0
tuned,result_1000_tuned.json,FG-DSCR,c742,default,edge-1,164,4837.0,0.0,4837.0,4860.0,23.0,6441,0
tuned,result_1000_tuned.json,FG-DSCR,c109,default,edge-1,165,4860.0,0.0,4860.0,4874.0,14.0,6591,0
tuned,result_1000_tuned.json,FG-DSCR,c082,default,edge-1,166,4874.0,0.0,4874.0,4897.0,23.0,6441,0
tuned,result_1000_tuned.json,FG-DSCR,c679,default,edge-1,167,4897.0,0.0,4897.0,4911.0,14.0,6591,0
tuned,result_1000_tuned.json,FG-DSCR,c202,default,edge-1,168,4911.0,0.0,4911.0,4934.0,23.0,6441,0
tuned,result_1000_tuned.json,FG-DSCR,c499,default,edge-1,169,4934.0,0.0,4934.0,4948.0,14.0,6591,0
tuned,result_1000_tuned.json,FG-DSCR,c472,default,edge-1,170,4948.0,0.0,4948.0,4971.0,23.0,6441,0
tuned,result_1000_tuned.json,FG-DSCR,c979,default,edge-1,171,4971.0,0.0,4971.0,4985.0,14.0,6591,0
tuned,result_1000_tuned.json,FG-DSCR,c862,default,edge-1,172,4985.0,0.0,4985.0,5008.0,23.0,6441,0
tuned,result_1000_tuned.json,FG-DSCR,c592,default,edge-1,173,5008.0,0.0,5008.0,5031.0,23.0,6441,0
tuned,result_1000_tuned.json,FG-DSCR,c889,default,edge-1,174,5031.0,0.0,5031.0,5045.0,14.0,6591,0
tuned,result_1000_tuned.json,FG-DSCR,c982,default,edge-1,175,5045.0,0.0,5045.0,5068.0,23.0,6441,0
tuned,result_1000_tuned.json,FG-DSCR,c589,default,edge-1,176,5068.0,0.0,5068.0,5082.0,14.0,6591,0
tuned,result_1000_tuned.json,FG-DSCR,c112,default,edge-1,177,5082.0,0.0,5082.0,5105.0,23.0,6441,0
tuned,result_1000_tuned.json,FG-DSCR,c229,default,edge-1,178,5105.0,0.0,5105.0,5119.0,14.0,6591,0
tuned,result_1000_tuned.json,FG-DSCR,c562,default,edge-1,179,5119.0,0.0,5119.0,5142.0,23.0,6441,0
tuned,result_1000_tuned.json,FG-DSCR,c139,default,edge-1,180,5142.0,0.0,5142.0,5156.0,14.0,6591,0
tuned,result_1000_tuned.json,FG-DSCR,c142,default,edge-1,181,5156.0,0.0,5156.0,5179.0,23.0,6441,0
tuned,result_1000_tuned.json,FG-DSCR,c169,default,edge-1,182,5179.0,0.0,5179.0,5193.0,14.0,6591,0
tuned,result_1000_tuned.json,FG-DSCR,c922,default,edge-1,183,5193.0,0.0,5193.0,5216.0,23.0,6441,0
tuned,result_1000_tuned.json,FG-DSCR,c739,default,edge-1,184,5216.0,0.0,5216.0,5230.0,14.0,6591,0
tuned,result_1000_tuned.json,FG-DSCR,c292,default,edge-1,185,5230.0,0.0,5230.0,5253.0,23.0,6441,0
tuned,result_1000_tuned.json,FG-DSCR,c259,default,edge-1,186,5253.0,0.0,5253.0,5267.0,14.0,6591,0
tuned,result_1000_tuned.json,FG-DSCR,c532,default,edge-1,187,5267.0,0.0,5267.0,5290.0,23.0,6441,0
tuned,result_1000_tuned.json,FG-DSCR,c199,default,edge-1,188,5290.0,0.0,5290.0,5304.0,14.0,6591,0
tuned,result_1000_tuned.json,FG-DSCR,c262,default,edge-1,189,5304.0,0.0,5304.0,5327.0,23.0,6441,0
tuned,result_1000_tuned.json,FG-DSCR,c559,default,edge-1,190,5327.0,0.0,5327.0,5341.0,14.0,6591,0
tuned,result_1000_tuned.json,FG-DSCR,c322,default,edge-1,191,5341.0,0.0,5341.0,5364.0,23.0,6441,0
tuned,result_1000_tuned.json,FG-DSCR,c172,default,edge-1,192,5364.0,0.0,5364.0,5387.0,23.0,6441,0
tuned,result_1000_tuned.json,FG-DSCR,c859,default,edge-1,193,5387.0,0.0,5387.0,5401.0,14.0,6591,0
tuned,result_1000_tuned.json,FG-DSCR,c052,default,edge-1,194,5401.0,0.0,5401.0,5424.0,23.0,6441,0
tuned,result_1000_tuned.json,FG-DSCR,c649,default,edge-1,195,5424.0,0.0,5424.0,5438.0,14.0,6591,0
tuned,result_1000_tuned.json,FG-DSCR,c622,default,edge-1,196,5438.0,0.0,5438.0,5461.0,23.0,6441,0
tuned,result_1000_tuned.json,FG-DSCR,c319,default,edge-1,197,5461.0,0.0,5461.0,5475.0,14.0,6591,0
tuned,result_1000_tuned.json,FG-DSCR,c352,default,edge-1,198,5475.0,0.0,5475.0,5498.0,23.0,6441,0
tuned,result_1000_tuned.json,FG-DSCR,c205,default,edge-2,1,0.0,1268.4,1268.4,1286.4,18.0,0,6342
tuned,result_1000_tuned.json,FG-DSCR,c115,default,edge-2,2,1286.4,0.0,1286.4,1304.4,18.0,6342,0
tuned,result_1000_tuned.json,FG-DSCR,c865,default,edge-2,3,1304.4,0.0,1304.4,1322.4,18.0,6342,0
tuned,result_1000_tuned.json,FG-DSCR,c745,default,edge-2,4,1322.4,0.0,1322.4,1340.4,18.0,6342,0
tuned,result_1000_tuned.json,FG-DSCR,c265,default,edge-2,5,1340.4,0.0,1340.4,1358.4,18.0,6342,0
tuned,result_1000_tuned.json,FG-DSCR,c025,default,edge-2,6,1358.4,0.0,1358.4,1376.4,18.0,6342,0
tuned,result_1000_tuned.json,FG-DSCR,c145,default,edge-2,7,1376.4,0.0,1376.4,1394.4,18.0,6342,0
tuned,result_1000_tuned.json,FG-DSCR,c775,default,edge-2,8,1394.4,0.0,1394.4,1412.4,18.0,6342,0
tuned,result_1000_tuned.json,FG-DSCR,c835,default,edge-2,9,1412.4,0.0,1412.4,1430.4,18.0,6342,0
tuned,result_1000_tuned.json,FG-DSCR,c595,default,edge-2,10,1430.4,0.0,1430.4,1448.4,18.0,6342,0
tuned,result_1000_tuned.json,FG-DSCR,c655,default,edge-2,11,1448.4,0.0,1448.4,1466.4,18.0,6342,0
tuned,result_1000_tuned.json,FG-DSCR,c925,default,edge-2,12,1466.4,0.0,1466.4,1484.4,18.0,6342,0
tuned,result_1000_tuned.json,FG-DSCR,c565,default,edge-2,13,1484.4,0.0,1484.4,1502.4,18.0,6342,0
tuned,result_1000_tuned.json,FG-DSCR,c895,default,edge-2,14,1502.4,0.0,1502.4,1520.4,18.0,6342,0
tuned,result_1000_tuned.json,FG-DSCR,c505,default,edge-2,15,1520.4,0.0,1520.4,1538.4,18.0,6342,0
tuned,result_1000_tuned.json,FG-DSCR,c325,default,edge-2,16,1538.4,0.0,1538.4,1556.4,18.0,6342,0
tuned,result_1000_tuned.json,FG-DSCR,c085,default,edge-2,17,1556.4,0.0,1556.4,1574.4,18.0,6342,0
tuned,result_1000_tuned.json,FG-DSCR,c685,default,edge-2,18,1574.4,0.0,1574.4,1592.4,18.0,6342,0
tuned,result_1000_tuned.json,FG-DSCR,c055,default,edge-2,19,1592.4,0.0,1592.4,1610.4,18.0,6342,0
tuned,result_1000_tuned.json,FG-DSCR,c295,default,edge-2,20,1610.4,0.0,1610.4,1628.4,18.0,6342,0
tuned,result_1000_tuned.json,FG-DSCR,c235,default,edge-2,21,1628.4,0.0,1628.4,1646.4,18.0,6342,0
tuned,result_1000_tuned.json,FG-DSCR,c355,default,edge-2,22,1646.4,0.0,1646.4,1664.4,18.0,6342,0
tuned,result_1000_tuned.json,FG-DSCR,c475,default,edge-2,23,1664.4,0.0,1664.4,1682.4,18.0,6342,0
tuned,result_1000_tuned.json,FG-DSCR,c625,default,edge-2,24,1682.4,0.0,1682.4,1700.4,18.0,6342,0
tuned,result_1000_tuned.json,FG-DSCR,c805,default,edge-2,25,1700.4,0.0,1700.4,1718.4,18.0,6342,0
tuned,result_1000_tuned.json,FG-DSCR,c715,default,edge-2,26,1718.4,0.0,1718.4,1736.4,18.0,6342,0
tuned,result_1000_tuned.json,FG-DSCR,c445,default,edge-2,27,1736.4,0.0,1736.4,1754.4,18.0,6342,0
tuned,result_1000_tuned.json,FG-DSCR,c535,default,edge-2,28,1754.4,0.0,1754.4,1772.4,18.0,6342,0
tuned,result_1000_tuned.json,FG-DSCR,c385,default,edge-2,29,1772.4,0.0,1772.4,1790.4,18.0,6342,0
tuned,result_1000_tuned.json,FG-DSCR,c415,default,edge-2,30,1790.4,0.0,1790.4,1808.4,18.0,6342,0
tuned,result_1000_tuned.json,FG-DSCR,c955,default,edge-2,31,1808.4,0.0,1808.4,1826.4,18.0,6342,0
tuned,result_1000_tuned.json,FG-DSCR,c175,default,edge-2,32,1826.4,0.0,1826.4,1844.4,18.0,6342,0
tuned,result_1000_tuned.json,FG-DSCR,c985,default,edge-2,33,1844.4,0.0,1844.4,1862.4,18.0,6342,0
tuned,result_1000_tuned.json,FG-DSCR,c687,default,edge-2,34,1862.4,130.0,1992.4,2016.4,24.0,6340,650
tuned,result_1000_tuned.json,FG-DSCR,c897,default,edge-2,35,2016.4,0.0,2016.4,2040.4,24.0,6990,0
tuned,result_1000_tuned.json,FG-DSCR,c447,default,edge-2,36,2040.4,0.0,2040.4,2064.4,24.0,6990,0
tuned,result_1000_tuned.json,FG-DSCR,c537,default,edge-2,37,2064.4,0.0,2064.4,2088.4,24.0,6990,0
tuned,result_1000_tuned.json,FG-DSCR,c597,default,edge-2,38,2088.4,0.0,2088.4,2112.4,24.0,6990,0
tuned,result_1000_tuned.json,FG-DSCR,c327,default,edge-2,39,2112.4,0.0,2112.4,2136.4,24.0,6990,0
tuned,result_1000_tuned.json,FG-DSCR,c567,default,edge-2,40,2136.4,0.0,2136.4,2160.4,24.0,6990,0
tuned,result_1000_tuned.json,FG-DSCR,c297,default,edge-2,41,2160.4,0.0,2160.4,2184.4,24.0,6990,0
tuned,result_1000_tuned.json,FG-DSCR,c507,default,edge-2,42,2184.4,0.0,2184.4,2208.4,24.0,6990,0
tuned,result_1000_tuned.json,FG-DSCR,c087,default,edge-2,43,2208.4,0.0,2208.4,2232.4,24.0,6990,0
tuned,result_1000_tuned.json,FG-DSCR,c207,default,edge-2,44,2232.4,0.0,2232.4,2256.4,24.0,6990,0
tuned,result_1000_tuned.json,FG-DSCR,c627,default,edge-2,45,2256.4,0.0,2256.4,2280.4,24.0,6990,0
tuned,result_1000_tuned.json,FG-DSCR,c987,default,edge-2,46,2280.4,0.0,2280.4,2304.4,24.0,6990,0
tuned,result_1000_tuned.json,FG-DSCR,c177,default,edge-2,47,2304.4,0.0,2304.4,2328.4,24.0,6990,0
tuned,result_1000_tuned.json,FG-DSCR,c027,default,edge-2,48,2328.4,0.0,2328.4,2352.4,24.0,6990,0
tuned,result_1000_tuned.json,FG-DSCR,c057,default,edge-2,49,2352.4,0.0,2352.4,2376.4,24.0,6990,0
tuned,result_1000_tuned.json,FG-DSCR,c657,default,edge-2,50,2376.4,0.0,2376.4,2400.4,24.0,6990,0
tuned,result_1000_tuned.json,FG-DSCR,c147,default,edge-2,51,2400.4,0.0,2400.4,2424.4,24.0,6990,0
tuned,result_1000_tuned.json,FG-DSCR,c477,default,edge-2,52,2424.4,0.0,2424.4,2448.4,24.0,6990,0
tuned,result_1000_tuned.json,FG-DSCR,c927,default,edge-2,53,2448.4,0.0,2448.4,2472.4,24.0,6990,0
tuned,result_1000_tuned.json,FG-DSCR,c957,default,edge-2,54,2472.4,0.0,2472.4,2496.4,24.0,6990,0
tuned,result_1000_tuned.json,FG-DSCR,c387,default,edge-2,55,2496.4,0.0,2496.4,2520.4,24.0,6990,0
tuned,result_1000_tuned.json,FG-DSCR,c717,default,edge-2,56,2520.4,0.0,2520.4,2544.4,24.0,6990,0
tuned,result_1000_tuned.json,FG-DSCR,c237,default,edge-2,57,2544.4,0.0,2544.4,2568.4,24.0,6990,0
tuned,result_1000_tuned.json,FG-DSCR,c417,default,edge-2,58,2568.4,0.0,2568.4,2592.4,24.0,6990,0
tuned,result_1000_tuned.json,FG-DSCR,c117,default,edge-2,59,2592.4,0.0,2592.4,2616.4,24.0,6990,0
tuned,result_1000_tuned.json,FG-DSCR,c777,default,edge-2,60,2616.4,0.0,2616.4,2640.4,24.0,6990,0
tuned,result_1000_tuned.json,FG-DSCR,c747,default,edge-2,61,2640.4,0.0,2640.4,2664.4,24.0,6990,0
tuned,result_1000_tuned.json,FG-DSCR,c807,default,edge-2,62,2664.4,0.0,2664.4,2688.4,24.0,6990,0
tuned,result_1000_tuned.json,FG-DSCR,c357,default,edge-2,63,2688.4,0.0,2688.4,2712.4,24.0,6990,0
tuned,result_1000_tuned.json,FG-DSCR,c267,default,edge-2,64,2712.4,0.0,2712.4,2736.4,24.0,6990,0
tuned,result_1000_tuned.json,FG-DSCR,c837,default,edge-2,65,2736.4,0.0,2736.4,2760.4,24.0,6990,0
tuned,result_1000_tuned.json,FG-DSCR,c867,default,edge-2,66,2760.4,0.0,2760.4,2784.4,24.0,6990,0
tuned,result_1000_tuned.json,FG-DSCR,c508,default,edge-2,67,2784.4,144.2,2928.6,2955.6,27.0,4540,721
tuned,result_1000_tuned.json,FG-DSCR,c718,default,edge-2,68,2955.6,0.0,2955.6,2982.6,27.0,5261,0
tuned,result_1000_tuned.json,FG-DSCR,c658,default,edge-2,69,2982.6,0.0,2982.6,3009.6,27.0,5261,0
tuned,result_1000_tuned.json,FG-DSCR,c628,default,edge-2,70,3009.6,0.0,3009.6,3036.6,27.0,5261,0
tuned,result_1000_tuned.json,FG-DSCR,c778,default,edge-2,71,3036.6,0.0,3036.6,3063.6,27.0,5261,0
tuned,result_1000_tuned.json,FG-DSCR,c688,default,edge-2,72,3063.6,0.0,3063.6,3090.6,27.0,5261,0
tuned,result_1000_tuned.json,FG-DSCR,c568,default,edge-2,73,3090.6,0.0,3090.6,3117.6,27.0,5261,0
tuned,result_1000_tuned.json,FG-DSCR,c808,default,edge-2,74,3117.6,0.0,3117.6,3144.6,27.0,5261,0
tuned,result_1000_tuned.json,FG-DSCR,c748,default,edge-2,75,3144.6,0.0,3144.6,3171.6,27.0,5261,0
tuned,result_1000_tuned.json,FG-DSCR,c538,default,edge-2,76,3171.6,0.0,3171.6,3198.6,27.0,5261,0
tuned,result_1000_tuned.json,FG-DSCR,c598,default,edge-2,77,3198.6,0.0,3198.6,3225.6,27.0,5261,0
tuned,result_1000_tuned.json,FG-DSCR,c478,default,edge-2,78,3225.6,0.0,3225.6,3252.6,27.0,5261,0
tuned,result_1000_tuned.json,FG-DSCR,c300,default,edge-2,79,3252.6,720.0,3972.6,3993.6,21.0,4160,3600
tuned,result_1000_tuned.json,FG-DSCR,c270,default,edge-2,80,3993.6,0.0,3993.6,4014.6,21.0,7760,0
tuned,result_1000_tuned.json,FG-DSCR,c810,default,edge-2,81,4014.6,0.0,4014.6,4035.6,21.0,7760,0
tuned,result_1000_tuned.json,FG-DSCR,c360,default,edge-2,82,4035.6,0.0,4035.6,4056.6,21.0,7760,0
tuned,result_1000_tuned.json,FG-DSCR,c990,default,edge-2,83,4056.6,0.0,4056.6,4077.6,21.0,7760,0
tuned,result_1000_tuned.json,FG-DSCR,c630,default,edge-2,84,4077.6,0.0,4077.6,4098.6,21.0,7760,0
tuned,result_1000_tuned.json,FG-DSCR,c150,default,edge-2,85,4098.6,0.0,4098.6,4119.6,21.0,7760,0
tuned,result_1000_tuned.json,FG-DSCR,c540,default,edge-2,86,4119.6,0.0,4119.6,4140.6,21.0,7760,0
tuned,result_1000_tuned.json,FG-DSCR,c030,default,edge-2,87,4140.6,0.0,4140.6,4161.6,21.0,7760,0
tuned,result_1000_tuned.json,FG-DSCR,c600,default,edge-2,88,4161.6,0.0,4161.6,4182.6,21.0,7760,0
tuned,result_1000_tuned.json,FG-DSCR,c720,default,edge-2,89,4182.6,0.0,4182.6,4203.6,21.0,7760,0
tuned,result_1000_tuned.json,FG-DSCR,c780,default,edge-2,90,4203.6,0.0,4203.6,4224.6,21.0,7760,0
tuned,result_1000_tuned.json,FG-DSCR,c660,default,edge-2,91,4224.6,0.0,4224.6,4245.6,21.0,7760,0
tuned,result_1000_tuned.json,FG-DSCR,c420,default,edge-2,92,4245.6,0.0,4245.6,4266.6,21.0,7760,0
tuned,result_1000_tuned.json,FG-DSCR,c750,default,edge-2,93,4266.6,0.0,4266.6,4287.6,21.0,7760,0
tuned,result_1000_tuned.json,FG-DSCR,c480,default,edge-2,94,4287.6,0.0,4287.6,4308.6,21.0,7760,0
tuned,result_1000_tuned.json,FG-DSCR,c930,default,edge-2,95,4308.6,0.0,4308.6,4329.6,21.0,7760,0
tuned,result_1000_tuned.json,FG-DSCR,c900,default,edge-2,96,4329.6,0.0,4329.6,4350.6,21.0,7760,0
tuned,result_1000_tuned.json,FG-DSCR,c060,default,edge-2,97,4350.6,0.0,4350.6,4371.6,21.0,7760,0
tuned,result_1000_tuned.json,FG-DSCR,c570,default,edge-2,98,4371.6,0.0,4371.6,4392.6,21.0,7760,0
tuned,result_1000_tuned.json,FG-DSCR,c510,default,edge-2,99,4392.6,0.0,4392.6,4413.6,21.0,7760,0
tuned,result_1000_tuned.json,FG-DSCR,c240,default,edge-2,100,4413.6,0.0,4413.6,4434.6,21.0,7760,0
tuned,result_1000_tuned.json,FG-DSCR,c210,default,edge-2,101,4434.6,0.0,4434.6,4455.6,21.0,7760,0
tuned,result_1000_tuned.json,FG-DSCR,c840,default,edge-2,102,4455.6,0.0,4455.6,4476.6,21.0,7760,0
tuned,result_1000_tuned.json,FG-DSCR,c390,default,edge-2,103,4476.6,0.0,4476.6,4497.6,21.0,7760,0
tuned,result_1000_tuned.json,FG-DSCR,c960,default,edge-2,104,4497.6,0.0,4497.6,4518.6,21.0,7760,0
tuned,result_1000_tuned.json,FG-DSCR,c450,default,edge-2,105,4518.6,0.0,4518.6,4539.6,21.0,7760,0
tuned,result_1000_tuned.json,FG-DSCR,c180,default,edge-2,106,4539.6,0.0,4539.6,4560.6,21.0,7760,0
tuned,result_1000_tuned.json,FG-DSCR,c330,default,edge-2,107,4560.6,0.0,4560.6,4581.6,21.0,7760,0
tuned,result_1000_tuned.json,FG-DSCR,c090,default,edge-2,108,4581.6,0.0,4581.6,4602.6,21.0,7760,0
tuned,result_1000_tuned.json,FG-DSCR,c870,default,edge-2,109,4602.6,0.0,4602.6,4623.6,21.0,7760,0
tuned,result_1000_tuned.json,FG-DSCR,c120,default,edge-2,110,4623.6,0.0,4623.6,4644.6,21.0,7760,0
tuned,result_1000_tuned.json,FG-DSCR,c690,default,edge-2,111,4644.6,0.0,4644.6,4665.6,21.0,7760,0
tuned,result_1000_tuned.json,FG-DSCR,c128,default,edge-3,1,0.0,2261.8,2261.8,2304.8,43.0,0,22618
tuned,result_1000_tuned.json,FG-DSCR,c698,default,edge-3,2,2304.8,0.0,2304.8,2347.8,43.0,22618,0
tuned,result_1000_tuned.json,FG-DSCR,c158,default,edge-3,3,2347.8,0.0,2347.8,2390.8,43.0,22618,0
tuned,result_1000_tuned.json,FG-DSCR,c668,default,edge-3,4,2390.8,0.0,2390.8,2433.8,43.0,22618,0
tuned,result_1000_tuned.json,FG-DSCR,c818,default,edge-3,5,2433.8,0.0,2433.8,2476.8,43.0,22618,0
tuned,result_1000_tuned.json,FG-DSCR,c008,default,edge-3,6,2476.8,0.0,2476.8,2519.8,43.0,22618,0
tuned,result_1000_tuned.json,FG-DSCR,c188,default,edge-3,7,2519.8,0.0,2519.8,2562.8,43.0,22618,0
tuned,result_1000_tuned.json,FG-DSCR,c458,default,edge-3,8,2562.8,0.0,2562.8,2605.8,43.0,22618,0
tuned,result_1000_tuned.json,FG-DSCR,c878,default,edge-3,9,2605.8,0.0,2605.8,2648.8,43.0,22618,0
tuned,result_1000_tuned.json,FG-DSCR,c938,default,edge-3,10,2648.8,0.0,2648.8,2691.8,43.0,22618,0
tuned,result_1000_tuned.json,FG-DSCR,c908,default,edge-3,11,2691.8,0.0,2691.8,2734.8,43.0,22618,0
tuned,result_1000_tuned.json,FG-DSCR,c488,default,edge-3,12,2734.8,0.0,2734.8,2777.8,43.0,22618,0
tuned,result_1000_tuned.json,FG-DSCR,c278,default,edge-3,13,2777.8,0.0,2777.8,2820.8,43.0,22618,0
tuned,result_1000_tuned.json,FG-DSCR,c038,default,edge-3,14,2820.8,0.0,2820.8,2863.8,43.0,22618,0
tuned,result_1000_tuned.json,FG-DSCR,c998,default,edge-3,15,2863.8,0.0,2863.8,2906.8,43.0,22618,0
tuned,result_1000_tuned.json,FG-DSCR,c338,default,edge-3,16,2906.8,0.0,2906.8,2949.8,43.0,22618,0
tuned,result_1000_tuned.json,FG-DSCR,c548,default,edge-3,17,2949.8,0.0,2949.8,2992.8,43.0,22618,0
tuned,result_1000_tuned.json,FG-DSCR,c308,default,edge-3,18,2992.8,0.0,2992.8,3035.8,43.0,22618,0
tuned,result_1000_tuned.json,FG-DSCR,c398,default,edge-3,19,3035.8,0.0,3035.8,3078.8,43.0,22618,0
tuned,result_1000_tuned.json,FG-DSCR,c638,default,edge-3,20,3078.8,0.0,3078.8,3121.8,43.0,22618,0
tuned,result_1000_tuned.json,FG-DSCR,c068,default,edge-3,21,3121.8,0.0,3121.8,3164.8,43.0,22618,0
tuned,result_1000_tuned.json,FG-DSCR,c968,default,edge-3,22,3164.8,0.0,3164.8,3207.8,43.0,22618,0
tuned,result_1000_tuned.json,FG-DSCR,c368,default,edge-3,23,3207.8,0.0,3207.8,3250.8,43.0,22618,0
tuned,result_1000_tuned.json,FG-DSCR,c578,default,edge-3,24,3250.8,0.0,3250.8,3293.8,43.0,22618,0
tuned,result_1000_tuned.json,FG-DSCR,c518,default,edge-3,25,3293.8,0.0,3293.8,3336.8,43.0,22618,0
tuned,result_1000_tuned.json,FG-DSCR,c248,default,edge-3,26,3336.8,0.0,3336.8,3379.8,43.0,22618,0
tuned,result_1000_tuned.json,FG-DSCR,c098,default,edge-3,27,3379.8,0.0,3379.8,3422.8,43.0,22618,0
tuned,result_1000_tuned.json,FG-DSCR,c848,default,edge-3,28,3422.8,0.0,3422.8,3465.8,43.0,22618,0
tuned,result_1000_tuned.json,FG-DSCR,c608,default,edge-3,29,3465.8,0.0,3465.8,3508.8,43.0,22618,0
tuned,result_1000_tuned.json,FG-DSCR,c428,default,edge-3,30,3508.8,0.0,3508.8,3551.8,43.0,22618,0
tuned,result_1000_tuned.json,FG-DSCR,c218,default,edge-3,31,3551.8,0.0,3551.8,3594.8,43.0,22618,0
tuned,result_1000_tuned.json,FG-DSCR,c728,default,edge-3,32,3594.8,0.0,3594.8,3637.8,43.0,22618,0
tuned,result_1000_tuned.json,FG-DSCR,c758,default,edge-3,33,3637.8,0.0,3637.8,3680.8,43.0,22618,0
tuned,result_1000_tuned.json,FG-DSCR,c788,default,edge-3,34,3680.8,0.0,3680.8,3723.8,43.0,22618,0
tuned,result_1000_tuned.json,FG-DSCR,c637,default,edge-3,35,3723.8,760.0,4483.8,4523.8,40.0,22610,7600
tuned,result_1000_tuned.json,FG-DSCR,c157,default,edge-3,36,4523.8,0.0,4523.8,4563.8,40.0,30210,0
tuned,result_1000_tuned.json,FG-DSCR,c607,default,edge-3,37,4563.8,0.0,4563.8,4603.8,40.0,30210,0
tuned,result_1000_tuned.json,FG-DSCR,c217,default,edge-3,38,4603.8,0.0,4603.8,4643.8,40.0,30210,0
tuned,result_1000_tuned.json,FG-DSCR,c277,default,edge-3,39,4643.8,0.0,4643.8,4683.8,40.0,30210,0
tuned,result_1000_tuned.json,FG-DSCR,c547,default,edge-3,40,4683.8,0.0,4683.8,4723.8,40.0,30210,0
tuned,result_1000_tuned.json,FG-DSCR,c937,default,edge-3,41,4723.8,0.0,4723.8,4763.8,40.0,30210,0
tuned,result_1000_tuned.json,FG-DSCR,c337,default,edge-3,42,4763.8,0.0,4763.8,4803.8,40.0,30210,0
tuned,result_1000_tuned.json,FG-DSCR,c247,default,edge-3,43,4803.8,0.0,4803.8,4843.8,40.0,30210,0
tuned,result_1000_tuned.json,FG-DSCR,c517,default,edge-3,44,4843.8,0.0,4843.8,4883.8,40.0,30210,0
tuned,result_1000_tuned.json,FG-DSCR,c577,default,edge-3,45,4883.8,0.0,4883.8,4923.8,40.0,30210,0
tuned,result_1000_tuned.json,FG-DSCR,c127,default,edge-3,46,4923.8,0.0,4923.8,4963.8,40.0,30210,0
tuned,result_1000_tuned.json,FG-DSCR,c997,default,edge-3,47,4963.8,0.0,4963.8,5003.8,40.0,30210,0
tuned,result_1000_tuned.json,FG-DSCR,c067,default,edge-3,48,5003.8,0.0,5003.8,5043.8,40.0,30210,0
tuned,result_1000_tuned.json,FG-DSCR,c427,default,edge-3,49,5043.8,0.0,5043.8,5083.8,40.0,30210,0
tuned,result_1000_tuned.json,FG-DSCR,c097,default,edge-3,50,5083.8,0.0,5083.8,5123.8,40.0,30210,0
tuned,result_1000_tuned.json,FG-DSCR,c817,default,edge-3,51,5123.8,0.0,5123.8,5163.8,40.0,30210,0
tuned,result_1000_tuned.json,FG-DSCR,c187,default,edge-3,52,5163.8,0.0,5163.8,5203.8,40.0,30210,0
tuned,result_1000_tuned.json,FG-DSCR,c727,default,edge-3,53,5203.8,0.0,5203.8,5243.8,40.0,30210,0
tuned,result_1000_tuned.json,FG-DSCR,c757,default,edge-3,54,5243.8,0.0,5243.8,5283.8,40.0,30210,0
tuned,result_1000_tuned.json,FG-DSCR,c907,default,edge-3,55,5283.8,0.0,5283.8,5323.8,40.0,30210,0
tuned,result_1000_tuned.json,FG-DSCR,c457,default,edge-3,56,5323.8,0.0,5323.8,5363.8,40.0,30210,0
tuned,result_1000_tuned.json,FG-DSCR,c877,default,edge-3,57,5363.8,0.0,5363.8,5403.8,40.0,30210,0
tuned,result_1000_tuned.json,FG-DSCR,c007,default,edge-3,58,5403.8,0.0,5403.8,5443.8,40.0,30210,0
tuned,result_1000_tuned.json,FG-DSCR,c787,default,edge-3,59,5443.8,0.0,5443.8,5483.8,40.0,30210,0
tuned,result_1000_tuned.json,FG-DSCR,c967,default,edge-3,60,5483.8,0.0,5483.8,5523.8,40.0,30210,0
tuned,result_1000_tuned.json,FG-DSCR,c037,default,edge-3,61,5523.8,0.0,5523.8,5563.8,40.0,30210,0
tuned,result_1000_tuned.json,FG-DSCR,c667,default,edge-3,62,5563.8,0.0,5563.8,5603.8,40.0,30210,0
tuned,result_1000_tuned.json,FG-DSCR,c397,default,edge-3,63,5603.8,0.0,5603.8,5643.8,40.0,30210,0
tuned,result_1000_tuned.json,FG-DSCR,c697,default,edge-3,64,5643.8,0.0,5643.8,5683.8,40.0,30210,0
tuned,result_1000_tuned.json,FG-DSCR,c307,default,edge-3,65,5683.8,0.0,5683.8,5723.8,40.0,30210,0
tuned,result_1000_tuned.json,FG-DSCR,c367,default,edge-3,66,5723.8,0.0,5723.8,5763.8,40.0,30210,0
tuned,result_1000_tuned.json,FG-DSCR,c487,default,edge-3,67,5763.8,0.0,5763.8,5803.8,40.0,30210,0
tuned,result_1000_tuned.json,FG-DSCR,c847,default,edge-3,68,5803.8,0.0,5803.8,5843.8,40.0,30210,0
tuned,result_1000_tuned.json,FG-DSCR,c222,default,edge-4,1,0.0,3269.0,3269.0,3312.0,43.0,0,32690
tuned,result_1000_tuned.json,FG-DSCR,c792,default,edge-4,2,3312.0,0.0,3312.0,3355.0,43.0,32690,0
tuned,result_1000_tuned.json,FG-DSCR,c102,default,edge-4,3,3355.0,0.0,3355.0,3398.0,43.0,32690,0
tuned,result_1000_tuned.json,FG-DSCR,c492,default,edge-4,4,3398.0,0.0,3398.0,3441.0,43.0,32690,0
tuned,result_1000_tuned.json,FG-DSCR,c732,default,edge-4,5,3441.0,0.0,3441.0,3484.0,43.0,32690,0
tuned,result_1000_tuned.json,FG-DSCR,c012,default,edge-4,6,3484.0,0.0,3484.0,3527.0,43.0,32690,0
tuned,result_1000_tuned.json,FG-DSCR,c852,default,edge-4,7,3527.0,0.0,3527.0,3570.0,43.0,32690,0
tuned,result_1000_tuned.json,FG-DSCR,c162,default,edge-4,8,3570.0,0.0,3570.0,3613.0,43.0,32690,0
tuned,result_1000_tuned.json,FG-DSCR,c072,default,edge-4,9,3613.0,0.0,3613.0,3656.0,43.0,32690,0
tuned,result_1000_tuned.json,FG-DSCR,c432,default,edge-4,10,3656.0,0.0,3656.0,3699.0,43.0,32690,0
tuned,result_1000_tuned.json,FG-DSCR,c042,default,edge-4,11,3699.0,0.0,3699.0,3742.0,43.0,32690,0
tuned,result_1000_tuned.json,FG-DSCR,c612,default,edge-4,12,3742.0,0.0,3742.0,3785.0,43.0,32690,0
tuned,result_1000_tuned.json,FG-DSCR,c702,default,edge-4,13,3785.0,0.0,3785.0,3828.0,43.0,32690,0
tuned,result_1000_tuned.json,FG-DSCR,c582,default,edge-4,14,3828.0,0.0,3828.0,3871.0,43.0,32690,0
tuned,result_1000_tuned.json,FG-DSCR,c342,default,edge-4,15,3871.0,0.0,3871.0,3914.0,43.0,32690,0
tuned,result_1000_tuned.json,FG-DSCR,c552,default,edge-4,16,3914.0,0.0,3914.0,3957.0,43.0,32690,0
tuned,result_1000_tuned.json,FG-DSCR,c822,default,edge-4,17,3957.0,0.0,3957.0,4000.0,43.0,32690,0
tuned,result_1000_tuned.json,FG-DSCR,c672,default,edge-4,18,4000.0,0.0,4000.0,4043.0,43.0,32690,0
tuned,result_1000_tuned.json,FG-DSCR,c522,default,edge-4,19,4043.0,0.0,4043.0,4086.0,43.0,32690,0
tuned,result_1000_tuned.json,FG-DSCR,c642,default,edge-4,20,4086.0,0.0,4086.0,4129.0,43.0,32690,0
tuned,result_1000_tuned.json,FG-DSCR,c972,default,edge-4,21,4129.0,0.0,4129.0,4172.0,43.0,32690,0
tuned,result_1000_tuned.json,FG-DSCR,c402,default,edge-4,22,4172.0,0.0,4172.0,4215.0,43.0,32690,0
tuned,result_1000_tuned.json,FG-DSCR,c312,default,edge-4,23,4215.0,0.0,4215.0,4258.0,43.0,32690,0
tuned,result_1000_tuned.json,FG-DSCR,c372,default,edge-4,24,4258.0,0.0,4258.0,4301.0,43.0,32690,0
tuned,result_1000_tuned.json,FG-DSCR,c132,default,edge-4,25,4301.0,0.0,4301.0,4344.0,43.0,32690,0
tuned,result_1000_tuned.json,FG-DSCR,c252,default,edge-4,26,4344.0,0.0,4344.0,4387.0,43.0,32690,0
tuned,result_1000_tuned.json,FG-DSCR,c942,default,edge-4,27,4387.0,0.0,4387.0,4430.0,43.0,32690,0
tuned,result_1000_tuned.json,FG-DSCR,c192,default,edge-4,28,4430.0,0.0,4430.0,4473.0,43.0,32690,0
tuned,result_1000_tuned.json,FG-DSCR,c912,default,edge-4,29,4473.0,0.0,4473.0,4516.0,43.0,32690,0
tuned,result_1000_tuned.json,FG-DSCR,c762,default,edge-4,30,4516.0,0.0,4516.0,4559.0,43.0,32690,0
tuned,result_1000_tuned.json,FG-DSCR,c882,default,edge-4,31,4559.0,0.0,4559.0,4602.0,43.0,32690,0
tuned,result_1000_tuned.json,FG-DSCR,c282,default,edge-4,32,4602.0,0.0,4602.0,4645.0,43.0,32690,0
tuned,result_1000_tuned.json,FG-DSCR,c462,default,edge-4,33,4645.0,0.0,4645.0,4688.0,43.0,32690,0
tuned,result_1000_tuned.json,FG-DSCR,c430,default,edge-4,34,4688.0,150.0,4838.0,4887.0,49.0,25090,1500
tuned,result_1000_tuned.json,FG-DSCR,c760,default,edge-4,35,4887.0,0.0,4887.0,4936.0,49.0,26590,0
tuned,result_1000_tuned.json,FG-DSCR,c220,default,edge-4,36,4936.0,0.0,4936.0,4985.0,49.0,26590,0
tuned,result_1000_tuned.json,FG-DSCR,c490,default,edge-4,37,4985.0,0.0,4985.0,5034.0,49.0,26590,0
tuned,result_1000_tuned.json,FG-DSCR,c820,default,edge-4,38,5034.0,0.0,5034.0,5083.0,49.0,26590,0
tuned,result_1000_tuned.json,FG-DSCR,c610,default,edge-4,39,5083.0,0.0,5083.0,5132.0,49.0,26590,0
tuned,result_1000_tuned.json,FG-DSCR,c010,default,edge-4,40,5132.0,0.0,5132.0,5181.0,49.0,26590,0
tuned,result_1000_tuned.json,FG-DSCR,c190,default,edge-4,41,5181.0,0.0,5181.0,5230.0,49.0,26590,0
tuned,result_1000_tuned.json,FG-DSCR,c460,default,edge-4,42,5230.0,0.0,5230.0,5279.0,49.0,26590,0
tuned,result_1000_tuned.json,FG-DSCR,c670,default,edge-4,43,5279.0,0.0,5279.0,5328.0,49.0,26590,0
tuned,result_1000_tuned.json,FG-DSCR,c880,default,edge-4,44,5328.0,0.0,5328.0,5377.0,49.0,26590,0
tuned,result_1000_tuned.json,FG-DSCR,c070,default,edge-4,45,5377.0,0.0,5377.0,5426.0,49.0,26590,0
tuned,result_1000_tuned.json,FG-DSCR,c280,default,edge-4,46,5426.0,0.0,5426.0,5475.0,49.0,26590,0
tuned,result_1000_tuned.json,FG-DSCR,c340,default,edge-4,47,5475.0,0.0,5475.0,5524.0,49.0,26590,0
tuned,result_1000_tuned.json,FG-DSCR,c941,default,edge-4,48,5524.0,720.0,6244.0,6284.0,40.0,23290,7200
tuned,result_1000_tuned.json,FG-DSCR,c131,default,edge-4,49,6284.0,0.0,6284.0,6324.0,40.0,30490,0
tuned,result_1000_tuned.json,FG-DSCR,c911,default,edge-4,50,6324.0,0.0,6324.0,6364.0,40.0,30490,0
tuned,result_1000_tuned.json,FG-DSCR,c851,default,edge-4,51,6364.0,0.0,6364.0,6404.0,40.0,30490,0
tuned,result_1000_tuned.json,FG-DSCR,c821,default,edge-4,52,6404.0,0.0,6404.0,6444.0,40.0,30490,0
tuned,result_1000_tuned.json,FG-DSCR,c221,default,edge-4,53,6444.0,0.0,6444.0,6484.0,40.0,30490,0
tuned,result_1000_tuned.json,FG-DSCR,c671,default,edge-4,54,6484.0,0.0,6484.0,6524.0,40.0,30490,0
tuned,result_1000_tuned.json,FG-DSCR,c071,default,edge-4,55,6524.0,0.0,6524.0,6564.0,40.0,30490,0
tuned,result_1000_tuned.json,FG-DSCR,c191,default,edge-4,56,6564.0,0.0,6564.0,6604.0,40.0,30490,0
tuned,result_1000_tuned.json,FG-DSCR,c761,default,edge-4,57,6604.0,0.0,6604.0,6644.0,40.0,30490,0
tuned,result_1000_tuned.json,FG-DSCR,c881,default,edge-4,58,6644.0,0.0,6644.0,6684.0,40.0,30490,0
tuned,result_1000_tuned.json,FG-DSCR,c581,default,edge-4,59,6684.0,0.0,6684.0,6724.0,40.0,30490,0
tuned,result_1000_tuned.json,FG-DSCR,c701,default,edge-4,60,6724.0,0.0,6724.0,6764.0,40.0,30490,0
tuned,result_1000_tuned.json,FG-DSCR,c731,default,edge-4,61,6764.0,0.0,6764.0,6804.0,40.0,30490,0
tuned,result_1000_tuned.json,FG-DSCR,c281,default,edge-4,62,6804.0,0.0,6804.0,6844.0,40.0,30490,0
tuned,result_1000_tuned.json,FG-DSCR,c551,default,edge-4,63,6844.0,0.0,6844.0,6884.0,40.0,30490,0
tuned,result_1000_tuned.json,FG-DSCR,c791,default,edge-4,64,6884.0,0.0,6884.0,6924.0,40.0,30490,0
tuned,result_1000_tuned.json,FG-DSCR,c311,default,edge-4,65,6924.0,0.0,6924.0,6964.0,40.0,30490,0
tuned,result_1000_tuned.json,FG-DSCR,c641,default,edge-4,66,6964.0,0.0,6964.0,7004.0,40.0,30490,0
tuned,result_1000_tuned.json,FG-DSCR,c341,default,edge-4,67,7004.0,0.0,7004.0,7044.0,40.0,30490,0
tuned,result_1000_tuned.json,FG-DSCR,c550,default,edge-4,68,7044.0,0.0,7044.0,7093.0,49.0,26590,0
tuned,result_1000_tuned.json,FG-DSCR,c371,default,edge-4,69,7093.0,0.0,7093.0,7133.0,40.0,30490,0
tuned,result_1000_tuned.json,FG-DSCR,c730,default,edge-4,70,7133.0,0.0,7133.0,7182.0,49.0,26590,0
tuned,result_1000_tuned.json,FG-DSCR,c101,default,edge-4,71,7182.0,0.0,7182.0,7222.0,40.0,30490,0
tuned,result_1000_tuned.json,FG-DSCR,c640,default,edge-4,72,7222.0,0.0,7222.0,7271.0,49.0,26590,0
tuned,result_1000_tuned.json,FG-DSCR,c700,default,edge-4,73,7271.0,0.0,7271.0,7320.0,49.0,26590,0
tuned,result_1000_tuned.json,FG-DSCR,c611,default,edge-4,74,7320.0,0.0,7320.0,7360.0,40.0,30490,0
tuned,result_1000_tuned.json,FG-DSCR,c400,default,edge-4,75,7360.0,0.0,7360.0,7409.0,49.0,26590,0
tuned,result_1000_tuned.json,FG-DSCR,c011,default,edge-4,76,7409.0,0.0,7409.0,7449.0,40.0,30490,0
tuned,result_1000_tuned.json,FG-DSCR,c1000,default,edge-4,77,7449.0,0.0,7449.0,7498.0,49.0,26590,0
tuned,result_1000_tuned.json,FG-DSCR,c431,default,edge-4,78,7498.0,0.0,7498.0,7538.0,40.0,30490,0
tuned,result_1000_tuned.json,FG-DSCR,c310,default,edge-4,79,7538.0,0.0,7538.0,7587.0,49.0,26590,0
tuned,result_1000_tuned.json,FG-DSCR,c910,default,edge-4,80,7587.0,0.0,7587.0,7636.0,49.0,26590,0
tuned,result_1000_tuned.json,FG-DSCR,c161,default,edge-4,81,7636.0,0.0,7636.0,7676.0,40.0,30490,0
tuned,result_1000_tuned.json,FG-DSCR,c940,default,edge-4,82,7676.0,0.0,7676.0,7725.0,49.0,26590,0
tuned,result_1000_tuned.json,FG-DSCR,c491,default,edge-4,83,7725.0,0.0,7725.0,7765.0,40.0,30490,0
tuned,result_1000_tuned.json,FG-DSCR,c970,default,edge-4,84,7765.0,0.0,7765.0,7814.0,49.0,26590,0
tuned,result_1000_tuned.json,FG-DSCR,c251,default,edge-4,85,7814.0,0.0,7814.0,7854.0,40.0,30490,0
tuned,result_1000_tuned.json,FG-DSCR,c370,default,edge-4,86,7854.0,0.0,7854.0,7903.0,49.0,26590,0
tuned,result_1000_tuned.json,FG-DSCR,c580,default,edge-4,87,7903.0,0.0,7903.0,7952.0,49.0,26590,0
tuned,result_1000_tuned.json,FG-DSCR,c521,default,edge-4,88,7952.0,0.0,7952.0,7992.0,40.0,30490,0
tuned,result_1000_tuned.json,FG-DSCR,c130,default,edge-4,89,7992.0,0.0,7992.0,8041.0,49.0,26590,0
tuned,result_1000_tuned.json,FG-DSCR,c401,default,edge-4,90,8041.0,0.0,8041.0,8081.0,40.0,30490,0
tuned,result_1000_tuned.json,FG-DSCR,c520,default,edge-4,91,8081.0,0.0,8081.0,8130.0,49.0,26590,0
tuned,result_1000_tuned.json,FG-DSCR,c041,default,edge-4,92,8130.0,0.0,8130.0,8170.0,40.0,30490,0
tuned,result_1000_tuned.json,FG-DSCR,c160,default,edge-4,93,8170.0,0.0,8170.0,8219.0,49.0,26590,0
tuned,result_1000_tuned.json,FG-DSCR,c250,default,edge-4,94,8219.0,0.0,8219.0,8268.0,49.0,26590,0
tuned,result_1000_tuned.json,FG-DSCR,c461,default,edge-4,95,8268.0,0.0,8268.0,8308.0,40.0,30490,0
tuned,result_1000_tuned.json,FG-DSCR,c040,default,edge-4,96,8308.0,0.0,8308.0,8357.0,49.0,26590,0
tuned,result_1000_tuned.json,FG-DSCR,c971,default,edge-4,97,8357.0,0.0,8357.0,8397.0,40.0,30490,0
tuned,result_1000_tuned.json,FG-DSCR,c100,default,edge-4,98,8397.0,0.0,8397.0,8446.0,49.0,26590,0
tuned,result_1000_tuned.json,FG-DSCR,c790,default,edge-4,99,8446.0,0.0,8446.0,8495.0,49.0,26590,0
tuned,result_1000_tuned.json,FG-DSCR,c850,default,edge-4,100,8495.0,0.0,8495.0,8544.0,49.0,26590,0
tuned,result_1000_tuned.json,FG-DSCR,c992,default,edge-5,1,0.0,1464.8,1464.8,1493.8,29.0,0,7324
tuned,result_1000_tuned.json,FG-DSCR,c092,default,edge-5,2,1493.8,0.0,1493.8,1522.8,29.0,7324,0
tuned,result_1000_tuned.json,FG-DSCR,c212,default,edge-5,3,1522.8,0.0,1522.8,1551.8,29.0,7324,0
tuned,result_1000_tuned.json,FG-DSCR,c032,default,edge-5,4,1551.8,0.0,1551.8,1580.8,29.0,7324,0
tuned,result_1000_tuned.json,FG-DSCR,c152,default,edge-5,5,1580.8,0.0,1580.8,1609.8,29.0,7324,0
tuned,result_1000_tuned.json,FG-DSCR,c932,default,edge-5,6,1609.8,0.0,1609.8,1638.8,29.0,7324,0
tuned,result_1000_tuned.json,FG-DSCR,c782,default,edge-5,7,1638.8,0.0,1638.8,1667.8,29.0,7324,0
tuned,result_1000_tuned.json,FG-DSCR,c662,default,edge-5,8,1667.8,0.0,1667.8,1696.8,29.0,7324,0
tuned,result_1000_tuned.json,FG-DSCR,c422,default,edge-5,9,1696.8,0.0,1696.8,1725.8,29.0,7324,0
tuned,result_1000_tuned.json,FG-DSCR,c272,default,edge-5,10,1725.8,0.0,1725.8,1754.8,29.0,7324,0
tuned,result_1000_tuned.json,FG-DSCR,c632,default,edge-5,11,1754.8,0.0,1754.8,1783.8,29.0,7324,0
tuned,result_1000_tuned.json,FG-DSCR,c512,default,edge-5,12,1783.8,0.0,1783.8,1812.8,29.0,7324,0
tuned,result_1000_tuned.json,FG-DSCR,c482,default,edge-5,13,1812.8,0.0,1812.8,1841.8,29.0,7324,0
tuned,result_1000_tuned.json,FG-DSCR,c872,default,edge-5,14,1841.8,0.0,1841.8,1870.8,29.0,7324,0
tuned,result_1000_tuned.json,FG-DSCR,c062,default,edge-5,15,1870.8,0.0,1870.8,1899.8,29.0,7324,0
tuned,result_1000_tuned.json,FG-DSCR,c122,default,edge-5,16,1899.8,0.0,1899.8,1928.8,29.0,7324,0
tuned,result_1000_tuned.json,FG-DSCR,c692,default,edge-5,17,1928.8,0.0,1928.8,1957.8,29.0,7324,0
tuned,result_1000_tuned.json,FG-DSCR,c542,default,edge-5,18,1957.8,0.0,1957.8,1986.8,29.0,7324,0
tuned,result_1000_tuned.json,FG-DSCR,c902,default,edge-5,19,1986.8,0.0,1986.8,2015.8,29.0,7324,0
tuned,result_1000_tuned.json,FG-DSCR,c302,default,edge-5,20,2015.8,0.0,2015.8,2044.8,29.0,7324,0
tuned,result_1000_tuned.json,FG-DSCR,c752,default,edge-5,21,2044.8,0.0,2044.8,2073.8,29.0,7324,0
tuned,result_1000_tuned.json,FG-DSCR,c452,default,edge-5,22,2073.8,0.0,2073.8,2102.8,29.0,7324,0
tuned,result_1000_tuned.json,FG-DSCR,c332,default,edge-5,23,2102.8,0.0,2102.8,2131.8,29.0,7324,0
tuned,result_1000_tuned.json,FG-DSCR,c842,default,edge-5,24,2131.8,0.0,2131.8,2160.8,29.0,7324,0
tuned,result_1000_tuned.json,FG-DSCR,c962,default,edge-5,25,2160.8,0.0,2160.8,2189.8,29.0,7324,0
tuned,result_1000_tuned.json,FG-DSCR,c572,default,edge-5,26,2189.8,0.0,2189.8,2218.8,29.0,7324,0
tuned,result_1000_tuned.json,FG-DSCR,c362,default,edge-5,27,2218.8,0.0,2218.8,2247.8,29.0,7324,0
tuned,result_1000_tuned.json,FG-DSCR,c002,default,edge-5,28,2247.8,0.0,2247.8,2276.8,29.0,7324,0
tuned,result_1000_tuned.json,FG-DSCR,c812,default,edge-5,29,2276.8,0.0,2276.8,2305.8,29.0,7324,0
tuned,result_1000_tuned.json,FG-DSCR,c722,default,edge-5,30,2305.8,0.0,2305.8,2334.8,29.0,7324,0
tuned,result_1000_tuned.json,FG-DSCR,c242,default,edge-5,31,2334.8,0.0,2334.8,2363.8,29.0,7324,0
tuned,result_1000_tuned.json,FG-DSCR,c392,default,edge-5,32,2363.8,0.0,2363.8,2392.8,29.0,7324,0
tuned,result_1000_tuned.json,FG-DSCR,c182,default,edge-5,33,2392.8,0.0,2392.8,2421.8,29.0,7324,0
tuned,result_1000_tuned.json,FG-DSCR,c602,default,edge-5,34,2421.8,0.0,2421.8,2450.8,29.0,7324,0
tuned,result_1000_tuned.json,FG-DSCR,c361,default,edge-5,35,2450.8,270.2,2721.0,2747.0,26.0,5670,1351
tuned,result_1000_tuned.json,FG-DSCR,c151,default,edge-5,36,2747.0,0.0,2747.0,2773.0,26.0,7021,0
tuned,result_1000_tuned.json,FG-DSCR,c991,default,edge-5,37,2773.0,0.0,2773.0,2799.0,26.0,7021,0
tuned,result_1000_tuned.json,FG-DSCR,c391,default,edge-5,38,2799.0,0.0,2799.0,2825.0,26.0,7021,0
tuned,result_1000_tuned.json,FG-DSCR,c331,default,edge-5,39,2825.0,0.0,2825.0,2851.0,26.0,7021,0
tuned,result_1000_tuned.json,FG-DSCR,c781,default,edge-5,40,2851.0,0.0,2851.0,2877.0,26.0,7021,0
tuned,result_1000_tuned.json,FG-DSCR,c601,default,edge-5,41,2877.0,0.0,2877.0,2903.0,26.0,7021,0
tuned,result_1000_tuned.json,FG-DSCR,c931,default,edge-5,42,2903.0,0.0,2903.0,2929.0,26.0,7021,0
tuned,result_1000_tuned.json,FG-DSCR,c961,default,edge-5,43,2929.0,0.0,2929.0,2955.0,26.0,7021,0
tuned,result_1000_tuned.json,FG-DSCR,c421,default,edge-5,44,2955.0,0.0,2955.0,2981.0,26.0,7021,0
tuned,result_1000_tuned.json,FG-DSCR,c091,default,edge-5,45,2981.0,0.0,2981.0,3007.0,26.0,7021,0
tuned,result_1000_tuned.json,FG-DSCR,c631,default,edge-5,46,3007.0,0.0,3007.0,3033.0,26.0,7021,0
tuned,result_1000_tuned.json,FG-DSCR,c241,default,edge-5,47,3033.0,0.0,3033.0,3059.0,26.0,7021,0
tuned,result_1000_tuned.json,FG-DSCR,c001,default,edge-5,48,3059.0,0.0,3059.0,3085.0,26.0,7021,0
tuned,result_1000_tuned.json,FG-DSCR,c121,default,edge-5,49,3085.0,0.0,3085.0,3111.0,26.0,7021,0
tuned,result_1000_tuned.json,FG-DSCR,c511,default,edge-5,50,3111.0,0.0,3111.0,3137.0,26.0,7021,0
tuned,result_1000_tuned.json,FG-DSCR,c841,default,edge-5,51,3137.0,0.0,3137.0,3163.0,26.0,7021,0
tuned,result_1000_tuned.json,FG-DSCR,c181,default,edge-5,52,3163.0,0.0,3163.0,3189.0,26.0,7021,0
tuned,result_1000_tuned.json,FG-DSCR,c811,default,edge-5,53,3189.0,0.0,3189.0,3215.0,26.0,7021,0
tuned,result_1000_tuned.json,FG-DSCR,c481,default,edge-5,54,3215.0,0.0,3215.0,3241.0,26.0,7021,0
tuned,result_1000_tuned.json,FG-DSCR,c571,default,edge-5,55,3241.0,0.0,3241.0,3267.0,26.0,7021,0
tuned,result_1000_tuned.json,FG-DSCR,c271,default,edge-5,56,3267.0,0.0,3267.0,3293.0,26.0,7021,0
tuned,result_1000_tuned.json,FG-DSCR,c751,default,edge-5,57,3293.0,0.0,3293.0,3319.0,26.0,7021,0
tuned,result_1000_tuned.json,FG-DSCR,c031,default,edge-5,58,3319.0,0.0,3319.0,3345.0,26.0,7021,0
tuned,result_1000_tuned.json,FG-DSCR,c301,default,edge-5,59,3345.0,0.0,3345.0,3371.0,26.0,7021,0
tuned,result_1000_tuned.json,FG-DSCR,c871,default,edge-5,60,3371.0,0.0,3371.0,3397.0,26.0,7021,0
tuned,result_1000_tuned.json,FG-DSCR,c451,default,edge-5,61,3397.0,0.0,3397.0,3423.0,26.0,7021,0
tuned,result_1000_tuned.json,FG-DSCR,c211,default,edge-5,62,3423.0,0.0,3423.0,3449.0,26.0,7021,0
tuned,result_1000_tuned.json,FG-DSCR,c721,default,edge-5,63,3449.0,0.0,3449.0,3475.0,26.0,7021,0
tuned,result_1000_tuned.json,FG-DSCR,c691,default,edge-5,64,3475.0,0.0,3475.0,3501.0,26.0,7021,0
tuned,result_1000_tuned.json,FG-DSCR,c061,default,edge-5,65,3501.0,0.0,3501.0,3527.0,26.0,7021,0
tuned,result_1000_tuned.json,FG-DSCR,c661,default,edge-5,66,3527.0,0.0,3527.0,3553.0,26.0,7021,0
tuned,result_1000_tuned.json,FG-DSCR,c541,default,edge-5,67,3553.0,0.0,3553.0,3579.0,26.0,7021,0
tuned,result_1000_tuned.json,FG-DSCR,c901,default,edge-5,68,3579.0,0.0,3579.0,3605.0,26.0,7021,0
tuned,result_1000_tuned.json,FG-DSCR,c366,default,edge-5,69,3605.0,360.0,3965.0,3994.0,29.0,5671,1800
tuned,result_1000_tuned.json,FG-DSCR,c036,default,edge-5,70,3994.0,0.0,3994.0,4023.0,29.0,7471,0
tuned,result_1000_tuned.json,FG-DSCR,c756,default,edge-5,71,4023.0,0.0,4023.0,4052.0,29.0,7471,0
tuned,result_1000_tuned.json,FG-DSCR,c816,default,edge-5,72,4052.0,0.0,4052.0,4081.0,29.0,7471,0
tuned,result_1000_tuned.json,FG-DSCR,c306,default,edge-5,73,4081.0,0.0,4081.0,4110.0,29.0,7471,0
tuned,result_1000_tuned.json,FG-DSCR,c696,default,edge-5,74,4110.0,0.0,4110.0,4139.0,29.0,7471,0
tuned,result_1000_tuned.json,FG-DSCR,c336,default,edge-5,75,4139.0,0.0,4139.0,4168.0,29.0,7471,0
tuned,result_1000_tuned.json,FG-DSCR,c216,default,edge-5,76,4168.0,0.0,4168.0,4197.0,29.0,7471,0
tuned,result_1000_tuned.json,FG-DSCR,c246,default,edge-5,77,4197.0,0.0,4197.0,4226.0,29.0,7471,0
tuned,result_1000_tuned.json,FG-DSCR,c066,default,edge-5,78,4226.0,0.0,4226.0,4255.0,29.0,7471,0
tuned,result_1000_tuned.json,FG-DSCR,c486,default,edge-5,79,4255.0,0.0,4255.0,4284.0,29.0,7471,0
tuned,result_1000_tuned.json,FG-DSCR,c966,default,edge-5,80,4284.0,0.0,4284.0,4313.0,29.0,7471,0
tuned,result_1000_tuned.json,FG-DSCR,c726,default,edge-5,81,4313.0,0.0,4313.0,4342.0,29.0,7471,0
tuned,result_1000_tuned.json,FG-DSCR,c006,default,edge-5,82,4342.0,0.0,4342.0,4371.0,29.0,7471,0
tuned,result_1000_tuned.json,FG-DSCR,c426,default,edge-5,83,4371.0,0.0,4371.0,4400.0,29.0,7471,0
tuned,result_1000_tuned.json,FG-DSCR,c276,default,edge-5,84,4400.0,0.0,4400.0,4429.0,29.0,7471,0
tuned,result_1000_tuned.json,FG-DSCR,c156,default,edge-5,85,4429.0,0.0,4429.0,4458.0,29.0,7471,0
tuned,result_1000_tuned.json,FG-DSCR,c786,default,edge-5,86,4458.0,0.0,4458.0,4487.0,29.0,7471,0
tuned,result_1000_tuned.json,FG-DSCR,c396,default,edge-5,87,4487.0,0.0,4487.0,4516.0,29.0,7471,0
tuned,result_1000_tuned.json,FG-DSCR,c546,default,edge-5,88,4516.0,0.0,4516.0,4545.0,29.0,7471,0
tuned,result_1000_tuned.json,FG-DSCR,c606,default,edge-5,89,4545.0,0.0,4545.0,4574.0,29.0,7471,0
tuned,result_1000_tuned.json,FG-DSCR,c876,default,edge-5,90,4574.0,0.0,4574.0,4603.0,29.0,7471,0
tuned,result_1000_tuned.json,FG-DSCR,c186,default,edge-5,91,4603.0,0.0,4603.0,4632.0,29.0,7471,0
tuned,result_1000_tuned.json,FG-DSCR,c516,default,edge-5,92,4632.0,0.0,4632.0,4661.0,29.0,7471,0
tuned,result_1000_tuned.json,FG-DSCR,c936,default,edge-5,93,4661.0,0.0,4661.0,4690.0,29.0,7471,0
tuned,result_1000_tuned.json,FG-DSCR,c636,default,edge-5,94,4690.0,0.0,4690.0,4719.0,29.0,7471,0
tuned,result_1000_tuned.json,FG-DSCR,c996,default,edge-5,95,4719.0,0.0,4719.0,4748.0,29.0,7471,0
tuned,result_1000_tuned.json,FG-DSCR,c456,default,edge-5,96,4748.0,0.0,4748.0,4777.0,29.0,7471,0
tuned,result_1000_tuned.json,FG-DSCR,c126,default,edge-5,97,4777.0,0.0,4777.0,4806.0,29.0,7471,0
tuned,result_1000_tuned.json,FG-DSCR,c096,default,edge-5,98,4806.0,0.0,4806.0,4835.0,29.0,7471,0
tuned,result_1000_tuned.json,FG-DSCR,c906,default,edge-5,99,4835.0,0.0,4835.0,4864.0,29.0,7471,0
tuned,result_1000_tuned.json,FG-DSCR,c576,default,edge-5,100,4864.0,0.0,4864.0,4893.0,29.0,7471,0
tuned,result_1000_tuned.json,FG-DSCR,c846,default,edge-5,101,4893.0,0.0,4893.0,4922.0,29.0,7471,0
tuned,result_1000_tuned.json,FG-DSCR,c666,default,edge-5,102,4922.0,0.0,4922.0,4951.0,29.0,7471,0
tuned,result_1000_tuned.json,FG-DSCR,c165,default,edge-6,1,0.0,1257.4,1257.4,1285.4,28.0,0,12574
tuned,result_1000_tuned.json,FG-DSCR,c795,default,edge-6,2,1285.4,0.0,1285.4,1313.4,28.0,12574,0
tuned,result_1000_tuned.json,FG-DSCR,c465,default,edge-6,3,1313.4,0.0,1313.4,1341.4,28.0,12574,0
tuned,result_1000_tuned.json,FG-DSCR,c105,default,edge-6,4,1341.4,0.0,1341.4,1369.4,28.0,12574,0
tuned,result_1000_tuned.json,FG-DSCR,c615,default,edge-6,5,1369.4,0.0,1369.4,1397.4,28.0,12574,0
tuned,result_1000_tuned.json,FG-DSCR,c825,default,edge-6,6,1397.4,0.0,1397.4,1425.4,28.0,12574,0
tuned,result_1000_tuned.json,FG-DSCR,c525,default,edge-6,7,1425.4,0.0,1425.4,1453.4,28.0,12574,0
tuned,result_1000_tuned.json,FG-DSCR,c015,default,edge-6,8,1453.4,0.0,1453.4,1481.4,28.0,12574,0
tuned,result_1000_tuned.json,FG-DSCR,c045,default,edge-6,9,1481.4,0.0,1481.4,1509.4,28.0,12574,0
tuned,result_1000_tuned.json,FG-DSCR,c645,default,edge-6,10,1509.4,0.0,1509.4,1537.4,28.0,12574,0
tuned,result_1000_tuned.json,FG-DSCR,c345,default,edge-6,11,1537.4,0.0,1537.4,1565.4,28.0,12574,0
tuned,result_1000_tuned.json,FG-DSCR,c975,default,edge-6,12,1565.4,0.0,1565.4,1593.4,28.0,12574,0
tuned,result_1000_tuned.json,FG-DSCR,c195,default,edge-6,13,1593.4,0.0,1593.4,1621.4,28.0,12574,0
tuned,result_1000_tuned.json,FG-DSCR,c915,default,edge-6,14,1621.4,0.0,1621.4,1649.4,28.0,12574,0
tuned,result_1000_tuned.json,FG-DSCR,c585,default,edge-6,15,1649.4,0.0,1649.4,1677.4,28.0,12574,0
tuned,result_1000_tuned.json,FG-DSCR,c255,default,edge-6,16,1677.4,0.0,1677.4,1705.4,28.0,12574,0
tuned,result_1000_tuned.json,FG-DSCR,c375,default,edge-6,17,1705.4,0.0,1705.4,1733.4,28.0,12574,0
tuned,result_1000_tuned.json,FG-DSCR,c315,default,edge-6,18,1733.4,0.0,1733.4,1761.4,28.0,12574,0
tuned,result_1000_tuned.json,FG-DSCR,c225,default,edge-6,19,1761.4,0.0,1761.4,1789.4,28.0,12574,0
tuned,result_1000_tuned.json,FG-DSCR,c705,default,edge-6,20,1789.4,0.0,1789.4,1817.4,28.0,12574,0
tuned,result_1000_tuned.json,FG-DSCR,c435,default,edge-6,21,1817.4,0.0,1817.4,1845.4,28.0,12574,0
tuned,result_1000_tuned.json,FG-DSCR,c675,default,edge-6,22,1845.4,0.0,1845.4,1873.4,28.0,12574,0
tuned,result_1000_tuned.json,FG-DSCR,c885,default,edge-6,23,1873.4,0.0,1873.4,1901.4,28.0,12574,0
tuned,result_1000_tuned.json,FG-DSCR,c765,default,edge-6,24,1901.4,0.0,1901.4,1929.4,28.0,12574,0
tuned,result_1000_tuned.json,FG-DSCR,c855,default,edge-6,25,1929.4,0.0,1929.4,1957.4,28.0,12574,0
tuned,result_1000_tuned.json,FG-DSCR,c135,default,edge-6,26,1957.4,0.0,1957.4,1985.4,28.0,12574,0
tuned,result_1000_tuned.json,FG-DSCR,c285,default,edge-6,27,1985.4,0.0,1985.4,2013.4,28.0,12574,0
tuned,result_1000_tuned.json,FG-DSCR,c075,default,edge-6,28,2013.4,0.0,2013.4,2041.4,28.0,12574,0
tuned,result_1000_tuned.json,FG-DSCR,c555,default,edge-6,29,2041.4,0.0,2041.4,2069.4,28.0,12574,0
tuned,result_1000_tuned.json,FG-DSCR,c495,default,edge-6,30,2069.4,0.0,2069.4,2097.4,28.0,12574,0
tuned,result_1000_tuned.json,FG-DSCR,c945,default,edge-6,31,2097.4,0.0,2097.4,2125.4,28.0,12574,0
tuned,result_1000_tuned.json,FG-DSCR,c405,default,edge-6,32,2125.4,0.0,2125.4,2153.4,28.0,12574,0
tuned,result_1000_tuned.json,FG-DSCR,c735,default,edge-6,33,2153.4,0.0,2153.4,2181.4,28.0,12574,0
tuned,result_1000_tuned.json,FG-DSCR,c644,default,edge-6,34,2181.4,832.0,3013.4,3038.4,25.0,11920,8320
tuned,result_1000_tuned.json,FG-DSCR,c704,default,edge-6,35,3038.4,0.0,3038.4,3063.4,25.0,20240,0
tuned,result_1000_tuned.json,FG-DSCR,c914,default,edge-6,36,3063.4,0.0,3063.4,3088.4,25.0,20240,0
tuned,result_1000_tuned.json,FG-DSCR,c674,default,edge-6,37,3088.4,0.0,3088.4,3113.4,25.0,20240,0
tuned,result_1000_tuned.json,FG-DSCR,c794,default,edge-6,38,3113.4,0.0,3113.4,3138.4,25.0,20240,0
tuned,result_1000_tuned.json,FG-DSCR,c014,default,edge-6,39,3138.4,0.0,3138.4,3163.4,25.0,20240,0
tuned,result_1000_tuned.json,FG-DSCR,c284,default,edge-6,40,3163.4,0.0,3163.4,3188.4,25.0,20240,0
tuned,result_1000_tuned.json,FG-DSCR,c254,default,edge-6,41,3188.4,0.0,3188.4,3213.4,25.0,20240,0
tuned,result_1000_tuned.json,FG-DSCR,c224,default,edge-6,42,3213.4,0.0,3213.4,3238.4,25.0,20240,0
tuned,result_1000_tuned.json,FG-DSCR,c374,default,edge-6,43,3238.4,0.0,3238.4,3263.4,25.0,20240,0
tuned,result_1000_tuned.json,FG-DSCR,c194,default,edge-6,44,3263.4,0.0,3263.4,3288.4,25.0,20240,0
tuned,result_1000_tuned.json,FG-DSCR,c044,default,edge-6,45,3288.4,0.0,3288.4,3313.4,25.0,20240,0
tuned,result_1000_tuned.json,FG-DSCR,c944,default,edge-6,46,3313.4,0.0,3313.4,3338.4,25.0,20240,0
tuned,result_1000_tuned.json,FG-DSCR,c314,default,edge-6,47,3338.4,0.0,3338.4,3363.4,25.0,20240,0
tuned,result_1000_tuned.json,FG-DSCR,c434,default,edge-6,48,3363.4,0.0,3363.4,3388.4,25.0,20240,0
tuned,result_1000_tuned.json,FG-DSCR,c884,default,edge-6,49,3388.4,0.0,3388.4,3413.4,25.0,20240,0
tuned,result_1000_tuned.json,FG-DSCR,c134,default,edge-6,50,3413.4,0.0,3413.4,3438.4,25.0,20240,0
tuned,result_1000_tuned.json,FG-DSCR,c764,default,edge-6,51,3438.4,0.0,3438.4,3463.4,25.0,20240,0
tuned,result_1000_tuned.json,FG-DSCR,c734,default,edge-6,52,3463.4,0.0,3463.4,3488.4,25.0,20240,0
tuned,result_1000_tuned.json,FG-DSCR,c074,default,edge-6,53,3488.4,0.0,3488.4,3513.4,25.0,20240,0
tuned,result_1000_tuned.json,FG-DSCR,c344,default,edge-6,54,3513.4,0.0,3513.4,3538.4,25.0,20240,0
tuned,result_1000_tuned.json,FG-DSCR,c104,default,edge-6,55,3538.4,0.0,3538.4,3563.4,25.0,20240,0
tuned,result_1000_tuned.json,FG-DSCR,c164,default,edge-6,56,3563.4,0.0,3563.4,3588.4,25.0,20240,0
tuned,result_1000_tuned.json,FG-DSCR,c524,default,edge-6,57,3588.4,0.0,3588.4,3613.4,25.0,20240,0
tuned,result_1000_tuned.json,FG-DSCR,c614,default,edge-6,58,3613.4,0.0,3613.4,3638.4,25.0,20240,0
tuned,result_1000_tuned.json,FG-DSCR,c584,default,edge-6,59,3638.4,0.0,3638.4,3663.4,25.0,20240,0
tuned,result_1000_tuned.json,FG-DSCR,c404,default,edge-6,60,3663.4,0.0,3663.4,3688.4,25.0,20240,0
tuned,result_1000_tuned.json,FG-DSCR,c494,default,edge-6,61,3688.4,0.0,3688.4,3713.4,25.0,20240,0
tuned,result_1000_tuned.json,FG-DSCR,c854,default,edge-6,62,3713.4,0.0,3713.4,3738.4,25.0,20240,0
tuned,result_1000_tuned.json,FG-DSCR,c554,default,edge-6,63,3738.4,0.0,3738.4,3763.4,25.0,20240,0
tuned,result_1000_tuned.json,FG-DSCR,c464,default,edge-6,64,3763.4,0.0,3763.4,3788.4,25.0,20240,0
tuned,result_1000_tuned.json,FG-DSCR,c974,default,edge-6,65,3788.4,0.0,3788.4,3813.4,25.0,20240,0
tuned,result_1000_tuned.json,FG-DSCR,c824,default,edge-6,66,3813.4,0.0,3813.4,3838.4,25.0,20240,0
tuned,result_1000_tuned.json,FG-DSCR,c287,default,edge-6,67,3838.4,180.2,4018.6,4040.6,22.0,4470,1802
tuned,result_1000_tuned.json,FG-DSCR,c167,default,edge-6,68,4040.6,0.0,4040.6,4062.6,22.0,6272,0
tuned,result_1000_tuned.json,FG-DSCR,c467,default,edge-6,69,4062.6,0.0,4062.6,4084.6,22.0,6272,0
tuned,result_1000_tuned.json,FG-DSCR,c347,default,edge-6,70,4084.6,0.0,4084.6,4106.6,22.0,6272,0
tuned,result_1000_tuned.json,FG-DSCR,c977,default,edge-6,71,4106.6,0.0,4106.6,4128.6,22.0,6272,0
tuned,result_1000_tuned.json,FG-DSCR,c197,default,edge-6,72,4128.6,0.0,4128.6,4150.6,22.0,6272,0
tuned,result_1000_tuned.json,FG-DSCR,c617,default,edge-6,73,4150.6,0.0,4150.6,4172.6,22.0,6272,0
tuned,result_1000_tuned.json,FG-DSCR,c437,default,edge-6,74,4172.6,0.0,4172.6,4194.6,22.0,6272,0
tuned,result_1000_tuned.json,FG-DSCR,c797,default,edge-6,75,4194.6,0.0,4194.6,4216.6,22.0,6272,0
tuned,result_1000_tuned.json,FG-DSCR,c527,default,edge-6,76,4216.6,0.0,4216.6,4238.6,22.0,6272,0
tuned,result_1000_tuned.json,FG-DSCR,c017,default,edge-6,77,4238.6,0.0,4238.6,4260.6,22.0,6272,0
tuned,result_1000_tuned.json,FG-DSCR,c377,default,edge-6,78,4260.6,0.0,4260.6,4282.6,22.0,6272,0
tuned,result_1000_tuned.json,FG-DSCR,c887,default,edge-6,79,4282.6,0.0,4282.6,4304.6,22.0,6272,0
tuned,result_1000_tuned.json,FG-DSCR,c497,default,edge-6,80,4304.6,0.0,4304.6,4326.6,22.0,6272,0
tuned,result_1000_tuned.json,FG-DSCR,c647,default,edge-6,81,4326.6,0.0,4326.6,4348.6,22.0,6272,0
tuned,result_1000_tuned.json,FG-DSCR,c677,default,edge-6,82,4348.6,0.0,4348.6,4370.6,22.0,6272,0
tuned,result_1000_tuned.json,FG-DSCR,c047,default,edge-6,83,4370.6,0.0,4370.6,4392.6,22.0,6272,0
tuned,result_1000_tuned.json,FG-DSCR,c317,default,edge-6,84,4392.6,0.0,4392.6,4414.6,22.0,6272,0
tuned,result_1000_tuned.json,FG-DSCR,c947,default,edge-6,85,4414.6,0.0,4414.6,4436.6,22.0,6272,0
tuned,result_1000_tuned.json,FG-DSCR,c107,default,edge-6,86,4436.6,0.0,4436.6,4458.6,22.0,6272,0
tuned,result_1000_tuned.json,FG-DSCR,c707,default,edge-6,87,4458.6,0.0,4458.6,4480.6,22.0,6272,0
tuned,result_1000_tuned.json,FG-DSCR,c857,default,edge-6,88,4480.6,0.0,4480.6,4502.6,22.0,6272,0
tuned,result_1000_tuned.json,FG-DSCR,c737,default,edge-6,89,4502.6,0.0,4502.6,4524.6,22.0,6272,0
tuned,result_1000_tuned.json,FG-DSCR,c767,default,edge-6,90,4524.6,0.0,4524.6,4546.6,22.0,6272,0
tuned,result_1000_tuned.json,FG-DSCR,c557,default,edge-6,91,4546.6,0.0,4546.6,4568.6,22.0,6272,0
tuned,result_1000_tuned.json,FG-DSCR,c227,default,edge-6,92,4568.6,0.0,4568.6,4590.6,22.0,6272,0
tuned,result_1000_tuned.json,FG-DSCR,c077,default,edge-6,93,4590.6,0.0,4590.6,4612.6,22.0,6272,0
tuned,result_1000_tuned.json,FG-DSCR,c587,default,edge-6,94,4612.6,0.0,4612.6,4634.6,22.0,6272,0
tuned,result_1000_tuned.json,FG-DSCR,c407,default,edge-6,95,4634.6,0.0,4634.6,4656.6,22.0,6272,0
tuned,result_1000_tuned.json,FG-DSCR,c917,default,edge-6,96,4656.6,0.0,4656.6,4678.6,22.0,6272,0
tuned,result_1000_tuned.json,FG-DSCR,c257,default,edge-6,97,4678.6,0.0,4678.6,4700.6,22.0,6272,0
tuned,result_1000_tuned.json,FG-DSCR,c137,default,edge-6,98,4700.6,0.0,4700.6,4722.6,22.0,6272,0
tuned,result_1000_tuned.json,FG-DSCR,c827,default,edge-6,99,4722.6,0.0,4722.6,4744.6,22.0,6272,0
tuned,result_1000_tuned.json,FG-DSCR,c853,default,edge-6,100,4744.6,0.8,4745.400000000001,4767.400000000001,22.0,5624,8
tuned,result_1000_tuned.json,FG-DSCR,c223,default,edge-6,101,4767.400000000001,0.0,4767.400000000001,4789.400000000001,22.0,5632,0
tuned,result_1000_tuned.json,FG-DSCR,c493,default,edge-6,102,4789.400000000001,0.0,4789.400000000001,4811.400000000001,22.0,5632,0
tuned,result_1000_tuned.json,FG-DSCR,c973,default,edge-6,103,4811.400000000001,0.0,4811.400000000001,4833.400000000001,22.0,5632,0
tuned,result_1000_tuned.json,FG-DSCR,c403,default,edge-6,104,4833.400000000001,0.0,4833.400000000001,4855.400000000001,22.0,5632,0
tuned,result_1000_tuned.json,FG-DSCR,c883,default,edge-6,105,4855.400000000001,0.0,4855.400000000001,4877.400000000001,22.0,5632,0
tuned,result_1000_tuned.json,FG-DSCR,c283,default,edge-6,106,4877.400000000001,0.0,4877.400000000001,4899.400000000001,22.0,5632,0
tuned,result_1000_tuned.json,FG-DSCR,c553,default,edge-6,107,4899.400000000001,0.0,4899.400000000001,4921.400000000001,22.0,5632,0
tuned,result_1000_tuned.json,FG-DSCR,c523,default,edge-6,108,4921.400000000001,0.0,4921.400000000001,4943.400000000001,22.0,5632,0
tuned,result_1000_tuned.json,FG-DSCR,c163,default,edge-6,109,4943.400000000001,0.0,4943.400000000001,4965.400000000001,22.0,5632,0
tuned,result_1000_tuned.json,FG-DSCR,c823,default,edge-6,110,4965.400000000001,0.0,4965.400000000001,4987.400000000001,22.0,5632,0
tuned,result_1000_tuned.json,FG-DSCR,c373,default,edge-6,111,4987.400000000001,0.0,4987.400000000001,5009.400000000001,22.0,5632,0
tuned,result_1000_tuned.json,FG-DSCR,c613,default,edge-6,112,5009.400000000001,0.0,5009.400000000001,5031.400000000001,22.0,5632,0
tuned,result_1000_tuned.json,FG-DSCR,c193,default,edge-6,113,5031.400000000001,0.0,5031.400000000001,5053.400000000001,22.0,5632,0
tuned,result_1000_tuned.json,FG-DSCR,c133,default,edge-6,114,5053.400000000001,0.0,5053.400000000001,5075.400000000001,22.0,5632,0
tuned,result_1000_tuned.json,FG-DSCR,c343,default,edge-6,115,5075.400000000001,0.0,5075.400000000001,5097.400000000001,22.0,5632,0
tuned,result_1000_tuned.json,FG-DSCR,c913,default,edge-6,116,5097.400000000001,0.0,5097.400000000001,5119.400000000001,22.0,5632,0
tuned,result_1000_tuned.json,FG-DSCR,c313,default,edge-6,117,5119.400000000001,0.0,5119.400000000001,5141.400000000001,22.0,5632,0
tuned,result_1000_tuned.json,FG-DSCR,c763,default,edge-6,118,5141.400000000001,0.0,5141.400000000001,5163.400000000001,22.0,5632,0
tuned,result_1000_tuned.json,FG-DSCR,c943,default,edge-6,119,5163.400000000001,0.0,5163.400000000001,5185.400000000001,22.0,5632,0
tuned,result_1000_tuned.json,FG-DSCR,c733,default,edge-6,120,5185.400000000001,0.0,5185.400000000001,5207.400000000001,22.0,5632,0
tuned,result_1000_tuned.json,FG-DSCR,c673,default,edge-6,121,5207.400000000001,0.0,5207.400000000001,5229.400000000001,22.0,5632,0
tuned,result_1000_tuned.json,FG-DSCR,c583,default,edge-6,122,5229.400000000001,0.0,5229.400000000001,5251.400000000001,22.0,5632,0
tuned,result_1000_tuned.json,FG-DSCR,c073,default,edge-6,123,5251.400000000001,0.0,5251.400000000001,5273.400000000001,22.0,5632,0
tuned,result_1000_tuned.json,FG-DSCR,c168,default,edge-6,124,5273.400000000001,0.0,5273.400000000001,5298.400000000001,25.0,4552,0
tuned,result_1000_tuned.json,FG-DSCR,c918,default,edge-6,125,5298.400000000001,0.0,5298.400000000001,5323.400000000001,25.0,4552,0
tuned,result_1000_tuned.json,FG-DSCR,c888,default,edge-6,126,5323.400000000001,0.0,5323.400000000001,5348.400000000001,25.0,4552,0
tuned,result_1000_tuned.json,FG-DSCR,c643,default,edge-6,127,5348.400000000001,0.0,5348.400000000001,5370.400000000001,22.0,5632,0
tuned,result_1000_tuned.json,FG-DSCR,c258,default,edge-6,128,5370.400000000001,0.0,5370.400000000001,5395.400000000001,25.0,4552,0
tuned,result_1000_tuned.json,FG-DSCR,c946,default,edge-6,129,5395.400000000001,0.0,5395.400000000001,5426.400000000001,31.0,4480,0
tuned,result_1000_tuned.json,FG-DSCR,c948,default,edge-6,130,5426.400000000001,0.0,5426.400000000001,5451.400000000001,25.0,4552,0
tuned,result_1000_tuned.json,FG-DSCR,c703,default,edge-6,131,5451.400000000001,0.0,5451.400000000001,5473.400000000001,22.0,5632,0
tuned,result_1000_tuned.json,FG-DSCR,c706,default,edge-6,132,5473.400000000001,0.0,5473.400000000001,5504.400000000001,31.0,4480,0
tuned,result_1000_tuned.json,FG-DSCR,c768,default,edge-6,133,5504.400000000001,0.0,5504.400000000001,5529.400000000001,25.0,4552,0
tuned,result_1000_tuned.json,FG-DSCR,c736,default,edge-6,134,5529.400000000001,0.0,5529.400000000001,5560.400000000001,31.0,4480,0
tuned,result_1000_tuned.json,FG-DSCR,c468,default,edge-6,135,5560.400000000001,0.0,5560.400000000001,5585.400000000001,25.0,4552,0
tuned,result_1000_tuned.json,FG-DSCR,c886,default,edge-6,136,5585.400000000001,0.0,5585.400000000001,5616.400000000001,31.0,4480,0
tuned,result_1000_tuned.json,FG-DSCR,c828,default,edge-6,137,5616.400000000001,0.0,5616.400000000001,5641.400000000001,25.0,4552,0
tuned,result_1000_tuned.json,FG-DSCR,c043,default,edge-6,138,5641.400000000001,0.0,5641.400000000001,5663.400000000001,22.0,5632,0
tuned,result_1000_tuned.json,FG-DSCR,c346,default,edge-6,139,5663.400000000001,0.0,5663.400000000001,5694.400000000001,31.0,4480,0
tuned,result_1000_tuned.json,FG-DSCR,c558,default,edge-6,140,5694.400000000001,0.0,5694.400000000001,5719.400000000001,25.0,4552,0
tuned,result_1000_tuned.json,FG-DSCR,c826,default,edge-6,141,5719.400000000001,0.0,5719.400000000001,5750.400000000001,31.0,4480,0
tuned,result_1000_tuned.json,FG-DSCR,c378,default,edge-6,142,5750.400000000001,0.0,5750.400000000001,5775.400000000001,25.0,4552,0
tuned,result_1000_tuned.json,FG-DSCR,c556,default,edge-6,143,5775.400000000001,0.0,5775.400000000001,5806.400000000001,31.0,4480,0
tuned,result_1000_tuned.json,FG-DSCR,c013,default,edge-6,144,5806.400000000001,0.0,5806.400000000001,5828.400000000001,22.0,5632,0
tuned,result_1000_tuned.json,FG-DSCR,c528,default,edge-6,145,5828.400000000001,0.0,5828.400000000001,5853.400000000001,25.0,4552,0
tuned,result_1000_tuned.json,FG-DSCR,c796,default,edge-6,146,5853.400000000001,0.0,5853.400000000001,5884.400000000001,31.0,4480,0
tuned,result_1000_tuned.json,FG-DSCR,c438,default,edge-6,147,5884.400000000001,0.0,5884.400000000001,5909.400000000001,25.0,4552,0
tuned,result_1000_tuned.json,FG-DSCR,c016,default,edge-6,148,5909.400000000001,0.0,5909.400000000001,5940.400000000001,31.0,4480,0
tuned,result_1000_tuned.json,FG-DSCR,c316,default,edge-6,149,5940.400000000001,0.0,5940.400000000001,5971.400000000001,31.0,4480,0
tuned,result_1000_tuned.json,FG-DSCR,c288,default,edge-6,150,5971.400000000001,0.0,5971.400000000001,5996.400000000001,25.0,4552,0
tuned,result_1000_tuned.json,FG-DSCR,c793,default,edge-6,151,5996.400000000001,0.0,5996.400000000001,6018.400000000001,22.0,5632,0
tuned,result_1000_tuned.json,FG-DSCR,c046,default,edge-6,152,6018.400000000001,0.0,6018.400000000001,6049.400000000001,31.0,4480,0
tuned,result_1000_tuned.json,FG-DSCR,c498,default,edge-6,153,6049.400000000001,0.0,6049.400000000001,6074.400000000001,25.0,4552,0
tuned,result_1000_tuned.json,FG-DSCR,c856,default,edge-6,154,6074.400000000001,0.0,6074.400000000001,6105.400000000001,31.0,4480,0
tuned,result_1000_tuned.json,FG-DSCR,c228,default,edge-6,155,6105.400000000001,0.0,6105.400000000001,6130.400000000001,25.0,4552,0
tuned,result_1000_tuned.json,FG-DSCR,c103,default,edge-6,156,6130.400000000001,0.0,6130.400000000001,6152.400000000001,22.0,5632,0
tuned,result_1000_tuned.json,FG-DSCR,c406,default,edge-6,157,6152.400000000001,0.0,6152.400000000001,6183.400000000001,31.0,4480,0
tuned,result_1000_tuned.json,FG-DSCR,c798,default,edge-6,158,6183.400000000001,0.0,6183.400000000001,6208.400000000001,25.0,4552,0
tuned,result_1000_tuned.json,FG-DSCR,c916,default,edge-6,159,6208.400000000001,0.0,6208.400000000001,6239.400000000001,31.0,4480,0
tuned,result_1000_tuned.json,FG-DSCR,c138,default,edge-6,160,6239.400000000001,0.0,6239.400000000001,6264.400000000001,25.0,4552,0
tuned,result_1000_tuned.json,FG-DSCR,c376,default,edge-6,161,6264.400000000001,0.0,6264.400000000001,6295.400000000001,31.0,4480,0
tuned,result_1000_tuned.json,FG-DSCR,c588,default,edge-6,162,6295.400000000001,0.0,6295.400000000001,6320.400000000001,25.0,4552,0
tuned,result_1000_tuned.json,FG-DSCR,c433,default,edge-6,163,6320.400000000001,0.0,6320.400000000001,6342.400000000001,22.0,5632,0
tuned,result_1000_tuned.json,FG-DSCR,c496,default,edge-6,164,6342.400000000001,0.0,6342.400000000001,6373.400000000001,31.0,4480,0
tuned,result_1000_tuned.json,FG-DSCR,c678,default,edge-6,165,6373.400000000001,0.0,6373.400000000001,6398.400000000001,25.0,4552,0
tuned,result_1000_tuned.json,FG-DSCR,c106,default,edge-6,166,6398.400000000001,0.0,6398.400000000001,6429.400000000001,31.0,4480,0
tuned,result_1000_tuned.json,FG-DSCR,c738,default,edge-6,167,6429.400000000001,0.0,6429.400000000001,6454.400000000001,25.0,4552,0
tuned,result_1000_tuned.json,FG-DSCR,c226,default,edge-6,168,6454.400000000001,0.0,6454.400000000001,6485.400000000001,31.0,4480,0
tuned,result_1000_tuned.json,FG-DSCR,c253,default,edge-6,169,6485.400000000001,0.0,6485.400000000001,6507.400000000001,22.0,5632,0
tuned,result_1000_tuned.json,FG-DSCR,c078,default,edge-6,170,6507.400000000001,0.0,6507.400000000001,6532.400000000001,25.0,4552,0
tuned,result_1000_tuned.json,FG-DSCR,c586,default,edge-6,171,6532.400000000001,0.0,6532.400000000001,6563.400000000001,31.0,4480,0
tuned,result_1000_tuned.json,FG-DSCR,c196,default,edge-6,172,6563.400000000001,0.0,6563.400000000001,6594.400000000001,31.0,4480,0
tuned,result_1000_tuned.json,FG-DSCR,c618,default,edge-6,173,6594.400000000001,0.0,6594.400000000001,6619.400000000001,25.0,4552,0
tuned,result_1000_tuned.json,FG-DSCR,c286,default,edge-6,174,6619.400000000001,0.0,6619.400000000001,6650.400000000001,31.0,4480,0
tuned,result_1000_tuned.json,FG-DSCR,c108,default,edge-6,175,6650.400000000001,0.0,6650.400000000001,6675.400000000001,25.0,4552,0
tuned,result_1000_tuned.json,FG-DSCR,c463,default,edge-6,176,6675.400000000001,0.0,6675.400000000001,6697.400000000001,22.0,5632,0
tuned,result_1000_tuned.json,FG-DSCR,c616,default,edge-6,177,6697.400000000001,0.0,6697.400000000001,6728.400000000001,31.0,4480,0
tuned,result_1000_tuned.json,FG-DSCR,c408,default,edge-6,178,6728.400000000001,0.0,6728.400000000001,6753.400000000001,25.0,4552,0
tuned,result_1000_tuned.json,FG-DSCR,c676,default,edge-6,179,6753.400000000001,0.0,6753.400000000001,6784.400000000001,31.0,4480,0
tuned,result_1000_tuned.json,FG-DSCR,c978,default,edge-6,180,6784.400000000001,0.0,6784.400000000001,6809.400000000001,25.0,4552,0
tuned,result_1000_tuned.json,FG-DSCR,c076,default,edge-6,181,6809.400000000001,0.0,6809.400000000001,6840.400000000001,31.0,4480,0
tuned,result_1000_tuned.json,FG-DSCR,c708,default,edge-6,182,6840.400000000001,0.0,6840.400000000001,6865.400000000001,25.0,4552,0
tuned,result_1000_tuned.json,FG-DSCR,c766,default,edge-6,183,6865.400000000001,0.0,6865.400000000001,6896.400000000001,31.0,4480,0
tuned,result_1000_tuned.json,FG-DSCR,c648,default,edge-6,184,6896.400000000001,0.0,6896.400000000001,6921.400000000001,25.0,4552,0
tuned,result_1000_tuned.json,FG-DSCR,c136,default,edge-6,185,6921.400000000001,0.0,6921.400000000001,6952.400000000001,31.0,4480,0
tuned,result_1000_tuned.json,FG-DSCR,c018,default,edge-6,186,6952.400000000001,0.0,6952.400000000001,6977.400000000001,25.0,4552,0
tuned,result_1000_tuned.json,FG-DSCR,c976,default,edge-6,187,6977.400000000001,0.0,6977.400000000001,7008.400000000001,31.0,4480,0
tuned,result_1000_tuned.json,FG-DSCR,c858,default,edge-6,188,7008.400000000001,0.0,7008.400000000001,7033.400000000001,25.0,4552,0
tuned,result_1000_tuned.json,FG-DSCR,c466,default,edge-6,189,7033.400000000001,0.0,7033.400000000001,7064.400000000001,31.0,4480,0
tuned,result_1000_tuned.json,FG-DSCR,c198,default,edge-6,190,7064.400000000001,0.0,7064.400000000001,7089.400000000001,25.0,4552,0
tuned,result_1000_tuned.json,FG-DSCR,c646,default,edge-6,191,7089.400000000001,0.0,7089.400000000001,7120.400000000001,31.0,4480,0
tuned,result_1000_tuned.json,FG-DSCR,c166,default,edge-6,192,7120.400000000001,0.0,7120.400000000001,7151.400000000001,31.0,4480,0
tuned,result_1000_tuned.json,FG-DSCR,c318,default,edge-6,193,7151.400000000001,0.0,7151.400000000001,7176.400000000001,25.0,4552,0
tuned,result_1000_tuned.json,FG-DSCR,c256,default,edge-6,194,7176.400000000001,0.0,7176.400000000001,7207.400000000001,31.0,4480,0
tuned,result_1000_tuned.json,FG-DSCR,c048,default,edge-6,195,7207.400000000001,0.0,7207.400000000001,7232.400000000001,25.0,4552,0
tuned,result_1000_tuned.json,FG-DSCR,c526,default,edge-6,196,7232.400000000001,0.0,7232.400000000001,7263.400000000001,31.0,4480,0
tuned,result_1000_tuned.json,FG-DSCR,c348,default,edge-6,197,7263.400000000001,0.0,7263.400000000001,7288.400000000001,25.0,4552,0
tuned,result_1000_tuned.json,FG-DSCR,c436,default,edge-6,198,7288.400000000001,0.0,7288.400000000001,7319.400000000001,31.0,4480,0
tuned,result_1000_tuned.json,FG-DSCR,c545,default,edge-7,1,0.0,702.4,702.4,728.4,26.0,0,7024
tuned,result_1000_tuned.json,FG-DSCR,c395,default,edge-7,2,728.4,0.0,728.4,754.4,26.0,7024,0
tuned,result_1000_tuned.json,FG-DSCR,c995,default,edge-7,3,754.4,0.0,754.4,780.4,26.0,7024,0
tuned,result_1000_tuned.json,FG-DSCR,c455,default,edge-7,4,780.4,0.0,780.4,806.4,26.0,7024,0
tuned,result_1000_tuned.json,FG-DSCR,c245,default,edge-7,5,806.4,0.0,806.4,832.4,26.0,7024,0
tuned,result_1000_tuned.json,FG-DSCR,c935,default,edge-7,6,832.4,0.0,832.4,858.4,26.0,7024,0
tuned,result_1000_tuned.json,FG-DSCR,c665,default,edge-7,7,858.4,0.0,858.4,884.4,26.0,7024,0
tuned,result_1000_tuned.json,FG-DSCR,c125,default,edge-7,8,884.4,0.0,884.4,910.4,26.0,7024,0
tuned,result_1000_tuned.json,FG-DSCR,c335,default,edge-7,9,910.4,0.0,910.4,936.4,26.0,7024,0
tuned,result_1000_tuned.json,FG-DSCR,c425,default,edge-7,10,936.4,0.0,936.4,962.4,26.0,7024,0
tuned,result_1000_tuned.json,FG-DSCR,c065,default,edge-7,11,962.4,0.0,962.4,988.4,26.0,7024,0
tuned,result_1000_tuned.json,FG-DSCR,c305,default,edge-7,12,988.4,0.0,988.4,1014.4,26.0,7024,0
tuned,result_1000_tuned.json,FG-DSCR,c785,default,edge-7,13,1014.4,0.0,1014.4,1040.4,26.0,7024,0
tuned,result_1000_tuned.json,FG-DSCR,c905,default,edge-7,14,1040.4,0.0,1040.4,1066.4,26.0,7024,0
tuned,result_1000_tuned.json,FG-DSCR,c485,default,edge-7,15,1066.4,0.0,1066.4,1092.4,26.0,7024,0
tuned,result_1000_tuned.json,FG-DSCR,c215,default,edge-7,16,1092.4,0.0,1092.4,1118.4,26.0,7024,0
tuned,result_1000_tuned.json,FG-DSCR,c365,default,edge-7,17,1118.4,0.0,1118.4,1144.4,26.0,7024,0
tuned,result_1000_tuned.json,FG-DSCR,c035,default,edge-7,18,1144.4,0.0,1144.4,1170.4,26.0,7024,0
tuned,result_1000_tuned.json,FG-DSCR,c755,default,edge-7,19,1170.4,0.0,1170.4,1196.4,26.0,7024,0
tuned,result_1000_tuned.json,FG-DSCR,c725,default,edge-7,20,1196.4,0.0,1196.4,1222.4,26.0,7024,0
tuned,result_1000_tuned.json,FG-DSCR,c095,default,edge-7,21,1222.4,0.0,1222.4,1248.4,26.0,7024,0
tuned,result_1000_tuned.json,FG-DSCR,c875,default,edge-7,22,1248.4,0.0,1248.4,1274.4,26.0,7024,0
tuned,result_1000_tuned.json,FG-DSCR,c605,default,edge-7,23,1274.4,0.0,1274.4,1300.4,26.0,7024,0
tuned,result_1000_tuned.json,FG-DSCR,c185,default,edge-7,24,1300.4,0.0,1300.4,1326.4,26.0,7024,0
tuned,result_1000_tuned.json,FG-DSCR,c845,default,edge-7,25,1326.4,0.0,1326.4,1352.4,26.0,7024,0
tuned,result_1000_tuned.json,FG-DSCR,c815,default,edge-7,26,1352.4,0.0,1352.4,1378.4,26.0,7024,0
tuned,result_1000_tuned.json,FG-DSCR,c515,default,edge-7,27,1378.4,0.0,1378.4,1404.4,26.0,7024,0
tuned,result_1000_tuned.json,FG-DSCR,c695,default,edge-7,28,1404.4,0.0,1404.4,1430.4,26.0,7024,0
tuned,result_1000_tuned.json,FG-DSCR,c005,default,edge-7,29,1430.4,0.0,1430.4,1456.4,26.0,7024,0
tuned,result_1000_tuned.json,FG-DSCR,c635,default,edge-7,30,1456.4,0.0,1456.4,1482.4,26.0,7024,0
tuned,result_1000_tuned.json,FG-DSCR,c275,default,edge-7,31,1482.4,0.0,1482.4,1508.4,26.0,7024,0
tuned,result_1000_tuned.json,FG-DSCR,c155,default,edge-7,32,1508.4,0.0,1508.4,1534.4,26.0,7024,0
tuned,result_1000_tuned.json,FG-DSCR,c965,default,edge-7,33,1534.4,0.0,1534.4,1560.4,26.0,7024,0
tuned,result_1000_tuned.json,FG-DSCR,c575,default,edge-7,34,1560.4,0.0,1560.4,1586.4,26.0,7024,0
tuned,result_1000_tuned.json,FG-DSCR,c484,default,edge-7,35,1586.4,165.1,1751.5,1786.5,35.0,5670,1651
tuned,result_1000_tuned.json,FG-DSCR,c214,default,edge-7,36,1786.5,0.0,1786.5,1821.5,35.0,7321,0
tuned,result_1000_tuned.json,FG-DSCR,c124,default,edge-7,37,1821.5,0.0,1821.5,1856.5,35.0,7321,0
tuned,result_1000_tuned.json,FG-DSCR,c664,default,edge-7,38,1856.5,0.0,1856.5,1891.5,35.0,7321,0
tuned,result_1000_tuned.json,FG-DSCR,c604,default,edge-7,39,1891.5,0.0,1891.5,1926.5,35.0,7321,0
tuned,result_1000_tuned.json,FG-DSCR,c994,default,edge-7,40,1926.5,0.0,1926.5,1961.5,35.0,7321,0
tuned,result_1000_tuned.json,FG-DSCR,c274,default,edge-7,41,1961.5,0.0,1961.5,1996.5,35.0,7321,0
tuned,result_1000_tuned.json,FG-DSCR,c364,default,edge-7,42,1996.5,0.0,1996.5,2031.5,35.0,7321,0
tuned,result_1000_tuned.json,FG-DSCR,c844,default,edge-7,43,2031.5,0.0,2031.5,2066.5,35.0,7321,0
tuned,result_1000_tuned.json,FG-DSCR,c874,default,edge-7,44,2066.5,0.0,2066.5,2101.5,35.0,7321,0
tuned,result_1000_tuned.json,FG-DSCR,c244,default,edge-7,45,2101.5,0.0,2101.5,2136.5,35.0,7321,0
tuned,result_1000_tuned.json,FG-DSCR,c424,default,edge-7,46,2136.5,0.0,2136.5,2171.5,35.0,7321,0
tuned,result_1000_tuned.json,FG-DSCR,c964,default,edge-7,47,2171.5,0.0,2171.5,2206.5,35.0,7321,0
tuned,result_1000_tuned.json,FG-DSCR,c004,default,edge-7,48,2206.5,0.0,2206.5,2241.5,35.0,7321,0
tuned,result_1000_tuned.json,FG-DSCR,c634,default,edge-7,49,2241.5,0.0,2241.5,2276.5,35.0,7321,0
tuned,result_1000_tuned.json,FG-DSCR,c784,default,edge-7,50,2276.5,0.0,2276.5,2311.5,35.0,7321,0
tuned,result_1000_tuned.json,FG-DSCR,c904,default,edge-7,51,2311.5,0.0,2311.5,2346.5,35.0,7321,0
tuned,result_1000_tuned.json,FG-DSCR,c754,default,edge-7,52,2346.5,0.0,2346.5,2381.5,35.0,7321,0
tuned,result_1000_tuned.json,FG-DSCR,c934,default,edge-7,53,2381.5,0.0,2381.5,2416.5,35.0,7321,0
tuned,result_1000_tuned.json,FG-DSCR,c574,default,edge-7,54,2416.5,0.0,2416.5,2451.5,35.0,7321,0
tuned,result_1000_tuned.json,FG-DSCR,c184,default,edge-7,55,2451.5,0.0,2451.5,2486.5,35.0,7321,0
tuned,result_1000_tuned.json,FG-DSCR,c334,default,edge-7,56,2486.5,0.0,2486.5,2521.5,35.0,7321,0
tuned,result_1000_tuned.json,FG-DSCR,c544,default,edge-7,57,2521.5,0.0,2521.5,2556.5,35.0,7321,0
tuned,result_1000_tuned.json,FG-DSCR,c304,default,edge-7,58,2556.5,0.0,2556.5,2591.5,35.0,7321,0
tuned,result_1000_tuned.json,FG-DSCR,c454,default,edge-7,59,2591.5,0.0,2591.5,2626.5,35.0,7321,0
tuned,result_1000_tuned.json,FG-DSCR,c394,default,edge-7,60,2626.5,0.0,2626.5,2661.5,35.0,7321,0
tuned,result_1000_tuned.json,FG-DSCR,c034,default,edge-7,61,2661.5,0.0,2661.5,2696.5,35.0,7321,0
tuned,result_1000_tuned.json,FG-DSCR,c814,default,edge-7,62,2696.5,0.0,2696.5,2731.5,35.0,7321,0
tuned,result_1000_tuned.json,FG-DSCR,c154,default,edge-7,63,2731.5,0.0,2731.5,2766.5,35.0,7321,0
tuned,result_1000_tuned.json,FG-DSCR,c094,default,edge-7,64,2766.5,0.0,2766.5,2801.5,35.0,7321,0
tuned,result_1000_tuned.json,FG-DSCR,c694,default,edge-7,65,2801.5,0.0,2801.5,2836.5,35.0,7321,0
tuned,result_1000_tuned.json,FG-DSCR,c724,default,edge-7,66,2836.5,0.0,2836.5,2871.5,35.0,7321,0
tuned,result_1000_tuned.json,FG-DSCR,c064,default,edge-7,67,2871.5,0.0,2871.5,2906.5,35.0,7321,0
tuned,result_1000_tuned.json,FG-DSCR,c514,default,edge-7,68,2906.5,0.0,2906.5,2941.5,35.0,7321,0
tuned,result_1000_tuned.json,FG-DSCR,c753,default,edge-7,69,2941.5,110.0,3051.5,3083.5,32.0,5374,1100
tuned,result_1000_tuned.json,FG-DSCR,c543,default,edge-7,70,3083.5,0.0,3083.5,3115.5,32.0,6474,0
tuned,result_1000_tuned.json,FG-DSCR,c693,default,edge-7,71,3115.5,0.0,3115.5,3147.5,32.0,6474,0
tuned,result_1000_tuned.json,FG-DSCR,c663,default,edge-7,72,3147.5,0.0,3147.5,3179.5,32.0,6474,0
tuned,result_1000_tuned.json,FG-DSCR,c633,default,edge-7,73,3179.5,0.0,3179.5,3211.5,32.0,6474,0
tuned,result_1000_tuned.json,FG-DSCR,c573,default,edge-7,74,3211.5,0.0,3211.5,3243.5,32.0,6474,0
tuned,result_1000_tuned.json,FG-DSCR,c513,default,edge-7,75,3243.5,0.0,3243.5,3275.5,32.0,6474,0
tuned,result_1000_tuned.json,FG-DSCR,c723,default,edge-7,76,3275.5,0.0,3275.5,3307.5,32.0,6474,0
tuned,result_1000_tuned.json,FG-DSCR,c483,default,edge-7,77,3307.5,0.0,3307.5,3339.5,32.0,6474,0
tuned,result_1000_tuned.json,FG-DSCR,c453,default,edge-7,78,3339.5,0.0,3339.5,3371.5,32.0,6474,0
tuned,result_1000_tuned.json,FG-DSCR,c603,default,edge-7,79,3371.5,0.0,3371.5,3403.5,32.0,6474,0
tuned,result_1000_tuned.json,FG-DSCR,c356,default,edge-7,80,3403.5,584.0,3987.5,4008.5,21.0,2070,5840
tuned,result_1000_tuned.json,FG-DSCR,c506,default,edge-7,81,4008.5,0.0,4008.5,4029.5,21.0,7910,0
tuned,result_1000_tuned.json,FG-DSCR,c926,default,edge-7,82,4029.5,0.0,4029.5,4050.5,21.0,7910,0
tuned,result_1000_tuned.json,FG-DSCR,c266,default,edge-7,83,4050.5,0.0,4050.5,4071.5,21.0,7910,0
tuned,result_1000_tuned.json,FG-DSCR,c566,default,edge-7,84,4071.5,0.0,4071.5,4092.5,21.0,7910,0
tuned,result_1000_tuned.json,FG-DSCR,c956,default,edge-7,85,4092.5,0.0,4092.5,4113.5,21.0,7910,0
tuned,result_1000_tuned.json,FG-DSCR,c986,default,edge-7,86,4113.5,0.0,4113.5,4134.5,21.0,7910,0
tuned,result_1000_tuned.json,FG-DSCR,c686,default,edge-7,87,4134.5,0.0,4134.5,4155.5,21.0,7910,0
tuned,result_1000_tuned.json,FG-DSCR,c206,default,edge-7,88,4155.5,0.0,4155.5,4176.5,21.0,7910,0
tuned,result_1000_tuned.json,FG-DSCR,c146,default,edge-7,89,4176.5,0.0,4176.5,4197.5,21.0,7910,0
tuned,result_1000_tuned.json,FG-DSCR,c176,default,edge-7,90,4197.5,0.0,4197.5,4218.5,21.0,7910,0
tuned,result_1000_tuned.json,FG-DSCR,c806,default,edge-7,91,4218.5,0.0,4218.5,4239.5,21.0,7910,0
tuned,result_1000_tuned.json,FG-DSCR,c626,default,edge-7,92,4239.5,0.0,4239.5,4260.5,21.0,7910,0
tuned,result_1000_tuned.json,FG-DSCR,c086,default,edge-7,93,4260.5,0.0,4260.5,4281.5,21.0,7910,0
tuned,result_1000_tuned.json,FG-DSCR,c896,default,edge-7,94,4281.5,0.0,4281.5,4302.5,21.0,7910,0
tuned,result_1000_tuned.json,FG-DSCR,c836,default,edge-7,95,4302.5,0.0,4302.5,4323.5,21.0,7910,0
tuned,result_1000_tuned.json,FG-DSCR,c446,default,edge-7,96,4323.5,0.0,4323.5,4344.5,21.0,7910,0
tuned,result_1000_tuned.json,FG-DSCR,c326,default,edge-7,97,4344.5,0.0,4344.5,4365.5,21.0,7910,0
tuned,result_1000_tuned.json,FG-DSCR,c236,default,edge-7,98,4365.5,0.0,4365.5,4386.5,21.0,7910,0
tuned,result_1000_tuned.json,FG-DSCR,c596,default,edge-7,99,4386.5,0.0,4386.5,4407.5,21.0,7910,0
tuned,result_1000_tuned.json,FG-DSCR,c656,default,edge-7,100,4407.5,0.0,4407.5,4428.5,21.0,7910,0
tuned,result_1000_tuned.json,FG-DSCR,c116,default,edge-7,101,4428.5,0.0,4428.5,4449.5,21.0,7910,0
tuned,result_1000_tuned.json,FG-DSCR,c416,default,edge-7,102,4449.5,0.0,4449.5,4470.5,21.0,7910,0
tuned,result_1000_tuned.json,FG-DSCR,c056,default,edge-7,103,4470.5,0.0,4470.5,4491.5,21.0,7910,0
tuned,result_1000_tuned.json,FG-DSCR,c716,default,edge-7,104,4491.5,0.0,4491.5,4512.5,21.0,7910,0
tuned,result_1000_tuned.json,FG-DSCR,c536,default,edge-7,105,4512.5,0.0,4512.5,4533.5,21.0,7910,0
tuned,result_1000_tuned.json,FG-DSCR,c746,default,edge-7,106,4533.5,0.0,4533.5,4554.5,21.0,7910,0
tuned,result_1000_tuned.json,FG-DSCR,c296,default,edge-7,107,4554.5,0.0,4554.5,4575.5,21.0,7910,0
tuned,result_1000_tuned.json,FG-DSCR,c026,default,edge-7,108,4575.5,0.0,4575.5,4596.5,21.0,7910,0
tuned,result_1000_tuned.json,FG-DSCR,c386,default,edge-7,109,4596.5,0.0,4596.5,4617.5,21.0,7910,0
tuned,result_1000_tuned.json,FG-DSCR,c866,default,edge-7,110,4617.5,0.0,4617.5,4638.5,21.0,7910,0
tuned,result_1000_tuned.json,FG-DSCR,c776,default,edge-7,111,4638.5,0.0,4638.5,4659.5,21.0,7910,0
tuned,result_1000_tuned.json,FG-DSCR,c476,default,edge-7,112,4659.5,0.0,4659.5,4680.5,21.0,7910,0
tuned,result_1000_tuned.json,FG-DSCR,c089,default,edge-8,1,0.0,454.3,454.3,472.3,18.0,0,4543
tuned,result_1000_tuned.json,FG-DSCR,c599,default,edge-8,2,472.3,0.0,472.3,490.3,18.0,4543,0
tuned,result_1000_tuned.json,FG-DSCR,c809,default,edge-8,3,490.3,0.0,490.3,508.3,18.0,4543,0
tuned,result_1000_tuned.json,FG-DSCR,c449,default,edge-8,4,508.3,0.0,508.3,526.3,18.0,4543,0
tuned,result_1000_tuned.json,FG-DSCR,c269,default,edge-8,5,526.3,0.0,526.3,544.3,18.0,4543,0
tuned,result_1000_tuned.json,FG-DSCR,c689,default,edge-8,6,544.3,0.0,544.3,562.3,18.0,4543,0
tuned,result_1000_tuned.json,FG-DSCR,c629,default,edge-8,7,562.3,0.0,562.3,580.3,18.0,4543,0
tuned,result_1000_tuned.json,FG-DSCR,c899,default,edge-8,8,580.3,0.0,580.3,598.3,18.0,4543,0
tuned,result_1000_tuned.json,FG-DSCR,c179,default,edge-8,9,598.3,0.0,598.3,616.3,18.0,4543,0
tuned,result_1000_tuned.json,FG-DSCR,c329,default,edge-8,10,616.3,0.0,616.3,634.3,18.0,4543,0
tuned,result_1000_tuned.json,FG-DSCR,c209,default,edge-8,11,634.3,0.0,634.3,652.3,18.0,4543,0
tuned,result_1000_tuned.json,FG-DSCR,c569,default,edge-8,12,652.3,0.0,652.3,670.3,18.0,4543,0
tuned,result_1000_tuned.json,FG-DSCR,c029,default,edge-8,13,670.3,0.0,670.3,688.3,18.0,4543,0
tuned,result_1000_tuned.json,FG-DSCR,c389,default,edge-8,14,688.3,0.0,688.3,706.3,18.0,4543,0
tuned,result_1000_tuned.json,FG-DSCR,c509,default,edge-8,15,706.3,0.0,706.3,724.3,18.0,4543,0
tuned,result_1000_tuned.json,FG-DSCR,c779,default,edge-8,16,724.3,0.0,724.3,742.3,18.0,4543,0
tuned,result_1000_tuned.json,FG-DSCR,c719,default,edge-8,17,742.3,0.0,742.3,760.3,18.0,4543,0
tuned,result_1000_tuned.json,FG-DSCR,c359,default,edge-8,18,760.3,0.0,760.3,778.3,18.0,4543,0
tuned,result_1000_tuned.json,FG-DSCR,c239,default,edge-8,19,778.3,0.0,778.3,796.3,18.0,4543,0
tuned,result_1000_tuned.json,FG-DSCR,c119,default,edge-8,20,796.3,0.0,796.3,814.3,18.0,4543,0
tuned,result_1000_tuned.json,FG-DSCR,c149,default,edge-8,21,814.3,0.0,814.3,832.3,18.0,4543,0
tuned,result_1000_tuned.json,FG-DSCR,c989,default,edge-8,22,832.3,0.0,832.3,850.3,18.0,4543,0
tuned,result_1000_tuned.json,FG-DSCR,c479,default,edge-8,23,850.3,0.0,850.3,868.3,18.0,4543,0
tuned,result_1000_tuned.json,FG-DSCR,c869,default,edge-8,24,868.3,0.0,868.3,886.3,18.0,4543,0
tuned,result_1000_tuned.json,FG-DSCR,c419,default,edge-8,25,886.3,0.0,886.3,904.3,18.0,4543,0
tuned,result_1000_tuned.json,FG-DSCR,c929,default,edge-8,26,904.3,0.0,904.3,922.3,18.0,4543,0
tuned,result_1000_tuned.json,FG-DSCR,c539,default,edge-8,27,922.3,0.0,922.3,940.3,18.0,4543,0
tuned,result_1000_tuned.json,FG-DSCR,c959,default,edge-8,28,940.3,0.0,940.3,958.3,18.0,4543,0
tuned,result_1000_tuned.json,FG-DSCR,c839,default,edge-8,29,958.3,0.0,958.3,976.3,18.0,4543,0
tuned,result_1000_tuned.json,FG-DSCR,c299,default,edge-8,30,976.3,0.0,976.3,994.3,18.0,4543,0
tuned,result_1000_tuned.json,FG-DSCR,c749,default,edge-8,31,994.3,0.0,994.3,1012.3,18.0,4543,0
tuned,result_1000_tuned.json,FG-DSCR,c659,default,edge-8,32,1012.3,0.0,1012.3,1030.3,18.0,4543,0
tuned,result_1000_tuned.json,FG-DSCR,c059,default,edge-8,33,1030.3,0.0,1030.3,1048.3,18.0,4543,0
tuned,result_1000_tuned.json,FG-DSCR,c238,default,edge-8,34,1048.3,72.0,1120.3,1147.3,27.0,4541,720
tuned,result_1000_tuned.json,FG-DSCR,c988,default,edge-8,35,1147.3,0.0,1147.3,1174.3,27.0,5261,0
tuned,result_1000_tuned.json,FG-DSCR,c448,default,edge-8,36,1174.3,0.0,1174.3,1201.3,27.0,5261,0
tuned,result_1000_tuned.json,FG-DSCR,c208,default,edge-8,37,1201.3,0.0,1201.3,1228.3,27.0,5261,0
tuned,result_1000_tuned.json,FG-DSCR,c418,default,edge-8,38,1228.3,0.0,1228.3,1255.3,27.0,5261,0
tuned,result_1000_tuned.json,FG-DSCR,c268,default,edge-8,39,1255.3,0.0,1255.3,1282.3,27.0,5261,0
tuned,result_1000_tuned.json,FG-DSCR,c838,default,edge-8,40,1282.3,0.0,1282.3,1309.3,27.0,5261,0
tuned,result_1000_tuned.json,FG-DSCR,c958,default,edge-8,41,1309.3,0.0,1309.3,1336.3,27.0,5261,0
tuned,result_1000_tuned.json,FG-DSCR,c358,default,edge-8,42,1336.3,0.0,1336.3,1363.3,27.0,5261,0
tuned,result_1000_tuned.json,FG-DSCR,c868,default,edge-8,43,1363.3,0.0,1363.3,1390.3,27.0,5261,0
tuned,result_1000_tuned.json,FG-DSCR,c118,default,edge-8,44,1390.3,0.0,1390.3,1417.3,27.0,5261,0
tuned,result_1000_tuned.json,FG-DSCR,c298,default,edge-8,45,1417.3,0.0,1417.3,1444.3,27.0,5261,0
tuned,result_1000_tuned.json,FG-DSCR,c028,default,edge-8,46,1444.3,0.0,1444.3,1471.3,27.0,5261,0
tuned,result_1000_tuned.json,FG-DSCR,c898,default,edge-8,47,1471.3,0.0,1471.3,1498.3,27.0,5261,0
tuned,result_1000_tuned.json,FG-DSCR,c088,default,edge-8,48,1498.3,0.0,1498.3,1525.3,27.0,5261,0
tuned,result_1000_tuned.json,FG-DSCR,c328,default,edge-8,49,1525.3,0.0,1525.3,1552.3,27.0,5261,0
tuned,result_1000_tuned.json,FG-DSCR,c388,default,edge-8,50,1552.3,0.0,1552.3,1579.3,27.0,5261,0
tuned,result_1000_tuned.json,FG-DSCR,c928,default,edge-8,51,1579.3,0.0,1579.3,1606.3,27.0,5261,0
tuned,result_1000_tuned.json,FG-DSCR,c178,default,edge-8,52,1606.3,0.0,1606.3,1633.3,27.0,5261,0
tuned,result_1000_tuned.json,FG-DSCR,c058,default,edge-8,53,1633.3,0.0,1633.3,1660.3,27.0,5261,0
tuned,result_1000_tuned.json,FG-DSCR,c148,default,edge-8,54,1660.3,0.0,1660.3,1687.3,27.0,5261,0
tuned,result_1000_tuned.json,FG-DSCR,c729,default,edge-8,55,1687.3,1404.8,3092.1,3138.1,46.0,2070,14048
tuned,result_1000_tuned.json,FG-DSCR,c669,default,edge-8,56,3138.1,0.0,3138.1,3184.1,46.0,16118,0
tuned,result_1000_tuned.json,FG-DSCR,c249,default,edge-8,57,3184.1,0.0,3184.1,3230.1,46.0,16118,0
tuned,result_1000_tuned.json,FG-DSCR,c489,default,edge-8,58,3230.1,0.0,3230.1,3276.1,46.0,16118,0
tuned,result_1000_tuned.json,FG-DSCR,c279,default,edge-8,59,3276.1,0.0,3276.1,3322.1,46.0,16118,0
tuned,result_1000_tuned.json,FG-DSCR,c459,default,edge-8,60,3322.1,0.0,3322.1,3368.1,46.0,16118,0
tuned,result_1000_tuned.json,FG-DSCR,c639,default,edge-8,61,3368.1,0.0,3368.1,3414.1,46.0,16118,0
tuned,result_1000_tuned.json,FG-DSCR,c309,default,edge-8,62,3414.1,0.0,3414.1,3460.1,46.0,16118,0
tuned,result_1000_tuned.json,FG-DSCR,c429,default,edge-8,63,3460.1,0.0,3460.1,3506.1,46.0,16118,0
tuned,result_1000_tuned.json,FG-DSCR,c099,default,edge-8,64,3506.1,0.0,3506.1,3552.1,46.0,16118,0
tuned,result_1000_tuned.json,FG-DSCR,c039,default,edge-8,65,3552.1,0.0,3552.1,3598.1,46.0,16118,0
tuned,result_1000_tuned.json,FG-DSCR,c849,default,edge-8,66,3598.1,0.0,3598.1,3644.1,46.0,16118,0
tuned,result_1000_tuned.json,FG-DSCR,c369,default,edge-8,67,3644.1,0.0,3644.1,3690.1,46.0,16118,0
tuned,result_1000_tuned.json,FG-DSCR,c069,default,edge-8,68,3690.1,0.0,3690.1,3736.1,46.0,16118,0
tuned,result_1000_tuned.json,FG-DSCR,c969,default,edge-8,69,3736.1,0.0,3736.1,3782.1,46.0,16118,0
tuned,result_1000_tuned.json,FG-DSCR,c789,default,edge-8,70,3782.1,0.0,3782.1,3828.1,46.0,16118,0
tuned,result_1000_tuned.json,FG-DSCR,c219,default,edge-8,71,3828.1,0.0,3828.1,3874.1,46.0,16118,0
tuned,result_1000_tuned.json,FG-DSCR,c909,default,edge-8,72,3874.1,0.0,3874.1,3920.1,46.0,16118,0
tuned,result_1000_tuned.json,FG-DSCR,c699,default,edge-8,73,3920.1,0.0,3920.1,3966.1,46.0,16118,0
tuned,result_1000_tuned.json,FG-DSCR,c879,default,edge-8,74,3966.1,0.0,3966.1,4012.1,46.0,16118,0
tuned,result_1000_tuned.json,FG-DSCR,c189,default,edge-8,75,4012.1,0.0,4012.1,4058.1,46.0,16118,0
tuned,result_1000_tuned.json,FG-DSCR,c009,default,edge-8,76,4058.1,0.0,4058.1,4104.1,46.0,16118,0
tuned,result_1000_tuned.json,FG-DSCR,c159,default,edge-8,77,4104.1,0.0,4104.1,4150.1,46.0,16118,0
tuned,result_1000_tuned.json,FG-DSCR,c519,default,edge-8,78,4150.1,0.0,4150.1,4196.1,46.0,16118,0
tuned,result_1000_tuned.json,FG-DSCR,c339,default,edge-8,79,4196.1,0.0,4196.1,4242.1,46.0,16118,0
tuned,result_1000_tuned.json,FG-DSCR,c819,default,edge-8,80,4242.1,0.0,4242.1,4288.1,46.0,16118,0
tuned,result_1000_tuned.json,FG-DSCR,c759,default,edge-8,81,4288.1,0.0,4288.1,4334.1,46.0,16118,0
tuned,result_1000_tuned.json,FG-DSCR,c579,default,edge-8,82,4334.1,0.0,4334.1,4380.1,46.0,16118,0
tuned,result_1000_tuned.json,FG-DSCR,c549,default,edge-8,83,4380.1,0.0,4380.1,4426.1,46.0,16118,0
tuned,result_1000_tuned.json,FG-DSCR,c939,default,edge-8,84,4426.1,0.0,4426.1,4472.1,46.0,16118,0
tuned,result_1000_tuned.json,FG-DSCR,c129,default,edge-8,85,4472.1,0.0,4472.1,4518.1,46.0,16118,0
tuned,result_1000_tuned.json,FG-DSCR,c609,default,edge-8,86,4518.1,0.0,4518.1,4564.1,46.0,16118,0
tuned,result_1000_tuned.json,FG-DSCR,c399,default,edge-8,87,4564.1,0.0,4564.1,4610.1,46.0,16118,0
tuned,result_1000_tuned.json,FG-DSCR,c999,default,edge-8,88,4610.1,0.0,4610.1,4656.1,46.0,16118,0
tuned,result_1000_tuned.json,FG-DSCR,c843,default,edge-8,89,4656.1,440.4,5096.5,5128.5,32.0,2070,4404
tuned,result_1000_tuned.json,FG-DSCR,c093,default,edge-8,90,5128.5,0.0,5128.5,5160.5,32.0,6474,0
tuned,result_1000_tuned.json,FG-DSCR,c123,default,edge-8,91,5160.5,0.0,5160.5,5192.5,32.0,6474,0
tuned,result_1000_tuned.json,FG-DSCR,c963,default,edge-8,92,5192.5,0.0,5192.5,5224.5,32.0,6474,0
tuned,result_1000_tuned.json,FG-DSCR,c273,default,edge-8,93,5224.5,0.0,5224.5,5256.5,32.0,6474,0
tuned,result_1000_tuned.json,FG-DSCR,c393,default,edge-8,94,5256.5,0.0,5256.5,5288.5,32.0,6474,0
tuned,result_1000_tuned.json,FG-DSCR,c333,default,edge-8,95,5288.5,0.0,5288.5,5320.5,32.0,6474,0
tuned,result_1000_tuned.json,FG-DSCR,c003,default,edge-8,96,5320.5,0.0,5320.5,5352.5,32.0,6474,0
tuned,result_1000_tuned.json,FG-DSCR,c303,default,edge-8,97,5352.5,0.0,5352.5,5384.5,32.0,6474,0
tuned,result_1000_tuned.json,FG-DSCR,c993,default,edge-8,98,5384.5,0.0,5384.5,5416.5,32.0,6474,0
tuned,result_1000_tuned.json,FG-DSCR,c153,default,edge-8,99,5416.5,0.0,5416.5,5448.5,32.0,6474,0
tuned,result_1000_tuned.json,FG-DSCR,c363,default,edge-8,100,5448.5,0.0,5448.5,5480.5,32.0,6474,0
tuned,result_1000_tuned.json,FG-DSCR,c903,default,edge-8,101,5480.5,0.0,5480.5,5512.5,32.0,6474,0
tuned,result_1000_tuned.json,FG-DSCR,c243,default,edge-8,102,5512.5,0.0,5512.5,5544.5,32.0,6474,0
tuned,result_1000_tuned.json,FG-DSCR,c033,default,edge-8,103,5544.5,0.0,5544.5,5576.5,32.0,6474,0
tuned,result_1000_tuned.json,FG-DSCR,c423,default,edge-8,104,5576.5,0.0,5576.5,5608.5,32.0,6474,0
tuned,result_1000_tuned.json,FG-DSCR,c063,default,edge-8,105,5608.5,0.0,5608.5,5640.5,32.0,6474,0
tuned,result_1000_tuned.json,FG-DSCR,c933,default,edge-8,106,5640.5,0.0,5640.5,5672.5,32.0,6474,0
tuned,result_1000_tuned.json,FG-DSCR,c183,default,edge-8,107,5672.5,0.0,5672.5,5704.5,32.0,6474,0
tuned,result_1000_tuned.json,FG-DSCR,c783,default,edge-8,108,5704.5,0.0,5704.5,5736.5,32.0,6474,0
tuned,result_1000_tuned.json,FG-DSCR,c813,default,edge-8,109,5736.5,0.0,5736.5,5768.5,32.0,6474,0
tuned,result_1000_tuned.json,FG-DSCR,c873,default,edge-8,110,5768.5,0.0,5768.5,5800.5,32.0,6474,0
tuned,result_1000_tuned.json,FG-DSCR,c213,default,edge-8,111,5800.5,0.0,5800.5,5832.5,32.0,6474,0
