================================================================================
[RUN][K8s-CA] drtp_img88_cacheonly_0mb_1000.json
{
  "summary": {
    "algo": "FG-DSCR-GC-K8sCA",
    "num_containers": 1000,
    "num_scheduled_containers": 78,
    "num_nodes": 8,
    "failed_deployments": 922,
    "ca_penalty": 922.0,
    "ca_downloaded_mb": 435887,
    "ACT": 172.38060897435898,
    "AMS": 307.05625000000003,
    "downloaded_mb": 79794,
    "reused_mb": 0,
    "reuse_rate": 0.0,
    "objective_without_ca_penalty": 239.7184294871795,
    "objective": 1161.7184294871795
  },
  "assignment": {
    "edge-1": [
      "c848",
      "c032",
      "c033",
      "c044",
      "c262",
      "c716",
      "c739",
      "c428",
      "c261",
      "c143"
    ],
    "edge-2": [
      "c156",
      "c169",
      "c567",
      "c579",
      "c800",
      "c328",
      "c330",
      "c367"
    ],
    "edge-3": [
      "c159",
      "c185",
      "c187",
      "c199",
      "c214",
      "c534",
      "c322",
      "c501",
      "c174",
      "c656"
    ],
    "edge-4": [
      "c851",
      "c855",
      "c028",
      "c043",
      "c088",
      "c180",
      "c321",
      "c116",
      "c363"
    ],
    "edge-5": [
      "c239",
      "c265",
      "c266",
      "c323",
      "c325",
      "c408",
      "c467",
      "c550",
      "c799",
      "c890",
      "c943",
      "c479"
    ],
    "edge-6": [
      "c449",
      "c508",
      "c528",
      "c601",
      "c724",
      "c051",
      "c553",
      "c296",
      "c816"
    ],
    "edge-7": [
      "c531",
      "c588",
      "c590",
      "c624",
      "c644",
      "c708",
      "c737",
      "c829",
      "c343",
      "c493"
    ],
    "edge-8": [
      "c841",
      "c944",
      "c961",
      "c965",
      "c003",
      "c022",
      "c049",
      "c078",
      "c136",
      "c155"
    ],
    "__CA_GUARANTEE__": [
      "c220",
      "c285",
      "c327",
      "c356",
      "c424",
      "c439",
      "c474",
      "c521",
      "c560",
      "c566",
      "c575",
      "c610",
      "c632",
      "c639",
      "c687",
      "c720",
      "c751",
      "c793",
      "c854",
      "c866",
      "c886",
      "c900",
      "c939",
      "c050",
      "c062",
      "c073",
      "c087",
      "c101",
      "c112",
      "c114",
      "c151",
      "c166",
      "c191",
      "c198",
      "c211",
      "c245",
      "c260",
      "c267",
      "c277",
      "c292",
      "c294",
      "c297",
      "c304",
      "c307",
      "c308",
      "c310",
      "c315",
      "c316",
      "c317",
      "c361",
      "c381",
      "c383",
      "c431",
      "c502",
      "c503",
      "c507",
      "c514",
      "c520",
      "c524",
      "c543",
      "c557",
      "c577",
      "c595",
      "c600",
      "c619",
      "c627",
      "c686",
      "c755",
      "c775",
      "c776",
      "c791",
      "c801",
      "c839",
      "c893",
      "c909",
      "c938",
      "c941",
      "c977",
      "c1000",
      "c005",
      "c015",
      "c041",
      "c095",
      "c129",
      "c158",
      "c175",
      "c205",
      "c230",
      "c240",
      "c241",
      "c251",
      "c252",
      "c272",
      "c281",
      "c302",
      "c341",
      "c351",
      "c353",
      "c391",
      "c406",
      "c421",
      "c430",
      "c433",
      "c446",
      "c456",
      "c468",
      "c469",
      "c526",
      "c537",
      "c572",
      "c584",
      "c650",
      "c666",
      "c685",
      "c746",
      "c783",
      "c787",
      "c809",
      "c810",
      "c821",
      "c849",
      "c891",
      "c926",
      "c934",
      "c975",
      "c997",
      "c009",
      "c012",
      "c053",
      "c083",
      "c132",
      "c171",
      "c183",
      "c189",
      "c200",
      "c203",
      "c217",
      "c219",
      "c280",
      "c334",
      "c378",
      "c392",
      "c401",
      "c413",
      "c445",
      "c498",
      "c510",
      "c545",
      "c589",
      "c591",
      "c611",
      "c621",
      "c628",
      "c629",
      "c678",
      "c694",
      "c730",
      "c753",
      "c761",
      "c805",
      "c864",
      "c927",
      "c949",
      "c966",
      "c969",
      "c971",
      "c992",
      "c068",
      "c154",
      "c264",
      "c283",
      "c459",
      "c463",
      "c562",
      "c717",
      "c782",
      "c844",
      "c871",
      "c930",
      "c959",
      "c984",
      "c995",
      "c999",
      "c071",
      "c336",
      "c981",
      "c020",
      "c109",
      "c065",
      "c324",
      "c384",
      "c396",
      "c434",
      "c605",
      "c663",
      "c897",
      "c037",
      "c148",
      "c153",
      "c177",
      "c179",
      "c268",
      "c454",
      "c770",
      "c804",
      "c814",
      "c933",
      "c418",
      "c425",
      "c447",
      "c452",
      "c606",
      "c649",
      "c658",
      "c042",
      "c046",
      "c140",
      "c247",
      "c303",
      "c420",
      "c662",
      "c683",
      "c733",
      "c882",
      "c991",
      "c135",
      "c437",
      "c654",
      "c876",
      "c996",
      "c105",
      "c138",
      "c489",
      "c711",
      "c725",
      "c574",
      "c623",
      "c196",
      "c271",
      "c633",
      "c652",
      "c917",
      "c989",
      "c287",
      "c111",
      "c740",
      "c763",
      "c912",
      "c436",
      "c677",
      "c908",
      "c221",
      "c620",
      "c671",
      "c681",
      "c726",
      "c858",
      "c937",
      "c093",
      "c236",
      "c291",
      "c470",
      "c599",
      "c354",
      "c578",
      "c640",
      "c707",
      "c728",
      "c798",
      "c951",
      "c195",
      "c497",
      "c924",
      "c475",
      "c994",
      "c120",
      "c054",
      "c123",
      "c393",
      "c701",
      "c742",
      "c781",
      "c853",
      "c164",
      "c345",
      "c485",
      "c552",
      "c555",
      "c609",
      "c643",
      "c714",
      "c727",
      "c834",
      "c929",
      "c014",
      "c059",
      "c457",
      "c546",
      "c598",
      "c653",
      "c698",
      "c767",
      "c940",
      "c103",
      "c246",
      "c282",
      "c500",
      "c554",
      "c651",
      "c706",
      "c794",
      "c942",
      "c031",
      "c106",
      "c771",
      "c790",
      "c888",
      "c332",
      "c161",
      "c925",
      "c593",
      "c721",
      "c774",
      "c901",
      "c305",
      "c414",
      "c983",
      "c072",
      "c400",
      "c547",
      "c741",
      "c828",
      "c950",
      "c181",
      "c215",
      "c371",
      "c585",
      "c631",
      "c762",
      "c831",
      "c838",
      "c915",
      "c970",
      "c226",
      "c415",
      "c429",
      "c523",
      "c857",
      "c988",
      "c504",
      "c583",
      "c477",
      "c710",
      "c082",
      "c092",
      "c160",
      "c368",
      "c529",
      "c544",
      "c668",
      "c731",
      "c772",
      "c806",
      "c899",
      "c986",
      "c047",
      "c366",
      "c612",
      "c634",
      "c779",
      "c905",
      "c026",
      "c094",
      "c202",
      "c412",
      "c427",
      "c444",
      "c481",
      "c622",
      "c845",
      "c017",
      "c290",
      "c382",
      "c637",
      "c904",
      "c952",
      "c979",
      "c057",
      "c615",
      "c110",
      "c506",
      "c052",
      "c404",
      "c856",
      "c038",
      "c515",
      "c797",
      "c625",
      "c188",
      "c385",
      "c824",
      "c204",
      "c213",
      "c460",
      "c480",
      "c873",
      "c064",
      "c069",
      "c227",
      "c811",
      "c024",
      "c387",
      "c592",
      "c712",
      "c293",
      "c538",
      "c118",
      "c097",
      "c165",
      "c379",
      "c556",
      "c699",
      "c745",
      "c060",
      "c339",
      "c438",
      "c455",
      "c889",
      "c920",
      "c146",
      "c840",
      "c964",
      "c972",
      "c023",
      "c395",
      "c673",
      "c705",
      "c472",
      "c286",
      "c010",
      "c127",
      "c348",
      "c913",
      "c144",
      "c224",
      "c243",
      "c295",
      "c362",
      "c483",
      "c173",
      "c178",
      "c288",
      "c402",
      "c442",
      "c702",
      "c338",
      "c398",
      "c723",
      "c752",
      "c795",
      "c935",
      "c335",
      "c722",
      "c476",
      "c902",
      "c394",
      "c486",
      "c495",
      "c670",
      "c758",
      "c168",
      "c273",
      "c364",
      "c496",
      "c509",
      "c835",
      "c850",
      "c907",
      "c985",
      "c435",
      "c453",
      "c471",
      "c494",
      "c936",
      "c958",
      "c162",
      "c482",
      "c568",
      "c676",
      "c777",
      "c369",
      "c833",
      "c218",
      "c289",
      "c035",
      "c533",
      "c743",
      "c863",
      "c176",
      "c207",
      "c284",
      "c373",
      "c549",
      "c648",
      "c679",
      "c735",
      "c784",
      "c789",
      "c993",
      "c125",
      "c210",
      "c231",
      "c234",
      "c329",
      "c488",
      "c674",
      "c830",
      "c867",
      "c923",
      "c212",
      "c275",
      "c372",
      "c518",
      "c626",
      "c715",
      "c815",
      "c056",
      "c301",
      "c390",
      "c484",
      "c696",
      "c750",
      "c973",
      "c540",
      "c906",
      "c976",
      "c298",
      "c300",
      "c887",
      "c086",
      "c040",
      "c450",
      "c133",
      "c548",
      "c034",
      "c182",
      "c320",
      "c559",
      "c672",
      "c736",
      "c823",
      "c919",
      "c232",
      "c314",
      "c729",
      "c918",
      "c570",
      "c134",
      "c278",
      "c744",
      "c117",
      "c342",
      "c074",
      "c397",
      "c916",
      "c209",
      "c818",
      "c945",
      "c337",
      "c487",
      "c542",
      "c754",
      "c766",
      "c126",
      "c235",
      "c333",
      "c344",
      "c491",
      "c569",
      "c192",
      "c948",
      "c734",
      "c002",
      "c172",
      "c825",
      "c080",
      "c274",
      "c149",
      "c536",
      "c647",
      "c862",
      "c690",
      "c440",
      "c004",
      "c157",
      "c331",
      "c377",
      "c646",
      "c832",
      "c150",
      "c259",
      "c312",
      "c403",
      "c448",
      "c561",
      "c764",
      "c780",
      "c039",
      "c269",
      "c582",
      "c532",
      "c319",
      "c792",
      "c194",
      "c499",
      "c517",
      "c885",
      "c137",
      "c422",
      "c732",
      "c530",
      "c380",
      "c443",
      "c045",
      "c399",
      "c786",
      "c098",
      "c860",
      "c358",
      "c608",
      "c700",
      "c313",
      "c511",
      "c877",
      "c021",
      "c527",
      "c998",
      "c190",
      "c206",
      "c539",
      "c892",
      "c765",
      "c747",
      "c410",
      "c788",
      "c820",
      "c124",
      "c389",
      "c513",
      "c522",
      "c852",
      "c895",
      "c953",
      "c113",
      "c139",
      "c250",
      "c713",
      "c898",
      "c237",
      "c738",
      "c263",
      "c613",
      "c878",
      "c931",
      "c223",
      "c466",
      "c802",
      "c827",
      "c894",
      "c130",
      "c061",
      "c067",
      "c256",
      "c617",
      "c659",
      "c932",
      "c978",
      "c594",
      "c661",
      "c689",
      "c375",
      "c914",
      "c709",
      "c847",
      "c576",
      "c347",
      "c813",
      "c875",
      "c423",
      "c602",
      "c636",
      "c667",
      "c812",
      "c883",
      "c462",
      "c881",
      "c311",
      "c417",
      "c186",
      "c352",
      "c587",
      "c258",
      "c318",
      "c535",
      "c225",
      "c370",
      "c013",
      "c058",
      "c011",
      "c365",
      "c922",
      "c076",
      "c163",
      "c081",
      "c119",
      "c836",
      "c564",
      "c635",
      "c664",
      "c880",
      "c216",
      "c982",
      "c306",
      "c879",
      "c104",
      "c084",
      "c861",
      "c675",
      "c573",
      "c870",
      "c276",
      "c967",
      "c505",
      "c007",
      "c128",
      "c843",
      "c197",
      "c490",
      "c018",
      "c201",
      "c954",
      "c355",
      "c152",
      "c027",
      "c749",
      "c571",
      "c874",
      "c669",
      "c693",
      "c911",
      "c238",
      "c803",
      "c357",
      "c458",
      "c773",
      "c903",
      "c115",
      "c416",
      "c089",
      "c760",
      "c077",
      "c208",
      "c657",
      "c665",
      "c075",
      "c131",
      "c270",
      "c001",
      "c030",
      "c099",
      "c778",
      "c141",
      "c963",
      "c822",
      "c990",
      "c184",
      "c405",
      "c036",
      "c441",
      "c719",
      "c085",
      "c432",
      "c222",
      "c604",
      "c558",
      "c019",
      "c299",
      "c684",
      "c692",
      "c846",
      "c869",
      "c748",
      "c055",
      "c819",
      "c768",
      "c326",
      "c386",
      "c096",
      "c614",
      "c025",
      "c167",
      "c718",
      "c837",
      "c063",
      "c070",
      "c580",
      "c147",
      "c618",
      "c865",
      "c655",
      "c279",
      "c826",
      "c066",
      "c409",
      "c759",
      "c090",
      "c596",
      "c682",
      "c512",
      "c597",
      "c016",
      "c465",
      "c703",
      "c249",
      "c616",
      "c254",
      "c645",
      "c451",
      "c244",
      "c419",
      "c426",
      "c607",
      "c921",
      "c551",
      "c048",
      "c756",
      "c346",
      "c473",
      "c492",
      "c956",
      "c872",
      "c170",
      "c688",
      "c796",
      "c660",
      "c968",
      "c974",
      "c193",
      "c680",
      "c695",
      "c359",
      "c388",
      "c859",
      "c947",
      "c581",
      "c769",
      "c229",
      "c461",
      "c374",
      "c233",
      "c360",
      "c248",
      "c464",
      "c960",
      "c079",
      "c100",
      "c980",
      "c910",
      "c962",
      "c142",
      "c257",
      "c411",
      "c691",
      "c757",
      "c340",
      "c478",
      "c376",
      "c006",
      "c108",
      "c407",
      "c603",
      "c817",
      "c242",
      "c253",
      "c145",
      "c541",
      "c785",
      "c029",
      "c107",
      "c122",
      "c349",
      "c516",
      "c946",
      "c228",
      "c565",
      "c928",
      "c525",
      "c842",
      "c102",
      "c630",
      "c987",
      "c638",
      "c309",
      "c642",
      "c121",
      "c641",
      "c697",
      "c884",
      "c955",
      "c091",
      "c350",
      "c255",
      "c957",
      "c586",
      "c808",
      "c896",
      "c008",
      "c519",
      "c868",
      "c563",
      "c807",
      "c704"
    ]
  },
  "ordered_queues": {
    "edge-1": [
      "c032",
      "c033",
      "c044",
      "c143",
      "c261",
      "c262",
      "c428",
      "c716",
      "c739",
      "c848"
    ],
    "edge-2": [
      "c156",
      "c169",
      "c328",
      "c330",
      "c367",
      "c567",
      "c579",
      "c800"
    ],
    "edge-3": [
      "c159",
      "c174",
      "c185",
      "c187",
      "c199",
      "c214",
      "c322",
      "c501",
      "c534",
      "c656"
    ],
    "edge-4": [
      "c028",
      "c043",
      "c088",
      "c116",
      "c180",
      "c321",
      "c363",
      "c851",
      "c855"
    ],
    "edge-5": [
      "c239",
      "c265",
      "c266",
      "c323",
      "c325",
      "c408",
      "c467",
      "c479",
      "c550",
      "c799",
      "c890",
      "c943"
    ],
    "edge-6": [
      "c051",
      "c296",
      "c449",
      "c508",
      "c528",
      "c553",
      "c601",
      "c724",
      "c816"
    ],
    "edge-7": [
      "c343",
      "c493",
      "c531",
      "c588",
      "c590",
      "c624",
      "c644",
      "c708",
      "c737",
      "c829"
    ],
    "edge-8": [
      "c003",
      "c022",
      "c049",
      "c078",
      "c136",
      "c155",
      "c841",
      "c944",
      "c961",
      "c965"
    ]
  }
}
================================================================================
[RUN][K8s-CA] drtp_img88_cacheonly_0mb_200.json
{
  "summary": {
    "algo": "FG-DSCR-GC-K8sCA",
    "num_containers": 200,
    "num_scheduled_containers": 91,
    "num_nodes": 8,
    "failed_deployments": 109,
    "ca_penalty": 545.0,
    "ca_downloaded_mb": 30648,
    "ACT": 186.6952838827839,
    "AMS": 328.60677083333337,
    "downloaded_mb": 78160,
    "reused_mb": 0,
    "reuse_rate": 0.0,
    "objective_without_ca_penalty": 257.6510273580586,
    "objective": 802.6510273580586
  },
  "assignment": {
    "edge-1": [
      "c117",
      "c051",
      "c052",
      "c060",
      "c119",
      "c176",
      "c188",
      "c003",
      "c155",
      "c053",
      "c072",
      "c121",
      "c115",
      "c129",
      "c157"
    ],
    "edge-2": [
      "c004",
      "c030",
      "c170",
      "c122",
      "c006",
      "c010",
      "c128",
      "c173",
      "c086",
      "c078"
    ],
    "edge-3": [
      "c034",
      "c178",
      "c147",
      "c144",
      "c182",
      "c196",
      "c027",
      "c025",
      "c058",
      "c061",
      "c067",
      "c071"
    ],
    "edge-4": [
      "c160",
      "c165",
      "c199",
      "c016",
      "c017",
      "c047",
      "c082",
      "c098",
      "c019",
      "c198",
      "c074"
    ],
    "edge-5": [
      "c126",
      "c007",
      "c134",
      "c105",
      "c190",
      "c089"
    ],
    "edge-6": [
      "c123",
      "c142",
      "c168",
      "c012",
      "c029",
      "c036",
      "c057",
      "c079",
      "c093",
      "c049",
      "c172",
      "c166"
    ],
    "edge-7": [
      "c107",
      "c020",
      "c076",
      "c088",
      "c109",
      "c180",
      "c149",
      "c097",
      "c091",
      "c156",
      "c022",
      "c130",
      "c152"
    ],
    "edge-8": [
      "c095",
      "c099",
      "c106",
      "c108",
      "c111",
      "c164",
      "c002",
      "c037",
      "c063",
      "c066",
      "c069",
      "c084"
    ],
    "__CA_GUARANTEE__": [
      "c068",
      "c104",
      "c092",
      "c116",
      "c161",
      "c032",
      "c167",
      "c140",
      "c177",
      "c045",
      "c035",
      "c018",
      "c136",
      "c133",
      "c169",
      "c080",
      "c127",
      "c031",
      "c183",
      "c139",
      "c044",
      "c197",
      "c118",
      "c162",
      "c009",
      "c151",
      "c090",
      "c159",
      "c135",
      "c056",
      "c070",
      "c153",
      "c055",
      "c064",
      "c083",
      "c005",
      "c120",
      "c175",
      "c154",
      "c193",
      "c065",
      "c001",
      "c041",
      "c114",
      "c046",
      "c100",
      "c112",
      "c039",
      "c200",
      "c094",
      "c138",
      "c158",
      "c195",
      "c125",
      "c186",
      "c014",
      "c024",
      "c008",
      "c163",
      "c043",
      "c141",
      "c192",
      "c102",
      "c132",
      "c021",
      "c073",
      "c028",
      "c181",
      "c040",
      "c137",
      "c101",
      "c077",
      "c062",
      "c150",
      "c131",
      "c143",
      "c103",
      "c191",
      "c087",
      "c110",
      "c185",
      "c054",
      "c171",
      "c011",
      "c075",
      "c042",
      "c189",
      "c146",
      "c033",
      "c026",
      "c081",
      "c174",
      "c096",
      "c048",
      "c038",
      "c085",
      "c184",
      "c013",
      "c124",
      "c050",
      "c187",
      "c148",
      "c145",
      "c194",
      "c113",
      "c179",
      "c015",
      "c023",
      "c059"
    ]
  },
  "ordered_queues": {
    "edge-1": [
      "c003",
      "c051",
      "c052",
      "c053",
      "c060",
      "c072",
      "c115",
      "c117",
      "c119",
      "c121",
      "c129",
      "c155",
      "c157",
      "c176",
      "c188"
    ],
    "edge-2": [
      "c004",
      "c006",
      "c010",
      "c030",
      "c078",
      "c086",
      "c122",
      "c128",
      "c170",
      "c173"
    ],
    "edge-3": [
      "c025",
      "c027",
      "c034",
      "c058",
      "c061",
      "c067",
      "c071",
      "c144",
      "c147",
      "c178",
      "c182",
      "c196"
    ],
    "edge-4": [
      "c016",
      "c017",
      "c019",
      "c047",
      "c074",
      "c082",
      "c098",
      "c160",
      "c165",
      "c198",
      "c199"
    ],
    "edge-5": [
      "c007",
      "c105",
      "c126",
      "c134",
      "c089",
      "c190"
    ],
    "edge-6": [
      "c012",
      "c029",
      "c036",
      "c049",
      "c057",
      "c079",
      "c093",
      "c123",
      "c142",
      "c166",
      "c168",
      "c172"
    ],
    "edge-7": [
      "c020",
      "c076",
      "c088",
      "c022",
      "c097",
      "c091",
      "c107",
      "c130",
      "c109",
      "c152",
      "c149",
      "c156",
      "c180"
    ],
    "edge-8": [
      "c002",
      "c037",
      "c063",
      "c066",
      "c069",
      "c084",
      "c095",
      "c099",
      "c106",
      "c108",
      "c111",
      "c164"
    ]
  }
}
================================================================================
[RUN][K8s-CA] drtp_img88_cacheonly_0mb_300.json
{
  "summary": {
    "algo": "FG-DSCR-GC-K8sCA",
    "num_containers": 300,
    "num_scheduled_containers": 92,
    "num_nodes": 8,
    "failed_deployments": 208,
    "ca_penalty": 693.3333333333334,
    "ca_downloaded_mb": 65588,
    "ACT": 198.8263134057971,
    "AMS": 357.99739583333337,
    "downloaded_mb": 90676,
    "reused_mb": 0,
    "reuse_rate": 0.0,
    "objective_without_ca_penalty": 278.41185461956525,
    "objective": 971.7451879528986
  },
  "assignment": {
    "edge-1": [
      "c151",
      "c166",
      "c191",
      "c198",
      "c211",
      "c245",
      "c260",
      "c267",
      "c277",
      "c292",
      "c297",
      "c280",
      "c154"
    ],
    "edge-2": [
      "c028",
      "c043",
      "c088",
      "c022",
      "c049",
      "c272",
      "c051",
      "c009",
      "c083",
      "c116",
      "c169"
    ],
    "edge-3": [
      "c005",
      "c041",
      "c129",
      "c158",
      "c175",
      "c205",
      "c230",
      "c240",
      "c241",
      "c281",
      "c068",
      "c264",
      "c071",
      "c283"
    ],
    "edge-4": [
      "c136",
      "c155",
      "c261",
      "c265",
      "c266",
      "c032",
      "c033",
      "c044",
      "c252",
      "c012",
      "c159"
    ],
    "edge-5": [
      "c053",
      "c132",
      "c171",
      "c183",
      "c189",
      "c200",
      "c203",
      "c217",
      "c219",
      "c078",
      "c156",
      "c185"
    ],
    "edge-6": [
      "c187",
      "c199",
      "c214",
      "c251",
      "c296",
      "c143",
      "c174",
      "c180",
      "c003",
      "c239"
    ],
    "edge-7": [
      "c020",
      "c109",
      "c065",
      "c037",
      "c148",
      "c153",
      "c177",
      "c179",
      "c015",
      "c095"
    ],
    "edge-8": [
      "c220",
      "c262",
      "c285",
      "c050",
      "c062",
      "c073",
      "c087",
      "c101",
      "c112",
      "c114",
      "c294"
    ],
    "__CA_GUARANTEE__": [
      "c268",
      "c042",
      "c046",
      "c140",
      "c247",
      "c135",
      "c105",
      "c138",
      "c196",
      "c271",
      "c287",
      "c111",
      "c221",
      "c093",
      "c236",
      "c291",
      "c195",
      "c120",
      "c054",
      "c123",
      "c164",
      "c014",
      "c059",
      "c103",
      "c246",
      "c282",
      "c031",
      "c106",
      "c161",
      "c072",
      "c181",
      "c215",
      "c226",
      "c082",
      "c092",
      "c160",
      "c047",
      "c026",
      "c094",
      "c202",
      "c017",
      "c290",
      "c057",
      "c110",
      "c052",
      "c038",
      "c188",
      "c204",
      "c213",
      "c064",
      "c069",
      "c227",
      "c024",
      "c293",
      "c118",
      "c097",
      "c165",
      "c060",
      "c146",
      "c023",
      "c286",
      "c010",
      "c127",
      "c144",
      "c224",
      "c243",
      "c295",
      "c173",
      "c178",
      "c288",
      "c168",
      "c273",
      "c162",
      "c218",
      "c289",
      "c035",
      "c176",
      "c207",
      "c284",
      "c125",
      "c210",
      "c231",
      "c234",
      "c212",
      "c275",
      "c056",
      "c298",
      "c300",
      "c086",
      "c040",
      "c133",
      "c034",
      "c182",
      "c232",
      "c134",
      "c278",
      "c117",
      "c074",
      "c209",
      "c126",
      "c235",
      "c192",
      "c002",
      "c172",
      "c080",
      "c274",
      "c149",
      "c004",
      "c157",
      "c150",
      "c259",
      "c039",
      "c269",
      "c194",
      "c137",
      "c045",
      "c098",
      "c021",
      "c190",
      "c206",
      "c124",
      "c113",
      "c139",
      "c250",
      "c237",
      "c263",
      "c223",
      "c130",
      "c061",
      "c067",
      "c256",
      "c186",
      "c258",
      "c225",
      "c013",
      "c058",
      "c011",
      "c076",
      "c163",
      "c081",
      "c119",
      "c216",
      "c104",
      "c084",
      "c276",
      "c007",
      "c128",
      "c197",
      "c018",
      "c201",
      "c152",
      "c027",
      "c238",
      "c115",
      "c089",
      "c077",
      "c208",
      "c075",
      "c131",
      "c270",
      "c001",
      "c030",
      "c099",
      "c141",
      "c184",
      "c036",
      "c085",
      "c222",
      "c019",
      "c299",
      "c055",
      "c096",
      "c025",
      "c167",
      "c063",
      "c070",
      "c147",
      "c279",
      "c066",
      "c090",
      "c016",
      "c249",
      "c254",
      "c244",
      "c048",
      "c170",
      "c193",
      "c229",
      "c233",
      "c248",
      "c079",
      "c100",
      "c142",
      "c257",
      "c006",
      "c108",
      "c242",
      "c253",
      "c145",
      "c029",
      "c107",
      "c122",
      "c228",
      "c102",
      "c121",
      "c091",
      "c255",
      "c008"
    ]
  },
  "ordered_queues": {
    "edge-1": [
      "c151",
      "c154",
      "c166",
      "c191",
      "c198",
      "c211",
      "c245",
      "c260",
      "c267",
      "c277",
      "c280",
      "c292",
      "c297"
    ],
    "edge-2": [
      "c009",
      "c022",
      "c028",
      "c043",
      "c049",
      "c051",
      "c083",
      "c088",
      "c116",
      "c169",
      "c272"
    ],
    "edge-3": [
      "c005",
      "c041",
      "c068",
      "c071",
      "c129",
      "c158",
      "c175",
      "c205",
      "c230",
      "c240",
      "c241",
      "c264",
      "c281",
      "c283"
    ],
    "edge-4": [
      "c012",
      "c032",
      "c033",
      "c044",
      "c136",
      "c155",
      "c159",
      "c252",
      "c261",
      "c265",
      "c266"
    ],
    "edge-5": [
      "c053",
      "c078",
      "c132",
      "c156",
      "c171",
      "c183",
      "c185",
      "c189",
      "c200",
      "c203",
      "c217",
      "c219"
    ],
    "edge-6": [
      "c003",
      "c143",
      "c174",
      "c180",
      "c187",
      "c199",
      "c214",
      "c239",
      "c251",
      "c296"
    ],
    "edge-7": [
      "c020",
      "c037",
      "c065",
      "c109",
      "c148",
      "c153",
      "c177",
      "c179",
      "c015",
      "c095"
    ],
    "edge-8": [
      "c050",
      "c062",
      "c073",
      "c087",
      "c101",
      "c112",
      "c114",
      "c220",
      "c262",
      "c285",
      "c294"
    ]
  }
}
================================================================================
[RUN][K8s-CA] drtp_img88_cacheonly_0mb_400.json
{
  "summary": {
    "algo": "FG-DSCR-GC-K8sCA",
    "num_containers": 400,
    "num_scheduled_containers": 90,
    "num_nodes": 8,
    "failed_deployments": 310,
    "ca_penalty": 775.0,
    "ca_downloaded_mb": 117923,
    "ACT": 198.935,
    "AMS": 353.9671875000001,
    "downloaded_mb": 92070,
    "reused_mb": 0,
    "reuse_rate": 0.0,
    "objective_without_ca_penalty": 276.45109375000004,
    "objective": 1051.45109375
  },
  "assignment": {
    "edge-1": [
      "c262",
      "c356",
      "c062",
      "c073",
      "c087",
      "c101",
      "c296",
      "c028",
      "c088",
      "c043"
    ],
    "edge-2": [
      "c175",
      "c151",
      "c166",
      "c308",
      "c129",
      "c191",
      "c245",
      "c361",
      "c260"
    ],
    "edge-3": [
      "c198",
      "c211",
      "c267",
      "c277",
      "c292",
      "c294",
      "c297",
      "c143",
      "c321",
      "c169",
      "c307",
      "c285"
    ],
    "edge-4": [
      "c343",
      "c003",
      "c022",
      "c049",
      "c136",
      "c155",
      "c239",
      "c261",
      "c265",
      "c174",
      "c051"
    ],
    "edge-5": [
      "c310",
      "c315",
      "c316",
      "c317",
      "c381",
      "c383",
      "c005",
      "c015",
      "c041",
      "c095",
      "c050",
      "c220",
      "c327"
    ],
    "edge-6": [
      "c266",
      "c323",
      "c325",
      "c328",
      "c330",
      "c367",
      "c032",
      "c033",
      "c044",
      "c112",
      "c304"
    ],
    "edge-7": [
      "c158",
      "c205",
      "c230",
      "c240",
      "c241",
      "c251",
      "c252",
      "c272",
      "c281",
      "c302",
      "c341",
      "c351",
      "c078",
      "c116"
    ],
    "edge-8": [
      "c156",
      "c159",
      "c185",
      "c187",
      "c199",
      "c214",
      "c114",
      "c322",
      "c180",
      "c363"
    ],
    "__CA_GUARANTEE__": [
      "c353",
      "c391",
      "c009",
      "c012",
      "c053",
      "c083",
      "c132",
      "c171",
      "c183",
      "c189",
      "c200",
      "c203",
      "c217",
      "c219",
      "c280",
      "c334",
      "c378",
      "c392",
      "c068",
      "c154",
      "c264",
      "c283",
      "c071",
      "c336",
      "c020",
      "c109",
      "c065",
      "c324",
      "c384",
      "c396",
      "c037",
      "c148",
      "c153",
      "c177",
      "c179",
      "c268",
      "c042",
      "c046",
      "c140",
      "c247",
      "c303",
      "c135",
      "c105",
      "c138",
      "c196",
      "c271",
      "c287",
      "c111",
      "c221",
      "c093",
      "c236",
      "c291",
      "c354",
      "c195",
      "c120",
      "c054",
      "c123",
      "c393",
      "c164",
      "c345",
      "c014",
      "c059",
      "c103",
      "c246",
      "c282",
      "c031",
      "c106",
      "c332",
      "c161",
      "c305",
      "c072",
      "c400",
      "c181",
      "c215",
      "c371",
      "c226",
      "c082",
      "c092",
      "c160",
      "c368",
      "c047",
      "c366",
      "c026",
      "c094",
      "c202",
      "c017",
      "c290",
      "c382",
      "c057",
      "c110",
      "c052",
      "c038",
      "c188",
      "c385",
      "c204",
      "c213",
      "c064",
      "c069",
      "c227",
      "c024",
      "c387",
      "c293",
      "c118",
      "c097",
      "c165",
      "c379",
      "c060",
      "c339",
      "c146",
      "c023",
      "c395",
      "c286",
      "c010",
      "c127",
      "c348",
      "c144",
      "c224",
      "c243",
      "c295",
      "c362",
      "c173",
      "c178",
      "c288",
      "c338",
      "c398",
      "c335",
      "c394",
      "c168",
      "c273",
      "c364",
      "c162",
      "c369",
      "c218",
      "c289",
      "c035",
      "c176",
      "c207",
      "c284",
      "c373",
      "c125",
      "c210",
      "c231",
      "c234",
      "c329",
      "c212",
      "c275",
      "c372",
      "c056",
      "c301",
      "c390",
      "c298",
      "c300",
      "c086",
      "c040",
      "c133",
      "c034",
      "c182",
      "c320",
      "c232",
      "c314",
      "c134",
      "c278",
      "c117",
      "c342",
      "c074",
      "c397",
      "c209",
      "c337",
      "c126",
      "c235",
      "c333",
      "c344",
      "c192",
      "c002",
      "c172",
      "c080",
      "c274",
      "c149",
      "c004",
      "c157",
      "c331",
      "c377",
      "c150",
      "c259",
      "c312",
      "c039",
      "c269",
      "c319",
      "c194",
      "c137",
      "c380",
      "c045",
      "c399",
      "c098",
      "c358",
      "c313",
      "c021",
      "c190",
      "c206",
      "c124",
      "c389",
      "c113",
      "c139",
      "c250",
      "c237",
      "c263",
      "c223",
      "c130",
      "c061",
      "c067",
      "c256",
      "c375",
      "c347",
      "c311",
      "c186",
      "c352",
      "c258",
      "c318",
      "c225",
      "c370",
      "c013",
      "c058",
      "c011",
      "c365",
      "c076",
      "c163",
      "c081",
      "c119",
      "c216",
      "c306",
      "c104",
      "c084",
      "c276",
      "c007",
      "c128",
      "c197",
      "c018",
      "c201",
      "c355",
      "c152",
      "c027",
      "c238",
      "c357",
      "c115",
      "c089",
      "c077",
      "c208",
      "c075",
      "c131",
      "c270",
      "c001",
      "c030",
      "c099",
      "c141",
      "c184",
      "c036",
      "c085",
      "c222",
      "c019",
      "c299",
      "c055",
      "c326",
      "c386",
      "c096",
      "c025",
      "c167",
      "c063",
      "c070",
      "c147",
      "c279",
      "c066",
      "c090",
      "c016",
      "c249",
      "c254",
      "c244",
      "c048",
      "c346",
      "c170",
      "c193",
      "c359",
      "c388",
      "c229",
      "c374",
      "c233",
      "c360",
      "c248",
      "c079",
      "c100",
      "c142",
      "c257",
      "c340",
      "c376",
      "c006",
      "c108",
      "c242",
      "c253",
      "c145",
      "c029",
      "c107",
      "c122",
      "c349",
      "c228",
      "c102",
      "c309",
      "c121",
      "c091",
      "c350",
      "c255",
      "c008"
    ]
  },
  "ordered_queues": {
    "edge-1": [
      "c028",
      "c043",
      "c062",
      "c073",
      "c087",
      "c088",
      "c101",
      "c262",
      "c296",
      "c356"
    ],
    "edge-2": [
      "c129",
      "c151",
      "c166",
      "c175",
      "c191",
      "c245",
      "c260",
      "c308",
      "c361"
    ],
    "edge-3": [
      "c143",
      "c169",
      "c198",
      "c211",
      "c267",
      "c277",
      "c285",
      "c292",
      "c294",
      "c297",
      "c307",
      "c321"
    ],
    "edge-4": [
      "c003",
      "c022",
      "c049",
      "c051",
      "c136",
      "c155",
      "c174",
      "c239",
      "c261",
      "c265",
      "c343"
    ],
    "edge-5": [
      "c005",
      "c015",
      "c041",
      "c050",
      "c095",
      "c220",
      "c310",
      "c315",
      "c316",
      "c317",
      "c327",
      "c381",
      "c383"
    ],
    "edge-6": [
      "c032",
      "c033",
      "c044",
      "c112",
      "c266",
      "c304",
      "c323",
      "c325",
      "c328",
      "c330",
      "c367"
    ],
    "edge-7": [
      "c078",
      "c116",
      "c158",
      "c205",
      "c230",
      "c240",
      "c241",
      "c251",
      "c252",
      "c272",
      "c281",
      "c302",
      "c341",
      "c351"
    ],
    "edge-8": [
      "c114",
      "c156",
      "c159",
      "c180",
      "c185",
      "c187",
      "c199",
      "c214",
      "c322",
      "c363"
    ]
  }
}
================================================================================
[RUN][K8s-CA] drtp_img88_cacheonly_0mb_500.json
{
  "summary": {
    "algo": "FG-DSCR-GC-K8sCA",
    "num_containers": 500,
    "num_scheduled_containers": 81,
    "num_nodes": 8,
    "failed_deployments": 419,
    "ca_penalty": 838.0,
    "ca_downloaded_mb": 186708,
    "ACT": 180.15956790123457,
    "AMS": 318.4171875,
    "downloaded_mb": 82863,
    "reused_mb": 0,
    "reuse_rate": 0.0,
    "objective_without_ca_penalty": 249.28837770061727,
    "objective": 1087.2883777006173
  },
  "assignment": {
    "edge-1": [
      "c197",
      "c224",
      "c226",
      "c262",
      "c280",
      "c282",
      "c287",
      "c296",
      "c387",
      "c146",
      "c453",
      "c461"
    ],
    "edge-2": [
      "c078",
      "c270",
      "c041",
      "c090",
      "c173",
      "c186",
      "c273",
      "c020",
      "c265"
    ],
    "edge-3": [
      "c305",
      "c315",
      "c329",
      "c339",
      "c344",
      "c369",
      "c421",
      "c274",
      "c441",
      "c443",
      "c147",
      "c245"
    ],
    "edge-4": [
      "c292",
      "c354",
      "c363",
      "c370",
      "c021",
      "c043",
      "c055",
      "c312",
      "c113"
    ],
    "edge-5": [
      "c103",
      "c106",
      "c157",
      "c179",
      "c142",
      "c170",
      "c063",
      "c256",
      "c136",
      "c319"
    ],
    "edge-6": [
      "c235",
      "c207",
      "c302",
      "c087",
      "c242",
      "c062",
      "c093",
      "c165",
      "c357"
    ],
    "edge-7": [
      "c108",
      "c121",
      "c122",
      "c181",
      "c185",
      "c196",
      "c311",
      "c019",
      "c303",
      "c193"
    ],
    "edge-8": [
      "c331",
      "c345",
      "c349",
      "c385",
      "c493",
      "c500",
      "c002",
      "c003",
      "c015",
      "c067"
    ],
    "__CA_GUARANTEE__": [
      "c160",
      "c210",
      "c215",
      "c227",
      "c248",
      "c308",
      "c309",
      "c353",
      "c359",
      "c386",
      "c437",
      "c460",
      "c491",
      "c027",
      "c030",
      "c035",
      "c036",
      "c047",
      "c056",
      "c099",
      "c112",
      "c115",
      "c119",
      "c123",
      "c127",
      "c134",
      "c171",
      "c194",
      "c206",
      "c251",
      "c253",
      "c263",
      "c279",
      "c290",
      "c340",
      "c348",
      "c356",
      "c362",
      "c381",
      "c464",
      "c467",
      "c478",
      "c494",
      "c028",
      "c060",
      "c064",
      "c077",
      "c086",
      "c109",
      "c128",
      "c288",
      "c298",
      "c343",
      "c398",
      "c404",
      "c426",
      "c436",
      "c449",
      "c459",
      "c481",
      "c486",
      "c487",
      "c496",
      "c029",
      "c116",
      "c177",
      "c384",
      "c411",
      "c415",
      "c278",
      "c155",
      "c203",
      "c004",
      "c066",
      "c102",
      "c182",
      "c188",
      "c234",
      "c352",
      "c475",
      "c216",
      "c255",
      "c405",
      "c455",
      "c472",
      "c065",
      "c373",
      "c438",
      "c148",
      "c223",
      "c337",
      "c168",
      "c439",
      "c022",
      "c335",
      "c088",
      "c184",
      "c053",
      "c125",
      "c316",
      "c365",
      "c144",
      "c198",
      "c264",
      "c427",
      "c446",
      "c499",
      "c009",
      "c026",
      "c050",
      "c471",
      "c272",
      "c321",
      "c425",
      "c094",
      "c070",
      "c101",
      "c230",
      "c419",
      "c045",
      "c068",
      "c071",
      "c145",
      "c237",
      "c258",
      "c332",
      "c454",
      "c169",
      "c289",
      "c346",
      "c451",
      "c024",
      "c222",
      "c450",
      "c061",
      "c132",
      "c138",
      "c001",
      "c039",
      "c080",
      "c166",
      "c195",
      "c307",
      "c483",
      "c058",
      "c073",
      "c236",
      "c243",
      "c326",
      "c379",
      "c214",
      "c360",
      "c025",
      "c240",
      "c250",
      "c406",
      "c217",
      "c323",
      "c336",
      "c069",
      "c172",
      "c187",
      "c276",
      "c371",
      "c082",
      "c212",
      "c327",
      "c333",
      "c417",
      "c468",
      "c013",
      "c114",
      "c218",
      "c444",
      "c355",
      "c178",
      "c176",
      "c257",
      "c442",
      "c037",
      "c095",
      "c098",
      "c313",
      "c351",
      "c414",
      "c075",
      "c105",
      "c111",
      "c140",
      "c152",
      "c163",
      "c416",
      "c129",
      "c429",
      "c410",
      "c042",
      "c151",
      "c283",
      "c466",
      "c005",
      "c275",
      "c492",
      "c424",
      "c167",
      "c301",
      "c358",
      "c418",
      "c084",
      "c107",
      "c423",
      "c400",
      "c191",
      "c092",
      "c120",
      "c401",
      "c420",
      "c470",
      "c281",
      "c350",
      "c318",
      "c383",
      "c018",
      "c137",
      "c286",
      "c489",
      "c135",
      "c164",
      "c208",
      "c347",
      "c007",
      "c081",
      "c085",
      "c322",
      "c477",
      "c051",
      "c342",
      "c364",
      "c083",
      "c397",
      "c117",
      "c300",
      "c008",
      "c158",
      "c338",
      "c038",
      "c139",
      "c325",
      "c395",
      "c213",
      "c291",
      "c046",
      "c374",
      "c391",
      "c124",
      "c382",
      "c052",
      "c341",
      "c033",
      "c247",
      "c016",
      "c199",
      "c480",
      "c209",
      "c408",
      "c089",
      "c231",
      "c183",
      "c202",
      "c320",
      "c403",
      "c409",
      "c465",
      "c232",
      "c268",
      "c328",
      "c091",
      "c219",
      "c314",
      "c476",
      "c076",
      "c225",
      "c014",
      "c180",
      "c059",
      "c277",
      "c388",
      "c469",
      "c252",
      "c074",
      "c220",
      "c048",
      "c057",
      "c372",
      "c295",
      "c392",
      "c130",
      "c259",
      "c010",
      "c297",
      "c175",
      "c299",
      "c079",
      "c428",
      "c306",
      "c269",
      "c211",
      "c006",
      "c457",
      "c304",
      "c482",
      "c378",
      "c031",
      "c153",
      "c485",
      "c034",
      "c271",
      "c238",
      "c154",
      "c412",
      "c440",
      "c254",
      "c284",
      "c317",
      "c150",
      "c190",
      "c239",
      "c462",
      "c156",
      "c433",
      "c189",
      "c495",
      "c376",
      "c233",
      "c100",
      "c324",
      "c334",
      "c361",
      "c445",
      "c118",
      "c497",
      "c054",
      "c463",
      "c141",
      "c149",
      "c221",
      "c260",
      "c131",
      "c266",
      "c396",
      "c422",
      "c011",
      "c389",
      "c484",
      "c023",
      "c110",
      "c456",
      "c488",
      "c044",
      "c498",
      "c161",
      "c377",
      "c393",
      "c310",
      "c040",
      "c448",
      "c452",
      "c380",
      "c159",
      "c458",
      "c012",
      "c228",
      "c072",
      "c285",
      "c368",
      "c447",
      "c431",
      "c402",
      "c435",
      "c293",
      "c407",
      "c294",
      "c399",
      "c267",
      "c249",
      "c017",
      "c201",
      "c490",
      "c104",
      "c096",
      "c143",
      "c205",
      "c204",
      "c200",
      "c229",
      "c049",
      "c162",
      "c244",
      "c473",
      "c174",
      "c434",
      "c394",
      "c192",
      "c330",
      "c375",
      "c261",
      "c474",
      "c133",
      "c430",
      "c413",
      "c432",
      "c366",
      "c246",
      "c126",
      "c479",
      "c367",
      "c032",
      "c241",
      "c390",
      "c097"
    ]
  },
  "ordered_queues": {
    "edge-1": [
      "c146",
      "c197",
      "c224",
      "c226",
      "c262",
      "c280",
      "c282",
      "c287",
      "c296",
      "c387",
      "c453",
      "c461"
    ],
    "edge-2": [
      "c020",
      "c041",
      "c078",
      "c090",
      "c173",
      "c186",
      "c265",
      "c270",
      "c273"
    ],
    "edge-3": [
      "c147",
      "c245",
      "c274",
      "c305",
      "c315",
      "c329",
      "c339",
      "c344",
      "c369",
      "c421",
      "c441",
      "c443"
    ],
    "edge-4": [
      "c021",
      "c043",
      "c055",
      "c113",
      "c292",
      "c312",
      "c354",
      "c363",
      "c370"
    ],
    "edge-5": [
      "c063",
      "c103",
      "c106",
      "c136",
      "c142",
      "c157",
      "c170",
      "c179",
      "c256",
      "c319"
    ],
    "edge-6": [
      "c062",
      "c087",
      "c093",
      "c165",
      "c207",
      "c235",
      "c242",
      "c302",
      "c357"
    ],
    "edge-7": [
      "c019",
      "c108",
      "c121",
      "c122",
      "c181",
      "c185",
      "c193",
      "c196",
      "c303",
      "c311"
    ],
    "edge-8": [
      "c002",
      "c003",
      "c015",
      "c067",
      "c331",
      "c345",
      "c349",
      "c385",
      "c493",
      "c500"
    ]
  }
}
================================================================================
[RUN][K8s-CA] drtp_img88_cacheonly_0mb_600.json
{
  "summary": {
    "algo": "FG-DSCR-GC-K8sCA",
    "num_containers": 600,
    "num_scheduled_containers": 83,
    "num_nodes": 8,
    "failed_deployments": 517,
    "ca_penalty": 861.6666666666666,
    "ca_downloaded_mb": 233291,
    "ACT": 180.4971385542169,
    "AMS": 326.08125000000007,
    "downloaded_mb": 84909,
    "reused_mb": 0,
    "reuse_rate": 0.0,
    "objective_without_ca_penalty": 253.2891942771085,
    "objective": 1114.9558609437752
  },
  "assignment": {
    "edge-1": [
      "c579",
      "c588",
      "c590",
      "c032",
      "c051",
      "c116",
      "c156",
      "c159",
      "c304",
      "c169",
      "c199"
    ],
    "edge-2": [
      "c296",
      "c363",
      "c428",
      "c553",
      "c028",
      "c043",
      "c088",
      "c143",
      "c174"
    ],
    "edge-3": [
      "c474",
      "c521",
      "c534",
      "c550",
      "c560",
      "c566",
      "c575",
      "c050",
      "c292",
      "c328",
      "c330"
    ],
    "edge-4": [
      "c062",
      "c101",
      "c073",
      "c087",
      "c112",
      "c424",
      "c439",
      "c033",
      "c214"
    ],
    "edge-5": [
      "c114",
      "c151",
      "c166",
      "c191",
      "c198",
      "c260",
      "c343",
      "c265",
      "c044",
      "c220",
      "c325"
    ],
    "edge-6": [
      "c022",
      "c049",
      "c136",
      "c155",
      "c239",
      "c261",
      "c266",
      "c323",
      "c310",
      "c187",
      "c408",
      "c185"
    ],
    "edge-7": [
      "c262",
      "c285",
      "c327",
      "c356",
      "c078",
      "c180",
      "c493",
      "c321",
      "c501",
      "c003"
    ],
    "edge-8": [
      "c367",
      "c467",
      "c479",
      "c531",
      "c567",
      "c211",
      "c508",
      "c528",
      "c322",
      "c449"
    ],
    "__CA_GUARANTEE__": [
      "c245",
      "c267",
      "c277",
      "c294",
      "c297",
      "c307",
      "c308",
      "c315",
      "c316",
      "c317",
      "c361",
      "c381",
      "c383",
      "c431",
      "c502",
      "c503",
      "c507",
      "c514",
      "c520",
      "c524",
      "c543",
      "c557",
      "c577",
      "c595",
      "c600",
      "c005",
      "c015",
      "c041",
      "c095",
      "c129",
      "c158",
      "c175",
      "c205",
      "c230",
      "c240",
      "c241",
      "c251",
      "c252",
      "c272",
      "c281",
      "c302",
      "c341",
      "c351",
      "c353",
      "c391",
      "c406",
      "c421",
      "c430",
      "c433",
      "c446",
      "c456",
      "c468",
      "c469",
      "c526",
      "c537",
      "c572",
      "c584",
      "c009",
      "c012",
      "c053",
      "c083",
      "c132",
      "c171",
      "c183",
      "c189",
      "c200",
      "c203",
      "c217",
      "c219",
      "c280",
      "c334",
      "c378",
      "c392",
      "c401",
      "c413",
      "c445",
      "c498",
      "c510",
      "c545",
      "c589",
      "c591",
      "c068",
      "c154",
      "c264",
      "c283",
      "c459",
      "c463",
      "c562",
      "c071",
      "c336",
      "c020",
      "c109",
      "c065",
      "c324",
      "c384",
      "c396",
      "c434",
      "c037",
      "c148",
      "c153",
      "c177",
      "c179",
      "c268",
      "c454",
      "c418",
      "c425",
      "c447",
      "c452",
      "c042",
      "c046",
      "c140",
      "c247",
      "c303",
      "c420",
      "c135",
      "c437",
      "c105",
      "c138",
      "c489",
      "c574",
      "c196",
      "c271",
      "c287",
      "c111",
      "c436",
      "c221",
      "c093",
      "c236",
      "c291",
      "c470",
      "c599",
      "c354",
      "c578",
      "c195",
      "c497",
      "c475",
      "c120",
      "c054",
      "c123",
      "c393",
      "c164",
      "c345",
      "c485",
      "c552",
      "c555",
      "c014",
      "c059",
      "c457",
      "c546",
      "c598",
      "c103",
      "c246",
      "c282",
      "c500",
      "c554",
      "c031",
      "c106",
      "c332",
      "c161",
      "c593",
      "c305",
      "c414",
      "c072",
      "c400",
      "c547",
      "c181",
      "c215",
      "c371",
      "c585",
      "c226",
      "c415",
      "c429",
      "c523",
      "c504",
      "c583",
      "c477",
      "c082",
      "c092",
      "c160",
      "c368",
      "c529",
      "c544",
      "c047",
      "c366",
      "c026",
      "c094",
      "c202",
      "c412",
      "c427",
      "c444",
      "c481",
      "c017",
      "c290",
      "c382",
      "c057",
      "c110",
      "c506",
      "c052",
      "c404",
      "c038",
      "c515",
      "c188",
      "c385",
      "c204",
      "c213",
      "c460",
      "c480",
      "c064",
      "c069",
      "c227",
      "c024",
      "c387",
      "c592",
      "c293",
      "c538",
      "c118",
      "c097",
      "c165",
      "c379",
      "c556",
      "c060",
      "c339",
      "c438",
      "c455",
      "c146",
      "c023",
      "c395",
      "c472",
      "c286",
      "c010",
      "c127",
      "c348",
      "c144",
      "c224",
      "c243",
      "c295",
      "c362",
      "c483",
      "c173",
      "c178",
      "c288",
      "c402",
      "c442",
      "c338",
      "c398",
      "c335",
      "c476",
      "c394",
      "c486",
      "c495",
      "c168",
      "c273",
      "c364",
      "c496",
      "c509",
      "c435",
      "c453",
      "c471",
      "c494",
      "c162",
      "c482",
      "c568",
      "c369",
      "c218",
      "c289",
      "c035",
      "c533",
      "c176",
      "c207",
      "c284",
      "c373",
      "c549",
      "c125",
      "c210",
      "c231",
      "c234",
      "c329",
      "c488",
      "c212",
      "c275",
      "c372",
      "c518",
      "c056",
      "c301",
      "c390",
      "c484",
      "c540",
      "c298",
      "c300",
      "c086",
      "c040",
      "c450",
      "c133",
      "c548",
      "c034",
      "c182",
      "c320",
      "c559",
      "c232",
      "c314",
      "c570",
      "c134",
      "c278",
      "c117",
      "c342",
      "c074",
      "c397",
      "c209",
      "c337",
      "c487",
      "c542",
      "c126",
      "c235",
      "c333",
      "c344",
      "c491",
      "c569",
      "c192",
      "c002",
      "c172",
      "c080",
      "c274",
      "c149",
      "c536",
      "c440",
      "c004",
      "c157",
      "c331",
      "c377",
      "c150",
      "c259",
      "c312",
      "c403",
      "c448",
      "c561",
      "c039",
      "c269",
      "c582",
      "c532",
      "c319",
      "c194",
      "c499",
      "c517",
      "c137",
      "c422",
      "c530",
      "c380",
      "c443",
      "c045",
      "c399",
      "c098",
      "c358",
      "c313",
      "c511",
      "c021",
      "c527",
      "c190",
      "c206",
      "c539",
      "c410",
      "c124",
      "c389",
      "c513",
      "c522",
      "c113",
      "c139",
      "c250",
      "c237",
      "c263",
      "c223",
      "c466",
      "c130",
      "c061",
      "c067",
      "c256",
      "c594",
      "c375",
      "c576",
      "c347",
      "c423",
      "c462",
      "c311",
      "c417",
      "c186",
      "c352",
      "c587",
      "c258",
      "c318",
      "c535",
      "c225",
      "c370",
      "c013",
      "c058",
      "c011",
      "c365",
      "c076",
      "c163",
      "c081",
      "c119",
      "c564",
      "c216",
      "c306",
      "c104",
      "c084",
      "c573",
      "c276",
      "c505",
      "c007",
      "c128",
      "c197",
      "c490",
      "c018",
      "c201",
      "c355",
      "c152",
      "c027",
      "c571",
      "c238",
      "c357",
      "c458",
      "c115",
      "c416",
      "c089",
      "c077",
      "c208",
      "c075",
      "c131",
      "c270",
      "c001",
      "c030",
      "c099",
      "c141",
      "c184",
      "c405",
      "c036",
      "c441",
      "c085",
      "c432",
      "c222",
      "c558",
      "c019",
      "c299",
      "c055",
      "c326",
      "c386",
      "c096",
      "c025",
      "c167",
      "c063",
      "c070",
      "c580",
      "c147",
      "c279",
      "c066",
      "c409",
      "c090",
      "c596",
      "c512",
      "c597",
      "c016",
      "c465",
      "c249",
      "c254",
      "c451",
      "c244",
      "c419",
      "c426",
      "c551",
      "c048",
      "c346",
      "c473",
      "c492",
      "c170",
      "c193",
      "c359",
      "c388",
      "c581",
      "c229",
      "c461",
      "c374",
      "c233",
      "c360",
      "c248",
      "c464",
      "c079",
      "c100",
      "c142",
      "c257",
      "c411",
      "c340",
      "c478",
      "c376",
      "c006",
      "c108",
      "c407",
      "c242",
      "c253",
      "c145",
      "c541",
      "c029",
      "c107",
      "c122",
      "c349",
      "c516",
      "c228",
      "c565",
      "c525",
      "c102",
      "c309",
      "c121",
      "c091",
      "c350",
      "c255",
      "c586",
      "c008",
      "c519",
      "c563"
    ]
  },
  "ordered_queues": {
    "edge-1": [
      "c032",
      "c051",
      "c116",
      "c156",
      "c159",
      "c169",
      "c199",
      "c304",
      "c579",
      "c588",
      "c590"
    ],
    "edge-2": [
      "c028",
      "c043",
      "c088",
      "c143",
      "c174",
      "c296",
      "c363",
      "c428",
      "c553"
    ],
    "edge-3": [
      "c050",
      "c292",
      "c328",
      "c330",
      "c474",
      "c521",
      "c534",
      "c550",
      "c560",
      "c566",
      "c575"
    ],
    "edge-4": [
      "c033",
      "c062",
      "c073",
      "c087",
      "c101",
      "c112",
      "c214",
      "c424",
      "c439"
    ],
    "edge-5": [
      "c044",
      "c114",
      "c151",
      "c166",
      "c191",
      "c198",
      "c220",
      "c260",
      "c265",
      "c325",
      "c343"
    ],
    "edge-6": [
      "c022",
      "c049",
      "c136",
      "c155",
      "c185",
      "c187",
      "c239",
      "c261",
      "c266",
      "c310",
      "c323",
      "c408"
    ],
    "edge-7": [
      "c003",
      "c078",
      "c180",
      "c262",
      "c285",
      "c321",
      "c327",
      "c356",
      "c493",
      "c501"
    ],
    "edge-8": [
      "c211",
      "c322",
      "c367",
      "c449",
      "c467",
      "c479",
      "c508",
      "c528",
      "c531",
      "c567"
    ]
  }
}
================================================================================
[RUN][K8s-CA] drtp_img88_cacheonly_0mb_700.json
{
  "summary": {
    "algo": "FG-DSCR-GC-K8sCA",
    "num_containers": 700,
    "num_scheduled_containers": 81,
    "num_nodes": 8,
    "failed_deployments": 619,
    "ca_penalty": 884.2857142857143,
    "ca_downloaded_mb": 282437,
    "ACT": 176.11496913580248,
    "AMS": 315.85156250000006,
    "downloaded_mb": 82863,
    "reused_mb": 0,
    "reuse_rate": 0.0,
    "objective_without_ca_penalty": 245.98326581790127,
    "objective": 1130.2689801036156
  },
  "assignment": {
    "edge-1": [
      "c588",
      "c032",
      "c033",
      "c044",
      "c051",
      "c528",
      "c449",
      "c322",
      "c363",
      "c174"
    ],
    "edge-2": [
      "c428",
      "c553",
      "c656",
      "c028",
      "c043",
      "c088",
      "c143",
      "c343",
      "c493"
    ],
    "edge-3": [
      "c199",
      "c214",
      "c220",
      "c112",
      "c180",
      "c321",
      "c508",
      "c003",
      "c265",
      "c296"
    ],
    "edge-4": [
      "c501",
      "c239",
      "c156",
      "c169",
      "c285",
      "c567",
      "c579",
      "c078",
      "c136"
    ],
    "edge-5": [
      "c262",
      "c327",
      "c356",
      "c424",
      "c439",
      "c474",
      "c521",
      "c534",
      "c550",
      "c560",
      "c198",
      "c624"
    ],
    "edge-6": [
      "c601",
      "c022",
      "c049",
      "c155",
      "c261",
      "c116",
      "c187",
      "c590",
      "c644",
      "c159",
      "c185"
    ],
    "edge-7": [
      "c566",
      "c575",
      "c610",
      "c632",
      "c639",
      "c687",
      "c050",
      "c062",
      "c073",
      "c114"
    ],
    "edge-8": [
      "c266",
      "c323",
      "c325",
      "c328",
      "c330",
      "c367",
      "c408",
      "c467",
      "c479",
      "c531"
    ],
    "__CA_GUARANTEE__": [
      "c087",
      "c101",
      "c151",
      "c166",
      "c191",
      "c211",
      "c245",
      "c260",
      "c267",
      "c277",
      "c292",
      "c294",
      "c297",
      "c304",
      "c307",
      "c308",
      "c310",
      "c315",
      "c316",
      "c317",
      "c361",
      "c381",
      "c383",
      "c431",
      "c502",
      "c503",
      "c507",
      "c514",
      "c520",
      "c524",
      "c543",
      "c557",
      "c577",
      "c595",
      "c600",
      "c619",
      "c627",
      "c686",
      "c005",
      "c015",
      "c041",
      "c095",
      "c129",
      "c158",
      "c175",
      "c205",
      "c230",
      "c240",
      "c241",
      "c251",
      "c252",
      "c272",
      "c281",
      "c302",
      "c341",
      "c351",
      "c353",
      "c391",
      "c406",
      "c421",
      "c430",
      "c433",
      "c446",
      "c456",
      "c468",
      "c469",
      "c526",
      "c537",
      "c572",
      "c584",
      "c650",
      "c666",
      "c685",
      "c009",
      "c012",
      "c053",
      "c083",
      "c132",
      "c171",
      "c183",
      "c189",
      "c200",
      "c203",
      "c217",
      "c219",
      "c280",
      "c334",
      "c378",
      "c392",
      "c401",
      "c413",
      "c445",
      "c498",
      "c510",
      "c545",
      "c589",
      "c591",
      "c611",
      "c621",
      "c628",
      "c629",
      "c678",
      "c694",
      "c068",
      "c154",
      "c264",
      "c283",
      "c459",
      "c463",
      "c562",
      "c071",
      "c336",
      "c020",
      "c109",
      "c065",
      "c324",
      "c384",
      "c396",
      "c434",
      "c605",
      "c663",
      "c037",
      "c148",
      "c153",
      "c177",
      "c179",
      "c268",
      "c454",
      "c418",
      "c425",
      "c447",
      "c452",
      "c606",
      "c649",
      "c658",
      "c042",
      "c046",
      "c140",
      "c247",
      "c303",
      "c420",
      "c662",
      "c683",
      "c135",
      "c437",
      "c654",
      "c105",
      "c138",
      "c489",
      "c574",
      "c623",
      "c196",
      "c271",
      "c633",
      "c652",
      "c287",
      "c111",
      "c436",
      "c677",
      "c221",
      "c620",
      "c671",
      "c681",
      "c093",
      "c236",
      "c291",
      "c470",
      "c599",
      "c354",
      "c578",
      "c640",
      "c195",
      "c497",
      "c475",
      "c120",
      "c054",
      "c123",
      "c393",
      "c164",
      "c345",
      "c485",
      "c552",
      "c555",
      "c609",
      "c643",
      "c014",
      "c059",
      "c457",
      "c546",
      "c598",
      "c653",
      "c698",
      "c103",
      "c246",
      "c282",
      "c500",
      "c554",
      "c651",
      "c031",
      "c106",
      "c332",
      "c161",
      "c593",
      "c305",
      "c414",
      "c072",
      "c400",
      "c547",
      "c181",
      "c215",
      "c371",
      "c585",
      "c631",
      "c226",
      "c415",
      "c429",
      "c523",
      "c504",
      "c583",
      "c477",
      "c082",
      "c092",
      "c160",
      "c368",
      "c529",
      "c544",
      "c668",
      "c047",
      "c366",
      "c612",
      "c634",
      "c026",
      "c094",
      "c202",
      "c412",
      "c427",
      "c444",
      "c481",
      "c622",
      "c017",
      "c290",
      "c382",
      "c637",
      "c057",
      "c615",
      "c110",
      "c506",
      "c052",
      "c404",
      "c038",
      "c515",
      "c625",
      "c188",
      "c385",
      "c204",
      "c213",
      "c460",
      "c480",
      "c064",
      "c069",
      "c227",
      "c024",
      "c387",
      "c592",
      "c293",
      "c538",
      "c118",
      "c097",
      "c165",
      "c379",
      "c556",
      "c699",
      "c060",
      "c339",
      "c438",
      "c455",
      "c146",
      "c023",
      "c395",
      "c673",
      "c472",
      "c286",
      "c010",
      "c127",
      "c348",
      "c144",
      "c224",
      "c243",
      "c295",
      "c362",
      "c483",
      "c173",
      "c178",
      "c288",
      "c402",
      "c442",
      "c338",
      "c398",
      "c335",
      "c476",
      "c394",
      "c486",
      "c495",
      "c670",
      "c168",
      "c273",
      "c364",
      "c496",
      "c509",
      "c435",
      "c453",
      "c471",
      "c494",
      "c162",
      "c482",
      "c568",
      "c676",
      "c369",
      "c218",
      "c289",
      "c035",
      "c533",
      "c176",
      "c207",
      "c284",
      "c373",
      "c549",
      "c648",
      "c679",
      "c125",
      "c210",
      "c231",
      "c234",
      "c329",
      "c488",
      "c674",
      "c212",
      "c275",
      "c372",
      "c518",
      "c626",
      "c056",
      "c301",
      "c390",
      "c484",
      "c696",
      "c540",
      "c298",
      "c300",
      "c086",
      "c040",
      "c450",
      "c133",
      "c548",
      "c034",
      "c182",
      "c320",
      "c559",
      "c672",
      "c232",
      "c314",
      "c570",
      "c134",
      "c278",
      "c117",
      "c342",
      "c074",
      "c397",
      "c209",
      "c337",
      "c487",
      "c542",
      "c126",
      "c235",
      "c333",
      "c344",
      "c491",
      "c569",
      "c192",
      "c002",
      "c172",
      "c080",
      "c274",
      "c149",
      "c536",
      "c647",
      "c690",
      "c440",
      "c004",
      "c157",
      "c331",
      "c377",
      "c646",
      "c150",
      "c259",
      "c312",
      "c403",
      "c448",
      "c561",
      "c039",
      "c269",
      "c582",
      "c532",
      "c319",
      "c194",
      "c499",
      "c517",
      "c137",
      "c422",
      "c530",
      "c380",
      "c443",
      "c045",
      "c399",
      "c098",
      "c358",
      "c608",
      "c700",
      "c313",
      "c511",
      "c021",
      "c527",
      "c190",
      "c206",
      "c539",
      "c410",
      "c124",
      "c389",
      "c513",
      "c522",
      "c113",
      "c139",
      "c250",
      "c237",
      "c263",
      "c613",
      "c223",
      "c466",
      "c130",
      "c061",
      "c067",
      "c256",
      "c617",
      "c659",
      "c594",
      "c661",
      "c689",
      "c375",
      "c576",
      "c347",
      "c423",
      "c602",
      "c636",
      "c667",
      "c462",
      "c311",
      "c417",
      "c186",
      "c352",
      "c587",
      "c258",
      "c318",
      "c535",
      "c225",
      "c370",
      "c013",
      "c058",
      "c011",
      "c365",
      "c076",
      "c163",
      "c081",
      "c119",
      "c564",
      "c635",
      "c664",
      "c216",
      "c306",
      "c104",
      "c084",
      "c675",
      "c573",
      "c276",
      "c505",
      "c007",
      "c128",
      "c197",
      "c490",
      "c018",
      "c201",
      "c355",
      "c152",
      "c027",
      "c571",
      "c669",
      "c693",
      "c238",
      "c357",
      "c458",
      "c115",
      "c416",
      "c089",
      "c077",
      "c208",
      "c657",
      "c665",
      "c075",
      "c131",
      "c270",
      "c001",
      "c030",
      "c099",
      "c141",
      "c184",
      "c405",
      "c036",
      "c441",
      "c085",
      "c432",
      "c222",
      "c604",
      "c558",
      "c019",
      "c299",
      "c684",
      "c692",
      "c055",
      "c326",
      "c386",
      "c096",
      "c614",
      "c025",
      "c167",
      "c063",
      "c070",
      "c580",
      "c147",
      "c618",
      "c655",
      "c279",
      "c066",
      "c409",
      "c090",
      "c596",
      "c682",
      "c512",
      "c597",
      "c016",
      "c465",
      "c249",
      "c616",
      "c254",
      "c645",
      "c451",
      "c244",
      "c419",
      "c426",
      "c607",
      "c551",
      "c048",
      "c346",
      "c473",
      "c492",
      "c170",
      "c688",
      "c660",
      "c193",
      "c680",
      "c695",
      "c359",
      "c388",
      "c581",
      "c229",
      "c461",
      "c374",
      "c233",
      "c360",
      "c248",
      "c464",
      "c079",
      "c100",
      "c142",
      "c257",
      "c411",
      "c691",
      "c340",
      "c478",
      "c376",
      "c006",
      "c108",
      "c407",
      "c603",
      "c242",
      "c253",
      "c145",
      "c541",
      "c029",
      "c107",
      "c122",
      "c349",
      "c516",
      "c228",
      "c565",
      "c525",
      "c102",
      "c630",
      "c638",
      "c309",
      "c642",
      "c121",
      "c641",
      "c697",
      "c091",
      "c350",
      "c255",
      "c586",
      "c008",
      "c519",
      "c563"
    ]
  },
  "ordered_queues": {
    "edge-1": [
      "c032",
      "c033",
      "c044",
      "c051",
      "c174",
      "c322",
      "c363",
      "c449",
      "c528",
      "c588"
    ],
    "edge-2": [
      "c028",
      "c043",
      "c088",
      "c143",
      "c343",
      "c428",
      "c493",
      "c553",
      "c656"
    ],
    "edge-3": [
      "c003",
      "c112",
      "c180",
      "c199",
      "c214",
      "c220",
      "c265",
      "c296",
      "c321",
      "c508"
    ],
    "edge-4": [
      "c078",
      "c136",
      "c156",
      "c169",
      "c239",
      "c285",
      "c501",
      "c567",
      "c579"
    ],
    "edge-5": [
      "c198",
      "c262",
      "c327",
      "c356",
      "c424",
      "c439",
      "c474",
      "c521",
      "c534",
      "c550",
      "c560",
      "c624"
    ],
    "edge-6": [
      "c022",
      "c049",
      "c116",
      "c155",
      "c159",
      "c185",
      "c187",
      "c261",
      "c590",
      "c601",
      "c644"
    ],
    "edge-7": [
      "c050",
      "c062",
      "c073",
      "c114",
      "c566",
      "c575",
      "c610",
      "c632",
      "c639",
      "c687"
    ],
    "edge-8": [
      "c266",
      "c323",
      "c325",
      "c328",
      "c330",
      "c367",
      "c408",
      "c467",
      "c479",
      "c531"
    ]
  }
}
================================================================================
[RUN][K8s-CA] drtp_img88_cacheonly_0mb_800.json
{
  "summary": {
    "algo": "FG-DSCR-GC-K8sCA",
    "num_containers": 800,
    "num_scheduled_containers": 81,
    "num_nodes": 8,
    "failed_deployments": 719,
    "ca_penalty": 898.75,
    "ca_downloaded_mb": 333619,
    "ACT": 177.28719135802467,
    "AMS": 317.8515625,
    "downloaded_mb": 82863,
    "reused_mb": 0,
    "reuse_rate": 0.0,
    "objective_without_ca_penalty": 247.56937692901232,
    "objective": 1146.3193769290124
  },
  "assignment": {
    "edge-1": [
      "c408",
      "c467",
      "c479",
      "c531",
      "c588",
      "c590",
      "c624",
      "c114",
      "c116",
      "c187",
      "c169"
    ],
    "edge-2": [
      "c363",
      "c428",
      "c553",
      "c656",
      "c716",
      "c739",
      "c028",
      "c632",
      "c343"
    ],
    "edge-3": [
      "c033",
      "c044",
      "c051",
      "c751",
      "c449",
      "c174",
      "c239",
      "c296",
      "c043",
      "c328"
    ],
    "edge-4": [
      "c285",
      "c356",
      "c367",
      "c567",
      "c136",
      "c737",
      "c708",
      "c800",
      "c579"
    ],
    "edge-5": [
      "c199",
      "c214",
      "c220",
      "c112",
      "c143",
      "c180",
      "c322",
      "c321",
      "c265",
      "c323"
    ],
    "edge-6": [
      "c493",
      "c501",
      "c508",
      "c528",
      "c601",
      "c724",
      "c003",
      "c022",
      "c049",
      "c078"
    ],
    "edge-7": [
      "c327",
      "c424",
      "c439",
      "c474",
      "c521",
      "c534",
      "c550",
      "c560",
      "c566",
      "c088",
      "c261"
    ],
    "edge-8": [
      "c155",
      "c266",
      "c325",
      "c330",
      "c262",
      "c032",
      "c799",
      "c156",
      "c159",
      "c185",
      "c644"
    ],
    "__CA_GUARANTEE__": [
      "c575",
      "c610",
      "c639",
      "c687",
      "c720",
      "c793",
      "c050",
      "c062",
      "c073",
      "c087",
      "c101",
      "c151",
      "c166",
      "c191",
      "c198",
      "c211",
      "c245",
      "c260",
      "c267",
      "c277",
      "c292",
      "c294",
      "c297",
      "c304",
      "c307",
      "c308",
      "c310",
      "c315",
      "c316",
      "c317",
      "c361",
      "c381",
      "c383",
      "c431",
      "c502",
      "c503",
      "c507",
      "c514",
      "c520",
      "c524",
      "c543",
      "c557",
      "c577",
      "c595",
      "c600",
      "c619",
      "c627",
      "c686",
      "c755",
      "c775",
      "c776",
      "c791",
      "c005",
      "c015",
      "c041",
      "c095",
      "c129",
      "c158",
      "c175",
      "c205",
      "c230",
      "c240",
      "c241",
      "c251",
      "c252",
      "c272",
      "c281",
      "c302",
      "c341",
      "c351",
      "c353",
      "c391",
      "c406",
      "c421",
      "c430",
      "c433",
      "c446",
      "c456",
      "c468",
      "c469",
      "c526",
      "c537",
      "c572",
      "c584",
      "c650",
      "c666",
      "c685",
      "c746",
      "c783",
      "c787",
      "c009",
      "c012",
      "c053",
      "c083",
      "c132",
      "c171",
      "c183",
      "c189",
      "c200",
      "c203",
      "c217",
      "c219",
      "c280",
      "c334",
      "c378",
      "c392",
      "c401",
      "c413",
      "c445",
      "c498",
      "c510",
      "c545",
      "c589",
      "c591",
      "c611",
      "c621",
      "c628",
      "c629",
      "c678",
      "c694",
      "c730",
      "c753",
      "c761",
      "c068",
      "c154",
      "c264",
      "c283",
      "c459",
      "c463",
      "c562",
      "c717",
      "c782",
      "c071",
      "c336",
      "c020",
      "c109",
      "c065",
      "c324",
      "c384",
      "c396",
      "c434",
      "c605",
      "c663",
      "c037",
      "c148",
      "c153",
      "c177",
      "c179",
      "c268",
      "c454",
      "c770",
      "c418",
      "c425",
      "c447",
      "c452",
      "c606",
      "c649",
      "c658",
      "c042",
      "c046",
      "c140",
      "c247",
      "c303",
      "c420",
      "c662",
      "c683",
      "c733",
      "c135",
      "c437",
      "c654",
      "c105",
      "c138",
      "c489",
      "c711",
      "c725",
      "c574",
      "c623",
      "c196",
      "c271",
      "c633",
      "c652",
      "c287",
      "c111",
      "c740",
      "c763",
      "c436",
      "c677",
      "c221",
      "c620",
      "c671",
      "c681",
      "c726",
      "c093",
      "c236",
      "c291",
      "c470",
      "c599",
      "c354",
      "c578",
      "c640",
      "c707",
      "c728",
      "c798",
      "c195",
      "c497",
      "c475",
      "c120",
      "c054",
      "c123",
      "c393",
      "c701",
      "c742",
      "c781",
      "c164",
      "c345",
      "c485",
      "c552",
      "c555",
      "c609",
      "c643",
      "c714",
      "c727",
      "c014",
      "c059",
      "c457",
      "c546",
      "c598",
      "c653",
      "c698",
      "c767",
      "c103",
      "c246",
      "c282",
      "c500",
      "c554",
      "c651",
      "c706",
      "c794",
      "c031",
      "c106",
      "c771",
      "c790",
      "c332",
      "c161",
      "c593",
      "c721",
      "c774",
      "c305",
      "c414",
      "c072",
      "c400",
      "c547",
      "c741",
      "c181",
      "c215",
      "c371",
      "c585",
      "c631",
      "c762",
      "c226",
      "c415",
      "c429",
      "c523",
      "c504",
      "c583",
      "c477",
      "c710",
      "c082",
      "c092",
      "c160",
      "c368",
      "c529",
      "c544",
      "c668",
      "c731",
      "c772",
      "c047",
      "c366",
      "c612",
      "c634",
      "c779",
      "c026",
      "c094",
      "c202",
      "c412",
      "c427",
      "c444",
      "c481",
      "c622",
      "c017",
      "c290",
      "c382",
      "c637",
      "c057",
      "c615",
      "c110",
      "c506",
      "c052",
      "c404",
      "c038",
      "c515",
      "c797",
      "c625",
      "c188",
      "c385",
      "c204",
      "c213",
      "c460",
      "c480",
      "c064",
      "c069",
      "c227",
      "c024",
      "c387",
      "c592",
      "c712",
      "c293",
      "c538",
      "c118",
      "c097",
      "c165",
      "c379",
      "c556",
      "c699",
      "c745",
      "c060",
      "c339",
      "c438",
      "c455",
      "c146",
      "c023",
      "c395",
      "c673",
      "c705",
      "c472",
      "c286",
      "c010",
      "c127",
      "c348",
      "c144",
      "c224",
      "c243",
      "c295",
      "c362",
      "c483",
      "c173",
      "c178",
      "c288",
      "c402",
      "c442",
      "c702",
      "c338",
      "c398",
      "c723",
      "c752",
      "c795",
      "c335",
      "c722",
      "c476",
      "c394",
      "c486",
      "c495",
      "c670",
      "c758",
      "c168",
      "c273",
      "c364",
      "c496",
      "c509",
      "c435",
      "c453",
      "c471",
      "c494",
      "c162",
      "c482",
      "c568",
      "c676",
      "c777",
      "c369",
      "c218",
      "c289",
      "c035",
      "c533",
      "c743",
      "c176",
      "c207",
      "c284",
      "c373",
      "c549",
      "c648",
      "c679",
      "c735",
      "c784",
      "c789",
      "c125",
      "c210",
      "c231",
      "c234",
      "c329",
      "c488",
      "c674",
      "c212",
      "c275",
      "c372",
      "c518",
      "c626",
      "c715",
      "c056",
      "c301",
      "c390",
      "c484",
      "c696",
      "c750",
      "c540",
      "c298",
      "c300",
      "c086",
      "c040",
      "c450",
      "c133",
      "c548",
      "c034",
      "c182",
      "c320",
      "c559",
      "c672",
      "c736",
      "c232",
      "c314",
      "c729",
      "c570",
      "c134",
      "c278",
      "c744",
      "c117",
      "c342",
      "c074",
      "c397",
      "c209",
      "c337",
      "c487",
      "c542",
      "c754",
      "c766",
      "c126",
      "c235",
      "c333",
      "c344",
      "c491",
      "c569",
      "c192",
      "c734",
      "c002",
      "c172",
      "c080",
      "c274",
      "c149",
      "c536",
      "c647",
      "c690",
      "c440",
      "c004",
      "c157",
      "c331",
      "c377",
      "c646",
      "c150",
      "c259",
      "c312",
      "c403",
      "c448",
      "c561",
      "c764",
      "c780",
      "c039",
      "c269",
      "c582",
      "c532",
      "c319",
      "c792",
      "c194",
      "c499",
      "c517",
      "c137",
      "c422",
      "c732",
      "c530",
      "c380",
      "c443",
      "c045",
      "c399",
      "c786",
      "c098",
      "c358",
      "c608",
      "c700",
      "c313",
      "c511",
      "c021",
      "c527",
      "c190",
      "c206",
      "c539",
      "c765",
      "c747",
      "c410",
      "c788",
      "c124",
      "c389",
      "c513",
      "c522",
      "c113",
      "c139",
      "c250",
      "c713",
      "c237",
      "c738",
      "c263",
      "c613",
      "c223",
      "c466",
      "c130",
      "c061",
      "c067",
      "c256",
      "c617",
      "c659",
      "c594",
      "c661",
      "c689",
      "c375",
      "c709",
      "c576",
      "c347",
      "c423",
      "c602",
      "c636",
      "c667",
      "c462",
      "c311",
      "c417",
      "c186",
      "c352",
      "c587",
      "c258",
      "c318",
      "c535",
      "c225",
      "c370",
      "c013",
      "c058",
      "c011",
      "c365",
      "c076",
      "c163",
      "c081",
      "c119",
      "c564",
      "c635",
      "c664",
      "c216",
      "c306",
      "c104",
      "c084",
      "c675",
      "c573",
      "c276",
      "c505",
      "c007",
      "c128",
      "c197",
      "c490",
      "c018",
      "c201",
      "c355",
      "c152",
      "c027",
      "c749",
      "c571",
      "c669",
      "c693",
      "c238",
      "c357",
      "c458",
      "c773",
      "c115",
      "c416",
      "c089",
      "c760",
      "c077",
      "c208",
      "c657",
      "c665",
      "c075",
      "c131",
      "c270",
      "c001",
      "c030",
      "c099",
      "c778",
      "c141",
      "c184",
      "c405",
      "c036",
      "c441",
      "c719",
      "c085",
      "c432",
      "c222",
      "c604",
      "c558",
      "c019",
      "c299",
      "c684",
      "c692",
      "c748",
      "c055",
      "c768",
      "c326",
      "c386",
      "c096",
      "c614",
      "c025",
      "c167",
      "c718",
      "c063",
      "c070",
      "c580",
      "c147",
      "c618",
      "c655",
      "c279",
      "c066",
      "c409",
      "c759",
      "c090",
      "c596",
      "c682",
      "c512",
      "c597",
      "c016",
      "c465",
      "c703",
      "c249",
      "c616",
      "c254",
      "c645",
      "c451",
      "c244",
      "c419",
      "c426",
      "c607",
      "c551",
      "c048",
      "c756",
      "c346",
      "c473",
      "c492",
      "c170",
      "c688",
      "c796",
      "c660",
      "c193",
      "c680",
      "c695",
      "c359",
      "c388",
      "c581",
      "c769",
      "c229",
      "c461",
      "c374",
      "c233",
      "c360",
      "c248",
      "c464",
      "c079",
      "c100",
      "c142",
      "c257",
      "c411",
      "c691",
      "c757",
      "c340",
      "c478",
      "c376",
      "c006",
      "c108",
      "c407",
      "c603",
      "c242",
      "c253",
      "c145",
      "c541",
      "c785",
      "c029",
      "c107",
      "c122",
      "c349",
      "c516",
      "c228",
      "c565",
      "c525",
      "c102",
      "c630",
      "c638",
      "c309",
      "c642",
      "c121",
      "c641",
      "c697",
      "c091",
      "c350",
      "c255",
      "c586",
      "c008",
      "c519",
      "c563",
      "c704"
    ]
  },
  "ordered_queues": {
    "edge-1": [
      "c114",
      "c116",
      "c169",
      "c187",
      "c408",
      "c467",
      "c479",
      "c531",
      "c588",
      "c590",
      "c624"
    ],
    "edge-2": [
      "c028",
      "c343",
      "c363",
      "c428",
      "c553",
      "c632",
      "c656",
      "c716",
      "c739"
    ],
    "edge-3": [
      "c033",
      "c043",
      "c044",
      "c051",
      "c174",
      "c239",
      "c296",
      "c328",
      "c449",
      "c751"
    ],
    "edge-4": [
      "c136",
      "c285",
      "c356",
      "c367",
      "c567",
      "c579",
      "c708",
      "c737",
      "c800"
    ],
    "edge-5": [
      "c112",
      "c143",
      "c180",
      "c199",
      "c214",
      "c220",
      "c265",
      "c321",
      "c322",
      "c323"
    ],
    "edge-6": [
      "c003",
      "c022",
      "c049",
      "c078",
      "c493",
      "c501",
      "c508",
      "c528",
      "c601",
      "c724"
    ],
    "edge-7": [
      "c088",
      "c261",
      "c327",
      "c424",
      "c439",
      "c474",
      "c521",
      "c534",
      "c550",
      "c560",
      "c566"
    ],
    "edge-8": [
      "c032",
      "c155",
      "c156",
      "c159",
      "c185",
      "c262",
      "c266",
      "c325",
      "c330",
      "c644",
      "c799"
    ]
  }
}
================================================================================
[RUN][K8s-CA] drtp_img88_cacheonly_0mb_900.json
{
  "summary": {
    "algo": "FG-DSCR-GC-K8sCA",
    "num_containers": 900,
    "num_scheduled_containers": 78,
    "num_nodes": 8,
    "failed_deployments": 822,
    "ca_penalty": 913.3333333333334,
    "ca_downloaded_mb": 383994,
    "ACT": 170.40576923076924,
    "AMS": 306.490625,
    "downloaded_mb": 79794,
    "reused_mb": 0,
    "reuse_rate": 0.0,
    "objective_without_ca_penalty": 238.44819711538463,
    "objective": 1151.781530448718
  },
  "assignment": {
    "edge-1": [
      "c408",
      "c531",
      "c848",
      "c033",
      "c051",
      "c841",
      "c501",
      "c022",
      "c322",
      "c343"
    ],
    "edge-2": [
      "c328",
      "c330",
      "c367",
      "c579",
      "c078",
      "c136",
      "c044",
      "c890"
    ],
    "edge-3": [
      "c032",
      "c116",
      "c156",
      "c159",
      "c169",
      "c185",
      "c739",
      "c816",
      "c296",
      "c363"
    ],
    "edge-4": [
      "c851",
      "c855",
      "c028",
      "c043",
      "c088",
      "c174",
      "c180",
      "c321",
      "c553"
    ],
    "edge-5": [
      "c588",
      "c590",
      "c624",
      "c644",
      "c708",
      "c737",
      "c799",
      "c800",
      "c829",
      "c143"
    ],
    "edge-6": [
      "c449",
      "c493",
      "c508",
      "c528",
      "c601",
      "c724",
      "c716",
      "c428",
      "c656"
    ],
    "edge-7": [
      "c187",
      "c199",
      "c214",
      "c220",
      "c262",
      "c285",
      "c327",
      "c356",
      "c424",
      "c534"
    ],
    "edge-8": [
      "c003",
      "c049",
      "c155",
      "c239",
      "c261",
      "c265",
      "c266",
      "c323",
      "c479",
      "c325",
      "c467",
      "c567"
    ],
    "__CA_GUARANTEE__": [
      "c439",
      "c474",
      "c521",
      "c550",
      "c560",
      "c566",
      "c575",
      "c610",
      "c632",
      "c639",
      "c687",
      "c720",
      "c751",
      "c793",
      "c854",
      "c866",
      "c886",
      "c900",
      "c050",
      "c062",
      "c073",
      "c087",
      "c101",
      "c112",
      "c114",
      "c151",
      "c166",
      "c191",
      "c198",
      "c211",
      "c245",
      "c260",
      "c267",
      "c277",
      "c292",
      "c294",
      "c297",
      "c304",
      "c307",
      "c308",
      "c310",
      "c315",
      "c316",
      "c317",
      "c361",
      "c381",
      "c383",
      "c431",
      "c502",
      "c503",
      "c507",
      "c514",
      "c520",
      "c524",
      "c543",
      "c557",
      "c577",
      "c595",
      "c600",
      "c619",
      "c627",
      "c686",
      "c755",
      "c775",
      "c776",
      "c791",
      "c801",
      "c839",
      "c893",
      "c005",
      "c015",
      "c041",
      "c095",
      "c129",
      "c158",
      "c175",
      "c205",
      "c230",
      "c240",
      "c241",
      "c251",
      "c252",
      "c272",
      "c281",
      "c302",
      "c341",
      "c351",
      "c353",
      "c391",
      "c406",
      "c421",
      "c430",
      "c433",
      "c446",
      "c456",
      "c468",
      "c469",
      "c526",
      "c537",
      "c572",
      "c584",
      "c650",
      "c666",
      "c685",
      "c746",
      "c783",
      "c787",
      "c809",
      "c810",
      "c821",
      "c849",
      "c891",
      "c009",
      "c012",
      "c053",
      "c083",
      "c132",
      "c171",
      "c183",
      "c189",
      "c200",
      "c203",
      "c217",
      "c219",
      "c280",
      "c334",
      "c378",
      "c392",
      "c401",
      "c413",
      "c445",
      "c498",
      "c510",
      "c545",
      "c589",
      "c591",
      "c611",
      "c621",
      "c628",
      "c629",
      "c678",
      "c694",
      "c730",
      "c753",
      "c761",
      "c805",
      "c864",
      "c068",
      "c154",
      "c264",
      "c283",
      "c459",
      "c463",
      "c562",
      "c717",
      "c782",
      "c844",
      "c871",
      "c071",
      "c336",
      "c020",
      "c109",
      "c065",
      "c324",
      "c384",
      "c396",
      "c434",
      "c605",
      "c663",
      "c897",
      "c037",
      "c148",
      "c153",
      "c177",
      "c179",
      "c268",
      "c454",
      "c770",
      "c804",
      "c814",
      "c418",
      "c425",
      "c447",
      "c452",
      "c606",
      "c649",
      "c658",
      "c042",
      "c046",
      "c140",
      "c247",
      "c303",
      "c420",
      "c662",
      "c683",
      "c733",
      "c882",
      "c135",
      "c437",
      "c654",
      "c876",
      "c105",
      "c138",
      "c489",
      "c711",
      "c725",
      "c574",
      "c623",
      "c196",
      "c271",
      "c633",
      "c652",
      "c287",
      "c111",
      "c740",
      "c763",
      "c436",
      "c677",
      "c221",
      "c620",
      "c671",
      "c681",
      "c726",
      "c858",
      "c093",
      "c236",
      "c291",
      "c470",
      "c599",
      "c354",
      "c578",
      "c640",
      "c707",
      "c728",
      "c798",
      "c195",
      "c497",
      "c475",
      "c120",
      "c054",
      "c123",
      "c393",
      "c701",
      "c742",
      "c781",
      "c853",
      "c164",
      "c345",
      "c485",
      "c552",
      "c555",
      "c609",
      "c643",
      "c714",
      "c727",
      "c834",
      "c014",
      "c059",
      "c457",
      "c546",
      "c598",
      "c653",
      "c698",
      "c767",
      "c103",
      "c246",
      "c282",
      "c500",
      "c554",
      "c651",
      "c706",
      "c794",
      "c031",
      "c106",
      "c771",
      "c790",
      "c888",
      "c332",
      "c161",
      "c593",
      "c721",
      "c774",
      "c305",
      "c414",
      "c072",
      "c400",
      "c547",
      "c741",
      "c828",
      "c181",
      "c215",
      "c371",
      "c585",
      "c631",
      "c762",
      "c831",
      "c838",
      "c226",
      "c415",
      "c429",
      "c523",
      "c857",
      "c504",
      "c583",
      "c477",
      "c710",
      "c082",
      "c092",
      "c160",
      "c368",
      "c529",
      "c544",
      "c668",
      "c731",
      "c772",
      "c806",
      "c899",
      "c047",
      "c366",
      "c612",
      "c634",
      "c779",
      "c026",
      "c094",
      "c202",
      "c412",
      "c427",
      "c444",
      "c481",
      "c622",
      "c845",
      "c017",
      "c290",
      "c382",
      "c637",
      "c057",
      "c615",
      "c110",
      "c506",
      "c052",
      "c404",
      "c856",
      "c038",
      "c515",
      "c797",
      "c625",
      "c188",
      "c385",
      "c824",
      "c204",
      "c213",
      "c460",
      "c480",
      "c873",
      "c064",
      "c069",
      "c227",
      "c811",
      "c024",
      "c387",
      "c592",
      "c712",
      "c293",
      "c538",
      "c118",
      "c097",
      "c165",
      "c379",
      "c556",
      "c699",
      "c745",
      "c060",
      "c339",
      "c438",
      "c455",
      "c889",
      "c146",
      "c840",
      "c023",
      "c395",
      "c673",
      "c705",
      "c472",
      "c286",
      "c010",
      "c127",
      "c348",
      "c144",
      "c224",
      "c243",
      "c295",
      "c362",
      "c483",
      "c173",
      "c178",
      "c288",
      "c402",
      "c442",
      "c702",
      "c338",
      "c398",
      "c723",
      "c752",
      "c795",
      "c335",
      "c722",
      "c476",
      "c394",
      "c486",
      "c495",
      "c670",
      "c758",
      "c168",
      "c273",
      "c364",
      "c496",
      "c509",
      "c835",
      "c850",
      "c435",
      "c453",
      "c471",
      "c494",
      "c162",
      "c482",
      "c568",
      "c676",
      "c777",
      "c369",
      "c833",
      "c218",
      "c289",
      "c035",
      "c533",
      "c743",
      "c863",
      "c176",
      "c207",
      "c284",
      "c373",
      "c549",
      "c648",
      "c679",
      "c735",
      "c784",
      "c789",
      "c125",
      "c210",
      "c231",
      "c234",
      "c329",
      "c488",
      "c674",
      "c830",
      "c867",
      "c212",
      "c275",
      "c372",
      "c518",
      "c626",
      "c715",
      "c815",
      "c056",
      "c301",
      "c390",
      "c484",
      "c696",
      "c750",
      "c540",
      "c298",
      "c300",
      "c887",
      "c086",
      "c040",
      "c450",
      "c133",
      "c548",
      "c034",
      "c182",
      "c320",
      "c559",
      "c672",
      "c736",
      "c823",
      "c232",
      "c314",
      "c729",
      "c570",
      "c134",
      "c278",
      "c744",
      "c117",
      "c342",
      "c074",
      "c397",
      "c209",
      "c818",
      "c337",
      "c487",
      "c542",
      "c754",
      "c766",
      "c126",
      "c235",
      "c333",
      "c344",
      "c491",
      "c569",
      "c192",
      "c734",
      "c002",
      "c172",
      "c825",
      "c080",
      "c274",
      "c149",
      "c536",
      "c647",
      "c862",
      "c690",
      "c440",
      "c004",
      "c157",
      "c331",
      "c377",
      "c646",
      "c832",
      "c150",
      "c259",
      "c312",
      "c403",
      "c448",
      "c561",
      "c764",
      "c780",
      "c039",
      "c269",
      "c582",
      "c532",
      "c319",
      "c792",
      "c194",
      "c499",
      "c517",
      "c885",
      "c137",
      "c422",
      "c732",
      "c530",
      "c380",
      "c443",
      "c045",
      "c399",
      "c786",
      "c098",
      "c860",
      "c358",
      "c608",
      "c700",
      "c313",
      "c511",
      "c877",
      "c021",
      "c527",
      "c190",
      "c206",
      "c539",
      "c892",
      "c765",
      "c747",
      "c410",
      "c788",
      "c820",
      "c124",
      "c389",
      "c513",
      "c522",
      "c852",
      "c895",
      "c113",
      "c139",
      "c250",
      "c713",
      "c898",
      "c237",
      "c738",
      "c263",
      "c613",
      "c878",
      "c223",
      "c466",
      "c802",
      "c827",
      "c894",
      "c130",
      "c061",
      "c067",
      "c256",
      "c617",
      "c659",
      "c594",
      "c661",
      "c689",
      "c375",
      "c709",
      "c847",
      "c576",
      "c347",
      "c813",
      "c875",
      "c423",
      "c602",
      "c636",
      "c667",
      "c812",
      "c883",
      "c462",
      "c881",
      "c311",
      "c417",
      "c186",
      "c352",
      "c587",
      "c258",
      "c318",
      "c535",
      "c225",
      "c370",
      "c013",
      "c058",
      "c011",
      "c365",
      "c076",
      "c163",
      "c081",
      "c119",
      "c836",
      "c564",
      "c635",
      "c664",
      "c880",
      "c216",
      "c306",
      "c879",
      "c104",
      "c084",
      "c861",
      "c675",
      "c573",
      "c870",
      "c276",
      "c505",
      "c007",
      "c128",
      "c843",
      "c197",
      "c490",
      "c018",
      "c201",
      "c355",
      "c152",
      "c027",
      "c749",
      "c571",
      "c874",
      "c669",
      "c693",
      "c238",
      "c803",
      "c357",
      "c458",
      "c773",
      "c115",
      "c416",
      "c089",
      "c760",
      "c077",
      "c208",
      "c657",
      "c665",
      "c075",
      "c131",
      "c270",
      "c001",
      "c030",
      "c099",
      "c778",
      "c141",
      "c822",
      "c184",
      "c405",
      "c036",
      "c441",
      "c719",
      "c085",
      "c432",
      "c222",
      "c604",
      "c558",
      "c019",
      "c299",
      "c684",
      "c692",
      "c846",
      "c869",
      "c748",
      "c055",
      "c819",
      "c768",
      "c326",
      "c386",
      "c096",
      "c614",
      "c025",
      "c167",
      "c718",
      "c837",
      "c063",
      "c070",
      "c580",
      "c147",
      "c618",
      "c865",
      "c655",
      "c279",
      "c826",
      "c066",
      "c409",
      "c759",
      "c090",
      "c596",
      "c682",
      "c512",
      "c597",
      "c016",
      "c465",
      "c703",
      "c249",
      "c616",
      "c254",
      "c645",
      "c451",
      "c244",
      "c419",
      "c426",
      "c607",
      "c551",
      "c048",
      "c756",
      "c346",
      "c473",
      "c492",
      "c872",
      "c170",
      "c688",
      "c796",
      "c660",
      "c193",
      "c680",
      "c695",
      "c359",
      "c388",
      "c859",
      "c581",
      "c769",
      "c229",
      "c461",
      "c374",
      "c233",
      "c360",
      "c248",
      "c464",
      "c079",
      "c100",
      "c142",
      "c257",
      "c411",
      "c691",
      "c757",
      "c340",
      "c478",
      "c376",
      "c006",
      "c108",
      "c407",
      "c603",
      "c817",
      "c242",
      "c253",
      "c145",
      "c541",
      "c785",
      "c029",
      "c107",
      "c122",
      "c349",
      "c516",
      "c228",
      "c565",
      "c525",
      "c842",
      "c102",
      "c630",
      "c638",
      "c309",
      "c642",
      "c121",
      "c641",
      "c697",
      "c884",
      "c091",
      "c350",
      "c255",
      "c586",
      "c808",
      "c896",
      "c008",
      "c519",
      "c868",
      "c563",
      "c807",
      "c704"
    ]
  },
  "ordered_queues": {
    "edge-1": [
      "c022",
      "c033",
      "c051",
      "c322",
      "c343",
      "c408",
      "c501",
      "c531",
      "c841",
      "c848"
    ],
    "edge-2": [
      "c044",
      "c078",
      "c136",
      "c328",
      "c330",
      "c367",
      "c579",
      "c890"
    ],
    "edge-3": [
      "c032",
      "c116",
      "c156",
      "c159",
      "c169",
      "c185",
      "c296",
      "c363",
      "c739",
      "c816"
    ],
    "edge-4": [
      "c028",
      "c043",
      "c088",
      "c174",
      "c180",
      "c321",
      "c553",
      "c851",
      "c855"
    ],
    "edge-5": [
      "c143",
      "c588",
      "c590",
      "c624",
      "c644",
      "c708",
      "c737",
      "c799",
      "c800",
      "c829"
    ],
    "edge-6": [
      "c428",
      "c449",
      "c493",
      "c508",
      "c528",
      "c601",
      "c656",
      "c716",
      "c724"
    ],
    "edge-7": [
      "c187",
      "c199",
      "c214",
      "c220",
      "c262",
      "c285",
      "c327",
      "c356",
      "c424",
      "c534"
    ],
    "edge-8": [
      "c003",
      "c049",
      "c155",
      "c239",
      "c261",
      "c265",
      "c266",
      "c323",
      "c325",
      "c467",
      "c479",
      "c567"
    ]
  }
}
================================================================================
[RUN][K8s-CA] drtp_img88_cacheonly_1024mb_1000.json
{
  "summary": {
    "algo": "FG-DSCR-GC-K8sCA",
    "num_containers": 1000,
    "num_scheduled_containers": 78,
    "num_nodes": 8,
    "failed_deployments": 922,
    "ca_penalty": 922.0,
    "ca_downloaded_mb": 435887,
    "ACT": 104.6724358974359,
    "AMS": 174.91874999999996,
    "downloaded_mb": 8184,
    "reused_mb": 71610,
    "reuse_rate": 0.8974358974358975,
    "objective_without_ca_penalty": 139.79559294871794,
    "objective": 1061.795592948718
  },
  "assignment": {
    "edge-1": [
      "c848",
      "c032",
      "c033",
      "c044",
      "c262",
      "c716",
      "c739",
      "c428",
      "c261",
      "c143"
    ],
    "edge-2": [
      "c156",
      "c169",
      "c567",
      "c579",
      "c800",
      "c328",
      "c330",
      "c367"
    ],
    "edge-3": [
      "c159",
      "c185",
      "c187",
      "c199",
      "c214",
      "c534",
      "c322",
      "c501",
      "c174",
      "c656"
    ],
    "edge-4": [
      "c851",
      "c855",
      "c028",
      "c043",
      "c088",
      "c180",
      "c321",
      "c116",
      "c363"
    ],
    "edge-5": [
      "c239",
      "c265",
      "c266",
      "c323",
      "c325",
      "c408",
      "c467",
      "c550",
      "c799",
      "c890",
      "c943",
      "c479"
    ],
    "edge-6": [
      "c449",
      "c508",
      "c528",
      "c601",
      "c724",
      "c051",
      "c553",
      "c296",
      "c816"
    ],
    "edge-7": [
      "c531",
      "c588",
      "c590",
      "c624",
      "c644",
      "c708",
      "c737",
      "c829",
      "c343",
      "c493"
    ],
    "edge-8": [
      "c841",
      "c944",
      "c961",
      "c965",
      "c003",
      "c022",
      "c049",
      "c078",
      "c136",
      "c155"
    ],
    "__CA_GUARANTEE__": [
      "c220",
      "c285",
      "c327",
      "c356",
      "c424",
      "c439",
      "c474",
      "c521",
      "c560",
      "c566",
      "c575",
      "c610",
      "c632",
      "c639",
      "c687",
      "c720",
      "c751",
      "c793",
      "c854",
      "c866",
      "c886",
      "c900",
      "c939",
      "c050",
      "c062",
      "c073",
      "c087",
      "c101",
      "c112",
      "c114",
      "c151",
      "c166",
      "c191",
      "c198",
      "c211",
      "c245",
      "c260",
      "c267",
      "c277",
      "c292",
      "c294",
      "c297",
      "c304",
      "c307",
      "c308",
      "c310",
      "c315",
      "c316",
      "c317",
      "c361",
      "c381",
      "c383",
      "c431",
      "c502",
      "c503",
      "c507",
      "c514",
      "c520",
      "c524",
      "c543",
      "c557",
      "c577",
      "c595",
      "c600",
      "c619",
      "c627",
      "c686",
      "c755",
      "c775",
      "c776",
      "c791",
      "c801",
      "c839",
      "c893",
      "c909",
      "c938",
      "c941",
      "c977",
      "c1000",
      "c005",
      "c015",
      "c041",
      "c095",
      "c129",
      "c158",
      "c175",
      "c205",
      "c230",
      "c240",
      "c241",
      "c251",
      "c252",
      "c272",
      "c281",
      "c302",
      "c341",
      "c351",
      "c353",
      "c391",
      "c406",
      "c421",
      "c430",
      "c433",
      "c446",
      "c456",
      "c468",
      "c469",
      "c526",
      "c537",
      "c572",
      "c584",
      "c650",
      "c666",
      "c685",
      "c746",
      "c783",
      "c787",
      "c809",
      "c810",
      "c821",
      "c849",
      "c891",
      "c926",
      "c934",
      "c975",
      "c997",
      "c009",
      "c012",
      "c053",
      "c083",
      "c132",
      "c171",
      "c183",
      "c189",
      "c200",
      "c203",
      "c217",
      "c219",
      "c280",
      "c334",
      "c378",
      "c392",
      "c401",
      "c413",
      "c445",
      "c498",
      "c510",
      "c545",
      "c589",
      "c591",
      "c611",
      "c621",
      "c628",
      "c629",
      "c678",
      "c694",
      "c730",
      "c753",
      "c761",
      "c805",
      "c864",
      "c927",
      "c949",
      "c966",
      "c969",
      "c971",
      "c992",
      "c068",
      "c154",
      "c264",
      "c283",
      "c459",
      "c463",
      "c562",
      "c717",
      "c782",
      "c844",
      "c871",
      "c930",
      "c959",
      "c984",
      "c995",
      "c999",
      "c071",
      "c336",
      "c981",
      "c020",
      "c109",
      "c065",
      "c324",
      "c384",
      "c396",
      "c434",
      "c605",
      "c663",
      "c897",
      "c037",
      "c148",
      "c153",
      "c177",
      "c179",
      "c268",
      "c454",
      "c770",
      "c804",
      "c814",
      "c933",
      "c418",
      "c425",
      "c447",
      "c452",
      "c606",
      "c649",
      "c658",
      "c042",
      "c046",
      "c140",
      "c247",
      "c303",
      "c420",
      "c662",
      "c683",
      "c733",
      "c882",
      "c991",
      "c135",
      "c437",
      "c654",
      "c876",
      "c996",
      "c105",
      "c138",
      "c489",
      "c711",
      "c725",
      "c574",
      "c623",
      "c196",
      "c271",
      "c633",
      "c652",
      "c917",
      "c989",
      "c287",
      "c111",
      "c740",
      "c763",
      "c912",
      "c436",
      "c677",
      "c908",
      "c221",
      "c620",
      "c671",
      "c681",
      "c726",
      "c858",
      "c937",
      "c093",
      "c236",
      "c291",
      "c470",
      "c599",
      "c354",
      "c578",
      "c640",
      "c707",
      "c728",
      "c798",
      "c951",
      "c195",
      "c497",
      "c924",
      "c475",
      "c994",
      "c120",
      "c054",
      "c123",
      "c393",
      "c701",
      "c742",
      "c781",
      "c853",
      "c164",
      "c345",
      "c485",
      "c552",
      "c555",
      "c609",
      "c643",
      "c714",
      "c727",
      "c834",
      "c929",
      "c014",
      "c059",
      "c457",
      "c546",
      "c598",
      "c653",
      "c698",
      "c767",
      "c940",
      "c103",
      "c246",
      "c282",
      "c500",
      "c554",
      "c651",
      "c706",
      "c794",
      "c942",
      "c031",
      "c106",
      "c771",
      "c790",
      "c888",
      "c332",
      "c161",
      "c925",
      "c593",
      "c721",
      "c774",
      "c901",
      "c305",
      "c414",
      "c983",
      "c072",
      "c400",
      "c547",
      "c741",
      "c828",
      "c950",
      "c181",
      "c215",
      "c371",
      "c585",
      "c631",
      "c762",
      "c831",
      "c838",
      "c915",
      "c970",
      "c226",
      "c415",
      "c429",
      "c523",
      "c857",
      "c988",
      "c504",
      "c583",
      "c477",
      "c710",
      "c082",
      "c092",
      "c160",
      "c368",
      "c529",
      "c544",
      "c668",
      "c731",
      "c772",
      "c806",
      "c899",
      "c986",
      "c047",
      "c366",
      "c612",
      "c634",
      "c779",
      "c905",
      "c026",
      "c094",
      "c202",
      "c412",
      "c427",
      "c444",
      "c481",
      "c622",
      "c845",
      "c017",
      "c290",
      "c382",
      "c637",
      "c904",
      "c952",
      "c979",
      "c057",
      "c615",
      "c110",
      "c506",
      "c052",
      "c404",
      "c856",
      "c038",
      "c515",
      "c797",
      "c625",
      "c188",
      "c385",
      "c824",
      "c204",
      "c213",
      "c460",
      "c480",
      "c873",
      "c064",
      "c069",
      "c227",
      "c811",
      "c024",
      "c387",
      "c592",
      "c712",
      "c293",
      "c538",
      "c118",
      "c097",
      "c165",
      "c379",
      "c556",
      "c699",
      "c745",
      "c060",
      "c339",
      "c438",
      "c455",
      "c889",
      "c920",
      "c146",
      "c840",
      "c964",
      "c972",
      "c023",
      "c395",
      "c673",
      "c705",
      "c472",
      "c286",
      "c010",
      "c127",
      "c348",
      "c913",
      "c144",
      "c224",
      "c243",
      "c295",
      "c362",
      "c483",
      "c173",
      "c178",
      "c288",
      "c402",
      "c442",
      "c702",
      "c338",
      "c398",
      "c723",
      "c752",
      "c795",
      "c935",
      "c335",
      "c722",
      "c476",
      "c902",
      "c394",
      "c486",
      "c495",
      "c670",
      "c758",
      "c168",
      "c273",
      "c364",
      "c496",
      "c509",
      "c835",
      "c850",
      "c907",
      "c985",
      "c435",
      "c453",
      "c471",
      "c494",
      "c936",
      "c958",
      "c162",
      "c482",
      "c568",
      "c676",
      "c777",
      "c369",
      "c833",
      "c218",
      "c289",
      "c035",
      "c533",
      "c743",
      "c863",
      "c176",
      "c207",
      "c284",
      "c373",
      "c549",
      "c648",
      "c679",
      "c735",
      "c784",
      "c789",
      "c993",
      "c125",
      "c210",
      "c231",
      "c234",
      "c329",
      "c488",
      "c674",
      "c830",
      "c867",
      "c923",
      "c212",
      "c275",
      "c372",
      "c518",
      "c626",
      "c715",
      "c815",
      "c056",
      "c301",
      "c390",
      "c484",
      "c696",
      "c750",
      "c973",
      "c540",
      "c906",
      "c976",
      "c298",
      "c300",
      "c887",
      "c086",
      "c040",
      "c450",
      "c133",
      "c548",
      "c034",
      "c182",
      "c320",
      "c559",
      "c672",
      "c736",
      "c823",
      "c919",
      "c232",
      "c314",
      "c729",
      "c918",
      "c570",
      "c134",
      "c278",
      "c744",
      "c117",
      "c342",
      "c074",
      "c397",
      "c916",
      "c209",
      "c818",
      "c945",
      "c337",
      "c487",
      "c542",
      "c754",
      "c766",
      "c126",
      "c235",
      "c333",
      "c344",
      "c491",
      "c569",
      "c192",
      "c948",
      "c734",
      "c002",
      "c172",
      "c825",
      "c080",
      "c274",
      "c149",
      "c536",
      "c647",
      "c862",
      "c690",
      "c440",
      "c004",
      "c157",
      "c331",
      "c377",
      "c646",
      "c832",
      "c150",
      "c259",
      "c312",
      "c403",
      "c448",
      "c561",
      "c764",
      "c780",
      "c039",
      "c269",
      "c582",
      "c532",
      "c319",
      "c792",
      "c194",
      "c499",
      "c517",
      "c885",
      "c137",
      "c422",
      "c732",
      "c530",
      "c380",
      "c443",
      "c045",
      "c399",
      "c786",
      "c098",
      "c860",
      "c358",
      "c608",
      "c700",
      "c313",
      "c511",
      "c877",
      "c021",
      "c527",
      "c998",
      "c190",
      "c206",
      "c539",
      "c892",
      "c765",
      "c747",
      "c410",
      "c788",
      "c820",
      "c124",
      "c389",
      "c513",
      "c522",
      "c852",
      "c895",
      "c953",
      "c113",
      "c139",
      "c250",
      "c713",
      "c898",
      "c237",
      "c738",
      "c263",
      "c613",
      "c878",
      "c931",
      "c223",
      "c466",
      "c802",
      "c827",
      "c894",
      "c130",
      "c061",
      "c067",
      "c256",
      "c617",
      "c659",
      "c932",
      "c978",
      "c594",
      "c661",
      "c689",
      "c375",
      "c914",
      "c709",
      "c847",
      "c576",
      "c347",
      "c813",
      "c875",
      "c423",
      "c602",
      "c636",
      "c667",
      "c812",
      "c883",
      "c462",
      "c881",
      "c311",
      "c417",
      "c186",
      "c352",
      "c587",
      "c258",
      "c318",
      "c535",
      "c225",
      "c370",
      "c013",
      "c058",
      "c011",
      "c365",
      "c922",
      "c076",
      "c163",
      "c081",
      "c119",
      "c836",
      "c564",
      "c635",
      "c664",
      "c880",
      "c216",
      "c982",
      "c306",
      "c879",
      "c104",
      "c084",
      "c861",
      "c675",
      "c573",
      "c870",
      "c276",
      "c967",
      "c505",
      "c007",
      "c128",
      "c843",
      "c197",
      "c490",
      "c018",
      "c201",
      "c954",
      "c355",
      "c152",
      "c027",
      "c749",
      "c571",
      "c874",
      "c669",
      "c693",
      "c911",
      "c238",
      "c803",
      "c357",
      "c458",
      "c773",
      "c903",
      "c115",
      "c416",
      "c089",
      "c760",
      "c077",
      "c208",
      "c657",
      "c665",
      "c075",
      "c131",
      "c270",
      "c001",
      "c030",
      "c099",
      "c778",
      "c141",
      "c963",
      "c822",
      "c990",
      "c184",
      "c405",
      "c036",
      "c441",
      "c719",
      "c085",
      "c432",
      "c222",
      "c604",
      "c558",
      "c019",
      "c299",
      "c684",
      "c692",
      "c846",
      "c869",
      "c748",
      "c055",
      "c819",
      "c768",
      "c326",
      "c386",
      "c096",
      "c614",
      "c025",
      "c167",
      "c718",
      "c837",
      "c063",
      "c070",
      "c580",
      "c147",
      "c618",
      "c865",
      "c655",
      "c279",
      "c826",
      "c066",
      "c409",
      "c759",
      "c090",
      "c596",
      "c682",
      "c512",
      "c597",
      "c016",
      "c465",
      "c703",
      "c249",
      "c616",
      "c254",
      "c645",
      "c451",
      "c244",
      "c419",
      "c426",
      "c607",
      "c921",
      "c551",
      "c048",
      "c756",
      "c346",
      "c473",
      "c492",
      "c956",
      "c872",
      "c170",
      "c688",
      "c796",
      "c660",
      "c968",
      "c974",
      "c193",
      "c680",
      "c695",
      "c359",
      "c388",
      "c859",
      "c947",
      "c581",
      "c769",
      "c229",
      "c461",
      "c374",
      "c233",
      "c360",
      "c248",
      "c464",
      "c960",
      "c079",
      "c100",
      "c980",
      "c910",
      "c962",
      "c142",
      "c257",
      "c411",
      "c691",
      "c757",
      "c340",
      "c478",
      "c376",
      "c006",
      "c108",
      "c407",
      "c603",
      "c817",
      "c242",
      "c253",
      "c145",
      "c541",
      "c785",
      "c029",
      "c107",
      "c122",
      "c349",
      "c516",
      "c946",
      "c228",
      "c565",
      "c928",
      "c525",
      "c842",
      "c102",
      "c630",
      "c987",
      "c638",
      "c309",
      "c642",
      "c121",
      "c641",
      "c697",
      "c884",
      "c955",
      "c091",
      "c350",
      "c255",
      "c957",
      "c586",
      "c808",
      "c896",
      "c008",
      "c519",
      "c868",
      "c563",
      "c807",
      "c704"
    ]
  },
  "ordered_queues": {
    "edge-1": [
      "c032",
      "c033",
      "c044",
      "c143",
      "c261",
      "c262",
      "c428",
      "c716",
      "c739",
      "c848"
    ],
    "edge-2": [
      "c156",
      "c169",
      "c328",
      "c330",
      "c367",
      "c567",
      "c579",
      "c800"
    ],
    "edge-3": [
      "c159",
      "c174",
      "c185",
      "c187",
      "c199",
      "c214",
      "c322",
      "c501",
      "c534",
      "c656"
    ],
    "edge-4": [
      "c028",
      "c043",
      "c088",
      "c116",
      "c180",
      "c321",
      "c363",
      "c851",
      "c855"
    ],
    "edge-5": [
      "c239",
      "c265",
      "c266",
      "c323",
      "c325",
      "c408",
      "c467",
      "c479",
      "c550",
      "c799",
      "c890",
      "c943"
    ],
    "edge-6": [
      "c051",
      "c296",
      "c449",
      "c508",
      "c528",
      "c553",
      "c601",
      "c724",
      "c816"
    ],
    "edge-7": [
      "c343",
      "c493",
      "c531",
      "c588",
      "c590",
      "c624",
      "c644",
      "c708",
      "c737",
      "c829"
    ],
    "edge-8": [
      "c003",
      "c022",
      "c049",
      "c078",
      "c136",
      "c155",
      "c841",
      "c944",
      "c961",
      "c965"
    ]
  }
}
================================================================================
[RUN][K8s-CA] drtp_img88_cacheonly_1024mb_200.json
{
  "summary": {
    "algo": "FG-DSCR-GC-K8sCA",
    "num_containers": 200,
    "num_scheduled_containers": 91,
    "num_nodes": 8,
    "failed_deployments": 109,
    "ca_penalty": 545.0,
    "ca_downloaded_mb": 30648,
    "ACT": 119.13282967032968,
    "AMS": 203.7020833333333,
    "downloaded_mb": 7720,
    "reused_mb": 70440,
    "reuse_rate": 0.9012282497441146,
    "objective_without_ca_penalty": 161.41745650183148,
    "objective": 706.4174565018315
  },
  "assignment": {
    "edge-1": [
      "c117",
      "c051",
      "c052",
      "c060",
      "c119",
      "c176",
      "c188",
      "c003",
      "c155",
      "c053",
      "c072",
      "c121",
      "c115",
      "c129",
      "c157"
    ],
    "edge-2": [
      "c004",
      "c030",
      "c170",
      "c122",
      "c006",
      "c010",
      "c128",
      "c173",
      "c086",
      "c078"
    ],
    "edge-3": [
      "c034",
      "c178",
      "c147",
      "c144",
      "c182",
      "c196",
      "c027",
      "c025",
      "c058",
      "c061",
      "c067",
      "c071"
    ],
    "edge-4": [
      "c160",
      "c165",
      "c199",
      "c016",
      "c017",
      "c047",
      "c082",
      "c098",
      "c019",
      "c198",
      "c074"
    ],
    "edge-5": [
      "c126",
      "c007",
      "c134",
      "c105",
      "c190",
      "c089"
    ],
    "edge-6": [
      "c123",
      "c142",
      "c168",
      "c012",
      "c029",
      "c036",
      "c057",
      "c079",
      "c093",
      "c049",
      "c172",
      "c166"
    ],
    "edge-7": [
      "c107",
      "c020",
      "c076",
      "c088",
      "c109",
      "c180",
      "c149",
      "c097",
      "c091",
      "c156",
      "c022",
      "c130",
      "c152"
    ],
    "edge-8": [
      "c095",
      "c099",
      "c106",
      "c108",
      "c111",
      "c164",
      "c002",
      "c037",
      "c063",
      "c066",
      "c069",
      "c084"
    ],
    "__CA_GUARANTEE__": [
      "c068",
      "c104",
      "c092",
      "c116",
      "c161",
      "c032",
      "c167",
      "c140",
      "c177",
      "c045",
      "c035",
      "c018",
      "c136",
      "c133",
      "c169",
      "c080",
      "c127",
      "c031",
      "c183",
      "c139",
      "c044",
      "c197",
      "c118",
      "c162",
      "c009",
      "c151",
      "c090",
      "c159",
      "c135",
      "c056",
      "c070",
      "c153",
      "c055",
      "c064",
      "c083",
      "c005",
      "c120",
      "c175",
      "c154",
      "c193",
      "c065",
      "c001",
      "c041",
      "c114",
      "c046",
      "c100",
      "c112",
      "c039",
      "c200",
      "c094",
      "c138",
      "c158",
      "c195",
      "c125",
      "c186",
      "c014",
      "c024",
      "c008",
      "c163",
      "c043",
      "c141",
      "c192",
      "c102",
      "c132",
      "c021",
      "c073",
      "c028",
      "c181",
      "c040",
      "c137",
      "c101",
      "c077",
      "c062",
      "c150",
      "c131",
      "c143",
      "c103",
      "c191",
      "c087",
      "c110",
      "c185",
      "c054",
      "c171",
      "c011",
      "c075",
      "c042",
      "c189",
      "c146",
      "c033",
      "c026",
      "c081",
      "c174",
      "c096",
      "c048",
      "c038",
      "c085",
      "c184",
      "c013",
      "c124",
      "c050",
      "c187",
      "c148",
      "c145",
      "c194",
      "c113",
      "c179",
      "c015",
      "c023",
      "c059"
    ]
  },
  "ordered_queues": {
    "edge-1": [
      "c003",
      "c051",
      "c052",
      "c053",
      "c060",
      "c072",
      "c115",
      "c117",
      "c119",
      "c121",
      "c129",
      "c155",
      "c157",
      "c176",
      "c188"
    ],
    "edge-2": [
      "c004",
      "c006",
      "c010",
      "c030",
      "c078",
      "c086",
      "c122",
      "c128",
      "c170",
      "c173"
    ],
    "edge-3": [
      "c025",
      "c027",
      "c034",
      "c058",
      "c061",
      "c067",
      "c071",
      "c144",
      "c147",
      "c178",
      "c182",
      "c196"
    ],
    "edge-4": [
      "c016",
      "c017",
      "c019",
      "c047",
      "c074",
      "c082",
      "c098",
      "c160",
      "c165",
      "c198",
      "c199"
    ],
    "edge-5": [
      "c007",
      "c105",
      "c126",
      "c134",
      "c190",
      "c089"
    ],
    "edge-6": [
      "c012",
      "c029",
      "c036",
      "c049",
      "c057",
      "c079",
      "c093",
      "c123",
      "c142",
      "c166",
      "c168",
      "c172"
    ],
    "edge-7": [
      "c020",
      "c076",
      "c088",
      "c097",
      "c107",
      "c109",
      "c149",
      "c180",
      "c022",
      "c091",
      "c130",
      "c152",
      "c156"
    ],
    "edge-8": [
      "c002",
      "c037",
      "c063",
      "c066",
      "c069",
      "c084",
      "c095",
      "c099",
      "c106",
      "c108",
      "c111",
      "c164"
    ]
  }
}
================================================================================
[RUN][K8s-CA] drtp_img88_cacheonly_1024mb_300.json
{
  "summary": {
    "algo": "FG-DSCR-GC-K8sCA",
    "num_containers": 300,
    "num_scheduled_containers": 92,
    "num_nodes": 8,
    "failed_deployments": 208,
    "ca_penalty": 693.3333333333334,
    "ca_downloaded_mb": 65588,
    "ACT": 121.54886775362318,
    "AMS": 210.0,
    "downloaded_mb": 9663,
    "reused_mb": 81013,
    "reuse_rate": 0.8934337641713354,
    "objective_without_ca_penalty": 165.7744338768116,
    "objective": 859.107767210145
  },
  "assignment": {
    "edge-1": [
      "c151",
      "c166",
      "c191",
      "c198",
      "c211",
      "c245",
      "c260",
      "c267",
      "c277",
      "c292",
      "c297",
      "c280",
      "c154"
    ],
    "edge-2": [
      "c028",
      "c043",
      "c088",
      "c022",
      "c049",
      "c272",
      "c051",
      "c009",
      "c083",
      "c116",
      "c169"
    ],
    "edge-3": [
      "c005",
      "c041",
      "c129",
      "c158",
      "c175",
      "c205",
      "c230",
      "c240",
      "c241",
      "c281",
      "c068",
      "c264",
      "c071",
      "c283"
    ],
    "edge-4": [
      "c136",
      "c155",
      "c261",
      "c265",
      "c266",
      "c032",
      "c033",
      "c044",
      "c252",
      "c012",
      "c159"
    ],
    "edge-5": [
      "c053",
      "c132",
      "c171",
      "c183",
      "c189",
      "c200",
      "c203",
      "c217",
      "c219",
      "c078",
      "c156",
      "c185"
    ],
    "edge-6": [
      "c187",
      "c199",
      "c214",
      "c251",
      "c296",
      "c143",
      "c174",
      "c180",
      "c003",
      "c239"
    ],
    "edge-7": [
      "c020",
      "c109",
      "c065",
      "c037",
      "c148",
      "c153",
      "c177",
      "c179",
      "c015",
      "c095"
    ],
    "edge-8": [
      "c220",
      "c262",
      "c285",
      "c050",
      "c062",
      "c073",
      "c087",
      "c101",
      "c112",
      "c114",
      "c294"
    ],
    "__CA_GUARANTEE__": [
      "c268",
      "c042",
      "c046",
      "c140",
      "c247",
      "c135",
      "c105",
      "c138",
      "c196",
      "c271",
      "c287",
      "c111",
      "c221",
      "c093",
      "c236",
      "c291",
      "c195",
      "c120",
      "c054",
      "c123",
      "c164",
      "c014",
      "c059",
      "c103",
      "c246",
      "c282",
      "c031",
      "c106",
      "c161",
      "c072",
      "c181",
      "c215",
      "c226",
      "c082",
      "c092",
      "c160",
      "c047",
      "c026",
      "c094",
      "c202",
      "c017",
      "c290",
      "c057",
      "c110",
      "c052",
      "c038",
      "c188",
      "c204",
      "c213",
      "c064",
      "c069",
      "c227",
      "c024",
      "c293",
      "c118",
      "c097",
      "c165",
      "c060",
      "c146",
      "c023",
      "c286",
      "c010",
      "c127",
      "c144",
      "c224",
      "c243",
      "c295",
      "c173",
      "c178",
      "c288",
      "c168",
      "c273",
      "c162",
      "c218",
      "c289",
      "c035",
      "c176",
      "c207",
      "c284",
      "c125",
      "c210",
      "c231",
      "c234",
      "c212",
      "c275",
      "c056",
      "c298",
      "c300",
      "c086",
      "c040",
      "c133",
      "c034",
      "c182",
      "c232",
      "c134",
      "c278",
      "c117",
      "c074",
      "c209",
      "c126",
      "c235",
      "c192",
      "c002",
      "c172",
      "c080",
      "c274",
      "c149",
      "c004",
      "c157",
      "c150",
      "c259",
      "c039",
      "c269",
      "c194",
      "c137",
      "c045",
      "c098",
      "c021",
      "c190",
      "c206",
      "c124",
      "c113",
      "c139",
      "c250",
      "c237",
      "c263",
      "c223",
      "c130",
      "c061",
      "c067",
      "c256",
      "c186",
      "c258",
      "c225",
      "c013",
      "c058",
      "c011",
      "c076",
      "c163",
      "c081",
      "c119",
      "c216",
      "c104",
      "c084",
      "c276",
      "c007",
      "c128",
      "c197",
      "c018",
      "c201",
      "c152",
      "c027",
      "c238",
      "c115",
      "c089",
      "c077",
      "c208",
      "c075",
      "c131",
      "c270",
      "c001",
      "c030",
      "c099",
      "c141",
      "c184",
      "c036",
      "c085",
      "c222",
      "c019",
      "c299",
      "c055",
      "c096",
      "c025",
      "c167",
      "c063",
      "c070",
      "c147",
      "c279",
      "c066",
      "c090",
      "c016",
      "c249",
      "c254",
      "c244",
      "c048",
      "c170",
      "c193",
      "c229",
      "c233",
      "c248",
      "c079",
      "c100",
      "c142",
      "c257",
      "c006",
      "c108",
      "c242",
      "c253",
      "c145",
      "c029",
      "c107",
      "c122",
      "c228",
      "c102",
      "c121",
      "c091",
      "c255",
      "c008"
    ]
  },
  "ordered_queues": {
    "edge-1": [
      "c151",
      "c154",
      "c166",
      "c191",
      "c198",
      "c211",
      "c245",
      "c260",
      "c267",
      "c277",
      "c280",
      "c292",
      "c297"
    ],
    "edge-2": [
      "c009",
      "c022",
      "c028",
      "c043",
      "c049",
      "c051",
      "c083",
      "c088",
      "c116",
      "c169",
      "c272"
    ],
    "edge-3": [
      "c005",
      "c041",
      "c068",
      "c071",
      "c129",
      "c158",
      "c175",
      "c205",
      "c230",
      "c240",
      "c241",
      "c264",
      "c281",
      "c283"
    ],
    "edge-4": [
      "c012",
      "c032",
      "c033",
      "c044",
      "c136",
      "c155",
      "c159",
      "c252",
      "c261",
      "c265",
      "c266"
    ],
    "edge-5": [
      "c053",
      "c078",
      "c132",
      "c156",
      "c171",
      "c183",
      "c185",
      "c189",
      "c200",
      "c203",
      "c217",
      "c219"
    ],
    "edge-6": [
      "c003",
      "c143",
      "c174",
      "c180",
      "c187",
      "c199",
      "c214",
      "c239",
      "c251",
      "c296"
    ],
    "edge-7": [
      "c020",
      "c037",
      "c065",
      "c109",
      "c148",
      "c153",
      "c177",
      "c179",
      "c015",
      "c095"
    ],
    "edge-8": [
      "c050",
      "c062",
      "c073",
      "c087",
      "c101",
      "c112",
      "c114",
      "c220",
      "c262",
      "c285",
      "c294"
    ]
  }
}
================================================================================
[RUN][K8s-CA] drtp_img88_cacheonly_1024mb_400.json
{
  "summary": {
    "algo": "FG-DSCR-GC-K8sCA",
    "num_containers": 400,
    "num_scheduled_containers": 90,
    "num_nodes": 8,
    "failed_deployments": 310,
    "ca_penalty": 775.0,
    "ca_downloaded_mb": 117923,
    "ACT": 118.75263888888888,
    "AMS": 198.91875,
    "downloaded_mb": 8184,
    "reused_mb": 83886,
    "reuse_rate": 0.9111111111111111,
    "objective_without_ca_penalty": 158.83569444444444,
    "objective": 933.8356944444445
  },
  "assignment": {
    "edge-1": [
      "c262",
      "c356",
      "c062",
      "c073",
      "c087",
      "c101",
      "c296",
      "c028",
      "c088",
      "c043"
    ],
    "edge-2": [
      "c175",
      "c151",
      "c166",
      "c308",
      "c129",
      "c191",
      "c245",
      "c361",
      "c260"
    ],
    "edge-3": [
      "c198",
      "c211",
      "c267",
      "c277",
      "c292",
      "c294",
      "c297",
      "c143",
      "c321",
      "c169",
      "c307",
      "c285"
    ],
    "edge-4": [
      "c343",
      "c003",
      "c022",
      "c049",
      "c136",
      "c155",
      "c239",
      "c261",
      "c265",
      "c174",
      "c051"
    ],
    "edge-5": [
      "c310",
      "c315",
      "c316",
      "c317",
      "c381",
      "c383",
      "c005",
      "c015",
      "c041",
      "c095",
      "c050",
      "c220",
      "c327"
    ],
    "edge-6": [
      "c266",
      "c323",
      "c325",
      "c328",
      "c330",
      "c367",
      "c032",
      "c033",
      "c044",
      "c112",
      "c304"
    ],
    "edge-7": [
      "c158",
      "c205",
      "c230",
      "c240",
      "c241",
      "c251",
      "c252",
      "c272",
      "c281",
      "c302",
      "c341",
      "c351",
      "c078",
      "c116"
    ],
    "edge-8": [
      "c156",
      "c159",
      "c185",
      "c187",
      "c199",
      "c214",
      "c114",
      "c322",
      "c180",
      "c363"
    ],
    "__CA_GUARANTEE__": [
      "c353",
      "c391",
      "c009",
      "c012",
      "c053",
      "c083",
      "c132",
      "c171",
      "c183",
      "c189",
      "c200",
      "c203",
      "c217",
      "c219",
      "c280",
      "c334",
      "c378",
      "c392",
      "c068",
      "c154",
      "c264",
      "c283",
      "c071",
      "c336",
      "c020",
      "c109",
      "c065",
      "c324",
      "c384",
      "c396",
      "c037",
      "c148",
      "c153",
      "c177",
      "c179",
      "c268",
      "c042",
      "c046",
      "c140",
      "c247",
      "c303",
      "c135",
      "c105",
      "c138",
      "c196",
      "c271",
      "c287",
      "c111",
      "c221",
      "c093",
      "c236",
      "c291",
      "c354",
      "c195",
      "c120",
      "c054",
      "c123",
      "c393",
      "c164",
      "c345",
      "c014",
      "c059",
      "c103",
      "c246",
      "c282",
      "c031",
      "c106",
      "c332",
      "c161",
      "c305",
      "c072",
      "c400",
      "c181",
      "c215",
      "c371",
      "c226",
      "c082",
      "c092",
      "c160",
      "c368",
      "c047",
      "c366",
      "c026",
      "c094",
      "c202",
      "c017",
      "c290",
      "c382",
      "c057",
      "c110",
      "c052",
      "c038",
      "c188",
      "c385",
      "c204",
      "c213",
      "c064",
      "c069",
      "c227",
      "c024",
      "c387",
      "c293",
      "c118",
      "c097",
      "c165",
      "c379",
      "c060",
      "c339",
      "c146",
      "c023",
      "c395",
      "c286",
      "c010",
      "c127",
      "c348",
      "c144",
      "c224",
      "c243",
      "c295",
      "c362",
      "c173",
      "c178",
      "c288",
      "c338",
      "c398",
      "c335",
      "c394",
      "c168",
      "c273",
      "c364",
      "c162",
      "c369",
      "c218",
      "c289",
      "c035",
      "c176",
      "c207",
      "c284",
      "c373",
      "c125",
      "c210",
      "c231",
      "c234",
      "c329",
      "c212",
      "c275",
      "c372",
      "c056",
      "c301",
      "c390",
      "c298",
      "c300",
      "c086",
      "c040",
      "c133",
      "c034",
      "c182",
      "c320",
      "c232",
      "c314",
      "c134",
      "c278",
      "c117",
      "c342",
      "c074",
      "c397",
      "c209",
      "c337",
      "c126",
      "c235",
      "c333",
      "c344",
      "c192",
      "c002",
      "c172",
      "c080",
      "c274",
      "c149",
      "c004",
      "c157",
      "c331",
      "c377",
      "c150",
      "c259",
      "c312",
      "c039",
      "c269",
      "c319",
      "c194",
      "c137",
      "c380",
      "c045",
      "c399",
      "c098",
      "c358",
      "c313",
      "c021",
      "c190",
      "c206",
      "c124",
      "c389",
      "c113",
      "c139",
      "c250",
      "c237",
      "c263",
      "c223",
      "c130",
      "c061",
      "c067",
      "c256",
      "c375",
      "c347",
      "c311",
      "c186",
      "c352",
      "c258",
      "c318",
      "c225",
      "c370",
      "c013",
      "c058",
      "c011",
      "c365",
      "c076",
      "c163",
      "c081",
      "c119",
      "c216",
      "c306",
      "c104",
      "c084",
      "c276",
      "c007",
      "c128",
      "c197",
      "c018",
      "c201",
      "c355",
      "c152",
      "c027",
      "c238",
      "c357",
      "c115",
      "c089",
      "c077",
      "c208",
      "c075",
      "c131",
      "c270",
      "c001",
      "c030",
      "c099",
      "c141",
      "c184",
      "c036",
      "c085",
      "c222",
      "c019",
      "c299",
      "c055",
      "c326",
      "c386",
      "c096",
      "c025",
      "c167",
      "c063",
      "c070",
      "c147",
      "c279",
      "c066",
      "c090",
      "c016",
      "c249",
      "c254",
      "c244",
      "c048",
      "c346",
      "c170",
      "c193",
      "c359",
      "c388",
      "c229",
      "c374",
      "c233",
      "c360",
      "c248",
      "c079",
      "c100",
      "c142",
      "c257",
      "c340",
      "c376",
      "c006",
      "c108",
      "c242",
      "c253",
      "c145",
      "c029",
      "c107",
      "c122",
      "c349",
      "c228",
      "c102",
      "c309",
      "c121",
      "c091",
      "c350",
      "c255",
      "c008"
    ]
  },
  "ordered_queues": {
    "edge-1": [
      "c028",
      "c043",
      "c062",
      "c073",
      "c087",
      "c088",
      "c101",
      "c262",
      "c296",
      "c356"
    ],
    "edge-2": [
      "c129",
      "c151",
      "c166",
      "c175",
      "c191",
      "c245",
      "c260",
      "c308",
      "c361"
    ],
    "edge-3": [
      "c143",
      "c169",
      "c198",
      "c211",
      "c267",
      "c277",
      "c285",
      "c292",
      "c294",
      "c297",
      "c307",
      "c321"
    ],
    "edge-4": [
      "c003",
      "c022",
      "c049",
      "c051",
      "c136",
      "c155",
      "c174",
      "c239",
      "c261",
      "c265",
      "c343"
    ],
    "edge-5": [
      "c005",
      "c015",
      "c041",
      "c050",
      "c095",
      "c220",
      "c310",
      "c315",
      "c316",
      "c317",
      "c327",
      "c381",
      "c383"
    ],
    "edge-6": [
      "c032",
      "c033",
      "c044",
      "c112",
      "c266",
      "c304",
      "c323",
      "c325",
      "c328",
      "c330",
      "c367"
    ],
    "edge-7": [
      "c078",
      "c116",
      "c158",
      "c205",
      "c230",
      "c240",
      "c241",
      "c251",
      "c252",
      "c272",
      "c281",
      "c302",
      "c341",
      "c351"
    ],
    "edge-8": [
      "c114",
      "c156",
      "c159",
      "c180",
      "c185",
      "c187",
      "c199",
      "c214",
      "c322",
      "c363"
    ]
  }
}
================================================================================
[RUN][K8s-CA] drtp_img88_cacheonly_1024mb_500.json
{
  "summary": {
    "algo": "FG-DSCR-GC-K8sCA",
    "num_containers": 500,
    "num_scheduled_containers": 81,
    "num_nodes": 8,
    "failed_deployments": 419,
    "ca_penalty": 838.0,
    "ca_downloaded_mb": 186708,
    "ACT": 109.72021604938271,
    "AMS": 180.41875,
    "downloaded_mb": 8184,
    "reused_mb": 74679,
    "reuse_rate": 0.9012345679012346,
    "objective_without_ca_penalty": 145.06948302469135,
    "objective": 983.0694830246914
  },
  "assignment": {
    "edge-1": [
      "c197",
      "c224",
      "c226",
      "c262",
      "c280",
      "c282",
      "c287",
      "c296",
      "c387",
      "c146",
      "c453",
      "c461"
    ],
    "edge-2": [
      "c078",
      "c270",
      "c041",
      "c090",
      "c173",
      "c186",
      "c273",
      "c020",
      "c265"
    ],
    "edge-3": [
      "c103",
      "c106",
      "c157",
      "c179",
      "c170",
      "c063",
      "c256",
      "c136",
      "c193",
      "c344"
    ],
    "edge-4": [
      "c292",
      "c354",
      "c363",
      "c370",
      "c021",
      "c043",
      "c055",
      "c312",
      "c113"
    ],
    "edge-5": [
      "c305",
      "c315",
      "c319",
      "c329",
      "c339",
      "c369",
      "c421",
      "c274",
      "c441",
      "c443",
      "c122",
      "c245"
    ],
    "edge-6": [
      "c235",
      "c207",
      "c302",
      "c087",
      "c242",
      "c062",
      "c093",
      "c165",
      "c357"
    ],
    "edge-7": [
      "c108",
      "c121",
      "c147",
      "c181",
      "c185",
      "c196",
      "c311",
      "c019",
      "c303",
      "c142"
    ],
    "edge-8": [
      "c331",
      "c345",
      "c349",
      "c385",
      "c493",
      "c500",
      "c002",
      "c003",
      "c015",
      "c067"
    ],
    "__CA_GUARANTEE__": [
      "c160",
      "c210",
      "c215",
      "c227",
      "c248",
      "c308",
      "c309",
      "c353",
      "c359",
      "c386",
      "c437",
      "c460",
      "c491",
      "c027",
      "c030",
      "c035",
      "c036",
      "c047",
      "c056",
      "c099",
      "c112",
      "c115",
      "c119",
      "c123",
      "c127",
      "c134",
      "c171",
      "c194",
      "c206",
      "c251",
      "c253",
      "c263",
      "c279",
      "c290",
      "c340",
      "c348",
      "c356",
      "c362",
      "c381",
      "c464",
      "c467",
      "c478",
      "c494",
      "c028",
      "c060",
      "c064",
      "c077",
      "c086",
      "c109",
      "c128",
      "c288",
      "c298",
      "c343",
      "c398",
      "c404",
      "c426",
      "c436",
      "c449",
      "c459",
      "c481",
      "c486",
      "c487",
      "c496",
      "c029",
      "c116",
      "c177",
      "c384",
      "c411",
      "c415",
      "c278",
      "c155",
      "c203",
      "c004",
      "c066",
      "c102",
      "c182",
      "c188",
      "c234",
      "c352",
      "c475",
      "c216",
      "c255",
      "c405",
      "c455",
      "c472",
      "c065",
      "c373",
      "c438",
      "c148",
      "c223",
      "c337",
      "c168",
      "c439",
      "c022",
      "c335",
      "c088",
      "c184",
      "c053",
      "c125",
      "c316",
      "c365",
      "c144",
      "c198",
      "c264",
      "c427",
      "c446",
      "c499",
      "c009",
      "c026",
      "c050",
      "c471",
      "c272",
      "c321",
      "c425",
      "c094",
      "c070",
      "c101",
      "c230",
      "c419",
      "c045",
      "c068",
      "c071",
      "c145",
      "c237",
      "c258",
      "c332",
      "c454",
      "c169",
      "c289",
      "c346",
      "c451",
      "c024",
      "c222",
      "c450",
      "c061",
      "c132",
      "c138",
      "c001",
      "c039",
      "c080",
      "c166",
      "c195",
      "c307",
      "c483",
      "c058",
      "c073",
      "c236",
      "c243",
      "c326",
      "c379",
      "c214",
      "c360",
      "c025",
      "c240",
      "c250",
      "c406",
      "c217",
      "c323",
      "c336",
      "c069",
      "c172",
      "c187",
      "c276",
      "c371",
      "c082",
      "c212",
      "c327",
      "c333",
      "c417",
      "c468",
      "c013",
      "c114",
      "c218",
      "c444",
      "c355",
      "c178",
      "c176",
      "c257",
      "c442",
      "c037",
      "c095",
      "c098",
      "c313",
      "c351",
      "c414",
      "c075",
      "c105",
      "c111",
      "c140",
      "c152",
      "c163",
      "c416",
      "c129",
      "c429",
      "c410",
      "c042",
      "c151",
      "c283",
      "c466",
      "c005",
      "c275",
      "c492",
      "c424",
      "c167",
      "c301",
      "c358",
      "c418",
      "c084",
      "c107",
      "c423",
      "c400",
      "c191",
      "c092",
      "c120",
      "c401",
      "c420",
      "c470",
      "c281",
      "c350",
      "c318",
      "c383",
      "c018",
      "c137",
      "c286",
      "c489",
      "c135",
      "c164",
      "c208",
      "c347",
      "c007",
      "c081",
      "c085",
      "c322",
      "c477",
      "c051",
      "c342",
      "c364",
      "c083",
      "c397",
      "c117",
      "c300",
      "c008",
      "c158",
      "c338",
      "c038",
      "c139",
      "c325",
      "c395",
      "c213",
      "c291",
      "c046",
      "c374",
      "c391",
      "c124",
      "c382",
      "c052",
      "c341",
      "c033",
      "c247",
      "c016",
      "c199",
      "c480",
      "c209",
      "c408",
      "c089",
      "c231",
      "c183",
      "c202",
      "c320",
      "c403",
      "c409",
      "c465",
      "c232",
      "c268",
      "c328",
      "c091",
      "c219",
      "c314",
      "c476",
      "c076",
      "c225",
      "c014",
      "c180",
      "c059",
      "c277",
      "c388",
      "c469",
      "c252",
      "c074",
      "c220",
      "c048",
      "c057",
      "c372",
      "c295",
      "c392",
      "c130",
      "c259",
      "c010",
      "c297",
      "c175",
      "c299",
      "c079",
      "c428",
      "c306",
      "c269",
      "c211",
      "c006",
      "c457",
      "c304",
      "c482",
      "c378",
      "c031",
      "c153",
      "c485",
      "c034",
      "c271",
      "c238",
      "c154",
      "c412",
      "c440",
      "c254",
      "c284",
      "c317",
      "c150",
      "c190",
      "c239",
      "c462",
      "c156",
      "c433",
      "c189",
      "c495",
      "c376",
      "c233",
      "c100",
      "c324",
      "c334",
      "c361",
      "c445",
      "c118",
      "c497",
      "c054",
      "c463",
      "c141",
      "c149",
      "c221",
      "c260",
      "c131",
      "c266",
      "c396",
      "c422",
      "c011",
      "c389",
      "c484",
      "c023",
      "c110",
      "c456",
      "c488",
      "c044",
      "c498",
      "c161",
      "c377",
      "c393",
      "c310",
      "c040",
      "c448",
      "c452",
      "c380",
      "c159",
      "c458",
      "c012",
      "c228",
      "c072",
      "c285",
      "c368",
      "c447",
      "c431",
      "c402",
      "c435",
      "c293",
      "c407",
      "c294",
      "c399",
      "c267",
      "c249",
      "c017",
      "c201",
      "c490",
      "c104",
      "c096",
      "c143",
      "c205",
      "c204",
      "c200",
      "c229",
      "c049",
      "c162",
      "c244",
      "c473",
      "c174",
      "c434",
      "c394",
      "c192",
      "c330",
      "c375",
      "c261",
      "c474",
      "c133",
      "c430",
      "c413",
      "c432",
      "c366",
      "c246",
      "c126",
      "c479",
      "c367",
      "c032",
      "c241",
      "c390",
      "c097"
    ]
  },
  "ordered_queues": {
    "edge-1": [
      "c146",
      "c197",
      "c224",
      "c226",
      "c262",
      "c280",
      "c282",
      "c287",
      "c296",
      "c387",
      "c453",
      "c461"
    ],
    "edge-2": [
      "c020",
      "c041",
      "c078",
      "c090",
      "c173",
      "c186",
      "c265",
      "c270",
      "c273"
    ],
    "edge-3": [
      "c063",
      "c103",
      "c106",
      "c136",
      "c157",
      "c170",
      "c179",
      "c193",
      "c256",
      "c344"
    ],
    "edge-4": [
      "c021",
      "c043",
      "c055",
      "c113",
      "c292",
      "c312",
      "c354",
      "c363",
      "c370"
    ],
    "edge-5": [
      "c122",
      "c245",
      "c274",
      "c305",
      "c315",
      "c319",
      "c329",
      "c339",
      "c369",
      "c421",
      "c441",
      "c443"
    ],
    "edge-6": [
      "c062",
      "c087",
      "c093",
      "c165",
      "c207",
      "c235",
      "c242",
      "c302",
      "c357"
    ],
    "edge-7": [
      "c019",
      "c108",
      "c121",
      "c142",
      "c147",
      "c181",
      "c185",
      "c196",
      "c303",
      "c311"
    ],
    "edge-8": [
      "c002",
      "c003",
      "c015",
      "c067",
      "c331",
      "c345",
      "c349",
      "c385",
      "c493",
      "c500"
    ]
  }
}
================================================================================
[RUN][K8s-CA] drtp_img88_cacheonly_1024mb_600.json
{
  "summary": {
    "algo": "FG-DSCR-GC-K8sCA",
    "num_containers": 600,
    "num_scheduled_containers": 83,
    "num_nodes": 8,
    "failed_deployments": 517,
    "ca_penalty": 861.6666666666666,
    "ca_downloaded_mb": 233291,
    "ACT": 109.1644578313253,
    "AMS": 185.41875,
    "downloaded_mb": 8184,
    "reused_mb": 76725,
    "reuse_rate": 0.9036144578313253,
    "objective_without_ca_penalty": 147.29160391566265,
    "objective": 1008.9582705823293
  },
  "assignment": {
    "edge-1": [
      "c579",
      "c588",
      "c590",
      "c032",
      "c051",
      "c116",
      "c156",
      "c159",
      "c304",
      "c169",
      "c199"
    ],
    "edge-2": [
      "c296",
      "c363",
      "c428",
      "c553",
      "c028",
      "c043",
      "c088",
      "c143",
      "c174"
    ],
    "edge-3": [
      "c114",
      "c151",
      "c166",
      "c191",
      "c198",
      "c260",
      "c343",
      "c265",
      "c044",
      "c220",
      "c325"
    ],
    "edge-4": [
      "c062",
      "c101",
      "c073",
      "c087",
      "c112",
      "c424",
      "c439",
      "c033",
      "c214"
    ],
    "edge-5": [
      "c474",
      "c521",
      "c534",
      "c550",
      "c560",
      "c566",
      "c575",
      "c050",
      "c292",
      "c328",
      "c330"
    ],
    "edge-6": [
      "c022",
      "c049",
      "c136",
      "c155",
      "c239",
      "c261",
      "c266",
      "c323",
      "c310",
      "c187",
      "c408",
      "c185"
    ],
    "edge-7": [
      "c262",
      "c285",
      "c327",
      "c356",
      "c078",
      "c180",
      "c493",
      "c321",
      "c501",
      "c003"
    ],
    "edge-8": [
      "c367",
      "c467",
      "c479",
      "c531",
      "c567",
      "c211",
      "c508",
      "c528",
      "c322",
      "c449"
    ],
    "__CA_GUARANTEE__": [
      "c245",
      "c267",
      "c277",
      "c294",
      "c297",
      "c307",
      "c308",
      "c315",
      "c316",
      "c317",
      "c361",
      "c381",
      "c383",
      "c431",
      "c502",
      "c503",
      "c507",
      "c514",
      "c520",
      "c524",
      "c543",
      "c557",
      "c577",
      "c595",
      "c600",
      "c005",
      "c015",
      "c041",
      "c095",
      "c129",
      "c158",
      "c175",
      "c205",
      "c230",
      "c240",
      "c241",
      "c251",
      "c252",
      "c272",
      "c281",
      "c302",
      "c341",
      "c351",
      "c353",
      "c391",
      "c406",
      "c421",
      "c430",
      "c433",
      "c446",
      "c456",
      "c468",
      "c469",
      "c526",
      "c537",
      "c572",
      "c584",
      "c009",
      "c012",
      "c053",
      "c083",
      "c132",
      "c171",
      "c183",
      "c189",
      "c200",
      "c203",
      "c217",
      "c219",
      "c280",
      "c334",
      "c378",
      "c392",
      "c401",
      "c413",
      "c445",
      "c498",
      "c510",
      "c545",
      "c589",
      "c591",
      "c068",
      "c154",
      "c264",
      "c283",
      "c459",
      "c463",
      "c562",
      "c071",
      "c336",
      "c020",
      "c109",
      "c065",
      "c324",
      "c384",
      "c396",
      "c434",
      "c037",
      "c148",
      "c153",
      "c177",
      "c179",
      "c268",
      "c454",
      "c418",
      "c425",
      "c447",
      "c452",
      "c042",
      "c046",
      "c140",
      "c247",
      "c303",
      "c420",
      "c135",
      "c437",
      "c105",
      "c138",
      "c489",
      "c574",
      "c196",
      "c271",
      "c287",
      "c111",
      "c436",
      "c221",
      "c093",
      "c236",
      "c291",
      "c470",
      "c599",
      "c354",
      "c578",
      "c195",
      "c497",
      "c475",
      "c120",
      "c054",
      "c123",
      "c393",
      "c164",
      "c345",
      "c485",
      "c552",
      "c555",
      "c014",
      "c059",
      "c457",
      "c546",
      "c598",
      "c103",
      "c246",
      "c282",
      "c500",
      "c554",
      "c031",
      "c106",
      "c332",
      "c161",
      "c593",
      "c305",
      "c414",
      "c072",
      "c400",
      "c547",
      "c181",
      "c215",
      "c371",
      "c585",
      "c226",
      "c415",
      "c429",
      "c523",
      "c504",
      "c583",
      "c477",
      "c082",
      "c092",
      "c160",
      "c368",
      "c529",
      "c544",
      "c047",
      "c366",
      "c026",
      "c094",
      "c202",
      "c412",
      "c427",
      "c444",
      "c481",
      "c017",
      "c290",
      "c382",
      "c057",
      "c110",
      "c506",
      "c052",
      "c404",
      "c038",
      "c515",
      "c188",
      "c385",
      "c204",
      "c213",
      "c460",
      "c480",
      "c064",
      "c069",
      "c227",
      "c024",
      "c387",
      "c592",
      "c293",
      "c538",
      "c118",
      "c097",
      "c165",
      "c379",
      "c556",
      "c060",
      "c339",
      "c438",
      "c455",
      "c146",
      "c023",
      "c395",
      "c472",
      "c286",
      "c010",
      "c127",
      "c348",
      "c144",
      "c224",
      "c243",
      "c295",
      "c362",
      "c483",
      "c173",
      "c178",
      "c288",
      "c402",
      "c442",
      "c338",
      "c398",
      "c335",
      "c476",
      "c394",
      "c486",
      "c495",
      "c168",
      "c273",
      "c364",
      "c496",
      "c509",
      "c435",
      "c453",
      "c471",
      "c494",
      "c162",
      "c482",
      "c568",
      "c369",
      "c218",
      "c289",
      "c035",
      "c533",
      "c176",
      "c207",
      "c284",
      "c373",
      "c549",
      "c125",
      "c210",
      "c231",
      "c234",
      "c329",
      "c488",
      "c212",
      "c275",
      "c372",
      "c518",
      "c056",
      "c301",
      "c390",
      "c484",
      "c540",
      "c298",
      "c300",
      "c086",
      "c040",
      "c450",
      "c133",
      "c548",
      "c034",
      "c182",
      "c320",
      "c559",
      "c232",
      "c314",
      "c570",
      "c134",
      "c278",
      "c117",
      "c342",
      "c074",
      "c397",
      "c209",
      "c337",
      "c487",
      "c542",
      "c126",
      "c235",
      "c333",
      "c344",
      "c491",
      "c569",
      "c192",
      "c002",
      "c172",
      "c080",
      "c274",
      "c149",
      "c536",
      "c440",
      "c004",
      "c157",
      "c331",
      "c377",
      "c150",
      "c259",
      "c312",
      "c403",
      "c448",
      "c561",
      "c039",
      "c269",
      "c582",
      "c532",
      "c319",
      "c194",
      "c499",
      "c517",
      "c137",
      "c422",
      "c530",
      "c380",
      "c443",
      "c045",
      "c399",
      "c098",
      "c358",
      "c313",
      "c511",
      "c021",
      "c527",
      "c190",
      "c206",
      "c539",
      "c410",
      "c124",
      "c389",
      "c513",
      "c522",
      "c113",
      "c139",
      "c250",
      "c237",
      "c263",
      "c223",
      "c466",
      "c130",
      "c061",
      "c067",
      "c256",
      "c594",
      "c375",
      "c576",
      "c347",
      "c423",
      "c462",
      "c311",
      "c417",
      "c186",
      "c352",
      "c587",
      "c258",
      "c318",
      "c535",
      "c225",
      "c370",
      "c013",
      "c058",
      "c011",
      "c365",
      "c076",
      "c163",
      "c081",
      "c119",
      "c564",
      "c216",
      "c306",
      "c104",
      "c084",
      "c573",
      "c276",
      "c505",
      "c007",
      "c128",
      "c197",
      "c490",
      "c018",
      "c201",
      "c355",
      "c152",
      "c027",
      "c571",
      "c238",
      "c357",
      "c458",
      "c115",
      "c416",
      "c089",
      "c077",
      "c208",
      "c075",
      "c131",
      "c270",
      "c001",
      "c030",
      "c099",
      "c141",
      "c184",
      "c405",
      "c036",
      "c441",
      "c085",
      "c432",
      "c222",
      "c558",
      "c019",
      "c299",
      "c055",
      "c326",
      "c386",
      "c096",
      "c025",
      "c167",
      "c063",
      "c070",
      "c580",
      "c147",
      "c279",
      "c066",
      "c409",
      "c090",
      "c596",
      "c512",
      "c597",
      "c016",
      "c465",
      "c249",
      "c254",
      "c451",
      "c244",
      "c419",
      "c426",
      "c551",
      "c048",
      "c346",
      "c473",
      "c492",
      "c170",
      "c193",
      "c359",
      "c388",
      "c581",
      "c229",
      "c461",
      "c374",
      "c233",
      "c360",
      "c248",
      "c464",
      "c079",
      "c100",
      "c142",
      "c257",
      "c411",
      "c340",
      "c478",
      "c376",
      "c006",
      "c108",
      "c407",
      "c242",
      "c253",
      "c145",
      "c541",
      "c029",
      "c107",
      "c122",
      "c349",
      "c516",
      "c228",
      "c565",
      "c525",
      "c102",
      "c309",
      "c121",
      "c091",
      "c350",
      "c255",
      "c586",
      "c008",
      "c519",
      "c563"
    ]
  },
  "ordered_queues": {
    "edge-1": [
      "c032",
      "c051",
      "c116",
      "c156",
      "c159",
      "c169",
      "c199",
      "c304",
      "c579",
      "c588",
      "c590"
    ],
    "edge-2": [
      "c028",
      "c043",
      "c088",
      "c143",
      "c174",
      "c296",
      "c363",
      "c428",
      "c553"
    ],
    "edge-3": [
      "c044",
      "c114",
      "c151",
      "c166",
      "c191",
      "c198",
      "c220",
      "c260",
      "c265",
      "c325",
      "c343"
    ],
    "edge-4": [
      "c033",
      "c062",
      "c073",
      "c087",
      "c101",
      "c112",
      "c214",
      "c424",
      "c439"
    ],
    "edge-5": [
      "c050",
      "c292",
      "c328",
      "c330",
      "c474",
      "c521",
      "c534",
      "c550",
      "c560",
      "c566",
      "c575"
    ],
    "edge-6": [
      "c022",
      "c049",
      "c136",
      "c155",
      "c185",
      "c187",
      "c239",
      "c261",
      "c266",
      "c310",
      "c323",
      "c408"
    ],
    "edge-7": [
      "c003",
      "c078",
      "c180",
      "c262",
      "c285",
      "c321",
      "c327",
      "c356",
      "c493",
      "c501"
    ],
    "edge-8": [
      "c211",
      "c322",
      "c367",
      "c449",
      "c467",
      "c479",
      "c508",
      "c528",
      "c531",
      "c567"
    ]
  }
}
================================================================================
[RUN][K8s-CA] drtp_img88_cacheonly_1024mb_700.json
{
  "summary": {
    "algo": "FG-DSCR-GC-K8sCA",
    "num_containers": 700,
    "num_scheduled_containers": 81,
    "num_nodes": 8,
    "failed_deployments": 619,
    "ca_penalty": 884.2857142857143,
    "ca_downloaded_mb": 282437,
    "ACT": 106.6520061728395,
    "AMS": 178.91875,
    "downloaded_mb": 8184,
    "reused_mb": 74679,
    "reuse_rate": 0.9012345679012346,
    "objective_without_ca_penalty": 142.78537808641974,
    "objective": 1027.071092372134
  },
  "assignment": {
    "edge-1": [
      "c588",
      "c032",
      "c033",
      "c044",
      "c051",
      "c528",
      "c449",
      "c322",
      "c363",
      "c174"
    ],
    "edge-2": [
      "c428",
      "c553",
      "c656",
      "c028",
      "c043",
      "c088",
      "c143",
      "c343",
      "c493"
    ],
    "edge-3": [
      "c199",
      "c214",
      "c220",
      "c112",
      "c180",
      "c321",
      "c508",
      "c003",
      "c265",
      "c296"
    ],
    "edge-4": [
      "c501",
      "c239",
      "c156",
      "c169",
      "c285",
      "c567",
      "c579",
      "c078",
      "c136"
    ],
    "edge-5": [
      "c566",
      "c575",
      "c610",
      "c632",
      "c639",
      "c687",
      "c050",
      "c062",
      "c073",
      "c114"
    ],
    "edge-6": [
      "c601",
      "c022",
      "c049",
      "c155",
      "c261",
      "c116",
      "c187",
      "c590",
      "c644",
      "c159",
      "c185"
    ],
    "edge-7": [
      "c262",
      "c327",
      "c356",
      "c424",
      "c439",
      "c474",
      "c521",
      "c534",
      "c550",
      "c560",
      "c198",
      "c624"
    ],
    "edge-8": [
      "c266",
      "c323",
      "c325",
      "c328",
      "c330",
      "c367",
      "c408",
      "c467",
      "c479",
      "c531"
    ],
    "__CA_GUARANTEE__": [
      "c087",
      "c101",
      "c151",
      "c166",
      "c191",
      "c211",
      "c245",
      "c260",
      "c267",
      "c277",
      "c292",
      "c294",
      "c297",
      "c304",
      "c307",
      "c308",
      "c310",
      "c315",
      "c316",
      "c317",
      "c361",
      "c381",
      "c383",
      "c431",
      "c502",
      "c503",
      "c507",
      "c514",
      "c520",
      "c524",
      "c543",
      "c557",
      "c577",
      "c595",
      "c600",
      "c619",
      "c627",
      "c686",
      "c005",
      "c015",
      "c041",
      "c095",
      "c129",
      "c158",
      "c175",
      "c205",
      "c230",
      "c240",
      "c241",
      "c251",
      "c252",
      "c272",
      "c281",
      "c302",
      "c341",
      "c351",
      "c353",
      "c391",
      "c406",
      "c421",
      "c430",
      "c433",
      "c446",
      "c456",
      "c468",
      "c469",
      "c526",
      "c537",
      "c572",
      "c584",
      "c650",
      "c666",
      "c685",
      "c009",
      "c012",
      "c053",
      "c083",
      "c132",
      "c171",
      "c183",
      "c189",
      "c200",
      "c203",
      "c217",
      "c219",
      "c280",
      "c334",
      "c378",
      "c392",
      "c401",
      "c413",
      "c445",
      "c498",
      "c510",
      "c545",
      "c589",
      "c591",
      "c611",
      "c621",
      "c628",
      "c629",
      "c678",
      "c694",
      "c068",
      "c154",
      "c264",
      "c283",
      "c459",
      "c463",
      "c562",
      "c071",
      "c336",
      "c020",
      "c109",
      "c065",
      "c324",
      "c384",
      "c396",
      "c434",
      "c605",
      "c663",
      "c037",
      "c148",
      "c153",
      "c177",
      "c179",
      "c268",
      "c454",
      "c418",
      "c425",
      "c447",
      "c452",
      "c606",
      "c649",
      "c658",
      "c042",
      "c046",
      "c140",
      "c247",
      "c303",
      "c420",
      "c662",
      "c683",
      "c135",
      "c437",
      "c654",
      "c105",
      "c138",
      "c489",
      "c574",
      "c623",
      "c196",
      "c271",
      "c633",
      "c652",
      "c287",
      "c111",
      "c436",
      "c677",
      "c221",
      "c620",
      "c671",
      "c681",
      "c093",
      "c236",
      "c291",
      "c470",
      "c599",
      "c354",
      "c578",
      "c640",
      "c195",
      "c497",
      "c475",
      "c120",
      "c054",
      "c123",
      "c393",
      "c164",
      "c345",
      "c485",
      "c552",
      "c555",
      "c609",
      "c643",
      "c014",
      "c059",
      "c457",
      "c546",
      "c598",
      "c653",
      "c698",
      "c103",
      "c246",
      "c282",
      "c500",
      "c554",
      "c651",
      "c031",
      "c106",
      "c332",
      "c161",
      "c593",
      "c305",
      "c414",
      "c072",
      "c400",
      "c547",
      "c181",
      "c215",
      "c371",
      "c585",
      "c631",
      "c226",
      "c415",
      "c429",
      "c523",
      "c504",
      "c583",
      "c477",
      "c082",
      "c092",
      "c160",
      "c368",
      "c529",
      "c544",
      "c668",
      "c047",
      "c366",
      "c612",
      "c634",
      "c026",
      "c094",
      "c202",
      "c412",
      "c427",
      "c444",
      "c481",
      "c622",
      "c017",
      "c290",
      "c382",
      "c637",
      "c057",
      "c615",
      "c110",
      "c506",
      "c052",
      "c404",
      "c038",
      "c515",
      "c625",
      "c188",
      "c385",
      "c204",
      "c213",
      "c460",
      "c480",
      "c064",
      "c069",
      "c227",
      "c024",
      "c387",
      "c592",
      "c293",
      "c538",
      "c118",
      "c097",
      "c165",
      "c379",
      "c556",
      "c699",
      "c060",
      "c339",
      "c438",
      "c455",
      "c146",
      "c023",
      "c395",
      "c673",
      "c472",
      "c286",
      "c010",
      "c127",
      "c348",
      "c144",
      "c224",
      "c243",
      "c295",
      "c362",
      "c483",
      "c173",
      "c178",
      "c288",
      "c402",
      "c442",
      "c338",
      "c398",
      "c335",
      "c476",
      "c394",
      "c486",
      "c495",
      "c670",
      "c168",
      "c273",
      "c364",
      "c496",
      "c509",
      "c435",
      "c453",
      "c471",
      "c494",
      "c162",
      "c482",
      "c568",
      "c676",
      "c369",
      "c218",
      "c289",
      "c035",
      "c533",
      "c176",
      "c207",
      "c284",
      "c373",
      "c549",
      "c648",
      "c679",
      "c125",
      "c210",
      "c231",
      "c234",
      "c329",
      "c488",
      "c674",
      "c212",
      "c275",
      "c372",
      "c518",
      "c626",
      "c056",
      "c301",
      "c390",
      "c484",
      "c696",
      "c540",
      "c298",
      "c300",
      "c086",
      "c040",
      "c450",
      "c133",
      "c548",
      "c034",
      "c182",
      "c320",
      "c559",
      "c672",
      "c232",
      "c314",
      "c570",
      "c134",
      "c278",
      "c117",
      "c342",
      "c074",
      "c397",
      "c209",
      "c337",
      "c487",
      "c542",
      "c126",
      "c235",
      "c333",
      "c344",
      "c491",
      "c569",
      "c192",
      "c002",
      "c172",
      "c080",
      "c274",
      "c149",
      "c536",
      "c647",
      "c690",
      "c440",
      "c004",
      "c157",
      "c331",
      "c377",
      "c646",
      "c150",
      "c259",
      "c312",
      "c403",
      "c448",
      "c561",
      "c039",
      "c269",
      "c582",
      "c532",
      "c319",
      "c194",
      "c499",
      "c517",
      "c137",
      "c422",
      "c530",
      "c380",
      "c443",
      "c045",
      "c399",
      "c098",
      "c358",
      "c608",
      "c700",
      "c313",
      "c511",
      "c021",
      "c527",
      "c190",
      "c206",
      "c539",
      "c410",
      "c124",
      "c389",
      "c513",
      "c522",
      "c113",
      "c139",
      "c250",
      "c237",
      "c263",
      "c613",
      "c223",
      "c466",
      "c130",
      "c061",
      "c067",
      "c256",
      "c617",
      "c659",
      "c594",
      "c661",
      "c689",
      "c375",
      "c576",
      "c347",
      "c423",
      "c602",
      "c636",
      "c667",
      "c462",
      "c311",
      "c417",
      "c186",
      "c352",
      "c587",
      "c258",
      "c318",
      "c535",
      "c225",
      "c370",
      "c013",
      "c058",
      "c011",
      "c365",
      "c076",
      "c163",
      "c081",
      "c119",
      "c564",
      "c635",
      "c664",
      "c216",
      "c306",
      "c104",
      "c084",
      "c675",
      "c573",
      "c276",
      "c505",
      "c007",
      "c128",
      "c197",
      "c490",
      "c018",
      "c201",
      "c355",
      "c152",
      "c027",
      "c571",
      "c669",
      "c693",
      "c238",
      "c357",
      "c458",
      "c115",
      "c416",
      "c089",
      "c077",
      "c208",
      "c657",
      "c665",
      "c075",
      "c131",
      "c270",
      "c001",
      "c030",
      "c099",
      "c141",
      "c184",
      "c405",
      "c036",
      "c441",
      "c085",
      "c432",
      "c222",
      "c604",
      "c558",
      "c019",
      "c299",
      "c684",
      "c692",
      "c055",
      "c326",
      "c386",
      "c096",
      "c614",
      "c025",
      "c167",
      "c063",
      "c070",
      "c580",
      "c147",
      "c618",
      "c655",
      "c279",
      "c066",
      "c409",
      "c090",
      "c596",
      "c682",
      "c512",
      "c597",
      "c016",
      "c465",
      "c249",
      "c616",
      "c254",
      "c645",
      "c451",
      "c244",
      "c419",
      "c426",
      "c607",
      "c551",
      "c048",
      "c346",
      "c473",
      "c492",
      "c170",
      "c688",
      "c660",
      "c193",
      "c680",
      "c695",
      "c359",
      "c388",
      "c581",
      "c229",
      "c461",
      "c374",
      "c233",
      "c360",
      "c248",
      "c464",
      "c079",
      "c100",
      "c142",
      "c257",
      "c411",
      "c691",
      "c340",
      "c478",
      "c376",
      "c006",
      "c108",
      "c407",
      "c603",
      "c242",
      "c253",
      "c145",
      "c541",
      "c029",
      "c107",
      "c122",
      "c349",
      "c516",
      "c228",
      "c565",
      "c525",
      "c102",
      "c630",
      "c638",
      "c309",
      "c642",
      "c121",
      "c641",
      "c697",
      "c091",
      "c350",
      "c255",
      "c586",
      "c008",
      "c519",
      "c563"
    ]
  },
  "ordered_queues": {
    "edge-1": [
      "c032",
      "c033",
      "c044",
      "c051",
      "c174",
      "c322",
      "c363",
      "c449",
      "c528",
      "c588"
    ],
    "edge-2": [
      "c028",
      "c043",
      "c088",
      "c143",
      "c343",
      "c428",
      "c493",
      "c553",
      "c656"
    ],
    "edge-3": [
      "c003",
      "c112",
      "c180",
      "c199",
      "c214",
      "c220",
      "c265",
      "c296",
      "c321",
      "c508"
    ],
    "edge-4": [
      "c078",
      "c136",
      "c156",
      "c169",
      "c239",
      "c285",
      "c501",
      "c567",
      "c579"
    ],
    "edge-5": [
      "c050",
      "c062",
      "c073",
      "c114",
      "c566",
      "c575",
      "c610",
      "c632",
      "c639",
      "c687"
    ],
    "edge-6": [
      "c022",
      "c049",
      "c116",
      "c155",
      "c159",
      "c185",
      "c187",
      "c261",
      "c590",
      "c601",
      "c644"
    ],
    "edge-7": [
      "c198",
      "c262",
      "c327",
      "c356",
      "c424",
      "c439",
      "c474",
      "c521",
      "c534",
      "c550",
      "c560",
      "c624"
    ],
    "edge-8": [
      "c266",
      "c323",
      "c325",
      "c328",
      "c330",
      "c367",
      "c408",
      "c467",
      "c479",
      "c531"
    ]
  }
}
================================================================================
[RUN][K8s-CA] drtp_img88_cacheonly_1024mb_800.json
{
  "summary": {
    "algo": "FG-DSCR-GC-K8sCA",
    "num_containers": 800,
    "num_scheduled_containers": 81,
    "num_nodes": 8,
    "failed_deployments": 719,
    "ca_penalty": 898.75,
    "ca_downloaded_mb": 333619,
    "ACT": 108.03472222222223,
    "AMS": 180.91875,
    "downloaded_mb": 8184,
    "reused_mb": 74679,
    "reuse_rate": 0.9012345679012346,
    "objective_without_ca_penalty": 144.4767361111111,
    "objective": 1043.2267361111112
  },
  "assignment": {
    "edge-1": [
      "c408",
      "c467",
      "c479",
      "c531",
      "c588",
      "c590",
      "c624",
      "c114",
      "c116",
      "c187",
      "c169"
    ],
    "edge-2": [
      "c363",
      "c428",
      "c553",
      "c656",
      "c716",
      "c739",
      "c028",
      "c632",
      "c343"
    ],
    "edge-3": [
      "c033",
      "c044",
      "c051",
      "c751",
      "c449",
      "c174",
      "c239",
      "c296",
      "c043",
      "c328"
    ],
    "edge-4": [
      "c285",
      "c356",
      "c367",
      "c567",
      "c136",
      "c737",
      "c708",
      "c800",
      "c579"
    ],
    "edge-5": [
      "c199",
      "c214",
      "c220",
      "c112",
      "c143",
      "c180",
      "c322",
      "c321",
      "c265",
      "c323"
    ],
    "edge-6": [
      "c493",
      "c501",
      "c508",
      "c528",
      "c601",
      "c724",
      "c003",
      "c022",
      "c049",
      "c078"
    ],
    "edge-7": [
      "c327",
      "c424",
      "c439",
      "c474",
      "c521",
      "c534",
      "c550",
      "c560",
      "c566",
      "c088",
      "c261"
    ],
    "edge-8": [
      "c155",
      "c266",
      "c325",
      "c330",
      "c262",
      "c032",
      "c799",
      "c156",
      "c159",
      "c185",
      "c644"
    ],
    "__CA_GUARANTEE__": [
      "c575",
      "c610",
      "c639",
      "c687",
      "c720",
      "c793",
      "c050",
      "c062",
      "c073",
      "c087",
      "c101",
      "c151",
      "c166",
      "c191",
      "c198",
      "c211",
      "c245",
      "c260",
      "c267",
      "c277",
      "c292",
      "c294",
      "c297",
      "c304",
      "c307",
      "c308",
      "c310",
      "c315",
      "c316",
      "c317",
      "c361",
      "c381",
      "c383",
      "c431",
      "c502",
      "c503",
      "c507",
      "c514",
      "c520",
      "c524",
      "c543",
      "c557",
      "c577",
      "c595",
      "c600",
      "c619",
      "c627",
      "c686",
      "c755",
      "c775",
      "c776",
      "c791",
      "c005",
      "c015",
      "c041",
      "c095",
      "c129",
      "c158",
      "c175",
      "c205",
      "c230",
      "c240",
      "c241",
      "c251",
      "c252",
      "c272",
      "c281",
      "c302",
      "c341",
      "c351",
      "c353",
      "c391",
      "c406",
      "c421",
      "c430",
      "c433",
      "c446",
      "c456",
      "c468",
      "c469",
      "c526",
      "c537",
      "c572",
      "c584",
      "c650",
      "c666",
      "c685",
      "c746",
      "c783",
      "c787",
      "c009",
      "c012",
      "c053",
      "c083",
      "c132",
      "c171",
      "c183",
      "c189",
      "c200",
      "c203",
      "c217",
      "c219",
      "c280",
      "c334",
      "c378",
      "c392",
      "c401",
      "c413",
      "c445",
      "c498",
      "c510",
      "c545",
      "c589",
      "c591",
      "c611",
      "c621",
      "c628",
      "c629",
      "c678",
      "c694",
      "c730",
      "c753",
      "c761",
      "c068",
      "c154",
      "c264",
      "c283",
      "c459",
      "c463",
      "c562",
      "c717",
      "c782",
      "c071",
      "c336",
      "c020",
      "c109",
      "c065",
      "c324",
      "c384",
      "c396",
      "c434",
      "c605",
      "c663",
      "c037",
      "c148",
      "c153",
      "c177",
      "c179",
      "c268",
      "c454",
      "c770",
      "c418",
      "c425",
      "c447",
      "c452",
      "c606",
      "c649",
      "c658",
      "c042",
      "c046",
      "c140",
      "c247",
      "c303",
      "c420",
      "c662",
      "c683",
      "c733",
      "c135",
      "c437",
      "c654",
      "c105",
      "c138",
      "c489",
      "c711",
      "c725",
      "c574",
      "c623",
      "c196",
      "c271",
      "c633",
      "c652",
      "c287",
      "c111",
      "c740",
      "c763",
      "c436",
      "c677",
      "c221",
      "c620",
      "c671",
      "c681",
      "c726",
      "c093",
      "c236",
      "c291",
      "c470",
      "c599",
      "c354",
      "c578",
      "c640",
      "c707",
      "c728",
      "c798",
      "c195",
      "c497",
      "c475",
      "c120",
      "c054",
      "c123",
      "c393",
      "c701",
      "c742",
      "c781",
      "c164",
      "c345",
      "c485",
      "c552",
      "c555",
      "c609",
      "c643",
      "c714",
      "c727",
      "c014",
      "c059",
      "c457",
      "c546",
      "c598",
      "c653",
      "c698",
      "c767",
      "c103",
      "c246",
      "c282",
      "c500",
      "c554",
      "c651",
      "c706",
      "c794",
      "c031",
      "c106",
      "c771",
      "c790",
      "c332",
      "c161",
      "c593",
      "c721",
      "c774",
      "c305",
      "c414",
      "c072",
      "c400",
      "c547",
      "c741",
      "c181",
      "c215",
      "c371",
      "c585",
      "c631",
      "c762",
      "c226",
      "c415",
      "c429",
      "c523",
      "c504",
      "c583",
      "c477",
      "c710",
      "c082",
      "c092",
      "c160",
      "c368",
      "c529",
      "c544",
      "c668",
      "c731",
      "c772",
      "c047",
      "c366",
      "c612",
      "c634",
      "c779",
      "c026",
      "c094",
      "c202",
      "c412",
      "c427",
      "c444",
      "c481",
      "c622",
      "c017",
      "c290",
      "c382",
      "c637",
      "c057",
      "c615",
      "c110",
      "c506",
      "c052",
      "c404",
      "c038",
      "c515",
      "c797",
      "c625",
      "c188",
      "c385",
      "c204",
      "c213",
      "c460",
      "c480",
      "c064",
      "c069",
      "c227",
      "c024",
      "c387",
      "c592",
      "c712",
      "c293",
      "c538",
      "c118",
      "c097",
      "c165",
      "c379",
      "c556",
      "c699",
      "c745",
      "c060",
      "c339",
      "c438",
      "c455",
      "c146",
      "c023",
      "c395",
      "c673",
      "c705",
      "c472",
      "c286",
      "c010",
      "c127",
      "c348",
      "c144",
      "c224",
      "c243",
      "c295",
      "c362",
      "c483",
      "c173",
      "c178",
      "c288",
      "c402",
      "c442",
      "c702",
      "c338",
      "c398",
      "c723",
      "c752",
      "c795",
      "c335",
      "c722",
      "c476",
      "c394",
      "c486",
      "c495",
      "c670",
      "c758",
      "c168",
      "c273",
      "c364",
      "c496",
      "c509",
      "c435",
      "c453",
      "c471",
      "c494",
      "c162",
      "c482",
      "c568",
      "c676",
      "c777",
      "c369",
      "c218",
      "c289",
      "c035",
      "c533",
      "c743",
      "c176",
      "c207",
      "c284",
      "c373",
      "c549",
      "c648",
      "c679",
      "c735",
      "c784",
      "c789",
      "c125",
      "c210",
      "c231",
      "c234",
      "c329",
      "c488",
      "c674",
      "c212",
      "c275",
      "c372",
      "c518",
      "c626",
      "c715",
      "c056",
      "c301",
      "c390",
      "c484",
      "c696",
      "c750",
      "c540",
      "c298",
      "c300",
      "c086",
      "c040",
      "c450",
      "c133",
      "c548",
      "c034",
      "c182",
      "c320",
      "c559",
      "c672",
      "c736",
      "c232",
      "c314",
      "c729",
      "c570",
      "c134",
      "c278",
      "c744",
      "c117",
      "c342",
      "c074",
      "c397",
      "c209",
      "c337",
      "c487",
      "c542",
      "c754",
      "c766",
      "c126",
      "c235",
      "c333",
      "c344",
      "c491",
      "c569",
      "c192",
      "c734",
      "c002",
      "c172",
      "c080",
      "c274",
      "c149",
      "c536",
      "c647",
      "c690",
      "c440",
      "c004",
      "c157",
      "c331",
      "c377",
      "c646",
      "c150",
      "c259",
      "c312",
      "c403",
      "c448",
      "c561",
      "c764",
      "c780",
      "c039",
      "c269",
      "c582",
      "c532",
      "c319",
      "c792",
      "c194",
      "c499",
      "c517",
      "c137",
      "c422",
      "c732",
      "c530",
      "c380",
      "c443",
      "c045",
      "c399",
      "c786",
      "c098",
      "c358",
      "c608",
      "c700",
      "c313",
      "c511",
      "c021",
      "c527",
      "c190",
      "c206",
      "c539",
      "c765",
      "c747",
      "c410",
      "c788",
      "c124",
      "c389",
      "c513",
      "c522",
      "c113",
      "c139",
      "c250",
      "c713",
      "c237",
      "c738",
      "c263",
      "c613",
      "c223",
      "c466",
      "c130",
      "c061",
      "c067",
      "c256",
      "c617",
      "c659",
      "c594",
      "c661",
      "c689",
      "c375",
      "c709",
      "c576",
      "c347",
      "c423",
      "c602",
      "c636",
      "c667",
      "c462",
      "c311",
      "c417",
      "c186",
      "c352",
      "c587",
      "c258",
      "c318",
      "c535",
      "c225",
      "c370",
      "c013",
      "c058",
      "c011",
      "c365",
      "c076",
      "c163",
      "c081",
      "c119",
      "c564",
      "c635",
      "c664",
      "c216",
      "c306",
      "c104",
      "c084",
      "c675",
      "c573",
      "c276",
      "c505",
      "c007",
      "c128",
      "c197",
      "c490",
      "c018",
      "c201",
      "c355",
      "c152",
      "c027",
      "c749",
      "c571",
      "c669",
      "c693",
      "c238",
      "c357",
      "c458",
      "c773",
      "c115",
      "c416",
      "c089",
      "c760",
      "c077",
      "c208",
      "c657",
      "c665",
      "c075",
      "c131",
      "c270",
      "c001",
      "c030",
      "c099",
      "c778",
      "c141",
      "c184",
      "c405",
      "c036",
      "c441",
      "c719",
      "c085",
      "c432",
      "c222",
      "c604",
      "c558",
      "c019",
      "c299",
      "c684",
      "c692",
      "c748",
      "c055",
      "c768",
      "c326",
      "c386",
      "c096",
      "c614",
      "c025",
      "c167",
      "c718",
      "c063",
      "c070",
      "c580",
      "c147",
      "c618",
      "c655",
      "c279",
      "c066",
      "c409",
      "c759",
      "c090",
      "c596",
      "c682",
      "c512",
      "c597",
      "c016",
      "c465",
      "c703",
      "c249",
      "c616",
      "c254",
      "c645",
      "c451",
      "c244",
      "c419",
      "c426",
      "c607",
      "c551",
      "c048",
      "c756",
      "c346",
      "c473",
      "c492",
      "c170",
      "c688",
      "c796",
      "c660",
      "c193",
      "c680",
      "c695",
      "c359",
      "c388",
      "c581",
      "c769",
      "c229",
      "c461",
      "c374",
      "c233",
      "c360",
      "c248",
      "c464",
      "c079",
      "c100",
      "c142",
      "c257",
      "c411",
      "c691",
      "c757",
      "c340",
      "c478",
      "c376",
      "c006",
      "c108",
      "c407",
      "c603",
      "c242",
      "c253",
      "c145",
      "c541",
      "c785",
      "c029",
      "c107",
      "c122",
      "c349",
      "c516",
      "c228",
      "c565",
      "c525",
      "c102",
      "c630",
      "c638",
      "c309",
      "c642",
      "c121",
      "c641",
      "c697",
      "c091",
      "c350",
      "c255",
      "c586",
      "c008",
      "c519",
      "c563",
      "c704"
    ]
  },
  "ordered_queues": {
    "edge-1": [
      "c114",
      "c116",
      "c169",
      "c187",
      "c408",
      "c467",
      "c479",
      "c531",
      "c588",
      "c590",
      "c624"
    ],
    "edge-2": [
      "c028",
      "c343",
      "c363",
      "c428",
      "c553",
      "c632",
      "c656",
      "c716",
      "c739"
    ],
    "edge-3": [
      "c033",
      "c043",
      "c044",
      "c051",
      "c174",
      "c239",
      "c296",
      "c328",
      "c449",
      "c751"
    ],
    "edge-4": [
      "c136",
      "c285",
      "c356",
      "c367",
      "c567",
      "c579",
      "c708",
      "c737",
      "c800"
    ],
    "edge-5": [
      "c112",
      "c143",
      "c180",
      "c199",
      "c214",
      "c220",
      "c265",
      "c321",
      "c322",
      "c323"
    ],
    "edge-6": [
      "c003",
      "c022",
      "c049",
      "c078",
      "c493",
      "c501",
      "c508",
      "c528",
      "c601",
      "c724"
    ],
    "edge-7": [
      "c088",
      "c261",
      "c327",
      "c424",
      "c439",
      "c474",
      "c521",
      "c534",
      "c550",
      "c560",
      "c566"
    ],
    "edge-8": [
      "c032",
      "c155",
      "c156",
      "c159",
      "c185",
      "c262",
      "c266",
      "c325",
      "c330",
      "c644",
      "c799"
    ]
  }
}
================================================================================
[RUN][K8s-CA] drtp_img88_cacheonly_1024mb_900.json
{
  "summary": {
    "algo": "FG-DSCR-GC-K8sCA",
    "num_containers": 900,
    "num_scheduled_containers": 78,
    "num_nodes": 8,
    "failed_deployments": 822,
    "ca_penalty": 913.3333333333334,
    "ca_downloaded_mb": 383994,
    "ACT": 103.84519230769232,
    "AMS": 175.41875000000002,
    "downloaded_mb": 8184,
    "reused_mb": 71610,
    "reuse_rate": 0.8974358974358975,
    "objective_without_ca_penalty": 139.63197115384617,
    "objective": 1052.9653044871795
  },
  "assignment": {
    "edge-1": [
      "c408",
      "c531",
      "c848",
      "c033",
      "c051",
      "c841",
      "c501",
      "c022",
      "c322",
      "c343"
    ],
    "edge-2": [
      "c328",
      "c330",
      "c367",
      "c579",
      "c078",
      "c136",
      "c044",
      "c890"
    ],
    "edge-3": [
      "c032",
      "c116",
      "c156",
      "c159",
      "c169",
      "c185",
      "c739",
      "c816",
      "c296",
      "c363"
    ],
    "edge-4": [
      "c851",
      "c855",
      "c028",
      "c043",
      "c088",
      "c174",
      "c180",
      "c321",
      "c553"
    ],
    "edge-5": [
      "c588",
      "c590",
      "c624",
      "c644",
      "c708",
      "c737",
      "c799",
      "c800",
      "c829",
      "c143"
    ],
    "edge-6": [
      "c449",
      "c493",
      "c508",
      "c528",
      "c601",
      "c724",
      "c716",
      "c428",
      "c656"
    ],
    "edge-7": [
      "c187",
      "c199",
      "c214",
      "c220",
      "c262",
      "c285",
      "c327",
      "c356",
      "c424",
      "c534"
    ],
    "edge-8": [
      "c003",
      "c049",
      "c155",
      "c239",
      "c261",
      "c265",
      "c266",
      "c323",
      "c479",
      "c325",
      "c467",
      "c567"
    ],
    "__CA_GUARANTEE__": [
      "c439",
      "c474",
      "c521",
      "c550",
      "c560",
      "c566",
      "c575",
      "c610",
      "c632",
      "c639",
      "c687",
      "c720",
      "c751",
      "c793",
      "c854",
      "c866",
      "c886",
      "c900",
      "c050",
      "c062",
      "c073",
      "c087",
      "c101",
      "c112",
      "c114",
      "c151",
      "c166",
      "c191",
      "c198",
      "c211",
      "c245",
      "c260",
      "c267",
      "c277",
      "c292",
      "c294",
      "c297",
      "c304",
      "c307",
      "c308",
      "c310",
      "c315",
      "c316",
      "c317",
      "c361",
      "c381",
      "c383",
      "c431",
      "c502",
      "c503",
      "c507",
      "c514",
      "c520",
      "c524",
      "c543",
      "c557",
      "c577",
      "c595",
      "c600",
      "c619",
      "c627",
      "c686",
      "c755",
      "c775",
      "c776",
      "c791",
      "c801",
      "c839",
      "c893",
      "c005",
      "c015",
      "c041",
      "c095",
      "c129",
      "c158",
      "c175",
      "c205",
      "c230",
      "c240",
      "c241",
      "c251",
      "c252",
      "c272",
      "c281",
      "c302",
      "c341",
      "c351",
      "c353",
      "c391",
      "c406",
      "c421",
      "c430",
      "c433",
      "c446",
      "c456",
      "c468",
      "c469",
      "c526",
      "c537",
      "c572",
      "c584",
      "c650",
      "c666",
      "c685",
      "c746",
      "c783",
      "c787",
      "c809",
      "c810",
      "c821",
      "c849",
      "c891",
      "c009",
      "c012",
      "c053",
      "c083",
      "c132",
      "c171",
      "c183",
      "c189",
      "c200",
      "c203",
      "c217",
      "c219",
      "c280",
      "c334",
      "c378",
      "c392",
      "c401",
      "c413",
      "c445",
      "c498",
      "c510",
      "c545",
      "c589",
      "c591",
      "c611",
      "c621",
      "c628",
      "c629",
      "c678",
      "c694",
      "c730",
      "c753",
      "c761",
      "c805",
      "c864",
      "c068",
      "c154",
      "c264",
      "c283",
      "c459",
      "c463",
      "c562",
      "c717",
      "c782",
      "c844",
      "c871",
      "c071",
      "c336",
      "c020",
      "c109",
      "c065",
      "c324",
      "c384",
      "c396",
      "c434",
      "c605",
      "c663",
      "c897",
      "c037",
      "c148",
      "c153",
      "c177",
      "c179",
      "c268",
      "c454",
      "c770",
      "c804",
      "c814",
      "c418",
      "c425",
      "c447",
      "c452",
      "c606",
      "c649",
      "c658",
      "c042",
      "c046",
      "c140",
      "c247",
      "c303",
      "c420",
      "c662",
      "c683",
      "c733",
      "c882",
      "c135",
      "c437",
      "c654",
      "c876",
      "c105",
      "c138",
      "c489",
      "c711",
      "c725",
      "c574",
      "c623",
      "c196",
      "c271",
      "c633",
      "c652",
      "c287",
      "c111",
      "c740",
      "c763",
      "c436",
      "c677",
      "c221",
      "c620",
      "c671",
      "c681",
      "c726",
      "c858",
      "c093",
      "c236",
      "c291",
      "c470",
      "c599",
      "c354",
      "c578",
      "c640",
      "c707",
      "c728",
      "c798",
      "c195",
      "c497",
      "c475",
      "c120",
      "c054",
      "c123",
      "c393",
      "c701",
      "c742",
      "c781",
      "c853",
      "c164",
      "c345",
      "c485",
      "c552",
      "c555",
      "c609",
      "c643",
      "c714",
      "c727",
      "c834",
      "c014",
      "c059",
      "c457",
      "c546",
      "c598",
      "c653",
      "c698",
      "c767",
      "c103",
      "c246",
      "c282",
      "c500",
      "c554",
      "c651",
      "c706",
      "c794",
      "c031",
      "c106",
      "c771",
      "c790",
      "c888",
      "c332",
      "c161",
      "c593",
      "c721",
      "c774",
      "c305",
      "c414",
      "c072",
      "c400",
      "c547",
      "c741",
      "c828",
      "c181",
      "c215",
      "c371",
      "c585",
      "c631",
      "c762",
      "c831",
      "c838",
      "c226",
      "c415",
      "c429",
      "c523",
      "c857",
      "c504",
      "c583",
      "c477",
      "c710",
      "c082",
      "c092",
      "c160",
      "c368",
      "c529",
      "c544",
      "c668",
      "c731",
      "c772",
      "c806",
      "c899",
      "c047",
      "c366",
      "c612",
      "c634",
      "c779",
      "c026",
      "c094",
      "c202",
      "c412",
      "c427",
      "c444",
      "c481",
      "c622",
      "c845",
      "c017",
      "c290",
      "c382",
      "c637",
      "c057",
      "c615",
      "c110",
      "c506",
      "c052",
      "c404",
      "c856",
      "c038",
      "c515",
      "c797",
      "c625",
      "c188",
      "c385",
      "c824",
      "c204",
      "c213",
      "c460",
      "c480",
      "c873",
      "c064",
      "c069",
      "c227",
      "c811",
      "c024",
      "c387",
      "c592",
      "c712",
      "c293",
      "c538",
      "c118",
      "c097",
      "c165",
      "c379",
      "c556",
      "c699",
      "c745",
      "c060",
      "c339",
      "c438",
      "c455",
      "c889",
      "c146",
      "c840",
      "c023",
      "c395",
      "c673",
      "c705",
      "c472",
      "c286",
      "c010",
      "c127",
      "c348",
      "c144",
      "c224",
      "c243",
      "c295",
      "c362",
      "c483",
      "c173",
      "c178",
      "c288",
      "c402",
      "c442",
      "c702",
      "c338",
      "c398",
      "c723",
      "c752",
      "c795",
      "c335",
      "c722",
      "c476",
      "c394",
      "c486",
      "c495",
      "c670",
      "c758",
      "c168",
      "c273",
      "c364",
      "c496",
      "c509",
      "c835",
      "c850",
      "c435",
      "c453",
      "c471",
      "c494",
      "c162",
      "c482",
      "c568",
      "c676",
      "c777",
      "c369",
      "c833",
      "c218",
      "c289",
      "c035",
      "c533",
      "c743",
      "c863",
      "c176",
      "c207",
      "c284",
      "c373",
      "c549",
      "c648",
      "c679",
      "c735",
      "c784",
      "c789",
      "c125",
      "c210",
      "c231",
      "c234",
      "c329",
      "c488",
      "c674",
      "c830",
      "c867",
      "c212",
      "c275",
      "c372",
      "c518",
      "c626",
      "c715",
      "c815",
      "c056",
      "c301",
      "c390",
      "c484",
      "c696",
      "c750",
      "c540",
      "c298",
      "c300",
      "c887",
      "c086",
      "c040",
      "c450",
      "c133",
      "c548",
      "c034",
      "c182",
      "c320",
      "c559",
      "c672",
      "c736",
      "c823",
      "c232",
      "c314",
      "c729",
      "c570",
      "c134",
      "c278",
      "c744",
      "c117",
      "c342",
      "c074",
      "c397",
      "c209",
      "c818",
      "c337",
      "c487",
      "c542",
      "c754",
      "c766",
      "c126",
      "c235",
      "c333",
      "c344",
      "c491",
      "c569",
      "c192",
      "c734",
      "c002",
      "c172",
      "c825",
      "c080",
      "c274",
      "c149",
      "c536",
      "c647",
      "c862",
      "c690",
      "c440",
      "c004",
      "c157",
      "c331",
      "c377",
      "c646",
      "c832",
      "c150",
      "c259",
      "c312",
      "c403",
      "c448",
      "c561",
      "c764",
      "c780",
      "c039",
      "c269",
      "c582",
      "c532",
      "c319",
      "c792",
      "c194",
      "c499",
      "c517",
      "c885",
      "c137",
      "c422",
      "c732",
      "c530",
      "c380",
      "c443",
      "c045",
      "c399",
      "c786",
      "c098",
      "c860",
      "c358",
      "c608",
      "c700",
      "c313",
      "c511",
      "c877",
      "c021",
      "c527",
      "c190",
      "c206",
      "c539",
      "c892",
      "c765",
      "c747",
      "c410",
      "c788",
      "c820",
      "c124",
      "c389",
      "c513",
      "c522",
      "c852",
      "c895",
      "c113",
      "c139",
      "c250",
      "c713",
      "c898",
      "c237",
      "c738",
      "c263",
      "c613",
      "c878",
      "c223",
      "c466",
      "c802",
      "c827",
      "c894",
      "c130",
      "c061",
      "c067",
      "c256",
      "c617",
      "c659",
      "c594",
      "c661",
      "c689",
      "c375",
      "c709",
      "c847",
      "c576",
      "c347",
      "c813",
      "c875",
      "c423",
      "c602",
      "c636",
      "c667",
      "c812",
      "c883",
      "c462",
      "c881",
      "c311",
      "c417",
      "c186",
      "c352",
      "c587",
      "c258",
      "c318",
      "c535",
      "c225",
      "c370",
      "c013",
      "c058",
      "c011",
      "c365",
      "c076",
      "c163",
      "c081",
      "c119",
      "c836",
      "c564",
      "c635",
      "c664",
      "c880",
      "c216",
      "c306",
      "c879",
      "c104",
      "c084",
      "c861",
      "c675",
      "c573",
      "c870",
      "c276",
      "c505",
      "c007",
      "c128",
      "c843",
      "c197",
      "c490",
      "c018",
      "c201",
      "c355",
      "c152",
      "c027",
      "c749",
      "c571",
      "c874",
      "c669",
      "c693",
      "c238",
      "c803",
      "c357",
      "c458",
      "c773",
      "c115",
      "c416",
      "c089",
      "c760",
      "c077",
      "c208",
      "c657",
      "c665",
      "c075",
      "c131",
      "c270",
      "c001",
      "c030",
      "c099",
      "c778",
      "c141",
      "c822",
      "c184",
      "c405",
      "c036",
      "c441",
      "c719",
      "c085",
      "c432",
      "c222",
      "c604",
      "c558",
      "c019",
      "c299",
      "c684",
      "c692",
      "c846",
      "c869",
      "c748",
      "c055",
      "c819",
      "c768",
      "c326",
      "c386",
      "c096",
      "c614",
      "c025",
      "c167",
      "c718",
      "c837",
      "c063",
      "c070",
      "c580",
      "c147",
      "c618",
      "c865",
      "c655",
      "c279",
      "c826",
      "c066",
      "c409",
      "c759",
      "c090",
      "c596",
      "c682",
      "c512",
      "c597",
      "c016",
      "c465",
      "c703",
      "c249",
      "c616",
      "c254",
      "c645",
      "c451",
      "c244",
      "c419",
      "c426",
      "c607",
      "c551",
      "c048",
      "c756",
      "c346",
      "c473",
      "c492",
      "c872",
      "c170",
      "c688",
      "c796",
      "c660",
      "c193",
      "c680",
      "c695",
      "c359",
      "c388",
      "c859",
      "c581",
      "c769",
      "c229",
      "c461",
      "c374",
      "c233",
      "c360",
      "c248",
      "c464",
      "c079",
      "c100",
      "c142",
      "c257",
      "c411",
      "c691",
      "c757",
      "c340",
      "c478",
      "c376",
      "c006",
      "c108",
      "c407",
      "c603",
      "c817",
      "c242",
      "c253",
      "c145",
      "c541",
      "c785",
      "c029",
      "c107",
      "c122",
      "c349",
      "c516",
      "c228",
      "c565",
      "c525",
      "c842",
      "c102",
      "c630",
      "c638",
      "c309",
      "c642",
      "c121",
      "c641",
      "c697",
      "c884",
      "c091",
      "c350",
      "c255",
      "c586",
      "c808",
      "c896",
      "c008",
      "c519",
      "c868",
      "c563",
      "c807",
      "c704"
    ]
  },
  "ordered_queues": {
    "edge-1": [
      "c022",
      "c033",
      "c051",
      "c322",
      "c343",
      "c408",
      "c501",
      "c531",
      "c841",
      "c848"
    ],
    "edge-2": [
      "c044",
      "c078",
      "c136",
      "c328",
      "c330",
      "c367",
      "c579",
      "c890"
    ],
    "edge-3": [
      "c032",
      "c116",
      "c156",
      "c159",
      "c169",
      "c185",
      "c296",
      "c363",
      "c739",
      "c816"
    ],
    "edge-4": [
      "c028",
      "c043",
      "c088",
      "c174",
      "c180",
      "c321",
      "c553",
      "c851",
      "c855"
    ],
    "edge-5": [
      "c143",
      "c588",
      "c590",
      "c624",
      "c644",
      "c708",
      "c737",
      "c799",
      "c800",
      "c829"
    ],
    "edge-6": [
      "c428",
      "c449",
      "c493",
      "c508",
      "c528",
      "c601",
      "c656",
      "c716",
      "c724"
    ],
    "edge-7": [
      "c187",
      "c199",
      "c214",
      "c220",
      "c262",
      "c285",
      "c327",
      "c356",
      "c424",
      "c534"
    ],
    "edge-8": [
      "c003",
      "c049",
      "c155",
      "c239",
      "c261",
      "c265",
      "c266",
      "c323",
      "c325",
      "c467",
      "c479",
      "c567"
    ]
  }
}
================================================================================
[RUN][K8s-CA] drtp_img88_cacheonly_128mb_1000.json
{
  "summary": {
    "algo": "FG-DSCR-GC-K8sCA",
    "num_containers": 1000,
    "num_scheduled_containers": 78,
    "num_nodes": 8,
    "failed_deployments": 922,
    "ca_penalty": 922.0,
    "ca_downloaded_mb": 435887,
    "ACT": 169.2036858974359,
    "AMS": 300.85625,
    "downloaded_mb": 76434,
    "reused_mb": 3360,
    "reuse_rate": 0.0421084292052034,
    "objective_without_ca_penalty": 235.02996794871794,
    "objective": 1157.029967948718
  },
  "assignment": {
    "edge-1": [
      "c848",
      "c032",
      "c033",
      "c044",
      "c262",
      "c716",
      "c739",
      "c428",
      "c261",
      "c143"
    ],
    "edge-2": [
      "c156",
      "c169",
      "c567",
      "c579",
      "c800",
      "c328",
      "c330",
      "c367"
    ],
    "edge-3": [
      "c159",
      "c185",
      "c187",
      "c199",
      "c214",
      "c534",
      "c322",
      "c501",
      "c174",
      "c656"
    ],
    "edge-4": [
      "c851",
      "c855",
      "c028",
      "c043",
      "c088",
      "c180",
      "c321",
      "c116",
      "c363"
    ],
    "edge-5": [
      "c239",
      "c265",
      "c266",
      "c323",
      "c325",
      "c408",
      "c467",
      "c550",
      "c799",
      "c890",
      "c943",
      "c479"
    ],
    "edge-6": [
      "c449",
      "c508",
      "c528",
      "c601",
      "c724",
      "c051",
      "c553",
      "c296",
      "c816"
    ],
    "edge-7": [
      "c531",
      "c588",
      "c590",
      "c624",
      "c644",
      "c708",
      "c737",
      "c829",
      "c343",
      "c493"
    ],
    "edge-8": [
      "c841",
      "c944",
      "c961",
      "c965",
      "c003",
      "c022",
      "c049",
      "c078",
      "c136",
      "c155"
    ],
    "__CA_GUARANTEE__": [
      "c220",
      "c285",
      "c327",
      "c356",
      "c424",
      "c439",
      "c474",
      "c521",
      "c560",
      "c566",
      "c575",
      "c610",
      "c632",
      "c639",
      "c687",
      "c720",
      "c751",
      "c793",
      "c854",
      "c866",
      "c886",
      "c900",
      "c939",
      "c050",
      "c062",
      "c073",
      "c087",
      "c101",
      "c112",
      "c114",
      "c151",
      "c166",
      "c191",
      "c198",
      "c211",
      "c245",
      "c260",
      "c267",
      "c277",
      "c292",
      "c294",
      "c297",
      "c304",
      "c307",
      "c308",
      "c310",
      "c315",
      "c316",
      "c317",
      "c361",
      "c381",
      "c383",
      "c431",
      "c502",
      "c503",
      "c507",
      "c514",
      "c520",
      "c524",
      "c543",
      "c557",
      "c577",
      "c595",
      "c600",
      "c619",
      "c627",
      "c686",
      "c755",
      "c775",
      "c776",
      "c791",
      "c801",
      "c839",
      "c893",
      "c909",
      "c938",
      "c941",
      "c977",
      "c1000",
      "c005",
      "c015",
      "c041",
      "c095",
      "c129",
      "c158",
      "c175",
      "c205",
      "c230",
      "c240",
      "c241",
      "c251",
      "c252",
      "c272",
      "c281",
      "c302",
      "c341",
      "c351",
      "c353",
      "c391",
      "c406",
      "c421",
      "c430",
      "c433",
      "c446",
      "c456",
      "c468",
      "c469",
      "c526",
      "c537",
      "c572",
      "c584",
      "c650",
      "c666",
      "c685",
      "c746",
      "c783",
      "c787",
      "c809",
      "c810",
      "c821",
      "c849",
      "c891",
      "c926",
      "c934",
      "c975",
      "c997",
      "c009",
      "c012",
      "c053",
      "c083",
      "c132",
      "c171",
      "c183",
      "c189",
      "c200",
      "c203",
      "c217",
      "c219",
      "c280",
      "c334",
      "c378",
      "c392",
      "c401",
      "c413",
      "c445",
      "c498",
      "c510",
      "c545",
      "c589",
      "c591",
      "c611",
      "c621",
      "c628",
      "c629",
      "c678",
      "c694",
      "c730",
      "c753",
      "c761",
      "c805",
      "c864",
      "c927",
      "c949",
      "c966",
      "c969",
      "c971",
      "c992",
      "c068",
      "c154",
      "c264",
      "c283",
      "c459",
      "c463",
      "c562",
      "c717",
      "c782",
      "c844",
      "c871",
      "c930",
      "c959",
      "c984",
      "c995",
      "c999",
      "c071",
      "c336",
      "c981",
      "c020",
      "c109",
      "c065",
      "c324",
      "c384",
      "c396",
      "c434",
      "c605",
      "c663",
      "c897",
      "c037",
      "c148",
      "c153",
      "c177",
      "c179",
      "c268",
      "c454",
      "c770",
      "c804",
      "c814",
      "c933",
      "c418",
      "c425",
      "c447",
      "c452",
      "c606",
      "c649",
      "c658",
      "c042",
      "c046",
      "c140",
      "c247",
      "c303",
      "c420",
      "c662",
      "c683",
      "c733",
      "c882",
      "c991",
      "c135",
      "c437",
      "c654",
      "c876",
      "c996",
      "c105",
      "c138",
      "c489",
      "c711",
      "c725",
      "c574",
      "c623",
      "c196",
      "c271",
      "c633",
      "c652",
      "c917",
      "c989",
      "c287",
      "c111",
      "c740",
      "c763",
      "c912",
      "c436",
      "c677",
      "c908",
      "c221",
      "c620",
      "c671",
      "c681",
      "c726",
      "c858",
      "c937",
      "c093",
      "c236",
      "c291",
      "c470",
      "c599",
      "c354",
      "c578",
      "c640",
      "c707",
      "c728",
      "c798",
      "c951",
      "c195",
      "c497",
      "c924",
      "c475",
      "c994",
      "c120",
      "c054",
      "c123",
      "c393",
      "c701",
      "c742",
      "c781",
      "c853",
      "c164",
      "c345",
      "c485",
      "c552",
      "c555",
      "c609",
      "c643",
      "c714",
      "c727",
      "c834",
      "c929",
      "c014",
      "c059",
      "c457",
      "c546",
      "c598",
      "c653",
      "c698",
      "c767",
      "c940",
      "c103",
      "c246",
      "c282",
      "c500",
      "c554",
      "c651",
      "c706",
      "c794",
      "c942",
      "c031",
      "c106",
      "c771",
      "c790",
      "c888",
      "c332",
      "c161",
      "c925",
      "c593",
      "c721",
      "c774",
      "c901",
      "c305",
      "c414",
      "c983",
      "c072",
      "c400",
      "c547",
      "c741",
      "c828",
      "c950",
      "c181",
      "c215",
      "c371",
      "c585",
      "c631",
      "c762",
      "c831",
      "c838",
      "c915",
      "c970",
      "c226",
      "c415",
      "c429",
      "c523",
      "c857",
      "c988",
      "c504",
      "c583",
      "c477",
      "c710",
      "c082",
      "c092",
      "c160",
      "c368",
      "c529",
      "c544",
      "c668",
      "c731",
      "c772",
      "c806",
      "c899",
      "c986",
      "c047",
      "c366",
      "c612",
      "c634",
      "c779",
      "c905",
      "c026",
      "c094",
      "c202",
      "c412",
      "c427",
      "c444",
      "c481",
      "c622",
      "c845",
      "c017",
      "c290",
      "c382",
      "c637",
      "c904",
      "c952",
      "c979",
      "c057",
      "c615",
      "c110",
      "c506",
      "c052",
      "c404",
      "c856",
      "c038",
      "c515",
      "c797",
      "c625",
      "c188",
      "c385",
      "c824",
      "c204",
      "c213",
      "c460",
      "c480",
      "c873",
      "c064",
      "c069",
      "c227",
      "c811",
      "c024",
      "c387",
      "c592",
      "c712",
      "c293",
      "c538",
      "c118",
      "c097",
      "c165",
      "c379",
      "c556",
      "c699",
      "c745",
      "c060",
      "c339",
      "c438",
      "c455",
      "c889",
      "c920",
      "c146",
      "c840",
      "c964",
      "c972",
      "c023",
      "c395",
      "c673",
      "c705",
      "c472",
      "c286",
      "c010",
      "c127",
      "c348",
      "c913",
      "c144",
      "c224",
      "c243",
      "c295",
      "c362",
      "c483",
      "c173",
      "c178",
      "c288",
      "c402",
      "c442",
      "c702",
      "c338",
      "c398",
      "c723",
      "c752",
      "c795",
      "c935",
      "c335",
      "c722",
      "c476",
      "c902",
      "c394",
      "c486",
      "c495",
      "c670",
      "c758",
      "c168",
      "c273",
      "c364",
      "c496",
      "c509",
      "c835",
      "c850",
      "c907",
      "c985",
      "c435",
      "c453",
      "c471",
      "c494",
      "c936",
      "c958",
      "c162",
      "c482",
      "c568",
      "c676",
      "c777",
      "c369",
      "c833",
      "c218",
      "c289",
      "c035",
      "c533",
      "c743",
      "c863",
      "c176",
      "c207",
      "c284",
      "c373",
      "c549",
      "c648",
      "c679",
      "c735",
      "c784",
      "c789",
      "c993",
      "c125",
      "c210",
      "c231",
      "c234",
      "c329",
      "c488",
      "c674",
      "c830",
      "c867",
      "c923",
      "c212",
      "c275",
      "c372",
      "c518",
      "c626",
      "c715",
      "c815",
      "c056",
      "c301",
      "c390",
      "c484",
      "c696",
      "c750",
      "c973",
      "c540",
      "c906",
      "c976",
      "c298",
      "c300",
      "c887",
      "c086",
      "c040",
      "c450",
      "c133",
      "c548",
      "c034",
      "c182",
      "c320",
      "c559",
      "c672",
      "c736",
      "c823",
      "c919",
      "c232",
      "c314",
      "c729",
      "c918",
      "c570",
      "c134",
      "c278",
      "c744",
      "c117",
      "c342",
      "c074",
      "c397",
      "c916",
      "c209",
      "c818",
      "c945",
      "c337",
      "c487",
      "c542",
      "c754",
      "c766",
      "c126",
      "c235",
      "c333",
      "c344",
      "c491",
      "c569",
      "c192",
      "c948",
      "c734",
      "c002",
      "c172",
      "c825",
      "c080",
      "c274",
      "c149",
      "c536",
      "c647",
      "c862",
      "c690",
      "c440",
      "c004",
      "c157",
      "c331",
      "c377",
      "c646",
      "c832",
      "c150",
      "c259",
      "c312",
      "c403",
      "c448",
      "c561",
      "c764",
      "c780",
      "c039",
      "c269",
      "c582",
      "c532",
      "c319",
      "c792",
      "c194",
      "c499",
      "c517",
      "c885",
      "c137",
      "c422",
      "c732",
      "c530",
      "c380",
      "c443",
      "c045",
      "c399",
      "c786",
      "c098",
      "c860",
      "c358",
      "c608",
      "c700",
      "c313",
      "c511",
      "c877",
      "c021",
      "c527",
      "c998",
      "c190",
      "c206",
      "c539",
      "c892",
      "c765",
      "c747",
      "c410",
      "c788",
      "c820",
      "c124",
      "c389",
      "c513",
      "c522",
      "c852",
      "c895",
      "c953",
      "c113",
      "c139",
      "c250",
      "c713",
      "c898",
      "c237",
      "c738",
      "c263",
      "c613",
      "c878",
      "c931",
      "c223",
      "c466",
      "c802",
      "c827",
      "c894",
      "c130",
      "c061",
      "c067",
      "c256",
      "c617",
      "c659",
      "c932",
      "c978",
      "c594",
      "c661",
      "c689",
      "c375",
      "c914",
      "c709",
      "c847",
      "c576",
      "c347",
      "c813",
      "c875",
      "c423",
      "c602",
      "c636",
      "c667",
      "c812",
      "c883",
      "c462",
      "c881",
      "c311",
      "c417",
      "c186",
      "c352",
      "c587",
      "c258",
      "c318",
      "c535",
      "c225",
      "c370",
      "c013",
      "c058",
      "c011",
      "c365",
      "c922",
      "c076",
      "c163",
      "c081",
      "c119",
      "c836",
      "c564",
      "c635",
      "c664",
      "c880",
      "c216",
      "c982",
      "c306",
      "c879",
      "c104",
      "c084",
      "c861",
      "c675",
      "c573",
      "c870",
      "c276",
      "c967",
      "c505",
      "c007",
      "c128",
      "c843",
      "c197",
      "c490",
      "c018",
      "c201",
      "c954",
      "c355",
      "c152",
      "c027",
      "c749",
      "c571",
      "c874",
      "c669",
      "c693",
      "c911",
      "c238",
      "c803",
      "c357",
      "c458",
      "c773",
      "c903",
      "c115",
      "c416",
      "c089",
      "c760",
      "c077",
      "c208",
      "c657",
      "c665",
      "c075",
      "c131",
      "c270",
      "c001",
      "c030",
      "c099",
      "c778",
      "c141",
      "c963",
      "c822",
      "c990",
      "c184",
      "c405",
      "c036",
      "c441",
      "c719",
      "c085",
      "c432",
      "c222",
      "c604",
      "c558",
      "c019",
      "c299",
      "c684",
      "c692",
      "c846",
      "c869",
      "c748",
      "c055",
      "c819",
      "c768",
      "c326",
      "c386",
      "c096",
      "c614",
      "c025",
      "c167",
      "c718",
      "c837",
      "c063",
      "c070",
      "c580",
      "c147",
      "c618",
      "c865",
      "c655",
      "c279",
      "c826",
      "c066",
      "c409",
      "c759",
      "c090",
      "c596",
      "c682",
      "c512",
      "c597",
      "c016",
      "c465",
      "c703",
      "c249",
      "c616",
      "c254",
      "c645",
      "c451",
      "c244",
      "c419",
      "c426",
      "c607",
      "c921",
      "c551",
      "c048",
      "c756",
      "c346",
      "c473",
      "c492",
      "c956",
      "c872",
      "c170",
      "c688",
      "c796",
      "c660",
      "c968",
      "c974",
      "c193",
      "c680",
      "c695",
      "c359",
      "c388",
      "c859",
      "c947",
      "c581",
      "c769",
      "c229",
      "c461",
      "c374",
      "c233",
      "c360",
      "c248",
      "c464",
      "c960",
      "c079",
      "c100",
      "c980",
      "c910",
      "c962",
      "c142",
      "c257",
      "c411",
      "c691",
      "c757",
      "c340",
      "c478",
      "c376",
      "c006",
      "c108",
      "c407",
      "c603",
      "c817",
      "c242",
      "c253",
      "c145",
      "c541",
      "c785",
      "c029",
      "c107",
      "c122",
      "c349",
      "c516",
      "c946",
      "c228",
      "c565",
      "c928",
      "c525",
      "c842",
      "c102",
      "c630",
      "c987",
      "c638",
      "c309",
      "c642",
      "c121",
      "c641",
      "c697",
      "c884",
      "c955",
      "c091",
      "c350",
      "c255",
      "c957",
      "c586",
      "c808",
      "c896",
      "c008",
      "c519",
      "c868",
      "c563",
      "c807",
      "c704"
    ]
  },
  "ordered_queues": {
    "edge-1": [
      "c032",
      "c033",
      "c044",
      "c143",
      "c261",
      "c262",
      "c428",
      "c716",
      "c739",
      "c848"
    ],
    "edge-2": [
      "c156",
      "c169",
      "c328",
      "c330",
      "c367",
      "c567",
      "c579",
      "c800"
    ],
    "edge-3": [
      "c159",
      "c174",
      "c185",
      "c187",
      "c199",
      "c214",
      "c322",
      "c501",
      "c534",
      "c656"
    ],
    "edge-4": [
      "c028",
      "c043",
      "c088",
      "c116",
      "c180",
      "c321",
      "c363",
      "c851",
      "c855"
    ],
    "edge-5": [
      "c239",
      "c265",
      "c266",
      "c323",
      "c325",
      "c408",
      "c467",
      "c479",
      "c550",
      "c799",
      "c890",
      "c943"
    ],
    "edge-6": [
      "c051",
      "c296",
      "c449",
      "c508",
      "c528",
      "c553",
      "c601",
      "c724",
      "c816"
    ],
    "edge-7": [
      "c343",
      "c493",
      "c531",
      "c588",
      "c590",
      "c624",
      "c644",
      "c708",
      "c737",
      "c829"
    ],
    "edge-8": [
      "c003",
      "c022",
      "c049",
      "c078",
      "c136",
      "c155",
      "c841",
      "c944",
      "c961",
      "c965"
    ]
  }
}
================================================================================
[RUN][K8s-CA] drtp_img88_cacheonly_128mb_200.json
{
  "summary": {
    "algo": "FG-DSCR-GC-K8sCA",
    "num_containers": 200,
    "num_scheduled_containers": 91,
    "num_nodes": 8,
    "failed_deployments": 109,
    "ca_penalty": 545.0,
    "ca_downloaded_mb": 30648,
    "ACT": 182.8383241758242,
    "AMS": 321.10260416666665,
    "downloaded_mb": 74066,
    "reused_mb": 4094,
    "reuse_rate": 0.05237973387922211,
    "objective_without_ca_penalty": 251.97046417124542,
    "objective": 796.9704641712455
  },
  "assignment": {
    "edge-1": [
      "c117",
      "c051",
      "c052",
      "c060",
      "c119",
      "c176",
      "c188",
      "c003",
      "c155",
      "c053",
      "c072",
      "c121",
      "c115",
      "c129",
      "c157"
    ],
    "edge-2": [
      "c004",
      "c030",
      "c170",
      "c122",
      "c006",
      "c010",
      "c128",
      "c173",
      "c086",
      "c078"
    ],
    "edge-3": [
      "c034",
      "c178",
      "c147",
      "c144",
      "c182",
      "c196",
      "c027",
      "c025",
      "c058",
      "c061",
      "c067",
      "c071"
    ],
    "edge-4": [
      "c160",
      "c165",
      "c199",
      "c016",
      "c017",
      "c047",
      "c082",
      "c098",
      "c019",
      "c198",
      "c074"
    ],
    "edge-5": [
      "c126",
      "c007",
      "c134",
      "c105",
      "c190",
      "c089"
    ],
    "edge-6": [
      "c123",
      "c142",
      "c168",
      "c012",
      "c029",
      "c036",
      "c057",
      "c079",
      "c093",
      "c049",
      "c172",
      "c166"
    ],
    "edge-7": [
      "c107",
      "c020",
      "c076",
      "c088",
      "c109",
      "c180",
      "c149",
      "c097",
      "c091",
      "c156",
      "c022",
      "c130",
      "c152"
    ],
    "edge-8": [
      "c095",
      "c099",
      "c106",
      "c108",
      "c111",
      "c164",
      "c002",
      "c037",
      "c063",
      "c066",
      "c069",
      "c084"
    ],
    "__CA_GUARANTEE__": [
      "c068",
      "c104",
      "c092",
      "c116",
      "c161",
      "c032",
      "c167",
      "c140",
      "c177",
      "c045",
      "c035",
      "c018",
      "c136",
      "c133",
      "c169",
      "c080",
      "c127",
      "c031",
      "c183",
      "c139",
      "c044",
      "c197",
      "c118",
      "c162",
      "c009",
      "c151",
      "c090",
      "c159",
      "c135",
      "c056",
      "c070",
      "c153",
      "c055",
      "c064",
      "c083",
      "c005",
      "c120",
      "c175",
      "c154",
      "c193",
      "c065",
      "c001",
      "c041",
      "c114",
      "c046",
      "c100",
      "c112",
      "c039",
      "c200",
      "c094",
      "c138",
      "c158",
      "c195",
      "c125",
      "c186",
      "c014",
      "c024",
      "c008",
      "c163",
      "c043",
      "c141",
      "c192",
      "c102",
      "c132",
      "c021",
      "c073",
      "c028",
      "c181",
      "c040",
      "c137",
      "c101",
      "c077",
      "c062",
      "c150",
      "c131",
      "c143",
      "c103",
      "c191",
      "c087",
      "c110",
      "c185",
      "c054",
      "c171",
      "c011",
      "c075",
      "c042",
      "c189",
      "c146",
      "c033",
      "c026",
      "c081",
      "c174",
      "c096",
      "c048",
      "c038",
      "c085",
      "c184",
      "c013",
      "c124",
      "c050",
      "c187",
      "c148",
      "c145",
      "c194",
      "c113",
      "c179",
      "c015",
      "c023",
      "c059"
    ]
  },
  "ordered_queues": {
    "edge-1": [
      "c003",
      "c051",
      "c052",
      "c053",
      "c060",
      "c072",
      "c115",
      "c117",
      "c119",
      "c121",
      "c129",
      "c155",
      "c157",
      "c176",
      "c188"
    ],
    "edge-2": [
      "c004",
      "c006",
      "c010",
      "c030",
      "c078",
      "c086",
      "c122",
      "c128",
      "c170",
      "c173"
    ],
    "edge-3": [
      "c025",
      "c027",
      "c034",
      "c058",
      "c061",
      "c067",
      "c071",
      "c144",
      "c147",
      "c178",
      "c182",
      "c196"
    ],
    "edge-4": [
      "c016",
      "c017",
      "c019",
      "c047",
      "c074",
      "c082",
      "c098",
      "c160",
      "c165",
      "c198",
      "c199"
    ],
    "edge-5": [
      "c007",
      "c105",
      "c126",
      "c134",
      "c190",
      "c089"
    ],
    "edge-6": [
      "c012",
      "c029",
      "c036",
      "c049",
      "c057",
      "c079",
      "c093",
      "c123",
      "c142",
      "c166",
      "c168",
      "c172"
    ],
    "edge-7": [
      "c020",
      "c076",
      "c088",
      "c097",
      "c107",
      "c022",
      "c091",
      "c109",
      "c130",
      "c149",
      "c152",
      "c180",
      "c156"
    ],
    "edge-8": [
      "c002",
      "c037",
      "c063",
      "c066",
      "c069",
      "c084",
      "c095",
      "c099",
      "c106",
      "c108",
      "c111",
      "c164"
    ]
  }
}
================================================================================
[RUN][K8s-CA] drtp_img88_cacheonly_128mb_300.json
{
  "summary": {
    "algo": "FG-DSCR-GC-K8sCA",
    "num_containers": 300,
    "num_scheduled_containers": 92,
    "num_nodes": 8,
    "failed_deployments": 208,
    "ca_penalty": 693.3333333333334,
    "ca_downloaded_mb": 65588,
    "ACT": 195.09986413043478,
    "AMS": 350.7869791666667,
    "downloaded_mb": 86747,
    "reused_mb": 3929,
    "reuse_rate": 0.043330098372226386,
    "objective_without_ca_penalty": 272.9434216485507,
    "objective": 966.2767549818841
  },
  "assignment": {
    "edge-1": [
      "c151",
      "c166",
      "c191",
      "c198",
      "c211",
      "c245",
      "c260",
      "c267",
      "c277",
      "c292",
      "c297",
      "c280",
      "c154"
    ],
    "edge-2": [
      "c028",
      "c043",
      "c088",
      "c022",
      "c049",
      "c272",
      "c051",
      "c009",
      "c083",
      "c116",
      "c169"
    ],
    "edge-3": [
      "c005",
      "c041",
      "c129",
      "c158",
      "c175",
      "c205",
      "c230",
      "c240",
      "c241",
      "c281",
      "c068",
      "c264",
      "c071",
      "c283"
    ],
    "edge-4": [
      "c136",
      "c155",
      "c261",
      "c265",
      "c266",
      "c032",
      "c033",
      "c044",
      "c252",
      "c012",
      "c159"
    ],
    "edge-5": [
      "c053",
      "c132",
      "c171",
      "c183",
      "c189",
      "c200",
      "c203",
      "c217",
      "c219",
      "c078",
      "c156",
      "c185"
    ],
    "edge-6": [
      "c187",
      "c199",
      "c214",
      "c251",
      "c296",
      "c143",
      "c174",
      "c180",
      "c003",
      "c239"
    ],
    "edge-7": [
      "c020",
      "c109",
      "c065",
      "c037",
      "c148",
      "c153",
      "c177",
      "c179",
      "c015",
      "c095"
    ],
    "edge-8": [
      "c220",
      "c262",
      "c285",
      "c050",
      "c062",
      "c073",
      "c087",
      "c101",
      "c112",
      "c114",
      "c294"
    ],
    "__CA_GUARANTEE__": [
      "c268",
      "c042",
      "c046",
      "c140",
      "c247",
      "c135",
      "c105",
      "c138",
      "c196",
      "c271",
      "c287",
      "c111",
      "c221",
      "c093",
      "c236",
      "c291",
      "c195",
      "c120",
      "c054",
      "c123",
      "c164",
      "c014",
      "c059",
      "c103",
      "c246",
      "c282",
      "c031",
      "c106",
      "c161",
      "c072",
      "c181",
      "c215",
      "c226",
      "c082",
      "c092",
      "c160",
      "c047",
      "c026",
      "c094",
      "c202",
      "c017",
      "c290",
      "c057",
      "c110",
      "c052",
      "c038",
      "c188",
      "c204",
      "c213",
      "c064",
      "c069",
      "c227",
      "c024",
      "c293",
      "c118",
      "c097",
      "c165",
      "c060",
      "c146",
      "c023",
      "c286",
      "c010",
      "c127",
      "c144",
      "c224",
      "c243",
      "c295",
      "c173",
      "c178",
      "c288",
      "c168",
      "c273",
      "c162",
      "c218",
      "c289",
      "c035",
      "c176",
      "c207",
      "c284",
      "c125",
      "c210",
      "c231",
      "c234",
      "c212",
      "c275",
      "c056",
      "c298",
      "c300",
      "c086",
      "c040",
      "c133",
      "c034",
      "c182",
      "c232",
      "c134",
      "c278",
      "c117",
      "c074",
      "c209",
      "c126",
      "c235",
      "c192",
      "c002",
      "c172",
      "c080",
      "c274",
      "c149",
      "c004",
      "c157",
      "c150",
      "c259",
      "c039",
      "c269",
      "c194",
      "c137",
      "c045",
      "c098",
      "c021",
      "c190",
      "c206",
      "c124",
      "c113",
      "c139",
      "c250",
      "c237",
      "c263",
      "c223",
      "c130",
      "c061",
      "c067",
      "c256",
      "c186",
      "c258",
      "c225",
      "c013",
      "c058",
      "c011",
      "c076",
      "c163",
      "c081",
      "c119",
      "c216",
      "c104",
      "c084",
      "c276",
      "c007",
      "c128",
      "c197",
      "c018",
      "c201",
      "c152",
      "c027",
      "c238",
      "c115",
      "c089",
      "c077",
      "c208",
      "c075",
      "c131",
      "c270",
      "c001",
      "c030",
      "c099",
      "c141",
      "c184",
      "c036",
      "c085",
      "c222",
      "c019",
      "c299",
      "c055",
      "c096",
      "c025",
      "c167",
      "c063",
      "c070",
      "c147",
      "c279",
      "c066",
      "c090",
      "c016",
      "c249",
      "c254",
      "c244",
      "c048",
      "c170",
      "c193",
      "c229",
      "c233",
      "c248",
      "c079",
      "c100",
      "c142",
      "c257",
      "c006",
      "c108",
      "c242",
      "c253",
      "c145",
      "c029",
      "c107",
      "c122",
      "c228",
      "c102",
      "c121",
      "c091",
      "c255",
      "c008"
    ]
  },
  "ordered_queues": {
    "edge-1": [
      "c151",
      "c154",
      "c166",
      "c191",
      "c198",
      "c211",
      "c245",
      "c260",
      "c267",
      "c277",
      "c280",
      "c292",
      "c297"
    ],
    "edge-2": [
      "c009",
      "c022",
      "c028",
      "c043",
      "c049",
      "c051",
      "c083",
      "c088",
      "c116",
      "c169",
      "c272"
    ],
    "edge-3": [
      "c005",
      "c041",
      "c068",
      "c071",
      "c129",
      "c158",
      "c175",
      "c205",
      "c230",
      "c240",
      "c241",
      "c264",
      "c281",
      "c283"
    ],
    "edge-4": [
      "c012",
      "c032",
      "c033",
      "c044",
      "c136",
      "c155",
      "c159",
      "c252",
      "c261",
      "c265",
      "c266"
    ],
    "edge-5": [
      "c053",
      "c078",
      "c132",
      "c156",
      "c171",
      "c183",
      "c185",
      "c189",
      "c200",
      "c203",
      "c217",
      "c219"
    ],
    "edge-6": [
      "c003",
      "c143",
      "c174",
      "c180",
      "c187",
      "c199",
      "c214",
      "c239",
      "c251",
      "c296"
    ],
    "edge-7": [
      "c020",
      "c037",
      "c065",
      "c109",
      "c148",
      "c153",
      "c177",
      "c179",
      "c015",
      "c095"
    ],
    "edge-8": [
      "c050",
      "c062",
      "c073",
      "c087",
      "c101",
      "c112",
      "c114",
      "c220",
      "c262",
      "c285",
      "c294"
    ]
  }
}
================================================================================
[RUN][K8s-CA] drtp_img88_cacheonly_128mb_400.json
{
  "summary": {
    "algo": "FG-DSCR-GC-K8sCA",
    "num_containers": 400,
    "num_scheduled_containers": 90,
    "num_nodes": 8,
    "failed_deployments": 310,
    "ca_penalty": 775.0,
    "ca_downloaded_mb": 117923,
    "ACT": 195.1727777777778,
    "AMS": 346.69218750000005,
    "downloaded_mb": 88134,
    "reused_mb": 3936,
    "reuse_rate": 0.04275008145975888,
    "objective_without_ca_penalty": 270.9324826388889,
    "objective": 1045.9324826388888
  },
  "assignment": {
    "edge-1": [
      "c262",
      "c356",
      "c062",
      "c073",
      "c087",
      "c101",
      "c296",
      "c028",
      "c088",
      "c043"
    ],
    "edge-2": [
      "c175",
      "c151",
      "c166",
      "c308",
      "c129",
      "c191",
      "c245",
      "c361",
      "c260"
    ],
    "edge-3": [
      "c198",
      "c211",
      "c267",
      "c277",
      "c292",
      "c294",
      "c297",
      "c143",
      "c321",
      "c169",
      "c307",
      "c285"
    ],
    "edge-4": [
      "c343",
      "c003",
      "c022",
      "c049",
      "c136",
      "c155",
      "c239",
      "c261",
      "c265",
      "c174",
      "c051"
    ],
    "edge-5": [
      "c310",
      "c315",
      "c316",
      "c317",
      "c381",
      "c383",
      "c005",
      "c015",
      "c041",
      "c095",
      "c050",
      "c220",
      "c327"
    ],
    "edge-6": [
      "c266",
      "c323",
      "c325",
      "c328",
      "c330",
      "c367",
      "c032",
      "c033",
      "c044",
      "c112",
      "c304"
    ],
    "edge-7": [
      "c158",
      "c205",
      "c230",
      "c240",
      "c241",
      "c251",
      "c252",
      "c272",
      "c281",
      "c302",
      "c341",
      "c351",
      "c078",
      "c116"
    ],
    "edge-8": [
      "c156",
      "c159",
      "c185",
      "c187",
      "c199",
      "c214",
      "c114",
      "c322",
      "c180",
      "c363"
    ],
    "__CA_GUARANTEE__": [
      "c353",
      "c391",
      "c009",
      "c012",
      "c053",
      "c083",
      "c132",
      "c171",
      "c183",
      "c189",
      "c200",
      "c203",
      "c217",
      "c219",
      "c280",
      "c334",
      "c378",
      "c392",
      "c068",
      "c154",
      "c264",
      "c283",
      "c071",
      "c336",
      "c020",
      "c109",
      "c065",
      "c324",
      "c384",
      "c396",
      "c037",
      "c148",
      "c153",
      "c177",
      "c179",
      "c268",
      "c042",
      "c046",
      "c140",
      "c247",
      "c303",
      "c135",
      "c105",
      "c138",
      "c196",
      "c271",
      "c287",
      "c111",
      "c221",
      "c093",
      "c236",
      "c291",
      "c354",
      "c195",
      "c120",
      "c054",
      "c123",
      "c393",
      "c164",
      "c345",
      "c014",
      "c059",
      "c103",
      "c246",
      "c282",
      "c031",
      "c106",
      "c332",
      "c161",
      "c305",
      "c072",
      "c400",
      "c181",
      "c215",
      "c371",
      "c226",
      "c082",
      "c092",
      "c160",
      "c368",
      "c047",
      "c366",
      "c026",
      "c094",
      "c202",
      "c017",
      "c290",
      "c382",
      "c057",
      "c110",
      "c052",
      "c038",
      "c188",
      "c385",
      "c204",
      "c213",
      "c064",
      "c069",
      "c227",
      "c024",
      "c387",
      "c293",
      "c118",
      "c097",
      "c165",
      "c379",
      "c060",
      "c339",
      "c146",
      "c023",
      "c395",
      "c286",
      "c010",
      "c127",
      "c348",
      "c144",
      "c224",
      "c243",
      "c295",
      "c362",
      "c173",
      "c178",
      "c288",
      "c338",
      "c398",
      "c335",
      "c394",
      "c168",
      "c273",
      "c364",
      "c162",
      "c369",
      "c218",
      "c289",
      "c035",
      "c176",
      "c207",
      "c284",
      "c373",
      "c125",
      "c210",
      "c231",
      "c234",
      "c329",
      "c212",
      "c275",
      "c372",
      "c056",
      "c301",
      "c390",
      "c298",
      "c300",
      "c086",
      "c040",
      "c133",
      "c034",
      "c182",
      "c320",
      "c232",
      "c314",
      "c134",
      "c278",
      "c117",
      "c342",
      "c074",
      "c397",
      "c209",
      "c337",
      "c126",
      "c235",
      "c333",
      "c344",
      "c192",
      "c002",
      "c172",
      "c080",
      "c274",
      "c149",
      "c004",
      "c157",
      "c331",
      "c377",
      "c150",
      "c259",
      "c312",
      "c039",
      "c269",
      "c319",
      "c194",
      "c137",
      "c380",
      "c045",
      "c399",
      "c098",
      "c358",
      "c313",
      "c021",
      "c190",
      "c206",
      "c124",
      "c389",
      "c113",
      "c139",
      "c250",
      "c237",
      "c263",
      "c223",
      "c130",
      "c061",
      "c067",
      "c256",
      "c375",
      "c347",
      "c311",
      "c186",
      "c352",
      "c258",
      "c318",
      "c225",
      "c370",
      "c013",
      "c058",
      "c011",
      "c365",
      "c076",
      "c163",
      "c081",
      "c119",
      "c216",
      "c306",
      "c104",
      "c084",
      "c276",
      "c007",
      "c128",
      "c197",
      "c018",
      "c201",
      "c355",
      "c152",
      "c027",
      "c238",
      "c357",
      "c115",
      "c089",
      "c077",
      "c208",
      "c075",
      "c131",
      "c270",
      "c001",
      "c030",
      "c099",
      "c141",
      "c184",
      "c036",
      "c085",
      "c222",
      "c019",
      "c299",
      "c055",
      "c326",
      "c386",
      "c096",
      "c025",
      "c167",
      "c063",
      "c070",
      "c147",
      "c279",
      "c066",
      "c090",
      "c016",
      "c249",
      "c254",
      "c244",
      "c048",
      "c346",
      "c170",
      "c193",
      "c359",
      "c388",
      "c229",
      "c374",
      "c233",
      "c360",
      "c248",
      "c079",
      "c100",
      "c142",
      "c257",
      "c340",
      "c376",
      "c006",
      "c108",
      "c242",
      "c253",
      "c145",
      "c029",
      "c107",
      "c122",
      "c349",
      "c228",
      "c102",
      "c309",
      "c121",
      "c091",
      "c350",
      "c255",
      "c008"
    ]
  },
  "ordered_queues": {
    "edge-1": [
      "c028",
      "c043",
      "c062",
      "c073",
      "c087",
      "c088",
      "c101",
      "c262",
      "c296",
      "c356"
    ],
    "edge-2": [
      "c129",
      "c151",
      "c166",
      "c175",
      "c191",
      "c245",
      "c260",
      "c308",
      "c361"
    ],
    "edge-3": [
      "c143",
      "c169",
      "c198",
      "c211",
      "c267",
      "c277",
      "c285",
      "c292",
      "c294",
      "c297",
      "c307",
      "c321"
    ],
    "edge-4": [
      "c003",
      "c022",
      "c049",
      "c051",
      "c136",
      "c155",
      "c174",
      "c239",
      "c261",
      "c265",
      "c343"
    ],
    "edge-5": [
      "c005",
      "c015",
      "c041",
      "c050",
      "c095",
      "c220",
      "c310",
      "c315",
      "c316",
      "c317",
      "c327",
      "c381",
      "c383"
    ],
    "edge-6": [
      "c032",
      "c033",
      "c044",
      "c112",
      "c266",
      "c304",
      "c323",
      "c325",
      "c328",
      "c330",
      "c367"
    ],
    "edge-7": [
      "c078",
      "c116",
      "c158",
      "c205",
      "c230",
      "c240",
      "c241",
      "c251",
      "c252",
      "c272",
      "c281",
      "c302",
      "c341",
      "c351"
    ],
    "edge-8": [
      "c114",
      "c156",
      "c159",
      "c180",
      "c185",
      "c187",
      "c199",
      "c214",
      "c322",
      "c363"
    ]
  }
}
================================================================================
[RUN][K8s-CA] drtp_img88_cacheonly_128mb_500.json
{
  "summary": {
    "algo": "FG-DSCR-GC-K8sCA",
    "num_containers": 500,
    "num_scheduled_containers": 81,
    "num_nodes": 8,
    "failed_deployments": 419,
    "ca_penalty": 838.0,
    "ca_downloaded_mb": 186708,
    "ACT": 177.2780864197531,
    "AMS": 311.9421875,
    "downloaded_mb": 79359,
    "reused_mb": 3504,
    "reuse_rate": 0.04228666594257992,
    "objective_without_ca_penalty": 244.61013695987654,
    "objective": 1082.6101369598766
  },
  "assignment": {
    "edge-1": [
      "c197",
      "c224",
      "c226",
      "c262",
      "c280",
      "c282",
      "c287",
      "c296",
      "c387",
      "c146",
      "c453",
      "c461"
    ],
    "edge-2": [
      "c078",
      "c270",
      "c041",
      "c090",
      "c173",
      "c186",
      "c273",
      "c020",
      "c265"
    ],
    "edge-3": [
      "c305",
      "c315",
      "c319",
      "c329",
      "c339",
      "c369",
      "c421",
      "c274",
      "c441",
      "c443",
      "c122",
      "c245"
    ],
    "edge-4": [
      "c292",
      "c354",
      "c363",
      "c370",
      "c021",
      "c043",
      "c055",
      "c312",
      "c113"
    ],
    "edge-5": [
      "c103",
      "c106",
      "c157",
      "c179",
      "c170",
      "c063",
      "c256",
      "c136",
      "c193",
      "c344"
    ],
    "edge-6": [
      "c235",
      "c207",
      "c302",
      "c087",
      "c242",
      "c062",
      "c093",
      "c165",
      "c357"
    ],
    "edge-7": [
      "c108",
      "c121",
      "c147",
      "c181",
      "c185",
      "c196",
      "c311",
      "c019",
      "c303",
      "c142"
    ],
    "edge-8": [
      "c331",
      "c345",
      "c349",
      "c385",
      "c493",
      "c500",
      "c002",
      "c003",
      "c015",
      "c067"
    ],
    "__CA_GUARANTEE__": [
      "c160",
      "c210",
      "c215",
      "c227",
      "c248",
      "c308",
      "c309",
      "c353",
      "c359",
      "c386",
      "c437",
      "c460",
      "c491",
      "c027",
      "c030",
      "c035",
      "c036",
      "c047",
      "c056",
      "c099",
      "c112",
      "c115",
      "c119",
      "c123",
      "c127",
      "c134",
      "c171",
      "c194",
      "c206",
      "c251",
      "c253",
      "c263",
      "c279",
      "c290",
      "c340",
      "c348",
      "c356",
      "c362",
      "c381",
      "c464",
      "c467",
      "c478",
      "c494",
      "c028",
      "c060",
      "c064",
      "c077",
      "c086",
      "c109",
      "c128",
      "c288",
      "c298",
      "c343",
      "c398",
      "c404",
      "c426",
      "c436",
      "c449",
      "c459",
      "c481",
      "c486",
      "c487",
      "c496",
      "c029",
      "c116",
      "c177",
      "c384",
      "c411",
      "c415",
      "c278",
      "c155",
      "c203",
      "c004",
      "c066",
      "c102",
      "c182",
      "c188",
      "c234",
      "c352",
      "c475",
      "c216",
      "c255",
      "c405",
      "c455",
      "c472",
      "c065",
      "c373",
      "c438",
      "c148",
      "c223",
      "c337",
      "c168",
      "c439",
      "c022",
      "c335",
      "c088",
      "c184",
      "c053",
      "c125",
      "c316",
      "c365",
      "c144",
      "c198",
      "c264",
      "c427",
      "c446",
      "c499",
      "c009",
      "c026",
      "c050",
      "c471",
      "c272",
      "c321",
      "c425",
      "c094",
      "c070",
      "c101",
      "c230",
      "c419",
      "c045",
      "c068",
      "c071",
      "c145",
      "c237",
      "c258",
      "c332",
      "c454",
      "c169",
      "c289",
      "c346",
      "c451",
      "c024",
      "c222",
      "c450",
      "c061",
      "c132",
      "c138",
      "c001",
      "c039",
      "c080",
      "c166",
      "c195",
      "c307",
      "c483",
      "c058",
      "c073",
      "c236",
      "c243",
      "c326",
      "c379",
      "c214",
      "c360",
      "c025",
      "c240",
      "c250",
      "c406",
      "c217",
      "c323",
      "c336",
      "c069",
      "c172",
      "c187",
      "c276",
      "c371",
      "c082",
      "c212",
      "c327",
      "c333",
      "c417",
      "c468",
      "c013",
      "c114",
      "c218",
      "c444",
      "c355",
      "c178",
      "c176",
      "c257",
      "c442",
      "c037",
      "c095",
      "c098",
      "c313",
      "c351",
      "c414",
      "c075",
      "c105",
      "c111",
      "c140",
      "c152",
      "c163",
      "c416",
      "c129",
      "c429",
      "c410",
      "c042",
      "c151",
      "c283",
      "c466",
      "c005",
      "c275",
      "c492",
      "c424",
      "c167",
      "c301",
      "c358",
      "c418",
      "c084",
      "c107",
      "c423",
      "c400",
      "c191",
      "c092",
      "c120",
      "c401",
      "c420",
      "c470",
      "c281",
      "c350",
      "c318",
      "c383",
      "c018",
      "c137",
      "c286",
      "c489",
      "c135",
      "c164",
      "c208",
      "c347",
      "c007",
      "c081",
      "c085",
      "c322",
      "c477",
      "c051",
      "c342",
      "c364",
      "c083",
      "c397",
      "c117",
      "c300",
      "c008",
      "c158",
      "c338",
      "c038",
      "c139",
      "c325",
      "c395",
      "c213",
      "c291",
      "c046",
      "c374",
      "c391",
      "c124",
      "c382",
      "c052",
      "c341",
      "c033",
      "c247",
      "c016",
      "c199",
      "c480",
      "c209",
      "c408",
      "c089",
      "c231",
      "c183",
      "c202",
      "c320",
      "c403",
      "c409",
      "c465",
      "c232",
      "c268",
      "c328",
      "c091",
      "c219",
      "c314",
      "c476",
      "c076",
      "c225",
      "c014",
      "c180",
      "c059",
      "c277",
      "c388",
      "c469",
      "c252",
      "c074",
      "c220",
      "c048",
      "c057",
      "c372",
      "c295",
      "c392",
      "c130",
      "c259",
      "c010",
      "c297",
      "c175",
      "c299",
      "c079",
      "c428",
      "c306",
      "c269",
      "c211",
      "c006",
      "c457",
      "c304",
      "c482",
      "c378",
      "c031",
      "c153",
      "c485",
      "c034",
      "c271",
      "c238",
      "c154",
      "c412",
      "c440",
      "c254",
      "c284",
      "c317",
      "c150",
      "c190",
      "c239",
      "c462",
      "c156",
      "c433",
      "c189",
      "c495",
      "c376",
      "c233",
      "c100",
      "c324",
      "c334",
      "c361",
      "c445",
      "c118",
      "c497",
      "c054",
      "c463",
      "c141",
      "c149",
      "c221",
      "c260",
      "c131",
      "c266",
      "c396",
      "c422",
      "c011",
      "c389",
      "c484",
      "c023",
      "c110",
      "c456",
      "c488",
      "c044",
      "c498",
      "c161",
      "c377",
      "c393",
      "c310",
      "c040",
      "c448",
      "c452",
      "c380",
      "c159",
      "c458",
      "c012",
      "c228",
      "c072",
      "c285",
      "c368",
      "c447",
      "c431",
      "c402",
      "c435",
      "c293",
      "c407",
      "c294",
      "c399",
      "c267",
      "c249",
      "c017",
      "c201",
      "c490",
      "c104",
      "c096",
      "c143",
      "c205",
      "c204",
      "c200",
      "c229",
      "c049",
      "c162",
      "c244",
      "c473",
      "c174",
      "c434",
      "c394",
      "c192",
      "c330",
      "c375",
      "c261",
      "c474",
      "c133",
      "c430",
      "c413",
      "c432",
      "c366",
      "c246",
      "c126",
      "c479",
      "c367",
      "c032",
      "c241",
      "c390",
      "c097"
    ]
  },
  "ordered_queues": {
    "edge-1": [
      "c146",
      "c197",
      "c224",
      "c226",
      "c262",
      "c280",
      "c282",
      "c287",
      "c296",
      "c387",
      "c453",
      "c461"
    ],
    "edge-2": [
      "c020",
      "c041",
      "c078",
      "c090",
      "c173",
      "c186",
      "c265",
      "c270",
      "c273"
    ],
    "edge-3": [
      "c122",
      "c245",
      "c274",
      "c305",
      "c315",
      "c319",
      "c329",
      "c339",
      "c369",
      "c421",
      "c441",
      "c443"
    ],
    "edge-4": [
      "c021",
      "c043",
      "c055",
      "c113",
      "c292",
      "c312",
      "c354",
      "c363",
      "c370"
    ],
    "edge-5": [
      "c063",
      "c103",
      "c106",
      "c136",
      "c157",
      "c170",
      "c179",
      "c193",
      "c256",
      "c344"
    ],
    "edge-6": [
      "c062",
      "c087",
      "c093",
      "c165",
      "c207",
      "c235",
      "c242",
      "c302",
      "c357"
    ],
    "edge-7": [
      "c019",
      "c108",
      "c121",
      "c142",
      "c147",
      "c181",
      "c185",
      "c196",
      "c303",
      "c311"
    ],
    "edge-8": [
      "c002",
      "c003",
      "c015",
      "c067",
      "c331",
      "c345",
      "c349",
      "c385",
      "c493",
      "c500"
    ]
  }
}
================================================================================
[RUN][K8s-CA] drtp_img88_cacheonly_128mb_600.json
{
  "summary": {
    "algo": "FG-DSCR-GC-K8sCA",
    "num_containers": 600,
    "num_scheduled_containers": 83,
    "num_nodes": 8,
    "failed_deployments": 517,
    "ca_penalty": 861.6666666666666,
    "ca_downloaded_mb": 233291,
    "ACT": 177.1501506024096,
    "AMS": 319.48125000000005,
    "downloaded_mb": 81309,
    "reused_mb": 3600,
    "reuse_rate": 0.0423983323322616,
    "objective_without_ca_penalty": 248.31570030120483,
    "objective": 1109.9823669678715
  },
  "assignment": {
    "edge-1": [
      "c579",
      "c588",
      "c590",
      "c032",
      "c051",
      "c116",
      "c156",
      "c159",
      "c304",
      "c169",
      "c199"
    ],
    "edge-2": [
      "c296",
      "c363",
      "c428",
      "c553",
      "c028",
      "c043",
      "c088",
      "c143",
      "c174"
    ],
    "edge-3": [
      "c474",
      "c521",
      "c534",
      "c550",
      "c560",
      "c566",
      "c575",
      "c050",
      "c292",
      "c328",
      "c078"
    ],
    "edge-4": [
      "c062",
      "c101",
      "c073",
      "c087",
      "c112",
      "c424",
      "c439",
      "c033",
      "c214"
    ],
    "edge-5": [
      "c114",
      "c151",
      "c166",
      "c191",
      "c198",
      "c260",
      "c343",
      "c265",
      "c044",
      "c220",
      "c325"
    ],
    "edge-6": [
      "c022",
      "c049",
      "c136",
      "c155",
      "c239",
      "c261",
      "c266",
      "c323",
      "c310",
      "c187",
      "c408",
      "c185"
    ],
    "edge-7": [
      "c262",
      "c285",
      "c327",
      "c356",
      "c180",
      "c493",
      "c321",
      "c501",
      "c003",
      "c322"
    ],
    "edge-8": [
      "c330",
      "c367",
      "c467",
      "c479",
      "c531",
      "c567",
      "c211",
      "c508",
      "c528",
      "c449"
    ],
    "__CA_GUARANTEE__": [
      "c245",
      "c267",
      "c277",
      "c294",
      "c297",
      "c307",
      "c308",
      "c315",
      "c316",
      "c317",
      "c361",
      "c381",
      "c383",
      "c431",
      "c502",
      "c503",
      "c507",
      "c514",
      "c520",
      "c524",
      "c543",
      "c557",
      "c577",
      "c595",
      "c600",
      "c005",
      "c015",
      "c041",
      "c095",
      "c129",
      "c158",
      "c175",
      "c205",
      "c230",
      "c240",
      "c241",
      "c251",
      "c252",
      "c272",
      "c281",
      "c302",
      "c341",
      "c351",
      "c353",
      "c391",
      "c406",
      "c421",
      "c430",
      "c433",
      "c446",
      "c456",
      "c468",
      "c469",
      "c526",
      "c537",
      "c572",
      "c584",
      "c009",
      "c012",
      "c053",
      "c083",
      "c132",
      "c171",
      "c183",
      "c189",
      "c200",
      "c203",
      "c217",
      "c219",
      "c280",
      "c334",
      "c378",
      "c392",
      "c401",
      "c413",
      "c445",
      "c498",
      "c510",
      "c545",
      "c589",
      "c591",
      "c068",
      "c154",
      "c264",
      "c283",
      "c459",
      "c463",
      "c562",
      "c071",
      "c336",
      "c020",
      "c109",
      "c065",
      "c324",
      "c384",
      "c396",
      "c434",
      "c037",
      "c148",
      "c153",
      "c177",
      "c179",
      "c268",
      "c454",
      "c418",
      "c425",
      "c447",
      "c452",
      "c042",
      "c046",
      "c140",
      "c247",
      "c303",
      "c420",
      "c135",
      "c437",
      "c105",
      "c138",
      "c489",
      "c574",
      "c196",
      "c271",
      "c287",
      "c111",
      "c436",
      "c221",
      "c093",
      "c236",
      "c291",
      "c470",
      "c599",
      "c354",
      "c578",
      "c195",
      "c497",
      "c475",
      "c120",
      "c054",
      "c123",
      "c393",
      "c164",
      "c345",
      "c485",
      "c552",
      "c555",
      "c014",
      "c059",
      "c457",
      "c546",
      "c598",
      "c103",
      "c246",
      "c282",
      "c500",
      "c554",
      "c031",
      "c106",
      "c332",
      "c161",
      "c593",
      "c305",
      "c414",
      "c072",
      "c400",
      "c547",
      "c181",
      "c215",
      "c371",
      "c585",
      "c226",
      "c415",
      "c429",
      "c523",
      "c504",
      "c583",
      "c477",
      "c082",
      "c092",
      "c160",
      "c368",
      "c529",
      "c544",
      "c047",
      "c366",
      "c026",
      "c094",
      "c202",
      "c412",
      "c427",
      "c444",
      "c481",
      "c017",
      "c290",
      "c382",
      "c057",
      "c110",
      "c506",
      "c052",
      "c404",
      "c038",
      "c515",
      "c188",
      "c385",
      "c204",
      "c213",
      "c460",
      "c480",
      "c064",
      "c069",
      "c227",
      "c024",
      "c387",
      "c592",
      "c293",
      "c538",
      "c118",
      "c097",
      "c165",
      "c379",
      "c556",
      "c060",
      "c339",
      "c438",
      "c455",
      "c146",
      "c023",
      "c395",
      "c472",
      "c286",
      "c010",
      "c127",
      "c348",
      "c144",
      "c224",
      "c243",
      "c295",
      "c362",
      "c483",
      "c173",
      "c178",
      "c288",
      "c402",
      "c442",
      "c338",
      "c398",
      "c335",
      "c476",
      "c394",
      "c486",
      "c495",
      "c168",
      "c273",
      "c364",
      "c496",
      "c509",
      "c435",
      "c453",
      "c471",
      "c494",
      "c162",
      "c482",
      "c568",
      "c369",
      "c218",
      "c289",
      "c035",
      "c533",
      "c176",
      "c207",
      "c284",
      "c373",
      "c549",
      "c125",
      "c210",
      "c231",
      "c234",
      "c329",
      "c488",
      "c212",
      "c275",
      "c372",
      "c518",
      "c056",
      "c301",
      "c390",
      "c484",
      "c540",
      "c298",
      "c300",
      "c086",
      "c040",
      "c450",
      "c133",
      "c548",
      "c034",
      "c182",
      "c320",
      "c559",
      "c232",
      "c314",
      "c570",
      "c134",
      "c278",
      "c117",
      "c342",
      "c074",
      "c397",
      "c209",
      "c337",
      "c487",
      "c542",
      "c126",
      "c235",
      "c333",
      "c344",
      "c491",
      "c569",
      "c192",
      "c002",
      "c172",
      "c080",
      "c274",
      "c149",
      "c536",
      "c440",
      "c004",
      "c157",
      "c331",
      "c377",
      "c150",
      "c259",
      "c312",
      "c403",
      "c448",
      "c561",
      "c039",
      "c269",
      "c582",
      "c532",
      "c319",
      "c194",
      "c499",
      "c517",
      "c137",
      "c422",
      "c530",
      "c380",
      "c443",
      "c045",
      "c399",
      "c098",
      "c358",
      "c313",
      "c511",
      "c021",
      "c527",
      "c190",
      "c206",
      "c539",
      "c410",
      "c124",
      "c389",
      "c513",
      "c522",
      "c113",
      "c139",
      "c250",
      "c237",
      "c263",
      "c223",
      "c466",
      "c130",
      "c061",
      "c067",
      "c256",
      "c594",
      "c375",
      "c576",
      "c347",
      "c423",
      "c462",
      "c311",
      "c417",
      "c186",
      "c352",
      "c587",
      "c258",
      "c318",
      "c535",
      "c225",
      "c370",
      "c013",
      "c058",
      "c011",
      "c365",
      "c076",
      "c163",
      "c081",
      "c119",
      "c564",
      "c216",
      "c306",
      "c104",
      "c084",
      "c573",
      "c276",
      "c505",
      "c007",
      "c128",
      "c197",
      "c490",
      "c018",
      "c201",
      "c355",
      "c152",
      "c027",
      "c571",
      "c238",
      "c357",
      "c458",
      "c115",
      "c416",
      "c089",
      "c077",
      "c208",
      "c075",
      "c131",
      "c270",
      "c001",
      "c030",
      "c099",
      "c141",
      "c184",
      "c405",
      "c036",
      "c441",
      "c085",
      "c432",
      "c222",
      "c558",
      "c019",
      "c299",
      "c055",
      "c326",
      "c386",
      "c096",
      "c025",
      "c167",
      "c063",
      "c070",
      "c580",
      "c147",
      "c279",
      "c066",
      "c409",
      "c090",
      "c596",
      "c512",
      "c597",
      "c016",
      "c465",
      "c249",
      "c254",
      "c451",
      "c244",
      "c419",
      "c426",
      "c551",
      "c048",
      "c346",
      "c473",
      "c492",
      "c170",
      "c193",
      "c359",
      "c388",
      "c581",
      "c229",
      "c461",
      "c374",
      "c233",
      "c360",
      "c248",
      "c464",
      "c079",
      "c100",
      "c142",
      "c257",
      "c411",
      "c340",
      "c478",
      "c376",
      "c006",
      "c108",
      "c407",
      "c242",
      "c253",
      "c145",
      "c541",
      "c029",
      "c107",
      "c122",
      "c349",
      "c516",
      "c228",
      "c565",
      "c525",
      "c102",
      "c309",
      "c121",
      "c091",
      "c350",
      "c255",
      "c586",
      "c008",
      "c519",
      "c563"
    ]
  },
  "ordered_queues": {
    "edge-1": [
      "c032",
      "c051",
      "c116",
      "c156",
      "c159",
      "c169",
      "c199",
      "c304",
      "c579",
      "c588",
      "c590"
    ],
    "edge-2": [
      "c028",
      "c043",
      "c088",
      "c143",
      "c174",
      "c296",
      "c363",
      "c428",
      "c553"
    ],
    "edge-3": [
      "c050",
      "c078",
      "c292",
      "c328",
      "c474",
      "c521",
      "c534",
      "c550",
      "c560",
      "c566",
      "c575"
    ],
    "edge-4": [
      "c033",
      "c062",
      "c073",
      "c087",
      "c101",
      "c112",
      "c214",
      "c424",
      "c439"
    ],
    "edge-5": [
      "c044",
      "c114",
      "c151",
      "c166",
      "c191",
      "c198",
      "c220",
      "c260",
      "c265",
      "c325",
      "c343"
    ],
    "edge-6": [
      "c022",
      "c049",
      "c136",
      "c155",
      "c185",
      "c187",
      "c239",
      "c261",
      "c266",
      "c310",
      "c323",
      "c408"
    ],
    "edge-7": [
      "c003",
      "c180",
      "c262",
      "c285",
      "c321",
      "c322",
      "c327",
      "c356",
      "c493",
      "c501"
    ],
    "edge-8": [
      "c211",
      "c330",
      "c367",
      "c449",
      "c467",
      "c479",
      "c508",
      "c528",
      "c531",
      "c567"
    ]
  }
}
================================================================================
[RUN][K8s-CA] drtp_img88_cacheonly_128mb_700.json
{
  "summary": {
    "algo": "FG-DSCR-GC-K8sCA",
    "num_containers": 700,
    "num_scheduled_containers": 81,
    "num_nodes": 8,
    "failed_deployments": 619,
    "ca_penalty": 884.2857142857143,
    "ca_downloaded_mb": 282437,
    "ACT": 172.85570987654322,
    "AMS": 309.42656250000005,
    "downloaded_mb": 79359,
    "reused_mb": 3504,
    "reuse_rate": 0.04228666594257992,
    "objective_without_ca_penalty": 241.14113618827162,
    "objective": 1125.426850473986
  },
  "assignment": {
    "edge-1": [
      "c588",
      "c032",
      "c033",
      "c044",
      "c051",
      "c528",
      "c449",
      "c322",
      "c363",
      "c174"
    ],
    "edge-2": [
      "c428",
      "c553",
      "c656",
      "c028",
      "c043",
      "c088",
      "c143",
      "c343",
      "c493"
    ],
    "edge-3": [
      "c199",
      "c214",
      "c220",
      "c112",
      "c180",
      "c321",
      "c508",
      "c003",
      "c265",
      "c296"
    ],
    "edge-4": [
      "c501",
      "c239",
      "c156",
      "c169",
      "c285",
      "c567",
      "c579",
      "c078",
      "c136"
    ],
    "edge-5": [
      "c566",
      "c575",
      "c610",
      "c632",
      "c639",
      "c687",
      "c050",
      "c062",
      "c073",
      "c114"
    ],
    "edge-6": [
      "c601",
      "c022",
      "c049",
      "c155",
      "c261",
      "c116",
      "c187",
      "c590",
      "c644",
      "c159",
      "c185"
    ],
    "edge-7": [
      "c262",
      "c327",
      "c356",
      "c424",
      "c439",
      "c474",
      "c521",
      "c534",
      "c550",
      "c560",
      "c198",
      "c624"
    ],
    "edge-8": [
      "c266",
      "c323",
      "c325",
      "c328",
      "c330",
      "c367",
      "c408",
      "c467",
      "c479",
      "c531"
    ],
    "__CA_GUARANTEE__": [
      "c087",
      "c101",
      "c151",
      "c166",
      "c191",
      "c211",
      "c245",
      "c260",
      "c267",
      "c277",
      "c292",
      "c294",
      "c297",
      "c304",
      "c307",
      "c308",
      "c310",
      "c315",
      "c316",
      "c317",
      "c361",
      "c381",
      "c383",
      "c431",
      "c502",
      "c503",
      "c507",
      "c514",
      "c520",
      "c524",
      "c543",
      "c557",
      "c577",
      "c595",
      "c600",
      "c619",
      "c627",
      "c686",
      "c005",
      "c015",
      "c041",
      "c095",
      "c129",
      "c158",
      "c175",
      "c205",
      "c230",
      "c240",
      "c241",
      "c251",
      "c252",
      "c272",
      "c281",
      "c302",
      "c341",
      "c351",
      "c353",
      "c391",
      "c406",
      "c421",
      "c430",
      "c433",
      "c446",
      "c456",
      "c468",
      "c469",
      "c526",
      "c537",
      "c572",
      "c584",
      "c650",
      "c666",
      "c685",
      "c009",
      "c012",
      "c053",
      "c083",
      "c132",
      "c171",
      "c183",
      "c189",
      "c200",
      "c203",
      "c217",
      "c219",
      "c280",
      "c334",
      "c378",
      "c392",
      "c401",
      "c413",
      "c445",
      "c498",
      "c510",
      "c545",
      "c589",
      "c591",
      "c611",
      "c621",
      "c628",
      "c629",
      "c678",
      "c694",
      "c068",
      "c154",
      "c264",
      "c283",
      "c459",
      "c463",
      "c562",
      "c071",
      "c336",
      "c020",
      "c109",
      "c065",
      "c324",
      "c384",
      "c396",
      "c434",
      "c605",
      "c663",
      "c037",
      "c148",
      "c153",
      "c177",
      "c179",
      "c268",
      "c454",
      "c418",
      "c425",
      "c447",
      "c452",
      "c606",
      "c649",
      "c658",
      "c042",
      "c046",
      "c140",
      "c247",
      "c303",
      "c420",
      "c662",
      "c683",
      "c135",
      "c437",
      "c654",
      "c105",
      "c138",
      "c489",
      "c574",
      "c623",
      "c196",
      "c271",
      "c633",
      "c652",
      "c287",
      "c111",
      "c436",
      "c677",
      "c221",
      "c620",
      "c671",
      "c681",
      "c093",
      "c236",
      "c291",
      "c470",
      "c599",
      "c354",
      "c578",
      "c640",
      "c195",
      "c497",
      "c475",
      "c120",
      "c054",
      "c123",
      "c393",
      "c164",
      "c345",
      "c485",
      "c552",
      "c555",
      "c609",
      "c643",
      "c014",
      "c059",
      "c457",
      "c546",
      "c598",
      "c653",
      "c698",
      "c103",
      "c246",
      "c282",
      "c500",
      "c554",
      "c651",
      "c031",
      "c106",
      "c332",
      "c161",
      "c593",
      "c305",
      "c414",
      "c072",
      "c400",
      "c547",
      "c181",
      "c215",
      "c371",
      "c585",
      "c631",
      "c226",
      "c415",
      "c429",
      "c523",
      "c504",
      "c583",
      "c477",
      "c082",
      "c092",
      "c160",
      "c368",
      "c529",
      "c544",
      "c668",
      "c047",
      "c366",
      "c612",
      "c634",
      "c026",
      "c094",
      "c202",
      "c412",
      "c427",
      "c444",
      "c481",
      "c622",
      "c017",
      "c290",
      "c382",
      "c637",
      "c057",
      "c615",
      "c110",
      "c506",
      "c052",
      "c404",
      "c038",
      "c515",
      "c625",
      "c188",
      "c385",
      "c204",
      "c213",
      "c460",
      "c480",
      "c064",
      "c069",
      "c227",
      "c024",
      "c387",
      "c592",
      "c293",
      "c538",
      "c118",
      "c097",
      "c165",
      "c379",
      "c556",
      "c699",
      "c060",
      "c339",
      "c438",
      "c455",
      "c146",
      "c023",
      "c395",
      "c673",
      "c472",
      "c286",
      "c010",
      "c127",
      "c348",
      "c144",
      "c224",
      "c243",
      "c295",
      "c362",
      "c483",
      "c173",
      "c178",
      "c288",
      "c402",
      "c442",
      "c338",
      "c398",
      "c335",
      "c476",
      "c394",
      "c486",
      "c495",
      "c670",
      "c168",
      "c273",
      "c364",
      "c496",
      "c509",
      "c435",
      "c453",
      "c471",
      "c494",
      "c162",
      "c482",
      "c568",
      "c676",
      "c369",
      "c218",
      "c289",
      "c035",
      "c533",
      "c176",
      "c207",
      "c284",
      "c373",
      "c549",
      "c648",
      "c679",
      "c125",
      "c210",
      "c231",
      "c234",
      "c329",
      "c488",
      "c674",
      "c212",
      "c275",
      "c372",
      "c518",
      "c626",
      "c056",
      "c301",
      "c390",
      "c484",
      "c696",
      "c540",
      "c298",
      "c300",
      "c086",
      "c040",
      "c450",
      "c133",
      "c548",
      "c034",
      "c182",
      "c320",
      "c559",
      "c672",
      "c232",
      "c314",
      "c570",
      "c134",
      "c278",
      "c117",
      "c342",
      "c074",
      "c397",
      "c209",
      "c337",
      "c487",
      "c542",
      "c126",
      "c235",
      "c333",
      "c344",
      "c491",
      "c569",
      "c192",
      "c002",
      "c172",
      "c080",
      "c274",
      "c149",
      "c536",
      "c647",
      "c690",
      "c440",
      "c004",
      "c157",
      "c331",
      "c377",
      "c646",
      "c150",
      "c259",
      "c312",
      "c403",
      "c448",
      "c561",
      "c039",
      "c269",
      "c582",
      "c532",
      "c319",
      "c194",
      "c499",
      "c517",
      "c137",
      "c422",
      "c530",
      "c380",
      "c443",
      "c045",
      "c399",
      "c098",
      "c358",
      "c608",
      "c700",
      "c313",
      "c511",
      "c021",
      "c527",
      "c190",
      "c206",
      "c539",
      "c410",
      "c124",
      "c389",
      "c513",
      "c522",
      "c113",
      "c139",
      "c250",
      "c237",
      "c263",
      "c613",
      "c223",
      "c466",
      "c130",
      "c061",
      "c067",
      "c256",
      "c617",
      "c659",
      "c594",
      "c661",
      "c689",
      "c375",
      "c576",
      "c347",
      "c423",
      "c602",
      "c636",
      "c667",
      "c462",
      "c311",
      "c417",
      "c186",
      "c352",
      "c587",
      "c258",
      "c318",
      "c535",
      "c225",
      "c370",
      "c013",
      "c058",
      "c011",
      "c365",
      "c076",
      "c163",
      "c081",
      "c119",
      "c564",
      "c635",
      "c664",
      "c216",
      "c306",
      "c104",
      "c084",
      "c675",
      "c573",
      "c276",
      "c505",
      "c007",
      "c128",
      "c197",
      "c490",
      "c018",
      "c201",
      "c355",
      "c152",
      "c027",
      "c571",
      "c669",
      "c693",
      "c238",
      "c357",
      "c458",
      "c115",
      "c416",
      "c089",
      "c077",
      "c208",
      "c657",
      "c665",
      "c075",
      "c131",
      "c270",
      "c001",
      "c030",
      "c099",
      "c141",
      "c184",
      "c405",
      "c036",
      "c441",
      "c085",
      "c432",
      "c222",
      "c604",
      "c558",
      "c019",
      "c299",
      "c684",
      "c692",
      "c055",
      "c326",
      "c386",
      "c096",
      "c614",
      "c025",
      "c167",
      "c063",
      "c070",
      "c580",
      "c147",
      "c618",
      "c655",
      "c279",
      "c066",
      "c409",
      "c090",
      "c596",
      "c682",
      "c512",
      "c597",
      "c016",
      "c465",
      "c249",
      "c616",
      "c254",
      "c645",
      "c451",
      "c244",
      "c419",
      "c426",
      "c607",
      "c551",
      "c048",
      "c346",
      "c473",
      "c492",
      "c170",
      "c688",
      "c660",
      "c193",
      "c680",
      "c695",
      "c359",
      "c388",
      "c581",
      "c229",
      "c461",
      "c374",
      "c233",
      "c360",
      "c248",
      "c464",
      "c079",
      "c100",
      "c142",
      "c257",
      "c411",
      "c691",
      "c340",
      "c478",
      "c376",
      "c006",
      "c108",
      "c407",
      "c603",
      "c242",
      "c253",
      "c145",
      "c541",
      "c029",
      "c107",
      "c122",
      "c349",
      "c516",
      "c228",
      "c565",
      "c525",
      "c102",
      "c630",
      "c638",
      "c309",
      "c642",
      "c121",
      "c641",
      "c697",
      "c091",
      "c350",
      "c255",
      "c586",
      "c008",
      "c519",
      "c563"
    ]
  },
  "ordered_queues": {
    "edge-1": [
      "c032",
      "c033",
      "c044",
      "c051",
      "c174",
      "c322",
      "c363",
      "c449",
      "c528",
      "c588"
    ],
    "edge-2": [
      "c028",
      "c043",
      "c088",
      "c143",
      "c343",
      "c428",
      "c493",
      "c553",
      "c656"
    ],
    "edge-3": [
      "c003",
      "c112",
      "c180",
      "c199",
      "c214",
      "c220",
      "c265",
      "c296",
      "c321",
      "c508"
    ],
    "edge-4": [
      "c078",
      "c136",
      "c156",
      "c169",
      "c239",
      "c285",
      "c501",
      "c567",
      "c579"
    ],
    "edge-5": [
      "c050",
      "c062",
      "c073",
      "c114",
      "c566",
      "c575",
      "c610",
      "c632",
      "c639",
      "c687"
    ],
    "edge-6": [
      "c022",
      "c049",
      "c116",
      "c155",
      "c159",
      "c185",
      "c187",
      "c261",
      "c590",
      "c601",
      "c644"
    ],
    "edge-7": [
      "c198",
      "c262",
      "c327",
      "c356",
      "c424",
      "c439",
      "c474",
      "c521",
      "c534",
      "c550",
      "c560",
      "c624"
    ],
    "edge-8": [
      "c266",
      "c323",
      "c325",
      "c328",
      "c330",
      "c367",
      "c408",
      "c467",
      "c479",
      "c531"
    ]
  }
}
================================================================================
[RUN][K8s-CA] drtp_img88_cacheonly_128mb_800.json
{
  "summary": {
    "algo": "FG-DSCR-GC-K8sCA",
    "num_containers": 800,
    "num_scheduled_containers": 81,
    "num_nodes": 8,
    "failed_deployments": 719,
    "ca_penalty": 898.75,
    "ca_downloaded_mb": 333619,
    "ACT": 174.03780864197532,
    "AMS": 311.42656250000005,
    "downloaded_mb": 79359,
    "reused_mb": 3504,
    "reuse_rate": 0.04228666594257992,
    "objective_without_ca_penalty": 242.73218557098767,
    "objective": 1141.4821855709877
  },
  "assignment": {
    "edge-1": [
      "c408",
      "c467",
      "c479",
      "c531",
      "c588",
      "c590",
      "c624",
      "c114",
      "c116",
      "c187",
      "c169"
    ],
    "edge-2": [
      "c363",
      "c428",
      "c553",
      "c656",
      "c716",
      "c739",
      "c028",
      "c632",
      "c343"
    ],
    "edge-3": [
      "c033",
      "c044",
      "c051",
      "c751",
      "c449",
      "c174",
      "c239",
      "c296",
      "c043",
      "c328"
    ],
    "edge-4": [
      "c285",
      "c356",
      "c367",
      "c567",
      "c136",
      "c737",
      "c708",
      "c800",
      "c579"
    ],
    "edge-5": [
      "c199",
      "c214",
      "c220",
      "c112",
      "c143",
      "c180",
      "c322",
      "c321",
      "c265",
      "c323"
    ],
    "edge-6": [
      "c493",
      "c501",
      "c508",
      "c528",
      "c601",
      "c724",
      "c003",
      "c022",
      "c049",
      "c078"
    ],
    "edge-7": [
      "c327",
      "c424",
      "c439",
      "c474",
      "c521",
      "c534",
      "c550",
      "c560",
      "c566",
      "c088",
      "c261"
    ],
    "edge-8": [
      "c155",
      "c266",
      "c325",
      "c330",
      "c262",
      "c032",
      "c799",
      "c156",
      "c159",
      "c185",
      "c644"
    ],
    "__CA_GUARANTEE__": [
      "c575",
      "c610",
      "c639",
      "c687",
      "c720",
      "c793",
      "c050",
      "c062",
      "c073",
      "c087",
      "c101",
      "c151",
      "c166",
      "c191",
      "c198",
      "c211",
      "c245",
      "c260",
      "c267",
      "c277",
      "c292",
      "c294",
      "c297",
      "c304",
      "c307",
      "c308",
      "c310",
      "c315",
      "c316",
      "c317",
      "c361",
      "c381",
      "c383",
      "c431",
      "c502",
      "c503",
      "c507",
      "c514",
      "c520",
      "c524",
      "c543",
      "c557",
      "c577",
      "c595",
      "c600",
      "c619",
      "c627",
      "c686",
      "c755",
      "c775",
      "c776",
      "c791",
      "c005",
      "c015",
      "c041",
      "c095",
      "c129",
      "c158",
      "c175",
      "c205",
      "c230",
      "c240",
      "c241",
      "c251",
      "c252",
      "c272",
      "c281",
      "c302",
      "c341",
      "c351",
      "c353",
      "c391",
      "c406",
      "c421",
      "c430",
      "c433",
      "c446",
      "c456",
      "c468",
      "c469",
      "c526",
      "c537",
      "c572",
      "c584",
      "c650",
      "c666",
      "c685",
      "c746",
      "c783",
      "c787",
      "c009",
      "c012",
      "c053",
      "c083",
      "c132",
      "c171",
      "c183",
      "c189",
      "c200",
      "c203",
      "c217",
      "c219",
      "c280",
      "c334",
      "c378",
      "c392",
      "c401",
      "c413",
      "c445",
      "c498",
      "c510",
      "c545",
      "c589",
      "c591",
      "c611",
      "c621",
      "c628",
      "c629",
      "c678",
      "c694",
      "c730",
      "c753",
      "c761",
      "c068",
      "c154",
      "c264",
      "c283",
      "c459",
      "c463",
      "c562",
      "c717",
      "c782",
      "c071",
      "c336",
      "c020",
      "c109",
      "c065",
      "c324",
      "c384",
      "c396",
      "c434",
      "c605",
      "c663",
      "c037",
      "c148",
      "c153",
      "c177",
      "c179",
      "c268",
      "c454",
      "c770",
      "c418",
      "c425",
      "c447",
      "c452",
      "c606",
      "c649",
      "c658",
      "c042",
      "c046",
      "c140",
      "c247",
      "c303",
      "c420",
      "c662",
      "c683",
      "c733",
      "c135",
      "c437",
      "c654",
      "c105",
      "c138",
      "c489",
      "c711",
      "c725",
      "c574",
      "c623",
      "c196",
      "c271",
      "c633",
      "c652",
      "c287",
      "c111",
      "c740",
      "c763",
      "c436",
      "c677",
      "c221",
      "c620",
      "c671",
      "c681",
      "c726",
      "c093",
      "c236",
      "c291",
      "c470",
      "c599",
      "c354",
      "c578",
      "c640",
      "c707",
      "c728",
      "c798",
      "c195",
      "c497",
      "c475",
      "c120",
      "c054",
      "c123",
      "c393",
      "c701",
      "c742",
      "c781",
      "c164",
      "c345",
      "c485",
      "c552",
      "c555",
      "c609",
      "c643",
      "c714",
      "c727",
      "c014",
      "c059",
      "c457",
      "c546",
      "c598",
      "c653",
      "c698",
      "c767",
      "c103",
      "c246",
      "c282",
      "c500",
      "c554",
      "c651",
      "c706",
      "c794",
      "c031",
      "c106",
      "c771",
      "c790",
      "c332",
      "c161",
      "c593",
      "c721",
      "c774",
      "c305",
      "c414",
      "c072",
      "c400",
      "c547",
      "c741",
      "c181",
      "c215",
      "c371",
      "c585",
      "c631",
      "c762",
      "c226",
      "c415",
      "c429",
      "c523",
      "c504",
      "c583",
      "c477",
      "c710",
      "c082",
      "c092",
      "c160",
      "c368",
      "c529",
      "c544",
      "c668",
      "c731",
      "c772",
      "c047",
      "c366",
      "c612",
      "c634",
      "c779",
      "c026",
      "c094",
      "c202",
      "c412",
      "c427",
      "c444",
      "c481",
      "c622",
      "c017",
      "c290",
      "c382",
      "c637",
      "c057",
      "c615",
      "c110",
      "c506",
      "c052",
      "c404",
      "c038",
      "c515",
      "c797",
      "c625",
      "c188",
      "c385",
      "c204",
      "c213",
      "c460",
      "c480",
      "c064",
      "c069",
      "c227",
      "c024",
      "c387",
      "c592",
      "c712",
      "c293",
      "c538",
      "c118",
      "c097",
      "c165",
      "c379",
      "c556",
      "c699",
      "c745",
      "c060",
      "c339",
      "c438",
      "c455",
      "c146",
      "c023",
      "c395",
      "c673",
      "c705",
      "c472",
      "c286",
      "c010",
      "c127",
      "c348",
      "c144",
      "c224",
      "c243",
      "c295",
      "c362",
      "c483",
      "c173",
      "c178",
      "c288",
      "c402",
      "c442",
      "c702",
      "c338",
      "c398",
      "c723",
      "c752",
      "c795",
      "c335",
      "c722",
      "c476",
      "c394",
      "c486",
      "c495",
      "c670",
      "c758",
      "c168",
      "c273",
      "c364",
      "c496",
      "c509",
      "c435",
      "c453",
      "c471",
      "c494",
      "c162",
      "c482",
      "c568",
      "c676",
      "c777",
      "c369",
      "c218",
      "c289",
      "c035",
      "c533",
      "c743",
      "c176",
      "c207",
      "c284",
      "c373",
      "c549",
      "c648",
      "c679",
      "c735",
      "c784",
      "c789",
      "c125",
      "c210",
      "c231",
      "c234",
      "c329",
      "c488",
      "c674",
      "c212",
      "c275",
      "c372",
      "c518",
      "c626",
      "c715",
      "c056",
      "c301",
      "c390",
      "c484",
      "c696",
      "c750",
      "c540",
      "c298",
      "c300",
      "c086",
      "c040",
      "c450",
      "c133",
      "c548",
      "c034",
      "c182",
      "c320",
      "c559",
      "c672",
      "c736",
      "c232",
      "c314",
      "c729",
      "c570",
      "c134",
      "c278",
      "c744",
      "c117",
      "c342",
      "c074",
      "c397",
      "c209",
      "c337",
      "c487",
      "c542",
      "c754",
      "c766",
      "c126",
      "c235",
      "c333",
      "c344",
      "c491",
      "c569",
      "c192",
      "c734",
      "c002",
      "c172",
      "c080",
      "c274",
      "c149",
      "c536",
      "c647",
      "c690",
      "c440",
      "c004",
      "c157",
      "c331",
      "c377",
      "c646",
      "c150",
      "c259",
      "c312",
      "c403",
      "c448",
      "c561",
      "c764",
      "c780",
      "c039",
      "c269",
      "c582",
      "c532",
      "c319",
      "c792",
      "c194",
      "c499",
      "c517",
      "c137",
      "c422",
      "c732",
      "c530",
      "c380",
      "c443",
      "c045",
      "c399",
      "c786",
      "c098",
      "c358",
      "c608",
      "c700",
      "c313",
      "c511",
      "c021",
      "c527",
      "c190",
      "c206",
      "c539",
      "c765",
      "c747",
      "c410",
      "c788",
      "c124",
      "c389",
      "c513",
      "c522",
      "c113",
      "c139",
      "c250",
      "c713",
      "c237",
      "c738",
      "c263",
      "c613",
      "c223",
      "c466",
      "c130",
      "c061",
      "c067",
      "c256",
      "c617",
      "c659",
      "c594",
      "c661",
      "c689",
      "c375",
      "c709",
      "c576",
      "c347",
      "c423",
      "c602",
      "c636",
      "c667",
      "c462",
      "c311",
      "c417",
      "c186",
      "c352",
      "c587",
      "c258",
      "c318",
      "c535",
      "c225",
      "c370",
      "c013",
      "c058",
      "c011",
      "c365",
      "c076",
      "c163",
      "c081",
      "c119",
      "c564",
      "c635",
      "c664",
      "c216",
      "c306",
      "c104",
      "c084",
      "c675",
      "c573",
      "c276",
      "c505",
      "c007",
      "c128",
      "c197",
      "c490",
      "c018",
      "c201",
      "c355",
      "c152",
      "c027",
      "c749",
      "c571",
      "c669",
      "c693",
      "c238",
      "c357",
      "c458",
      "c773",
      "c115",
      "c416",
      "c089",
      "c760",
      "c077",
      "c208",
      "c657",
      "c665",
      "c075",
      "c131",
      "c270",
      "c001",
      "c030",
      "c099",
      "c778",
      "c141",
      "c184",
      "c405",
      "c036",
      "c441",
      "c719",
      "c085",
      "c432",
      "c222",
      "c604",
      "c558",
      "c019",
      "c299",
      "c684",
      "c692",
      "c748",
      "c055",
      "c768",
      "c326",
      "c386",
      "c096",
      "c614",
      "c025",
      "c167",
      "c718",
      "c063",
      "c070",
      "c580",
      "c147",
      "c618",
      "c655",
      "c279",
      "c066",
      "c409",
      "c759",
      "c090",
      "c596",
      "c682",
      "c512",
      "c597",
      "c016",
      "c465",
      "c703",
      "c249",
      "c616",
      "c254",
      "c645",
      "c451",
      "c244",
      "c419",
      "c426",
      "c607",
      "c551",
      "c048",
      "c756",
      "c346",
      "c473",
      "c492",
      "c170",
      "c688",
      "c796",
      "c660",
      "c193",
      "c680",
      "c695",
      "c359",
      "c388",
      "c581",
      "c769",
      "c229",
      "c461",
      "c374",
      "c233",
      "c360",
      "c248",
      "c464",
      "c079",
      "c100",
      "c142",
      "c257",
      "c411",
      "c691",
      "c757",
      "c340",
      "c478",
      "c376",
      "c006",
      "c108",
      "c407",
      "c603",
      "c242",
      "c253",
      "c145",
      "c541",
      "c785",
      "c029",
      "c107",
      "c122",
      "c349",
      "c516",
      "c228",
      "c565",
      "c525",
      "c102",
      "c630",
      "c638",
      "c309",
      "c642",
      "c121",
      "c641",
      "c697",
      "c091",
      "c350",
      "c255",
      "c586",
      "c008",
      "c519",
      "c563",
      "c704"
    ]
  },
  "ordered_queues": {
    "edge-1": [
      "c114",
      "c116",
      "c169",
      "c187",
      "c408",
      "c467",
      "c479",
      "c531",
      "c588",
      "c590",
      "c624"
    ],
    "edge-2": [
      "c028",
      "c343",
      "c363",
      "c428",
      "c553",
      "c632",
      "c656",
      "c716",
      "c739"
    ],
    "edge-3": [
      "c033",
      "c043",
      "c044",
      "c051",
      "c174",
      "c239",
      "c296",
      "c328",
      "c449",
      "c751"
    ],
    "edge-4": [
      "c136",
      "c285",
      "c356",
      "c367",
      "c567",
      "c579",
      "c708",
      "c737",
      "c800"
    ],
    "edge-5": [
      "c112",
      "c143",
      "c180",
      "c199",
      "c214",
      "c220",
      "c265",
      "c321",
      "c322",
      "c323"
    ],
    "edge-6": [
      "c003",
      "c022",
      "c049",
      "c078",
      "c493",
      "c501",
      "c508",
      "c528",
      "c601",
      "c724"
    ],
    "edge-7": [
      "c088",
      "c261",
      "c327",
      "c424",
      "c439",
      "c474",
      "c521",
      "c534",
      "c550",
      "c560",
      "c566"
    ],
    "edge-8": [
      "c032",
      "c155",
      "c156",
      "c159",
      "c185",
      "c262",
      "c266",
      "c325",
      "c330",
      "c644",
      "c799"
    ]
  }
}
================================================================================
[RUN][K8s-CA] drtp_img88_cacheonly_128mb_900.json
{
  "summary": {
    "algo": "FG-DSCR-GC-K8sCA",
    "num_containers": 900,
    "num_scheduled_containers": 78,
    "num_nodes": 8,
    "failed_deployments": 822,
    "ca_penalty": 913.3333333333334,
    "ca_downloaded_mb": 383994,
    "ACT": 167.33397435897436,
    "AMS": 300.340625,
    "downloaded_mb": 76434,
    "reused_mb": 3360,
    "reuse_rate": 0.0421084292052034,
    "objective_without_ca_penalty": 233.83729967948716,
    "objective": 1147.1706330128204
  },
  "assignment": {
    "edge-1": [
      "c408",
      "c531",
      "c848",
      "c033",
      "c051",
      "c841",
      "c501",
      "c022",
      "c322",
      "c143"
    ],
    "edge-2": [
      "c328",
      "c330",
      "c367",
      "c579",
      "c078",
      "c136",
      "c044",
      "c890"
    ],
    "edge-3": [
      "c032",
      "c116",
      "c156",
      "c159",
      "c169",
      "c185",
      "c739",
      "c816",
      "c296",
      "c363"
    ],
    "edge-4": [
      "c851",
      "c855",
      "c028",
      "c043",
      "c088",
      "c174",
      "c180",
      "c321",
      "c656"
    ],
    "edge-5": [
      "c588",
      "c590",
      "c624",
      "c644",
      "c708",
      "c737",
      "c799",
      "c800",
      "c829",
      "c343"
    ],
    "edge-6": [
      "c449",
      "c493",
      "c508",
      "c528",
      "c601",
      "c724",
      "c716",
      "c428",
      "c553"
    ],
    "edge-7": [
      "c187",
      "c199",
      "c214",
      "c220",
      "c262",
      "c285",
      "c327",
      "c356",
      "c424",
      "c534"
    ],
    "edge-8": [
      "c003",
      "c049",
      "c155",
      "c239",
      "c261",
      "c265",
      "c266",
      "c323",
      "c479",
      "c325",
      "c467",
      "c567"
    ],
    "__CA_GUARANTEE__": [
      "c439",
      "c474",
      "c521",
      "c550",
      "c560",
      "c566",
      "c575",
      "c610",
      "c632",
      "c639",
      "c687",
      "c720",
      "c751",
      "c793",
      "c854",
      "c866",
      "c886",
      "c900",
      "c050",
      "c062",
      "c073",
      "c087",
      "c101",
      "c112",
      "c114",
      "c151",
      "c166",
      "c191",
      "c198",
      "c211",
      "c245",
      "c260",
      "c267",
      "c277",
      "c292",
      "c294",
      "c297",
      "c304",
      "c307",
      "c308",
      "c310",
      "c315",
      "c316",
      "c317",
      "c361",
      "c381",
      "c383",
      "c431",
      "c502",
      "c503",
      "c507",
      "c514",
      "c520",
      "c524",
      "c543",
      "c557",
      "c577",
      "c595",
      "c600",
      "c619",
      "c627",
      "c686",
      "c755",
      "c775",
      "c776",
      "c791",
      "c801",
      "c839",
      "c893",
      "c005",
      "c015",
      "c041",
      "c095",
      "c129",
      "c158",
      "c175",
      "c205",
      "c230",
      "c240",
      "c241",
      "c251",
      "c252",
      "c272",
      "c281",
      "c302",
      "c341",
      "c351",
      "c353",
      "c391",
      "c406",
      "c421",
      "c430",
      "c433",
      "c446",
      "c456",
      "c468",
      "c469",
      "c526",
      "c537",
      "c572",
      "c584",
      "c650",
      "c666",
      "c685",
      "c746",
      "c783",
      "c787",
      "c809",
      "c810",
      "c821",
      "c849",
      "c891",
      "c009",
      "c012",
      "c053",
      "c083",
      "c132",
      "c171",
      "c183",
      "c189",
      "c200",
      "c203",
      "c217",
      "c219",
      "c280",
      "c334",
      "c378",
      "c392",
      "c401",
      "c413",
      "c445",
      "c498",
      "c510",
      "c545",
      "c589",
      "c591",
      "c611",
      "c621",
      "c628",
      "c629",
      "c678",
      "c694",
      "c730",
      "c753",
      "c761",
      "c805",
      "c864",
      "c068",
      "c154",
      "c264",
      "c283",
      "c459",
      "c463",
      "c562",
      "c717",
      "c782",
      "c844",
      "c871",
      "c071",
      "c336",
      "c020",
      "c109",
      "c065",
      "c324",
      "c384",
      "c396",
      "c434",
      "c605",
      "c663",
      "c897",
      "c037",
      "c148",
      "c153",
      "c177",
      "c179",
      "c268",
      "c454",
      "c770",
      "c804",
      "c814",
      "c418",
      "c425",
      "c447",
      "c452",
      "c606",
      "c649",
      "c658",
      "c042",
      "c046",
      "c140",
      "c247",
      "c303",
      "c420",
      "c662",
      "c683",
      "c733",
      "c882",
      "c135",
      "c437",
      "c654",
      "c876",
      "c105",
      "c138",
      "c489",
      "c711",
      "c725",
      "c574",
      "c623",
      "c196",
      "c271",
      "c633",
      "c652",
      "c287",
      "c111",
      "c740",
      "c763",
      "c436",
      "c677",
      "c221",
      "c620",
      "c671",
      "c681",
      "c726",
      "c858",
      "c093",
      "c236",
      "c291",
      "c470",
      "c599",
      "c354",
      "c578",
      "c640",
      "c707",
      "c728",
      "c798",
      "c195",
      "c497",
      "c475",
      "c120",
      "c054",
      "c123",
      "c393",
      "c701",
      "c742",
      "c781",
      "c853",
      "c164",
      "c345",
      "c485",
      "c552",
      "c555",
      "c609",
      "c643",
      "c714",
      "c727",
      "c834",
      "c014",
      "c059",
      "c457",
      "c546",
      "c598",
      "c653",
      "c698",
      "c767",
      "c103",
      "c246",
      "c282",
      "c500",
      "c554",
      "c651",
      "c706",
      "c794",
      "c031",
      "c106",
      "c771",
      "c790",
      "c888",
      "c332",
      "c161",
      "c593",
      "c721",
      "c774",
      "c305",
      "c414",
      "c072",
      "c400",
      "c547",
      "c741",
      "c828",
      "c181",
      "c215",
      "c371",
      "c585",
      "c631",
      "c762",
      "c831",
      "c838",
      "c226",
      "c415",
      "c429",
      "c523",
      "c857",
      "c504",
      "c583",
      "c477",
      "c710",
      "c082",
      "c092",
      "c160",
      "c368",
      "c529",
      "c544",
      "c668",
      "c731",
      "c772",
      "c806",
      "c899",
      "c047",
      "c366",
      "c612",
      "c634",
      "c779",
      "c026",
      "c094",
      "c202",
      "c412",
      "c427",
      "c444",
      "c481",
      "c622",
      "c845",
      "c017",
      "c290",
      "c382",
      "c637",
      "c057",
      "c615",
      "c110",
      "c506",
      "c052",
      "c404",
      "c856",
      "c038",
      "c515",
      "c797",
      "c625",
      "c188",
      "c385",
      "c824",
      "c204",
      "c213",
      "c460",
      "c480",
      "c873",
      "c064",
      "c069",
      "c227",
      "c811",
      "c024",
      "c387",
      "c592",
      "c712",
      "c293",
      "c538",
      "c118",
      "c097",
      "c165",
      "c379",
      "c556",
      "c699",
      "c745",
      "c060",
      "c339",
      "c438",
      "c455",
      "c889",
      "c146",
      "c840",
      "c023",
      "c395",
      "c673",
      "c705",
      "c472",
      "c286",
      "c010",
      "c127",
      "c348",
      "c144",
      "c224",
      "c243",
      "c295",
      "c362",
      "c483",
      "c173",
      "c178",
      "c288",
      "c402",
      "c442",
      "c702",
      "c338",
      "c398",
      "c723",
      "c752",
      "c795",
      "c335",
      "c722",
      "c476",
      "c394",
      "c486",
      "c495",
      "c670",
      "c758",
      "c168",
      "c273",
      "c364",
      "c496",
      "c509",
      "c835",
      "c850",
      "c435",
      "c453",
      "c471",
      "c494",
      "c162",
      "c482",
      "c568",
      "c676",
      "c777",
      "c369",
      "c833",
      "c218",
      "c289",
      "c035",
      "c533",
      "c743",
      "c863",
      "c176",
      "c207",
      "c284",
      "c373",
      "c549",
      "c648",
      "c679",
      "c735",
      "c784",
      "c789",
      "c125",
      "c210",
      "c231",
      "c234",
      "c329",
      "c488",
      "c674",
      "c830",
      "c867",
      "c212",
      "c275",
      "c372",
      "c518",
      "c626",
      "c715",
      "c815",
      "c056",
      "c301",
      "c390",
      "c484",
      "c696",
      "c750",
      "c540",
      "c298",
      "c300",
      "c887",
      "c086",
      "c040",
      "c450",
      "c133",
      "c548",
      "c034",
      "c182",
      "c320",
      "c559",
      "c672",
      "c736",
      "c823",
      "c232",
      "c314",
      "c729",
      "c570",
      "c134",
      "c278",
      "c744",
      "c117",
      "c342",
      "c074",
      "c397",
      "c209",
      "c818",
      "c337",
      "c487",
      "c542",
      "c754",
      "c766",
      "c126",
      "c235",
      "c333",
      "c344",
      "c491",
      "c569",
      "c192",
      "c734",
      "c002",
      "c172",
      "c825",
      "c080",
      "c274",
      "c149",
      "c536",
      "c647",
      "c862",
      "c690",
      "c440",
      "c004",
      "c157",
      "c331",
      "c377",
      "c646",
      "c832",
      "c150",
      "c259",
      "c312",
      "c403",
      "c448",
      "c561",
      "c764",
      "c780",
      "c039",
      "c269",
      "c582",
      "c532",
      "c319",
      "c792",
      "c194",
      "c499",
      "c517",
      "c885",
      "c137",
      "c422",
      "c732",
      "c530",
      "c380",
      "c443",
      "c045",
      "c399",
      "c786",
      "c098",
      "c860",
      "c358",
      "c608",
      "c700",
      "c313",
      "c511",
      "c877",
      "c021",
      "c527",
      "c190",
      "c206",
      "c539",
      "c892",
      "c765",
      "c747",
      "c410",
      "c788",
      "c820",
      "c124",
      "c389",
      "c513",
      "c522",
      "c852",
      "c895",
      "c113",
      "c139",
      "c250",
      "c713",
      "c898",
      "c237",
      "c738",
      "c263",
      "c613",
      "c878",
      "c223",
      "c466",
      "c802",
      "c827",
      "c894",
      "c130",
      "c061",
      "c067",
      "c256",
      "c617",
      "c659",
      "c594",
      "c661",
      "c689",
      "c375",
      "c709",
      "c847",
      "c576",
      "c347",
      "c813",
      "c875",
      "c423",
      "c602",
      "c636",
      "c667",
      "c812",
      "c883",
      "c462",
      "c881",
      "c311",
      "c417",
      "c186",
      "c352",
      "c587",
      "c258",
      "c318",
      "c535",
      "c225",
      "c370",
      "c013",
      "c058",
      "c011",
      "c365",
      "c076",
      "c163",
      "c081",
      "c119",
      "c836",
      "c564",
      "c635",
      "c664",
      "c880",
      "c216",
      "c306",
      "c879",
      "c104",
      "c084",
      "c861",
      "c675",
      "c573",
      "c870",
      "c276",
      "c505",
      "c007",
      "c128",
      "c843",
      "c197",
      "c490",
      "c018",
      "c201",
      "c355",
      "c152",
      "c027",
      "c749",
      "c571",
      "c874",
      "c669",
      "c693",
      "c238",
      "c803",
      "c357",
      "c458",
      "c773",
      "c115",
      "c416",
      "c089",
      "c760",
      "c077",
      "c208",
      "c657",
      "c665",
      "c075",
      "c131",
      "c270",
      "c001",
      "c030",
      "c099",
      "c778",
      "c141",
      "c822",
      "c184",
      "c405",
      "c036",
      "c441",
      "c719",
      "c085",
      "c432",
      "c222",
      "c604",
      "c558",
      "c019",
      "c299",
      "c684",
      "c692",
      "c846",
      "c869",
      "c748",
      "c055",
      "c819",
      "c768",
      "c326",
      "c386",
      "c096",
      "c614",
      "c025",
      "c167",
      "c718",
      "c837",
      "c063",
      "c070",
      "c580",
      "c147",
      "c618",
      "c865",
      "c655",
      "c279",
      "c826",
      "c066",
      "c409",
      "c759",
      "c090",
      "c596",
      "c682",
      "c512",
      "c597",
      "c016",
      "c465",
      "c703",
      "c249",
      "c616",
      "c254",
      "c645",
      "c451",
      "c244",
      "c419",
      "c426",
      "c607",
      "c551",
      "c048",
      "c756",
      "c346",
      "c473",
      "c492",
      "c872",
      "c170",
      "c688",
      "c796",
      "c660",
      "c193",
      "c680",
      "c695",
      "c359",
      "c388",
      "c859",
      "c581",
      "c769",
      "c229",
      "c461",
      "c374",
      "c233",
      "c360",
      "c248",
      "c464",
      "c079",
      "c100",
      "c142",
      "c257",
      "c411",
      "c691",
      "c757",
      "c340",
      "c478",
      "c376",
      "c006",
      "c108",
      "c407",
      "c603",
      "c817",
      "c242",
      "c253",
      "c145",
      "c541",
      "c785",
      "c029",
      "c107",
      "c122",
      "c349",
      "c516",
      "c228",
      "c565",
      "c525",
      "c842",
      "c102",
      "c630",
      "c638",
      "c309",
      "c642",
      "c121",
      "c641",
      "c697",
      "c884",
      "c091",
      "c350",
      "c255",
      "c586",
      "c808",
      "c896",
      "c008",
      "c519",
      "c868",
      "c563",
      "c807",
      "c704"
    ]
  },
  "ordered_queues": {
    "edge-1": [
      "c022",
      "c033",
      "c051",
      "c143",
      "c322",
      "c408",
      "c501",
      "c531",
      "c841",
      "c848"
    ],
    "edge-2": [
      "c044",
      "c078",
      "c136",
      "c328",
      "c330",
      "c367",
      "c579",
      "c890"
    ],
    "edge-3": [
      "c032",
      "c116",
      "c156",
      "c159",
      "c169",
      "c185",
      "c296",
      "c363",
      "c739",
      "c816"
    ],
    "edge-4": [
      "c028",
      "c043",
      "c088",
      "c174",
      "c180",
      "c321",
      "c656",
      "c851",
      "c855"
    ],
    "edge-5": [
      "c343",
      "c588",
      "c590",
      "c624",
      "c644",
      "c708",
      "c737",
      "c799",
      "c800",
      "c829"
    ],
    "edge-6": [
      "c428",
      "c449",
      "c493",
      "c508",
      "c528",
      "c553",
      "c601",
      "c716",
      "c724"
    ],
    "edge-7": [
      "c187",
      "c199",
      "c214",
      "c220",
      "c262",
      "c285",
      "c327",
      "c356",
      "c424",
      "c534"
    ],
    "edge-8": [
      "c003",
      "c049",
      "c155",
      "c239",
      "c261",
      "c265",
      "c266",
      "c323",
      "c325",
      "c467",
      "c479",
      "c567"
    ]
  }
}
================================================================================
[RUN][K8s-CA] drtp_img88_cacheonly_256mb_1000.json
{
  "summary": {
    "algo": "FG-DSCR-GC-K8sCA",
    "num_containers": 1000,
    "num_scheduled_containers": 78,
    "num_nodes": 8,
    "failed_deployments": 922,
    "ca_penalty": 922.0,
    "ca_downloaded_mb": 435887,
    "ACT": 163.37932692307692,
    "AMS": 289.4895833333333,
    "downloaded_mb": 70274,
    "reused_mb": 9520,
    "reuse_rate": 0.11930721608140964,
    "objective_without_ca_penalty": 226.43445512820512,
    "objective": 1148.4344551282052
  },
  "assignment": {
    "edge-1": [
      "c848",
      "c032",
      "c033",
      "c044",
      "c262",
      "c716",
      "c739",
      "c428",
      "c261",
      "c143"
    ],
    "edge-2": [
      "c156",
      "c169",
      "c567",
      "c579",
      "c800",
      "c328",
      "c330",
      "c367"
    ],
    "edge-3": [
      "c159",
      "c185",
      "c187",
      "c199",
      "c214",
      "c534",
      "c322",
      "c501",
      "c174",
      "c656"
    ],
    "edge-4": [
      "c851",
      "c855",
      "c028",
      "c043",
      "c088",
      "c180",
      "c321",
      "c116",
      "c363"
    ],
    "edge-5": [
      "c239",
      "c265",
      "c266",
      "c323",
      "c325",
      "c408",
      "c467",
      "c550",
      "c799",
      "c890",
      "c943",
      "c479"
    ],
    "edge-6": [
      "c449",
      "c508",
      "c528",
      "c601",
      "c724",
      "c051",
      "c553",
      "c296",
      "c816"
    ],
    "edge-7": [
      "c531",
      "c588",
      "c590",
      "c624",
      "c644",
      "c708",
      "c737",
      "c829",
      "c343",
      "c493"
    ],
    "edge-8": [
      "c841",
      "c944",
      "c961",
      "c965",
      "c003",
      "c022",
      "c049",
      "c078",
      "c136",
      "c155"
    ],
    "__CA_GUARANTEE__": [
      "c220",
      "c285",
      "c327",
      "c356",
      "c424",
      "c439",
      "c474",
      "c521",
      "c560",
      "c566",
      "c575",
      "c610",
      "c632",
      "c639",
      "c687",
      "c720",
      "c751",
      "c793",
      "c854",
      "c866",
      "c886",
      "c900",
      "c939",
      "c050",
      "c062",
      "c073",
      "c087",
      "c101",
      "c112",
      "c114",
      "c151",
      "c166",
      "c191",
      "c198",
      "c211",
      "c245",
      "c260",
      "c267",
      "c277",
      "c292",
      "c294",
      "c297",
      "c304",
      "c307",
      "c308",
      "c310",
      "c315",
      "c316",
      "c317",
      "c361",
      "c381",
      "c383",
      "c431",
      "c502",
      "c503",
      "c507",
      "c514",
      "c520",
      "c524",
      "c543",
      "c557",
      "c577",
      "c595",
      "c600",
      "c619",
      "c627",
      "c686",
      "c755",
      "c775",
      "c776",
      "c791",
      "c801",
      "c839",
      "c893",
      "c909",
      "c938",
      "c941",
      "c977",
      "c1000",
      "c005",
      "c015",
      "c041",
      "c095",
      "c129",
      "c158",
      "c175",
      "c205",
      "c230",
      "c240",
      "c241",
      "c251",
      "c252",
      "c272",
      "c281",
      "c302",
      "c341",
      "c351",
      "c353",
      "c391",
      "c406",
      "c421",
      "c430",
      "c433",
      "c446",
      "c456",
      "c468",
      "c469",
      "c526",
      "c537",
      "c572",
      "c584",
      "c650",
      "c666",
      "c685",
      "c746",
      "c783",
      "c787",
      "c809",
      "c810",
      "c821",
      "c849",
      "c891",
      "c926",
      "c934",
      "c975",
      "c997",
      "c009",
      "c012",
      "c053",
      "c083",
      "c132",
      "c171",
      "c183",
      "c189",
      "c200",
      "c203",
      "c217",
      "c219",
      "c280",
      "c334",
      "c378",
      "c392",
      "c401",
      "c413",
      "c445",
      "c498",
      "c510",
      "c545",
      "c589",
      "c591",
      "c611",
      "c621",
      "c628",
      "c629",
      "c678",
      "c694",
      "c730",
      "c753",
      "c761",
      "c805",
      "c864",
      "c927",
      "c949",
      "c966",
      "c969",
      "c971",
      "c992",
      "c068",
      "c154",
      "c264",
      "c283",
      "c459",
      "c463",
      "c562",
      "c717",
      "c782",
      "c844",
      "c871",
      "c930",
      "c959",
      "c984",
      "c995",
      "c999",
      "c071",
      "c336",
      "c981",
      "c020",
      "c109",
      "c065",
      "c324",
      "c384",
      "c396",
      "c434",
      "c605",
      "c663",
      "c897",
      "c037",
      "c148",
      "c153",
      "c177",
      "c179",
      "c268",
      "c454",
      "c770",
      "c804",
      "c814",
      "c933",
      "c418",
      "c425",
      "c447",
      "c452",
      "c606",
      "c649",
      "c658",
      "c042",
      "c046",
      "c140",
      "c247",
      "c303",
      "c420",
      "c662",
      "c683",
      "c733",
      "c882",
      "c991",
      "c135",
      "c437",
      "c654",
      "c876",
      "c996",
      "c105",
      "c138",
      "c489",
      "c711",
      "c725",
      "c574",
      "c623",
      "c196",
      "c271",
      "c633",
      "c652",
      "c917",
      "c989",
      "c287",
      "c111",
      "c740",
      "c763",
      "c912",
      "c436",
      "c677",
      "c908",
      "c221",
      "c620",
      "c671",
      "c681",
      "c726",
      "c858",
      "c937",
      "c093",
      "c236",
      "c291",
      "c470",
      "c599",
      "c354",
      "c578",
      "c640",
      "c707",
      "c728",
      "c798",
      "c951",
      "c195",
      "c497",
      "c924",
      "c475",
      "c994",
      "c120",
      "c054",
      "c123",
      "c393",
      "c701",
      "c742",
      "c781",
      "c853",
      "c164",
      "c345",
      "c485",
      "c552",
      "c555",
      "c609",
      "c643",
      "c714",
      "c727",
      "c834",
      "c929",
      "c014",
      "c059",
      "c457",
      "c546",
      "c598",
      "c653",
      "c698",
      "c767",
      "c940",
      "c103",
      "c246",
      "c282",
      "c500",
      "c554",
      "c651",
      "c706",
      "c794",
      "c942",
      "c031",
      "c106",
      "c771",
      "c790",
      "c888",
      "c332",
      "c161",
      "c925",
      "c593",
      "c721",
      "c774",
      "c901",
      "c305",
      "c414",
      "c983",
      "c072",
      "c400",
      "c547",
      "c741",
      "c828",
      "c950",
      "c181",
      "c215",
      "c371",
      "c585",
      "c631",
      "c762",
      "c831",
      "c838",
      "c915",
      "c970",
      "c226",
      "c415",
      "c429",
      "c523",
      "c857",
      "c988",
      "c504",
      "c583",
      "c477",
      "c710",
      "c082",
      "c092",
      "c160",
      "c368",
      "c529",
      "c544",
      "c668",
      "c731",
      "c772",
      "c806",
      "c899",
      "c986",
      "c047",
      "c366",
      "c612",
      "c634",
      "c779",
      "c905",
      "c026",
      "c094",
      "c202",
      "c412",
      "c427",
      "c444",
      "c481",
      "c622",
      "c845",
      "c017",
      "c290",
      "c382",
      "c637",
      "c904",
      "c952",
      "c979",
      "c057",
      "c615",
      "c110",
      "c506",
      "c052",
      "c404",
      "c856",
      "c038",
      "c515",
      "c797",
      "c625",
      "c188",
      "c385",
      "c824",
      "c204",
      "c213",
      "c460",
      "c480",
      "c873",
      "c064",
      "c069",
      "c227",
      "c811",
      "c024",
      "c387",
      "c592",
      "c712",
      "c293",
      "c538",
      "c118",
      "c097",
      "c165",
      "c379",
      "c556",
      "c699",
      "c745",
      "c060",
      "c339",
      "c438",
      "c455",
      "c889",
      "c920",
      "c146",
      "c840",
      "c964",
      "c972",
      "c023",
      "c395",
      "c673",
      "c705",
      "c472",
      "c286",
      "c010",
      "c127",
      "c348",
      "c913",
      "c144",
      "c224",
      "c243",
      "c295",
      "c362",
      "c483",
      "c173",
      "c178",
      "c288",
      "c402",
      "c442",
      "c702",
      "c338",
      "c398",
      "c723",
      "c752",
      "c795",
      "c935",
      "c335",
      "c722",
      "c476",
      "c902",
      "c394",
      "c486",
      "c495",
      "c670",
      "c758",
      "c168",
      "c273",
      "c364",
      "c496",
      "c509",
      "c835",
      "c850",
      "c907",
      "c985",
      "c435",
      "c453",
      "c471",
      "c494",
      "c936",
      "c958",
      "c162",
      "c482",
      "c568",
      "c676",
      "c777",
      "c369",
      "c833",
      "c218",
      "c289",
      "c035",
      "c533",
      "c743",
      "c863",
      "c176",
      "c207",
      "c284",
      "c373",
      "c549",
      "c648",
      "c679",
      "c735",
      "c784",
      "c789",
      "c993",
      "c125",
      "c210",
      "c231",
      "c234",
      "c329",
      "c488",
      "c674",
      "c830",
      "c867",
      "c923",
      "c212",
      "c275",
      "c372",
      "c518",
      "c626",
      "c715",
      "c815",
      "c056",
      "c301",
      "c390",
      "c484",
      "c696",
      "c750",
      "c973",
      "c540",
      "c906",
      "c976",
      "c298",
      "c300",
      "c887",
      "c086",
      "c040",
      "c450",
      "c133",
      "c548",
      "c034",
      "c182",
      "c320",
      "c559",
      "c672",
      "c736",
      "c823",
      "c919",
      "c232",
      "c314",
      "c729",
      "c918",
      "c570",
      "c134",
      "c278",
      "c744",
      "c117",
      "c342",
      "c074",
      "c397",
      "c916",
      "c209",
      "c818",
      "c945",
      "c337",
      "c487",
      "c542",
      "c754",
      "c766",
      "c126",
      "c235",
      "c333",
      "c344",
      "c491",
      "c569",
      "c192",
      "c948",
      "c734",
      "c002",
      "c172",
      "c825",
      "c080",
      "c274",
      "c149",
      "c536",
      "c647",
      "c862",
      "c690",
      "c440",
      "c004",
      "c157",
      "c331",
      "c377",
      "c646",
      "c832",
      "c150",
      "c259",
      "c312",
      "c403",
      "c448",
      "c561",
      "c764",
      "c780",
      "c039",
      "c269",
      "c582",
      "c532",
      "c319",
      "c792",
      "c194",
      "c499",
      "c517",
      "c885",
      "c137",
      "c422",
      "c732",
      "c530",
      "c380",
      "c443",
      "c045",
      "c399",
      "c786",
      "c098",
      "c860",
      "c358",
      "c608",
      "c700",
      "c313",
      "c511",
      "c877",
      "c021",
      "c527",
      "c998",
      "c190",
      "c206",
      "c539",
      "c892",
      "c765",
      "c747",
      "c410",
      "c788",
      "c820",
      "c124",
      "c389",
      "c513",
      "c522",
      "c852",
      "c895",
      "c953",
      "c113",
      "c139",
      "c250",
      "c713",
      "c898",
      "c237",
      "c738",
      "c263",
      "c613",
      "c878",
      "c931",
      "c223",
      "c466",
      "c802",
      "c827",
      "c894",
      "c130",
      "c061",
      "c067",
      "c256",
      "c617",
      "c659",
      "c932",
      "c978",
      "c594",
      "c661",
      "c689",
      "c375",
      "c914",
      "c709",
      "c847",
      "c576",
      "c347",
      "c813",
      "c875",
      "c423",
      "c602",
      "c636",
      "c667",
      "c812",
      "c883",
      "c462",
      "c881",
      "c311",
      "c417",
      "c186",
      "c352",
      "c587",
      "c258",
      "c318",
      "c535",
      "c225",
      "c370",
      "c013",
      "c058",
      "c011",
      "c365",
      "c922",
      "c076",
      "c163",
      "c081",
      "c119",
      "c836",
      "c564",
      "c635",
      "c664",
      "c880",
      "c216",
      "c982",
      "c306",
      "c879",
      "c104",
      "c084",
      "c861",
      "c675",
      "c573",
      "c870",
      "c276",
      "c967",
      "c505",
      "c007",
      "c128",
      "c843",
      "c197",
      "c490",
      "c018",
      "c201",
      "c954",
      "c355",
      "c152",
      "c027",
      "c749",
      "c571",
      "c874",
      "c669",
      "c693",
      "c911",
      "c238",
      "c803",
      "c357",
      "c458",
      "c773",
      "c903",
      "c115",
      "c416",
      "c089",
      "c760",
      "c077",
      "c208",
      "c657",
      "c665",
      "c075",
      "c131",
      "c270",
      "c001",
      "c030",
      "c099",
      "c778",
      "c141",
      "c963",
      "c822",
      "c990",
      "c184",
      "c405",
      "c036",
      "c441",
      "c719",
      "c085",
      "c432",
      "c222",
      "c604",
      "c558",
      "c019",
      "c299",
      "c684",
      "c692",
      "c846",
      "c869",
      "c748",
      "c055",
      "c819",
      "c768",
      "c326",
      "c386",
      "c096",
      "c614",
      "c025",
      "c167",
      "c718",
      "c837",
      "c063",
      "c070",
      "c580",
      "c147",
      "c618",
      "c865",
      "c655",
      "c279",
      "c826",
      "c066",
      "c409",
      "c759",
      "c090",
      "c596",
      "c682",
      "c512",
      "c597",
      "c016",
      "c465",
      "c703",
      "c249",
      "c616",
      "c254",
      "c645",
      "c451",
      "c244",
      "c419",
      "c426",
      "c607",
      "c921",
      "c551",
      "c048",
      "c756",
      "c346",
      "c473",
      "c492",
      "c956",
      "c872",
      "c170",
      "c688",
      "c796",
      "c660",
      "c968",
      "c974",
      "c193",
      "c680",
      "c695",
      "c359",
      "c388",
      "c859",
      "c947",
      "c581",
      "c769",
      "c229",
      "c461",
      "c374",
      "c233",
      "c360",
      "c248",
      "c464",
      "c960",
      "c079",
      "c100",
      "c980",
      "c910",
      "c962",
      "c142",
      "c257",
      "c411",
      "c691",
      "c757",
      "c340",
      "c478",
      "c376",
      "c006",
      "c108",
      "c407",
      "c603",
      "c817",
      "c242",
      "c253",
      "c145",
      "c541",
      "c785",
      "c029",
      "c107",
      "c122",
      "c349",
      "c516",
      "c946",
      "c228",
      "c565",
      "c928",
      "c525",
      "c842",
      "c102",
      "c630",
      "c987",
      "c638",
      "c309",
      "c642",
      "c121",
      "c641",
      "c697",
      "c884",
      "c955",
      "c091",
      "c350",
      "c255",
      "c957",
      "c586",
      "c808",
      "c896",
      "c008",
      "c519",
      "c868",
      "c563",
      "c807",
      "c704"
    ]
  },
  "ordered_queues": {
    "edge-1": [
      "c032",
      "c033",
      "c044",
      "c143",
      "c261",
      "c262",
      "c428",
      "c716",
      "c739",
      "c848"
    ],
    "edge-2": [
      "c156",
      "c169",
      "c328",
      "c330",
      "c367",
      "c567",
      "c579",
      "c800"
    ],
    "edge-3": [
      "c159",
      "c174",
      "c185",
      "c187",
      "c199",
      "c214",
      "c322",
      "c501",
      "c534",
      "c656"
    ],
    "edge-4": [
      "c028",
      "c043",
      "c088",
      "c116",
      "c180",
      "c321",
      "c363",
      "c851",
      "c855"
    ],
    "edge-5": [
      "c239",
      "c265",
      "c266",
      "c323",
      "c325",
      "c408",
      "c467",
      "c479",
      "c550",
      "c799",
      "c890",
      "c943"
    ],
    "edge-6": [
      "c051",
      "c296",
      "c449",
      "c508",
      "c528",
      "c553",
      "c601",
      "c724",
      "c816"
    ],
    "edge-7": [
      "c343",
      "c493",
      "c531",
      "c588",
      "c590",
      "c624",
      "c644",
      "c708",
      "c737",
      "c829"
    ],
    "edge-8": [
      "c003",
      "c022",
      "c049",
      "c078",
      "c136",
      "c155",
      "c841",
      "c944",
      "c961",
      "c965"
    ]
  }
}
================================================================================
[RUN][K8s-CA] drtp_img88_cacheonly_256mb_200.json
{
  "summary": {
    "algo": "FG-DSCR-GC-K8sCA",
    "num_containers": 200,
    "num_scheduled_containers": 91,
    "num_nodes": 8,
    "failed_deployments": 109,
    "ca_penalty": 545.0,
    "ca_downloaded_mb": 30648,
    "ACT": 177.37513736263736,
    "AMS": 311.61718749999994,
    "downloaded_mb": 68611,
    "reused_mb": 9549,
    "reuse_rate": 0.12217246673490276,
    "objective_without_ca_penalty": 244.49616243131865,
    "objective": 789.4961624313187
  },
  "assignment": {
    "edge-1": [
      "c117",
      "c051",
      "c052",
      "c060",
      "c119",
      "c176",
      "c188",
      "c003",
      "c155",
      "c053",
      "c072",
      "c121",
      "c115",
      "c129",
      "c157"
    ],
    "edge-2": [
      "c004",
      "c030",
      "c170",
      "c122",
      "c006",
      "c010",
      "c128",
      "c173",
      "c086",
      "c078"
    ],
    "edge-3": [
      "c034",
      "c178",
      "c147",
      "c144",
      "c182",
      "c196",
      "c027",
      "c025",
      "c058",
      "c061",
      "c067",
      "c071"
    ],
    "edge-4": [
      "c160",
      "c165",
      "c199",
      "c016",
      "c017",
      "c047",
      "c082",
      "c098",
      "c019",
      "c198",
      "c074"
    ],
    "edge-5": [
      "c126",
      "c007",
      "c134",
      "c105",
      "c190",
      "c089"
    ],
    "edge-6": [
      "c123",
      "c142",
      "c168",
      "c012",
      "c029",
      "c036",
      "c057",
      "c079",
      "c093",
      "c049",
      "c172",
      "c166"
    ],
    "edge-7": [
      "c107",
      "c020",
      "c076",
      "c088",
      "c109",
      "c180",
      "c149",
      "c097",
      "c091",
      "c156",
      "c022",
      "c130",
      "c152"
    ],
    "edge-8": [
      "c095",
      "c099",
      "c106",
      "c108",
      "c111",
      "c164",
      "c002",
      "c037",
      "c063",
      "c066",
      "c069",
      "c084"
    ],
    "__CA_GUARANTEE__": [
      "c068",
      "c104",
      "c092",
      "c116",
      "c161",
      "c032",
      "c167",
      "c140",
      "c177",
      "c045",
      "c035",
      "c018",
      "c136",
      "c133",
      "c169",
      "c080",
      "c127",
      "c031",
      "c183",
      "c139",
      "c044",
      "c197",
      "c118",
      "c162",
      "c009",
      "c151",
      "c090",
      "c159",
      "c135",
      "c056",
      "c070",
      "c153",
      "c055",
      "c064",
      "c083",
      "c005",
      "c120",
      "c175",
      "c154",
      "c193",
      "c065",
      "c001",
      "c041",
      "c114",
      "c046",
      "c100",
      "c112",
      "c039",
      "c200",
      "c094",
      "c138",
      "c158",
      "c195",
      "c125",
      "c186",
      "c014",
      "c024",
      "c008",
      "c163",
      "c043",
      "c141",
      "c192",
      "c102",
      "c132",
      "c021",
      "c073",
      "c028",
      "c181",
      "c040",
      "c137",
      "c101",
      "c077",
      "c062",
      "c150",
      "c131",
      "c143",
      "c103",
      "c191",
      "c087",
      "c110",
      "c185",
      "c054",
      "c171",
      "c011",
      "c075",
      "c042",
      "c189",
      "c146",
      "c033",
      "c026",
      "c081",
      "c174",
      "c096",
      "c048",
      "c038",
      "c085",
      "c184",
      "c013",
      "c124",
      "c050",
      "c187",
      "c148",
      "c145",
      "c194",
      "c113",
      "c179",
      "c015",
      "c023",
      "c059"
    ]
  },
  "ordered_queues": {
    "edge-1": [
      "c003",
      "c051",
      "c052",
      "c053",
      "c060",
      "c072",
      "c115",
      "c117",
      "c119",
      "c121",
      "c129",
      "c155",
      "c157",
      "c176",
      "c188"
    ],
    "edge-2": [
      "c004",
      "c006",
      "c010",
      "c030",
      "c078",
      "c086",
      "c122",
      "c128",
      "c170",
      "c173"
    ],
    "edge-3": [
      "c025",
      "c027",
      "c034",
      "c058",
      "c061",
      "c067",
      "c071",
      "c144",
      "c147",
      "c178",
      "c182",
      "c196"
    ],
    "edge-4": [
      "c016",
      "c017",
      "c019",
      "c047",
      "c074",
      "c082",
      "c098",
      "c160",
      "c165",
      "c198",
      "c199"
    ],
    "edge-5": [
      "c007",
      "c105",
      "c126",
      "c134",
      "c190",
      "c089"
    ],
    "edge-6": [
      "c012",
      "c029",
      "c036",
      "c049",
      "c057",
      "c079",
      "c093",
      "c123",
      "c142",
      "c166",
      "c168",
      "c172"
    ],
    "edge-7": [
      "c020",
      "c076",
      "c088",
      "c097",
      "c107",
      "c109",
      "c149",
      "c022",
      "c091",
      "c130",
      "c152",
      "c180",
      "c156"
    ],
    "edge-8": [
      "c002",
      "c037",
      "c063",
      "c066",
      "c069",
      "c084",
      "c095",
      "c099",
      "c106",
      "c108",
      "c111",
      "c164"
    ]
  }
}
================================================================================
[RUN][K8s-CA] drtp_img88_cacheonly_256mb_300.json
{
  "summary": {
    "algo": "FG-DSCR-GC-K8sCA",
    "num_containers": 300,
    "num_scheduled_containers": 92,
    "num_nodes": 8,
    "failed_deployments": 208,
    "ca_penalty": 693.3333333333334,
    "ca_downloaded_mb": 65588,
    "ACT": 188.82667572463765,
    "AMS": 338.6411458333332,
    "downloaded_mb": 80059,
    "reused_mb": 10617,
    "reuse_rate": 0.1170872116105695,
    "objective_without_ca_penalty": 263.73391077898543,
    "objective": 957.0672441123188
  },
  "assignment": {
    "edge-1": [
      "c151",
      "c166",
      "c191",
      "c198",
      "c211",
      "c245",
      "c260",
      "c267",
      "c277",
      "c292",
      "c297",
      "c280",
      "c154"
    ],
    "edge-2": [
      "c028",
      "c043",
      "c088",
      "c022",
      "c049",
      "c272",
      "c051",
      "c009",
      "c083",
      "c116",
      "c169"
    ],
    "edge-3": [
      "c005",
      "c041",
      "c129",
      "c158",
      "c175",
      "c205",
      "c230",
      "c240",
      "c241",
      "c281",
      "c068",
      "c264",
      "c071",
      "c283"
    ],
    "edge-4": [
      "c136",
      "c155",
      "c261",
      "c265",
      "c266",
      "c032",
      "c033",
      "c044",
      "c252",
      "c012",
      "c159"
    ],
    "edge-5": [
      "c053",
      "c132",
      "c171",
      "c183",
      "c189",
      "c200",
      "c203",
      "c217",
      "c219",
      "c078",
      "c156",
      "c185"
    ],
    "edge-6": [
      "c187",
      "c199",
      "c214",
      "c251",
      "c296",
      "c143",
      "c174",
      "c180",
      "c003",
      "c239"
    ],
    "edge-7": [
      "c020",
      "c109",
      "c065",
      "c037",
      "c148",
      "c153",
      "c177",
      "c179",
      "c015",
      "c095"
    ],
    "edge-8": [
      "c220",
      "c262",
      "c285",
      "c050",
      "c062",
      "c073",
      "c087",
      "c101",
      "c112",
      "c114",
      "c294"
    ],
    "__CA_GUARANTEE__": [
      "c268",
      "c042",
      "c046",
      "c140",
      "c247",
      "c135",
      "c105",
      "c138",
      "c196",
      "c271",
      "c287",
      "c111",
      "c221",
      "c093",
      "c236",
      "c291",
      "c195",
      "c120",
      "c054",
      "c123",
      "c164",
      "c014",
      "c059",
      "c103",
      "c246",
      "c282",
      "c031",
      "c106",
      "c161",
      "c072",
      "c181",
      "c215",
      "c226",
      "c082",
      "c092",
      "c160",
      "c047",
      "c026",
      "c094",
      "c202",
      "c017",
      "c290",
      "c057",
      "c110",
      "c052",
      "c038",
      "c188",
      "c204",
      "c213",
      "c064",
      "c069",
      "c227",
      "c024",
      "c293",
      "c118",
      "c097",
      "c165",
      "c060",
      "c146",
      "c023",
      "c286",
      "c010",
      "c127",
      "c144",
      "c224",
      "c243",
      "c295",
      "c173",
      "c178",
      "c288",
      "c168",
      "c273",
      "c162",
      "c218",
      "c289",
      "c035",
      "c176",
      "c207",
      "c284",
      "c125",
      "c210",
      "c231",
      "c234",
      "c212",
      "c275",
      "c056",
      "c298",
      "c300",
      "c086",
      "c040",
      "c133",
      "c034",
      "c182",
      "c232",
      "c134",
      "c278",
      "c117",
      "c074",
      "c209",
      "c126",
      "c235",
      "c192",
      "c002",
      "c172",
      "c080",
      "c274",
      "c149",
      "c004",
      "c157",
      "c150",
      "c259",
      "c039",
      "c269",
      "c194",
      "c137",
      "c045",
      "c098",
      "c021",
      "c190",
      "c206",
      "c124",
      "c113",
      "c139",
      "c250",
      "c237",
      "c263",
      "c223",
      "c130",
      "c061",
      "c067",
      "c256",
      "c186",
      "c258",
      "c225",
      "c013",
      "c058",
      "c011",
      "c076",
      "c163",
      "c081",
      "c119",
      "c216",
      "c104",
      "c084",
      "c276",
      "c007",
      "c128",
      "c197",
      "c018",
      "c201",
      "c152",
      "c027",
      "c238",
      "c115",
      "c089",
      "c077",
      "c208",
      "c075",
      "c131",
      "c270",
      "c001",
      "c030",
      "c099",
      "c141",
      "c184",
      "c036",
      "c085",
      "c222",
      "c019",
      "c299",
      "c055",
      "c096",
      "c025",
      "c167",
      "c063",
      "c070",
      "c147",
      "c279",
      "c066",
      "c090",
      "c016",
      "c249",
      "c254",
      "c244",
      "c048",
      "c170",
      "c193",
      "c229",
      "c233",
      "c248",
      "c079",
      "c100",
      "c142",
      "c257",
      "c006",
      "c108",
      "c242",
      "c253",
      "c145",
      "c029",
      "c107",
      "c122",
      "c228",
      "c102",
      "c121",
      "c091",
      "c255",
      "c008"
    ]
  },
  "ordered_queues": {
    "edge-1": [
      "c151",
      "c154",
      "c166",
      "c191",
      "c198",
      "c211",
      "c245",
      "c260",
      "c267",
      "c277",
      "c280",
      "c292",
      "c297"
    ],
    "edge-2": [
      "c009",
      "c022",
      "c028",
      "c043",
      "c049",
      "c051",
      "c083",
      "c088",
      "c116",
      "c169",
      "c272"
    ],
    "edge-3": [
      "c005",
      "c041",
      "c068",
      "c071",
      "c129",
      "c158",
      "c175",
      "c205",
      "c230",
      "c240",
      "c241",
      "c264",
      "c281",
      "c283"
    ],
    "edge-4": [
      "c012",
      "c032",
      "c033",
      "c044",
      "c136",
      "c155",
      "c159",
      "c252",
      "c261",
      "c265",
      "c266"
    ],
    "edge-5": [
      "c053",
      "c078",
      "c132",
      "c156",
      "c171",
      "c183",
      "c185",
      "c189",
      "c200",
      "c203",
      "c217",
      "c219"
    ],
    "edge-6": [
      "c003",
      "c143",
      "c174",
      "c180",
      "c187",
      "c199",
      "c214",
      "c239",
      "c251",
      "c296"
    ],
    "edge-7": [
      "c020",
      "c037",
      "c065",
      "c109",
      "c148",
      "c153",
      "c177",
      "c179",
      "c015",
      "c095"
    ],
    "edge-8": [
      "c050",
      "c062",
      "c073",
      "c087",
      "c101",
      "c112",
      "c114",
      "c220",
      "c262",
      "c285",
      "c294"
    ]
  }
}
================================================================================
[RUN][K8s-CA] drtp_img88_cacheonly_256mb_400.json
{
  "summary": {
    "algo": "FG-DSCR-GC-K8sCA",
    "num_containers": 400,
    "num_scheduled_containers": 90,
    "num_nodes": 8,
    "failed_deployments": 310,
    "ca_penalty": 775.0,
    "ca_downloaded_mb": 117923,
    "ACT": 188.27537037037035,
    "AMS": 333.3546874999999,
    "downloaded_mb": 80918,
    "reused_mb": 11152,
    "reuse_rate": 0.12112523080265016,
    "objective_without_ca_penalty": 260.8150289351851,
    "objective": 1035.8150289351852
  },
  "assignment": {
    "edge-1": [
      "c262",
      "c356",
      "c062",
      "c073",
      "c087",
      "c101",
      "c296",
      "c028",
      "c088",
      "c043"
    ],
    "edge-2": [
      "c175",
      "c151",
      "c166",
      "c308",
      "c129",
      "c191",
      "c245",
      "c361",
      "c260"
    ],
    "edge-3": [
      "c198",
      "c211",
      "c267",
      "c277",
      "c292",
      "c294",
      "c297",
      "c143",
      "c321",
      "c169",
      "c307",
      "c285"
    ],
    "edge-4": [
      "c343",
      "c003",
      "c022",
      "c049",
      "c136",
      "c155",
      "c239",
      "c261",
      "c265",
      "c174",
      "c051"
    ],
    "edge-5": [
      "c310",
      "c315",
      "c316",
      "c317",
      "c381",
      "c383",
      "c005",
      "c015",
      "c041",
      "c095",
      "c050",
      "c220",
      "c327"
    ],
    "edge-6": [
      "c266",
      "c323",
      "c325",
      "c328",
      "c330",
      "c367",
      "c032",
      "c033",
      "c044",
      "c112",
      "c304"
    ],
    "edge-7": [
      "c158",
      "c205",
      "c230",
      "c240",
      "c241",
      "c251",
      "c252",
      "c272",
      "c281",
      "c302",
      "c341",
      "c351",
      "c078",
      "c116"
    ],
    "edge-8": [
      "c156",
      "c159",
      "c185",
      "c187",
      "c199",
      "c214",
      "c114",
      "c322",
      "c180",
      "c363"
    ],
    "__CA_GUARANTEE__": [
      "c353",
      "c391",
      "c009",
      "c012",
      "c053",
      "c083",
      "c132",
      "c171",
      "c183",
      "c189",
      "c200",
      "c203",
      "c217",
      "c219",
      "c280",
      "c334",
      "c378",
      "c392",
      "c068",
      "c154",
      "c264",
      "c283",
      "c071",
      "c336",
      "c020",
      "c109",
      "c065",
      "c324",
      "c384",
      "c396",
      "c037",
      "c148",
      "c153",
      "c177",
      "c179",
      "c268",
      "c042",
      "c046",
      "c140",
      "c247",
      "c303",
      "c135",
      "c105",
      "c138",
      "c196",
      "c271",
      "c287",
      "c111",
      "c221",
      "c093",
      "c236",
      "c291",
      "c354",
      "c195",
      "c120",
      "c054",
      "c123",
      "c393",
      "c164",
      "c345",
      "c014",
      "c059",
      "c103",
      "c246",
      "c282",
      "c031",
      "c106",
      "c332",
      "c161",
      "c305",
      "c072",
      "c400",
      "c181",
      "c215",
      "c371",
      "c226",
      "c082",
      "c092",
      "c160",
      "c368",
      "c047",
      "c366",
      "c026",
      "c094",
      "c202",
      "c017",
      "c290",
      "c382",
      "c057",
      "c110",
      "c052",
      "c038",
      "c188",
      "c385",
      "c204",
      "c213",
      "c064",
      "c069",
      "c227",
      "c024",
      "c387",
      "c293",
      "c118",
      "c097",
      "c165",
      "c379",
      "c060",
      "c339",
      "c146",
      "c023",
      "c395",
      "c286",
      "c010",
      "c127",
      "c348",
      "c144",
      "c224",
      "c243",
      "c295",
      "c362",
      "c173",
      "c178",
      "c288",
      "c338",
      "c398",
      "c335",
      "c394",
      "c168",
      "c273",
      "c364",
      "c162",
      "c369",
      "c218",
      "c289",
      "c035",
      "c176",
      "c207",
      "c284",
      "c373",
      "c125",
      "c210",
      "c231",
      "c234",
      "c329",
      "c212",
      "c275",
      "c372",
      "c056",
      "c301",
      "c390",
      "c298",
      "c300",
      "c086",
      "c040",
      "c133",
      "c034",
      "c182",
      "c320",
      "c232",
      "c314",
      "c134",
      "c278",
      "c117",
      "c342",
      "c074",
      "c397",
      "c209",
      "c337",
      "c126",
      "c235",
      "c333",
      "c344",
      "c192",
      "c002",
      "c172",
      "c080",
      "c274",
      "c149",
      "c004",
      "c157",
      "c331",
      "c377",
      "c150",
      "c259",
      "c312",
      "c039",
      "c269",
      "c319",
      "c194",
      "c137",
      "c380",
      "c045",
      "c399",
      "c098",
      "c358",
      "c313",
      "c021",
      "c190",
      "c206",
      "c124",
      "c389",
      "c113",
      "c139",
      "c250",
      "c237",
      "c263",
      "c223",
      "c130",
      "c061",
      "c067",
      "c256",
      "c375",
      "c347",
      "c311",
      "c186",
      "c352",
      "c258",
      "c318",
      "c225",
      "c370",
      "c013",
      "c058",
      "c011",
      "c365",
      "c076",
      "c163",
      "c081",
      "c119",
      "c216",
      "c306",
      "c104",
      "c084",
      "c276",
      "c007",
      "c128",
      "c197",
      "c018",
      "c201",
      "c355",
      "c152",
      "c027",
      "c238",
      "c357",
      "c115",
      "c089",
      "c077",
      "c208",
      "c075",
      "c131",
      "c270",
      "c001",
      "c030",
      "c099",
      "c141",
      "c184",
      "c036",
      "c085",
      "c222",
      "c019",
      "c299",
      "c055",
      "c326",
      "c386",
      "c096",
      "c025",
      "c167",
      "c063",
      "c070",
      "c147",
      "c279",
      "c066",
      "c090",
      "c016",
      "c249",
      "c254",
      "c244",
      "c048",
      "c346",
      "c170",
      "c193",
      "c359",
      "c388",
      "c229",
      "c374",
      "c233",
      "c360",
      "c248",
      "c079",
      "c100",
      "c142",
      "c257",
      "c340",
      "c376",
      "c006",
      "c108",
      "c242",
      "c253",
      "c145",
      "c029",
      "c107",
      "c122",
      "c349",
      "c228",
      "c102",
      "c309",
      "c121",
      "c091",
      "c350",
      "c255",
      "c008"
    ]
  },
  "ordered_queues": {
    "edge-1": [
      "c028",
      "c043",
      "c062",
      "c073",
      "c087",
      "c088",
      "c101",
      "c262",
      "c296",
      "c356"
    ],
    "edge-2": [
      "c129",
      "c151",
      "c166",
      "c175",
      "c191",
      "c245",
      "c260",
      "c308",
      "c361"
    ],
    "edge-3": [
      "c143",
      "c169",
      "c198",
      "c211",
      "c267",
      "c277",
      "c285",
      "c292",
      "c294",
      "c297",
      "c307",
      "c321"
    ],
    "edge-4": [
      "c003",
      "c022",
      "c049",
      "c051",
      "c136",
      "c155",
      "c174",
      "c239",
      "c261",
      "c265",
      "c343"
    ],
    "edge-5": [
      "c005",
      "c015",
      "c041",
      "c050",
      "c095",
      "c220",
      "c310",
      "c315",
      "c316",
      "c317",
      "c327",
      "c381",
      "c383"
    ],
    "edge-6": [
      "c032",
      "c033",
      "c044",
      "c112",
      "c266",
      "c304",
      "c323",
      "c325",
      "c328",
      "c330",
      "c367"
    ],
    "edge-7": [
      "c078",
      "c116",
      "c158",
      "c205",
      "c230",
      "c240",
      "c241",
      "c251",
      "c252",
      "c272",
      "c281",
      "c302",
      "c341",
      "c351"
    ],
    "edge-8": [
      "c114",
      "c156",
      "c159",
      "c180",
      "c185",
      "c187",
      "c199",
      "c214",
      "c322",
      "c363"
    ]
  }
}
================================================================================
[RUN][K8s-CA] drtp_img88_cacheonly_256mb_500.json
{
  "summary": {
    "algo": "FG-DSCR-GC-K8sCA",
    "num_containers": 500,
    "num_scheduled_containers": 81,
    "num_nodes": 8,
    "failed_deployments": 419,
    "ca_penalty": 838.0,
    "ca_downloaded_mb": 186708,
    "ACT": 170.73611111111111,
    "AMS": 300.07135416666665,
    "downloaded_mb": 72935,
    "reused_mb": 9928,
    "reuse_rate": 0.11981222017064311,
    "objective_without_ca_penalty": 235.40373263888887,
    "objective": 1073.4037326388889
  },
  "assignment": {
    "edge-1": [
      "c197",
      "c224",
      "c226",
      "c262",
      "c280",
      "c282",
      "c287",
      "c296",
      "c387",
      "c146",
      "c453",
      "c461"
    ],
    "edge-2": [
      "c078",
      "c270",
      "c041",
      "c090",
      "c173",
      "c186",
      "c273",
      "c020",
      "c265"
    ],
    "edge-3": [
      "c305",
      "c315",
      "c329",
      "c339",
      "c344",
      "c369",
      "c421",
      "c274",
      "c441",
      "c443",
      "c147",
      "c245"
    ],
    "edge-4": [
      "c292",
      "c354",
      "c363",
      "c370",
      "c021",
      "c043",
      "c055",
      "c312",
      "c113"
    ],
    "edge-5": [
      "c103",
      "c106",
      "c157",
      "c179",
      "c142",
      "c170",
      "c063",
      "c256",
      "c136",
      "c319"
    ],
    "edge-6": [
      "c235",
      "c207",
      "c302",
      "c087",
      "c242",
      "c062",
      "c093",
      "c165",
      "c357"
    ],
    "edge-7": [
      "c108",
      "c121",
      "c122",
      "c181",
      "c185",
      "c196",
      "c311",
      "c019",
      "c303",
      "c193"
    ],
    "edge-8": [
      "c331",
      "c345",
      "c349",
      "c385",
      "c493",
      "c500",
      "c002",
      "c003",
      "c015",
      "c067"
    ],
    "__CA_GUARANTEE__": [
      "c160",
      "c210",
      "c215",
      "c227",
      "c248",
      "c308",
      "c309",
      "c353",
      "c359",
      "c386",
      "c437",
      "c460",
      "c491",
      "c027",
      "c030",
      "c035",
      "c036",
      "c047",
      "c056",
      "c099",
      "c112",
      "c115",
      "c119",
      "c123",
      "c127",
      "c134",
      "c171",
      "c194",
      "c206",
      "c251",
      "c253",
      "c263",
      "c279",
      "c290",
      "c340",
      "c348",
      "c356",
      "c362",
      "c381",
      "c464",
      "c467",
      "c478",
      "c494",
      "c028",
      "c060",
      "c064",
      "c077",
      "c086",
      "c109",
      "c128",
      "c288",
      "c298",
      "c343",
      "c398",
      "c404",
      "c426",
      "c436",
      "c449",
      "c459",
      "c481",
      "c486",
      "c487",
      "c496",
      "c029",
      "c116",
      "c177",
      "c384",
      "c411",
      "c415",
      "c278",
      "c155",
      "c203",
      "c004",
      "c066",
      "c102",
      "c182",
      "c188",
      "c234",
      "c352",
      "c475",
      "c216",
      "c255",
      "c405",
      "c455",
      "c472",
      "c065",
      "c373",
      "c438",
      "c148",
      "c223",
      "c337",
      "c168",
      "c439",
      "c022",
      "c335",
      "c088",
      "c184",
      "c053",
      "c125",
      "c316",
      "c365",
      "c144",
      "c198",
      "c264",
      "c427",
      "c446",
      "c499",
      "c009",
      "c026",
      "c050",
      "c471",
      "c272",
      "c321",
      "c425",
      "c094",
      "c070",
      "c101",
      "c230",
      "c419",
      "c045",
      "c068",
      "c071",
      "c145",
      "c237",
      "c258",
      "c332",
      "c454",
      "c169",
      "c289",
      "c346",
      "c451",
      "c024",
      "c222",
      "c450",
      "c061",
      "c132",
      "c138",
      "c001",
      "c039",
      "c080",
      "c166",
      "c195",
      "c307",
      "c483",
      "c058",
      "c073",
      "c236",
      "c243",
      "c326",
      "c379",
      "c214",
      "c360",
      "c025",
      "c240",
      "c250",
      "c406",
      "c217",
      "c323",
      "c336",
      "c069",
      "c172",
      "c187",
      "c276",
      "c371",
      "c082",
      "c212",
      "c327",
      "c333",
      "c417",
      "c468",
      "c013",
      "c114",
      "c218",
      "c444",
      "c355",
      "c178",
      "c176",
      "c257",
      "c442",
      "c037",
      "c095",
      "c098",
      "c313",
      "c351",
      "c414",
      "c075",
      "c105",
      "c111",
      "c140",
      "c152",
      "c163",
      "c416",
      "c129",
      "c429",
      "c410",
      "c042",
      "c151",
      "c283",
      "c466",
      "c005",
      "c275",
      "c492",
      "c424",
      "c167",
      "c301",
      "c358",
      "c418",
      "c084",
      "c107",
      "c423",
      "c400",
      "c191",
      "c092",
      "c120",
      "c401",
      "c420",
      "c470",
      "c281",
      "c350",
      "c318",
      "c383",
      "c018",
      "c137",
      "c286",
      "c489",
      "c135",
      "c164",
      "c208",
      "c347",
      "c007",
      "c081",
      "c085",
      "c322",
      "c477",
      "c051",
      "c342",
      "c364",
      "c083",
      "c397",
      "c117",
      "c300",
      "c008",
      "c158",
      "c338",
      "c038",
      "c139",
      "c325",
      "c395",
      "c213",
      "c291",
      "c046",
      "c374",
      "c391",
      "c124",
      "c382",
      "c052",
      "c341",
      "c033",
      "c247",
      "c016",
      "c199",
      "c480",
      "c209",
      "c408",
      "c089",
      "c231",
      "c183",
      "c202",
      "c320",
      "c403",
      "c409",
      "c465",
      "c232",
      "c268",
      "c328",
      "c091",
      "c219",
      "c314",
      "c476",
      "c076",
      "c225",
      "c014",
      "c180",
      "c059",
      "c277",
      "c388",
      "c469",
      "c252",
      "c074",
      "c220",
      "c048",
      "c057",
      "c372",
      "c295",
      "c392",
      "c130",
      "c259",
      "c010",
      "c297",
      "c175",
      "c299",
      "c079",
      "c428",
      "c306",
      "c269",
      "c211",
      "c006",
      "c457",
      "c304",
      "c482",
      "c378",
      "c031",
      "c153",
      "c485",
      "c034",
      "c271",
      "c238",
      "c154",
      "c412",
      "c440",
      "c254",
      "c284",
      "c317",
      "c150",
      "c190",
      "c239",
      "c462",
      "c156",
      "c433",
      "c189",
      "c495",
      "c376",
      "c233",
      "c100",
      "c324",
      "c334",
      "c361",
      "c445",
      "c118",
      "c497",
      "c054",
      "c463",
      "c141",
      "c149",
      "c221",
      "c260",
      "c131",
      "c266",
      "c396",
      "c422",
      "c011",
      "c389",
      "c484",
      "c023",
      "c110",
      "c456",
      "c488",
      "c044",
      "c498",
      "c161",
      "c377",
      "c393",
      "c310",
      "c040",
      "c448",
      "c452",
      "c380",
      "c159",
      "c458",
      "c012",
      "c228",
      "c072",
      "c285",
      "c368",
      "c447",
      "c431",
      "c402",
      "c435",
      "c293",
      "c407",
      "c294",
      "c399",
      "c267",
      "c249",
      "c017",
      "c201",
      "c490",
      "c104",
      "c096",
      "c143",
      "c205",
      "c204",
      "c200",
      "c229",
      "c049",
      "c162",
      "c244",
      "c473",
      "c174",
      "c434",
      "c394",
      "c192",
      "c330",
      "c375",
      "c261",
      "c474",
      "c133",
      "c430",
      "c413",
      "c432",
      "c366",
      "c246",
      "c126",
      "c479",
      "c367",
      "c032",
      "c241",
      "c390",
      "c097"
    ]
  },
  "ordered_queues": {
    "edge-1": [
      "c146",
      "c197",
      "c224",
      "c226",
      "c262",
      "c280",
      "c282",
      "c287",
      "c296",
      "c387",
      "c453",
      "c461"
    ],
    "edge-2": [
      "c020",
      "c041",
      "c078",
      "c090",
      "c173",
      "c186",
      "c265",
      "c270",
      "c273"
    ],
    "edge-3": [
      "c147",
      "c245",
      "c274",
      "c305",
      "c315",
      "c329",
      "c339",
      "c344",
      "c369",
      "c421",
      "c441",
      "c443"
    ],
    "edge-4": [
      "c021",
      "c043",
      "c055",
      "c113",
      "c292",
      "c312",
      "c354",
      "c363",
      "c370"
    ],
    "edge-5": [
      "c063",
      "c103",
      "c106",
      "c136",
      "c142",
      "c157",
      "c170",
      "c179",
      "c256",
      "c319"
    ],
    "edge-6": [
      "c062",
      "c087",
      "c093",
      "c165",
      "c207",
      "c235",
      "c242",
      "c302",
      "c357"
    ],
    "edge-7": [
      "c019",
      "c108",
      "c121",
      "c122",
      "c181",
      "c185",
      "c193",
      "c196",
      "c303",
      "c311"
    ],
    "edge-8": [
      "c002",
      "c003",
      "c015",
      "c067",
      "c331",
      "c345",
      "c349",
      "c385",
      "c493",
      "c500"
    ]
  }
}
================================================================================
[RUN][K8s-CA] drtp_img88_cacheonly_256mb_600.json
{
  "summary": {
    "algo": "FG-DSCR-GC-K8sCA",
    "num_containers": 600,
    "num_scheduled_containers": 83,
    "num_nodes": 8,
    "failed_deployments": 517,
    "ca_penalty": 861.6666666666666,
    "ca_downloaded_mb": 233291,
    "ACT": 171.0140060240964,
    "AMS": 307.3812499999999,
    "downloaded_mb": 74709,
    "reused_mb": 10200,
    "reuse_rate": 0.1201286082747412,
    "objective_without_ca_penalty": 239.19762801204814,
    "objective": 1100.8642946787147
  },
  "assignment": {
    "edge-1": [
      "c579",
      "c588",
      "c590",
      "c032",
      "c051",
      "c116",
      "c156",
      "c159",
      "c304",
      "c169",
      "c199"
    ],
    "edge-2": [
      "c296",
      "c363",
      "c428",
      "c553",
      "c028",
      "c043",
      "c088",
      "c143",
      "c174"
    ],
    "edge-3": [
      "c474",
      "c521",
      "c534",
      "c550",
      "c560",
      "c566",
      "c575",
      "c050",
      "c292",
      "c328",
      "c078"
    ],
    "edge-4": [
      "c062",
      "c101",
      "c073",
      "c087",
      "c112",
      "c424",
      "c439",
      "c033",
      "c214"
    ],
    "edge-5": [
      "c114",
      "c151",
      "c166",
      "c191",
      "c198",
      "c260",
      "c343",
      "c265",
      "c044",
      "c220",
      "c325"
    ],
    "edge-6": [
      "c022",
      "c049",
      "c136",
      "c155",
      "c239",
      "c261",
      "c266",
      "c323",
      "c310",
      "c187",
      "c408",
      "c185"
    ],
    "edge-7": [
      "c262",
      "c285",
      "c327",
      "c356",
      "c180",
      "c493",
      "c321",
      "c501",
      "c003",
      "c322"
    ],
    "edge-8": [
      "c330",
      "c367",
      "c467",
      "c479",
      "c531",
      "c567",
      "c211",
      "c508",
      "c528",
      "c449"
    ],
    "__CA_GUARANTEE__": [
      "c245",
      "c267",
      "c277",
      "c294",
      "c297",
      "c307",
      "c308",
      "c315",
      "c316",
      "c317",
      "c361",
      "c381",
      "c383",
      "c431",
      "c502",
      "c503",
      "c507",
      "c514",
      "c520",
      "c524",
      "c543",
      "c557",
      "c577",
      "c595",
      "c600",
      "c005",
      "c015",
      "c041",
      "c095",
      "c129",
      "c158",
      "c175",
      "c205",
      "c230",
      "c240",
      "c241",
      "c251",
      "c252",
      "c272",
      "c281",
      "c302",
      "c341",
      "c351",
      "c353",
      "c391",
      "c406",
      "c421",
      "c430",
      "c433",
      "c446",
      "c456",
      "c468",
      "c469",
      "c526",
      "c537",
      "c572",
      "c584",
      "c009",
      "c012",
      "c053",
      "c083",
      "c132",
      "c171",
      "c183",
      "c189",
      "c200",
      "c203",
      "c217",
      "c219",
      "c280",
      "c334",
      "c378",
      "c392",
      "c401",
      "c413",
      "c445",
      "c498",
      "c510",
      "c545",
      "c589",
      "c591",
      "c068",
      "c154",
      "c264",
      "c283",
      "c459",
      "c463",
      "c562",
      "c071",
      "c336",
      "c020",
      "c109",
      "c065",
      "c324",
      "c384",
      "c396",
      "c434",
      "c037",
      "c148",
      "c153",
      "c177",
      "c179",
      "c268",
      "c454",
      "c418",
      "c425",
      "c447",
      "c452",
      "c042",
      "c046",
      "c140",
      "c247",
      "c303",
      "c420",
      "c135",
      "c437",
      "c105",
      "c138",
      "c489",
      "c574",
      "c196",
      "c271",
      "c287",
      "c111",
      "c436",
      "c221",
      "c093",
      "c236",
      "c291",
      "c470",
      "c599",
      "c354",
      "c578",
      "c195",
      "c497",
      "c475",
      "c120",
      "c054",
      "c123",
      "c393",
      "c164",
      "c345",
      "c485",
      "c552",
      "c555",
      "c014",
      "c059",
      "c457",
      "c546",
      "c598",
      "c103",
      "c246",
      "c282",
      "c500",
      "c554",
      "c031",
      "c106",
      "c332",
      "c161",
      "c593",
      "c305",
      "c414",
      "c072",
      "c400",
      "c547",
      "c181",
      "c215",
      "c371",
      "c585",
      "c226",
      "c415",
      "c429",
      "c523",
      "c504",
      "c583",
      "c477",
      "c082",
      "c092",
      "c160",
      "c368",
      "c529",
      "c544",
      "c047",
      "c366",
      "c026",
      "c094",
      "c202",
      "c412",
      "c427",
      "c444",
      "c481",
      "c017",
      "c290",
      "c382",
      "c057",
      "c110",
      "c506",
      "c052",
      "c404",
      "c038",
      "c515",
      "c188",
      "c385",
      "c204",
      "c213",
      "c460",
      "c480",
      "c064",
      "c069",
      "c227",
      "c024",
      "c387",
      "c592",
      "c293",
      "c538",
      "c118",
      "c097",
      "c165",
      "c379",
      "c556",
      "c060",
      "c339",
      "c438",
      "c455",
      "c146",
      "c023",
      "c395",
      "c472",
      "c286",
      "c010",
      "c127",
      "c348",
      "c144",
      "c224",
      "c243",
      "c295",
      "c362",
      "c483",
      "c173",
      "c178",
      "c288",
      "c402",
      "c442",
      "c338",
      "c398",
      "c335",
      "c476",
      "c394",
      "c486",
      "c495",
      "c168",
      "c273",
      "c364",
      "c496",
      "c509",
      "c435",
      "c453",
      "c471",
      "c494",
      "c162",
      "c482",
      "c568",
      "c369",
      "c218",
      "c289",
      "c035",
      "c533",
      "c176",
      "c207",
      "c284",
      "c373",
      "c549",
      "c125",
      "c210",
      "c231",
      "c234",
      "c329",
      "c488",
      "c212",
      "c275",
      "c372",
      "c518",
      "c056",
      "c301",
      "c390",
      "c484",
      "c540",
      "c298",
      "c300",
      "c086",
      "c040",
      "c450",
      "c133",
      "c548",
      "c034",
      "c182",
      "c320",
      "c559",
      "c232",
      "c314",
      "c570",
      "c134",
      "c278",
      "c117",
      "c342",
      "c074",
      "c397",
      "c209",
      "c337",
      "c487",
      "c542",
      "c126",
      "c235",
      "c333",
      "c344",
      "c491",
      "c569",
      "c192",
      "c002",
      "c172",
      "c080",
      "c274",
      "c149",
      "c536",
      "c440",
      "c004",
      "c157",
      "c331",
      "c377",
      "c150",
      "c259",
      "c312",
      "c403",
      "c448",
      "c561",
      "c039",
      "c269",
      "c582",
      "c532",
      "c319",
      "c194",
      "c499",
      "c517",
      "c137",
      "c422",
      "c530",
      "c380",
      "c443",
      "c045",
      "c399",
      "c098",
      "c358",
      "c313",
      "c511",
      "c021",
      "c527",
      "c190",
      "c206",
      "c539",
      "c410",
      "c124",
      "c389",
      "c513",
      "c522",
      "c113",
      "c139",
      "c250",
      "c237",
      "c263",
      "c223",
      "c466",
      "c130",
      "c061",
      "c067",
      "c256",
      "c594",
      "c375",
      "c576",
      "c347",
      "c423",
      "c462",
      "c311",
      "c417",
      "c186",
      "c352",
      "c587",
      "c258",
      "c318",
      "c535",
      "c225",
      "c370",
      "c013",
      "c058",
      "c011",
      "c365",
      "c076",
      "c163",
      "c081",
      "c119",
      "c564",
      "c216",
      "c306",
      "c104",
      "c084",
      "c573",
      "c276",
      "c505",
      "c007",
      "c128",
      "c197",
      "c490",
      "c018",
      "c201",
      "c355",
      "c152",
      "c027",
      "c571",
      "c238",
      "c357",
      "c458",
      "c115",
      "c416",
      "c089",
      "c077",
      "c208",
      "c075",
      "c131",
      "c270",
      "c001",
      "c030",
      "c099",
      "c141",
      "c184",
      "c405",
      "c036",
      "c441",
      "c085",
      "c432",
      "c222",
      "c558",
      "c019",
      "c299",
      "c055",
      "c326",
      "c386",
      "c096",
      "c025",
      "c167",
      "c063",
      "c070",
      "c580",
      "c147",
      "c279",
      "c066",
      "c409",
      "c090",
      "c596",
      "c512",
      "c597",
      "c016",
      "c465",
      "c249",
      "c254",
      "c451",
      "c244",
      "c419",
      "c426",
      "c551",
      "c048",
      "c346",
      "c473",
      "c492",
      "c170",
      "c193",
      "c359",
      "c388",
      "c581",
      "c229",
      "c461",
      "c374",
      "c233",
      "c360",
      "c248",
      "c464",
      "c079",
      "c100",
      "c142",
      "c257",
      "c411",
      "c340",
      "c478",
      "c376",
      "c006",
      "c108",
      "c407",
      "c242",
      "c253",
      "c145",
      "c541",
      "c029",
      "c107",
      "c122",
      "c349",
      "c516",
      "c228",
      "c565",
      "c525",
      "c102",
      "c309",
      "c121",
      "c091",
      "c350",
      "c255",
      "c586",
      "c008",
      "c519",
      "c563"
    ]
  },
  "ordered_queues": {
    "edge-1": [
      "c032",
      "c051",
      "c116",
      "c156",
      "c159",
      "c169",
      "c199",
      "c304",
      "c579",
      "c588",
      "c590"
    ],
    "edge-2": [
      "c028",
      "c043",
      "c088",
      "c143",
      "c174",
      "c296",
      "c363",
      "c428",
      "c553"
    ],
    "edge-3": [
      "c050",
      "c078",
      "c292",
      "c328",
      "c474",
      "c521",
      "c534",
      "c550",
      "c560",
      "c566",
      "c575"
    ],
    "edge-4": [
      "c033",
      "c062",
      "c073",
      "c087",
      "c101",
      "c112",
      "c214",
      "c424",
      "c439"
    ],
    "edge-5": [
      "c044",
      "c114",
      "c151",
      "c166",
      "c191",
      "c198",
      "c220",
      "c260",
      "c265",
      "c325",
      "c343"
    ],
    "edge-6": [
      "c022",
      "c049",
      "c136",
      "c155",
      "c185",
      "c187",
      "c239",
      "c261",
      "c266",
      "c310",
      "c323",
      "c408"
    ],
    "edge-7": [
      "c003",
      "c180",
      "c262",
      "c285",
      "c321",
      "c322",
      "c327",
      "c356",
      "c493",
      "c501"
    ],
    "edge-8": [
      "c211",
      "c330",
      "c367",
      "c449",
      "c467",
      "c479",
      "c508",
      "c528",
      "c531",
      "c567"
    ]
  }
}
================================================================================
[RUN][K8s-CA] drtp_img88_cacheonly_256mb_700.json
{
  "summary": {
    "algo": "FG-DSCR-GC-K8sCA",
    "num_containers": 700,
    "num_scheduled_containers": 81,
    "num_nodes": 8,
    "failed_deployments": 619,
    "ca_penalty": 884.2857142857143,
    "ca_downloaded_mb": 282437,
    "ACT": 166.8804012345679,
    "AMS": 297.64739583333335,
    "downloaded_mb": 72935,
    "reused_mb": 9928,
    "reuse_rate": 0.11981222017064311,
    "objective_without_ca_penalty": 232.26389853395062,
    "objective": 1116.549612819665
  },
  "assignment": {
    "edge-1": [
      "c588",
      "c032",
      "c033",
      "c044",
      "c051",
      "c528",
      "c449",
      "c322",
      "c363",
      "c174"
    ],
    "edge-2": [
      "c428",
      "c553",
      "c656",
      "c028",
      "c043",
      "c088",
      "c143",
      "c343",
      "c493"
    ],
    "edge-3": [
      "c199",
      "c214",
      "c220",
      "c112",
      "c180",
      "c321",
      "c508",
      "c003",
      "c265",
      "c296"
    ],
    "edge-4": [
      "c501",
      "c239",
      "c156",
      "c169",
      "c285",
      "c567",
      "c579",
      "c078",
      "c136"
    ],
    "edge-5": [
      "c566",
      "c575",
      "c610",
      "c632",
      "c639",
      "c687",
      "c050",
      "c062",
      "c073",
      "c114"
    ],
    "edge-6": [
      "c601",
      "c022",
      "c049",
      "c155",
      "c261",
      "c116",
      "c187",
      "c590",
      "c644",
      "c159",
      "c185"
    ],
    "edge-7": [
      "c262",
      "c327",
      "c356",
      "c424",
      "c439",
      "c474",
      "c521",
      "c534",
      "c550",
      "c560",
      "c198",
      "c624"
    ],
    "edge-8": [
      "c266",
      "c323",
      "c325",
      "c328",
      "c330",
      "c367",
      "c408",
      "c467",
      "c479",
      "c531"
    ],
    "__CA_GUARANTEE__": [
      "c087",
      "c101",
      "c151",
      "c166",
      "c191",
      "c211",
      "c245",
      "c260",
      "c267",
      "c277",
      "c292",
      "c294",
      "c297",
      "c304",
      "c307",
      "c308",
      "c310",
      "c315",
      "c316",
      "c317",
      "c361",
      "c381",
      "c383",
      "c431",
      "c502",
      "c503",
      "c507",
      "c514",
      "c520",
      "c524",
      "c543",
      "c557",
      "c577",
      "c595",
      "c600",
      "c619",
      "c627",
      "c686",
      "c005",
      "c015",
      "c041",
      "c095",
      "c129",
      "c158",
      "c175",
      "c205",
      "c230",
      "c240",
      "c241",
      "c251",
      "c252",
      "c272",
      "c281",
      "c302",
      "c341",
      "c351",
      "c353",
      "c391",
      "c406",
      "c421",
      "c430",
      "c433",
      "c446",
      "c456",
      "c468",
      "c469",
      "c526",
      "c537",
      "c572",
      "c584",
      "c650",
      "c666",
      "c685",
      "c009",
      "c012",
      "c053",
      "c083",
      "c132",
      "c171",
      "c183",
      "c189",
      "c200",
      "c203",
      "c217",
      "c219",
      "c280",
      "c334",
      "c378",
      "c392",
      "c401",
      "c413",
      "c445",
      "c498",
      "c510",
      "c545",
      "c589",
      "c591",
      "c611",
      "c621",
      "c628",
      "c629",
      "c678",
      "c694",
      "c068",
      "c154",
      "c264",
      "c283",
      "c459",
      "c463",
      "c562",
      "c071",
      "c336",
      "c020",
      "c109",
      "c065",
      "c324",
      "c384",
      "c396",
      "c434",
      "c605",
      "c663",
      "c037",
      "c148",
      "c153",
      "c177",
      "c179",
      "c268",
      "c454",
      "c418",
      "c425",
      "c447",
      "c452",
      "c606",
      "c649",
      "c658",
      "c042",
      "c046",
      "c140",
      "c247",
      "c303",
      "c420",
      "c662",
      "c683",
      "c135",
      "c437",
      "c654",
      "c105",
      "c138",
      "c489",
      "c574",
      "c623",
      "c196",
      "c271",
      "c633",
      "c652",
      "c287",
      "c111",
      "c436",
      "c677",
      "c221",
      "c620",
      "c671",
      "c681",
      "c093",
      "c236",
      "c291",
      "c470",
      "c599",
      "c354",
      "c578",
      "c640",
      "c195",
      "c497",
      "c475",
      "c120",
      "c054",
      "c123",
      "c393",
      "c164",
      "c345",
      "c485",
      "c552",
      "c555",
      "c609",
      "c643",
      "c014",
      "c059",
      "c457",
      "c546",
      "c598",
      "c653",
      "c698",
      "c103",
      "c246",
      "c282",
      "c500",
      "c554",
      "c651",
      "c031",
      "c106",
      "c332",
      "c161",
      "c593",
      "c305",
      "c414",
      "c072",
      "c400",
      "c547",
      "c181",
      "c215",
      "c371",
      "c585",
      "c631",
      "c226",
      "c415",
      "c429",
      "c523",
      "c504",
      "c583",
      "c477",
      "c082",
      "c092",
      "c160",
      "c368",
      "c529",
      "c544",
      "c668",
      "c047",
      "c366",
      "c612",
      "c634",
      "c026",
      "c094",
      "c202",
      "c412",
      "c427",
      "c444",
      "c481",
      "c622",
      "c017",
      "c290",
      "c382",
      "c637",
      "c057",
      "c615",
      "c110",
      "c506",
      "c052",
      "c404",
      "c038",
      "c515",
      "c625",
      "c188",
      "c385",
      "c204",
      "c213",
      "c460",
      "c480",
      "c064",
      "c069",
      "c227",
      "c024",
      "c387",
      "c592",
      "c293",
      "c538",
      "c118",
      "c097",
      "c165",
      "c379",
      "c556",
      "c699",
      "c060",
      "c339",
      "c438",
      "c455",
      "c146",
      "c023",
      "c395",
      "c673",
      "c472",
      "c286",
      "c010",
      "c127",
      "c348",
      "c144",
      "c224",
      "c243",
      "c295",
      "c362",
      "c483",
      "c173",
      "c178",
      "c288",
      "c402",
      "c442",
      "c338",
      "c398",
      "c335",
      "c476",
      "c394",
      "c486",
      "c495",
      "c670",
      "c168",
      "c273",
      "c364",
      "c496",
      "c509",
      "c435",
      "c453",
      "c471",
      "c494",
      "c162",
      "c482",
      "c568",
      "c676",
      "c369",
      "c218",
      "c289",
      "c035",
      "c533",
      "c176",
      "c207",
      "c284",
      "c373",
      "c549",
      "c648",
      "c679",
      "c125",
      "c210",
      "c231",
      "c234",
      "c329",
      "c488",
      "c674",
      "c212",
      "c275",
      "c372",
      "c518",
      "c626",
      "c056",
      "c301",
      "c390",
      "c484",
      "c696",
      "c540",
      "c298",
      "c300",
      "c086",
      "c040",
      "c450",
      "c133",
      "c548",
      "c034",
      "c182",
      "c320",
      "c559",
      "c672",
      "c232",
      "c314",
      "c570",
      "c134",
      "c278",
      "c117",
      "c342",
      "c074",
      "c397",
      "c209",
      "c337",
      "c487",
      "c542",
      "c126",
      "c235",
      "c333",
      "c344",
      "c491",
      "c569",
      "c192",
      "c002",
      "c172",
      "c080",
      "c274",
      "c149",
      "c536",
      "c647",
      "c690",
      "c440",
      "c004",
      "c157",
      "c331",
      "c377",
      "c646",
      "c150",
      "c259",
      "c312",
      "c403",
      "c448",
      "c561",
      "c039",
      "c269",
      "c582",
      "c532",
      "c319",
      "c194",
      "c499",
      "c517",
      "c137",
      "c422",
      "c530",
      "c380",
      "c443",
      "c045",
      "c399",
      "c098",
      "c358",
      "c608",
      "c700",
      "c313",
      "c511",
      "c021",
      "c527",
      "c190",
      "c206",
      "c539",
      "c410",
      "c124",
      "c389",
      "c513",
      "c522",
      "c113",
      "c139",
      "c250",
      "c237",
      "c263",
      "c613",
      "c223",
      "c466",
      "c130",
      "c061",
      "c067",
      "c256",
      "c617",
      "c659",
      "c594",
      "c661",
      "c689",
      "c375",
      "c576",
      "c347",
      "c423",
      "c602",
      "c636",
      "c667",
      "c462",
      "c311",
      "c417",
      "c186",
      "c352",
      "c587",
      "c258",
      "c318",
      "c535",
      "c225",
      "c370",
      "c013",
      "c058",
      "c011",
      "c365",
      "c076",
      "c163",
      "c081",
      "c119",
      "c564",
      "c635",
      "c664",
      "c216",
      "c306",
      "c104",
      "c084",
      "c675",
      "c573",
      "c276",
      "c505",
      "c007",
      "c128",
      "c197",
      "c490",
      "c018",
      "c201",
      "c355",
      "c152",
      "c027",
      "c571",
      "c669",
      "c693",
      "c238",
      "c357",
      "c458",
      "c115",
      "c416",
      "c089",
      "c077",
      "c208",
      "c657",
      "c665",
      "c075",
      "c131",
      "c270",
      "c001",
      "c030",
      "c099",
      "c141",
      "c184",
      "c405",
      "c036",
      "c441",
      "c085",
      "c432",
      "c222",
      "c604",
      "c558",
      "c019",
      "c299",
      "c684",
      "c692",
      "c055",
      "c326",
      "c386",
      "c096",
      "c614",
      "c025",
      "c167",
      "c063",
      "c070",
      "c580",
      "c147",
      "c618",
      "c655",
      "c279",
      "c066",
      "c409",
      "c090",
      "c596",
      "c682",
      "c512",
      "c597",
      "c016",
      "c465",
      "c249",
      "c616",
      "c254",
      "c645",
      "c451",
      "c244",
      "c419",
      "c426",
      "c607",
      "c551",
      "c048",
      "c346",
      "c473",
      "c492",
      "c170",
      "c688",
      "c660",
      "c193",
      "c680",
      "c695",
      "c359",
      "c388",
      "c581",
      "c229",
      "c461",
      "c374",
      "c233",
      "c360",
      "c248",
      "c464",
      "c079",
      "c100",
      "c142",
      "c257",
      "c411",
      "c691",
      "c340",
      "c478",
      "c376",
      "c006",
      "c108",
      "c407",
      "c603",
      "c242",
      "c253",
      "c145",
      "c541",
      "c029",
      "c107",
      "c122",
      "c349",
      "c516",
      "c228",
      "c565",
      "c525",
      "c102",
      "c630",
      "c638",
      "c309",
      "c642",
      "c121",
      "c641",
      "c697",
      "c091",
      "c350",
      "c255",
      "c586",
      "c008",
      "c519",
      "c563"
    ]
  },
  "ordered_queues": {
    "edge-1": [
      "c032",
      "c033",
      "c044",
      "c051",
      "c174",
      "c322",
      "c363",
      "c449",
      "c528",
      "c588"
    ],
    "edge-2": [
      "c028",
      "c043",
      "c088",
      "c143",
      "c343",
      "c428",
      "c493",
      "c553",
      "c656"
    ],
    "edge-3": [
      "c003",
      "c112",
      "c180",
      "c199",
      "c214",
      "c220",
      "c265",
      "c296",
      "c321",
      "c508"
    ],
    "edge-4": [
      "c078",
      "c136",
      "c156",
      "c169",
      "c239",
      "c285",
      "c501",
      "c567",
      "c579"
    ],
    "edge-5": [
      "c050",
      "c062",
      "c073",
      "c114",
      "c566",
      "c575",
      "c610",
      "c632",
      "c639",
      "c687"
    ],
    "edge-6": [
      "c022",
      "c049",
      "c116",
      "c155",
      "c159",
      "c185",
      "c187",
      "c261",
      "c590",
      "c601",
      "c644"
    ],
    "edge-7": [
      "c198",
      "c262",
      "c327",
      "c356",
      "c424",
      "c439",
      "c474",
      "c521",
      "c534",
      "c550",
      "c560",
      "c624"
    ],
    "edge-8": [
      "c266",
      "c323",
      "c325",
      "c328",
      "c330",
      "c367",
      "c408",
      "c467",
      "c479",
      "c531"
    ]
  }
}
================================================================================
[RUN][K8s-CA] drtp_img88_cacheonly_256mb_800.json
{
  "summary": {
    "algo": "FG-DSCR-GC-K8sCA",
    "num_containers": 800,
    "num_scheduled_containers": 81,
    "num_nodes": 8,
    "failed_deployments": 719,
    "ca_penalty": 898.75,
    "ca_downloaded_mb": 333619,
    "ACT": 168.08060699588478,
    "AMS": 299.6473958333333,
    "downloaded_mb": 72935,
    "reused_mb": 9928,
    "reuse_rate": 0.11981222017064311,
    "objective_without_ca_penalty": 233.86400141460905,
    "objective": 1132.614001414609
  },
  "assignment": {
    "edge-1": [
      "c408",
      "c467",
      "c479",
      "c531",
      "c588",
      "c590",
      "c624",
      "c114",
      "c116",
      "c187",
      "c169"
    ],
    "edge-2": [
      "c363",
      "c428",
      "c553",
      "c656",
      "c716",
      "c739",
      "c028",
      "c632",
      "c343"
    ],
    "edge-3": [
      "c033",
      "c044",
      "c051",
      "c751",
      "c449",
      "c174",
      "c239",
      "c296",
      "c043",
      "c328"
    ],
    "edge-4": [
      "c285",
      "c356",
      "c367",
      "c567",
      "c136",
      "c737",
      "c708",
      "c800",
      "c579"
    ],
    "edge-5": [
      "c199",
      "c214",
      "c220",
      "c112",
      "c143",
      "c180",
      "c322",
      "c321",
      "c265",
      "c323"
    ],
    "edge-6": [
      "c493",
      "c501",
      "c508",
      "c528",
      "c601",
      "c724",
      "c003",
      "c022",
      "c049",
      "c078"
    ],
    "edge-7": [
      "c327",
      "c424",
      "c439",
      "c474",
      "c521",
      "c534",
      "c550",
      "c560",
      "c566",
      "c088",
      "c261"
    ],
    "edge-8": [
      "c155",
      "c266",
      "c325",
      "c330",
      "c262",
      "c032",
      "c799",
      "c156",
      "c159",
      "c185",
      "c644"
    ],
    "__CA_GUARANTEE__": [
      "c575",
      "c610",
      "c639",
      "c687",
      "c720",
      "c793",
      "c050",
      "c062",
      "c073",
      "c087",
      "c101",
      "c151",
      "c166",
      "c191",
      "c198",
      "c211",
      "c245",
      "c260",
      "c267",
      "c277",
      "c292",
      "c294",
      "c297",
      "c304",
      "c307",
      "c308",
      "c310",
      "c315",
      "c316",
      "c317",
      "c361",
      "c381",
      "c383",
      "c431",
      "c502",
      "c503",
      "c507",
      "c514",
      "c520",
      "c524",
      "c543",
      "c557",
      "c577",
      "c595",
      "c600",
      "c619",
      "c627",
      "c686",
      "c755",
      "c775",
      "c776",
      "c791",
      "c005",
      "c015",
      "c041",
      "c095",
      "c129",
      "c158",
      "c175",
      "c205",
      "c230",
      "c240",
      "c241",
      "c251",
      "c252",
      "c272",
      "c281",
      "c302",
      "c341",
      "c351",
      "c353",
      "c391",
      "c406",
      "c421",
      "c430",
      "c433",
      "c446",
      "c456",
      "c468",
      "c469",
      "c526",
      "c537",
      "c572",
      "c584",
      "c650",
      "c666",
      "c685",
      "c746",
      "c783",
      "c787",
      "c009",
      "c012",
      "c053",
      "c083",
      "c132",
      "c171",
      "c183",
      "c189",
      "c200",
      "c203",
      "c217",
      "c219",
      "c280",
      "c334",
      "c378",
      "c392",
      "c401",
      "c413",
      "c445",
      "c498",
      "c510",
      "c545",
      "c589",
      "c591",
      "c611",
      "c621",
      "c628",
      "c629",
      "c678",
      "c694",
      "c730",
      "c753",
      "c761",
      "c068",
      "c154",
      "c264",
      "c283",
      "c459",
      "c463",
      "c562",
      "c717",
      "c782",
      "c071",
      "c336",
      "c020",
      "c109",
      "c065",
      "c324",
      "c384",
      "c396",
      "c434",
      "c605",
      "c663",
      "c037",
      "c148",
      "c153",
      "c177",
      "c179",
      "c268",
      "c454",
      "c770",
      "c418",
      "c425",
      "c447",
      "c452",
      "c606",
      "c649",
      "c658",
      "c042",
      "c046",
      "c140",
      "c247",
      "c303",
      "c420",
      "c662",
      "c683",
      "c733",
      "c135",
      "c437",
      "c654",
      "c105",
      "c138",
      "c489",
      "c711",
      "c725",
      "c574",
      "c623",
      "c196",
      "c271",
      "c633",
      "c652",
      "c287",
      "c111",
      "c740",
      "c763",
      "c436",
      "c677",
      "c221",
      "c620",
      "c671",
      "c681",
      "c726",
      "c093",
      "c236",
      "c291",
      "c470",
      "c599",
      "c354",
      "c578",
      "c640",
      "c707",
      "c728",
      "c798",
      "c195",
      "c497",
      "c475",
      "c120",
      "c054",
      "c123",
      "c393",
      "c701",
      "c742",
      "c781",
      "c164",
      "c345",
      "c485",
      "c552",
      "c555",
      "c609",
      "c643",
      "c714",
      "c727",
      "c014",
      "c059",
      "c457",
      "c546",
      "c598",
      "c653",
      "c698",
      "c767",
      "c103",
      "c246",
      "c282",
      "c500",
      "c554",
      "c651",
      "c706",
      "c794",
      "c031",
      "c106",
      "c771",
      "c790",
      "c332",
      "c161",
      "c593",
      "c721",
      "c774",
      "c305",
      "c414",
      "c072",
      "c400",
      "c547",
      "c741",
      "c181",
      "c215",
      "c371",
      "c585",
      "c631",
      "c762",
      "c226",
      "c415",
      "c429",
      "c523",
      "c504",
      "c583",
      "c477",
      "c710",
      "c082",
      "c092",
      "c160",
      "c368",
      "c529",
      "c544",
      "c668",
      "c731",
      "c772",
      "c047",
      "c366",
      "c612",
      "c634",
      "c779",
      "c026",
      "c094",
      "c202",
      "c412",
      "c427",
      "c444",
      "c481",
      "c622",
      "c017",
      "c290",
      "c382",
      "c637",
      "c057",
      "c615",
      "c110",
      "c506",
      "c052",
      "c404",
      "c038",
      "c515",
      "c797",
      "c625",
      "c188",
      "c385",
      "c204",
      "c213",
      "c460",
      "c480",
      "c064",
      "c069",
      "c227",
      "c024",
      "c387",
      "c592",
      "c712",
      "c293",
      "c538",
      "c118",
      "c097",
      "c165",
      "c379",
      "c556",
      "c699",
      "c745",
      "c060",
      "c339",
      "c438",
      "c455",
      "c146",
      "c023",
      "c395",
      "c673",
      "c705",
      "c472",
      "c286",
      "c010",
      "c127",
      "c348",
      "c144",
      "c224",
      "c243",
      "c295",
      "c362",
      "c483",
      "c173",
      "c178",
      "c288",
      "c402",
      "c442",
      "c702",
      "c338",
      "c398",
      "c723",
      "c752",
      "c795",
      "c335",
      "c722",
      "c476",
      "c394",
      "c486",
      "c495",
      "c670",
      "c758",
      "c168",
      "c273",
      "c364",
      "c496",
      "c509",
      "c435",
      "c453",
      "c471",
      "c494",
      "c162",
      "c482",
      "c568",
      "c676",
      "c777",
      "c369",
      "c218",
      "c289",
      "c035",
      "c533",
      "c743",
      "c176",
      "c207",
      "c284",
      "c373",
      "c549",
      "c648",
      "c679",
      "c735",
      "c784",
      "c789",
      "c125",
      "c210",
      "c231",
      "c234",
      "c329",
      "c488",
      "c674",
      "c212",
      "c275",
      "c372",
      "c518",
      "c626",
      "c715",
      "c056",
      "c301",
      "c390",
      "c484",
      "c696",
      "c750",
      "c540",
      "c298",
      "c300",
      "c086",
      "c040",
      "c450",
      "c133",
      "c548",
      "c034",
      "c182",
      "c320",
      "c559",
      "c672",
      "c736",
      "c232",
      "c314",
      "c729",
      "c570",
      "c134",
      "c278",
      "c744",
      "c117",
      "c342",
      "c074",
      "c397",
      "c209",
      "c337",
      "c487",
      "c542",
      "c754",
      "c766",
      "c126",
      "c235",
      "c333",
      "c344",
      "c491",
      "c569",
      "c192",
      "c734",
      "c002",
      "c172",
      "c080",
      "c274",
      "c149",
      "c536",
      "c647",
      "c690",
      "c440",
      "c004",
      "c157",
      "c331",
      "c377",
      "c646",
      "c150",
      "c259",
      "c312",
      "c403",
      "c448",
      "c561",
      "c764",
      "c780",
      "c039",
      "c269",
      "c582",
      "c532",
      "c319",
      "c792",
      "c194",
      "c499",
      "c517",
      "c137",
      "c422",
      "c732",
      "c530",
      "c380",
      "c443",
      "c045",
      "c399",
      "c786",
      "c098",
      "c358",
      "c608",
      "c700",
      "c313",
      "c511",
      "c021",
      "c527",
      "c190",
      "c206",
      "c539",
      "c765",
      "c747",
      "c410",
      "c788",
      "c124",
      "c389",
      "c513",
      "c522",
      "c113",
      "c139",
      "c250",
      "c713",
      "c237",
      "c738",
      "c263",
      "c613",
      "c223",
      "c466",
      "c130",
      "c061",
      "c067",
      "c256",
      "c617",
      "c659",
      "c594",
      "c661",
      "c689",
      "c375",
      "c709",
      "c576",
      "c347",
      "c423",
      "c602",
      "c636",
      "c667",
      "c462",
      "c311",
      "c417",
      "c186",
      "c352",
      "c587",
      "c258",
      "c318",
      "c535",
      "c225",
      "c370",
      "c013",
      "c058",
      "c011",
      "c365",
      "c076",
      "c163",
      "c081",
      "c119",
      "c564",
      "c635",
      "c664",
      "c216",
      "c306",
      "c104",
      "c084",
      "c675",
      "c573",
      "c276",
      "c505",
      "c007",
      "c128",
      "c197",
      "c490",
      "c018",
      "c201",
      "c355",
      "c152",
      "c027",
      "c749",
      "c571",
      "c669",
      "c693",
      "c238",
      "c357",
      "c458",
      "c773",
      "c115",
      "c416",
      "c089",
      "c760",
      "c077",
      "c208",
      "c657",
      "c665",
      "c075",
      "c131",
      "c270",
      "c001",
      "c030",
      "c099",
      "c778",
      "c141",
      "c184",
      "c405",
      "c036",
      "c441",
      "c719",
      "c085",
      "c432",
      "c222",
      "c604",
      "c558",
      "c019",
      "c299",
      "c684",
      "c692",
      "c748",
      "c055",
      "c768",
      "c326",
      "c386",
      "c096",
      "c614",
      "c025",
      "c167",
      "c718",
      "c063",
      "c070",
      "c580",
      "c147",
      "c618",
      "c655",
      "c279",
      "c066",
      "c409",
      "c759",
      "c090",
      "c596",
      "c682",
      "c512",
      "c597",
      "c016",
      "c465",
      "c703",
      "c249",
      "c616",
      "c254",
      "c645",
      "c451",
      "c244",
      "c419",
      "c426",
      "c607",
      "c551",
      "c048",
      "c756",
      "c346",
      "c473",
      "c492",
      "c170",
      "c688",
      "c796",
      "c660",
      "c193",
      "c680",
      "c695",
      "c359",
      "c388",
      "c581",
      "c769",
      "c229",
      "c461",
      "c374",
      "c233",
      "c360",
      "c248",
      "c464",
      "c079",
      "c100",
      "c142",
      "c257",
      "c411",
      "c691",
      "c757",
      "c340",
      "c478",
      "c376",
      "c006",
      "c108",
      "c407",
      "c603",
      "c242",
      "c253",
      "c145",
      "c541",
      "c785",
      "c029",
      "c107",
      "c122",
      "c349",
      "c516",
      "c228",
      "c565",
      "c525",
      "c102",
      "c630",
      "c638",
      "c309",
      "c642",
      "c121",
      "c641",
      "c697",
      "c091",
      "c350",
      "c255",
      "c586",
      "c008",
      "c519",
      "c563",
      "c704"
    ]
  },
  "ordered_queues": {
    "edge-1": [
      "c114",
      "c116",
      "c169",
      "c187",
      "c408",
      "c467",
      "c479",
      "c531",
      "c588",
      "c590",
      "c624"
    ],
    "edge-2": [
      "c028",
      "c343",
      "c363",
      "c428",
      "c553",
      "c632",
      "c656",
      "c716",
      "c739"
    ],
    "edge-3": [
      "c033",
      "c043",
      "c044",
      "c051",
      "c174",
      "c239",
      "c296",
      "c328",
      "c449",
      "c751"
    ],
    "edge-4": [
      "c136",
      "c285",
      "c356",
      "c367",
      "c567",
      "c579",
      "c708",
      "c737",
      "c800"
    ],
    "edge-5": [
      "c112",
      "c143",
      "c180",
      "c199",
      "c214",
      "c220",
      "c265",
      "c321",
      "c322",
      "c323"
    ],
    "edge-6": [
      "c003",
      "c022",
      "c049",
      "c078",
      "c493",
      "c501",
      "c508",
      "c528",
      "c601",
      "c724"
    ],
    "edge-7": [
      "c088",
      "c261",
      "c327",
      "c424",
      "c439",
      "c474",
      "c521",
      "c534",
      "c550",
      "c560",
      "c566"
    ],
    "edge-8": [
      "c032",
      "c155",
      "c156",
      "c159",
      "c185",
      "c262",
      "c266",
      "c325",
      "c330",
      "c644",
      "c799"
    ]
  }
}
================================================================================
[RUN][K8s-CA] drtp_img88_cacheonly_256mb_900.json
{
  "summary": {
    "algo": "FG-DSCR-GC-K8sCA",
    "num_containers": 900,
    "num_scheduled_containers": 78,
    "num_nodes": 8,
    "failed_deployments": 822,
    "ca_penalty": 913.3333333333334,
    "ca_downloaded_mb": 383994,
    "ACT": 161.60833333333335,
    "AMS": 289.065625,
    "downloaded_mb": 70274,
    "reused_mb": 9520,
    "reuse_rate": 0.11930721608140964,
    "objective_without_ca_penalty": 225.33697916666668,
    "objective": 1138.6703125000001
  },
  "assignment": {
    "edge-1": [
      "c408",
      "c531",
      "c848",
      "c033",
      "c051",
      "c841",
      "c501",
      "c022",
      "c322",
      "c143"
    ],
    "edge-2": [
      "c328",
      "c330",
      "c367",
      "c579",
      "c078",
      "c136",
      "c044",
      "c890"
    ],
    "edge-3": [
      "c032",
      "c116",
      "c156",
      "c159",
      "c169",
      "c185",
      "c739",
      "c816",
      "c296",
      "c363"
    ],
    "edge-4": [
      "c851",
      "c855",
      "c028",
      "c043",
      "c088",
      "c174",
      "c180",
      "c321",
      "c656"
    ],
    "edge-5": [
      "c588",
      "c590",
      "c624",
      "c644",
      "c708",
      "c737",
      "c799",
      "c800",
      "c829",
      "c343"
    ],
    "edge-6": [
      "c449",
      "c493",
      "c508",
      "c528",
      "c601",
      "c724",
      "c716",
      "c428",
      "c553"
    ],
    "edge-7": [
      "c187",
      "c199",
      "c214",
      "c220",
      "c262",
      "c285",
      "c327",
      "c356",
      "c424",
      "c534"
    ],
    "edge-8": [
      "c003",
      "c049",
      "c155",
      "c239",
      "c261",
      "c265",
      "c266",
      "c323",
      "c479",
      "c325",
      "c467",
      "c567"
    ],
    "__CA_GUARANTEE__": [
      "c439",
      "c474",
      "c521",
      "c550",
      "c560",
      "c566",
      "c575",
      "c610",
      "c632",
      "c639",
      "c687",
      "c720",
      "c751",
      "c793",
      "c854",
      "c866",
      "c886",
      "c900",
      "c050",
      "c062",
      "c073",
      "c087",
      "c101",
      "c112",
      "c114",
      "c151",
      "c166",
      "c191",
      "c198",
      "c211",
      "c245",
      "c260",
      "c267",
      "c277",
      "c292",
      "c294",
      "c297",
      "c304",
      "c307",
      "c308",
      "c310",
      "c315",
      "c316",
      "c317",
      "c361",
      "c381",
      "c383",
      "c431",
      "c502",
      "c503",
      "c507",
      "c514",
      "c520",
      "c524",
      "c543",
      "c557",
      "c577",
      "c595",
      "c600",
      "c619",
      "c627",
      "c686",
      "c755",
      "c775",
      "c776",
      "c791",
      "c801",
      "c839",
      "c893",
      "c005",
      "c015",
      "c041",
      "c095",
      "c129",
      "c158",
      "c175",
      "c205",
      "c230",
      "c240",
      "c241",
      "c251",
      "c252",
      "c272",
      "c281",
      "c302",
      "c341",
      "c351",
      "c353",
      "c391",
      "c406",
      "c421",
      "c430",
      "c433",
      "c446",
      "c456",
      "c468",
      "c469",
      "c526",
      "c537",
      "c572",
      "c584",
      "c650",
      "c666",
      "c685",
      "c746",
      "c783",
      "c787",
      "c809",
      "c810",
      "c821",
      "c849",
      "c891",
      "c009",
      "c012",
      "c053",
      "c083",
      "c132",
      "c171",
      "c183",
      "c189",
      "c200",
      "c203",
      "c217",
      "c219",
      "c280",
      "c334",
      "c378",
      "c392",
      "c401",
      "c413",
      "c445",
      "c498",
      "c510",
      "c545",
      "c589",
      "c591",
      "c611",
      "c621",
      "c628",
      "c629",
      "c678",
      "c694",
      "c730",
      "c753",
      "c761",
      "c805",
      "c864",
      "c068",
      "c154",
      "c264",
      "c283",
      "c459",
      "c463",
      "c562",
      "c717",
      "c782",
      "c844",
      "c871",
      "c071",
      "c336",
      "c020",
      "c109",
      "c065",
      "c324",
      "c384",
      "c396",
      "c434",
      "c605",
      "c663",
      "c897",
      "c037",
      "c148",
      "c153",
      "c177",
      "c179",
      "c268",
      "c454",
      "c770",
      "c804",
      "c814",
      "c418",
      "c425",
      "c447",
      "c452",
      "c606",
      "c649",
      "c658",
      "c042",
      "c046",
      "c140",
      "c247",
      "c303",
      "c420",
      "c662",
      "c683",
      "c733",
      "c882",
      "c135",
      "c437",
      "c654",
      "c876",
      "c105",
      "c138",
      "c489",
      "c711",
      "c725",
      "c574",
      "c623",
      "c196",
      "c271",
      "c633",
      "c652",
      "c287",
      "c111",
      "c740",
      "c763",
      "c436",
      "c677",
      "c221",
      "c620",
      "c671",
      "c681",
      "c726",
      "c858",
      "c093",
      "c236",
      "c291",
      "c470",
      "c599",
      "c354",
      "c578",
      "c640",
      "c707",
      "c728",
      "c798",
      "c195",
      "c497",
      "c475",
      "c120",
      "c054",
      "c123",
      "c393",
      "c701",
      "c742",
      "c781",
      "c853",
      "c164",
      "c345",
      "c485",
      "c552",
      "c555",
      "c609",
      "c643",
      "c714",
      "c727",
      "c834",
      "c014",
      "c059",
      "c457",
      "c546",
      "c598",
      "c653",
      "c698",
      "c767",
      "c103",
      "c246",
      "c282",
      "c500",
      "c554",
      "c651",
      "c706",
      "c794",
      "c031",
      "c106",
      "c771",
      "c790",
      "c888",
      "c332",
      "c161",
      "c593",
      "c721",
      "c774",
      "c305",
      "c414",
      "c072",
      "c400",
      "c547",
      "c741",
      "c828",
      "c181",
      "c215",
      "c371",
      "c585",
      "c631",
      "c762",
      "c831",
      "c838",
      "c226",
      "c415",
      "c429",
      "c523",
      "c857",
      "c504",
      "c583",
      "c477",
      "c710",
      "c082",
      "c092",
      "c160",
      "c368",
      "c529",
      "c544",
      "c668",
      "c731",
      "c772",
      "c806",
      "c899",
      "c047",
      "c366",
      "c612",
      "c634",
      "c779",
      "c026",
      "c094",
      "c202",
      "c412",
      "c427",
      "c444",
      "c481",
      "c622",
      "c845",
      "c017",
      "c290",
      "c382",
      "c637",
      "c057",
      "c615",
      "c110",
      "c506",
      "c052",
      "c404",
      "c856",
      "c038",
      "c515",
      "c797",
      "c625",
      "c188",
      "c385",
      "c824",
      "c204",
      "c213",
      "c460",
      "c480",
      "c873",
      "c064",
      "c069",
      "c227",
      "c811",
      "c024",
      "c387",
      "c592",
      "c712",
      "c293",
      "c538",
      "c118",
      "c097",
      "c165",
      "c379",
      "c556",
      "c699",
      "c745",
      "c060",
      "c339",
      "c438",
      "c455",
      "c889",
      "c146",
      "c840",
      "c023",
      "c395",
      "c673",
      "c705",
      "c472",
      "c286",
      "c010",
      "c127",
      "c348",
      "c144",
      "c224",
      "c243",
      "c295",
      "c362",
      "c483",
      "c173",
      "c178",
      "c288",
      "c402",
      "c442",
      "c702",
      "c338",
      "c398",
      "c723",
      "c752",
      "c795",
      "c335",
      "c722",
      "c476",
      "c394",
      "c486",
      "c495",
      "c670",
      "c758",
      "c168",
      "c273",
      "c364",
      "c496",
      "c509",
      "c835",
      "c850",
      "c435",
      "c453",
      "c471",
      "c494",
      "c162",
      "c482",
      "c568",
      "c676",
      "c777",
      "c369",
      "c833",
      "c218",
      "c289",
      "c035",
      "c533",
      "c743",
      "c863",
      "c176",
      "c207",
      "c284",
      "c373",
      "c549",
      "c648",
      "c679",
      "c735",
      "c784",
      "c789",
      "c125",
      "c210",
      "c231",
      "c234",
      "c329",
      "c488",
      "c674",
      "c830",
      "c867",
      "c212",
      "c275",
      "c372",
      "c518",
      "c626",
      "c715",
      "c815",
      "c056",
      "c301",
      "c390",
      "c484",
      "c696",
      "c750",
      "c540",
      "c298",
      "c300",
      "c887",
      "c086",
      "c040",
      "c450",
      "c133",
      "c548",
      "c034",
      "c182",
      "c320",
      "c559",
      "c672",
      "c736",
      "c823",
      "c232",
      "c314",
      "c729",
      "c570",
      "c134",
      "c278",
      "c744",
      "c117",
      "c342",
      "c074",
      "c397",
      "c209",
      "c818",
      "c337",
      "c487",
      "c542",
      "c754",
      "c766",
      "c126",
      "c235",
      "c333",
      "c344",
      "c491",
      "c569",
      "c192",
      "c734",
      "c002",
      "c172",
      "c825",
      "c080",
      "c274",
      "c149",
      "c536",
      "c647",
      "c862",
      "c690",
      "c440",
      "c004",
      "c157",
      "c331",
      "c377",
      "c646",
      "c832",
      "c150",
      "c259",
      "c312",
      "c403",
      "c448",
      "c561",
      "c764",
      "c780",
      "c039",
      "c269",
      "c582",
      "c532",
      "c319",
      "c792",
      "c194",
      "c499",
      "c517",
      "c885",
      "c137",
      "c422",
      "c732",
      "c530",
      "c380",
      "c443",
      "c045",
      "c399",
      "c786",
      "c098",
      "c860",
      "c358",
      "c608",
      "c700",
      "c313",
      "c511",
      "c877",
      "c021",
      "c527",
      "c190",
      "c206",
      "c539",
      "c892",
      "c765",
      "c747",
      "c410",
      "c788",
      "c820",
      "c124",
      "c389",
      "c513",
      "c522",
      "c852",
      "c895",
      "c113",
      "c139",
      "c250",
      "c713",
      "c898",
      "c237",
      "c738",
      "c263",
      "c613",
      "c878",
      "c223",
      "c466",
      "c802",
      "c827",
      "c894",
      "c130",
      "c061",
      "c067",
      "c256",
      "c617",
      "c659",
      "c594",
      "c661",
      "c689",
      "c375",
      "c709",
      "c847",
      "c576",
      "c347",
      "c813",
      "c875",
      "c423",
      "c602",
      "c636",
      "c667",
      "c812",
      "c883",
      "c462",
      "c881",
      "c311",
      "c417",
      "c186",
      "c352",
      "c587",
      "c258",
      "c318",
      "c535",
      "c225",
      "c370",
      "c013",
      "c058",
      "c011",
      "c365",
      "c076",
      "c163",
      "c081",
      "c119",
      "c836",
      "c564",
      "c635",
      "c664",
      "c880",
      "c216",
      "c306",
      "c879",
      "c104",
      "c084",
      "c861",
      "c675",
      "c573",
      "c870",
      "c276",
      "c505",
      "c007",
      "c128",
      "c843",
      "c197",
      "c490",
      "c018",
      "c201",
      "c355",
      "c152",
      "c027",
      "c749",
      "c571",
      "c874",
      "c669",
      "c693",
      "c238",
      "c803",
      "c357",
      "c458",
      "c773",
      "c115",
      "c416",
      "c089",
      "c760",
      "c077",
      "c208",
      "c657",
      "c665",
      "c075",
      "c131",
      "c270",
      "c001",
      "c030",
      "c099",
      "c778",
      "c141",
      "c822",
      "c184",
      "c405",
      "c036",
      "c441",
      "c719",
      "c085",
      "c432",
      "c222",
      "c604",
      "c558",
      "c019",
      "c299",
      "c684",
      "c692",
      "c846",
      "c869",
      "c748",
      "c055",
      "c819",
      "c768",
      "c326",
      "c386",
      "c096",
      "c614",
      "c025",
      "c167",
      "c718",
      "c837",
      "c063",
      "c070",
      "c580",
      "c147",
      "c618",
      "c865",
      "c655",
      "c279",
      "c826",
      "c066",
      "c409",
      "c759",
      "c090",
      "c596",
      "c682",
      "c512",
      "c597",
      "c016",
      "c465",
      "c703",
      "c249",
      "c616",
      "c254",
      "c645",
      "c451",
      "c244",
      "c419",
      "c426",
      "c607",
      "c551",
      "c048",
      "c756",
      "c346",
      "c473",
      "c492",
      "c872",
      "c170",
      "c688",
      "c796",
      "c660",
      "c193",
      "c680",
      "c695",
      "c359",
      "c388",
      "c859",
      "c581",
      "c769",
      "c229",
      "c461",
      "c374",
      "c233",
      "c360",
      "c248",
      "c464",
      "c079",
      "c100",
      "c142",
      "c257",
      "c411",
      "c691",
      "c757",
      "c340",
      "c478",
      "c376",
      "c006",
      "c108",
      "c407",
      "c603",
      "c817",
      "c242",
      "c253",
      "c145",
      "c541",
      "c785",
      "c029",
      "c107",
      "c122",
      "c349",
      "c516",
      "c228",
      "c565",
      "c525",
      "c842",
      "c102",
      "c630",
      "c638",
      "c309",
      "c642",
      "c121",
      "c641",
      "c697",
      "c884",
      "c091",
      "c350",
      "c255",
      "c586",
      "c808",
      "c896",
      "c008",
      "c519",
      "c868",
      "c563",
      "c807",
      "c704"
    ]
  },
  "ordered_queues": {
    "edge-1": [
      "c022",
      "c033",
      "c051",
      "c143",
      "c322",
      "c408",
      "c501",
      "c531",
      "c841",
      "c848"
    ],
    "edge-2": [
      "c044",
      "c078",
      "c136",
      "c328",
      "c330",
      "c367",
      "c579",
      "c890"
    ],
    "edge-3": [
      "c032",
      "c116",
      "c156",
      "c159",
      "c169",
      "c185",
      "c296",
      "c363",
      "c739",
      "c816"
    ],
    "edge-4": [
      "c028",
      "c043",
      "c088",
      "c174",
      "c180",
      "c321",
      "c656",
      "c851",
      "c855"
    ],
    "edge-5": [
      "c343",
      "c588",
      "c590",
      "c624",
      "c644",
      "c708",
      "c737",
      "c799",
      "c800",
      "c829"
    ],
    "edge-6": [
      "c428",
      "c449",
      "c493",
      "c508",
      "c528",
      "c553",
      "c601",
      "c716",
      "c724"
    ],
    "edge-7": [
      "c187",
      "c199",
      "c214",
      "c220",
      "c262",
      "c285",
      "c327",
      "c356",
      "c424",
      "c534"
    ],
    "edge-8": [
      "c003",
      "c049",
      "c155",
      "c239",
      "c261",
      "c265",
      "c266",
      "c323",
      "c325",
      "c467",
      "c479",
      "c567"
    ]
  }
}
================================================================================
[RUN][K8s-CA] drtp_img88_cacheonly_384mb_1000.json
{
  "summary": {
    "algo": "FG-DSCR-GC-K8sCA",
    "num_containers": 1000,
    "num_scheduled_containers": 78,
    "num_nodes": 8,
    "failed_deployments": 922,
    "ca_penalty": 922.0,
    "ca_downloaded_mb": 435887,
    "ACT": 163.37932692307692,
    "AMS": 289.4895833333333,
    "downloaded_mb": 70274,
    "reused_mb": 9520,
    "reuse_rate": 0.11930721608140964,
    "objective_without_ca_penalty": 226.43445512820512,
    "objective": 1148.4344551282052
  },
  "assignment": {
    "edge-1": [
      "c848",
      "c032",
      "c033",
      "c044",
      "c262",
      "c716",
      "c739",
      "c428",
      "c261",
      "c143"
    ],
    "edge-2": [
      "c156",
      "c169",
      "c567",
      "c579",
      "c800",
      "c328",
      "c330",
      "c367"
    ],
    "edge-3": [
      "c159",
      "c185",
      "c187",
      "c199",
      "c214",
      "c534",
      "c322",
      "c501",
      "c174",
      "c656"
    ],
    "edge-4": [
      "c851",
      "c855",
      "c028",
      "c043",
      "c088",
      "c180",
      "c321",
      "c116",
      "c363"
    ],
    "edge-5": [
      "c239",
      "c265",
      "c266",
      "c323",
      "c325",
      "c408",
      "c467",
      "c550",
      "c799",
      "c890",
      "c943",
      "c479"
    ],
    "edge-6": [
      "c449",
      "c508",
      "c528",
      "c601",
      "c724",
      "c051",
      "c553",
      "c296",
      "c816"
    ],
    "edge-7": [
      "c531",
      "c588",
      "c590",
      "c624",
      "c644",
      "c708",
      "c737",
      "c829",
      "c343",
      "c493"
    ],
    "edge-8": [
      "c841",
      "c944",
      "c961",
      "c965",
      "c003",
      "c022",
      "c049",
      "c078",
      "c136",
      "c155"
    ],
    "__CA_GUARANTEE__": [
      "c220",
      "c285",
      "c327",
      "c356",
      "c424",
      "c439",
      "c474",
      "c521",
      "c560",
      "c566",
      "c575",
      "c610",
      "c632",
      "c639",
      "c687",
      "c720",
      "c751",
      "c793",
      "c854",
      "c866",
      "c886",
      "c900",
      "c939",
      "c050",
      "c062",
      "c073",
      "c087",
      "c101",
      "c112",
      "c114",
      "c151",
      "c166",
      "c191",
      "c198",
      "c211",
      "c245",
      "c260",
      "c267",
      "c277",
      "c292",
      "c294",
      "c297",
      "c304",
      "c307",
      "c308",
      "c310",
      "c315",
      "c316",
      "c317",
      "c361",
      "c381",
      "c383",
      "c431",
      "c502",
      "c503",
      "c507",
      "c514",
      "c520",
      "c524",
      "c543",
      "c557",
      "c577",
      "c595",
      "c600",
      "c619",
      "c627",
      "c686",
      "c755",
      "c775",
      "c776",
      "c791",
      "c801",
      "c839",
      "c893",
      "c909",
      "c938",
      "c941",
      "c977",
      "c1000",
      "c005",
      "c015",
      "c041",
      "c095",
      "c129",
      "c158",
      "c175",
      "c205",
      "c230",
      "c240",
      "c241",
      "c251",
      "c252",
      "c272",
      "c281",
      "c302",
      "c341",
      "c351",
      "c353",
      "c391",
      "c406",
      "c421",
      "c430",
      "c433",
      "c446",
      "c456",
      "c468",
      "c469",
      "c526",
      "c537",
      "c572",
      "c584",
      "c650",
      "c666",
      "c685",
      "c746",
      "c783",
      "c787",
      "c809",
      "c810",
      "c821",
      "c849",
      "c891",
      "c926",
      "c934",
      "c975",
      "c997",
      "c009",
      "c012",
      "c053",
      "c083",
      "c132",
      "c171",
      "c183",
      "c189",
      "c200",
      "c203",
      "c217",
      "c219",
      "c280",
      "c334",
      "c378",
      "c392",
      "c401",
      "c413",
      "c445",
      "c498",
      "c510",
      "c545",
      "c589",
      "c591",
      "c611",
      "c621",
      "c628",
      "c629",
      "c678",
      "c694",
      "c730",
      "c753",
      "c761",
      "c805",
      "c864",
      "c927",
      "c949",
      "c966",
      "c969",
      "c971",
      "c992",
      "c068",
      "c154",
      "c264",
      "c283",
      "c459",
      "c463",
      "c562",
      "c717",
      "c782",
      "c844",
      "c871",
      "c930",
      "c959",
      "c984",
      "c995",
      "c999",
      "c071",
      "c336",
      "c981",
      "c020",
      "c109",
      "c065",
      "c324",
      "c384",
      "c396",
      "c434",
      "c605",
      "c663",
      "c897",
      "c037",
      "c148",
      "c153",
      "c177",
      "c179",
      "c268",
      "c454",
      "c770",
      "c804",
      "c814",
      "c933",
      "c418",
      "c425",
      "c447",
      "c452",
      "c606",
      "c649",
      "c658",
      "c042",
      "c046",
      "c140",
      "c247",
      "c303",
      "c420",
      "c662",
      "c683",
      "c733",
      "c882",
      "c991",
      "c135",
      "c437",
      "c654",
      "c876",
      "c996",
      "c105",
      "c138",
      "c489",
      "c711",
      "c725",
      "c574",
      "c623",
      "c196",
      "c271",
      "c633",
      "c652",
      "c917",
      "c989",
      "c287",
      "c111",
      "c740",
      "c763",
      "c912",
      "c436",
      "c677",
      "c908",
      "c221",
      "c620",
      "c671",
      "c681",
      "c726",
      "c858",
      "c937",
      "c093",
      "c236",
      "c291",
      "c470",
      "c599",
      "c354",
      "c578",
      "c640",
      "c707",
      "c728",
      "c798",
      "c951",
      "c195",
      "c497",
      "c924",
      "c475",
      "c994",
      "c120",
      "c054",
      "c123",
      "c393",
      "c701",
      "c742",
      "c781",
      "c853",
      "c164",
      "c345",
      "c485",
      "c552",
      "c555",
      "c609",
      "c643",
      "c714",
      "c727",
      "c834",
      "c929",
      "c014",
      "c059",
      "c457",
      "c546",
      "c598",
      "c653",
      "c698",
      "c767",
      "c940",
      "c103",
      "c246",
      "c282",
      "c500",
      "c554",
      "c651",
      "c706",
      "c794",
      "c942",
      "c031",
      "c106",
      "c771",
      "c790",
      "c888",
      "c332",
      "c161",
      "c925",
      "c593",
      "c721",
      "c774",
      "c901",
      "c305",
      "c414",
      "c983",
      "c072",
      "c400",
      "c547",
      "c741",
      "c828",
      "c950",
      "c181",
      "c215",
      "c371",
      "c585",
      "c631",
      "c762",
      "c831",
      "c838",
      "c915",
      "c970",
      "c226",
      "c415",
      "c429",
      "c523",
      "c857",
      "c988",
      "c504",
      "c583",
      "c477",
      "c710",
      "c082",
      "c092",
      "c160",
      "c368",
      "c529",
      "c544",
      "c668",
      "c731",
      "c772",
      "c806",
      "c899",
      "c986",
      "c047",
      "c366",
      "c612",
      "c634",
      "c779",
      "c905",
      "c026",
      "c094",
      "c202",
      "c412",
      "c427",
      "c444",
      "c481",
      "c622",
      "c845",
      "c017",
      "c290",
      "c382",
      "c637",
      "c904",
      "c952",
      "c979",
      "c057",
      "c615",
      "c110",
      "c506",
      "c052",
      "c404",
      "c856",
      "c038",
      "c515",
      "c797",
      "c625",
      "c188",
      "c385",
      "c824",
      "c204",
      "c213",
      "c460",
      "c480",
      "c873",
      "c064",
      "c069",
      "c227",
      "c811",
      "c024",
      "c387",
      "c592",
      "c712",
      "c293",
      "c538",
      "c118",
      "c097",
      "c165",
      "c379",
      "c556",
      "c699",
      "c745",
      "c060",
      "c339",
      "c438",
      "c455",
      "c889",
      "c920",
      "c146",
      "c840",
      "c964",
      "c972",
      "c023",
      "c395",
      "c673",
      "c705",
      "c472",
      "c286",
      "c010",
      "c127",
      "c348",
      "c913",
      "c144",
      "c224",
      "c243",
      "c295",
      "c362",
      "c483",
      "c173",
      "c178",
      "c288",
      "c402",
      "c442",
      "c702",
      "c338",
      "c398",
      "c723",
      "c752",
      "c795",
      "c935",
      "c335",
      "c722",
      "c476",
      "c902",
      "c394",
      "c486",
      "c495",
      "c670",
      "c758",
      "c168",
      "c273",
      "c364",
      "c496",
      "c509",
      "c835",
      "c850",
      "c907",
      "c985",
      "c435",
      "c453",
      "c471",
      "c494",
      "c936",
      "c958",
      "c162",
      "c482",
      "c568",
      "c676",
      "c777",
      "c369",
      "c833",
      "c218",
      "c289",
      "c035",
      "c533",
      "c743",
      "c863",
      "c176",
      "c207",
      "c284",
      "c373",
      "c549",
      "c648",
      "c679",
      "c735",
      "c784",
      "c789",
      "c993",
      "c125",
      "c210",
      "c231",
      "c234",
      "c329",
      "c488",
      "c674",
      "c830",
      "c867",
      "c923",
      "c212",
      "c275",
      "c372",
      "c518",
      "c626",
      "c715",
      "c815",
      "c056",
      "c301",
      "c390",
      "c484",
      "c696",
      "c750",
      "c973",
      "c540",
      "c906",
      "c976",
      "c298",
      "c300",
      "c887",
      "c086",
      "c040",
      "c450",
      "c133",
      "c548",
      "c034",
      "c182",
      "c320",
      "c559",
      "c672",
      "c736",
      "c823",
      "c919",
      "c232",
      "c314",
      "c729",
      "c918",
      "c570",
      "c134",
      "c278",
      "c744",
      "c117",
      "c342",
      "c074",
      "c397",
      "c916",
      "c209",
      "c818",
      "c945",
      "c337",
      "c487",
      "c542",
      "c754",
      "c766",
      "c126",
      "c235",
      "c333",
      "c344",
      "c491",
      "c569",
      "c192",
      "c948",
      "c734",
      "c002",
      "c172",
      "c825",
      "c080",
      "c274",
      "c149",
      "c536",
      "c647",
      "c862",
      "c690",
      "c440",
      "c004",
      "c157",
      "c331",
      "c377",
      "c646",
      "c832",
      "c150",
      "c259",
      "c312",
      "c403",
      "c448",
      "c561",
      "c764",
      "c780",
      "c039",
      "c269",
      "c582",
      "c532",
      "c319",
      "c792",
      "c194",
      "c499",
      "c517",
      "c885",
      "c137",
      "c422",
      "c732",
      "c530",
      "c380",
      "c443",
      "c045",
      "c399",
      "c786",
      "c098",
      "c860",
      "c358",
      "c608",
      "c700",
      "c313",
      "c511",
      "c877",
      "c021",
      "c527",
      "c998",
      "c190",
      "c206",
      "c539",
      "c892",
      "c765",
      "c747",
      "c410",
      "c788",
      "c820",
      "c124",
      "c389",
      "c513",
      "c522",
      "c852",
      "c895",
      "c953",
      "c113",
      "c139",
      "c250",
      "c713",
      "c898",
      "c237",
      "c738",
      "c263",
      "c613",
      "c878",
      "c931",
      "c223",
      "c466",
      "c802",
      "c827",
      "c894",
      "c130",
      "c061",
      "c067",
      "c256",
      "c617",
      "c659",
      "c932",
      "c978",
      "c594",
      "c661",
      "c689",
      "c375",
      "c914",
      "c709",
      "c847",
      "c576",
      "c347",
      "c813",
      "c875",
      "c423",
      "c602",
      "c636",
      "c667",
      "c812",
      "c883",
      "c462",
      "c881",
      "c311",
      "c417",
      "c186",
      "c352",
      "c587",
      "c258",
      "c318",
      "c535",
      "c225",
      "c370",
      "c013",
      "c058",
      "c011",
      "c365",
      "c922",
      "c076",
      "c163",
      "c081",
      "c119",
      "c836",
      "c564",
      "c635",
      "c664",
      "c880",
      "c216",
      "c982",
      "c306",
      "c879",
      "c104",
      "c084",
      "c861",
      "c675",
      "c573",
      "c870",
      "c276",
      "c967",
      "c505",
      "c007",
      "c128",
      "c843",
      "c197",
      "c490",
      "c018",
      "c201",
      "c954",
      "c355",
      "c152",
      "c027",
      "c749",
      "c571",
      "c874",
      "c669",
      "c693",
      "c911",
      "c238",
      "c803",
      "c357",
      "c458",
      "c773",
      "c903",
      "c115",
      "c416",
      "c089",
      "c760",
      "c077",
      "c208",
      "c657",
      "c665",
      "c075",
      "c131",
      "c270",
      "c001",
      "c030",
      "c099",
      "c778",
      "c141",
      "c963",
      "c822",
      "c990",
      "c184",
      "c405",
      "c036",
      "c441",
      "c719",
      "c085",
      "c432",
      "c222",
      "c604",
      "c558",
      "c019",
      "c299",
      "c684",
      "c692",
      "c846",
      "c869",
      "c748",
      "c055",
      "c819",
      "c768",
      "c326",
      "c386",
      "c096",
      "c614",
      "c025",
      "c167",
      "c718",
      "c837",
      "c063",
      "c070",
      "c580",
      "c147",
      "c618",
      "c865",
      "c655",
      "c279",
      "c826",
      "c066",
      "c409",
      "c759",
      "c090",
      "c596",
      "c682",
      "c512",
      "c597",
      "c016",
      "c465",
      "c703",
      "c249",
      "c616",
      "c254",
      "c645",
      "c451",
      "c244",
      "c419",
      "c426",
      "c607",
      "c921",
      "c551",
      "c048",
      "c756",
      "c346",
      "c473",
      "c492",
      "c956",
      "c872",
      "c170",
      "c688",
      "c796",
      "c660",
      "c968",
      "c974",
      "c193",
      "c680",
      "c695",
      "c359",
      "c388",
      "c859",
      "c947",
      "c581",
      "c769",
      "c229",
      "c461",
      "c374",
      "c233",
      "c360",
      "c248",
      "c464",
      "c960",
      "c079",
      "c100",
      "c980",
      "c910",
      "c962",
      "c142",
      "c257",
      "c411",
      "c691",
      "c757",
      "c340",
      "c478",
      "c376",
      "c006",
      "c108",
      "c407",
      "c603",
      "c817",
      "c242",
      "c253",
      "c145",
      "c541",
      "c785",
      "c029",
      "c107",
      "c122",
      "c349",
      "c516",
      "c946",
      "c228",
      "c565",
      "c928",
      "c525",
      "c842",
      "c102",
      "c630",
      "c987",
      "c638",
      "c309",
      "c642",
      "c121",
      "c641",
      "c697",
      "c884",
      "c955",
      "c091",
      "c350",
      "c255",
      "c957",
      "c586",
      "c808",
      "c896",
      "c008",
      "c519",
      "c868",
      "c563",
      "c807",
      "c704"
    ]
  },
  "ordered_queues": {
    "edge-1": [
      "c032",
      "c033",
      "c044",
      "c143",
      "c261",
      "c262",
      "c428",
      "c716",
      "c739",
      "c848"
    ],
    "edge-2": [
      "c156",
      "c169",
      "c328",
      "c330",
      "c367",
      "c567",
      "c579",
      "c800"
    ],
    "edge-3": [
      "c159",
      "c174",
      "c185",
      "c187",
      "c199",
      "c214",
      "c322",
      "c501",
      "c534",
      "c656"
    ],
    "edge-4": [
      "c028",
      "c043",
      "c088",
      "c116",
      "c180",
      "c321",
      "c363",
      "c851",
      "c855"
    ],
    "edge-5": [
      "c239",
      "c265",
      "c266",
      "c323",
      "c325",
      "c408",
      "c467",
      "c479",
      "c550",
      "c799",
      "c890",
      "c943"
    ],
    "edge-6": [
      "c051",
      "c296",
      "c449",
      "c508",
      "c528",
      "c553",
      "c601",
      "c724",
      "c816"
    ],
    "edge-7": [
      "c343",
      "c493",
      "c531",
      "c588",
      "c590",
      "c624",
      "c644",
      "c708",
      "c737",
      "c829"
    ],
    "edge-8": [
      "c003",
      "c022",
      "c049",
      "c078",
      "c136",
      "c155",
      "c841",
      "c944",
      "c961",
      "c965"
    ]
  }
}
================================================================================
[RUN][K8s-CA] drtp_img88_cacheonly_384mb_200.json
{
  "summary": {
    "algo": "FG-DSCR-GC-K8sCA",
    "num_containers": 200,
    "num_scheduled_containers": 91,
    "num_nodes": 8,
    "failed_deployments": 109,
    "ca_penalty": 545.0,
    "ca_downloaded_mb": 30648,
    "ACT": 175.35993589743592,
    "AMS": 309.1088541666666,
    "downloaded_mb": 67407,
    "reused_mb": 10753,
    "reuse_rate": 0.13757676560900717,
    "objective_without_ca_penalty": 242.23439503205128,
    "objective": 787.2343950320512
  },
  "assignment": {
    "edge-1": [
      "c117",
      "c051",
      "c052",
      "c060",
      "c119",
      "c176",
      "c188",
      "c003",
      "c155",
      "c053",
      "c072",
      "c121",
      "c115",
      "c129",
      "c157"
    ],
    "edge-2": [
      "c004",
      "c030",
      "c170",
      "c122",
      "c006",
      "c010",
      "c128",
      "c173",
      "c086",
      "c078"
    ],
    "edge-3": [
      "c034",
      "c178",
      "c147",
      "c144",
      "c182",
      "c196",
      "c027",
      "c025",
      "c058",
      "c061",
      "c067",
      "c071"
    ],
    "edge-4": [
      "c160",
      "c165",
      "c199",
      "c016",
      "c017",
      "c047",
      "c082",
      "c098",
      "c019",
      "c198",
      "c074"
    ],
    "edge-5": [
      "c126",
      "c007",
      "c134",
      "c105",
      "c190",
      "c089"
    ],
    "edge-6": [
      "c123",
      "c142",
      "c168",
      "c012",
      "c029",
      "c036",
      "c057",
      "c079",
      "c093",
      "c049",
      "c172",
      "c166"
    ],
    "edge-7": [
      "c107",
      "c020",
      "c076",
      "c088",
      "c109",
      "c180",
      "c149",
      "c097",
      "c091",
      "c156",
      "c022",
      "c130",
      "c152"
    ],
    "edge-8": [
      "c095",
      "c099",
      "c106",
      "c108",
      "c111",
      "c164",
      "c002",
      "c037",
      "c063",
      "c066",
      "c069",
      "c084"
    ],
    "__CA_GUARANTEE__": [
      "c068",
      "c104",
      "c092",
      "c116",
      "c161",
      "c032",
      "c167",
      "c140",
      "c177",
      "c045",
      "c035",
      "c018",
      "c136",
      "c133",
      "c169",
      "c080",
      "c127",
      "c031",
      "c183",
      "c139",
      "c044",
      "c197",
      "c118",
      "c162",
      "c009",
      "c151",
      "c090",
      "c159",
      "c135",
      "c056",
      "c070",
      "c153",
      "c055",
      "c064",
      "c083",
      "c005",
      "c120",
      "c175",
      "c154",
      "c193",
      "c065",
      "c001",
      "c041",
      "c114",
      "c046",
      "c100",
      "c112",
      "c039",
      "c200",
      "c094",
      "c138",
      "c158",
      "c195",
      "c125",
      "c186",
      "c014",
      "c024",
      "c008",
      "c163",
      "c043",
      "c141",
      "c192",
      "c102",
      "c132",
      "c021",
      "c073",
      "c028",
      "c181",
      "c040",
      "c137",
      "c101",
      "c077",
      "c062",
      "c150",
      "c131",
      "c143",
      "c103",
      "c191",
      "c087",
      "c110",
      "c185",
      "c054",
      "c171",
      "c011",
      "c075",
      "c042",
      "c189",
      "c146",
      "c033",
      "c026",
      "c081",
      "c174",
      "c096",
      "c048",
      "c038",
      "c085",
      "c184",
      "c013",
      "c124",
      "c050",
      "c187",
      "c148",
      "c145",
      "c194",
      "c113",
      "c179",
      "c015",
      "c023",
      "c059"
    ]
  },
  "ordered_queues": {
    "edge-1": [
      "c003",
      "c051",
      "c052",
      "c053",
      "c060",
      "c072",
      "c115",
      "c117",
      "c119",
      "c121",
      "c129",
      "c155",
      "c157",
      "c176",
      "c188"
    ],
    "edge-2": [
      "c004",
      "c006",
      "c010",
      "c030",
      "c078",
      "c086",
      "c122",
      "c128",
      "c170",
      "c173"
    ],
    "edge-3": [
      "c025",
      "c027",
      "c034",
      "c058",
      "c061",
      "c067",
      "c071",
      "c144",
      "c147",
      "c178",
      "c182",
      "c196"
    ],
    "edge-4": [
      "c016",
      "c017",
      "c019",
      "c047",
      "c074",
      "c082",
      "c098",
      "c160",
      "c165",
      "c198",
      "c199"
    ],
    "edge-5": [
      "c007",
      "c105",
      "c126",
      "c134",
      "c190",
      "c089"
    ],
    "edge-6": [
      "c012",
      "c029",
      "c036",
      "c049",
      "c057",
      "c079",
      "c093",
      "c123",
      "c142",
      "c166",
      "c168",
      "c172"
    ],
    "edge-7": [
      "c020",
      "c076",
      "c088",
      "c097",
      "c107",
      "c109",
      "c149",
      "c180",
      "c022",
      "c091",
      "c130",
      "c152",
      "c156"
    ],
    "edge-8": [
      "c002",
      "c037",
      "c063",
      "c066",
      "c069",
      "c084",
      "c095",
      "c099",
      "c106",
      "c108",
      "c111",
      "c164"
    ]
  }
}
================================================================================
[RUN][K8s-CA] drtp_img88_cacheonly_384mb_300.json
{
  "summary": {
    "algo": "FG-DSCR-GC-K8sCA",
    "num_containers": 300,
    "num_scheduled_containers": 92,
    "num_nodes": 8,
    "failed_deployments": 208,
    "ca_penalty": 693.3333333333334,
    "ca_downloaded_mb": 65588,
    "ACT": 188.82667572463765,
    "AMS": 338.6411458333332,
    "downloaded_mb": 80059,
    "reused_mb": 10617,
    "reuse_rate": 0.1170872116105695,
    "objective_without_ca_penalty": 263.73391077898543,
    "objective": 957.0672441123188
  },
  "assignment": {
    "edge-1": [
      "c151",
      "c166",
      "c191",
      "c198",
      "c211",
      "c245",
      "c260",
      "c267",
      "c277",
      "c292",
      "c297",
      "c280",
      "c154"
    ],
    "edge-2": [
      "c028",
      "c043",
      "c088",
      "c022",
      "c049",
      "c272",
      "c051",
      "c009",
      "c083",
      "c116",
      "c169"
    ],
    "edge-3": [
      "c005",
      "c041",
      "c129",
      "c158",
      "c175",
      "c205",
      "c230",
      "c240",
      "c241",
      "c281",
      "c068",
      "c264",
      "c071",
      "c283"
    ],
    "edge-4": [
      "c136",
      "c155",
      "c261",
      "c265",
      "c266",
      "c032",
      "c033",
      "c044",
      "c252",
      "c012",
      "c159"
    ],
    "edge-5": [
      "c053",
      "c132",
      "c171",
      "c183",
      "c189",
      "c200",
      "c203",
      "c217",
      "c219",
      "c078",
      "c156",
      "c185"
    ],
    "edge-6": [
      "c187",
      "c199",
      "c214",
      "c251",
      "c296",
      "c143",
      "c174",
      "c180",
      "c003",
      "c239"
    ],
    "edge-7": [
      "c020",
      "c109",
      "c065",
      "c037",
      "c148",
      "c153",
      "c177",
      "c179",
      "c015",
      "c095"
    ],
    "edge-8": [
      "c220",
      "c262",
      "c285",
      "c050",
      "c062",
      "c073",
      "c087",
      "c101",
      "c112",
      "c114",
      "c294"
    ],
    "__CA_GUARANTEE__": [
      "c268",
      "c042",
      "c046",
      "c140",
      "c247",
      "c135",
      "c105",
      "c138",
      "c196",
      "c271",
      "c287",
      "c111",
      "c221",
      "c093",
      "c236",
      "c291",
      "c195",
      "c120",
      "c054",
      "c123",
      "c164",
      "c014",
      "c059",
      "c103",
      "c246",
      "c282",
      "c031",
      "c106",
      "c161",
      "c072",
      "c181",
      "c215",
      "c226",
      "c082",
      "c092",
      "c160",
      "c047",
      "c026",
      "c094",
      "c202",
      "c017",
      "c290",
      "c057",
      "c110",
      "c052",
      "c038",
      "c188",
      "c204",
      "c213",
      "c064",
      "c069",
      "c227",
      "c024",
      "c293",
      "c118",
      "c097",
      "c165",
      "c060",
      "c146",
      "c023",
      "c286",
      "c010",
      "c127",
      "c144",
      "c224",
      "c243",
      "c295",
      "c173",
      "c178",
      "c288",
      "c168",
      "c273",
      "c162",
      "c218",
      "c289",
      "c035",
      "c176",
      "c207",
      "c284",
      "c125",
      "c210",
      "c231",
      "c234",
      "c212",
      "c275",
      "c056",
      "c298",
      "c300",
      "c086",
      "c040",
      "c133",
      "c034",
      "c182",
      "c232",
      "c134",
      "c278",
      "c117",
      "c074",
      "c209",
      "c126",
      "c235",
      "c192",
      "c002",
      "c172",
      "c080",
      "c274",
      "c149",
      "c004",
      "c157",
      "c150",
      "c259",
      "c039",
      "c269",
      "c194",
      "c137",
      "c045",
      "c098",
      "c021",
      "c190",
      "c206",
      "c124",
      "c113",
      "c139",
      "c250",
      "c237",
      "c263",
      "c223",
      "c130",
      "c061",
      "c067",
      "c256",
      "c186",
      "c258",
      "c225",
      "c013",
      "c058",
      "c011",
      "c076",
      "c163",
      "c081",
      "c119",
      "c216",
      "c104",
      "c084",
      "c276",
      "c007",
      "c128",
      "c197",
      "c018",
      "c201",
      "c152",
      "c027",
      "c238",
      "c115",
      "c089",
      "c077",
      "c208",
      "c075",
      "c131",
      "c270",
      "c001",
      "c030",
      "c099",
      "c141",
      "c184",
      "c036",
      "c085",
      "c222",
      "c019",
      "c299",
      "c055",
      "c096",
      "c025",
      "c167",
      "c063",
      "c070",
      "c147",
      "c279",
      "c066",
      "c090",
      "c016",
      "c249",
      "c254",
      "c244",
      "c048",
      "c170",
      "c193",
      "c229",
      "c233",
      "c248",
      "c079",
      "c100",
      "c142",
      "c257",
      "c006",
      "c108",
      "c242",
      "c253",
      "c145",
      "c029",
      "c107",
      "c122",
      "c228",
      "c102",
      "c121",
      "c091",
      "c255",
      "c008"
    ]
  },
  "ordered_queues": {
    "edge-1": [
      "c151",
      "c154",
      "c166",
      "c191",
      "c198",
      "c211",
      "c245",
      "c260",
      "c267",
      "c277",
      "c280",
      "c292",
      "c297"
    ],
    "edge-2": [
      "c009",
      "c022",
      "c028",
      "c043",
      "c049",
      "c051",
      "c083",
      "c088",
      "c116",
      "c169",
      "c272"
    ],
    "edge-3": [
      "c005",
      "c041",
      "c068",
      "c071",
      "c129",
      "c158",
      "c175",
      "c205",
      "c230",
      "c240",
      "c241",
      "c264",
      "c281",
      "c283"
    ],
    "edge-4": [
      "c012",
      "c032",
      "c033",
      "c044",
      "c136",
      "c155",
      "c159",
      "c252",
      "c261",
      "c265",
      "c266"
    ],
    "edge-5": [
      "c053",
      "c078",
      "c132",
      "c156",
      "c171",
      "c183",
      "c185",
      "c189",
      "c200",
      "c203",
      "c217",
      "c219"
    ],
    "edge-6": [
      "c003",
      "c143",
      "c174",
      "c180",
      "c187",
      "c199",
      "c214",
      "c239",
      "c251",
      "c296"
    ],
    "edge-7": [
      "c020",
      "c037",
      "c065",
      "c109",
      "c148",
      "c153",
      "c177",
      "c179",
      "c015",
      "c095"
    ],
    "edge-8": [
      "c050",
      "c062",
      "c073",
      "c087",
      "c101",
      "c112",
      "c114",
      "c220",
      "c262",
      "c285",
      "c294"
    ]
  }
}
================================================================================
[RUN][K8s-CA] drtp_img88_cacheonly_384mb_400.json
{
  "summary": {
    "algo": "FG-DSCR-GC-K8sCA",
    "num_containers": 400,
    "num_scheduled_containers": 90,
    "num_nodes": 8,
    "failed_deployments": 310,
    "ca_penalty": 775.0,
    "ca_downloaded_mb": 117923,
    "ACT": 188.27537037037035,
    "AMS": 333.3546874999999,
    "downloaded_mb": 80918,
    "reused_mb": 11152,
    "reuse_rate": 0.12112523080265016,
    "objective_without_ca_penalty": 260.8150289351851,
    "objective": 1035.8150289351852
  },
  "assignment": {
    "edge-1": [
      "c262",
      "c356",
      "c062",
      "c073",
      "c087",
      "c101",
      "c296",
      "c028",
      "c088",
      "c043"
    ],
    "edge-2": [
      "c175",
      "c151",
      "c166",
      "c308",
      "c129",
      "c191",
      "c245",
      "c361",
      "c260"
    ],
    "edge-3": [
      "c198",
      "c211",
      "c267",
      "c277",
      "c292",
      "c294",
      "c297",
      "c143",
      "c321",
      "c169",
      "c307",
      "c285"
    ],
    "edge-4": [
      "c343",
      "c003",
      "c022",
      "c049",
      "c136",
      "c155",
      "c239",
      "c261",
      "c265",
      "c174",
      "c051"
    ],
    "edge-5": [
      "c310",
      "c315",
      "c316",
      "c317",
      "c381",
      "c383",
      "c005",
      "c015",
      "c041",
      "c095",
      "c050",
      "c220",
      "c327"
    ],
    "edge-6": [
      "c266",
      "c323",
      "c325",
      "c328",
      "c330",
      "c367",
      "c032",
      "c033",
      "c044",
      "c112",
      "c304"
    ],
    "edge-7": [
      "c158",
      "c205",
      "c230",
      "c240",
      "c241",
      "c251",
      "c252",
      "c272",
      "c281",
      "c302",
      "c341",
      "c351",
      "c078",
      "c116"
    ],
    "edge-8": [
      "c156",
      "c159",
      "c185",
      "c187",
      "c199",
      "c214",
      "c114",
      "c322",
      "c180",
      "c363"
    ],
    "__CA_GUARANTEE__": [
      "c353",
      "c391",
      "c009",
      "c012",
      "c053",
      "c083",
      "c132",
      "c171",
      "c183",
      "c189",
      "c200",
      "c203",
      "c217",
      "c219",
      "c280",
      "c334",
      "c378",
      "c392",
      "c068",
      "c154",
      "c264",
      "c283",
      "c071",
      "c336",
      "c020",
      "c109",
      "c065",
      "c324",
      "c384",
      "c396",
      "c037",
      "c148",
      "c153",
      "c177",
      "c179",
      "c268",
      "c042",
      "c046",
      "c140",
      "c247",
      "c303",
      "c135",
      "c105",
      "c138",
      "c196",
      "c271",
      "c287",
      "c111",
      "c221",
      "c093",
      "c236",
      "c291",
      "c354",
      "c195",
      "c120",
      "c054",
      "c123",
      "c393",
      "c164",
      "c345",
      "c014",
      "c059",
      "c103",
      "c246",
      "c282",
      "c031",
      "c106",
      "c332",
      "c161",
      "c305",
      "c072",
      "c400",
      "c181",
      "c215",
      "c371",
      "c226",
      "c082",
      "c092",
      "c160",
      "c368",
      "c047",
      "c366",
      "c026",
      "c094",
      "c202",
      "c017",
      "c290",
      "c382",
      "c057",
      "c110",
      "c052",
      "c038",
      "c188",
      "c385",
      "c204",
      "c213",
      "c064",
      "c069",
      "c227",
      "c024",
      "c387",
      "c293",
      "c118",
      "c097",
      "c165",
      "c379",
      "c060",
      "c339",
      "c146",
      "c023",
      "c395",
      "c286",
      "c010",
      "c127",
      "c348",
      "c144",
      "c224",
      "c243",
      "c295",
      "c362",
      "c173",
      "c178",
      "c288",
      "c338",
      "c398",
      "c335",
      "c394",
      "c168",
      "c273",
      "c364",
      "c162",
      "c369",
      "c218",
      "c289",
      "c035",
      "c176",
      "c207",
      "c284",
      "c373",
      "c125",
      "c210",
      "c231",
      "c234",
      "c329",
      "c212",
      "c275",
      "c372",
      "c056",
      "c301",
      "c390",
      "c298",
      "c300",
      "c086",
      "c040",
      "c133",
      "c034",
      "c182",
      "c320",
      "c232",
      "c314",
      "c134",
      "c278",
      "c117",
      "c342",
      "c074",
      "c397",
      "c209",
      "c337",
      "c126",
      "c235",
      "c333",
      "c344",
      "c192",
      "c002",
      "c172",
      "c080",
      "c274",
      "c149",
      "c004",
      "c157",
      "c331",
      "c377",
      "c150",
      "c259",
      "c312",
      "c039",
      "c269",
      "c319",
      "c194",
      "c137",
      "c380",
      "c045",
      "c399",
      "c098",
      "c358",
      "c313",
      "c021",
      "c190",
      "c206",
      "c124",
      "c389",
      "c113",
      "c139",
      "c250",
      "c237",
      "c263",
      "c223",
      "c130",
      "c061",
      "c067",
      "c256",
      "c375",
      "c347",
      "c311",
      "c186",
      "c352",
      "c258",
      "c318",
      "c225",
      "c370",
      "c013",
      "c058",
      "c011",
      "c365",
      "c076",
      "c163",
      "c081",
      "c119",
      "c216",
      "c306",
      "c104",
      "c084",
      "c276",
      "c007",
      "c128",
      "c197",
      "c018",
      "c201",
      "c355",
      "c152",
      "c027",
      "c238",
      "c357",
      "c115",
      "c089",
      "c077",
      "c208",
      "c075",
      "c131",
      "c270",
      "c001",
      "c030",
      "c099",
      "c141",
      "c184",
      "c036",
      "c085",
      "c222",
      "c019",
      "c299",
      "c055",
      "c326",
      "c386",
      "c096",
      "c025",
      "c167",
      "c063",
      "c070",
      "c147",
      "c279",
      "c066",
      "c090",
      "c016",
      "c249",
      "c254",
      "c244",
      "c048",
      "c346",
      "c170",
      "c193",
      "c359",
      "c388",
      "c229",
      "c374",
      "c233",
      "c360",
      "c248",
      "c079",
      "c100",
      "c142",
      "c257",
      "c340",
      "c376",
      "c006",
      "c108",
      "c242",
      "c253",
      "c145",
      "c029",
      "c107",
      "c122",
      "c349",
      "c228",
      "c102",
      "c309",
      "c121",
      "c091",
      "c350",
      "c255",
      "c008"
    ]
  },
  "ordered_queues": {
    "edge-1": [
      "c028",
      "c043",
      "c062",
      "c073",
      "c087",
      "c088",
      "c101",
      "c262",
      "c296",
      "c356"
    ],
    "edge-2": [
      "c129",
      "c151",
      "c166",
      "c175",
      "c191",
      "c245",
      "c260",
      "c308",
      "c361"
    ],
    "edge-3": [
      "c143",
      "c169",
      "c198",
      "c211",
      "c267",
      "c277",
      "c285",
      "c292",
      "c294",
      "c297",
      "c307",
      "c321"
    ],
    "edge-4": [
      "c003",
      "c022",
      "c049",
      "c051",
      "c136",
      "c155",
      "c174",
      "c239",
      "c261",
      "c265",
      "c343"
    ],
    "edge-5": [
      "c005",
      "c015",
      "c041",
      "c050",
      "c095",
      "c220",
      "c310",
      "c315",
      "c316",
      "c317",
      "c327",
      "c381",
      "c383"
    ],
    "edge-6": [
      "c032",
      "c033",
      "c044",
      "c112",
      "c266",
      "c304",
      "c323",
      "c325",
      "c328",
      "c330",
      "c367"
    ],
    "edge-7": [
      "c078",
      "c116",
      "c158",
      "c205",
      "c230",
      "c240",
      "c241",
      "c251",
      "c252",
      "c272",
      "c281",
      "c302",
      "c341",
      "c351"
    ],
    "edge-8": [
      "c114",
      "c156",
      "c159",
      "c180",
      "c185",
      "c187",
      "c199",
      "c214",
      "c322",
      "c363"
    ]
  }
}
================================================================================
[RUN][K8s-CA] drtp_img88_cacheonly_384mb_500.json
{
  "summary": {
    "algo": "FG-DSCR-GC-K8sCA",
    "num_containers": 500,
    "num_scheduled_containers": 81,
    "num_nodes": 8,
    "failed_deployments": 419,
    "ca_penalty": 838.0,
    "ca_downloaded_mb": 186708,
    "ACT": 170.73611111111111,
    "AMS": 300.07135416666665,
    "downloaded_mb": 72935,
    "reused_mb": 9928,
    "reuse_rate": 0.11981222017064311,
    "objective_without_ca_penalty": 235.40373263888887,
    "objective": 1073.4037326388889
  },
  "assignment": {
    "edge-1": [
      "c197",
      "c224",
      "c226",
      "c262",
      "c280",
      "c282",
      "c287",
      "c296",
      "c387",
      "c146",
      "c453",
      "c461"
    ],
    "edge-2": [
      "c078",
      "c270",
      "c041",
      "c090",
      "c173",
      "c186",
      "c273",
      "c020",
      "c265"
    ],
    "edge-3": [
      "c305",
      "c315",
      "c329",
      "c339",
      "c344",
      "c369",
      "c421",
      "c274",
      "c441",
      "c443",
      "c147",
      "c245"
    ],
    "edge-4": [
      "c292",
      "c354",
      "c363",
      "c370",
      "c021",
      "c043",
      "c055",
      "c312",
      "c113"
    ],
    "edge-5": [
      "c103",
      "c106",
      "c157",
      "c179",
      "c142",
      "c170",
      "c063",
      "c256",
      "c136",
      "c319"
    ],
    "edge-6": [
      "c235",
      "c207",
      "c302",
      "c087",
      "c242",
      "c062",
      "c093",
      "c165",
      "c357"
    ],
    "edge-7": [
      "c108",
      "c121",
      "c122",
      "c181",
      "c185",
      "c196",
      "c311",
      "c019",
      "c303",
      "c193"
    ],
    "edge-8": [
      "c331",
      "c345",
      "c349",
      "c385",
      "c493",
      "c500",
      "c002",
      "c003",
      "c015",
      "c067"
    ],
    "__CA_GUARANTEE__": [
      "c160",
      "c210",
      "c215",
      "c227",
      "c248",
      "c308",
      "c309",
      "c353",
      "c359",
      "c386",
      "c437",
      "c460",
      "c491",
      "c027",
      "c030",
      "c035",
      "c036",
      "c047",
      "c056",
      "c099",
      "c112",
      "c115",
      "c119",
      "c123",
      "c127",
      "c134",
      "c171",
      "c194",
      "c206",
      "c251",
      "c253",
      "c263",
      "c279",
      "c290",
      "c340",
      "c348",
      "c356",
      "c362",
      "c381",
      "c464",
      "c467",
      "c478",
      "c494",
      "c028",
      "c060",
      "c064",
      "c077",
      "c086",
      "c109",
      "c128",
      "c288",
      "c298",
      "c343",
      "c398",
      "c404",
      "c426",
      "c436",
      "c449",
      "c459",
      "c481",
      "c486",
      "c487",
      "c496",
      "c029",
      "c116",
      "c177",
      "c384",
      "c411",
      "c415",
      "c278",
      "c155",
      "c203",
      "c004",
      "c066",
      "c102",
      "c182",
      "c188",
      "c234",
      "c352",
      "c475",
      "c216",
      "c255",
      "c405",
      "c455",
      "c472",
      "c065",
      "c373",
      "c438",
      "c148",
      "c223",
      "c337",
      "c168",
      "c439",
      "c022",
      "c335",
      "c088",
      "c184",
      "c053",
      "c125",
      "c316",
      "c365",
      "c144",
      "c198",
      "c264",
      "c427",
      "c446",
      "c499",
      "c009",
      "c026",
      "c050",
      "c471",
      "c272",
      "c321",
      "c425",
      "c094",
      "c070",
      "c101",
      "c230",
      "c419",
      "c045",
      "c068",
      "c071",
      "c145",
      "c237",
      "c258",
      "c332",
      "c454",
      "c169",
      "c289",
      "c346",
      "c451",
      "c024",
      "c222",
      "c450",
      "c061",
      "c132",
      "c138",
      "c001",
      "c039",
      "c080",
      "c166",
      "c195",
      "c307",
      "c483",
      "c058",
      "c073",
      "c236",
      "c243",
      "c326",
      "c379",
      "c214",
      "c360",
      "c025",
      "c240",
      "c250",
      "c406",
      "c217",
      "c323",
      "c336",
      "c069",
      "c172",
      "c187",
      "c276",
      "c371",
      "c082",
      "c212",
      "c327",
      "c333",
      "c417",
      "c468",
      "c013",
      "c114",
      "c218",
      "c444",
      "c355",
      "c178",
      "c176",
      "c257",
      "c442",
      "c037",
      "c095",
      "c098",
      "c313",
      "c351",
      "c414",
      "c075",
      "c105",
      "c111",
      "c140",
      "c152",
      "c163",
      "c416",
      "c129",
      "c429",
      "c410",
      "c042",
      "c151",
      "c283",
      "c466",
      "c005",
      "c275",
      "c492",
      "c424",
      "c167",
      "c301",
      "c358",
      "c418",
      "c084",
      "c107",
      "c423",
      "c400",
      "c191",
      "c092",
      "c120",
      "c401",
      "c420",
      "c470",
      "c281",
      "c350",
      "c318",
      "c383",
      "c018",
      "c137",
      "c286",
      "c489",
      "c135",
      "c164",
      "c208",
      "c347",
      "c007",
      "c081",
      "c085",
      "c322",
      "c477",
      "c051",
      "c342",
      "c364",
      "c083",
      "c397",
      "c117",
      "c300",
      "c008",
      "c158",
      "c338",
      "c038",
      "c139",
      "c325",
      "c395",
      "c213",
      "c291",
      "c046",
      "c374",
      "c391",
      "c124",
      "c382",
      "c052",
      "c341",
      "c033",
      "c247",
      "c016",
      "c199",
      "c480",
      "c209",
      "c408",
      "c089",
      "c231",
      "c183",
      "c202",
      "c320",
      "c403",
      "c409",
      "c465",
      "c232",
      "c268",
      "c328",
      "c091",
      "c219",
      "c314",
      "c476",
      "c076",
      "c225",
      "c014",
      "c180",
      "c059",
      "c277",
      "c388",
      "c469",
      "c252",
      "c074",
      "c220",
      "c048",
      "c057",
      "c372",
      "c295",
      "c392",
      "c130",
      "c259",
      "c010",
      "c297",
      "c175",
      "c299",
      "c079",
      "c428",
      "c306",
      "c269",
      "c211",
      "c006",
      "c457",
      "c304",
      "c482",
      "c378",
      "c031",
      "c153",
      "c485",
      "c034",
      "c271",
      "c238",
      "c154",
      "c412",
      "c440",
      "c254",
      "c284",
      "c317",
      "c150",
      "c190",
      "c239",
      "c462",
      "c156",
      "c433",
      "c189",
      "c495",
      "c376",
      "c233",
      "c100",
      "c324",
      "c334",
      "c361",
      "c445",
      "c118",
      "c497",
      "c054",
      "c463",
      "c141",
      "c149",
      "c221",
      "c260",
      "c131",
      "c266",
      "c396",
      "c422",
      "c011",
      "c389",
      "c484",
      "c023",
      "c110",
      "c456",
      "c488",
      "c044",
      "c498",
      "c161",
      "c377",
      "c393",
      "c310",
      "c040",
      "c448",
      "c452",
      "c380",
      "c159",
      "c458",
      "c012",
      "c228",
      "c072",
      "c285",
      "c368",
      "c447",
      "c431",
      "c402",
      "c435",
      "c293",
      "c407",
      "c294",
      "c399",
      "c267",
      "c249",
      "c017",
      "c201",
      "c490",
      "c104",
      "c096",
      "c143",
      "c205",
      "c204",
      "c200",
      "c229",
      "c049",
      "c162",
      "c244",
      "c473",
      "c174",
      "c434",
      "c394",
      "c192",
      "c330",
      "c375",
      "c261",
      "c474",
      "c133",
      "c430",
      "c413",
      "c432",
      "c366",
      "c246",
      "c126",
      "c479",
      "c367",
      "c032",
      "c241",
      "c390",
      "c097"
    ]
  },
  "ordered_queues": {
    "edge-1": [
      "c146",
      "c197",
      "c224",
      "c226",
      "c262",
      "c280",
      "c282",
      "c287",
      "c296",
      "c387",
      "c453",
      "c461"
    ],
    "edge-2": [
      "c020",
      "c041",
      "c078",
      "c090",
      "c173",
      "c186",
      "c265",
      "c270",
      "c273"
    ],
    "edge-3": [
      "c147",
      "c245",
      "c274",
      "c305",
      "c315",
      "c329",
      "c339",
      "c344",
      "c369",
      "c421",
      "c441",
      "c443"
    ],
    "edge-4": [
      "c021",
      "c043",
      "c055",
      "c113",
      "c292",
      "c312",
      "c354",
      "c363",
      "c370"
    ],
    "edge-5": [
      "c063",
      "c103",
      "c106",
      "c136",
      "c142",
      "c157",
      "c170",
      "c179",
      "c256",
      "c319"
    ],
    "edge-6": [
      "c062",
      "c087",
      "c093",
      "c165",
      "c207",
      "c235",
      "c242",
      "c302",
      "c357"
    ],
    "edge-7": [
      "c019",
      "c108",
      "c121",
      "c122",
      "c181",
      "c185",
      "c193",
      "c196",
      "c303",
      "c311"
    ],
    "edge-8": [
      "c002",
      "c003",
      "c015",
      "c067",
      "c331",
      "c345",
      "c349",
      "c385",
      "c493",
      "c500"
    ]
  }
}
================================================================================
[RUN][K8s-CA] drtp_img88_cacheonly_384mb_600.json
{
  "summary": {
    "algo": "FG-DSCR-GC-K8sCA",
    "num_containers": 600,
    "num_scheduled_containers": 83,
    "num_nodes": 8,
    "failed_deployments": 517,
    "ca_penalty": 861.6666666666666,
    "ca_downloaded_mb": 233291,
    "ACT": 171.0140060240964,
    "AMS": 307.3812499999999,
    "downloaded_mb": 74709,
    "reused_mb": 10200,
    "reuse_rate": 0.1201286082747412,
    "objective_without_ca_penalty": 239.19762801204814,
    "objective": 1100.8642946787147
  },
  "assignment": {
    "edge-1": [
      "c579",
      "c588",
      "c590",
      "c032",
      "c051",
      "c116",
      "c156",
      "c159",
      "c304",
      "c169",
      "c199"
    ],
    "edge-2": [
      "c296",
      "c363",
      "c428",
      "c553",
      "c028",
      "c043",
      "c088",
      "c143",
      "c174"
    ],
    "edge-3": [
      "c474",
      "c521",
      "c534",
      "c550",
      "c560",
      "c566",
      "c575",
      "c050",
      "c292",
      "c328",
      "c078"
    ],
    "edge-4": [
      "c062",
      "c101",
      "c073",
      "c087",
      "c112",
      "c424",
      "c439",
      "c033",
      "c214"
    ],
    "edge-5": [
      "c114",
      "c151",
      "c166",
      "c191",
      "c198",
      "c260",
      "c343",
      "c265",
      "c044",
      "c220",
      "c325"
    ],
    "edge-6": [
      "c022",
      "c049",
      "c136",
      "c155",
      "c239",
      "c261",
      "c266",
      "c323",
      "c310",
      "c187",
      "c408",
      "c185"
    ],
    "edge-7": [
      "c262",
      "c285",
      "c327",
      "c356",
      "c180",
      "c493",
      "c321",
      "c501",
      "c003",
      "c322"
    ],
    "edge-8": [
      "c330",
      "c367",
      "c467",
      "c479",
      "c531",
      "c567",
      "c211",
      "c508",
      "c528",
      "c449"
    ],
    "__CA_GUARANTEE__": [
      "c245",
      "c267",
      "c277",
      "c294",
      "c297",
      "c307",
      "c308",
      "c315",
      "c316",
      "c317",
      "c361",
      "c381",
      "c383",
      "c431",
      "c502",
      "c503",
      "c507",
      "c514",
      "c520",
      "c524",
      "c543",
      "c557",
      "c577",
      "c595",
      "c600",
      "c005",
      "c015",
      "c041",
      "c095",
      "c129",
      "c158",
      "c175",
      "c205",
      "c230",
      "c240",
      "c241",
      "c251",
      "c252",
      "c272",
      "c281",
      "c302",
      "c341",
      "c351",
      "c353",
      "c391",
      "c406",
      "c421",
      "c430",
      "c433",
      "c446",
      "c456",
      "c468",
      "c469",
      "c526",
      "c537",
      "c572",
      "c584",
      "c009",
      "c012",
      "c053",
      "c083",
      "c132",
      "c171",
      "c183",
      "c189",
      "c200",
      "c203",
      "c217",
      "c219",
      "c280",
      "c334",
      "c378",
      "c392",
      "c401",
      "c413",
      "c445",
      "c498",
      "c510",
      "c545",
      "c589",
      "c591",
      "c068",
      "c154",
      "c264",
      "c283",
      "c459",
      "c463",
      "c562",
      "c071",
      "c336",
      "c020",
      "c109",
      "c065",
      "c324",
      "c384",
      "c396",
      "c434",
      "c037",
      "c148",
      "c153",
      "c177",
      "c179",
      "c268",
      "c454",
      "c418",
      "c425",
      "c447",
      "c452",
      "c042",
      "c046",
      "c140",
      "c247",
      "c303",
      "c420",
      "c135",
      "c437",
      "c105",
      "c138",
      "c489",
      "c574",
      "c196",
      "c271",
      "c287",
      "c111",
      "c436",
      "c221",
      "c093",
      "c236",
      "c291",
      "c470",
      "c599",
      "c354",
      "c578",
      "c195",
      "c497",
      "c475",
      "c120",
      "c054",
      "c123",
      "c393",
      "c164",
      "c345",
      "c485",
      "c552",
      "c555",
      "c014",
      "c059",
      "c457",
      "c546",
      "c598",
      "c103",
      "c246",
      "c282",
      "c500",
      "c554",
      "c031",
      "c106",
      "c332",
      "c161",
      "c593",
      "c305",
      "c414",
      "c072",
      "c400",
      "c547",
      "c181",
      "c215",
      "c371",
      "c585",
      "c226",
      "c415",
      "c429",
      "c523",
      "c504",
      "c583",
      "c477",
      "c082",
      "c092",
      "c160",
      "c368",
      "c529",
      "c544",
      "c047",
      "c366",
      "c026",
      "c094",
      "c202",
      "c412",
      "c427",
      "c444",
      "c481",
      "c017",
      "c290",
      "c382",
      "c057",
      "c110",
      "c506",
      "c052",
      "c404",
      "c038",
      "c515",
      "c188",
      "c385",
      "c204",
      "c213",
      "c460",
      "c480",
      "c064",
      "c069",
      "c227",
      "c024",
      "c387",
      "c592",
      "c293",
      "c538",
      "c118",
      "c097",
      "c165",
      "c379",
      "c556",
      "c060",
      "c339",
      "c438",
      "c455",
      "c146",
      "c023",
      "c395",
      "c472",
      "c286",
      "c010",
      "c127",
      "c348",
      "c144",
      "c224",
      "c243",
      "c295",
      "c362",
      "c483",
      "c173",
      "c178",
      "c288",
      "c402",
      "c442",
      "c338",
      "c398",
      "c335",
      "c476",
      "c394",
      "c486",
      "c495",
      "c168",
      "c273",
      "c364",
      "c496",
      "c509",
      "c435",
      "c453",
      "c471",
      "c494",
      "c162",
      "c482",
      "c568",
      "c369",
      "c218",
      "c289",
      "c035",
      "c533",
      "c176",
      "c207",
      "c284",
      "c373",
      "c549",
      "c125",
      "c210",
      "c231",
      "c234",
      "c329",
      "c488",
      "c212",
      "c275",
      "c372",
      "c518",
      "c056",
      "c301",
      "c390",
      "c484",
      "c540",
      "c298",
      "c300",
      "c086",
      "c040",
      "c450",
      "c133",
      "c548",
      "c034",
      "c182",
      "c320",
      "c559",
      "c232",
      "c314",
      "c570",
      "c134",
      "c278",
      "c117",
      "c342",
      "c074",
      "c397",
      "c209",
      "c337",
      "c487",
      "c542",
      "c126",
      "c235",
      "c333",
      "c344",
      "c491",
      "c569",
      "c192",
      "c002",
      "c172",
      "c080",
      "c274",
      "c149",
      "c536",
      "c440",
      "c004",
      "c157",
      "c331",
      "c377",
      "c150",
      "c259",
      "c312",
      "c403",
      "c448",
      "c561",
      "c039",
      "c269",
      "c582",
      "c532",
      "c319",
      "c194",
      "c499",
      "c517",
      "c137",
      "c422",
      "c530",
      "c380",
      "c443",
      "c045",
      "c399",
      "c098",
      "c358",
      "c313",
      "c511",
      "c021",
      "c527",
      "c190",
      "c206",
      "c539",
      "c410",
      "c124",
      "c389",
      "c513",
      "c522",
      "c113",
      "c139",
      "c250",
      "c237",
      "c263",
      "c223",
      "c466",
      "c130",
      "c061",
      "c067",
      "c256",
      "c594",
      "c375",
      "c576",
      "c347",
      "c423",
      "c462",
      "c311",
      "c417",
      "c186",
      "c352",
      "c587",
      "c258",
      "c318",
      "c535",
      "c225",
      "c370",
      "c013",
      "c058",
      "c011",
      "c365",
      "c076",
      "c163",
      "c081",
      "c119",
      "c564",
      "c216",
      "c306",
      "c104",
      "c084",
      "c573",
      "c276",
      "c505",
      "c007",
      "c128",
      "c197",
      "c490",
      "c018",
      "c201",
      "c355",
      "c152",
      "c027",
      "c571",
      "c238",
      "c357",
      "c458",
      "c115",
      "c416",
      "c089",
      "c077",
      "c208",
      "c075",
      "c131",
      "c270",
      "c001",
      "c030",
      "c099",
      "c141",
      "c184",
      "c405",
      "c036",
      "c441",
      "c085",
      "c432",
      "c222",
      "c558",
      "c019",
      "c299",
      "c055",
      "c326",
      "c386",
      "c096",
      "c025",
      "c167",
      "c063",
      "c070",
      "c580",
      "c147",
      "c279",
      "c066",
      "c409",
      "c090",
      "c596",
      "c512",
      "c597",
      "c016",
      "c465",
      "c249",
      "c254",
      "c451",
      "c244",
      "c419",
      "c426",
      "c551",
      "c048",
      "c346",
      "c473",
      "c492",
      "c170",
      "c193",
      "c359",
      "c388",
      "c581",
      "c229",
      "c461",
      "c374",
      "c233",
      "c360",
      "c248",
      "c464",
      "c079",
      "c100",
      "c142",
      "c257",
      "c411",
      "c340",
      "c478",
      "c376",
      "c006",
      "c108",
      "c407",
      "c242",
      "c253",
      "c145",
      "c541",
      "c029",
      "c107",
      "c122",
      "c349",
      "c516",
      "c228",
      "c565",
      "c525",
      "c102",
      "c309",
      "c121",
      "c091",
      "c350",
      "c255",
      "c586",
      "c008",
      "c519",
      "c563"
    ]
  },
  "ordered_queues": {
    "edge-1": [
      "c032",
      "c051",
      "c116",
      "c156",
      "c159",
      "c169",
      "c199",
      "c304",
      "c579",
      "c588",
      "c590"
    ],
    "edge-2": [
      "c028",
      "c043",
      "c088",
      "c143",
      "c174",
      "c296",
      "c363",
      "c428",
      "c553"
    ],
    "edge-3": [
      "c050",
      "c078",
      "c292",
      "c328",
      "c474",
      "c521",
      "c534",
      "c550",
      "c560",
      "c566",
      "c575"
    ],
    "edge-4": [
      "c033",
      "c062",
      "c073",
      "c087",
      "c101",
      "c112",
      "c214",
      "c424",
      "c439"
    ],
    "edge-5": [
      "c044",
      "c114",
      "c151",
      "c166",
      "c191",
      "c198",
      "c220",
      "c260",
      "c265",
      "c325",
      "c343"
    ],
    "edge-6": [
      "c022",
      "c049",
      "c136",
      "c155",
      "c185",
      "c187",
      "c239",
      "c261",
      "c266",
      "c310",
      "c323",
      "c408"
    ],
    "edge-7": [
      "c003",
      "c180",
      "c262",
      "c285",
      "c321",
      "c322",
      "c327",
      "c356",
      "c493",
      "c501"
    ],
    "edge-8": [
      "c211",
      "c330",
      "c367",
      "c449",
      "c467",
      "c479",
      "c508",
      "c528",
      "c531",
      "c567"
    ]
  }
}
================================================================================
[RUN][K8s-CA] drtp_img88_cacheonly_384mb_700.json
{
  "summary": {
    "algo": "FG-DSCR-GC-K8sCA",
    "num_containers": 700,
    "num_scheduled_containers": 81,
    "num_nodes": 8,
    "failed_deployments": 619,
    "ca_penalty": 884.2857142857143,
    "ca_downloaded_mb": 282437,
    "ACT": 166.8804012345679,
    "AMS": 297.64739583333335,
    "downloaded_mb": 72935,
    "reused_mb": 9928,
    "reuse_rate": 0.11981222017064311,
    "objective_without_ca_penalty": 232.26389853395062,
    "objective": 1116.549612819665
  },
  "assignment": {
    "edge-1": [
      "c588",
      "c032",
      "c033",
      "c044",
      "c051",
      "c528",
      "c449",
      "c322",
      "c363",
      "c174"
    ],
    "edge-2": [
      "c428",
      "c553",
      "c656",
      "c028",
      "c043",
      "c088",
      "c143",
      "c343",
      "c493"
    ],
    "edge-3": [
      "c199",
      "c214",
      "c220",
      "c112",
      "c180",
      "c321",
      "c508",
      "c003",
      "c265",
      "c296"
    ],
    "edge-4": [
      "c501",
      "c239",
      "c156",
      "c169",
      "c285",
      "c567",
      "c579",
      "c078",
      "c136"
    ],
    "edge-5": [
      "c566",
      "c575",
      "c610",
      "c632",
      "c639",
      "c687",
      "c050",
      "c062",
      "c073",
      "c114"
    ],
    "edge-6": [
      "c601",
      "c022",
      "c049",
      "c155",
      "c261",
      "c116",
      "c187",
      "c590",
      "c644",
      "c159",
      "c185"
    ],
    "edge-7": [
      "c262",
      "c327",
      "c356",
      "c424",
      "c439",
      "c474",
      "c521",
      "c534",
      "c550",
      "c560",
      "c198",
      "c624"
    ],
    "edge-8": [
      "c266",
      "c323",
      "c325",
      "c328",
      "c330",
      "c367",
      "c408",
      "c467",
      "c479",
      "c531"
    ],
    "__CA_GUARANTEE__": [
      "c087",
      "c101",
      "c151",
      "c166",
      "c191",
      "c211",
      "c245",
      "c260",
      "c267",
      "c277",
      "c292",
      "c294",
      "c297",
      "c304",
      "c307",
      "c308",
      "c310",
      "c315",
      "c316",
      "c317",
      "c361",
      "c381",
      "c383",
      "c431",
      "c502",
      "c503",
      "c507",
      "c514",
      "c520",
      "c524",
      "c543",
      "c557",
      "c577",
      "c595",
      "c600",
      "c619",
      "c627",
      "c686",
      "c005",
      "c015",
      "c041",
      "c095",
      "c129",
      "c158",
      "c175",
      "c205",
      "c230",
      "c240",
      "c241",
      "c251",
      "c252",
      "c272",
      "c281",
      "c302",
      "c341",
      "c351",
      "c353",
      "c391",
      "c406",
      "c421",
      "c430",
      "c433",
      "c446",
      "c456",
      "c468",
      "c469",
      "c526",
      "c537",
      "c572",
      "c584",
      "c650",
      "c666",
      "c685",
      "c009",
      "c012",
      "c053",
      "c083",
      "c132",
      "c171",
      "c183",
      "c189",
      "c200",
      "c203",
      "c217",
      "c219",
      "c280",
      "c334",
      "c378",
      "c392",
      "c401",
      "c413",
      "c445",
      "c498",
      "c510",
      "c545",
      "c589",
      "c591",
      "c611",
      "c621",
      "c628",
      "c629",
      "c678",
      "c694",
      "c068",
      "c154",
      "c264",
      "c283",
      "c459",
      "c463",
      "c562",
      "c071",
      "c336",
      "c020",
      "c109",
      "c065",
      "c324",
      "c384",
      "c396",
      "c434",
      "c605",
      "c663",
      "c037",
      "c148",
      "c153",
      "c177",
      "c179",
      "c268",
      "c454",
      "c418",
      "c425",
      "c447",
      "c452",
      "c606",
      "c649",
      "c658",
      "c042",
      "c046",
      "c140",
      "c247",
      "c303",
      "c420",
      "c662",
      "c683",
      "c135",
      "c437",
      "c654",
      "c105",
      "c138",
      "c489",
      "c574",
      "c623",
      "c196",
      "c271",
      "c633",
      "c652",
      "c287",
      "c111",
      "c436",
      "c677",
      "c221",
      "c620",
      "c671",
      "c681",
      "c093",
      "c236",
      "c291",
      "c470",
      "c599",
      "c354",
      "c578",
      "c640",
      "c195",
      "c497",
      "c475",
      "c120",
      "c054",
      "c123",
      "c393",
      "c164",
      "c345",
      "c485",
      "c552",
      "c555",
      "c609",
      "c643",
      "c014",
      "c059",
      "c457",
      "c546",
      "c598",
      "c653",
      "c698",
      "c103",
      "c246",
      "c282",
      "c500",
      "c554",
      "c651",
      "c031",
      "c106",
      "c332",
      "c161",
      "c593",
      "c305",
      "c414",
      "c072",
      "c400",
      "c547",
      "c181",
      "c215",
      "c371",
      "c585",
      "c631",
      "c226",
      "c415",
      "c429",
      "c523",
      "c504",
      "c583",
      "c477",
      "c082",
      "c092",
      "c160",
      "c368",
      "c529",
      "c544",
      "c668",
      "c047",
      "c366",
      "c612",
      "c634",
      "c026",
      "c094",
      "c202",
      "c412",
      "c427",
      "c444",
      "c481",
      "c622",
      "c017",
      "c290",
      "c382",
      "c637",
      "c057",
      "c615",
      "c110",
      "c506",
      "c052",
      "c404",
      "c038",
      "c515",
      "c625",
      "c188",
      "c385",
      "c204",
      "c213",
      "c460",
      "c480",
      "c064",
      "c069",
      "c227",
      "c024",
      "c387",
      "c592",
      "c293",
      "c538",
      "c118",
      "c097",
      "c165",
      "c379",
      "c556",
      "c699",
      "c060",
      "c339",
      "c438",
      "c455",
      "c146",
      "c023",
      "c395",
      "c673",
      "c472",
      "c286",
      "c010",
      "c127",
      "c348",
      "c144",
      "c224",
      "c243",
      "c295",
      "c362",
      "c483",
      "c173",
      "c178",
      "c288",
      "c402",
      "c442",
      "c338",
      "c398",
      "c335",
      "c476",
      "c394",
      "c486",
      "c495",
      "c670",
      "c168",
      "c273",
      "c364",
      "c496",
      "c509",
      "c435",
      "c453",
      "c471",
      "c494",
      "c162",
      "c482",
      "c568",
      "c676",
      "c369",
      "c218",
      "c289",
      "c035",
      "c533",
      "c176",
      "c207",
      "c284",
      "c373",
      "c549",
      "c648",
      "c679",
      "c125",
      "c210",
      "c231",
      "c234",
      "c329",
      "c488",
      "c674",
      "c212",
      "c275",
      "c372",
      "c518",
      "c626",
      "c056",
      "c301",
      "c390",
      "c484",
      "c696",
      "c540",
      "c298",
      "c300",
      "c086",
      "c040",
      "c450",
      "c133",
      "c548",
      "c034",
      "c182",
      "c320",
      "c559",
      "c672",
      "c232",
      "c314",
      "c570",
      "c134",
      "c278",
      "c117",
      "c342",
      "c074",
      "c397",
      "c209",
      "c337",
      "c487",
      "c542",
      "c126",
      "c235",
      "c333",
      "c344",
      "c491",
      "c569",
      "c192",
      "c002",
      "c172",
      "c080",
      "c274",
      "c149",
      "c536",
      "c647",
      "c690",
      "c440",
      "c004",
      "c157",
      "c331",
      "c377",
      "c646",
      "c150",
      "c259",
      "c312",
      "c403",
      "c448",
      "c561",
      "c039",
      "c269",
      "c582",
      "c532",
      "c319",
      "c194",
      "c499",
      "c517",
      "c137",
      "c422",
      "c530",
      "c380",
      "c443",
      "c045",
      "c399",
      "c098",
      "c358",
      "c608",
      "c700",
      "c313",
      "c511",
      "c021",
      "c527",
      "c190",
      "c206",
      "c539",
      "c410",
      "c124",
      "c389",
      "c513",
      "c522",
      "c113",
      "c139",
      "c250",
      "c237",
      "c263",
      "c613",
      "c223",
      "c466",
      "c130",
      "c061",
      "c067",
      "c256",
      "c617",
      "c659",
      "c594",
      "c661",
      "c689",
      "c375",
      "c576",
      "c347",
      "c423",
      "c602",
      "c636",
      "c667",
      "c462",
      "c311",
      "c417",
      "c186",
      "c352",
      "c587",
      "c258",
      "c318",
      "c535",
      "c225",
      "c370",
      "c013",
      "c058",
      "c011",
      "c365",
      "c076",
      "c163",
      "c081",
      "c119",
      "c564",
      "c635",
      "c664",
      "c216",
      "c306",
      "c104",
      "c084",
      "c675",
      "c573",
      "c276",
      "c505",
      "c007",
      "c128",
      "c197",
      "c490",
      "c018",
      "c201",
      "c355",
      "c152",
      "c027",
      "c571",
      "c669",
      "c693",
      "c238",
      "c357",
      "c458",
      "c115",
      "c416",
      "c089",
      "c077",
      "c208",
      "c657",
      "c665",
      "c075",
      "c131",
      "c270",
      "c001",
      "c030",
      "c099",
      "c141",
      "c184",
      "c405",
      "c036",
      "c441",
      "c085",
      "c432",
      "c222",
      "c604",
      "c558",
      "c019",
      "c299",
      "c684",
      "c692",
      "c055",
      "c326",
      "c386",
      "c096",
      "c614",
      "c025",
      "c167",
      "c063",
      "c070",
      "c580",
      "c147",
      "c618",
      "c655",
      "c279",
      "c066",
      "c409",
      "c090",
      "c596",
      "c682",
      "c512",
      "c597",
      "c016",
      "c465",
      "c249",
      "c616",
      "c254",
      "c645",
      "c451",
      "c244",
      "c419",
      "c426",
      "c607",
      "c551",
      "c048",
      "c346",
      "c473",
      "c492",
      "c170",
      "c688",
      "c660",
      "c193",
      "c680",
      "c695",
      "c359",
      "c388",
      "c581",
      "c229",
      "c461",
      "c374",
      "c233",
      "c360",
      "c248",
      "c464",
      "c079",
      "c100",
      "c142",
      "c257",
      "c411",
      "c691",
      "c340",
      "c478",
      "c376",
      "c006",
      "c108",
      "c407",
      "c603",
      "c242",
      "c253",
      "c145",
      "c541",
      "c029",
      "c107",
      "c122",
      "c349",
      "c516",
      "c228",
      "c565",
      "c525",
      "c102",
      "c630",
      "c638",
      "c309",
      "c642",
      "c121",
      "c641",
      "c697",
      "c091",
      "c350",
      "c255",
      "c586",
      "c008",
      "c519",
      "c563"
    ]
  },
  "ordered_queues": {
    "edge-1": [
      "c032",
      "c033",
      "c044",
      "c051",
      "c174",
      "c322",
      "c363",
      "c449",
      "c528",
      "c588"
    ],
    "edge-2": [
      "c028",
      "c043",
      "c088",
      "c143",
      "c343",
      "c428",
      "c493",
      "c553",
      "c656"
    ],
    "edge-3": [
      "c003",
      "c112",
      "c180",
      "c199",
      "c214",
      "c220",
      "c265",
      "c296",
      "c321",
      "c508"
    ],
    "edge-4": [
      "c078",
      "c136",
      "c156",
      "c169",
      "c239",
      "c285",
      "c501",
      "c567",
      "c579"
    ],
    "edge-5": [
      "c050",
      "c062",
      "c073",
      "c114",
      "c566",
      "c575",
      "c610",
      "c632",
      "c639",
      "c687"
    ],
    "edge-6": [
      "c022",
      "c049",
      "c116",
      "c155",
      "c159",
      "c185",
      "c187",
      "c261",
      "c590",
      "c601",
      "c644"
    ],
    "edge-7": [
      "c198",
      "c262",
      "c327",
      "c356",
      "c424",
      "c439",
      "c474",
      "c521",
      "c534",
      "c550",
      "c560",
      "c624"
    ],
    "edge-8": [
      "c266",
      "c323",
      "c325",
      "c328",
      "c330",
      "c367",
      "c408",
      "c467",
      "c479",
      "c531"
    ]
  }
}
================================================================================
[RUN][K8s-CA] drtp_img88_cacheonly_384mb_800.json
{
  "summary": {
    "algo": "FG-DSCR-GC-K8sCA",
    "num_containers": 800,
    "num_scheduled_containers": 81,
    "num_nodes": 8,
    "failed_deployments": 719,
    "ca_penalty": 898.75,
    "ca_downloaded_mb": 333619,
    "ACT": 168.08060699588478,
    "AMS": 299.6473958333333,
    "downloaded_mb": 72935,
    "reused_mb": 9928,
    "reuse_rate": 0.11981222017064311,
    "objective_without_ca_penalty": 233.86400141460905,
    "objective": 1132.614001414609
  },
  "assignment": {
    "edge-1": [
      "c408",
      "c467",
      "c479",
      "c531",
      "c588",
      "c590",
      "c624",
      "c114",
      "c116",
      "c187",
      "c169"
    ],
    "edge-2": [
      "c363",
      "c428",
      "c553",
      "c656",
      "c716",
      "c739",
      "c028",
      "c632",
      "c343"
    ],
    "edge-3": [
      "c033",
      "c044",
      "c051",
      "c751",
      "c449",
      "c174",
      "c239",
      "c296",
      "c043",
      "c328"
    ],
    "edge-4": [
      "c285",
      "c356",
      "c367",
      "c567",
      "c136",
      "c737",
      "c708",
      "c800",
      "c579"
    ],
    "edge-5": [
      "c199",
      "c214",
      "c220",
      "c112",
      "c143",
      "c180",
      "c322",
      "c321",
      "c265",
      "c323"
    ],
    "edge-6": [
      "c493",
      "c501",
      "c508",
      "c528",
      "c601",
      "c724",
      "c003",
      "c022",
      "c049",
      "c078"
    ],
    "edge-7": [
      "c327",
      "c424",
      "c439",
      "c474",
      "c521",
      "c534",
      "c550",
      "c560",
      "c566",
      "c088",
      "c261"
    ],
    "edge-8": [
      "c155",
      "c266",
      "c325",
      "c330",
      "c262",
      "c032",
      "c799",
      "c156",
      "c159",
      "c185",
      "c644"
    ],
    "__CA_GUARANTEE__": [
      "c575",
      "c610",
      "c639",
      "c687",
      "c720",
      "c793",
      "c050",
      "c062",
      "c073",
      "c087",
      "c101",
      "c151",
      "c166",
      "c191",
      "c198",
      "c211",
      "c245",
      "c260",
      "c267",
      "c277",
      "c292",
      "c294",
      "c297",
      "c304",
      "c307",
      "c308",
      "c310",
      "c315",
      "c316",
      "c317",
      "c361",
      "c381",
      "c383",
      "c431",
      "c502",
      "c503",
      "c507",
      "c514",
      "c520",
      "c524",
      "c543",
      "c557",
      "c577",
      "c595",
      "c600",
      "c619",
      "c627",
      "c686",
      "c755",
      "c775",
      "c776",
      "c791",
      "c005",
      "c015",
      "c041",
      "c095",
      "c129",
      "c158",
      "c175",
      "c205",
      "c230",
      "c240",
      "c241",
      "c251",
      "c252",
      "c272",
      "c281",
      "c302",
      "c341",
      "c351",
      "c353",
      "c391",
      "c406",
      "c421",
      "c430",
      "c433",
      "c446",
      "c456",
      "c468",
      "c469",
      "c526",
      "c537",
      "c572",
      "c584",
      "c650",
      "c666",
      "c685",
      "c746",
      "c783",
      "c787",
      "c009",
      "c012",
      "c053",
      "c083",
      "c132",
      "c171",
      "c183",
      "c189",
      "c200",
      "c203",
      "c217",
      "c219",
      "c280",
      "c334",
      "c378",
      "c392",
      "c401",
      "c413",
      "c445",
      "c498",
      "c510",
      "c545",
      "c589",
      "c591",
      "c611",
      "c621",
      "c628",
      "c629",
      "c678",
      "c694",
      "c730",
      "c753",
      "c761",
      "c068",
      "c154",
      "c264",
      "c283",
      "c459",
      "c463",
      "c562",
      "c717",
      "c782",
      "c071",
      "c336",
      "c020",
      "c109",
      "c065",
      "c324",
      "c384",
      "c396",
      "c434",
      "c605",
      "c663",
      "c037",
      "c148",
      "c153",
      "c177",
      "c179",
      "c268",
      "c454",
      "c770",
      "c418",
      "c425",
      "c447",
      "c452",
      "c606",
      "c649",
      "c658",
      "c042",
      "c046",
      "c140",
      "c247",
      "c303",
      "c420",
      "c662",
      "c683",
      "c733",
      "c135",
      "c437",
      "c654",
      "c105",
      "c138",
      "c489",
      "c711",
      "c725",
      "c574",
      "c623",
      "c196",
      "c271",
      "c633",
      "c652",
      "c287",
      "c111",
      "c740",
      "c763",
      "c436",
      "c677",
      "c221",
      "c620",
      "c671",
      "c681",
      "c726",
      "c093",
      "c236",
      "c291",
      "c470",
      "c599",
      "c354",
      "c578",
      "c640",
      "c707",
      "c728",
      "c798",
      "c195",
      "c497",
      "c475",
      "c120",
      "c054",
      "c123",
      "c393",
      "c701",
      "c742",
      "c781",
      "c164",
      "c345",
      "c485",
      "c552",
      "c555",
      "c609",
      "c643",
      "c714",
      "c727",
      "c014",
      "c059",
      "c457",
      "c546",
      "c598",
      "c653",
      "c698",
      "c767",
      "c103",
      "c246",
      "c282",
      "c500",
      "c554",
      "c651",
      "c706",
      "c794",
      "c031",
      "c106",
      "c771",
      "c790",
      "c332",
      "c161",
      "c593",
      "c721",
      "c774",
      "c305",
      "c414",
      "c072",
      "c400",
      "c547",
      "c741",
      "c181",
      "c215",
      "c371",
      "c585",
      "c631",
      "c762",
      "c226",
      "c415",
      "c429",
      "c523",
      "c504",
      "c583",
      "c477",
      "c710",
      "c082",
      "c092",
      "c160",
      "c368",
      "c529",
      "c544",
      "c668",
      "c731",
      "c772",
      "c047",
      "c366",
      "c612",
      "c634",
      "c779",
      "c026",
      "c094",
      "c202",
      "c412",
      "c427",
      "c444",
      "c481",
      "c622",
      "c017",
      "c290",
      "c382",
      "c637",
      "c057",
      "c615",
      "c110",
      "c506",
      "c052",
      "c404",
      "c038",
      "c515",
      "c797",
      "c625",
      "c188",
      "c385",
      "c204",
      "c213",
      "c460",
      "c480",
      "c064",
      "c069",
      "c227",
      "c024",
      "c387",
      "c592",
      "c712",
      "c293",
      "c538",
      "c118",
      "c097",
      "c165",
      "c379",
      "c556",
      "c699",
      "c745",
      "c060",
      "c339",
      "c438",
      "c455",
      "c146",
      "c023",
      "c395",
      "c673",
      "c705",
      "c472",
      "c286",
      "c010",
      "c127",
      "c348",
      "c144",
      "c224",
      "c243",
      "c295",
      "c362",
      "c483",
      "c173",
      "c178",
      "c288",
      "c402",
      "c442",
      "c702",
      "c338",
      "c398",
      "c723",
      "c752",
      "c795",
      "c335",
      "c722",
      "c476",
      "c394",
      "c486",
      "c495",
      "c670",
      "c758",
      "c168",
      "c273",
      "c364",
      "c496",
      "c509",
      "c435",
      "c453",
      "c471",
      "c494",
      "c162",
      "c482",
      "c568",
      "c676",
      "c777",
      "c369",
      "c218",
      "c289",
      "c035",
      "c533",
      "c743",
      "c176",
      "c207",
      "c284",
      "c373",
      "c549",
      "c648",
      "c679",
      "c735",
      "c784",
      "c789",
      "c125",
      "c210",
      "c231",
      "c234",
      "c329",
      "c488",
      "c674",
      "c212",
      "c275",
      "c372",
      "c518",
      "c626",
      "c715",
      "c056",
      "c301",
      "c390",
      "c484",
      "c696",
      "c750",
      "c540",
      "c298",
      "c300",
      "c086",
      "c040",
      "c450",
      "c133",
      "c548",
      "c034",
      "c182",
      "c320",
      "c559",
      "c672",
      "c736",
      "c232",
      "c314",
      "c729",
      "c570",
      "c134",
      "c278",
      "c744",
      "c117",
      "c342",
      "c074",
      "c397",
      "c209",
      "c337",
      "c487",
      "c542",
      "c754",
      "c766",
      "c126",
      "c235",
      "c333",
      "c344",
      "c491",
      "c569",
      "c192",
      "c734",
      "c002",
      "c172",
      "c080",
      "c274",
      "c149",
      "c536",
      "c647",
      "c690",
      "c440",
      "c004",
      "c157",
      "c331",
      "c377",
      "c646",
      "c150",
      "c259",
      "c312",
      "c403",
      "c448",
      "c561",
      "c764",
      "c780",
      "c039",
      "c269",
      "c582",
      "c532",
      "c319",
      "c792",
      "c194",
      "c499",
      "c517",
      "c137",
      "c422",
      "c732",
      "c530",
      "c380",
      "c443",
      "c045",
      "c399",
      "c786",
      "c098",
      "c358",
      "c608",
      "c700",
      "c313",
      "c511",
      "c021",
      "c527",
      "c190",
      "c206",
      "c539",
      "c765",
      "c747",
      "c410",
      "c788",
      "c124",
      "c389",
      "c513",
      "c522",
      "c113",
      "c139",
      "c250",
      "c713",
      "c237",
      "c738",
      "c263",
      "c613",
      "c223",
      "c466",
      "c130",
      "c061",
      "c067",
      "c256",
      "c617",
      "c659",
      "c594",
      "c661",
      "c689",
      "c375",
      "c709",
      "c576",
      "c347",
      "c423",
      "c602",
      "c636",
      "c667",
      "c462",
      "c311",
      "c417",
      "c186",
      "c352",
      "c587",
      "c258",
      "c318",
      "c535",
      "c225",
      "c370",
      "c013",
      "c058",
      "c011",
      "c365",
      "c076",
      "c163",
      "c081",
      "c119",
      "c564",
      "c635",
      "c664",
      "c216",
      "c306",
      "c104",
      "c084",
      "c675",
      "c573",
      "c276",
      "c505",
      "c007",
      "c128",
      "c197",
      "c490",
      "c018",
      "c201",
      "c355",
      "c152",
      "c027",
      "c749",
      "c571",
      "c669",
      "c693",
      "c238",
      "c357",
      "c458",
      "c773",
      "c115",
      "c416",
      "c089",
      "c760",
      "c077",
      "c208",
      "c657",
      "c665",
      "c075",
      "c131",
      "c270",
      "c001",
      "c030",
      "c099",
      "c778",
      "c141",
      "c184",
      "c405",
      "c036",
      "c441",
      "c719",
      "c085",
      "c432",
      "c222",
      "c604",
      "c558",
      "c019",
      "c299",
      "c684",
      "c692",
      "c748",
      "c055",
      "c768",
      "c326",
      "c386",
      "c096",
      "c614",
      "c025",
      "c167",
      "c718",
      "c063",
      "c070",
      "c580",
      "c147",
      "c618",
      "c655",
      "c279",
      "c066",
      "c409",
      "c759",
      "c090",
      "c596",
      "c682",
      "c512",
      "c597",
      "c016",
      "c465",
      "c703",
      "c249",
      "c616",
      "c254",
      "c645",
      "c451",
      "c244",
      "c419",
      "c426",
      "c607",
      "c551",
      "c048",
      "c756",
      "c346",
      "c473",
      "c492",
      "c170",
      "c688",
      "c796",
      "c660",
      "c193",
      "c680",
      "c695",
      "c359",
      "c388",
      "c581",
      "c769",
      "c229",
      "c461",
      "c374",
      "c233",
      "c360",
      "c248",
      "c464",
      "c079",
      "c100",
      "c142",
      "c257",
      "c411",
      "c691",
      "c757",
      "c340",
      "c478",
      "c376",
      "c006",
      "c108",
      "c407",
      "c603",
      "c242",
      "c253",
      "c145",
      "c541",
      "c785",
      "c029",
      "c107",
      "c122",
      "c349",
      "c516",
      "c228",
      "c565",
      "c525",
      "c102",
      "c630",
      "c638",
      "c309",
      "c642",
      "c121",
      "c641",
      "c697",
      "c091",
      "c350",
      "c255",
      "c586",
      "c008",
      "c519",
      "c563",
      "c704"
    ]
  },
  "ordered_queues": {
    "edge-1": [
      "c114",
      "c116",
      "c169",
      "c187",
      "c408",
      "c467",
      "c479",
      "c531",
      "c588",
      "c590",
      "c624"
    ],
    "edge-2": [
      "c028",
      "c343",
      "c363",
      "c428",
      "c553",
      "c632",
      "c656",
      "c716",
      "c739"
    ],
    "edge-3": [
      "c033",
      "c043",
      "c044",
      "c051",
      "c174",
      "c239",
      "c296",
      "c328",
      "c449",
      "c751"
    ],
    "edge-4": [
      "c136",
      "c285",
      "c356",
      "c367",
      "c567",
      "c579",
      "c708",
      "c737",
      "c800"
    ],
    "edge-5": [
      "c112",
      "c143",
      "c180",
      "c199",
      "c214",
      "c220",
      "c265",
      "c321",
      "c322",
      "c323"
    ],
    "edge-6": [
      "c003",
      "c022",
      "c049",
      "c078",
      "c493",
      "c501",
      "c508",
      "c528",
      "c601",
      "c724"
    ],
    "edge-7": [
      "c088",
      "c261",
      "c327",
      "c424",
      "c439",
      "c474",
      "c521",
      "c534",
      "c550",
      "c560",
      "c566"
    ],
    "edge-8": [
      "c032",
      "c155",
      "c156",
      "c159",
      "c185",
      "c262",
      "c266",
      "c325",
      "c330",
      "c644",
      "c799"
    ]
  }
}
================================================================================
[RUN][K8s-CA] drtp_img88_cacheonly_384mb_900.json
{
  "summary": {
    "algo": "FG-DSCR-GC-K8sCA",
    "num_containers": 900,
    "num_scheduled_containers": 78,
    "num_nodes": 8,
    "failed_deployments": 822,
    "ca_penalty": 913.3333333333334,
    "ca_downloaded_mb": 383994,
    "ACT": 161.5570512820513,
    "AMS": 289.065625,
    "downloaded_mb": 70274,
    "reused_mb": 9520,
    "reuse_rate": 0.11930721608140964,
    "objective_without_ca_penalty": 225.31133814102566,
    "objective": 1138.644671474359
  },
  "assignment": {
    "edge-1": [
      "c408",
      "c531",
      "c848",
      "c033",
      "c051",
      "c841",
      "c501",
      "c022",
      "c322",
      "c343"
    ],
    "edge-2": [
      "c328",
      "c330",
      "c367",
      "c579",
      "c078",
      "c136",
      "c044",
      "c890"
    ],
    "edge-3": [
      "c032",
      "c116",
      "c156",
      "c159",
      "c169",
      "c185",
      "c739",
      "c816",
      "c296",
      "c363"
    ],
    "edge-4": [
      "c851",
      "c855",
      "c028",
      "c043",
      "c088",
      "c174",
      "c180",
      "c321",
      "c553"
    ],
    "edge-5": [
      "c588",
      "c590",
      "c624",
      "c644",
      "c708",
      "c737",
      "c799",
      "c800",
      "c829",
      "c143"
    ],
    "edge-6": [
      "c449",
      "c493",
      "c508",
      "c528",
      "c601",
      "c724",
      "c716",
      "c428",
      "c656"
    ],
    "edge-7": [
      "c187",
      "c199",
      "c214",
      "c220",
      "c262",
      "c285",
      "c327",
      "c356",
      "c424",
      "c534"
    ],
    "edge-8": [
      "c003",
      "c049",
      "c155",
      "c239",
      "c261",
      "c265",
      "c266",
      "c323",
      "c479",
      "c325",
      "c467",
      "c567"
    ],
    "__CA_GUARANTEE__": [
      "c439",
      "c474",
      "c521",
      "c550",
      "c560",
      "c566",
      "c575",
      "c610",
      "c632",
      "c639",
      "c687",
      "c720",
      "c751",
      "c793",
      "c854",
      "c866",
      "c886",
      "c900",
      "c050",
      "c062",
      "c073",
      "c087",
      "c101",
      "c112",
      "c114",
      "c151",
      "c166",
      "c191",
      "c198",
      "c211",
      "c245",
      "c260",
      "c267",
      "c277",
      "c292",
      "c294",
      "c297",
      "c304",
      "c307",
      "c308",
      "c310",
      "c315",
      "c316",
      "c317",
      "c361",
      "c381",
      "c383",
      "c431",
      "c502",
      "c503",
      "c507",
      "c514",
      "c520",
      "c524",
      "c543",
      "c557",
      "c577",
      "c595",
      "c600",
      "c619",
      "c627",
      "c686",
      "c755",
      "c775",
      "c776",
      "c791",
      "c801",
      "c839",
      "c893",
      "c005",
      "c015",
      "c041",
      "c095",
      "c129",
      "c158",
      "c175",
      "c205",
      "c230",
      "c240",
      "c241",
      "c251",
      "c252",
      "c272",
      "c281",
      "c302",
      "c341",
      "c351",
      "c353",
      "c391",
      "c406",
      "c421",
      "c430",
      "c433",
      "c446",
      "c456",
      "c468",
      "c469",
      "c526",
      "c537",
      "c572",
      "c584",
      "c650",
      "c666",
      "c685",
      "c746",
      "c783",
      "c787",
      "c809",
      "c810",
      "c821",
      "c849",
      "c891",
      "c009",
      "c012",
      "c053",
      "c083",
      "c132",
      "c171",
      "c183",
      "c189",
      "c200",
      "c203",
      "c217",
      "c219",
      "c280",
      "c334",
      "c378",
      "c392",
      "c401",
      "c413",
      "c445",
      "c498",
      "c510",
      "c545",
      "c589",
      "c591",
      "c611",
      "c621",
      "c628",
      "c629",
      "c678",
      "c694",
      "c730",
      "c753",
      "c761",
      "c805",
      "c864",
      "c068",
      "c154",
      "c264",
      "c283",
      "c459",
      "c463",
      "c562",
      "c717",
      "c782",
      "c844",
      "c871",
      "c071",
      "c336",
      "c020",
      "c109",
      "c065",
      "c324",
      "c384",
      "c396",
      "c434",
      "c605",
      "c663",
      "c897",
      "c037",
      "c148",
      "c153",
      "c177",
      "c179",
      "c268",
      "c454",
      "c770",
      "c804",
      "c814",
      "c418",
      "c425",
      "c447",
      "c452",
      "c606",
      "c649",
      "c658",
      "c042",
      "c046",
      "c140",
      "c247",
      "c303",
      "c420",
      "c662",
      "c683",
      "c733",
      "c882",
      "c135",
      "c437",
      "c654",
      "c876",
      "c105",
      "c138",
      "c489",
      "c711",
      "c725",
      "c574",
      "c623",
      "c196",
      "c271",
      "c633",
      "c652",
      "c287",
      "c111",
      "c740",
      "c763",
      "c436",
      "c677",
      "c221",
      "c620",
      "c671",
      "c681",
      "c726",
      "c858",
      "c093",
      "c236",
      "c291",
      "c470",
      "c599",
      "c354",
      "c578",
      "c640",
      "c707",
      "c728",
      "c798",
      "c195",
      "c497",
      "c475",
      "c120",
      "c054",
      "c123",
      "c393",
      "c701",
      "c742",
      "c781",
      "c853",
      "c164",
      "c345",
      "c485",
      "c552",
      "c555",
      "c609",
      "c643",
      "c714",
      "c727",
      "c834",
      "c014",
      "c059",
      "c457",
      "c546",
      "c598",
      "c653",
      "c698",
      "c767",
      "c103",
      "c246",
      "c282",
      "c500",
      "c554",
      "c651",
      "c706",
      "c794",
      "c031",
      "c106",
      "c771",
      "c790",
      "c888",
      "c332",
      "c161",
      "c593",
      "c721",
      "c774",
      "c305",
      "c414",
      "c072",
      "c400",
      "c547",
      "c741",
      "c828",
      "c181",
      "c215",
      "c371",
      "c585",
      "c631",
      "c762",
      "c831",
      "c838",
      "c226",
      "c415",
      "c429",
      "c523",
      "c857",
      "c504",
      "c583",
      "c477",
      "c710",
      "c082",
      "c092",
      "c160",
      "c368",
      "c529",
      "c544",
      "c668",
      "c731",
      "c772",
      "c806",
      "c899",
      "c047",
      "c366",
      "c612",
      "c634",
      "c779",
      "c026",
      "c094",
      "c202",
      "c412",
      "c427",
      "c444",
      "c481",
      "c622",
      "c845",
      "c017",
      "c290",
      "c382",
      "c637",
      "c057",
      "c615",
      "c110",
      "c506",
      "c052",
      "c404",
      "c856",
      "c038",
      "c515",
      "c797",
      "c625",
      "c188",
      "c385",
      "c824",
      "c204",
      "c213",
      "c460",
      "c480",
      "c873",
      "c064",
      "c069",
      "c227",
      "c811",
      "c024",
      "c387",
      "c592",
      "c712",
      "c293",
      "c538",
      "c118",
      "c097",
      "c165",
      "c379",
      "c556",
      "c699",
      "c745",
      "c060",
      "c339",
      "c438",
      "c455",
      "c889",
      "c146",
      "c840",
      "c023",
      "c395",
      "c673",
      "c705",
      "c472",
      "c286",
      "c010",
      "c127",
      "c348",
      "c144",
      "c224",
      "c243",
      "c295",
      "c362",
      "c483",
      "c173",
      "c178",
      "c288",
      "c402",
      "c442",
      "c702",
      "c338",
      "c398",
      "c723",
      "c752",
      "c795",
      "c335",
      "c722",
      "c476",
      "c394",
      "c486",
      "c495",
      "c670",
      "c758",
      "c168",
      "c273",
      "c364",
      "c496",
      "c509",
      "c835",
      "c850",
      "c435",
      "c453",
      "c471",
      "c494",
      "c162",
      "c482",
      "c568",
      "c676",
      "c777",
      "c369",
      "c833",
      "c218",
      "c289",
      "c035",
      "c533",
      "c743",
      "c863",
      "c176",
      "c207",
      "c284",
      "c373",
      "c549",
      "c648",
      "c679",
      "c735",
      "c784",
      "c789",
      "c125",
      "c210",
      "c231",
      "c234",
      "c329",
      "c488",
      "c674",
      "c830",
      "c867",
      "c212",
      "c275",
      "c372",
      "c518",
      "c626",
      "c715",
      "c815",
      "c056",
      "c301",
      "c390",
      "c484",
      "c696",
      "c750",
      "c540",
      "c298",
      "c300",
      "c887",
      "c086",
      "c040",
      "c450",
      "c133",
      "c548",
      "c034",
      "c182",
      "c320",
      "c559",
      "c672",
      "c736",
      "c823",
      "c232",
      "c314",
      "c729",
      "c570",
      "c134",
      "c278",
      "c744",
      "c117",
      "c342",
      "c074",
      "c397",
      "c209",
      "c818",
      "c337",
      "c487",
      "c542",
      "c754",
      "c766",
      "c126",
      "c235",
      "c333",
      "c344",
      "c491",
      "c569",
      "c192",
      "c734",
      "c002",
      "c172",
      "c825",
      "c080",
      "c274",
      "c149",
      "c536",
      "c647",
      "c862",
      "c690",
      "c440",
      "c004",
      "c157",
      "c331",
      "c377",
      "c646",
      "c832",
      "c150",
      "c259",
      "c312",
      "c403",
      "c448",
      "c561",
      "c764",
      "c780",
      "c039",
      "c269",
      "c582",
      "c532",
      "c319",
      "c792",
      "c194",
      "c499",
      "c517",
      "c885",
      "c137",
      "c422",
      "c732",
      "c530",
      "c380",
      "c443",
      "c045",
      "c399",
      "c786",
      "c098",
      "c860",
      "c358",
      "c608",
      "c700",
      "c313",
      "c511",
      "c877",
      "c021",
      "c527",
      "c190",
      "c206",
      "c539",
      "c892",
      "c765",
      "c747",
      "c410",
      "c788",
      "c820",
      "c124",
      "c389",
      "c513",
      "c522",
      "c852",
      "c895",
      "c113",
      "c139",
      "c250",
      "c713",
      "c898",
      "c237",
      "c738",
      "c263",
      "c613",
      "c878",
      "c223",
      "c466",
      "c802",
      "c827",
      "c894",
      "c130",
      "c061",
      "c067",
      "c256",
      "c617",
      "c659",
      "c594",
      "c661",
      "c689",
      "c375",
      "c709",
      "c847",
      "c576",
      "c347",
      "c813",
      "c875",
      "c423",
      "c602",
      "c636",
      "c667",
      "c812",
      "c883",
      "c462",
      "c881",
      "c311",
      "c417",
      "c186",
      "c352",
      "c587",
      "c258",
      "c318",
      "c535",
      "c225",
      "c370",
      "c013",
      "c058",
      "c011",
      "c365",
      "c076",
      "c163",
      "c081",
      "c119",
      "c836",
      "c564",
      "c635",
      "c664",
      "c880",
      "c216",
      "c306",
      "c879",
      "c104",
      "c084",
      "c861",
      "c675",
      "c573",
      "c870",
      "c276",
      "c505",
      "c007",
      "c128",
      "c843",
      "c197",
      "c490",
      "c018",
      "c201",
      "c355",
      "c152",
      "c027",
      "c749",
      "c571",
      "c874",
      "c669",
      "c693",
      "c238",
      "c803",
      "c357",
      "c458",
      "c773",
      "c115",
      "c416",
      "c089",
      "c760",
      "c077",
      "c208",
      "c657",
      "c665",
      "c075",
      "c131",
      "c270",
      "c001",
      "c030",
      "c099",
      "c778",
      "c141",
      "c822",
      "c184",
      "c405",
      "c036",
      "c441",
      "c719",
      "c085",
      "c432",
      "c222",
      "c604",
      "c558",
      "c019",
      "c299",
      "c684",
      "c692",
      "c846",
      "c869",
      "c748",
      "c055",
      "c819",
      "c768",
      "c326",
      "c386",
      "c096",
      "c614",
      "c025",
      "c167",
      "c718",
      "c837",
      "c063",
      "c070",
      "c580",
      "c147",
      "c618",
      "c865",
      "c655",
      "c279",
      "c826",
      "c066",
      "c409",
      "c759",
      "c090",
      "c596",
      "c682",
      "c512",
      "c597",
      "c016",
      "c465",
      "c703",
      "c249",
      "c616",
      "c254",
      "c645",
      "c451",
      "c244",
      "c419",
      "c426",
      "c607",
      "c551",
      "c048",
      "c756",
      "c346",
      "c473",
      "c492",
      "c872",
      "c170",
      "c688",
      "c796",
      "c660",
      "c193",
      "c680",
      "c695",
      "c359",
      "c388",
      "c859",
      "c581",
      "c769",
      "c229",
      "c461",
      "c374",
      "c233",
      "c360",
      "c248",
      "c464",
      "c079",
      "c100",
      "c142",
      "c257",
      "c411",
      "c691",
      "c757",
      "c340",
      "c478",
      "c376",
      "c006",
      "c108",
      "c407",
      "c603",
      "c817",
      "c242",
      "c253",
      "c145",
      "c541",
      "c785",
      "c029",
      "c107",
      "c122",
      "c349",
      "c516",
      "c228",
      "c565",
      "c525",
      "c842",
      "c102",
      "c630",
      "c638",
      "c309",
      "c642",
      "c121",
      "c641",
      "c697",
      "c884",
      "c091",
      "c350",
      "c255",
      "c586",
      "c808",
      "c896",
      "c008",
      "c519",
      "c868",
      "c563",
      "c807",
      "c704"
    ]
  },
  "ordered_queues": {
    "edge-1": [
      "c022",
      "c033",
      "c051",
      "c322",
      "c343",
      "c408",
      "c501",
      "c531",
      "c841",
      "c848"
    ],
    "edge-2": [
      "c044",
      "c078",
      "c136",
      "c328",
      "c330",
      "c367",
      "c579",
      "c890"
    ],
    "edge-3": [
      "c032",
      "c116",
      "c156",
      "c159",
      "c169",
      "c185",
      "c296",
      "c363",
      "c739",
      "c816"
    ],
    "edge-4": [
      "c028",
      "c043",
      "c088",
      "c174",
      "c180",
      "c321",
      "c553",
      "c851",
      "c855"
    ],
    "edge-5": [
      "c143",
      "c588",
      "c590",
      "c624",
      "c644",
      "c708",
      "c737",
      "c799",
      "c800",
      "c829"
    ],
    "edge-6": [
      "c428",
      "c449",
      "c493",
      "c508",
      "c528",
      "c601",
      "c656",
      "c716",
      "c724"
    ],
    "edge-7": [
      "c187",
      "c199",
      "c214",
      "c220",
      "c262",
      "c285",
      "c327",
      "c356",
      "c424",
      "c534"
    ],
    "edge-8": [
      "c003",
      "c049",
      "c155",
      "c239",
      "c261",
      "c265",
      "c266",
      "c323",
      "c325",
      "c467",
      "c479",
      "c567"
    ]
  }
}
================================================================================
[RUN][K8s-CA] drtp_img88_cacheonly_512mb_1000.json
{
  "summary": {
    "algo": "FG-DSCR-GC-K8sCA",
    "num_containers": 1000,
    "num_scheduled_containers": 78,
    "num_nodes": 8,
    "failed_deployments": 922,
    "ca_penalty": 922.0,
    "ca_downloaded_mb": 435887,
    "ACT": 163.37932692307692,
    "AMS": 289.4895833333333,
    "downloaded_mb": 70274,
    "reused_mb": 9520,
    "reuse_rate": 0.11930721608140964,
    "objective_without_ca_penalty": 226.43445512820512,
    "objective": 1148.4344551282052
  },
  "assignment": {
    "edge-1": [
      "c848",
      "c032",
      "c033",
      "c044",
      "c262",
      "c716",
      "c739",
      "c428",
      "c261",
      "c143"
    ],
    "edge-2": [
      "c156",
      "c169",
      "c567",
      "c579",
      "c800",
      "c328",
      "c330",
      "c367"
    ],
    "edge-3": [
      "c159",
      "c185",
      "c187",
      "c199",
      "c214",
      "c534",
      "c322",
      "c501",
      "c174",
      "c656"
    ],
    "edge-4": [
      "c851",
      "c855",
      "c028",
      "c043",
      "c088",
      "c180",
      "c321",
      "c116",
      "c363"
    ],
    "edge-5": [
      "c239",
      "c265",
      "c266",
      "c323",
      "c325",
      "c408",
      "c467",
      "c550",
      "c799",
      "c890",
      "c943",
      "c479"
    ],
    "edge-6": [
      "c449",
      "c508",
      "c528",
      "c601",
      "c724",
      "c051",
      "c553",
      "c296",
      "c816"
    ],
    "edge-7": [
      "c531",
      "c588",
      "c590",
      "c624",
      "c644",
      "c708",
      "c737",
      "c829",
      "c343",
      "c493"
    ],
    "edge-8": [
      "c841",
      "c944",
      "c961",
      "c965",
      "c003",
      "c022",
      "c049",
      "c078",
      "c136",
      "c155"
    ],
    "__CA_GUARANTEE__": [
      "c220",
      "c285",
      "c327",
      "c356",
      "c424",
      "c439",
      "c474",
      "c521",
      "c560",
      "c566",
      "c575",
      "c610",
      "c632",
      "c639",
      "c687",
      "c720",
      "c751",
      "c793",
      "c854",
      "c866",
      "c886",
      "c900",
      "c939",
      "c050",
      "c062",
      "c073",
      "c087",
      "c101",
      "c112",
      "c114",
      "c151",
      "c166",
      "c191",
      "c198",
      "c211",
      "c245",
      "c260",
      "c267",
      "c277",
      "c292",
      "c294",
      "c297",
      "c304",
      "c307",
      "c308",
      "c310",
      "c315",
      "c316",
      "c317",
      "c361",
      "c381",
      "c383",
      "c431",
      "c502",
      "c503",
      "c507",
      "c514",
      "c520",
      "c524",
      "c543",
      "c557",
      "c577",
      "c595",
      "c600",
      "c619",
      "c627",
      "c686",
      "c755",
      "c775",
      "c776",
      "c791",
      "c801",
      "c839",
      "c893",
      "c909",
      "c938",
      "c941",
      "c977",
      "c1000",
      "c005",
      "c015",
      "c041",
      "c095",
      "c129",
      "c158",
      "c175",
      "c205",
      "c230",
      "c240",
      "c241",
      "c251",
      "c252",
      "c272",
      "c281",
      "c302",
      "c341",
      "c351",
      "c353",
      "c391",
      "c406",
      "c421",
      "c430",
      "c433",
      "c446",
      "c456",
      "c468",
      "c469",
      "c526",
      "c537",
      "c572",
      "c584",
      "c650",
      "c666",
      "c685",
      "c746",
      "c783",
      "c787",
      "c809",
      "c810",
      "c821",
      "c849",
      "c891",
      "c926",
      "c934",
      "c975",
      "c997",
      "c009",
      "c012",
      "c053",
      "c083",
      "c132",
      "c171",
      "c183",
      "c189",
      "c200",
      "c203",
      "c217",
      "c219",
      "c280",
      "c334",
      "c378",
      "c392",
      "c401",
      "c413",
      "c445",
      "c498",
      "c510",
      "c545",
      "c589",
      "c591",
      "c611",
      "c621",
      "c628",
      "c629",
      "c678",
      "c694",
      "c730",
      "c753",
      "c761",
      "c805",
      "c864",
      "c927",
      "c949",
      "c966",
      "c969",
      "c971",
      "c992",
      "c068",
      "c154",
      "c264",
      "c283",
      "c459",
      "c463",
      "c562",
      "c717",
      "c782",
      "c844",
      "c871",
      "c930",
      "c959",
      "c984",
      "c995",
      "c999",
      "c071",
      "c336",
      "c981",
      "c020",
      "c109",
      "c065",
      "c324",
      "c384",
      "c396",
      "c434",
      "c605",
      "c663",
      "c897",
      "c037",
      "c148",
      "c153",
      "c177",
      "c179",
      "c268",
      "c454",
      "c770",
      "c804",
      "c814",
      "c933",
      "c418",
      "c425",
      "c447",
      "c452",
      "c606",
      "c649",
      "c658",
      "c042",
      "c046",
      "c140",
      "c247",
      "c303",
      "c420",
      "c662",
      "c683",
      "c733",
      "c882",
      "c991",
      "c135",
      "c437",
      "c654",
      "c876",
      "c996",
      "c105",
      "c138",
      "c489",
      "c711",
      "c725",
      "c574",
      "c623",
      "c196",
      "c271",
      "c633",
      "c652",
      "c917",
      "c989",
      "c287",
      "c111",
      "c740",
      "c763",
      "c912",
      "c436",
      "c677",
      "c908",
      "c221",
      "c620",
      "c671",
      "c681",
      "c726",
      "c858",
      "c937",
      "c093",
      "c236",
      "c291",
      "c470",
      "c599",
      "c354",
      "c578",
      "c640",
      "c707",
      "c728",
      "c798",
      "c951",
      "c195",
      "c497",
      "c924",
      "c475",
      "c994",
      "c120",
      "c054",
      "c123",
      "c393",
      "c701",
      "c742",
      "c781",
      "c853",
      "c164",
      "c345",
      "c485",
      "c552",
      "c555",
      "c609",
      "c643",
      "c714",
      "c727",
      "c834",
      "c929",
      "c014",
      "c059",
      "c457",
      "c546",
      "c598",
      "c653",
      "c698",
      "c767",
      "c940",
      "c103",
      "c246",
      "c282",
      "c500",
      "c554",
      "c651",
      "c706",
      "c794",
      "c942",
      "c031",
      "c106",
      "c771",
      "c790",
      "c888",
      "c332",
      "c161",
      "c925",
      "c593",
      "c721",
      "c774",
      "c901",
      "c305",
      "c414",
      "c983",
      "c072",
      "c400",
      "c547",
      "c741",
      "c828",
      "c950",
      "c181",
      "c215",
      "c371",
      "c585",
      "c631",
      "c762",
      "c831",
      "c838",
      "c915",
      "c970",
      "c226",
      "c415",
      "c429",
      "c523",
      "c857",
      "c988",
      "c504",
      "c583",
      "c477",
      "c710",
      "c082",
      "c092",
      "c160",
      "c368",
      "c529",
      "c544",
      "c668",
      "c731",
      "c772",
      "c806",
      "c899",
      "c986",
      "c047",
      "c366",
      "c612",
      "c634",
      "c779",
      "c905",
      "c026",
      "c094",
      "c202",
      "c412",
      "c427",
      "c444",
      "c481",
      "c622",
      "c845",
      "c017",
      "c290",
      "c382",
      "c637",
      "c904",
      "c952",
      "c979",
      "c057",
      "c615",
      "c110",
      "c506",
      "c052",
      "c404",
      "c856",
      "c038",
      "c515",
      "c797",
      "c625",
      "c188",
      "c385",
      "c824",
      "c204",
      "c213",
      "c460",
      "c480",
      "c873",
      "c064",
      "c069",
      "c227",
      "c811",
      "c024",
      "c387",
      "c592",
      "c712",
      "c293",
      "c538",
      "c118",
      "c097",
      "c165",
      "c379",
      "c556",
      "c699",
      "c745",
      "c060",
      "c339",
      "c438",
      "c455",
      "c889",
      "c920",
      "c146",
      "c840",
      "c964",
      "c972",
      "c023",
      "c395",
      "c673",
      "c705",
      "c472",
      "c286",
      "c010",
      "c127",
      "c348",
      "c913",
      "c144",
      "c224",
      "c243",
      "c295",
      "c362",
      "c483",
      "c173",
      "c178",
      "c288",
      "c402",
      "c442",
      "c702",
      "c338",
      "c398",
      "c723",
      "c752",
      "c795",
      "c935",
      "c335",
      "c722",
      "c476",
      "c902",
      "c394",
      "c486",
      "c495",
      "c670",
      "c758",
      "c168",
      "c273",
      "c364",
      "c496",
      "c509",
      "c835",
      "c850",
      "c907",
      "c985",
      "c435",
      "c453",
      "c471",
      "c494",
      "c936",
      "c958",
      "c162",
      "c482",
      "c568",
      "c676",
      "c777",
      "c369",
      "c833",
      "c218",
      "c289",
      "c035",
      "c533",
      "c743",
      "c863",
      "c176",
      "c207",
      "c284",
      "c373",
      "c549",
      "c648",
      "c679",
      "c735",
      "c784",
      "c789",
      "c993",
      "c125",
      "c210",
      "c231",
      "c234",
      "c329",
      "c488",
      "c674",
      "c830",
      "c867",
      "c923",
      "c212",
      "c275",
      "c372",
      "c518",
      "c626",
      "c715",
      "c815",
      "c056",
      "c301",
      "c390",
      "c484",
      "c696",
      "c750",
      "c973",
      "c540",
      "c906",
      "c976",
      "c298",
      "c300",
      "c887",
      "c086",
      "c040",
      "c450",
      "c133",
      "c548",
      "c034",
      "c182",
      "c320",
      "c559",
      "c672",
      "c736",
      "c823",
      "c919",
      "c232",
      "c314",
      "c729",
      "c918",
      "c570",
      "c134",
      "c278",
      "c744",
      "c117",
      "c342",
      "c074",
      "c397",
      "c916",
      "c209",
      "c818",
      "c945",
      "c337",
      "c487",
      "c542",
      "c754",
      "c766",
      "c126",
      "c235",
      "c333",
      "c344",
      "c491",
      "c569",
      "c192",
      "c948",
      "c734",
      "c002",
      "c172",
      "c825",
      "c080",
      "c274",
      "c149",
      "c536",
      "c647",
      "c862",
      "c690",
      "c440",
      "c004",
      "c157",
      "c331",
      "c377",
      "c646",
      "c832",
      "c150",
      "c259",
      "c312",
      "c403",
      "c448",
      "c561",
      "c764",
      "c780",
      "c039",
      "c269",
      "c582",
      "c532",
      "c319",
      "c792",
      "c194",
      "c499",
      "c517",
      "c885",
      "c137",
      "c422",
      "c732",
      "c530",
      "c380",
      "c443",
      "c045",
      "c399",
      "c786",
      "c098",
      "c860",
      "c358",
      "c608",
      "c700",
      "c313",
      "c511",
      "c877",
      "c021",
      "c527",
      "c998",
      "c190",
      "c206",
      "c539",
      "c892",
      "c765",
      "c747",
      "c410",
      "c788",
      "c820",
      "c124",
      "c389",
      "c513",
      "c522",
      "c852",
      "c895",
      "c953",
      "c113",
      "c139",
      "c250",
      "c713",
      "c898",
      "c237",
      "c738",
      "c263",
      "c613",
      "c878",
      "c931",
      "c223",
      "c466",
      "c802",
      "c827",
      "c894",
      "c130",
      "c061",
      "c067",
      "c256",
      "c617",
      "c659",
      "c932",
      "c978",
      "c594",
      "c661",
      "c689",
      "c375",
      "c914",
      "c709",
      "c847",
      "c576",
      "c347",
      "c813",
      "c875",
      "c423",
      "c602",
      "c636",
      "c667",
      "c812",
      "c883",
      "c462",
      "c881",
      "c311",
      "c417",
      "c186",
      "c352",
      "c587",
      "c258",
      "c318",
      "c535",
      "c225",
      "c370",
      "c013",
      "c058",
      "c011",
      "c365",
      "c922",
      "c076",
      "c163",
      "c081",
      "c119",
      "c836",
      "c564",
      "c635",
      "c664",
      "c880",
      "c216",
      "c982",
      "c306",
      "c879",
      "c104",
      "c084",
      "c861",
      "c675",
      "c573",
      "c870",
      "c276",
      "c967",
      "c505",
      "c007",
      "c128",
      "c843",
      "c197",
      "c490",
      "c018",
      "c201",
      "c954",
      "c355",
      "c152",
      "c027",
      "c749",
      "c571",
      "c874",
      "c669",
      "c693",
      "c911",
      "c238",
      "c803",
      "c357",
      "c458",
      "c773",
      "c903",
      "c115",
      "c416",
      "c089",
      "c760",
      "c077",
      "c208",
      "c657",
      "c665",
      "c075",
      "c131",
      "c270",
      "c001",
      "c030",
      "c099",
      "c778",
      "c141",
      "c963",
      "c822",
      "c990",
      "c184",
      "c405",
      "c036",
      "c441",
      "c719",
      "c085",
      "c432",
      "c222",
      "c604",
      "c558",
      "c019",
      "c299",
      "c684",
      "c692",
      "c846",
      "c869",
      "c748",
      "c055",
      "c819",
      "c768",
      "c326",
      "c386",
      "c096",
      "c614",
      "c025",
      "c167",
      "c718",
      "c837",
      "c063",
      "c070",
      "c580",
      "c147",
      "c618",
      "c865",
      "c655",
      "c279",
      "c826",
      "c066",
      "c409",
      "c759",
      "c090",
      "c596",
      "c682",
      "c512",
      "c597",
      "c016",
      "c465",
      "c703",
      "c249",
      "c616",
      "c254",
      "c645",
      "c451",
      "c244",
      "c419",
      "c426",
      "c607",
      "c921",
      "c551",
      "c048",
      "c756",
      "c346",
      "c473",
      "c492",
      "c956",
      "c872",
      "c170",
      "c688",
      "c796",
      "c660",
      "c968",
      "c974",
      "c193",
      "c680",
      "c695",
      "c359",
      "c388",
      "c859",
      "c947",
      "c581",
      "c769",
      "c229",
      "c461",
      "c374",
      "c233",
      "c360",
      "c248",
      "c464",
      "c960",
      "c079",
      "c100",
      "c980",
      "c910",
      "c962",
      "c142",
      "c257",
      "c411",
      "c691",
      "c757",
      "c340",
      "c478",
      "c376",
      "c006",
      "c108",
      "c407",
      "c603",
      "c817",
      "c242",
      "c253",
      "c145",
      "c541",
      "c785",
      "c029",
      "c107",
      "c122",
      "c349",
      "c516",
      "c946",
      "c228",
      "c565",
      "c928",
      "c525",
      "c842",
      "c102",
      "c630",
      "c987",
      "c638",
      "c309",
      "c642",
      "c121",
      "c641",
      "c697",
      "c884",
      "c955",
      "c091",
      "c350",
      "c255",
      "c957",
      "c586",
      "c808",
      "c896",
      "c008",
      "c519",
      "c868",
      "c563",
      "c807",
      "c704"
    ]
  },
  "ordered_queues": {
    "edge-1": [
      "c032",
      "c033",
      "c044",
      "c143",
      "c261",
      "c262",
      "c428",
      "c716",
      "c739",
      "c848"
    ],
    "edge-2": [
      "c156",
      "c169",
      "c328",
      "c330",
      "c367",
      "c567",
      "c579",
      "c800"
    ],
    "edge-3": [
      "c159",
      "c174",
      "c185",
      "c187",
      "c199",
      "c214",
      "c322",
      "c501",
      "c534",
      "c656"
    ],
    "edge-4": [
      "c028",
      "c043",
      "c088",
      "c116",
      "c180",
      "c321",
      "c363",
      "c851",
      "c855"
    ],
    "edge-5": [
      "c239",
      "c265",
      "c266",
      "c323",
      "c325",
      "c408",
      "c467",
      "c479",
      "c550",
      "c799",
      "c890",
      "c943"
    ],
    "edge-6": [
      "c051",
      "c296",
      "c449",
      "c508",
      "c528",
      "c553",
      "c601",
      "c724",
      "c816"
    ],
    "edge-7": [
      "c343",
      "c493",
      "c531",
      "c588",
      "c590",
      "c624",
      "c644",
      "c708",
      "c737",
      "c829"
    ],
    "edge-8": [
      "c003",
      "c022",
      "c049",
      "c078",
      "c136",
      "c155",
      "c841",
      "c944",
      "c961",
      "c965"
    ]
  }
}
================================================================================
[RUN][K8s-CA] drtp_img88_cacheonly_512mb_200.json
{
  "summary": {
    "algo": "FG-DSCR-GC-K8sCA",
    "num_containers": 200,
    "num_scheduled_containers": 91,
    "num_nodes": 8,
    "failed_deployments": 109,
    "ca_penalty": 545.0,
    "ca_downloaded_mb": 30648,
    "ACT": 172.6103021978022,
    "AMS": 303.72343749999993,
    "downloaded_mb": 64822,
    "reused_mb": 13338,
    "reuse_rate": 0.17064994882292733,
    "objective_without_ca_penalty": 238.16686984890106,
    "objective": 783.1668698489011
  },
  "assignment": {
    "edge-1": [
      "c117",
      "c051",
      "c052",
      "c060",
      "c119",
      "c176",
      "c188",
      "c003",
      "c155",
      "c053",
      "c072",
      "c121",
      "c115",
      "c129",
      "c157"
    ],
    "edge-2": [
      "c004",
      "c030",
      "c170",
      "c122",
      "c006",
      "c010",
      "c128",
      "c173",
      "c086",
      "c078"
    ],
    "edge-3": [
      "c034",
      "c178",
      "c147",
      "c144",
      "c182",
      "c196",
      "c027",
      "c025",
      "c058",
      "c061",
      "c067",
      "c071"
    ],
    "edge-4": [
      "c160",
      "c165",
      "c199",
      "c016",
      "c017",
      "c047",
      "c082",
      "c098",
      "c019",
      "c198",
      "c074"
    ],
    "edge-5": [
      "c126",
      "c007",
      "c134",
      "c105",
      "c190",
      "c089"
    ],
    "edge-6": [
      "c123",
      "c142",
      "c168",
      "c012",
      "c029",
      "c036",
      "c057",
      "c079",
      "c093",
      "c049",
      "c172",
      "c166"
    ],
    "edge-7": [
      "c107",
      "c020",
      "c076",
      "c088",
      "c109",
      "c180",
      "c149",
      "c097",
      "c091",
      "c156",
      "c022",
      "c130",
      "c152"
    ],
    "edge-8": [
      "c095",
      "c099",
      "c106",
      "c108",
      "c111",
      "c164",
      "c002",
      "c037",
      "c063",
      "c066",
      "c069",
      "c084"
    ],
    "__CA_GUARANTEE__": [
      "c068",
      "c104",
      "c092",
      "c116",
      "c161",
      "c032",
      "c167",
      "c140",
      "c177",
      "c045",
      "c035",
      "c018",
      "c136",
      "c133",
      "c169",
      "c080",
      "c127",
      "c031",
      "c183",
      "c139",
      "c044",
      "c197",
      "c118",
      "c162",
      "c009",
      "c151",
      "c090",
      "c159",
      "c135",
      "c056",
      "c070",
      "c153",
      "c055",
      "c064",
      "c083",
      "c005",
      "c120",
      "c175",
      "c154",
      "c193",
      "c065",
      "c001",
      "c041",
      "c114",
      "c046",
      "c100",
      "c112",
      "c039",
      "c200",
      "c094",
      "c138",
      "c158",
      "c195",
      "c125",
      "c186",
      "c014",
      "c024",
      "c008",
      "c163",
      "c043",
      "c141",
      "c192",
      "c102",
      "c132",
      "c021",
      "c073",
      "c028",
      "c181",
      "c040",
      "c137",
      "c101",
      "c077",
      "c062",
      "c150",
      "c131",
      "c143",
      "c103",
      "c191",
      "c087",
      "c110",
      "c185",
      "c054",
      "c171",
      "c011",
      "c075",
      "c042",
      "c189",
      "c146",
      "c033",
      "c026",
      "c081",
      "c174",
      "c096",
      "c048",
      "c038",
      "c085",
      "c184",
      "c013",
      "c124",
      "c050",
      "c187",
      "c148",
      "c145",
      "c194",
      "c113",
      "c179",
      "c015",
      "c023",
      "c059"
    ]
  },
  "ordered_queues": {
    "edge-1": [
      "c003",
      "c051",
      "c052",
      "c053",
      "c060",
      "c072",
      "c115",
      "c117",
      "c119",
      "c121",
      "c129",
      "c155",
      "c157",
      "c176",
      "c188"
    ],
    "edge-2": [
      "c004",
      "c006",
      "c010",
      "c030",
      "c078",
      "c086",
      "c122",
      "c128",
      "c170",
      "c173"
    ],
    "edge-3": [
      "c025",
      "c027",
      "c034",
      "c058",
      "c061",
      "c067",
      "c071",
      "c144",
      "c147",
      "c178",
      "c182",
      "c196"
    ],
    "edge-4": [
      "c016",
      "c017",
      "c019",
      "c047",
      "c074",
      "c082",
      "c098",
      "c160",
      "c165",
      "c198",
      "c199"
    ],
    "edge-5": [
      "c007",
      "c105",
      "c126",
      "c134",
      "c190",
      "c089"
    ],
    "edge-6": [
      "c012",
      "c029",
      "c036",
      "c049",
      "c057",
      "c079",
      "c093",
      "c123",
      "c142",
      "c166",
      "c168",
      "c172"
    ],
    "edge-7": [
      "c020",
      "c076",
      "c088",
      "c097",
      "c107",
      "c109",
      "c149",
      "c180",
      "c022",
      "c091",
      "c130",
      "c152",
      "c156"
    ],
    "edge-8": [
      "c002",
      "c037",
      "c063",
      "c066",
      "c069",
      "c084",
      "c095",
      "c099",
      "c106",
      "c108",
      "c111",
      "c164"
    ]
  }
}
================================================================================
[RUN][K8s-CA] drtp_img88_cacheonly_512mb_300.json
{
  "summary": {
    "algo": "FG-DSCR-GC-K8sCA",
    "num_containers": 300,
    "num_scheduled_containers": 92,
    "num_nodes": 8,
    "failed_deployments": 208,
    "ca_penalty": 693.3333333333334,
    "ca_downloaded_mb": 65588,
    "ACT": 188.82667572463765,
    "AMS": 338.6411458333332,
    "downloaded_mb": 80059,
    "reused_mb": 10617,
    "reuse_rate": 0.1170872116105695,
    "objective_without_ca_penalty": 263.73391077898543,
    "objective": 957.0672441123188
  },
  "assignment": {
    "edge-1": [
      "c151",
      "c166",
      "c191",
      "c198",
      "c211",
      "c245",
      "c260",
      "c267",
      "c277",
      "c292",
      "c297",
      "c280",
      "c154"
    ],
    "edge-2": [
      "c028",
      "c043",
      "c088",
      "c022",
      "c049",
      "c272",
      "c051",
      "c009",
      "c083",
      "c116",
      "c169"
    ],
    "edge-3": [
      "c005",
      "c041",
      "c129",
      "c158",
      "c175",
      "c205",
      "c230",
      "c240",
      "c241",
      "c281",
      "c068",
      "c264",
      "c071",
      "c283"
    ],
    "edge-4": [
      "c136",
      "c155",
      "c261",
      "c265",
      "c266",
      "c032",
      "c033",
      "c044",
      "c252",
      "c012",
      "c159"
    ],
    "edge-5": [
      "c053",
      "c132",
      "c171",
      "c183",
      "c189",
      "c200",
      "c203",
      "c217",
      "c219",
      "c078",
      "c156",
      "c185"
    ],
    "edge-6": [
      "c187",
      "c199",
      "c214",
      "c251",
      "c296",
      "c143",
      "c174",
      "c180",
      "c003",
      "c239"
    ],
    "edge-7": [
      "c020",
      "c109",
      "c065",
      "c037",
      "c148",
      "c153",
      "c177",
      "c179",
      "c015",
      "c095"
    ],
    "edge-8": [
      "c220",
      "c262",
      "c285",
      "c050",
      "c062",
      "c073",
      "c087",
      "c101",
      "c112",
      "c114",
      "c294"
    ],
    "__CA_GUARANTEE__": [
      "c268",
      "c042",
      "c046",
      "c140",
      "c247",
      "c135",
      "c105",
      "c138",
      "c196",
      "c271",
      "c287",
      "c111",
      "c221",
      "c093",
      "c236",
      "c291",
      "c195",
      "c120",
      "c054",
      "c123",
      "c164",
      "c014",
      "c059",
      "c103",
      "c246",
      "c282",
      "c031",
      "c106",
      "c161",
      "c072",
      "c181",
      "c215",
      "c226",
      "c082",
      "c092",
      "c160",
      "c047",
      "c026",
      "c094",
      "c202",
      "c017",
      "c290",
      "c057",
      "c110",
      "c052",
      "c038",
      "c188",
      "c204",
      "c213",
      "c064",
      "c069",
      "c227",
      "c024",
      "c293",
      "c118",
      "c097",
      "c165",
      "c060",
      "c146",
      "c023",
      "c286",
      "c010",
      "c127",
      "c144",
      "c224",
      "c243",
      "c295",
      "c173",
      "c178",
      "c288",
      "c168",
      "c273",
      "c162",
      "c218",
      "c289",
      "c035",
      "c176",
      "c207",
      "c284",
      "c125",
      "c210",
      "c231",
      "c234",
      "c212",
      "c275",
      "c056",
      "c298",
      "c300",
      "c086",
      "c040",
      "c133",
      "c034",
      "c182",
      "c232",
      "c134",
      "c278",
      "c117",
      "c074",
      "c209",
      "c126",
      "c235",
      "c192",
      "c002",
      "c172",
      "c080",
      "c274",
      "c149",
      "c004",
      "c157",
      "c150",
      "c259",
      "c039",
      "c269",
      "c194",
      "c137",
      "c045",
      "c098",
      "c021",
      "c190",
      "c206",
      "c124",
      "c113",
      "c139",
      "c250",
      "c237",
      "c263",
      "c223",
      "c130",
      "c061",
      "c067",
      "c256",
      "c186",
      "c258",
      "c225",
      "c013",
      "c058",
      "c011",
      "c076",
      "c163",
      "c081",
      "c119",
      "c216",
      "c104",
      "c084",
      "c276",
      "c007",
      "c128",
      "c197",
      "c018",
      "c201",
      "c152",
      "c027",
      "c238",
      "c115",
      "c089",
      "c077",
      "c208",
      "c075",
      "c131",
      "c270",
      "c001",
      "c030",
      "c099",
      "c141",
      "c184",
      "c036",
      "c085",
      "c222",
      "c019",
      "c299",
      "c055",
      "c096",
      "c025",
      "c167",
      "c063",
      "c070",
      "c147",
      "c279",
      "c066",
      "c090",
      "c016",
      "c249",
      "c254",
      "c244",
      "c048",
      "c170",
      "c193",
      "c229",
      "c233",
      "c248",
      "c079",
      "c100",
      "c142",
      "c257",
      "c006",
      "c108",
      "c242",
      "c253",
      "c145",
      "c029",
      "c107",
      "c122",
      "c228",
      "c102",
      "c121",
      "c091",
      "c255",
      "c008"
    ]
  },
  "ordered_queues": {
    "edge-1": [
      "c151",
      "c154",
      "c166",
      "c191",
      "c198",
      "c211",
      "c245",
      "c260",
      "c267",
      "c277",
      "c280",
      "c292",
      "c297"
    ],
    "edge-2": [
      "c009",
      "c022",
      "c028",
      "c043",
      "c049",
      "c051",
      "c083",
      "c088",
      "c116",
      "c169",
      "c272"
    ],
    "edge-3": [
      "c005",
      "c041",
      "c068",
      "c071",
      "c129",
      "c158",
      "c175",
      "c205",
      "c230",
      "c240",
      "c241",
      "c264",
      "c281",
      "c283"
    ],
    "edge-4": [
      "c012",
      "c032",
      "c033",
      "c044",
      "c136",
      "c155",
      "c159",
      "c252",
      "c261",
      "c265",
      "c266"
    ],
    "edge-5": [
      "c053",
      "c078",
      "c132",
      "c156",
      "c171",
      "c183",
      "c185",
      "c189",
      "c200",
      "c203",
      "c217",
      "c219"
    ],
    "edge-6": [
      "c003",
      "c143",
      "c174",
      "c180",
      "c187",
      "c199",
      "c214",
      "c239",
      "c251",
      "c296"
    ],
    "edge-7": [
      "c020",
      "c037",
      "c065",
      "c109",
      "c148",
      "c153",
      "c177",
      "c179",
      "c015",
      "c095"
    ],
    "edge-8": [
      "c050",
      "c062",
      "c073",
      "c087",
      "c101",
      "c112",
      "c114",
      "c220",
      "c262",
      "c285",
      "c294"
    ]
  }
}
================================================================================
[RUN][K8s-CA] drtp_img88_cacheonly_512mb_400.json
{
  "summary": {
    "algo": "FG-DSCR-GC-K8sCA",
    "num_containers": 400,
    "num_scheduled_containers": 90,
    "num_nodes": 8,
    "failed_deployments": 310,
    "ca_penalty": 775.0,
    "ca_downloaded_mb": 117923,
    "ACT": 188.27537037037035,
    "AMS": 333.3546874999999,
    "downloaded_mb": 80918,
    "reused_mb": 11152,
    "reuse_rate": 0.12112523080265016,
    "objective_without_ca_penalty": 260.8150289351851,
    "objective": 1035.8150289351852
  },
  "assignment": {
    "edge-1": [
      "c262",
      "c356",
      "c062",
      "c073",
      "c087",
      "c101",
      "c296",
      "c028",
      "c088",
      "c043"
    ],
    "edge-2": [
      "c175",
      "c151",
      "c166",
      "c308",
      "c129",
      "c191",
      "c245",
      "c361",
      "c260"
    ],
    "edge-3": [
      "c198",
      "c211",
      "c267",
      "c277",
      "c292",
      "c294",
      "c297",
      "c143",
      "c321",
      "c169",
      "c307",
      "c285"
    ],
    "edge-4": [
      "c343",
      "c003",
      "c022",
      "c049",
      "c136",
      "c155",
      "c239",
      "c261",
      "c265",
      "c174",
      "c051"
    ],
    "edge-5": [
      "c310",
      "c315",
      "c316",
      "c317",
      "c381",
      "c383",
      "c005",
      "c015",
      "c041",
      "c095",
      "c050",
      "c220",
      "c327"
    ],
    "edge-6": [
      "c266",
      "c323",
      "c325",
      "c328",
      "c330",
      "c367",
      "c032",
      "c033",
      "c044",
      "c112",
      "c304"
    ],
    "edge-7": [
      "c158",
      "c205",
      "c230",
      "c240",
      "c241",
      "c251",
      "c252",
      "c272",
      "c281",
      "c302",
      "c341",
      "c351",
      "c078",
      "c116"
    ],
    "edge-8": [
      "c156",
      "c159",
      "c185",
      "c187",
      "c199",
      "c214",
      "c114",
      "c322",
      "c180",
      "c363"
    ],
    "__CA_GUARANTEE__": [
      "c353",
      "c391",
      "c009",
      "c012",
      "c053",
      "c083",
      "c132",
      "c171",
      "c183",
      "c189",
      "c200",
      "c203",
      "c217",
      "c219",
      "c280",
      "c334",
      "c378",
      "c392",
      "c068",
      "c154",
      "c264",
      "c283",
      "c071",
      "c336",
      "c020",
      "c109",
      "c065",
      "c324",
      "c384",
      "c396",
      "c037",
      "c148",
      "c153",
      "c177",
      "c179",
      "c268",
      "c042",
      "c046",
      "c140",
      "c247",
      "c303",
      "c135",
      "c105",
      "c138",
      "c196",
      "c271",
      "c287",
      "c111",
      "c221",
      "c093",
      "c236",
      "c291",
      "c354",
      "c195",
      "c120",
      "c054",
      "c123",
      "c393",
      "c164",
      "c345",
      "c014",
      "c059",
      "c103",
      "c246",
      "c282",
      "c031",
      "c106",
      "c332",
      "c161",
      "c305",
      "c072",
      "c400",
      "c181",
      "c215",
      "c371",
      "c226",
      "c082",
      "c092",
      "c160",
      "c368",
      "c047",
      "c366",
      "c026",
      "c094",
      "c202",
      "c017",
      "c290",
      "c382",
      "c057",
      "c110",
      "c052",
      "c038",
      "c188",
      "c385",
      "c204",
      "c213",
      "c064",
      "c069",
      "c227",
      "c024",
      "c387",
      "c293",
      "c118",
      "c097",
      "c165",
      "c379",
      "c060",
      "c339",
      "c146",
      "c023",
      "c395",
      "c286",
      "c010",
      "c127",
      "c348",
      "c144",
      "c224",
      "c243",
      "c295",
      "c362",
      "c173",
      "c178",
      "c288",
      "c338",
      "c398",
      "c335",
      "c394",
      "c168",
      "c273",
      "c364",
      "c162",
      "c369",
      "c218",
      "c289",
      "c035",
      "c176",
      "c207",
      "c284",
      "c373",
      "c125",
      "c210",
      "c231",
      "c234",
      "c329",
      "c212",
      "c275",
      "c372",
      "c056",
      "c301",
      "c390",
      "c298",
      "c300",
      "c086",
      "c040",
      "c133",
      "c034",
      "c182",
      "c320",
      "c232",
      "c314",
      "c134",
      "c278",
      "c117",
      "c342",
      "c074",
      "c397",
      "c209",
      "c337",
      "c126",
      "c235",
      "c333",
      "c344",
      "c192",
      "c002",
      "c172",
      "c080",
      "c274",
      "c149",
      "c004",
      "c157",
      "c331",
      "c377",
      "c150",
      "c259",
      "c312",
      "c039",
      "c269",
      "c319",
      "c194",
      "c137",
      "c380",
      "c045",
      "c399",
      "c098",
      "c358",
      "c313",
      "c021",
      "c190",
      "c206",
      "c124",
      "c389",
      "c113",
      "c139",
      "c250",
      "c237",
      "c263",
      "c223",
      "c130",
      "c061",
      "c067",
      "c256",
      "c375",
      "c347",
      "c311",
      "c186",
      "c352",
      "c258",
      "c318",
      "c225",
      "c370",
      "c013",
      "c058",
      "c011",
      "c365",
      "c076",
      "c163",
      "c081",
      "c119",
      "c216",
      "c306",
      "c104",
      "c084",
      "c276",
      "c007",
      "c128",
      "c197",
      "c018",
      "c201",
      "c355",
      "c152",
      "c027",
      "c238",
      "c357",
      "c115",
      "c089",
      "c077",
      "c208",
      "c075",
      "c131",
      "c270",
      "c001",
      "c030",
      "c099",
      "c141",
      "c184",
      "c036",
      "c085",
      "c222",
      "c019",
      "c299",
      "c055",
      "c326",
      "c386",
      "c096",
      "c025",
      "c167",
      "c063",
      "c070",
      "c147",
      "c279",
      "c066",
      "c090",
      "c016",
      "c249",
      "c254",
      "c244",
      "c048",
      "c346",
      "c170",
      "c193",
      "c359",
      "c388",
      "c229",
      "c374",
      "c233",
      "c360",
      "c248",
      "c079",
      "c100",
      "c142",
      "c257",
      "c340",
      "c376",
      "c006",
      "c108",
      "c242",
      "c253",
      "c145",
      "c029",
      "c107",
      "c122",
      "c349",
      "c228",
      "c102",
      "c309",
      "c121",
      "c091",
      "c350",
      "c255",
      "c008"
    ]
  },
  "ordered_queues": {
    "edge-1": [
      "c028",
      "c043",
      "c062",
      "c073",
      "c087",
      "c088",
      "c101",
      "c262",
      "c296",
      "c356"
    ],
    "edge-2": [
      "c129",
      "c151",
      "c166",
      "c175",
      "c191",
      "c245",
      "c260",
      "c308",
      "c361"
    ],
    "edge-3": [
      "c143",
      "c169",
      "c198",
      "c211",
      "c267",
      "c277",
      "c285",
      "c292",
      "c294",
      "c297",
      "c307",
      "c321"
    ],
    "edge-4": [
      "c003",
      "c022",
      "c049",
      "c051",
      "c136",
      "c155",
      "c174",
      "c239",
      "c261",
      "c265",
      "c343"
    ],
    "edge-5": [
      "c005",
      "c015",
      "c041",
      "c050",
      "c095",
      "c220",
      "c310",
      "c315",
      "c316",
      "c317",
      "c327",
      "c381",
      "c383"
    ],
    "edge-6": [
      "c032",
      "c033",
      "c044",
      "c112",
      "c266",
      "c304",
      "c323",
      "c325",
      "c328",
      "c330",
      "c367"
    ],
    "edge-7": [
      "c078",
      "c116",
      "c158",
      "c205",
      "c230",
      "c240",
      "c241",
      "c251",
      "c252",
      "c272",
      "c281",
      "c302",
      "c341",
      "c351"
    ],
    "edge-8": [
      "c114",
      "c156",
      "c159",
      "c180",
      "c185",
      "c187",
      "c199",
      "c214",
      "c322",
      "c363"
    ]
  }
}
================================================================================
[RUN][K8s-CA] drtp_img88_cacheonly_512mb_500.json
{
  "summary": {
    "algo": "FG-DSCR-GC-K8sCA",
    "num_containers": 500,
    "num_scheduled_containers": 81,
    "num_nodes": 8,
    "failed_deployments": 419,
    "ca_penalty": 838.0,
    "ca_downloaded_mb": 186708,
    "ACT": 171.18055555555554,
    "AMS": 300.07135416666665,
    "downloaded_mb": 72935,
    "reused_mb": 9928,
    "reuse_rate": 0.11981222017064311,
    "objective_without_ca_penalty": 235.6259548611111,
    "objective": 1073.625954861111
  },
  "assignment": {
    "edge-1": [
      "c197",
      "c224",
      "c226",
      "c262",
      "c280",
      "c282",
      "c287",
      "c296",
      "c387",
      "c146",
      "c453",
      "c461"
    ],
    "edge-2": [
      "c078",
      "c270",
      "c041",
      "c090",
      "c173",
      "c186",
      "c273",
      "c020",
      "c265"
    ],
    "edge-3": [
      "c305",
      "c315",
      "c319",
      "c329",
      "c339",
      "c369",
      "c421",
      "c274",
      "c441",
      "c443",
      "c122",
      "c245"
    ],
    "edge-4": [
      "c292",
      "c354",
      "c363",
      "c370",
      "c021",
      "c043",
      "c055",
      "c312",
      "c113"
    ],
    "edge-5": [
      "c103",
      "c106",
      "c157",
      "c179",
      "c170",
      "c063",
      "c256",
      "c136",
      "c193",
      "c344"
    ],
    "edge-6": [
      "c235",
      "c207",
      "c302",
      "c087",
      "c242",
      "c062",
      "c093",
      "c165",
      "c357"
    ],
    "edge-7": [
      "c108",
      "c121",
      "c147",
      "c181",
      "c185",
      "c196",
      "c311",
      "c019",
      "c303",
      "c142"
    ],
    "edge-8": [
      "c331",
      "c345",
      "c349",
      "c385",
      "c493",
      "c500",
      "c002",
      "c003",
      "c015",
      "c067"
    ],
    "__CA_GUARANTEE__": [
      "c160",
      "c210",
      "c215",
      "c227",
      "c248",
      "c308",
      "c309",
      "c353",
      "c359",
      "c386",
      "c437",
      "c460",
      "c491",
      "c027",
      "c030",
      "c035",
      "c036",
      "c047",
      "c056",
      "c099",
      "c112",
      "c115",
      "c119",
      "c123",
      "c127",
      "c134",
      "c171",
      "c194",
      "c206",
      "c251",
      "c253",
      "c263",
      "c279",
      "c290",
      "c340",
      "c348",
      "c356",
      "c362",
      "c381",
      "c464",
      "c467",
      "c478",
      "c494",
      "c028",
      "c060",
      "c064",
      "c077",
      "c086",
      "c109",
      "c128",
      "c288",
      "c298",
      "c343",
      "c398",
      "c404",
      "c426",
      "c436",
      "c449",
      "c459",
      "c481",
      "c486",
      "c487",
      "c496",
      "c029",
      "c116",
      "c177",
      "c384",
      "c411",
      "c415",
      "c278",
      "c155",
      "c203",
      "c004",
      "c066",
      "c102",
      "c182",
      "c188",
      "c234",
      "c352",
      "c475",
      "c216",
      "c255",
      "c405",
      "c455",
      "c472",
      "c065",
      "c373",
      "c438",
      "c148",
      "c223",
      "c337",
      "c168",
      "c439",
      "c022",
      "c335",
      "c088",
      "c184",
      "c053",
      "c125",
      "c316",
      "c365",
      "c144",
      "c198",
      "c264",
      "c427",
      "c446",
      "c499",
      "c009",
      "c026",
      "c050",
      "c471",
      "c272",
      "c321",
      "c425",
      "c094",
      "c070",
      "c101",
      "c230",
      "c419",
      "c045",
      "c068",
      "c071",
      "c145",
      "c237",
      "c258",
      "c332",
      "c454",
      "c169",
      "c289",
      "c346",
      "c451",
      "c024",
      "c222",
      "c450",
      "c061",
      "c132",
      "c138",
      "c001",
      "c039",
      "c080",
      "c166",
      "c195",
      "c307",
      "c483",
      "c058",
      "c073",
      "c236",
      "c243",
      "c326",
      "c379",
      "c214",
      "c360",
      "c025",
      "c240",
      "c250",
      "c406",
      "c217",
      "c323",
      "c336",
      "c069",
      "c172",
      "c187",
      "c276",
      "c371",
      "c082",
      "c212",
      "c327",
      "c333",
      "c417",
      "c468",
      "c013",
      "c114",
      "c218",
      "c444",
      "c355",
      "c178",
      "c176",
      "c257",
      "c442",
      "c037",
      "c095",
      "c098",
      "c313",
      "c351",
      "c414",
      "c075",
      "c105",
      "c111",
      "c140",
      "c152",
      "c163",
      "c416",
      "c129",
      "c429",
      "c410",
      "c042",
      "c151",
      "c283",
      "c466",
      "c005",
      "c275",
      "c492",
      "c424",
      "c167",
      "c301",
      "c358",
      "c418",
      "c084",
      "c107",
      "c423",
      "c400",
      "c191",
      "c092",
      "c120",
      "c401",
      "c420",
      "c470",
      "c281",
      "c350",
      "c318",
      "c383",
      "c018",
      "c137",
      "c286",
      "c489",
      "c135",
      "c164",
      "c208",
      "c347",
      "c007",
      "c081",
      "c085",
      "c322",
      "c477",
      "c051",
      "c342",
      "c364",
      "c083",
      "c397",
      "c117",
      "c300",
      "c008",
      "c158",
      "c338",
      "c038",
      "c139",
      "c325",
      "c395",
      "c213",
      "c291",
      "c046",
      "c374",
      "c391",
      "c124",
      "c382",
      "c052",
      "c341",
      "c033",
      "c247",
      "c016",
      "c199",
      "c480",
      "c209",
      "c408",
      "c089",
      "c231",
      "c183",
      "c202",
      "c320",
      "c403",
      "c409",
      "c465",
      "c232",
      "c268",
      "c328",
      "c091",
      "c219",
      "c314",
      "c476",
      "c076",
      "c225",
      "c014",
      "c180",
      "c059",
      "c277",
      "c388",
      "c469",
      "c252",
      "c074",
      "c220",
      "c048",
      "c057",
      "c372",
      "c295",
      "c392",
      "c130",
      "c259",
      "c010",
      "c297",
      "c175",
      "c299",
      "c079",
      "c428",
      "c306",
      "c269",
      "c211",
      "c006",
      "c457",
      "c304",
      "c482",
      "c378",
      "c031",
      "c153",
      "c485",
      "c034",
      "c271",
      "c238",
      "c154",
      "c412",
      "c440",
      "c254",
      "c284",
      "c317",
      "c150",
      "c190",
      "c239",
      "c462",
      "c156",
      "c433",
      "c189",
      "c495",
      "c376",
      "c233",
      "c100",
      "c324",
      "c334",
      "c361",
      "c445",
      "c118",
      "c497",
      "c054",
      "c463",
      "c141",
      "c149",
      "c221",
      "c260",
      "c131",
      "c266",
      "c396",
      "c422",
      "c011",
      "c389",
      "c484",
      "c023",
      "c110",
      "c456",
      "c488",
      "c044",
      "c498",
      "c161",
      "c377",
      "c393",
      "c310",
      "c040",
      "c448",
      "c452",
      "c380",
      "c159",
      "c458",
      "c012",
      "c228",
      "c072",
      "c285",
      "c368",
      "c447",
      "c431",
      "c402",
      "c435",
      "c293",
      "c407",
      "c294",
      "c399",
      "c267",
      "c249",
      "c017",
      "c201",
      "c490",
      "c104",
      "c096",
      "c143",
      "c205",
      "c204",
      "c200",
      "c229",
      "c049",
      "c162",
      "c244",
      "c473",
      "c174",
      "c434",
      "c394",
      "c192",
      "c330",
      "c375",
      "c261",
      "c474",
      "c133",
      "c430",
      "c413",
      "c432",
      "c366",
      "c246",
      "c126",
      "c479",
      "c367",
      "c032",
      "c241",
      "c390",
      "c097"
    ]
  },
  "ordered_queues": {
    "edge-1": [
      "c146",
      "c197",
      "c224",
      "c226",
      "c262",
      "c280",
      "c282",
      "c287",
      "c296",
      "c387",
      "c453",
      "c461"
    ],
    "edge-2": [
      "c020",
      "c041",
      "c078",
      "c090",
      "c173",
      "c186",
      "c265",
      "c270",
      "c273"
    ],
    "edge-3": [
      "c122",
      "c245",
      "c274",
      "c305",
      "c315",
      "c319",
      "c329",
      "c339",
      "c369",
      "c421",
      "c441",
      "c443"
    ],
    "edge-4": [
      "c021",
      "c043",
      "c055",
      "c113",
      "c292",
      "c312",
      "c354",
      "c363",
      "c370"
    ],
    "edge-5": [
      "c063",
      "c103",
      "c106",
      "c136",
      "c157",
      "c170",
      "c179",
      "c193",
      "c256",
      "c344"
    ],
    "edge-6": [
      "c062",
      "c087",
      "c093",
      "c165",
      "c207",
      "c235",
      "c242",
      "c302",
      "c357"
    ],
    "edge-7": [
      "c019",
      "c108",
      "c121",
      "c142",
      "c147",
      "c181",
      "c185",
      "c196",
      "c303",
      "c311"
    ],
    "edge-8": [
      "c002",
      "c003",
      "c015",
      "c067",
      "c331",
      "c345",
      "c349",
      "c385",
      "c493",
      "c500"
    ]
  }
}
================================================================================
[RUN][K8s-CA] drtp_img88_cacheonly_512mb_600.json
{
  "summary": {
    "algo": "FG-DSCR-GC-K8sCA",
    "num_containers": 600,
    "num_scheduled_containers": 83,
    "num_nodes": 8,
    "failed_deployments": 517,
    "ca_penalty": 861.6666666666666,
    "ca_downloaded_mb": 233291,
    "ACT": 171.0140060240964,
    "AMS": 307.3812499999999,
    "downloaded_mb": 74709,
    "reused_mb": 10200,
    "reuse_rate": 0.1201286082747412,
    "objective_without_ca_penalty": 239.19762801204814,
    "objective": 1100.8642946787147
  },
  "assignment": {
    "edge-1": [
      "c579",
      "c588",
      "c590",
      "c032",
      "c051",
      "c116",
      "c156",
      "c159",
      "c304",
      "c169",
      "c199"
    ],
    "edge-2": [
      "c296",
      "c363",
      "c428",
      "c553",
      "c028",
      "c043",
      "c088",
      "c143",
      "c174"
    ],
    "edge-3": [
      "c474",
      "c521",
      "c534",
      "c550",
      "c560",
      "c566",
      "c575",
      "c050",
      "c292",
      "c328",
      "c330"
    ],
    "edge-4": [
      "c062",
      "c101",
      "c073",
      "c087",
      "c112",
      "c424",
      "c439",
      "c033",
      "c214"
    ],
    "edge-5": [
      "c114",
      "c151",
      "c166",
      "c191",
      "c198",
      "c260",
      "c343",
      "c265",
      "c044",
      "c220",
      "c325"
    ],
    "edge-6": [
      "c022",
      "c049",
      "c136",
      "c155",
      "c239",
      "c261",
      "c266",
      "c323",
      "c310",
      "c187",
      "c408",
      "c185"
    ],
    "edge-7": [
      "c262",
      "c285",
      "c327",
      "c356",
      "c078",
      "c180",
      "c493",
      "c321",
      "c501",
      "c003"
    ],
    "edge-8": [
      "c367",
      "c467",
      "c479",
      "c531",
      "c567",
      "c211",
      "c508",
      "c528",
      "c322",
      "c449"
    ],
    "__CA_GUARANTEE__": [
      "c245",
      "c267",
      "c277",
      "c294",
      "c297",
      "c307",
      "c308",
      "c315",
      "c316",
      "c317",
      "c361",
      "c381",
      "c383",
      "c431",
      "c502",
      "c503",
      "c507",
      "c514",
      "c520",
      "c524",
      "c543",
      "c557",
      "c577",
      "c595",
      "c600",
      "c005",
      "c015",
      "c041",
      "c095",
      "c129",
      "c158",
      "c175",
      "c205",
      "c230",
      "c240",
      "c241",
      "c251",
      "c252",
      "c272",
      "c281",
      "c302",
      "c341",
      "c351",
      "c353",
      "c391",
      "c406",
      "c421",
      "c430",
      "c433",
      "c446",
      "c456",
      "c468",
      "c469",
      "c526",
      "c537",
      "c572",
      "c584",
      "c009",
      "c012",
      "c053",
      "c083",
      "c132",
      "c171",
      "c183",
      "c189",
      "c200",
      "c203",
      "c217",
      "c219",
      "c280",
      "c334",
      "c378",
      "c392",
      "c401",
      "c413",
      "c445",
      "c498",
      "c510",
      "c545",
      "c589",
      "c591",
      "c068",
      "c154",
      "c264",
      "c283",
      "c459",
      "c463",
      "c562",
      "c071",
      "c336",
      "c020",
      "c109",
      "c065",
      "c324",
      "c384",
      "c396",
      "c434",
      "c037",
      "c148",
      "c153",
      "c177",
      "c179",
      "c268",
      "c454",
      "c418",
      "c425",
      "c447",
      "c452",
      "c042",
      "c046",
      "c140",
      "c247",
      "c303",
      "c420",
      "c135",
      "c437",
      "c105",
      "c138",
      "c489",
      "c574",
      "c196",
      "c271",
      "c287",
      "c111",
      "c436",
      "c221",
      "c093",
      "c236",
      "c291",
      "c470",
      "c599",
      "c354",
      "c578",
      "c195",
      "c497",
      "c475",
      "c120",
      "c054",
      "c123",
      "c393",
      "c164",
      "c345",
      "c485",
      "c552",
      "c555",
      "c014",
      "c059",
      "c457",
      "c546",
      "c598",
      "c103",
      "c246",
      "c282",
      "c500",
      "c554",
      "c031",
      "c106",
      "c332",
      "c161",
      "c593",
      "c305",
      "c414",
      "c072",
      "c400",
      "c547",
      "c181",
      "c215",
      "c371",
      "c585",
      "c226",
      "c415",
      "c429",
      "c523",
      "c504",
      "c583",
      "c477",
      "c082",
      "c092",
      "c160",
      "c368",
      "c529",
      "c544",
      "c047",
      "c366",
      "c026",
      "c094",
      "c202",
      "c412",
      "c427",
      "c444",
      "c481",
      "c017",
      "c290",
      "c382",
      "c057",
      "c110",
      "c506",
      "c052",
      "c404",
      "c038",
      "c515",
      "c188",
      "c385",
      "c204",
      "c213",
      "c460",
      "c480",
      "c064",
      "c069",
      "c227",
      "c024",
      "c387",
      "c592",
      "c293",
      "c538",
      "c118",
      "c097",
      "c165",
      "c379",
      "c556",
      "c060",
      "c339",
      "c438",
      "c455",
      "c146",
      "c023",
      "c395",
      "c472",
      "c286",
      "c010",
      "c127",
      "c348",
      "c144",
      "c224",
      "c243",
      "c295",
      "c362",
      "c483",
      "c173",
      "c178",
      "c288",
      "c402",
      "c442",
      "c338",
      "c398",
      "c335",
      "c476",
      "c394",
      "c486",
      "c495",
      "c168",
      "c273",
      "c364",
      "c496",
      "c509",
      "c435",
      "c453",
      "c471",
      "c494",
      "c162",
      "c482",
      "c568",
      "c369",
      "c218",
      "c289",
      "c035",
      "c533",
      "c176",
      "c207",
      "c284",
      "c373",
      "c549",
      "c125",
      "c210",
      "c231",
      "c234",
      "c329",
      "c488",
      "c212",
      "c275",
      "c372",
      "c518",
      "c056",
      "c301",
      "c390",
      "c484",
      "c540",
      "c298",
      "c300",
      "c086",
      "c040",
      "c450",
      "c133",
      "c548",
      "c034",
      "c182",
      "c320",
      "c559",
      "c232",
      "c314",
      "c570",
      "c134",
      "c278",
      "c117",
      "c342",
      "c074",
      "c397",
      "c209",
      "c337",
      "c487",
      "c542",
      "c126",
      "c235",
      "c333",
      "c344",
      "c491",
      "c569",
      "c192",
      "c002",
      "c172",
      "c080",
      "c274",
      "c149",
      "c536",
      "c440",
      "c004",
      "c157",
      "c331",
      "c377",
      "c150",
      "c259",
      "c312",
      "c403",
      "c448",
      "c561",
      "c039",
      "c269",
      "c582",
      "c532",
      "c319",
      "c194",
      "c499",
      "c517",
      "c137",
      "c422",
      "c530",
      "c380",
      "c443",
      "c045",
      "c399",
      "c098",
      "c358",
      "c313",
      "c511",
      "c021",
      "c527",
      "c190",
      "c206",
      "c539",
      "c410",
      "c124",
      "c389",
      "c513",
      "c522",
      "c113",
      "c139",
      "c250",
      "c237",
      "c263",
      "c223",
      "c466",
      "c130",
      "c061",
      "c067",
      "c256",
      "c594",
      "c375",
      "c576",
      "c347",
      "c423",
      "c462",
      "c311",
      "c417",
      "c186",
      "c352",
      "c587",
      "c258",
      "c318",
      "c535",
      "c225",
      "c370",
      "c013",
      "c058",
      "c011",
      "c365",
      "c076",
      "c163",
      "c081",
      "c119",
      "c564",
      "c216",
      "c306",
      "c104",
      "c084",
      "c573",
      "c276",
      "c505",
      "c007",
      "c128",
      "c197",
      "c490",
      "c018",
      "c201",
      "c355",
      "c152",
      "c027",
      "c571",
      "c238",
      "c357",
      "c458",
      "c115",
      "c416",
      "c089",
      "c077",
      "c208",
      "c075",
      "c131",
      "c270",
      "c001",
      "c030",
      "c099",
      "c141",
      "c184",
      "c405",
      "c036",
      "c441",
      "c085",
      "c432",
      "c222",
      "c558",
      "c019",
      "c299",
      "c055",
      "c326",
      "c386",
      "c096",
      "c025",
      "c167",
      "c063",
      "c070",
      "c580",
      "c147",
      "c279",
      "c066",
      "c409",
      "c090",
      "c596",
      "c512",
      "c597",
      "c016",
      "c465",
      "c249",
      "c254",
      "c451",
      "c244",
      "c419",
      "c426",
      "c551",
      "c048",
      "c346",
      "c473",
      "c492",
      "c170",
      "c193",
      "c359",
      "c388",
      "c581",
      "c229",
      "c461",
      "c374",
      "c233",
      "c360",
      "c248",
      "c464",
      "c079",
      "c100",
      "c142",
      "c257",
      "c411",
      "c340",
      "c478",
      "c376",
      "c006",
      "c108",
      "c407",
      "c242",
      "c253",
      "c145",
      "c541",
      "c029",
      "c107",
      "c122",
      "c349",
      "c516",
      "c228",
      "c565",
      "c525",
      "c102",
      "c309",
      "c121",
      "c091",
      "c350",
      "c255",
      "c586",
      "c008",
      "c519",
      "c563"
    ]
  },
  "ordered_queues": {
    "edge-1": [
      "c032",
      "c051",
      "c116",
      "c156",
      "c159",
      "c169",
      "c199",
      "c304",
      "c579",
      "c588",
      "c590"
    ],
    "edge-2": [
      "c028",
      "c043",
      "c088",
      "c143",
      "c174",
      "c296",
      "c363",
      "c428",
      "c553"
    ],
    "edge-3": [
      "c050",
      "c292",
      "c328",
      "c330",
      "c474",
      "c521",
      "c534",
      "c550",
      "c560",
      "c566",
      "c575"
    ],
    "edge-4": [
      "c033",
      "c062",
      "c073",
      "c087",
      "c101",
      "c112",
      "c214",
      "c424",
      "c439"
    ],
    "edge-5": [
      "c044",
      "c114",
      "c151",
      "c166",
      "c191",
      "c198",
      "c220",
      "c260",
      "c265",
      "c325",
      "c343"
    ],
    "edge-6": [
      "c022",
      "c049",
      "c136",
      "c155",
      "c185",
      "c187",
      "c239",
      "c261",
      "c266",
      "c310",
      "c323",
      "c408"
    ],
    "edge-7": [
      "c003",
      "c078",
      "c180",
      "c262",
      "c285",
      "c321",
      "c327",
      "c356",
      "c493",
      "c501"
    ],
    "edge-8": [
      "c211",
      "c322",
      "c367",
      "c449",
      "c467",
      "c479",
      "c508",
      "c528",
      "c531",
      "c567"
    ]
  }
}
================================================================================
[RUN][K8s-CA] drtp_img88_cacheonly_512mb_700.json
{
  "summary": {
    "algo": "FG-DSCR-GC-K8sCA",
    "num_containers": 700,
    "num_scheduled_containers": 81,
    "num_nodes": 8,
    "failed_deployments": 619,
    "ca_penalty": 884.2857142857143,
    "ca_downloaded_mb": 282437,
    "ACT": 166.8804012345679,
    "AMS": 297.64739583333335,
    "downloaded_mb": 72935,
    "reused_mb": 9928,
    "reuse_rate": 0.11981222017064311,
    "objective_without_ca_penalty": 232.26389853395062,
    "objective": 1116.549612819665
  },
  "assignment": {
    "edge-1": [
      "c588",
      "c032",
      "c033",
      "c044",
      "c051",
      "c528",
      "c449",
      "c322",
      "c363",
      "c174"
    ],
    "edge-2": [
      "c428",
      "c553",
      "c656",
      "c028",
      "c043",
      "c088",
      "c143",
      "c343",
      "c493"
    ],
    "edge-3": [
      "c199",
      "c214",
      "c220",
      "c112",
      "c180",
      "c321",
      "c508",
      "c003",
      "c265",
      "c296"
    ],
    "edge-4": [
      "c501",
      "c239",
      "c156",
      "c169",
      "c285",
      "c567",
      "c579",
      "c078",
      "c136"
    ],
    "edge-5": [
      "c262",
      "c327",
      "c356",
      "c424",
      "c439",
      "c474",
      "c521",
      "c534",
      "c550",
      "c560",
      "c198",
      "c624"
    ],
    "edge-6": [
      "c601",
      "c022",
      "c049",
      "c155",
      "c261",
      "c116",
      "c187",
      "c590",
      "c644",
      "c159",
      "c185"
    ],
    "edge-7": [
      "c566",
      "c575",
      "c610",
      "c632",
      "c639",
      "c687",
      "c050",
      "c062",
      "c073",
      "c114"
    ],
    "edge-8": [
      "c266",
      "c323",
      "c325",
      "c328",
      "c330",
      "c367",
      "c408",
      "c467",
      "c479",
      "c531"
    ],
    "__CA_GUARANTEE__": [
      "c087",
      "c101",
      "c151",
      "c166",
      "c191",
      "c211",
      "c245",
      "c260",
      "c267",
      "c277",
      "c292",
      "c294",
      "c297",
      "c304",
      "c307",
      "c308",
      "c310",
      "c315",
      "c316",
      "c317",
      "c361",
      "c381",
      "c383",
      "c431",
      "c502",
      "c503",
      "c507",
      "c514",
      "c520",
      "c524",
      "c543",
      "c557",
      "c577",
      "c595",
      "c600",
      "c619",
      "c627",
      "c686",
      "c005",
      "c015",
      "c041",
      "c095",
      "c129",
      "c158",
      "c175",
      "c205",
      "c230",
      "c240",
      "c241",
      "c251",
      "c252",
      "c272",
      "c281",
      "c302",
      "c341",
      "c351",
      "c353",
      "c391",
      "c406",
      "c421",
      "c430",
      "c433",
      "c446",
      "c456",
      "c468",
      "c469",
      "c526",
      "c537",
      "c572",
      "c584",
      "c650",
      "c666",
      "c685",
      "c009",
      "c012",
      "c053",
      "c083",
      "c132",
      "c171",
      "c183",
      "c189",
      "c200",
      "c203",
      "c217",
      "c219",
      "c280",
      "c334",
      "c378",
      "c392",
      "c401",
      "c413",
      "c445",
      "c498",
      "c510",
      "c545",
      "c589",
      "c591",
      "c611",
      "c621",
      "c628",
      "c629",
      "c678",
      "c694",
      "c068",
      "c154",
      "c264",
      "c283",
      "c459",
      "c463",
      "c562",
      "c071",
      "c336",
      "c020",
      "c109",
      "c065",
      "c324",
      "c384",
      "c396",
      "c434",
      "c605",
      "c663",
      "c037",
      "c148",
      "c153",
      "c177",
      "c179",
      "c268",
      "c454",
      "c418",
      "c425",
      "c447",
      "c452",
      "c606",
      "c649",
      "c658",
      "c042",
      "c046",
      "c140",
      "c247",
      "c303",
      "c420",
      "c662",
      "c683",
      "c135",
      "c437",
      "c654",
      "c105",
      "c138",
      "c489",
      "c574",
      "c623",
      "c196",
      "c271",
      "c633",
      "c652",
      "c287",
      "c111",
      "c436",
      "c677",
      "c221",
      "c620",
      "c671",
      "c681",
      "c093",
      "c236",
      "c291",
      "c470",
      "c599",
      "c354",
      "c578",
      "c640",
      "c195",
      "c497",
      "c475",
      "c120",
      "c054",
      "c123",
      "c393",
      "c164",
      "c345",
      "c485",
      "c552",
      "c555",
      "c609",
      "c643",
      "c014",
      "c059",
      "c457",
      "c546",
      "c598",
      "c653",
      "c698",
      "c103",
      "c246",
      "c282",
      "c500",
      "c554",
      "c651",
      "c031",
      "c106",
      "c332",
      "c161",
      "c593",
      "c305",
      "c414",
      "c072",
      "c400",
      "c547",
      "c181",
      "c215",
      "c371",
      "c585",
      "c631",
      "c226",
      "c415",
      "c429",
      "c523",
      "c504",
      "c583",
      "c477",
      "c082",
      "c092",
      "c160",
      "c368",
      "c529",
      "c544",
      "c668",
      "c047",
      "c366",
      "c612",
      "c634",
      "c026",
      "c094",
      "c202",
      "c412",
      "c427",
      "c444",
      "c481",
      "c622",
      "c017",
      "c290",
      "c382",
      "c637",
      "c057",
      "c615",
      "c110",
      "c506",
      "c052",
      "c404",
      "c038",
      "c515",
      "c625",
      "c188",
      "c385",
      "c204",
      "c213",
      "c460",
      "c480",
      "c064",
      "c069",
      "c227",
      "c024",
      "c387",
      "c592",
      "c293",
      "c538",
      "c118",
      "c097",
      "c165",
      "c379",
      "c556",
      "c699",
      "c060",
      "c339",
      "c438",
      "c455",
      "c146",
      "c023",
      "c395",
      "c673",
      "c472",
      "c286",
      "c010",
      "c127",
      "c348",
      "c144",
      "c224",
      "c243",
      "c295",
      "c362",
      "c483",
      "c173",
      "c178",
      "c288",
      "c402",
      "c442",
      "c338",
      "c398",
      "c335",
      "c476",
      "c394",
      "c486",
      "c495",
      "c670",
      "c168",
      "c273",
      "c364",
      "c496",
      "c509",
      "c435",
      "c453",
      "c471",
      "c494",
      "c162",
      "c482",
      "c568",
      "c676",
      "c369",
      "c218",
      "c289",
      "c035",
      "c533",
      "c176",
      "c207",
      "c284",
      "c373",
      "c549",
      "c648",
      "c679",
      "c125",
      "c210",
      "c231",
      "c234",
      "c329",
      "c488",
      "c674",
      "c212",
      "c275",
      "c372",
      "c518",
      "c626",
      "c056",
      "c301",
      "c390",
      "c484",
      "c696",
      "c540",
      "c298",
      "c300",
      "c086",
      "c040",
      "c450",
      "c133",
      "c548",
      "c034",
      "c182",
      "c320",
      "c559",
      "c672",
      "c232",
      "c314",
      "c570",
      "c134",
      "c278",
      "c117",
      "c342",
      "c074",
      "c397",
      "c209",
      "c337",
      "c487",
      "c542",
      "c126",
      "c235",
      "c333",
      "c344",
      "c491",
      "c569",
      "c192",
      "c002",
      "c172",
      "c080",
      "c274",
      "c149",
      "c536",
      "c647",
      "c690",
      "c440",
      "c004",
      "c157",
      "c331",
      "c377",
      "c646",
      "c150",
      "c259",
      "c312",
      "c403",
      "c448",
      "c561",
      "c039",
      "c269",
      "c582",
      "c532",
      "c319",
      "c194",
      "c499",
      "c517",
      "c137",
      "c422",
      "c530",
      "c380",
      "c443",
      "c045",
      "c399",
      "c098",
      "c358",
      "c608",
      "c700",
      "c313",
      "c511",
      "c021",
      "c527",
      "c190",
      "c206",
      "c539",
      "c410",
      "c124",
      "c389",
      "c513",
      "c522",
      "c113",
      "c139",
      "c250",
      "c237",
      "c263",
      "c613",
      "c223",
      "c466",
      "c130",
      "c061",
      "c067",
      "c256",
      "c617",
      "c659",
      "c594",
      "c661",
      "c689",
      "c375",
      "c576",
      "c347",
      "c423",
      "c602",
      "c636",
      "c667",
      "c462",
      "c311",
      "c417",
      "c186",
      "c352",
      "c587",
      "c258",
      "c318",
      "c535",
      "c225",
      "c370",
      "c013",
      "c058",
      "c011",
      "c365",
      "c076",
      "c163",
      "c081",
      "c119",
      "c564",
      "c635",
      "c664",
      "c216",
      "c306",
      "c104",
      "c084",
      "c675",
      "c573",
      "c276",
      "c505",
      "c007",
      "c128",
      "c197",
      "c490",
      "c018",
      "c201",
      "c355",
      "c152",
      "c027",
      "c571",
      "c669",
      "c693",
      "c238",
      "c357",
      "c458",
      "c115",
      "c416",
      "c089",
      "c077",
      "c208",
      "c657",
      "c665",
      "c075",
      "c131",
      "c270",
      "c001",
      "c030",
      "c099",
      "c141",
      "c184",
      "c405",
      "c036",
      "c441",
      "c085",
      "c432",
      "c222",
      "c604",
      "c558",
      "c019",
      "c299",
      "c684",
      "c692",
      "c055",
      "c326",
      "c386",
      "c096",
      "c614",
      "c025",
      "c167",
      "c063",
      "c070",
      "c580",
      "c147",
      "c618",
      "c655",
      "c279",
      "c066",
      "c409",
      "c090",
      "c596",
      "c682",
      "c512",
      "c597",
      "c016",
      "c465",
      "c249",
      "c616",
      "c254",
      "c645",
      "c451",
      "c244",
      "c419",
      "c426",
      "c607",
      "c551",
      "c048",
      "c346",
      "c473",
      "c492",
      "c170",
      "c688",
      "c660",
      "c193",
      "c680",
      "c695",
      "c359",
      "c388",
      "c581",
      "c229",
      "c461",
      "c374",
      "c233",
      "c360",
      "c248",
      "c464",
      "c079",
      "c100",
      "c142",
      "c257",
      "c411",
      "c691",
      "c340",
      "c478",
      "c376",
      "c006",
      "c108",
      "c407",
      "c603",
      "c242",
      "c253",
      "c145",
      "c541",
      "c029",
      "c107",
      "c122",
      "c349",
      "c516",
      "c228",
      "c565",
      "c525",
      "c102",
      "c630",
      "c638",
      "c309",
      "c642",
      "c121",
      "c641",
      "c697",
      "c091",
      "c350",
      "c255",
      "c586",
      "c008",
      "c519",
      "c563"
    ]
  },
  "ordered_queues": {
    "edge-1": [
      "c032",
      "c033",
      "c044",
      "c051",
      "c174",
      "c322",
      "c363",
      "c449",
      "c528",
      "c588"
    ],
    "edge-2": [
      "c028",
      "c043",
      "c088",
      "c143",
      "c343",
      "c428",
      "c493",
      "c553",
      "c656"
    ],
    "edge-3": [
      "c003",
      "c112",
      "c180",
      "c199",
      "c214",
      "c220",
      "c265",
      "c296",
      "c321",
      "c508"
    ],
    "edge-4": [
      "c078",
      "c136",
      "c156",
      "c169",
      "c239",
      "c285",
      "c501",
      "c567",
      "c579"
    ],
    "edge-5": [
      "c198",
      "c262",
      "c327",
      "c356",
      "c424",
      "c439",
      "c474",
      "c521",
      "c534",
      "c550",
      "c560",
      "c624"
    ],
    "edge-6": [
      "c022",
      "c049",
      "c116",
      "c155",
      "c159",
      "c185",
      "c187",
      "c261",
      "c590",
      "c601",
      "c644"
    ],
    "edge-7": [
      "c050",
      "c062",
      "c073",
      "c114",
      "c566",
      "c575",
      "c610",
      "c632",
      "c639",
      "c687"
    ],
    "edge-8": [
      "c266",
      "c323",
      "c325",
      "c328",
      "c330",
      "c367",
      "c408",
      "c467",
      "c479",
      "c531"
    ]
  }
}
================================================================================
[RUN][K8s-CA] drtp_img88_cacheonly_512mb_800.json
{
  "summary": {
    "algo": "FG-DSCR-GC-K8sCA",
    "num_containers": 800,
    "num_scheduled_containers": 81,
    "num_nodes": 8,
    "failed_deployments": 719,
    "ca_penalty": 898.75,
    "ca_downloaded_mb": 333619,
    "ACT": 168.08060699588478,
    "AMS": 299.6473958333333,
    "downloaded_mb": 72935,
    "reused_mb": 9928,
    "reuse_rate": 0.11981222017064311,
    "objective_without_ca_penalty": 233.86400141460905,
    "objective": 1132.614001414609
  },
  "assignment": {
    "edge-1": [
      "c408",
      "c467",
      "c479",
      "c531",
      "c588",
      "c590",
      "c624",
      "c114",
      "c116",
      "c187",
      "c169"
    ],
    "edge-2": [
      "c363",
      "c428",
      "c553",
      "c656",
      "c716",
      "c739",
      "c028",
      "c632",
      "c343"
    ],
    "edge-3": [
      "c033",
      "c044",
      "c051",
      "c751",
      "c449",
      "c174",
      "c239",
      "c296",
      "c043",
      "c328"
    ],
    "edge-4": [
      "c285",
      "c356",
      "c367",
      "c567",
      "c136",
      "c737",
      "c708",
      "c800",
      "c579"
    ],
    "edge-5": [
      "c199",
      "c214",
      "c220",
      "c112",
      "c143",
      "c180",
      "c322",
      "c321",
      "c265",
      "c323"
    ],
    "edge-6": [
      "c493",
      "c501",
      "c508",
      "c528",
      "c601",
      "c724",
      "c003",
      "c022",
      "c049",
      "c078"
    ],
    "edge-7": [
      "c327",
      "c424",
      "c439",
      "c474",
      "c521",
      "c534",
      "c550",
      "c560",
      "c566",
      "c088",
      "c261"
    ],
    "edge-8": [
      "c155",
      "c266",
      "c325",
      "c330",
      "c262",
      "c032",
      "c799",
      "c156",
      "c159",
      "c185",
      "c644"
    ],
    "__CA_GUARANTEE__": [
      "c575",
      "c610",
      "c639",
      "c687",
      "c720",
      "c793",
      "c050",
      "c062",
      "c073",
      "c087",
      "c101",
      "c151",
      "c166",
      "c191",
      "c198",
      "c211",
      "c245",
      "c260",
      "c267",
      "c277",
      "c292",
      "c294",
      "c297",
      "c304",
      "c307",
      "c308",
      "c310",
      "c315",
      "c316",
      "c317",
      "c361",
      "c381",
      "c383",
      "c431",
      "c502",
      "c503",
      "c507",
      "c514",
      "c520",
      "c524",
      "c543",
      "c557",
      "c577",
      "c595",
      "c600",
      "c619",
      "c627",
      "c686",
      "c755",
      "c775",
      "c776",
      "c791",
      "c005",
      "c015",
      "c041",
      "c095",
      "c129",
      "c158",
      "c175",
      "c205",
      "c230",
      "c240",
      "c241",
      "c251",
      "c252",
      "c272",
      "c281",
      "c302",
      "c341",
      "c351",
      "c353",
      "c391",
      "c406",
      "c421",
      "c430",
      "c433",
      "c446",
      "c456",
      "c468",
      "c469",
      "c526",
      "c537",
      "c572",
      "c584",
      "c650",
      "c666",
      "c685",
      "c746",
      "c783",
      "c787",
      "c009",
      "c012",
      "c053",
      "c083",
      "c132",
      "c171",
      "c183",
      "c189",
      "c200",
      "c203",
      "c217",
      "c219",
      "c280",
      "c334",
      "c378",
      "c392",
      "c401",
      "c413",
      "c445",
      "c498",
      "c510",
      "c545",
      "c589",
      "c591",
      "c611",
      "c621",
      "c628",
      "c629",
      "c678",
      "c694",
      "c730",
      "c753",
      "c761",
      "c068",
      "c154",
      "c264",
      "c283",
      "c459",
      "c463",
      "c562",
      "c717",
      "c782",
      "c071",
      "c336",
      "c020",
      "c109",
      "c065",
      "c324",
      "c384",
      "c396",
      "c434",
      "c605",
      "c663",
      "c037",
      "c148",
      "c153",
      "c177",
      "c179",
      "c268",
      "c454",
      "c770",
      "c418",
      "c425",
      "c447",
      "c452",
      "c606",
      "c649",
      "c658",
      "c042",
      "c046",
      "c140",
      "c247",
      "c303",
      "c420",
      "c662",
      "c683",
      "c733",
      "c135",
      "c437",
      "c654",
      "c105",
      "c138",
      "c489",
      "c711",
      "c725",
      "c574",
      "c623",
      "c196",
      "c271",
      "c633",
      "c652",
      "c287",
      "c111",
      "c740",
      "c763",
      "c436",
      "c677",
      "c221",
      "c620",
      "c671",
      "c681",
      "c726",
      "c093",
      "c236",
      "c291",
      "c470",
      "c599",
      "c354",
      "c578",
      "c640",
      "c707",
      "c728",
      "c798",
      "c195",
      "c497",
      "c475",
      "c120",
      "c054",
      "c123",
      "c393",
      "c701",
      "c742",
      "c781",
      "c164",
      "c345",
      "c485",
      "c552",
      "c555",
      "c609",
      "c643",
      "c714",
      "c727",
      "c014",
      "c059",
      "c457",
      "c546",
      "c598",
      "c653",
      "c698",
      "c767",
      "c103",
      "c246",
      "c282",
      "c500",
      "c554",
      "c651",
      "c706",
      "c794",
      "c031",
      "c106",
      "c771",
      "c790",
      "c332",
      "c161",
      "c593",
      "c721",
      "c774",
      "c305",
      "c414",
      "c072",
      "c400",
      "c547",
      "c741",
      "c181",
      "c215",
      "c371",
      "c585",
      "c631",
      "c762",
      "c226",
      "c415",
      "c429",
      "c523",
      "c504",
      "c583",
      "c477",
      "c710",
      "c082",
      "c092",
      "c160",
      "c368",
      "c529",
      "c544",
      "c668",
      "c731",
      "c772",
      "c047",
      "c366",
      "c612",
      "c634",
      "c779",
      "c026",
      "c094",
      "c202",
      "c412",
      "c427",
      "c444",
      "c481",
      "c622",
      "c017",
      "c290",
      "c382",
      "c637",
      "c057",
      "c615",
      "c110",
      "c506",
      "c052",
      "c404",
      "c038",
      "c515",
      "c797",
      "c625",
      "c188",
      "c385",
      "c204",
      "c213",
      "c460",
      "c480",
      "c064",
      "c069",
      "c227",
      "c024",
      "c387",
      "c592",
      "c712",
      "c293",
      "c538",
      "c118",
      "c097",
      "c165",
      "c379",
      "c556",
      "c699",
      "c745",
      "c060",
      "c339",
      "c438",
      "c455",
      "c146",
      "c023",
      "c395",
      "c673",
      "c705",
      "c472",
      "c286",
      "c010",
      "c127",
      "c348",
      "c144",
      "c224",
      "c243",
      "c295",
      "c362",
      "c483",
      "c173",
      "c178",
      "c288",
      "c402",
      "c442",
      "c702",
      "c338",
      "c398",
      "c723",
      "c752",
      "c795",
      "c335",
      "c722",
      "c476",
      "c394",
      "c486",
      "c495",
      "c670",
      "c758",
      "c168",
      "c273",
      "c364",
      "c496",
      "c509",
      "c435",
      "c453",
      "c471",
      "c494",
      "c162",
      "c482",
      "c568",
      "c676",
      "c777",
      "c369",
      "c218",
      "c289",
      "c035",
      "c533",
      "c743",
      "c176",
      "c207",
      "c284",
      "c373",
      "c549",
      "c648",
      "c679",
      "c735",
      "c784",
      "c789",
      "c125",
      "c210",
      "c231",
      "c234",
      "c329",
      "c488",
      "c674",
      "c212",
      "c275",
      "c372",
      "c518",
      "c626",
      "c715",
      "c056",
      "c301",
      "c390",
      "c484",
      "c696",
      "c750",
      "c540",
      "c298",
      "c300",
      "c086",
      "c040",
      "c450",
      "c133",
      "c548",
      "c034",
      "c182",
      "c320",
      "c559",
      "c672",
      "c736",
      "c232",
      "c314",
      "c729",
      "c570",
      "c134",
      "c278",
      "c744",
      "c117",
      "c342",
      "c074",
      "c397",
      "c209",
      "c337",
      "c487",
      "c542",
      "c754",
      "c766",
      "c126",
      "c235",
      "c333",
      "c344",
      "c491",
      "c569",
      "c192",
      "c734",
      "c002",
      "c172",
      "c080",
      "c274",
      "c149",
      "c536",
      "c647",
      "c690",
      "c440",
      "c004",
      "c157",
      "c331",
      "c377",
      "c646",
      "c150",
      "c259",
      "c312",
      "c403",
      "c448",
      "c561",
      "c764",
      "c780",
      "c039",
      "c269",
      "c582",
      "c532",
      "c319",
      "c792",
      "c194",
      "c499",
      "c517",
      "c137",
      "c422",
      "c732",
      "c530",
      "c380",
      "c443",
      "c045",
      "c399",
      "c786",
      "c098",
      "c358",
      "c608",
      "c700",
      "c313",
      "c511",
      "c021",
      "c527",
      "c190",
      "c206",
      "c539",
      "c765",
      "c747",
      "c410",
      "c788",
      "c124",
      "c389",
      "c513",
      "c522",
      "c113",
      "c139",
      "c250",
      "c713",
      "c237",
      "c738",
      "c263",
      "c613",
      "c223",
      "c466",
      "c130",
      "c061",
      "c067",
      "c256",
      "c617",
      "c659",
      "c594",
      "c661",
      "c689",
      "c375",
      "c709",
      "c576",
      "c347",
      "c423",
      "c602",
      "c636",
      "c667",
      "c462",
      "c311",
      "c417",
      "c186",
      "c352",
      "c587",
      "c258",
      "c318",
      "c535",
      "c225",
      "c370",
      "c013",
      "c058",
      "c011",
      "c365",
      "c076",
      "c163",
      "c081",
      "c119",
      "c564",
      "c635",
      "c664",
      "c216",
      "c306",
      "c104",
      "c084",
      "c675",
      "c573",
      "c276",
      "c505",
      "c007",
      "c128",
      "c197",
      "c490",
      "c018",
      "c201",
      "c355",
      "c152",
      "c027",
      "c749",
      "c571",
      "c669",
      "c693",
      "c238",
      "c357",
      "c458",
      "c773",
      "c115",
      "c416",
      "c089",
      "c760",
      "c077",
      "c208",
      "c657",
      "c665",
      "c075",
      "c131",
      "c270",
      "c001",
      "c030",
      "c099",
      "c778",
      "c141",
      "c184",
      "c405",
      "c036",
      "c441",
      "c719",
      "c085",
      "c432",
      "c222",
      "c604",
      "c558",
      "c019",
      "c299",
      "c684",
      "c692",
      "c748",
      "c055",
      "c768",
      "c326",
      "c386",
      "c096",
      "c614",
      "c025",
      "c167",
      "c718",
      "c063",
      "c070",
      "c580",
      "c147",
      "c618",
      "c655",
      "c279",
      "c066",
      "c409",
      "c759",
      "c090",
      "c596",
      "c682",
      "c512",
      "c597",
      "c016",
      "c465",
      "c703",
      "c249",
      "c616",
      "c254",
      "c645",
      "c451",
      "c244",
      "c419",
      "c426",
      "c607",
      "c551",
      "c048",
      "c756",
      "c346",
      "c473",
      "c492",
      "c170",
      "c688",
      "c796",
      "c660",
      "c193",
      "c680",
      "c695",
      "c359",
      "c388",
      "c581",
      "c769",
      "c229",
      "c461",
      "c374",
      "c233",
      "c360",
      "c248",
      "c464",
      "c079",
      "c100",
      "c142",
      "c257",
      "c411",
      "c691",
      "c757",
      "c340",
      "c478",
      "c376",
      "c006",
      "c108",
      "c407",
      "c603",
      "c242",
      "c253",
      "c145",
      "c541",
      "c785",
      "c029",
      "c107",
      "c122",
      "c349",
      "c516",
      "c228",
      "c565",
      "c525",
      "c102",
      "c630",
      "c638",
      "c309",
      "c642",
      "c121",
      "c641",
      "c697",
      "c091",
      "c350",
      "c255",
      "c586",
      "c008",
      "c519",
      "c563",
      "c704"
    ]
  },
  "ordered_queues": {
    "edge-1": [
      "c114",
      "c116",
      "c169",
      "c187",
      "c408",
      "c467",
      "c479",
      "c531",
      "c588",
      "c590",
      "c624"
    ],
    "edge-2": [
      "c028",
      "c343",
      "c363",
      "c428",
      "c553",
      "c632",
      "c656",
      "c716",
      "c739"
    ],
    "edge-3": [
      "c033",
      "c043",
      "c044",
      "c051",
      "c174",
      "c239",
      "c296",
      "c328",
      "c449",
      "c751"
    ],
    "edge-4": [
      "c136",
      "c285",
      "c356",
      "c367",
      "c567",
      "c579",
      "c708",
      "c737",
      "c800"
    ],
    "edge-5": [
      "c112",
      "c143",
      "c180",
      "c199",
      "c214",
      "c220",
      "c265",
      "c321",
      "c322",
      "c323"
    ],
    "edge-6": [
      "c003",
      "c022",
      "c049",
      "c078",
      "c493",
      "c501",
      "c508",
      "c528",
      "c601",
      "c724"
    ],
    "edge-7": [
      "c088",
      "c261",
      "c327",
      "c424",
      "c439",
      "c474",
      "c521",
      "c534",
      "c550",
      "c560",
      "c566"
    ],
    "edge-8": [
      "c032",
      "c155",
      "c156",
      "c159",
      "c185",
      "c262",
      "c266",
      "c325",
      "c330",
      "c644",
      "c799"
    ]
  }
}
================================================================================
[RUN][K8s-CA] drtp_img88_cacheonly_512mb_900.json
{
  "summary": {
    "algo": "FG-DSCR-GC-K8sCA",
    "num_containers": 900,
    "num_scheduled_containers": 78,
    "num_nodes": 8,
    "failed_deployments": 822,
    "ca_penalty": 913.3333333333334,
    "ca_downloaded_mb": 383994,
    "ACT": 161.60833333333335,
    "AMS": 289.065625,
    "downloaded_mb": 70274,
    "reused_mb": 9520,
    "reuse_rate": 0.11930721608140964,
    "objective_without_ca_penalty": 225.33697916666668,
    "objective": 1138.6703125000001
  },
  "assignment": {
    "edge-1": [
      "c408",
      "c531",
      "c848",
      "c033",
      "c051",
      "c841",
      "c501",
      "c022",
      "c322",
      "c143"
    ],
    "edge-2": [
      "c328",
      "c330",
      "c367",
      "c579",
      "c078",
      "c136",
      "c044",
      "c890"
    ],
    "edge-3": [
      "c032",
      "c116",
      "c156",
      "c159",
      "c169",
      "c185",
      "c739",
      "c816",
      "c296",
      "c363"
    ],
    "edge-4": [
      "c851",
      "c855",
      "c028",
      "c043",
      "c088",
      "c174",
      "c180",
      "c321",
      "c656"
    ],
    "edge-5": [
      "c588",
      "c590",
      "c624",
      "c644",
      "c708",
      "c737",
      "c799",
      "c800",
      "c829",
      "c343"
    ],
    "edge-6": [
      "c449",
      "c493",
      "c508",
      "c528",
      "c601",
      "c724",
      "c716",
      "c428",
      "c553"
    ],
    "edge-7": [
      "c187",
      "c199",
      "c214",
      "c220",
      "c262",
      "c285",
      "c327",
      "c356",
      "c424",
      "c534"
    ],
    "edge-8": [
      "c003",
      "c049",
      "c155",
      "c239",
      "c261",
      "c265",
      "c266",
      "c323",
      "c479",
      "c325",
      "c467",
      "c567"
    ],
    "__CA_GUARANTEE__": [
      "c439",
      "c474",
      "c521",
      "c550",
      "c560",
      "c566",
      "c575",
      "c610",
      "c632",
      "c639",
      "c687",
      "c720",
      "c751",
      "c793",
      "c854",
      "c866",
      "c886",
      "c900",
      "c050",
      "c062",
      "c073",
      "c087",
      "c101",
      "c112",
      "c114",
      "c151",
      "c166",
      "c191",
      "c198",
      "c211",
      "c245",
      "c260",
      "c267",
      "c277",
      "c292",
      "c294",
      "c297",
      "c304",
      "c307",
      "c308",
      "c310",
      "c315",
      "c316",
      "c317",
      "c361",
      "c381",
      "c383",
      "c431",
      "c502",
      "c503",
      "c507",
      "c514",
      "c520",
      "c524",
      "c543",
      "c557",
      "c577",
      "c595",
      "c600",
      "c619",
      "c627",
      "c686",
      "c755",
      "c775",
      "c776",
      "c791",
      "c801",
      "c839",
      "c893",
      "c005",
      "c015",
      "c041",
      "c095",
      "c129",
      "c158",
      "c175",
      "c205",
      "c230",
      "c240",
      "c241",
      "c251",
      "c252",
      "c272",
      "c281",
      "c302",
      "c341",
      "c351",
      "c353",
      "c391",
      "c406",
      "c421",
      "c430",
      "c433",
      "c446",
      "c456",
      "c468",
      "c469",
      "c526",
      "c537",
      "c572",
      "c584",
      "c650",
      "c666",
      "c685",
      "c746",
      "c783",
      "c787",
      "c809",
      "c810",
      "c821",
      "c849",
      "c891",
      "c009",
      "c012",
      "c053",
      "c083",
      "c132",
      "c171",
      "c183",
      "c189",
      "c200",
      "c203",
      "c217",
      "c219",
      "c280",
      "c334",
      "c378",
      "c392",
      "c401",
      "c413",
      "c445",
      "c498",
      "c510",
      "c545",
      "c589",
      "c591",
      "c611",
      "c621",
      "c628",
      "c629",
      "c678",
      "c694",
      "c730",
      "c753",
      "c761",
      "c805",
      "c864",
      "c068",
      "c154",
      "c264",
      "c283",
      "c459",
      "c463",
      "c562",
      "c717",
      "c782",
      "c844",
      "c871",
      "c071",
      "c336",
      "c020",
      "c109",
      "c065",
      "c324",
      "c384",
      "c396",
      "c434",
      "c605",
      "c663",
      "c897",
      "c037",
      "c148",
      "c153",
      "c177",
      "c179",
      "c268",
      "c454",
      "c770",
      "c804",
      "c814",
      "c418",
      "c425",
      "c447",
      "c452",
      "c606",
      "c649",
      "c658",
      "c042",
      "c046",
      "c140",
      "c247",
      "c303",
      "c420",
      "c662",
      "c683",
      "c733",
      "c882",
      "c135",
      "c437",
      "c654",
      "c876",
      "c105",
      "c138",
      "c489",
      "c711",
      "c725",
      "c574",
      "c623",
      "c196",
      "c271",
      "c633",
      "c652",
      "c287",
      "c111",
      "c740",
      "c763",
      "c436",
      "c677",
      "c221",
      "c620",
      "c671",
      "c681",
      "c726",
      "c858",
      "c093",
      "c236",
      "c291",
      "c470",
      "c599",
      "c354",
      "c578",
      "c640",
      "c707",
      "c728",
      "c798",
      "c195",
      "c497",
      "c475",
      "c120",
      "c054",
      "c123",
      "c393",
      "c701",
      "c742",
      "c781",
      "c853",
      "c164",
      "c345",
      "c485",
      "c552",
      "c555",
      "c609",
      "c643",
      "c714",
      "c727",
      "c834",
      "c014",
      "c059",
      "c457",
      "c546",
      "c598",
      "c653",
      "c698",
      "c767",
      "c103",
      "c246",
      "c282",
      "c500",
      "c554",
      "c651",
      "c706",
      "c794",
      "c031",
      "c106",
      "c771",
      "c790",
      "c888",
      "c332",
      "c161",
      "c593",
      "c721",
      "c774",
      "c305",
      "c414",
      "c072",
      "c400",
      "c547",
      "c741",
      "c828",
      "c181",
      "c215",
      "c371",
      "c585",
      "c631",
      "c762",
      "c831",
      "c838",
      "c226",
      "c415",
      "c429",
      "c523",
      "c857",
      "c504",
      "c583",
      "c477",
      "c710",
      "c082",
      "c092",
      "c160",
      "c368",
      "c529",
      "c544",
      "c668",
      "c731",
      "c772",
      "c806",
      "c899",
      "c047",
      "c366",
      "c612",
      "c634",
      "c779",
      "c026",
      "c094",
      "c202",
      "c412",
      "c427",
      "c444",
      "c481",
      "c622",
      "c845",
      "c017",
      "c290",
      "c382",
      "c637",
      "c057",
      "c615",
      "c110",
      "c506",
      "c052",
      "c404",
      "c856",
      "c038",
      "c515",
      "c797",
      "c625",
      "c188",
      "c385",
      "c824",
      "c204",
      "c213",
      "c460",
      "c480",
      "c873",
      "c064",
      "c069",
      "c227",
      "c811",
      "c024",
      "c387",
      "c592",
      "c712",
      "c293",
      "c538",
      "c118",
      "c097",
      "c165",
      "c379",
      "c556",
      "c699",
      "c745",
      "c060",
      "c339",
      "c438",
      "c455",
      "c889",
      "c146",
      "c840",
      "c023",
      "c395",
      "c673",
      "c705",
      "c472",
      "c286",
      "c010",
      "c127",
      "c348",
      "c144",
      "c224",
      "c243",
      "c295",
      "c362",
      "c483",
      "c173",
      "c178",
      "c288",
      "c402",
      "c442",
      "c702",
      "c338",
      "c398",
      "c723",
      "c752",
      "c795",
      "c335",
      "c722",
      "c476",
      "c394",
      "c486",
      "c495",
      "c670",
      "c758",
      "c168",
      "c273",
      "c364",
      "c496",
      "c509",
      "c835",
      "c850",
      "c435",
      "c453",
      "c471",
      "c494",
      "c162",
      "c482",
      "c568",
      "c676",
      "c777",
      "c369",
      "c833",
      "c218",
      "c289",
      "c035",
      "c533",
      "c743",
      "c863",
      "c176",
      "c207",
      "c284",
      "c373",
      "c549",
      "c648",
      "c679",
      "c735",
      "c784",
      "c789",
      "c125",
      "c210",
      "c231",
      "c234",
      "c329",
      "c488",
      "c674",
      "c830",
      "c867",
      "c212",
      "c275",
      "c372",
      "c518",
      "c626",
      "c715",
      "c815",
      "c056",
      "c301",
      "c390",
      "c484",
      "c696",
      "c750",
      "c540",
      "c298",
      "c300",
      "c887",
      "c086",
      "c040",
      "c450",
      "c133",
      "c548",
      "c034",
      "c182",
      "c320",
      "c559",
      "c672",
      "c736",
      "c823",
      "c232",
      "c314",
      "c729",
      "c570",
      "c134",
      "c278",
      "c744",
      "c117",
      "c342",
      "c074",
      "c397",
      "c209",
      "c818",
      "c337",
      "c487",
      "c542",
      "c754",
      "c766",
      "c126",
      "c235",
      "c333",
      "c344",
      "c491",
      "c569",
      "c192",
      "c734",
      "c002",
      "c172",
      "c825",
      "c080",
      "c274",
      "c149",
      "c536",
      "c647",
      "c862",
      "c690",
      "c440",
      "c004",
      "c157",
      "c331",
      "c377",
      "c646",
      "c832",
      "c150",
      "c259",
      "c312",
      "c403",
      "c448",
      "c561",
      "c764",
      "c780",
      "c039",
      "c269",
      "c582",
      "c532",
      "c319",
      "c792",
      "c194",
      "c499",
      "c517",
      "c885",
      "c137",
      "c422",
      "c732",
      "c530",
      "c380",
      "c443",
      "c045",
      "c399",
      "c786",
      "c098",
      "c860",
      "c358",
      "c608",
      "c700",
      "c313",
      "c511",
      "c877",
      "c021",
      "c527",
      "c190",
      "c206",
      "c539",
      "c892",
      "c765",
      "c747",
      "c410",
      "c788",
      "c820",
      "c124",
      "c389",
      "c513",
      "c522",
      "c852",
      "c895",
      "c113",
      "c139",
      "c250",
      "c713",
      "c898",
      "c237",
      "c738",
      "c263",
      "c613",
      "c878",
      "c223",
      "c466",
      "c802",
      "c827",
      "c894",
      "c130",
      "c061",
      "c067",
      "c256",
      "c617",
      "c659",
      "c594",
      "c661",
      "c689",
      "c375",
      "c709",
      "c847",
      "c576",
      "c347",
      "c813",
      "c875",
      "c423",
      "c602",
      "c636",
      "c667",
      "c812",
      "c883",
      "c462",
      "c881",
      "c311",
      "c417",
      "c186",
      "c352",
      "c587",
      "c258",
      "c318",
      "c535",
      "c225",
      "c370",
      "c013",
      "c058",
      "c011",
      "c365",
      "c076",
      "c163",
      "c081",
      "c119",
      "c836",
      "c564",
      "c635",
      "c664",
      "c880",
      "c216",
      "c306",
      "c879",
      "c104",
      "c084",
      "c861",
      "c675",
      "c573",
      "c870",
      "c276",
      "c505",
      "c007",
      "c128",
      "c843",
      "c197",
      "c490",
      "c018",
      "c201",
      "c355",
      "c152",
      "c027",
      "c749",
      "c571",
      "c874",
      "c669",
      "c693",
      "c238",
      "c803",
      "c357",
      "c458",
      "c773",
      "c115",
      "c416",
      "c089",
      "c760",
      "c077",
      "c208",
      "c657",
      "c665",
      "c075",
      "c131",
      "c270",
      "c001",
      "c030",
      "c099",
      "c778",
      "c141",
      "c822",
      "c184",
      "c405",
      "c036",
      "c441",
      "c719",
      "c085",
      "c432",
      "c222",
      "c604",
      "c558",
      "c019",
      "c299",
      "c684",
      "c692",
      "c846",
      "c869",
      "c748",
      "c055",
      "c819",
      "c768",
      "c326",
      "c386",
      "c096",
      "c614",
      "c025",
      "c167",
      "c718",
      "c837",
      "c063",
      "c070",
      "c580",
      "c147",
      "c618",
      "c865",
      "c655",
      "c279",
      "c826",
      "c066",
      "c409",
      "c759",
      "c090",
      "c596",
      "c682",
      "c512",
      "c597",
      "c016",
      "c465",
      "c703",
      "c249",
      "c616",
      "c254",
      "c645",
      "c451",
      "c244",
      "c419",
      "c426",
      "c607",
      "c551",
      "c048",
      "c756",
      "c346",
      "c473",
      "c492",
      "c872",
      "c170",
      "c688",
      "c796",
      "c660",
      "c193",
      "c680",
      "c695",
      "c359",
      "c388",
      "c859",
      "c581",
      "c769",
      "c229",
      "c461",
      "c374",
      "c233",
      "c360",
      "c248",
      "c464",
      "c079",
      "c100",
      "c142",
      "c257",
      "c411",
      "c691",
      "c757",
      "c340",
      "c478",
      "c376",
      "c006",
      "c108",
      "c407",
      "c603",
      "c817",
      "c242",
      "c253",
      "c145",
      "c541",
      "c785",
      "c029",
      "c107",
      "c122",
      "c349",
      "c516",
      "c228",
      "c565",
      "c525",
      "c842",
      "c102",
      "c630",
      "c638",
      "c309",
      "c642",
      "c121",
      "c641",
      "c697",
      "c884",
      "c091",
      "c350",
      "c255",
      "c586",
      "c808",
      "c896",
      "c008",
      "c519",
      "c868",
      "c563",
      "c807",
      "c704"
    ]
  },
  "ordered_queues": {
    "edge-1": [
      "c022",
      "c033",
      "c051",
      "c143",
      "c322",
      "c408",
      "c501",
      "c531",
      "c841",
      "c848"
    ],
    "edge-2": [
      "c044",
      "c078",
      "c136",
      "c328",
      "c330",
      "c367",
      "c579",
      "c890"
    ],
    "edge-3": [
      "c032",
      "c116",
      "c156",
      "c159",
      "c169",
      "c185",
      "c296",
      "c363",
      "c739",
      "c816"
    ],
    "edge-4": [
      "c028",
      "c043",
      "c088",
      "c174",
      "c180",
      "c321",
      "c656",
      "c851",
      "c855"
    ],
    "edge-5": [
      "c343",
      "c588",
      "c590",
      "c624",
      "c644",
      "c708",
      "c737",
      "c799",
      "c800",
      "c829"
    ],
    "edge-6": [
      "c428",
      "c449",
      "c493",
      "c508",
      "c528",
      "c553",
      "c601",
      "c716",
      "c724"
    ],
    "edge-7": [
      "c187",
      "c199",
      "c214",
      "c220",
      "c262",
      "c285",
      "c327",
      "c356",
      "c424",
      "c534"
    ],
    "edge-8": [
      "c003",
      "c049",
      "c155",
      "c239",
      "c261",
      "c265",
      "c266",
      "c323",
      "c325",
      "c467",
      "c479",
      "c567"
    ]
  }
}
================================================================================
[RUN][K8s-CA] drtp_img88_cacheonly_640mb_1000.json
{
  "summary": {
    "algo": "FG-DSCR-GC-K8sCA",
    "num_containers": 1000,
    "num_scheduled_containers": 78,
    "num_nodes": 8,
    "failed_deployments": 922,
    "ca_penalty": 922.0,
    "ca_downloaded_mb": 435887,
    "ACT": 163.53317307692305,
    "AMS": 289.4895833333333,
    "downloaded_mb": 70274,
    "reused_mb": 9520,
    "reuse_rate": 0.11930721608140964,
    "objective_without_ca_penalty": 226.51137820512818,
    "objective": 1148.5113782051283
  },
  "assignment": {
    "edge-1": [
      "c239",
      "c265",
      "c266",
      "c323",
      "c325",
      "c467",
      "c550",
      "c590",
      "c890",
      "c943",
      "c479",
      "c624"
    ],
    "edge-2": [
      "c156",
      "c169",
      "c567",
      "c579",
      "c800",
      "c328",
      "c330",
      "c367"
    ],
    "edge-3": [
      "c531",
      "c644",
      "c708",
      "c051",
      "c116",
      "c261",
      "c343",
      "c159",
      "c408",
      "c656"
    ],
    "edge-4": [
      "c851",
      "c855",
      "c028",
      "c043",
      "c088",
      "c143",
      "c174",
      "c180",
      "c321"
    ],
    "edge-5": [
      "c799",
      "c848",
      "c032",
      "c033",
      "c044",
      "c262",
      "c716",
      "c739",
      "c322",
      "c737"
    ],
    "edge-6": [
      "c449",
      "c493",
      "c508",
      "c528",
      "c601",
      "c724",
      "c829",
      "c296",
      "c816"
    ],
    "edge-7": [
      "c185",
      "c187",
      "c199",
      "c214",
      "c534",
      "c363",
      "c428",
      "c553",
      "c501",
      "c588"
    ],
    "edge-8": [
      "c841",
      "c944",
      "c961",
      "c965",
      "c003",
      "c022",
      "c049",
      "c078",
      "c136",
      "c155"
    ],
    "__CA_GUARANTEE__": [
      "c220",
      "c285",
      "c327",
      "c356",
      "c424",
      "c439",
      "c474",
      "c521",
      "c560",
      "c566",
      "c575",
      "c610",
      "c632",
      "c639",
      "c687",
      "c720",
      "c751",
      "c793",
      "c854",
      "c866",
      "c886",
      "c900",
      "c939",
      "c050",
      "c062",
      "c073",
      "c087",
      "c101",
      "c112",
      "c114",
      "c151",
      "c166",
      "c191",
      "c198",
      "c211",
      "c245",
      "c260",
      "c267",
      "c277",
      "c292",
      "c294",
      "c297",
      "c304",
      "c307",
      "c308",
      "c310",
      "c315",
      "c316",
      "c317",
      "c361",
      "c381",
      "c383",
      "c431",
      "c502",
      "c503",
      "c507",
      "c514",
      "c520",
      "c524",
      "c543",
      "c557",
      "c577",
      "c595",
      "c600",
      "c619",
      "c627",
      "c686",
      "c755",
      "c775",
      "c776",
      "c791",
      "c801",
      "c839",
      "c893",
      "c909",
      "c938",
      "c941",
      "c977",
      "c1000",
      "c005",
      "c015",
      "c041",
      "c095",
      "c129",
      "c158",
      "c175",
      "c205",
      "c230",
      "c240",
      "c241",
      "c251",
      "c252",
      "c272",
      "c281",
      "c302",
      "c341",
      "c351",
      "c353",
      "c391",
      "c406",
      "c421",
      "c430",
      "c433",
      "c446",
      "c456",
      "c468",
      "c469",
      "c526",
      "c537",
      "c572",
      "c584",
      "c650",
      "c666",
      "c685",
      "c746",
      "c783",
      "c787",
      "c809",
      "c810",
      "c821",
      "c849",
      "c891",
      "c926",
      "c934",
      "c975",
      "c997",
      "c009",
      "c012",
      "c053",
      "c083",
      "c132",
      "c171",
      "c183",
      "c189",
      "c200",
      "c203",
      "c217",
      "c219",
      "c280",
      "c334",
      "c378",
      "c392",
      "c401",
      "c413",
      "c445",
      "c498",
      "c510",
      "c545",
      "c589",
      "c591",
      "c611",
      "c621",
      "c628",
      "c629",
      "c678",
      "c694",
      "c730",
      "c753",
      "c761",
      "c805",
      "c864",
      "c927",
      "c949",
      "c966",
      "c969",
      "c971",
      "c992",
      "c068",
      "c154",
      "c264",
      "c283",
      "c459",
      "c463",
      "c562",
      "c717",
      "c782",
      "c844",
      "c871",
      "c930",
      "c959",
      "c984",
      "c995",
      "c999",
      "c071",
      "c336",
      "c981",
      "c020",
      "c109",
      "c065",
      "c324",
      "c384",
      "c396",
      "c434",
      "c605",
      "c663",
      "c897",
      "c037",
      "c148",
      "c153",
      "c177",
      "c179",
      "c268",
      "c454",
      "c770",
      "c804",
      "c814",
      "c933",
      "c418",
      "c425",
      "c447",
      "c452",
      "c606",
      "c649",
      "c658",
      "c042",
      "c046",
      "c140",
      "c247",
      "c303",
      "c420",
      "c662",
      "c683",
      "c733",
      "c882",
      "c991",
      "c135",
      "c437",
      "c654",
      "c876",
      "c996",
      "c105",
      "c138",
      "c489",
      "c711",
      "c725",
      "c574",
      "c623",
      "c196",
      "c271",
      "c633",
      "c652",
      "c917",
      "c989",
      "c287",
      "c111",
      "c740",
      "c763",
      "c912",
      "c436",
      "c677",
      "c908",
      "c221",
      "c620",
      "c671",
      "c681",
      "c726",
      "c858",
      "c937",
      "c093",
      "c236",
      "c291",
      "c470",
      "c599",
      "c354",
      "c578",
      "c640",
      "c707",
      "c728",
      "c798",
      "c951",
      "c195",
      "c497",
      "c924",
      "c475",
      "c994",
      "c120",
      "c054",
      "c123",
      "c393",
      "c701",
      "c742",
      "c781",
      "c853",
      "c164",
      "c345",
      "c485",
      "c552",
      "c555",
      "c609",
      "c643",
      "c714",
      "c727",
      "c834",
      "c929",
      "c014",
      "c059",
      "c457",
      "c546",
      "c598",
      "c653",
      "c698",
      "c767",
      "c940",
      "c103",
      "c246",
      "c282",
      "c500",
      "c554",
      "c651",
      "c706",
      "c794",
      "c942",
      "c031",
      "c106",
      "c771",
      "c790",
      "c888",
      "c332",
      "c161",
      "c925",
      "c593",
      "c721",
      "c774",
      "c901",
      "c305",
      "c414",
      "c983",
      "c072",
      "c400",
      "c547",
      "c741",
      "c828",
      "c950",
      "c181",
      "c215",
      "c371",
      "c585",
      "c631",
      "c762",
      "c831",
      "c838",
      "c915",
      "c970",
      "c226",
      "c415",
      "c429",
      "c523",
      "c857",
      "c988",
      "c504",
      "c583",
      "c477",
      "c710",
      "c082",
      "c092",
      "c160",
      "c368",
      "c529",
      "c544",
      "c668",
      "c731",
      "c772",
      "c806",
      "c899",
      "c986",
      "c047",
      "c366",
      "c612",
      "c634",
      "c779",
      "c905",
      "c026",
      "c094",
      "c202",
      "c412",
      "c427",
      "c444",
      "c481",
      "c622",
      "c845",
      "c017",
      "c290",
      "c382",
      "c637",
      "c904",
      "c952",
      "c979",
      "c057",
      "c615",
      "c110",
      "c506",
      "c052",
      "c404",
      "c856",
      "c038",
      "c515",
      "c797",
      "c625",
      "c188",
      "c385",
      "c824",
      "c204",
      "c213",
      "c460",
      "c480",
      "c873",
      "c064",
      "c069",
      "c227",
      "c811",
      "c024",
      "c387",
      "c592",
      "c712",
      "c293",
      "c538",
      "c118",
      "c097",
      "c165",
      "c379",
      "c556",
      "c699",
      "c745",
      "c060",
      "c339",
      "c438",
      "c455",
      "c889",
      "c920",
      "c146",
      "c840",
      "c964",
      "c972",
      "c023",
      "c395",
      "c673",
      "c705",
      "c472",
      "c286",
      "c010",
      "c127",
      "c348",
      "c913",
      "c144",
      "c224",
      "c243",
      "c295",
      "c362",
      "c483",
      "c173",
      "c178",
      "c288",
      "c402",
      "c442",
      "c702",
      "c338",
      "c398",
      "c723",
      "c752",
      "c795",
      "c935",
      "c335",
      "c722",
      "c476",
      "c902",
      "c394",
      "c486",
      "c495",
      "c670",
      "c758",
      "c168",
      "c273",
      "c364",
      "c496",
      "c509",
      "c835",
      "c850",
      "c907",
      "c985",
      "c435",
      "c453",
      "c471",
      "c494",
      "c936",
      "c958",
      "c162",
      "c482",
      "c568",
      "c676",
      "c777",
      "c369",
      "c833",
      "c218",
      "c289",
      "c035",
      "c533",
      "c743",
      "c863",
      "c176",
      "c207",
      "c284",
      "c373",
      "c549",
      "c648",
      "c679",
      "c735",
      "c784",
      "c789",
      "c993",
      "c125",
      "c210",
      "c231",
      "c234",
      "c329",
      "c488",
      "c674",
      "c830",
      "c867",
      "c923",
      "c212",
      "c275",
      "c372",
      "c518",
      "c626",
      "c715",
      "c815",
      "c056",
      "c301",
      "c390",
      "c484",
      "c696",
      "c750",
      "c973",
      "c540",
      "c906",
      "c976",
      "c298",
      "c300",
      "c887",
      "c086",
      "c040",
      "c450",
      "c133",
      "c548",
      "c034",
      "c182",
      "c320",
      "c559",
      "c672",
      "c736",
      "c823",
      "c919",
      "c232",
      "c314",
      "c729",
      "c918",
      "c570",
      "c134",
      "c278",
      "c744",
      "c117",
      "c342",
      "c074",
      "c397",
      "c916",
      "c209",
      "c818",
      "c945",
      "c337",
      "c487",
      "c542",
      "c754",
      "c766",
      "c126",
      "c235",
      "c333",
      "c344",
      "c491",
      "c569",
      "c192",
      "c948",
      "c734",
      "c002",
      "c172",
      "c825",
      "c080",
      "c274",
      "c149",
      "c536",
      "c647",
      "c862",
      "c690",
      "c440",
      "c004",
      "c157",
      "c331",
      "c377",
      "c646",
      "c832",
      "c150",
      "c259",
      "c312",
      "c403",
      "c448",
      "c561",
      "c764",
      "c780",
      "c039",
      "c269",
      "c582",
      "c532",
      "c319",
      "c792",
      "c194",
      "c499",
      "c517",
      "c885",
      "c137",
      "c422",
      "c732",
      "c530",
      "c380",
      "c443",
      "c045",
      "c399",
      "c786",
      "c098",
      "c860",
      "c358",
      "c608",
      "c700",
      "c313",
      "c511",
      "c877",
      "c021",
      "c527",
      "c998",
      "c190",
      "c206",
      "c539",
      "c892",
      "c765",
      "c747",
      "c410",
      "c788",
      "c820",
      "c124",
      "c389",
      "c513",
      "c522",
      "c852",
      "c895",
      "c953",
      "c113",
      "c139",
      "c250",
      "c713",
      "c898",
      "c237",
      "c738",
      "c263",
      "c613",
      "c878",
      "c931",
      "c223",
      "c466",
      "c802",
      "c827",
      "c894",
      "c130",
      "c061",
      "c067",
      "c256",
      "c617",
      "c659",
      "c932",
      "c978",
      "c594",
      "c661",
      "c689",
      "c375",
      "c914",
      "c709",
      "c847",
      "c576",
      "c347",
      "c813",
      "c875",
      "c423",
      "c602",
      "c636",
      "c667",
      "c812",
      "c883",
      "c462",
      "c881",
      "c311",
      "c417",
      "c186",
      "c352",
      "c587",
      "c258",
      "c318",
      "c535",
      "c225",
      "c370",
      "c013",
      "c058",
      "c011",
      "c365",
      "c922",
      "c076",
      "c163",
      "c081",
      "c119",
      "c836",
      "c564",
      "c635",
      "c664",
      "c880",
      "c216",
      "c982",
      "c306",
      "c879",
      "c104",
      "c084",
      "c861",
      "c675",
      "c573",
      "c870",
      "c276",
      "c967",
      "c505",
      "c007",
      "c128",
      "c843",
      "c197",
      "c490",
      "c018",
      "c201",
      "c954",
      "c355",
      "c152",
      "c027",
      "c749",
      "c571",
      "c874",
      "c669",
      "c693",
      "c911",
      "c238",
      "c803",
      "c357",
      "c458",
      "c773",
      "c903",
      "c115",
      "c416",
      "c089",
      "c760",
      "c077",
      "c208",
      "c657",
      "c665",
      "c075",
      "c131",
      "c270",
      "c001",
      "c030",
      "c099",
      "c778",
      "c141",
      "c963",
      "c822",
      "c990",
      "c184",
      "c405",
      "c036",
      "c441",
      "c719",
      "c085",
      "c432",
      "c222",
      "c604",
      "c558",
      "c019",
      "c299",
      "c684",
      "c692",
      "c846",
      "c869",
      "c748",
      "c055",
      "c819",
      "c768",
      "c326",
      "c386",
      "c096",
      "c614",
      "c025",
      "c167",
      "c718",
      "c837",
      "c063",
      "c070",
      "c580",
      "c147",
      "c618",
      "c865",
      "c655",
      "c279",
      "c826",
      "c066",
      "c409",
      "c759",
      "c090",
      "c596",
      "c682",
      "c512",
      "c597",
      "c016",
      "c465",
      "c703",
      "c249",
      "c616",
      "c254",
      "c645",
      "c451",
      "c244",
      "c419",
      "c426",
      "c607",
      "c921",
      "c551",
      "c048",
      "c756",
      "c346",
      "c473",
      "c492",
      "c956",
      "c872",
      "c170",
      "c688",
      "c796",
      "c660",
      "c968",
      "c974",
      "c193",
      "c680",
      "c695",
      "c359",
      "c388",
      "c859",
      "c947",
      "c581",
      "c769",
      "c229",
      "c461",
      "c374",
      "c233",
      "c360",
      "c248",
      "c464",
      "c960",
      "c079",
      "c100",
      "c980",
      "c910",
      "c962",
      "c142",
      "c257",
      "c411",
      "c691",
      "c757",
      "c340",
      "c478",
      "c376",
      "c006",
      "c108",
      "c407",
      "c603",
      "c817",
      "c242",
      "c253",
      "c145",
      "c541",
      "c785",
      "c029",
      "c107",
      "c122",
      "c349",
      "c516",
      "c946",
      "c228",
      "c565",
      "c928",
      "c525",
      "c842",
      "c102",
      "c630",
      "c987",
      "c638",
      "c309",
      "c642",
      "c121",
      "c641",
      "c697",
      "c884",
      "c955",
      "c091",
      "c350",
      "c255",
      "c957",
      "c586",
      "c808",
      "c896",
      "c008",
      "c519",
      "c868",
      "c563",
      "c807",
      "c704"
    ]
  },
  "ordered_queues": {
    "edge-1": [
      "c239",
      "c265",
      "c266",
      "c323",
      "c325",
      "c467",
      "c479",
      "c550",
      "c590",
      "c624",
      "c890",
      "c943"
    ],
    "edge-2": [
      "c156",
      "c169",
      "c328",
      "c330",
      "c367",
      "c567",
      "c579",
      "c800"
    ],
    "edge-3": [
      "c051",
      "c116",
      "c159",
      "c261",
      "c343",
      "c408",
      "c531",
      "c644",
      "c656",
      "c708"
    ],
    "edge-4": [
      "c028",
      "c043",
      "c088",
      "c143",
      "c174",
      "c180",
      "c321",
      "c851",
      "c855"
    ],
    "edge-5": [
      "c032",
      "c033",
      "c044",
      "c262",
      "c322",
      "c716",
      "c737",
      "c739",
      "c799",
      "c848"
    ],
    "edge-6": [
      "c296",
      "c449",
      "c493",
      "c508",
      "c528",
      "c601",
      "c724",
      "c816",
      "c829"
    ],
    "edge-7": [
      "c185",
      "c187",
      "c199",
      "c214",
      "c363",
      "c428",
      "c501",
      "c534",
      "c553",
      "c588"
    ],
    "edge-8": [
      "c003",
      "c022",
      "c049",
      "c078",
      "c136",
      "c155",
      "c841",
      "c944",
      "c961",
      "c965"
    ]
  }
}
================================================================================
[RUN][K8s-CA] drtp_img88_cacheonly_640mb_200.json
{
  "summary": {
    "algo": "FG-DSCR-GC-K8sCA",
    "num_containers": 200,
    "num_scheduled_containers": 91,
    "num_nodes": 8,
    "failed_deployments": 109,
    "ca_penalty": 545.0,
    "ca_downloaded_mb": 30648,
    "ACT": 164.74619963369963,
    "AMS": 287.2171875,
    "downloaded_mb": 56899,
    "reused_mb": 21261,
    "reuse_rate": 0.27201893551688844,
    "objective_without_ca_penalty": 225.98169356684983,
    "objective": 770.9816935668498
  },
  "assignment": {
    "edge-1": [
      "c117",
      "c051",
      "c052",
      "c060",
      "c119",
      "c176",
      "c188",
      "c003",
      "c155",
      "c053",
      "c072",
      "c121",
      "c115",
      "c129",
      "c157"
    ],
    "edge-2": [
      "c004",
      "c030",
      "c170",
      "c122",
      "c006",
      "c010",
      "c128",
      "c173",
      "c086",
      "c078"
    ],
    "edge-3": [
      "c034",
      "c178",
      "c147",
      "c144",
      "c182",
      "c196",
      "c027",
      "c025",
      "c058",
      "c061",
      "c067",
      "c071"
    ],
    "edge-4": [
      "c160",
      "c165",
      "c199",
      "c016",
      "c017",
      "c047",
      "c082",
      "c098",
      "c019",
      "c198",
      "c074"
    ],
    "edge-5": [
      "c126",
      "c007",
      "c134",
      "c105",
      "c190",
      "c089"
    ],
    "edge-6": [
      "c123",
      "c142",
      "c168",
      "c012",
      "c029",
      "c036",
      "c057",
      "c079",
      "c093",
      "c049",
      "c172",
      "c166"
    ],
    "edge-7": [
      "c107",
      "c020",
      "c076",
      "c088",
      "c109",
      "c180",
      "c149",
      "c097",
      "c091",
      "c156",
      "c022",
      "c130",
      "c152"
    ],
    "edge-8": [
      "c095",
      "c099",
      "c106",
      "c108",
      "c111",
      "c164",
      "c002",
      "c037",
      "c063",
      "c066",
      "c069",
      "c084"
    ],
    "__CA_GUARANTEE__": [
      "c068",
      "c104",
      "c092",
      "c116",
      "c161",
      "c032",
      "c167",
      "c140",
      "c177",
      "c045",
      "c035",
      "c018",
      "c136",
      "c133",
      "c169",
      "c080",
      "c127",
      "c031",
      "c183",
      "c139",
      "c044",
      "c197",
      "c118",
      "c162",
      "c009",
      "c151",
      "c090",
      "c159",
      "c135",
      "c056",
      "c070",
      "c153",
      "c055",
      "c064",
      "c083",
      "c005",
      "c120",
      "c175",
      "c154",
      "c193",
      "c065",
      "c001",
      "c041",
      "c114",
      "c046",
      "c100",
      "c112",
      "c039",
      "c200",
      "c094",
      "c138",
      "c158",
      "c195",
      "c125",
      "c186",
      "c014",
      "c024",
      "c008",
      "c163",
      "c043",
      "c141",
      "c192",
      "c102",
      "c132",
      "c021",
      "c073",
      "c028",
      "c181",
      "c040",
      "c137",
      "c101",
      "c077",
      "c062",
      "c150",
      "c131",
      "c143",
      "c103",
      "c191",
      "c087",
      "c110",
      "c185",
      "c054",
      "c171",
      "c011",
      "c075",
      "c042",
      "c189",
      "c146",
      "c033",
      "c026",
      "c081",
      "c174",
      "c096",
      "c048",
      "c038",
      "c085",
      "c184",
      "c013",
      "c124",
      "c050",
      "c187",
      "c148",
      "c145",
      "c194",
      "c113",
      "c179",
      "c015",
      "c023",
      "c059"
    ]
  },
  "ordered_queues": {
    "edge-1": [
      "c003",
      "c051",
      "c052",
      "c053",
      "c060",
      "c072",
      "c115",
      "c117",
      "c119",
      "c121",
      "c129",
      "c155",
      "c157",
      "c176",
      "c188"
    ],
    "edge-2": [
      "c004",
      "c006",
      "c010",
      "c030",
      "c078",
      "c086",
      "c122",
      "c128",
      "c170",
      "c173"
    ],
    "edge-3": [
      "c025",
      "c027",
      "c034",
      "c058",
      "c061",
      "c067",
      "c071",
      "c144",
      "c147",
      "c178",
      "c182",
      "c196"
    ],
    "edge-4": [
      "c016",
      "c017",
      "c019",
      "c047",
      "c074",
      "c082",
      "c098",
      "c160",
      "c165",
      "c198",
      "c199"
    ],
    "edge-5": [
      "c007",
      "c105",
      "c126",
      "c134",
      "c190",
      "c089"
    ],
    "edge-6": [
      "c012",
      "c029",
      "c036",
      "c049",
      "c057",
      "c079",
      "c093",
      "c123",
      "c142",
      "c166",
      "c168",
      "c172"
    ],
    "edge-7": [
      "c020",
      "c076",
      "c088",
      "c097",
      "c107",
      "c109",
      "c149",
      "c180",
      "c022",
      "c091",
      "c130",
      "c152",
      "c156"
    ],
    "edge-8": [
      "c002",
      "c037",
      "c063",
      "c066",
      "c069",
      "c084",
      "c095",
      "c099",
      "c106",
      "c108",
      "c111",
      "c164"
    ]
  }
}
================================================================================
[RUN][K8s-CA] drtp_img88_cacheonly_640mb_300.json
{
  "summary": {
    "algo": "FG-DSCR-GC-K8sCA",
    "num_containers": 300,
    "num_scheduled_containers": 92,
    "num_nodes": 8,
    "failed_deployments": 208,
    "ca_penalty": 693.3333333333334,
    "ca_downloaded_mb": 65588,
    "ACT": 184.61906702898546,
    "AMS": 330.57656249999985,
    "downloaded_mb": 76188,
    "reused_mb": 14488,
    "reuse_rate": 0.15977766994574089,
    "objective_without_ca_penalty": 257.5978147644927,
    "objective": 950.931148097826
  },
  "assignment": {
    "edge-1": [
      "c151",
      "c166",
      "c191",
      "c198",
      "c211",
      "c245",
      "c260",
      "c267",
      "c277",
      "c292",
      "c297",
      "c280",
      "c154"
    ],
    "edge-2": [
      "c028",
      "c043",
      "c088",
      "c022",
      "c049",
      "c272",
      "c051",
      "c009",
      "c083",
      "c116",
      "c169"
    ],
    "edge-3": [
      "c005",
      "c041",
      "c129",
      "c158",
      "c175",
      "c205",
      "c230",
      "c240",
      "c241",
      "c281",
      "c068",
      "c264",
      "c071",
      "c283"
    ],
    "edge-4": [
      "c136",
      "c155",
      "c261",
      "c265",
      "c266",
      "c032",
      "c033",
      "c044",
      "c252",
      "c012",
      "c159"
    ],
    "edge-5": [
      "c053",
      "c132",
      "c171",
      "c183",
      "c189",
      "c200",
      "c203",
      "c217",
      "c219",
      "c078",
      "c156",
      "c185"
    ],
    "edge-6": [
      "c187",
      "c199",
      "c214",
      "c251",
      "c296",
      "c143",
      "c174",
      "c180",
      "c003",
      "c239"
    ],
    "edge-7": [
      "c020",
      "c109",
      "c065",
      "c037",
      "c148",
      "c153",
      "c177",
      "c179",
      "c015",
      "c095"
    ],
    "edge-8": [
      "c220",
      "c262",
      "c285",
      "c050",
      "c062",
      "c073",
      "c087",
      "c101",
      "c112",
      "c114",
      "c294"
    ],
    "__CA_GUARANTEE__": [
      "c268",
      "c042",
      "c046",
      "c140",
      "c247",
      "c135",
      "c105",
      "c138",
      "c196",
      "c271",
      "c287",
      "c111",
      "c221",
      "c093",
      "c236",
      "c291",
      "c195",
      "c120",
      "c054",
      "c123",
      "c164",
      "c014",
      "c059",
      "c103",
      "c246",
      "c282",
      "c031",
      "c106",
      "c161",
      "c072",
      "c181",
      "c215",
      "c226",
      "c082",
      "c092",
      "c160",
      "c047",
      "c026",
      "c094",
      "c202",
      "c017",
      "c290",
      "c057",
      "c110",
      "c052",
      "c038",
      "c188",
      "c204",
      "c213",
      "c064",
      "c069",
      "c227",
      "c024",
      "c293",
      "c118",
      "c097",
      "c165",
      "c060",
      "c146",
      "c023",
      "c286",
      "c010",
      "c127",
      "c144",
      "c224",
      "c243",
      "c295",
      "c173",
      "c178",
      "c288",
      "c168",
      "c273",
      "c162",
      "c218",
      "c289",
      "c035",
      "c176",
      "c207",
      "c284",
      "c125",
      "c210",
      "c231",
      "c234",
      "c212",
      "c275",
      "c056",
      "c298",
      "c300",
      "c086",
      "c040",
      "c133",
      "c034",
      "c182",
      "c232",
      "c134",
      "c278",
      "c117",
      "c074",
      "c209",
      "c126",
      "c235",
      "c192",
      "c002",
      "c172",
      "c080",
      "c274",
      "c149",
      "c004",
      "c157",
      "c150",
      "c259",
      "c039",
      "c269",
      "c194",
      "c137",
      "c045",
      "c098",
      "c021",
      "c190",
      "c206",
      "c124",
      "c113",
      "c139",
      "c250",
      "c237",
      "c263",
      "c223",
      "c130",
      "c061",
      "c067",
      "c256",
      "c186",
      "c258",
      "c225",
      "c013",
      "c058",
      "c011",
      "c076",
      "c163",
      "c081",
      "c119",
      "c216",
      "c104",
      "c084",
      "c276",
      "c007",
      "c128",
      "c197",
      "c018",
      "c201",
      "c152",
      "c027",
      "c238",
      "c115",
      "c089",
      "c077",
      "c208",
      "c075",
      "c131",
      "c270",
      "c001",
      "c030",
      "c099",
      "c141",
      "c184",
      "c036",
      "c085",
      "c222",
      "c019",
      "c299",
      "c055",
      "c096",
      "c025",
      "c167",
      "c063",
      "c070",
      "c147",
      "c279",
      "c066",
      "c090",
      "c016",
      "c249",
      "c254",
      "c244",
      "c048",
      "c170",
      "c193",
      "c229",
      "c233",
      "c248",
      "c079",
      "c100",
      "c142",
      "c257",
      "c006",
      "c108",
      "c242",
      "c253",
      "c145",
      "c029",
      "c107",
      "c122",
      "c228",
      "c102",
      "c121",
      "c091",
      "c255",
      "c008"
    ]
  },
  "ordered_queues": {
    "edge-1": [
      "c151",
      "c154",
      "c166",
      "c191",
      "c198",
      "c211",
      "c245",
      "c260",
      "c267",
      "c277",
      "c280",
      "c292",
      "c297"
    ],
    "edge-2": [
      "c009",
      "c022",
      "c028",
      "c043",
      "c049",
      "c051",
      "c083",
      "c088",
      "c116",
      "c169",
      "c272"
    ],
    "edge-3": [
      "c005",
      "c041",
      "c068",
      "c071",
      "c129",
      "c158",
      "c175",
      "c205",
      "c230",
      "c240",
      "c241",
      "c264",
      "c281",
      "c283"
    ],
    "edge-4": [
      "c012",
      "c032",
      "c033",
      "c044",
      "c136",
      "c155",
      "c159",
      "c252",
      "c261",
      "c265",
      "c266"
    ],
    "edge-5": [
      "c053",
      "c078",
      "c132",
      "c156",
      "c171",
      "c183",
      "c185",
      "c189",
      "c200",
      "c203",
      "c217",
      "c219"
    ],
    "edge-6": [
      "c003",
      "c143",
      "c174",
      "c180",
      "c187",
      "c199",
      "c214",
      "c239",
      "c251",
      "c296"
    ],
    "edge-7": [
      "c020",
      "c037",
      "c065",
      "c109",
      "c148",
      "c153",
      "c177",
      "c179",
      "c015",
      "c095"
    ],
    "edge-8": [
      "c050",
      "c062",
      "c073",
      "c087",
      "c101",
      "c112",
      "c114",
      "c220",
      "c262",
      "c285",
      "c294"
    ]
  }
}
================================================================================
[RUN][K8s-CA] drtp_img88_cacheonly_640mb_400.json
{
  "summary": {
    "algo": "FG-DSCR-GC-K8sCA",
    "num_containers": 400,
    "num_scheduled_containers": 90,
    "num_nodes": 8,
    "failed_deployments": 310,
    "ca_penalty": 775.0,
    "ca_downloaded_mb": 117923,
    "ACT": 188.27537037037035,
    "AMS": 333.3546874999999,
    "downloaded_mb": 80918,
    "reused_mb": 11152,
    "reuse_rate": 0.12112523080265016,
    "objective_without_ca_penalty": 260.8150289351851,
    "objective": 1035.8150289351852
  },
  "assignment": {
    "edge-1": [
      "c262",
      "c356",
      "c062",
      "c073",
      "c087",
      "c101",
      "c296",
      "c028",
      "c088",
      "c043"
    ],
    "edge-2": [
      "c175",
      "c151",
      "c166",
      "c308",
      "c129",
      "c191",
      "c245",
      "c361",
      "c260"
    ],
    "edge-3": [
      "c198",
      "c211",
      "c267",
      "c277",
      "c292",
      "c294",
      "c297",
      "c143",
      "c321",
      "c169",
      "c307",
      "c285"
    ],
    "edge-4": [
      "c343",
      "c003",
      "c022",
      "c049",
      "c136",
      "c155",
      "c239",
      "c261",
      "c265",
      "c174",
      "c051"
    ],
    "edge-5": [
      "c310",
      "c315",
      "c316",
      "c317",
      "c381",
      "c383",
      "c005",
      "c015",
      "c041",
      "c095",
      "c050",
      "c220",
      "c327"
    ],
    "edge-6": [
      "c266",
      "c323",
      "c325",
      "c328",
      "c330",
      "c367",
      "c032",
      "c033",
      "c044",
      "c112",
      "c304"
    ],
    "edge-7": [
      "c158",
      "c205",
      "c230",
      "c240",
      "c241",
      "c251",
      "c252",
      "c272",
      "c281",
      "c302",
      "c341",
      "c351",
      "c078",
      "c116"
    ],
    "edge-8": [
      "c156",
      "c159",
      "c185",
      "c187",
      "c199",
      "c214",
      "c114",
      "c322",
      "c180",
      "c363"
    ],
    "__CA_GUARANTEE__": [
      "c353",
      "c391",
      "c009",
      "c012",
      "c053",
      "c083",
      "c132",
      "c171",
      "c183",
      "c189",
      "c200",
      "c203",
      "c217",
      "c219",
      "c280",
      "c334",
      "c378",
      "c392",
      "c068",
      "c154",
      "c264",
      "c283",
      "c071",
      "c336",
      "c020",
      "c109",
      "c065",
      "c324",
      "c384",
      "c396",
      "c037",
      "c148",
      "c153",
      "c177",
      "c179",
      "c268",
      "c042",
      "c046",
      "c140",
      "c247",
      "c303",
      "c135",
      "c105",
      "c138",
      "c196",
      "c271",
      "c287",
      "c111",
      "c221",
      "c093",
      "c236",
      "c291",
      "c354",
      "c195",
      "c120",
      "c054",
      "c123",
      "c393",
      "c164",
      "c345",
      "c014",
      "c059",
      "c103",
      "c246",
      "c282",
      "c031",
      "c106",
      "c332",
      "c161",
      "c305",
      "c072",
      "c400",
      "c181",
      "c215",
      "c371",
      "c226",
      "c082",
      "c092",
      "c160",
      "c368",
      "c047",
      "c366",
      "c026",
      "c094",
      "c202",
      "c017",
      "c290",
      "c382",
      "c057",
      "c110",
      "c052",
      "c038",
      "c188",
      "c385",
      "c204",
      "c213",
      "c064",
      "c069",
      "c227",
      "c024",
      "c387",
      "c293",
      "c118",
      "c097",
      "c165",
      "c379",
      "c060",
      "c339",
      "c146",
      "c023",
      "c395",
      "c286",
      "c010",
      "c127",
      "c348",
      "c144",
      "c224",
      "c243",
      "c295",
      "c362",
      "c173",
      "c178",
      "c288",
      "c338",
      "c398",
      "c335",
      "c394",
      "c168",
      "c273",
      "c364",
      "c162",
      "c369",
      "c218",
      "c289",
      "c035",
      "c176",
      "c207",
      "c284",
      "c373",
      "c125",
      "c210",
      "c231",
      "c234",
      "c329",
      "c212",
      "c275",
      "c372",
      "c056",
      "c301",
      "c390",
      "c298",
      "c300",
      "c086",
      "c040",
      "c133",
      "c034",
      "c182",
      "c320",
      "c232",
      "c314",
      "c134",
      "c278",
      "c117",
      "c342",
      "c074",
      "c397",
      "c209",
      "c337",
      "c126",
      "c235",
      "c333",
      "c344",
      "c192",
      "c002",
      "c172",
      "c080",
      "c274",
      "c149",
      "c004",
      "c157",
      "c331",
      "c377",
      "c150",
      "c259",
      "c312",
      "c039",
      "c269",
      "c319",
      "c194",
      "c137",
      "c380",
      "c045",
      "c399",
      "c098",
      "c358",
      "c313",
      "c021",
      "c190",
      "c206",
      "c124",
      "c389",
      "c113",
      "c139",
      "c250",
      "c237",
      "c263",
      "c223",
      "c130",
      "c061",
      "c067",
      "c256",
      "c375",
      "c347",
      "c311",
      "c186",
      "c352",
      "c258",
      "c318",
      "c225",
      "c370",
      "c013",
      "c058",
      "c011",
      "c365",
      "c076",
      "c163",
      "c081",
      "c119",
      "c216",
      "c306",
      "c104",
      "c084",
      "c276",
      "c007",
      "c128",
      "c197",
      "c018",
      "c201",
      "c355",
      "c152",
      "c027",
      "c238",
      "c357",
      "c115",
      "c089",
      "c077",
      "c208",
      "c075",
      "c131",
      "c270",
      "c001",
      "c030",
      "c099",
      "c141",
      "c184",
      "c036",
      "c085",
      "c222",
      "c019",
      "c299",
      "c055",
      "c326",
      "c386",
      "c096",
      "c025",
      "c167",
      "c063",
      "c070",
      "c147",
      "c279",
      "c066",
      "c090",
      "c016",
      "c249",
      "c254",
      "c244",
      "c048",
      "c346",
      "c170",
      "c193",
      "c359",
      "c388",
      "c229",
      "c374",
      "c233",
      "c360",
      "c248",
      "c079",
      "c100",
      "c142",
      "c257",
      "c340",
      "c376",
      "c006",
      "c108",
      "c242",
      "c253",
      "c145",
      "c029",
      "c107",
      "c122",
      "c349",
      "c228",
      "c102",
      "c309",
      "c121",
      "c091",
      "c350",
      "c255",
      "c008"
    ]
  },
  "ordered_queues": {
    "edge-1": [
      "c028",
      "c043",
      "c062",
      "c073",
      "c087",
      "c088",
      "c101",
      "c262",
      "c296",
      "c356"
    ],
    "edge-2": [
      "c129",
      "c151",
      "c166",
      "c175",
      "c191",
      "c245",
      "c260",
      "c308",
      "c361"
    ],
    "edge-3": [
      "c143",
      "c169",
      "c198",
      "c211",
      "c267",
      "c277",
      "c285",
      "c292",
      "c294",
      "c297",
      "c307",
      "c321"
    ],
    "edge-4": [
      "c003",
      "c022",
      "c049",
      "c051",
      "c136",
      "c155",
      "c174",
      "c239",
      "c261",
      "c265",
      "c343"
    ],
    "edge-5": [
      "c005",
      "c015",
      "c041",
      "c050",
      "c095",
      "c220",
      "c310",
      "c315",
      "c316",
      "c317",
      "c327",
      "c381",
      "c383"
    ],
    "edge-6": [
      "c032",
      "c033",
      "c044",
      "c112",
      "c266",
      "c304",
      "c323",
      "c325",
      "c328",
      "c330",
      "c367"
    ],
    "edge-7": [
      "c078",
      "c116",
      "c158",
      "c205",
      "c230",
      "c240",
      "c241",
      "c251",
      "c252",
      "c272",
      "c281",
      "c302",
      "c341",
      "c351"
    ],
    "edge-8": [
      "c114",
      "c156",
      "c159",
      "c180",
      "c185",
      "c187",
      "c199",
      "c214",
      "c322",
      "c363"
    ]
  }
}
================================================================================
[RUN][K8s-CA] drtp_img88_cacheonly_640mb_500.json
{
  "summary": {
    "algo": "FG-DSCR-GC-K8sCA",
    "num_containers": 500,
    "num_scheduled_containers": 81,
    "num_nodes": 8,
    "failed_deployments": 419,
    "ca_penalty": 838.0,
    "ca_downloaded_mb": 186708,
    "ACT": 170.73611111111111,
    "AMS": 300.07135416666665,
    "downloaded_mb": 72935,
    "reused_mb": 9928,
    "reuse_rate": 0.11981222017064311,
    "objective_without_ca_penalty": 235.40373263888887,
    "objective": 1073.4037326388889
  },
  "assignment": {
    "edge-1": [
      "c197",
      "c224",
      "c226",
      "c262",
      "c280",
      "c282",
      "c287",
      "c296",
      "c387",
      "c146",
      "c453",
      "c461"
    ],
    "edge-2": [
      "c078",
      "c270",
      "c041",
      "c090",
      "c173",
      "c186",
      "c273",
      "c020",
      "c265"
    ],
    "edge-3": [
      "c305",
      "c315",
      "c329",
      "c339",
      "c344",
      "c369",
      "c421",
      "c274",
      "c441",
      "c443",
      "c147",
      "c245"
    ],
    "edge-4": [
      "c292",
      "c354",
      "c363",
      "c370",
      "c021",
      "c043",
      "c055",
      "c312",
      "c113"
    ],
    "edge-5": [
      "c103",
      "c106",
      "c157",
      "c179",
      "c142",
      "c170",
      "c063",
      "c256",
      "c136",
      "c319"
    ],
    "edge-6": [
      "c235",
      "c207",
      "c302",
      "c087",
      "c242",
      "c062",
      "c093",
      "c165",
      "c357"
    ],
    "edge-7": [
      "c108",
      "c121",
      "c122",
      "c181",
      "c185",
      "c196",
      "c311",
      "c019",
      "c303",
      "c193"
    ],
    "edge-8": [
      "c331",
      "c345",
      "c349",
      "c385",
      "c493",
      "c500",
      "c002",
      "c003",
      "c015",
      "c067"
    ],
    "__CA_GUARANTEE__": [
      "c160",
      "c210",
      "c215",
      "c227",
      "c248",
      "c308",
      "c309",
      "c353",
      "c359",
      "c386",
      "c437",
      "c460",
      "c491",
      "c027",
      "c030",
      "c035",
      "c036",
      "c047",
      "c056",
      "c099",
      "c112",
      "c115",
      "c119",
      "c123",
      "c127",
      "c134",
      "c171",
      "c194",
      "c206",
      "c251",
      "c253",
      "c263",
      "c279",
      "c290",
      "c340",
      "c348",
      "c356",
      "c362",
      "c381",
      "c464",
      "c467",
      "c478",
      "c494",
      "c028",
      "c060",
      "c064",
      "c077",
      "c086",
      "c109",
      "c128",
      "c288",
      "c298",
      "c343",
      "c398",
      "c404",
      "c426",
      "c436",
      "c449",
      "c459",
      "c481",
      "c486",
      "c487",
      "c496",
      "c029",
      "c116",
      "c177",
      "c384",
      "c411",
      "c415",
      "c278",
      "c155",
      "c203",
      "c004",
      "c066",
      "c102",
      "c182",
      "c188",
      "c234",
      "c352",
      "c475",
      "c216",
      "c255",
      "c405",
      "c455",
      "c472",
      "c065",
      "c373",
      "c438",
      "c148",
      "c223",
      "c337",
      "c168",
      "c439",
      "c022",
      "c335",
      "c088",
      "c184",
      "c053",
      "c125",
      "c316",
      "c365",
      "c144",
      "c198",
      "c264",
      "c427",
      "c446",
      "c499",
      "c009",
      "c026",
      "c050",
      "c471",
      "c272",
      "c321",
      "c425",
      "c094",
      "c070",
      "c101",
      "c230",
      "c419",
      "c045",
      "c068",
      "c071",
      "c145",
      "c237",
      "c258",
      "c332",
      "c454",
      "c169",
      "c289",
      "c346",
      "c451",
      "c024",
      "c222",
      "c450",
      "c061",
      "c132",
      "c138",
      "c001",
      "c039",
      "c080",
      "c166",
      "c195",
      "c307",
      "c483",
      "c058",
      "c073",
      "c236",
      "c243",
      "c326",
      "c379",
      "c214",
      "c360",
      "c025",
      "c240",
      "c250",
      "c406",
      "c217",
      "c323",
      "c336",
      "c069",
      "c172",
      "c187",
      "c276",
      "c371",
      "c082",
      "c212",
      "c327",
      "c333",
      "c417",
      "c468",
      "c013",
      "c114",
      "c218",
      "c444",
      "c355",
      "c178",
      "c176",
      "c257",
      "c442",
      "c037",
      "c095",
      "c098",
      "c313",
      "c351",
      "c414",
      "c075",
      "c105",
      "c111",
      "c140",
      "c152",
      "c163",
      "c416",
      "c129",
      "c429",
      "c410",
      "c042",
      "c151",
      "c283",
      "c466",
      "c005",
      "c275",
      "c492",
      "c424",
      "c167",
      "c301",
      "c358",
      "c418",
      "c084",
      "c107",
      "c423",
      "c400",
      "c191",
      "c092",
      "c120",
      "c401",
      "c420",
      "c470",
      "c281",
      "c350",
      "c318",
      "c383",
      "c018",
      "c137",
      "c286",
      "c489",
      "c135",
      "c164",
      "c208",
      "c347",
      "c007",
      "c081",
      "c085",
      "c322",
      "c477",
      "c051",
      "c342",
      "c364",
      "c083",
      "c397",
      "c117",
      "c300",
      "c008",
      "c158",
      "c338",
      "c038",
      "c139",
      "c325",
      "c395",
      "c213",
      "c291",
      "c046",
      "c374",
      "c391",
      "c124",
      "c382",
      "c052",
      "c341",
      "c033",
      "c247",
      "c016",
      "c199",
      "c480",
      "c209",
      "c408",
      "c089",
      "c231",
      "c183",
      "c202",
      "c320",
      "c403",
      "c409",
      "c465",
      "c232",
      "c268",
      "c328",
      "c091",
      "c219",
      "c314",
      "c476",
      "c076",
      "c225",
      "c014",
      "c180",
      "c059",
      "c277",
      "c388",
      "c469",
      "c252",
      "c074",
      "c220",
      "c048",
      "c057",
      "c372",
      "c295",
      "c392",
      "c130",
      "c259",
      "c010",
      "c297",
      "c175",
      "c299",
      "c079",
      "c428",
      "c306",
      "c269",
      "c211",
      "c006",
      "c457",
      "c304",
      "c482",
      "c378",
      "c031",
      "c153",
      "c485",
      "c034",
      "c271",
      "c238",
      "c154",
      "c412",
      "c440",
      "c254",
      "c284",
      "c317",
      "c150",
      "c190",
      "c239",
      "c462",
      "c156",
      "c433",
      "c189",
      "c495",
      "c376",
      "c233",
      "c100",
      "c324",
      "c334",
      "c361",
      "c445",
      "c118",
      "c497",
      "c054",
      "c463",
      "c141",
      "c149",
      "c221",
      "c260",
      "c131",
      "c266",
      "c396",
      "c422",
      "c011",
      "c389",
      "c484",
      "c023",
      "c110",
      "c456",
      "c488",
      "c044",
      "c498",
      "c161",
      "c377",
      "c393",
      "c310",
      "c040",
      "c448",
      "c452",
      "c380",
      "c159",
      "c458",
      "c012",
      "c228",
      "c072",
      "c285",
      "c368",
      "c447",
      "c431",
      "c402",
      "c435",
      "c293",
      "c407",
      "c294",
      "c399",
      "c267",
      "c249",
      "c017",
      "c201",
      "c490",
      "c104",
      "c096",
      "c143",
      "c205",
      "c204",
      "c200",
      "c229",
      "c049",
      "c162",
      "c244",
      "c473",
      "c174",
      "c434",
      "c394",
      "c192",
      "c330",
      "c375",
      "c261",
      "c474",
      "c133",
      "c430",
      "c413",
      "c432",
      "c366",
      "c246",
      "c126",
      "c479",
      "c367",
      "c032",
      "c241",
      "c390",
      "c097"
    ]
  },
  "ordered_queues": {
    "edge-1": [
      "c146",
      "c197",
      "c224",
      "c226",
      "c262",
      "c280",
      "c282",
      "c287",
      "c296",
      "c387",
      "c453",
      "c461"
    ],
    "edge-2": [
      "c020",
      "c041",
      "c078",
      "c090",
      "c173",
      "c186",
      "c265",
      "c270",
      "c273"
    ],
    "edge-3": [
      "c147",
      "c245",
      "c274",
      "c305",
      "c315",
      "c329",
      "c339",
      "c344",
      "c369",
      "c421",
      "c441",
      "c443"
    ],
    "edge-4": [
      "c021",
      "c043",
      "c055",
      "c113",
      "c292",
      "c312",
      "c354",
      "c363",
      "c370"
    ],
    "edge-5": [
      "c063",
      "c103",
      "c106",
      "c136",
      "c142",
      "c157",
      "c170",
      "c179",
      "c256",
      "c319"
    ],
    "edge-6": [
      "c062",
      "c087",
      "c093",
      "c165",
      "c207",
      "c235",
      "c242",
      "c302",
      "c357"
    ],
    "edge-7": [
      "c019",
      "c108",
      "c121",
      "c122",
      "c181",
      "c185",
      "c193",
      "c196",
      "c303",
      "c311"
    ],
    "edge-8": [
      "c002",
      "c003",
      "c015",
      "c067",
      "c331",
      "c345",
      "c349",
      "c385",
      "c493",
      "c500"
    ]
  }
}
================================================================================
[RUN][K8s-CA] drtp_img88_cacheonly_640mb_600.json
{
  "summary": {
    "algo": "FG-DSCR-GC-K8sCA",
    "num_containers": 600,
    "num_scheduled_containers": 83,
    "num_nodes": 8,
    "failed_deployments": 517,
    "ca_penalty": 861.6666666666666,
    "ca_downloaded_mb": 233291,
    "ACT": 171.0140060240964,
    "AMS": 307.38125,
    "downloaded_mb": 74709,
    "reused_mb": 10200,
    "reuse_rate": 0.1201286082747412,
    "objective_without_ca_penalty": 239.1976280120482,
    "objective": 1100.864294678715
  },
  "assignment": {
    "edge-1": [
      "c579",
      "c588",
      "c590",
      "c032",
      "c051",
      "c116",
      "c156",
      "c159",
      "c304",
      "c169",
      "c199"
    ],
    "edge-2": [
      "c296",
      "c363",
      "c428",
      "c553",
      "c028",
      "c043",
      "c088",
      "c143",
      "c174"
    ],
    "edge-3": [
      "c114",
      "c151",
      "c166",
      "c191",
      "c198",
      "c260",
      "c343",
      "c265",
      "c044",
      "c220",
      "c325"
    ],
    "edge-4": [
      "c062",
      "c101",
      "c073",
      "c087",
      "c112",
      "c424",
      "c439",
      "c033",
      "c214"
    ],
    "edge-5": [
      "c474",
      "c521",
      "c534",
      "c550",
      "c560",
      "c566",
      "c575",
      "c050",
      "c292",
      "c328",
      "c330"
    ],
    "edge-6": [
      "c022",
      "c049",
      "c136",
      "c155",
      "c239",
      "c261",
      "c266",
      "c323",
      "c310",
      "c187",
      "c408",
      "c185"
    ],
    "edge-7": [
      "c262",
      "c285",
      "c327",
      "c356",
      "c078",
      "c180",
      "c493",
      "c321",
      "c501",
      "c003"
    ],
    "edge-8": [
      "c367",
      "c467",
      "c479",
      "c531",
      "c567",
      "c211",
      "c508",
      "c528",
      "c322",
      "c449"
    ],
    "__CA_GUARANTEE__": [
      "c245",
      "c267",
      "c277",
      "c294",
      "c297",
      "c307",
      "c308",
      "c315",
      "c316",
      "c317",
      "c361",
      "c381",
      "c383",
      "c431",
      "c502",
      "c503",
      "c507",
      "c514",
      "c520",
      "c524",
      "c543",
      "c557",
      "c577",
      "c595",
      "c600",
      "c005",
      "c015",
      "c041",
      "c095",
      "c129",
      "c158",
      "c175",
      "c205",
      "c230",
      "c240",
      "c241",
      "c251",
      "c252",
      "c272",
      "c281",
      "c302",
      "c341",
      "c351",
      "c353",
      "c391",
      "c406",
      "c421",
      "c430",
      "c433",
      "c446",
      "c456",
      "c468",
      "c469",
      "c526",
      "c537",
      "c572",
      "c584",
      "c009",
      "c012",
      "c053",
      "c083",
      "c132",
      "c171",
      "c183",
      "c189",
      "c200",
      "c203",
      "c217",
      "c219",
      "c280",
      "c334",
      "c378",
      "c392",
      "c401",
      "c413",
      "c445",
      "c498",
      "c510",
      "c545",
      "c589",
      "c591",
      "c068",
      "c154",
      "c264",
      "c283",
      "c459",
      "c463",
      "c562",
      "c071",
      "c336",
      "c020",
      "c109",
      "c065",
      "c324",
      "c384",
      "c396",
      "c434",
      "c037",
      "c148",
      "c153",
      "c177",
      "c179",
      "c268",
      "c454",
      "c418",
      "c425",
      "c447",
      "c452",
      "c042",
      "c046",
      "c140",
      "c247",
      "c303",
      "c420",
      "c135",
      "c437",
      "c105",
      "c138",
      "c489",
      "c574",
      "c196",
      "c271",
      "c287",
      "c111",
      "c436",
      "c221",
      "c093",
      "c236",
      "c291",
      "c470",
      "c599",
      "c354",
      "c578",
      "c195",
      "c497",
      "c475",
      "c120",
      "c054",
      "c123",
      "c393",
      "c164",
      "c345",
      "c485",
      "c552",
      "c555",
      "c014",
      "c059",
      "c457",
      "c546",
      "c598",
      "c103",
      "c246",
      "c282",
      "c500",
      "c554",
      "c031",
      "c106",
      "c332",
      "c161",
      "c593",
      "c305",
      "c414",
      "c072",
      "c400",
      "c547",
      "c181",
      "c215",
      "c371",
      "c585",
      "c226",
      "c415",
      "c429",
      "c523",
      "c504",
      "c583",
      "c477",
      "c082",
      "c092",
      "c160",
      "c368",
      "c529",
      "c544",
      "c047",
      "c366",
      "c026",
      "c094",
      "c202",
      "c412",
      "c427",
      "c444",
      "c481",
      "c017",
      "c290",
      "c382",
      "c057",
      "c110",
      "c506",
      "c052",
      "c404",
      "c038",
      "c515",
      "c188",
      "c385",
      "c204",
      "c213",
      "c460",
      "c480",
      "c064",
      "c069",
      "c227",
      "c024",
      "c387",
      "c592",
      "c293",
      "c538",
      "c118",
      "c097",
      "c165",
      "c379",
      "c556",
      "c060",
      "c339",
      "c438",
      "c455",
      "c146",
      "c023",
      "c395",
      "c472",
      "c286",
      "c010",
      "c127",
      "c348",
      "c144",
      "c224",
      "c243",
      "c295",
      "c362",
      "c483",
      "c173",
      "c178",
      "c288",
      "c402",
      "c442",
      "c338",
      "c398",
      "c335",
      "c476",
      "c394",
      "c486",
      "c495",
      "c168",
      "c273",
      "c364",
      "c496",
      "c509",
      "c435",
      "c453",
      "c471",
      "c494",
      "c162",
      "c482",
      "c568",
      "c369",
      "c218",
      "c289",
      "c035",
      "c533",
      "c176",
      "c207",
      "c284",
      "c373",
      "c549",
      "c125",
      "c210",
      "c231",
      "c234",
      "c329",
      "c488",
      "c212",
      "c275",
      "c372",
      "c518",
      "c056",
      "c301",
      "c390",
      "c484",
      "c540",
      "c298",
      "c300",
      "c086",
      "c040",
      "c450",
      "c133",
      "c548",
      "c034",
      "c182",
      "c320",
      "c559",
      "c232",
      "c314",
      "c570",
      "c134",
      "c278",
      "c117",
      "c342",
      "c074",
      "c397",
      "c209",
      "c337",
      "c487",
      "c542",
      "c126",
      "c235",
      "c333",
      "c344",
      "c491",
      "c569",
      "c192",
      "c002",
      "c172",
      "c080",
      "c274",
      "c149",
      "c536",
      "c440",
      "c004",
      "c157",
      "c331",
      "c377",
      "c150",
      "c259",
      "c312",
      "c403",
      "c448",
      "c561",
      "c039",
      "c269",
      "c582",
      "c532",
      "c319",
      "c194",
      "c499",
      "c517",
      "c137",
      "c422",
      "c530",
      "c380",
      "c443",
      "c045",
      "c399",
      "c098",
      "c358",
      "c313",
      "c511",
      "c021",
      "c527",
      "c190",
      "c206",
      "c539",
      "c410",
      "c124",
      "c389",
      "c513",
      "c522",
      "c113",
      "c139",
      "c250",
      "c237",
      "c263",
      "c223",
      "c466",
      "c130",
      "c061",
      "c067",
      "c256",
      "c594",
      "c375",
      "c576",
      "c347",
      "c423",
      "c462",
      "c311",
      "c417",
      "c186",
      "c352",
      "c587",
      "c258",
      "c318",
      "c535",
      "c225",
      "c370",
      "c013",
      "c058",
      "c011",
      "c365",
      "c076",
      "c163",
      "c081",
      "c119",
      "c564",
      "c216",
      "c306",
      "c104",
      "c084",
      "c573",
      "c276",
      "c505",
      "c007",
      "c128",
      "c197",
      "c490",
      "c018",
      "c201",
      "c355",
      "c152",
      "c027",
      "c571",
      "c238",
      "c357",
      "c458",
      "c115",
      "c416",
      "c089",
      "c077",
      "c208",
      "c075",
      "c131",
      "c270",
      "c001",
      "c030",
      "c099",
      "c141",
      "c184",
      "c405",
      "c036",
      "c441",
      "c085",
      "c432",
      "c222",
      "c558",
      "c019",
      "c299",
      "c055",
      "c326",
      "c386",
      "c096",
      "c025",
      "c167",
      "c063",
      "c070",
      "c580",
      "c147",
      "c279",
      "c066",
      "c409",
      "c090",
      "c596",
      "c512",
      "c597",
      "c016",
      "c465",
      "c249",
      "c254",
      "c451",
      "c244",
      "c419",
      "c426",
      "c551",
      "c048",
      "c346",
      "c473",
      "c492",
      "c170",
      "c193",
      "c359",
      "c388",
      "c581",
      "c229",
      "c461",
      "c374",
      "c233",
      "c360",
      "c248",
      "c464",
      "c079",
      "c100",
      "c142",
      "c257",
      "c411",
      "c340",
      "c478",
      "c376",
      "c006",
      "c108",
      "c407",
      "c242",
      "c253",
      "c145",
      "c541",
      "c029",
      "c107",
      "c122",
      "c349",
      "c516",
      "c228",
      "c565",
      "c525",
      "c102",
      "c309",
      "c121",
      "c091",
      "c350",
      "c255",
      "c586",
      "c008",
      "c519",
      "c563"
    ]
  },
  "ordered_queues": {
    "edge-1": [
      "c032",
      "c051",
      "c116",
      "c156",
      "c159",
      "c169",
      "c199",
      "c304",
      "c579",
      "c588",
      "c590"
    ],
    "edge-2": [
      "c028",
      "c043",
      "c088",
      "c143",
      "c174",
      "c296",
      "c363",
      "c428",
      "c553"
    ],
    "edge-3": [
      "c044",
      "c114",
      "c151",
      "c166",
      "c191",
      "c198",
      "c220",
      "c260",
      "c265",
      "c325",
      "c343"
    ],
    "edge-4": [
      "c033",
      "c062",
      "c073",
      "c087",
      "c101",
      "c112",
      "c214",
      "c424",
      "c439"
    ],
    "edge-5": [
      "c050",
      "c292",
      "c328",
      "c330",
      "c474",
      "c521",
      "c534",
      "c550",
      "c560",
      "c566",
      "c575"
    ],
    "edge-6": [
      "c022",
      "c049",
      "c136",
      "c155",
      "c185",
      "c187",
      "c239",
      "c261",
      "c266",
      "c310",
      "c323",
      "c408"
    ],
    "edge-7": [
      "c003",
      "c078",
      "c180",
      "c262",
      "c285",
      "c321",
      "c327",
      "c356",
      "c493",
      "c501"
    ],
    "edge-8": [
      "c211",
      "c322",
      "c367",
      "c449",
      "c467",
      "c479",
      "c508",
      "c528",
      "c531",
      "c567"
    ]
  }
}
================================================================================
[RUN][K8s-CA] drtp_img88_cacheonly_640mb_700.json
{
  "summary": {
    "algo": "FG-DSCR-GC-K8sCA",
    "num_containers": 700,
    "num_scheduled_containers": 81,
    "num_nodes": 8,
    "failed_deployments": 619,
    "ca_penalty": 884.2857142857143,
    "ca_downloaded_mb": 282437,
    "ACT": 166.8804012345679,
    "AMS": 297.64739583333335,
    "downloaded_mb": 72935,
    "reused_mb": 9928,
    "reuse_rate": 0.11981222017064311,
    "objective_without_ca_penalty": 232.26389853395062,
    "objective": 1116.549612819665
  },
  "assignment": {
    "edge-1": [
      "c588",
      "c032",
      "c033",
      "c044",
      "c051",
      "c528",
      "c449",
      "c322",
      "c363",
      "c174"
    ],
    "edge-2": [
      "c428",
      "c553",
      "c656",
      "c028",
      "c043",
      "c088",
      "c143",
      "c343",
      "c493"
    ],
    "edge-3": [
      "c199",
      "c214",
      "c220",
      "c112",
      "c180",
      "c321",
      "c508",
      "c003",
      "c265",
      "c296"
    ],
    "edge-4": [
      "c501",
      "c239",
      "c156",
      "c169",
      "c285",
      "c567",
      "c579",
      "c078",
      "c136"
    ],
    "edge-5": [
      "c566",
      "c575",
      "c610",
      "c632",
      "c639",
      "c687",
      "c050",
      "c062",
      "c073",
      "c114"
    ],
    "edge-6": [
      "c601",
      "c022",
      "c049",
      "c155",
      "c261",
      "c116",
      "c187",
      "c590",
      "c644",
      "c159",
      "c185"
    ],
    "edge-7": [
      "c262",
      "c327",
      "c356",
      "c424",
      "c439",
      "c474",
      "c521",
      "c534",
      "c550",
      "c560",
      "c198",
      "c624"
    ],
    "edge-8": [
      "c266",
      "c323",
      "c325",
      "c328",
      "c330",
      "c367",
      "c408",
      "c467",
      "c479",
      "c531"
    ],
    "__CA_GUARANTEE__": [
      "c087",
      "c101",
      "c151",
      "c166",
      "c191",
      "c211",
      "c245",
      "c260",
      "c267",
      "c277",
      "c292",
      "c294",
      "c297",
      "c304",
      "c307",
      "c308",
      "c310",
      "c315",
      "c316",
      "c317",
      "c361",
      "c381",
      "c383",
      "c431",
      "c502",
      "c503",
      "c507",
      "c514",
      "c520",
      "c524",
      "c543",
      "c557",
      "c577",
      "c595",
      "c600",
      "c619",
      "c627",
      "c686",
      "c005",
      "c015",
      "c041",
      "c095",
      "c129",
      "c158",
      "c175",
      "c205",
      "c230",
      "c240",
      "c241",
      "c251",
      "c252",
      "c272",
      "c281",
      "c302",
      "c341",
      "c351",
      "c353",
      "c391",
      "c406",
      "c421",
      "c430",
      "c433",
      "c446",
      "c456",
      "c468",
      "c469",
      "c526",
      "c537",
      "c572",
      "c584",
      "c650",
      "c666",
      "c685",
      "c009",
      "c012",
      "c053",
      "c083",
      "c132",
      "c171",
      "c183",
      "c189",
      "c200",
      "c203",
      "c217",
      "c219",
      "c280",
      "c334",
      "c378",
      "c392",
      "c401",
      "c413",
      "c445",
      "c498",
      "c510",
      "c545",
      "c589",
      "c591",
      "c611",
      "c621",
      "c628",
      "c629",
      "c678",
      "c694",
      "c068",
      "c154",
      "c264",
      "c283",
      "c459",
      "c463",
      "c562",
      "c071",
      "c336",
      "c020",
      "c109",
      "c065",
      "c324",
      "c384",
      "c396",
      "c434",
      "c605",
      "c663",
      "c037",
      "c148",
      "c153",
      "c177",
      "c179",
      "c268",
      "c454",
      "c418",
      "c425",
      "c447",
      "c452",
      "c606",
      "c649",
      "c658",
      "c042",
      "c046",
      "c140",
      "c247",
      "c303",
      "c420",
      "c662",
      "c683",
      "c135",
      "c437",
      "c654",
      "c105",
      "c138",
      "c489",
      "c574",
      "c623",
      "c196",
      "c271",
      "c633",
      "c652",
      "c287",
      "c111",
      "c436",
      "c677",
      "c221",
      "c620",
      "c671",
      "c681",
      "c093",
      "c236",
      "c291",
      "c470",
      "c599",
      "c354",
      "c578",
      "c640",
      "c195",
      "c497",
      "c475",
      "c120",
      "c054",
      "c123",
      "c393",
      "c164",
      "c345",
      "c485",
      "c552",
      "c555",
      "c609",
      "c643",
      "c014",
      "c059",
      "c457",
      "c546",
      "c598",
      "c653",
      "c698",
      "c103",
      "c246",
      "c282",
      "c500",
      "c554",
      "c651",
      "c031",
      "c106",
      "c332",
      "c161",
      "c593",
      "c305",
      "c414",
      "c072",
      "c400",
      "c547",
      "c181",
      "c215",
      "c371",
      "c585",
      "c631",
      "c226",
      "c415",
      "c429",
      "c523",
      "c504",
      "c583",
      "c477",
      "c082",
      "c092",
      "c160",
      "c368",
      "c529",
      "c544",
      "c668",
      "c047",
      "c366",
      "c612",
      "c634",
      "c026",
      "c094",
      "c202",
      "c412",
      "c427",
      "c444",
      "c481",
      "c622",
      "c017",
      "c290",
      "c382",
      "c637",
      "c057",
      "c615",
      "c110",
      "c506",
      "c052",
      "c404",
      "c038",
      "c515",
      "c625",
      "c188",
      "c385",
      "c204",
      "c213",
      "c460",
      "c480",
      "c064",
      "c069",
      "c227",
      "c024",
      "c387",
      "c592",
      "c293",
      "c538",
      "c118",
      "c097",
      "c165",
      "c379",
      "c556",
      "c699",
      "c060",
      "c339",
      "c438",
      "c455",
      "c146",
      "c023",
      "c395",
      "c673",
      "c472",
      "c286",
      "c010",
      "c127",
      "c348",
      "c144",
      "c224",
      "c243",
      "c295",
      "c362",
      "c483",
      "c173",
      "c178",
      "c288",
      "c402",
      "c442",
      "c338",
      "c398",
      "c335",
      "c476",
      "c394",
      "c486",
      "c495",
      "c670",
      "c168",
      "c273",
      "c364",
      "c496",
      "c509",
      "c435",
      "c453",
      "c471",
      "c494",
      "c162",
      "c482",
      "c568",
      "c676",
      "c369",
      "c218",
      "c289",
      "c035",
      "c533",
      "c176",
      "c207",
      "c284",
      "c373",
      "c549",
      "c648",
      "c679",
      "c125",
      "c210",
      "c231",
      "c234",
      "c329",
      "c488",
      "c674",
      "c212",
      "c275",
      "c372",
      "c518",
      "c626",
      "c056",
      "c301",
      "c390",
      "c484",
      "c696",
      "c540",
      "c298",
      "c300",
      "c086",
      "c040",
      "c450",
      "c133",
      "c548",
      "c034",
      "c182",
      "c320",
      "c559",
      "c672",
      "c232",
      "c314",
      "c570",
      "c134",
      "c278",
      "c117",
      "c342",
      "c074",
      "c397",
      "c209",
      "c337",
      "c487",
      "c542",
      "c126",
      "c235",
      "c333",
      "c344",
      "c491",
      "c569",
      "c192",
      "c002",
      "c172",
      "c080",
      "c274",
      "c149",
      "c536",
      "c647",
      "c690",
      "c440",
      "c004",
      "c157",
      "c331",
      "c377",
      "c646",
      "c150",
      "c259",
      "c312",
      "c403",
      "c448",
      "c561",
      "c039",
      "c269",
      "c582",
      "c532",
      "c319",
      "c194",
      "c499",
      "c517",
      "c137",
      "c422",
      "c530",
      "c380",
      "c443",
      "c045",
      "c399",
      "c098",
      "c358",
      "c608",
      "c700",
      "c313",
      "c511",
      "c021",
      "c527",
      "c190",
      "c206",
      "c539",
      "c410",
      "c124",
      "c389",
      "c513",
      "c522",
      "c113",
      "c139",
      "c250",
      "c237",
      "c263",
      "c613",
      "c223",
      "c466",
      "c130",
      "c061",
      "c067",
      "c256",
      "c617",
      "c659",
      "c594",
      "c661",
      "c689",
      "c375",
      "c576",
      "c347",
      "c423",
      "c602",
      "c636",
      "c667",
      "c462",
      "c311",
      "c417",
      "c186",
      "c352",
      "c587",
      "c258",
      "c318",
      "c535",
      "c225",
      "c370",
      "c013",
      "c058",
      "c011",
      "c365",
      "c076",
      "c163",
      "c081",
      "c119",
      "c564",
      "c635",
      "c664",
      "c216",
      "c306",
      "c104",
      "c084",
      "c675",
      "c573",
      "c276",
      "c505",
      "c007",
      "c128",
      "c197",
      "c490",
      "c018",
      "c201",
      "c355",
      "c152",
      "c027",
      "c571",
      "c669",
      "c693",
      "c238",
      "c357",
      "c458",
      "c115",
      "c416",
      "c089",
      "c077",
      "c208",
      "c657",
      "c665",
      "c075",
      "c131",
      "c270",
      "c001",
      "c030",
      "c099",
      "c141",
      "c184",
      "c405",
      "c036",
      "c441",
      "c085",
      "c432",
      "c222",
      "c604",
      "c558",
      "c019",
      "c299",
      "c684",
      "c692",
      "c055",
      "c326",
      "c386",
      "c096",
      "c614",
      "c025",
      "c167",
      "c063",
      "c070",
      "c580",
      "c147",
      "c618",
      "c655",
      "c279",
      "c066",
      "c409",
      "c090",
      "c596",
      "c682",
      "c512",
      "c597",
      "c016",
      "c465",
      "c249",
      "c616",
      "c254",
      "c645",
      "c451",
      "c244",
      "c419",
      "c426",
      "c607",
      "c551",
      "c048",
      "c346",
      "c473",
      "c492",
      "c170",
      "c688",
      "c660",
      "c193",
      "c680",
      "c695",
      "c359",
      "c388",
      "c581",
      "c229",
      "c461",
      "c374",
      "c233",
      "c360",
      "c248",
      "c464",
      "c079",
      "c100",
      "c142",
      "c257",
      "c411",
      "c691",
      "c340",
      "c478",
      "c376",
      "c006",
      "c108",
      "c407",
      "c603",
      "c242",
      "c253",
      "c145",
      "c541",
      "c029",
      "c107",
      "c122",
      "c349",
      "c516",
      "c228",
      "c565",
      "c525",
      "c102",
      "c630",
      "c638",
      "c309",
      "c642",
      "c121",
      "c641",
      "c697",
      "c091",
      "c350",
      "c255",
      "c586",
      "c008",
      "c519",
      "c563"
    ]
  },
  "ordered_queues": {
    "edge-1": [
      "c032",
      "c033",
      "c044",
      "c051",
      "c174",
      "c322",
      "c363",
      "c449",
      "c528",
      "c588"
    ],
    "edge-2": [
      "c028",
      "c043",
      "c088",
      "c143",
      "c343",
      "c428",
      "c493",
      "c553",
      "c656"
    ],
    "edge-3": [
      "c003",
      "c112",
      "c180",
      "c199",
      "c214",
      "c220",
      "c265",
      "c296",
      "c321",
      "c508"
    ],
    "edge-4": [
      "c078",
      "c136",
      "c156",
      "c169",
      "c239",
      "c285",
      "c501",
      "c567",
      "c579"
    ],
    "edge-5": [
      "c050",
      "c062",
      "c073",
      "c114",
      "c566",
      "c575",
      "c610",
      "c632",
      "c639",
      "c687"
    ],
    "edge-6": [
      "c022",
      "c049",
      "c116",
      "c155",
      "c159",
      "c185",
      "c187",
      "c261",
      "c590",
      "c601",
      "c644"
    ],
    "edge-7": [
      "c198",
      "c262",
      "c327",
      "c356",
      "c424",
      "c439",
      "c474",
      "c521",
      "c534",
      "c550",
      "c560",
      "c624"
    ],
    "edge-8": [
      "c266",
      "c323",
      "c325",
      "c328",
      "c330",
      "c367",
      "c408",
      "c467",
      "c479",
      "c531"
    ]
  }
}
================================================================================
[RUN][K8s-CA] drtp_img88_cacheonly_640mb_800.json
{
  "summary": {
    "algo": "FG-DSCR-GC-K8sCA",
    "num_containers": 800,
    "num_scheduled_containers": 81,
    "num_nodes": 8,
    "failed_deployments": 719,
    "ca_penalty": 898.75,
    "ca_downloaded_mb": 333619,
    "ACT": 168.08060699588478,
    "AMS": 299.6473958333333,
    "downloaded_mb": 72935,
    "reused_mb": 9928,
    "reuse_rate": 0.11981222017064311,
    "objective_without_ca_penalty": 233.86400141460905,
    "objective": 1132.614001414609
  },
  "assignment": {
    "edge-1": [
      "c408",
      "c467",
      "c479",
      "c531",
      "c588",
      "c590",
      "c624",
      "c114",
      "c116",
      "c187",
      "c169"
    ],
    "edge-2": [
      "c363",
      "c428",
      "c553",
      "c656",
      "c716",
      "c739",
      "c028",
      "c632",
      "c343"
    ],
    "edge-3": [
      "c033",
      "c044",
      "c051",
      "c751",
      "c449",
      "c174",
      "c239",
      "c296",
      "c043",
      "c328"
    ],
    "edge-4": [
      "c285",
      "c356",
      "c367",
      "c567",
      "c136",
      "c737",
      "c708",
      "c800",
      "c579"
    ],
    "edge-5": [
      "c199",
      "c214",
      "c220",
      "c112",
      "c143",
      "c180",
      "c322",
      "c321",
      "c265",
      "c323"
    ],
    "edge-6": [
      "c493",
      "c501",
      "c508",
      "c528",
      "c601",
      "c724",
      "c003",
      "c022",
      "c049",
      "c078"
    ],
    "edge-7": [
      "c327",
      "c424",
      "c439",
      "c474",
      "c521",
      "c534",
      "c550",
      "c560",
      "c566",
      "c088",
      "c261"
    ],
    "edge-8": [
      "c155",
      "c266",
      "c325",
      "c330",
      "c262",
      "c032",
      "c799",
      "c156",
      "c159",
      "c185",
      "c644"
    ],
    "__CA_GUARANTEE__": [
      "c575",
      "c610",
      "c639",
      "c687",
      "c720",
      "c793",
      "c050",
      "c062",
      "c073",
      "c087",
      "c101",
      "c151",
      "c166",
      "c191",
      "c198",
      "c211",
      "c245",
      "c260",
      "c267",
      "c277",
      "c292",
      "c294",
      "c297",
      "c304",
      "c307",
      "c308",
      "c310",
      "c315",
      "c316",
      "c317",
      "c361",
      "c381",
      "c383",
      "c431",
      "c502",
      "c503",
      "c507",
      "c514",
      "c520",
      "c524",
      "c543",
      "c557",
      "c577",
      "c595",
      "c600",
      "c619",
      "c627",
      "c686",
      "c755",
      "c775",
      "c776",
      "c791",
      "c005",
      "c015",
      "c041",
      "c095",
      "c129",
      "c158",
      "c175",
      "c205",
      "c230",
      "c240",
      "c241",
      "c251",
      "c252",
      "c272",
      "c281",
      "c302",
      "c341",
      "c351",
      "c353",
      "c391",
      "c406",
      "c421",
      "c430",
      "c433",
      "c446",
      "c456",
      "c468",
      "c469",
      "c526",
      "c537",
      "c572",
      "c584",
      "c650",
      "c666",
      "c685",
      "c746",
      "c783",
      "c787",
      "c009",
      "c012",
      "c053",
      "c083",
      "c132",
      "c171",
      "c183",
      "c189",
      "c200",
      "c203",
      "c217",
      "c219",
      "c280",
      "c334",
      "c378",
      "c392",
      "c401",
      "c413",
      "c445",
      "c498",
      "c510",
      "c545",
      "c589",
      "c591",
      "c611",
      "c621",
      "c628",
      "c629",
      "c678",
      "c694",
      "c730",
      "c753",
      "c761",
      "c068",
      "c154",
      "c264",
      "c283",
      "c459",
      "c463",
      "c562",
      "c717",
      "c782",
      "c071",
      "c336",
      "c020",
      "c109",
      "c065",
      "c324",
      "c384",
      "c396",
      "c434",
      "c605",
      "c663",
      "c037",
      "c148",
      "c153",
      "c177",
      "c179",
      "c268",
      "c454",
      "c770",
      "c418",
      "c425",
      "c447",
      "c452",
      "c606",
      "c649",
      "c658",
      "c042",
      "c046",
      "c140",
      "c247",
      "c303",
      "c420",
      "c662",
      "c683",
      "c733",
      "c135",
      "c437",
      "c654",
      "c105",
      "c138",
      "c489",
      "c711",
      "c725",
      "c574",
      "c623",
      "c196",
      "c271",
      "c633",
      "c652",
      "c287",
      "c111",
      "c740",
      "c763",
      "c436",
      "c677",
      "c221",
      "c620",
      "c671",
      "c681",
      "c726",
      "c093",
      "c236",
      "c291",
      "c470",
      "c599",
      "c354",
      "c578",
      "c640",
      "c707",
      "c728",
      "c798",
      "c195",
      "c497",
      "c475",
      "c120",
      "c054",
      "c123",
      "c393",
      "c701",
      "c742",
      "c781",
      "c164",
      "c345",
      "c485",
      "c552",
      "c555",
      "c609",
      "c643",
      "c714",
      "c727",
      "c014",
      "c059",
      "c457",
      "c546",
      "c598",
      "c653",
      "c698",
      "c767",
      "c103",
      "c246",
      "c282",
      "c500",
      "c554",
      "c651",
      "c706",
      "c794",
      "c031",
      "c106",
      "c771",
      "c790",
      "c332",
      "c161",
      "c593",
      "c721",
      "c774",
      "c305",
      "c414",
      "c072",
      "c400",
      "c547",
      "c741",
      "c181",
      "c215",
      "c371",
      "c585",
      "c631",
      "c762",
      "c226",
      "c415",
      "c429",
      "c523",
      "c504",
      "c583",
      "c477",
      "c710",
      "c082",
      "c092",
      "c160",
      "c368",
      "c529",
      "c544",
      "c668",
      "c731",
      "c772",
      "c047",
      "c366",
      "c612",
      "c634",
      "c779",
      "c026",
      "c094",
      "c202",
      "c412",
      "c427",
      "c444",
      "c481",
      "c622",
      "c017",
      "c290",
      "c382",
      "c637",
      "c057",
      "c615",
      "c110",
      "c506",
      "c052",
      "c404",
      "c038",
      "c515",
      "c797",
      "c625",
      "c188",
      "c385",
      "c204",
      "c213",
      "c460",
      "c480",
      "c064",
      "c069",
      "c227",
      "c024",
      "c387",
      "c592",
      "c712",
      "c293",
      "c538",
      "c118",
      "c097",
      "c165",
      "c379",
      "c556",
      "c699",
      "c745",
      "c060",
      "c339",
      "c438",
      "c455",
      "c146",
      "c023",
      "c395",
      "c673",
      "c705",
      "c472",
      "c286",
      "c010",
      "c127",
      "c348",
      "c144",
      "c224",
      "c243",
      "c295",
      "c362",
      "c483",
      "c173",
      "c178",
      "c288",
      "c402",
      "c442",
      "c702",
      "c338",
      "c398",
      "c723",
      "c752",
      "c795",
      "c335",
      "c722",
      "c476",
      "c394",
      "c486",
      "c495",
      "c670",
      "c758",
      "c168",
      "c273",
      "c364",
      "c496",
      "c509",
      "c435",
      "c453",
      "c471",
      "c494",
      "c162",
      "c482",
      "c568",
      "c676",
      "c777",
      "c369",
      "c218",
      "c289",
      "c035",
      "c533",
      "c743",
      "c176",
      "c207",
      "c284",
      "c373",
      "c549",
      "c648",
      "c679",
      "c735",
      "c784",
      "c789",
      "c125",
      "c210",
      "c231",
      "c234",
      "c329",
      "c488",
      "c674",
      "c212",
      "c275",
      "c372",
      "c518",
      "c626",
      "c715",
      "c056",
      "c301",
      "c390",
      "c484",
      "c696",
      "c750",
      "c540",
      "c298",
      "c300",
      "c086",
      "c040",
      "c450",
      "c133",
      "c548",
      "c034",
      "c182",
      "c320",
      "c559",
      "c672",
      "c736",
      "c232",
      "c314",
      "c729",
      "c570",
      "c134",
      "c278",
      "c744",
      "c117",
      "c342",
      "c074",
      "c397",
      "c209",
      "c337",
      "c487",
      "c542",
      "c754",
      "c766",
      "c126",
      "c235",
      "c333",
      "c344",
      "c491",
      "c569",
      "c192",
      "c734",
      "c002",
      "c172",
      "c080",
      "c274",
      "c149",
      "c536",
      "c647",
      "c690",
      "c440",
      "c004",
      "c157",
      "c331",
      "c377",
      "c646",
      "c150",
      "c259",
      "c312",
      "c403",
      "c448",
      "c561",
      "c764",
      "c780",
      "c039",
      "c269",
      "c582",
      "c532",
      "c319",
      "c792",
      "c194",
      "c499",
      "c517",
      "c137",
      "c422",
      "c732",
      "c530",
      "c380",
      "c443",
      "c045",
      "c399",
      "c786",
      "c098",
      "c358",
      "c608",
      "c700",
      "c313",
      "c511",
      "c021",
      "c527",
      "c190",
      "c206",
      "c539",
      "c765",
      "c747",
      "c410",
      "c788",
      "c124",
      "c389",
      "c513",
      "c522",
      "c113",
      "c139",
      "c250",
      "c713",
      "c237",
      "c738",
      "c263",
      "c613",
      "c223",
      "c466",
      "c130",
      "c061",
      "c067",
      "c256",
      "c617",
      "c659",
      "c594",
      "c661",
      "c689",
      "c375",
      "c709",
      "c576",
      "c347",
      "c423",
      "c602",
      "c636",
      "c667",
      "c462",
      "c311",
      "c417",
      "c186",
      "c352",
      "c587",
      "c258",
      "c318",
      "c535",
      "c225",
      "c370",
      "c013",
      "c058",
      "c011",
      "c365",
      "c076",
      "c163",
      "c081",
      "c119",
      "c564",
      "c635",
      "c664",
      "c216",
      "c306",
      "c104",
      "c084",
      "c675",
      "c573",
      "c276",
      "c505",
      "c007",
      "c128",
      "c197",
      "c490",
      "c018",
      "c201",
      "c355",
      "c152",
      "c027",
      "c749",
      "c571",
      "c669",
      "c693",
      "c238",
      "c357",
      "c458",
      "c773",
      "c115",
      "c416",
      "c089",
      "c760",
      "c077",
      "c208",
      "c657",
      "c665",
      "c075",
      "c131",
      "c270",
      "c001",
      "c030",
      "c099",
      "c778",
      "c141",
      "c184",
      "c405",
      "c036",
      "c441",
      "c719",
      "c085",
      "c432",
      "c222",
      "c604",
      "c558",
      "c019",
      "c299",
      "c684",
      "c692",
      "c748",
      "c055",
      "c768",
      "c326",
      "c386",
      "c096",
      "c614",
      "c025",
      "c167",
      "c718",
      "c063",
      "c070",
      "c580",
      "c147",
      "c618",
      "c655",
      "c279",
      "c066",
      "c409",
      "c759",
      "c090",
      "c596",
      "c682",
      "c512",
      "c597",
      "c016",
      "c465",
      "c703",
      "c249",
      "c616",
      "c254",
      "c645",
      "c451",
      "c244",
      "c419",
      "c426",
      "c607",
      "c551",
      "c048",
      "c756",
      "c346",
      "c473",
      "c492",
      "c170",
      "c688",
      "c796",
      "c660",
      "c193",
      "c680",
      "c695",
      "c359",
      "c388",
      "c581",
      "c769",
      "c229",
      "c461",
      "c374",
      "c233",
      "c360",
      "c248",
      "c464",
      "c079",
      "c100",
      "c142",
      "c257",
      "c411",
      "c691",
      "c757",
      "c340",
      "c478",
      "c376",
      "c006",
      "c108",
      "c407",
      "c603",
      "c242",
      "c253",
      "c145",
      "c541",
      "c785",
      "c029",
      "c107",
      "c122",
      "c349",
      "c516",
      "c228",
      "c565",
      "c525",
      "c102",
      "c630",
      "c638",
      "c309",
      "c642",
      "c121",
      "c641",
      "c697",
      "c091",
      "c350",
      "c255",
      "c586",
      "c008",
      "c519",
      "c563",
      "c704"
    ]
  },
  "ordered_queues": {
    "edge-1": [
      "c114",
      "c116",
      "c169",
      "c187",
      "c408",
      "c467",
      "c479",
      "c531",
      "c588",
      "c590",
      "c624"
    ],
    "edge-2": [
      "c028",
      "c343",
      "c363",
      "c428",
      "c553",
      "c632",
      "c656",
      "c716",
      "c739"
    ],
    "edge-3": [
      "c033",
      "c043",
      "c044",
      "c051",
      "c174",
      "c239",
      "c296",
      "c328",
      "c449",
      "c751"
    ],
    "edge-4": [
      "c136",
      "c285",
      "c356",
      "c367",
      "c567",
      "c579",
      "c708",
      "c737",
      "c800"
    ],
    "edge-5": [
      "c112",
      "c143",
      "c180",
      "c199",
      "c214",
      "c220",
      "c265",
      "c321",
      "c322",
      "c323"
    ],
    "edge-6": [
      "c003",
      "c022",
      "c049",
      "c078",
      "c493",
      "c501",
      "c508",
      "c528",
      "c601",
      "c724"
    ],
    "edge-7": [
      "c088",
      "c261",
      "c327",
      "c424",
      "c439",
      "c474",
      "c521",
      "c534",
      "c550",
      "c560",
      "c566"
    ],
    "edge-8": [
      "c032",
      "c155",
      "c156",
      "c159",
      "c185",
      "c262",
      "c266",
      "c325",
      "c330",
      "c644",
      "c799"
    ]
  }
}
================================================================================
[RUN][K8s-CA] drtp_img88_cacheonly_640mb_900.json
{
  "summary": {
    "algo": "FG-DSCR-GC-K8sCA",
    "num_containers": 900,
    "num_scheduled_containers": 78,
    "num_nodes": 8,
    "failed_deployments": 822,
    "ca_penalty": 913.3333333333334,
    "ca_downloaded_mb": 383994,
    "ACT": 161.60833333333335,
    "AMS": 289.065625,
    "downloaded_mb": 70274,
    "reused_mb": 9520,
    "reuse_rate": 0.11930721608140964,
    "objective_without_ca_penalty": 225.33697916666668,
    "objective": 1138.6703125000001
  },
  "assignment": {
    "edge-1": [
      "c408",
      "c531",
      "c848",
      "c033",
      "c051",
      "c841",
      "c501",
      "c022",
      "c322",
      "c143"
    ],
    "edge-2": [
      "c328",
      "c330",
      "c367",
      "c579",
      "c078",
      "c136",
      "c044",
      "c890"
    ],
    "edge-3": [
      "c032",
      "c116",
      "c156",
      "c159",
      "c169",
      "c185",
      "c739",
      "c816",
      "c296",
      "c363"
    ],
    "edge-4": [
      "c851",
      "c855",
      "c028",
      "c043",
      "c088",
      "c174",
      "c180",
      "c321",
      "c656"
    ],
    "edge-5": [
      "c588",
      "c590",
      "c624",
      "c644",
      "c708",
      "c737",
      "c799",
      "c800",
      "c829",
      "c343"
    ],
    "edge-6": [
      "c449",
      "c493",
      "c508",
      "c528",
      "c601",
      "c724",
      "c716",
      "c428",
      "c553"
    ],
    "edge-7": [
      "c187",
      "c199",
      "c214",
      "c220",
      "c262",
      "c285",
      "c327",
      "c356",
      "c424",
      "c534"
    ],
    "edge-8": [
      "c003",
      "c049",
      "c155",
      "c239",
      "c261",
      "c265",
      "c266",
      "c323",
      "c479",
      "c325",
      "c467",
      "c567"
    ],
    "__CA_GUARANTEE__": [
      "c439",
      "c474",
      "c521",
      "c550",
      "c560",
      "c566",
      "c575",
      "c610",
      "c632",
      "c639",
      "c687",
      "c720",
      "c751",
      "c793",
      "c854",
      "c866",
      "c886",
      "c900",
      "c050",
      "c062",
      "c073",
      "c087",
      "c101",
      "c112",
      "c114",
      "c151",
      "c166",
      "c191",
      "c198",
      "c211",
      "c245",
      "c260",
      "c267",
      "c277",
      "c292",
      "c294",
      "c297",
      "c304",
      "c307",
      "c308",
      "c310",
      "c315",
      "c316",
      "c317",
      "c361",
      "c381",
      "c383",
      "c431",
      "c502",
      "c503",
      "c507",
      "c514",
      "c520",
      "c524",
      "c543",
      "c557",
      "c577",
      "c595",
      "c600",
      "c619",
      "c627",
      "c686",
      "c755",
      "c775",
      "c776",
      "c791",
      "c801",
      "c839",
      "c893",
      "c005",
      "c015",
      "c041",
      "c095",
      "c129",
      "c158",
      "c175",
      "c205",
      "c230",
      "c240",
      "c241",
      "c251",
      "c252",
      "c272",
      "c281",
      "c302",
      "c341",
      "c351",
      "c353",
      "c391",
      "c406",
      "c421",
      "c430",
      "c433",
      "c446",
      "c456",
      "c468",
      "c469",
      "c526",
      "c537",
      "c572",
      "c584",
      "c650",
      "c666",
      "c685",
      "c746",
      "c783",
      "c787",
      "c809",
      "c810",
      "c821",
      "c849",
      "c891",
      "c009",
      "c012",
      "c053",
      "c083",
      "c132",
      "c171",
      "c183",
      "c189",
      "c200",
      "c203",
      "c217",
      "c219",
      "c280",
      "c334",
      "c378",
      "c392",
      "c401",
      "c413",
      "c445",
      "c498",
      "c510",
      "c545",
      "c589",
      "c591",
      "c611",
      "c621",
      "c628",
      "c629",
      "c678",
      "c694",
      "c730",
      "c753",
      "c761",
      "c805",
      "c864",
      "c068",
      "c154",
      "c264",
      "c283",
      "c459",
      "c463",
      "c562",
      "c717",
      "c782",
      "c844",
      "c871",
      "c071",
      "c336",
      "c020",
      "c109",
      "c065",
      "c324",
      "c384",
      "c396",
      "c434",
      "c605",
      "c663",
      "c897",
      "c037",
      "c148",
      "c153",
      "c177",
      "c179",
      "c268",
      "c454",
      "c770",
      "c804",
      "c814",
      "c418",
      "c425",
      "c447",
      "c452",
      "c606",
      "c649",
      "c658",
      "c042",
      "c046",
      "c140",
      "c247",
      "c303",
      "c420",
      "c662",
      "c683",
      "c733",
      "c882",
      "c135",
      "c437",
      "c654",
      "c876",
      "c105",
      "c138",
      "c489",
      "c711",
      "c725",
      "c574",
      "c623",
      "c196",
      "c271",
      "c633",
      "c652",
      "c287",
      "c111",
      "c740",
      "c763",
      "c436",
      "c677",
      "c221",
      "c620",
      "c671",
      "c681",
      "c726",
      "c858",
      "c093",
      "c236",
      "c291",
      "c470",
      "c599",
      "c354",
      "c578",
      "c640",
      "c707",
      "c728",
      "c798",
      "c195",
      "c497",
      "c475",
      "c120",
      "c054",
      "c123",
      "c393",
      "c701",
      "c742",
      "c781",
      "c853",
      "c164",
      "c345",
      "c485",
      "c552",
      "c555",
      "c609",
      "c643",
      "c714",
      "c727",
      "c834",
      "c014",
      "c059",
      "c457",
      "c546",
      "c598",
      "c653",
      "c698",
      "c767",
      "c103",
      "c246",
      "c282",
      "c500",
      "c554",
      "c651",
      "c706",
      "c794",
      "c031",
      "c106",
      "c771",
      "c790",
      "c888",
      "c332",
      "c161",
      "c593",
      "c721",
      "c774",
      "c305",
      "c414",
      "c072",
      "c400",
      "c547",
      "c741",
      "c828",
      "c181",
      "c215",
      "c371",
      "c585",
      "c631",
      "c762",
      "c831",
      "c838",
      "c226",
      "c415",
      "c429",
      "c523",
      "c857",
      "c504",
      "c583",
      "c477",
      "c710",
      "c082",
      "c092",
      "c160",
      "c368",
      "c529",
      "c544",
      "c668",
      "c731",
      "c772",
      "c806",
      "c899",
      "c047",
      "c366",
      "c612",
      "c634",
      "c779",
      "c026",
      "c094",
      "c202",
      "c412",
      "c427",
      "c444",
      "c481",
      "c622",
      "c845",
      "c017",
      "c290",
      "c382",
      "c637",
      "c057",
      "c615",
      "c110",
      "c506",
      "c052",
      "c404",
      "c856",
      "c038",
      "c515",
      "c797",
      "c625",
      "c188",
      "c385",
      "c824",
      "c204",
      "c213",
      "c460",
      "c480",
      "c873",
      "c064",
      "c069",
      "c227",
      "c811",
      "c024",
      "c387",
      "c592",
      "c712",
      "c293",
      "c538",
      "c118",
      "c097",
      "c165",
      "c379",
      "c556",
      "c699",
      "c745",
      "c060",
      "c339",
      "c438",
      "c455",
      "c889",
      "c146",
      "c840",
      "c023",
      "c395",
      "c673",
      "c705",
      "c472",
      "c286",
      "c010",
      "c127",
      "c348",
      "c144",
      "c224",
      "c243",
      "c295",
      "c362",
      "c483",
      "c173",
      "c178",
      "c288",
      "c402",
      "c442",
      "c702",
      "c338",
      "c398",
      "c723",
      "c752",
      "c795",
      "c335",
      "c722",
      "c476",
      "c394",
      "c486",
      "c495",
      "c670",
      "c758",
      "c168",
      "c273",
      "c364",
      "c496",
      "c509",
      "c835",
      "c850",
      "c435",
      "c453",
      "c471",
      "c494",
      "c162",
      "c482",
      "c568",
      "c676",
      "c777",
      "c369",
      "c833",
      "c218",
      "c289",
      "c035",
      "c533",
      "c743",
      "c863",
      "c176",
      "c207",
      "c284",
      "c373",
      "c549",
      "c648",
      "c679",
      "c735",
      "c784",
      "c789",
      "c125",
      "c210",
      "c231",
      "c234",
      "c329",
      "c488",
      "c674",
      "c830",
      "c867",
      "c212",
      "c275",
      "c372",
      "c518",
      "c626",
      "c715",
      "c815",
      "c056",
      "c301",
      "c390",
      "c484",
      "c696",
      "c750",
      "c540",
      "c298",
      "c300",
      "c887",
      "c086",
      "c040",
      "c450",
      "c133",
      "c548",
      "c034",
      "c182",
      "c320",
      "c559",
      "c672",
      "c736",
      "c823",
      "c232",
      "c314",
      "c729",
      "c570",
      "c134",
      "c278",
      "c744",
      "c117",
      "c342",
      "c074",
      "c397",
      "c209",
      "c818",
      "c337",
      "c487",
      "c542",
      "c754",
      "c766",
      "c126",
      "c235",
      "c333",
      "c344",
      "c491",
      "c569",
      "c192",
      "c734",
      "c002",
      "c172",
      "c825",
      "c080",
      "c274",
      "c149",
      "c536",
      "c647",
      "c862",
      "c690",
      "c440",
      "c004",
      "c157",
      "c331",
      "c377",
      "c646",
      "c832",
      "c150",
      "c259",
      "c312",
      "c403",
      "c448",
      "c561",
      "c764",
      "c780",
      "c039",
      "c269",
      "c582",
      "c532",
      "c319",
      "c792",
      "c194",
      "c499",
      "c517",
      "c885",
      "c137",
      "c422",
      "c732",
      "c530",
      "c380",
      "c443",
      "c045",
      "c399",
      "c786",
      "c098",
      "c860",
      "c358",
      "c608",
      "c700",
      "c313",
      "c511",
      "c877",
      "c021",
      "c527",
      "c190",
      "c206",
      "c539",
      "c892",
      "c765",
      "c747",
      "c410",
      "c788",
      "c820",
      "c124",
      "c389",
      "c513",
      "c522",
      "c852",
      "c895",
      "c113",
      "c139",
      "c250",
      "c713",
      "c898",
      "c237",
      "c738",
      "c263",
      "c613",
      "c878",
      "c223",
      "c466",
      "c802",
      "c827",
      "c894",
      "c130",
      "c061",
      "c067",
      "c256",
      "c617",
      "c659",
      "c594",
      "c661",
      "c689",
      "c375",
      "c709",
      "c847",
      "c576",
      "c347",
      "c813",
      "c875",
      "c423",
      "c602",
      "c636",
      "c667",
      "c812",
      "c883",
      "c462",
      "c881",
      "c311",
      "c417",
      "c186",
      "c352",
      "c587",
      "c258",
      "c318",
      "c535",
      "c225",
      "c370",
      "c013",
      "c058",
      "c011",
      "c365",
      "c076",
      "c163",
      "c081",
      "c119",
      "c836",
      "c564",
      "c635",
      "c664",
      "c880",
      "c216",
      "c306",
      "c879",
      "c104",
      "c084",
      "c861",
      "c675",
      "c573",
      "c870",
      "c276",
      "c505",
      "c007",
      "c128",
      "c843",
      "c197",
      "c490",
      "c018",
      "c201",
      "c355",
      "c152",
      "c027",
      "c749",
      "c571",
      "c874",
      "c669",
      "c693",
      "c238",
      "c803",
      "c357",
      "c458",
      "c773",
      "c115",
      "c416",
      "c089",
      "c760",
      "c077",
      "c208",
      "c657",
      "c665",
      "c075",
      "c131",
      "c270",
      "c001",
      "c030",
      "c099",
      "c778",
      "c141",
      "c822",
      "c184",
      "c405",
      "c036",
      "c441",
      "c719",
      "c085",
      "c432",
      "c222",
      "c604",
      "c558",
      "c019",
      "c299",
      "c684",
      "c692",
      "c846",
      "c869",
      "c748",
      "c055",
      "c819",
      "c768",
      "c326",
      "c386",
      "c096",
      "c614",
      "c025",
      "c167",
      "c718",
      "c837",
      "c063",
      "c070",
      "c580",
      "c147",
      "c618",
      "c865",
      "c655",
      "c279",
      "c826",
      "c066",
      "c409",
      "c759",
      "c090",
      "c596",
      "c682",
      "c512",
      "c597",
      "c016",
      "c465",
      "c703",
      "c249",
      "c616",
      "c254",
      "c645",
      "c451",
      "c244",
      "c419",
      "c426",
      "c607",
      "c551",
      "c048",
      "c756",
      "c346",
      "c473",
      "c492",
      "c872",
      "c170",
      "c688",
      "c796",
      "c660",
      "c193",
      "c680",
      "c695",
      "c359",
      "c388",
      "c859",
      "c581",
      "c769",
      "c229",
      "c461",
      "c374",
      "c233",
      "c360",
      "c248",
      "c464",
      "c079",
      "c100",
      "c142",
      "c257",
      "c411",
      "c691",
      "c757",
      "c340",
      "c478",
      "c376",
      "c006",
      "c108",
      "c407",
      "c603",
      "c817",
      "c242",
      "c253",
      "c145",
      "c541",
      "c785",
      "c029",
      "c107",
      "c122",
      "c349",
      "c516",
      "c228",
      "c565",
      "c525",
      "c842",
      "c102",
      "c630",
      "c638",
      "c309",
      "c642",
      "c121",
      "c641",
      "c697",
      "c884",
      "c091",
      "c350",
      "c255",
      "c586",
      "c808",
      "c896",
      "c008",
      "c519",
      "c868",
      "c563",
      "c807",
      "c704"
    ]
  },
  "ordered_queues": {
    "edge-1": [
      "c022",
      "c033",
      "c051",
      "c143",
      "c322",
      "c408",
      "c501",
      "c531",
      "c841",
      "c848"
    ],
    "edge-2": [
      "c044",
      "c078",
      "c136",
      "c328",
      "c330",
      "c367",
      "c579",
      "c890"
    ],
    "edge-3": [
      "c032",
      "c116",
      "c156",
      "c159",
      "c169",
      "c185",
      "c296",
      "c363",
      "c739",
      "c816"
    ],
    "edge-4": [
      "c028",
      "c043",
      "c088",
      "c174",
      "c180",
      "c321",
      "c656",
      "c851",
      "c855"
    ],
    "edge-5": [
      "c343",
      "c588",
      "c590",
      "c624",
      "c644",
      "c708",
      "c737",
      "c799",
      "c800",
      "c829"
    ],
    "edge-6": [
      "c428",
      "c449",
      "c493",
      "c508",
      "c528",
      "c553",
      "c601",
      "c716",
      "c724"
    ],
    "edge-7": [
      "c187",
      "c199",
      "c214",
      "c220",
      "c262",
      "c285",
      "c327",
      "c356",
      "c424",
      "c534"
    ],
    "edge-8": [
      "c003",
      "c049",
      "c155",
      "c239",
      "c261",
      "c265",
      "c266",
      "c323",
      "c325",
      "c467",
      "c479",
      "c567"
    ]
  }
}
================================================================================
[RUN][K8s-CA] drtp_img88_cacheonly_768mb_1000.json
{
  "summary": {
    "algo": "FG-DSCR-GC-K8sCA",
    "num_containers": 1000,
    "num_scheduled_containers": 78,
    "num_nodes": 8,
    "failed_deployments": 922,
    "ca_penalty": 922.0,
    "ca_downloaded_mb": 435887,
    "ACT": 163.37932692307692,
    "AMS": 289.4895833333333,
    "downloaded_mb": 70274,
    "reused_mb": 9520,
    "reuse_rate": 0.11930721608140964,
    "objective_without_ca_penalty": 226.43445512820512,
    "objective": 1148.4344551282052
  },
  "assignment": {
    "edge-1": [
      "c848",
      "c032",
      "c033",
      "c044",
      "c262",
      "c716",
      "c739",
      "c428",
      "c261",
      "c143"
    ],
    "edge-2": [
      "c156",
      "c169",
      "c567",
      "c579",
      "c800",
      "c328",
      "c330",
      "c367"
    ],
    "edge-3": [
      "c159",
      "c185",
      "c187",
      "c199",
      "c214",
      "c534",
      "c322",
      "c501",
      "c174",
      "c656"
    ],
    "edge-4": [
      "c851",
      "c855",
      "c028",
      "c043",
      "c088",
      "c180",
      "c321",
      "c116",
      "c363"
    ],
    "edge-5": [
      "c239",
      "c265",
      "c266",
      "c323",
      "c325",
      "c408",
      "c467",
      "c550",
      "c799",
      "c890",
      "c943",
      "c479"
    ],
    "edge-6": [
      "c449",
      "c508",
      "c528",
      "c601",
      "c724",
      "c051",
      "c553",
      "c296",
      "c816"
    ],
    "edge-7": [
      "c531",
      "c588",
      "c590",
      "c624",
      "c644",
      "c708",
      "c737",
      "c829",
      "c343",
      "c493"
    ],
    "edge-8": [
      "c841",
      "c944",
      "c961",
      "c965",
      "c003",
      "c022",
      "c049",
      "c078",
      "c136",
      "c155"
    ],
    "__CA_GUARANTEE__": [
      "c220",
      "c285",
      "c327",
      "c356",
      "c424",
      "c439",
      "c474",
      "c521",
      "c560",
      "c566",
      "c575",
      "c610",
      "c632",
      "c639",
      "c687",
      "c720",
      "c751",
      "c793",
      "c854",
      "c866",
      "c886",
      "c900",
      "c939",
      "c050",
      "c062",
      "c073",
      "c087",
      "c101",
      "c112",
      "c114",
      "c151",
      "c166",
      "c191",
      "c198",
      "c211",
      "c245",
      "c260",
      "c267",
      "c277",
      "c292",
      "c294",
      "c297",
      "c304",
      "c307",
      "c308",
      "c310",
      "c315",
      "c316",
      "c317",
      "c361",
      "c381",
      "c383",
      "c431",
      "c502",
      "c503",
      "c507",
      "c514",
      "c520",
      "c524",
      "c543",
      "c557",
      "c577",
      "c595",
      "c600",
      "c619",
      "c627",
      "c686",
      "c755",
      "c775",
      "c776",
      "c791",
      "c801",
      "c839",
      "c893",
      "c909",
      "c938",
      "c941",
      "c977",
      "c1000",
      "c005",
      "c015",
      "c041",
      "c095",
      "c129",
      "c158",
      "c175",
      "c205",
      "c230",
      "c240",
      "c241",
      "c251",
      "c252",
      "c272",
      "c281",
      "c302",
      "c341",
      "c351",
      "c353",
      "c391",
      "c406",
      "c421",
      "c430",
      "c433",
      "c446",
      "c456",
      "c468",
      "c469",
      "c526",
      "c537",
      "c572",
      "c584",
      "c650",
      "c666",
      "c685",
      "c746",
      "c783",
      "c787",
      "c809",
      "c810",
      "c821",
      "c849",
      "c891",
      "c926",
      "c934",
      "c975",
      "c997",
      "c009",
      "c012",
      "c053",
      "c083",
      "c132",
      "c171",
      "c183",
      "c189",
      "c200",
      "c203",
      "c217",
      "c219",
      "c280",
      "c334",
      "c378",
      "c392",
      "c401",
      "c413",
      "c445",
      "c498",
      "c510",
      "c545",
      "c589",
      "c591",
      "c611",
      "c621",
      "c628",
      "c629",
      "c678",
      "c694",
      "c730",
      "c753",
      "c761",
      "c805",
      "c864",
      "c927",
      "c949",
      "c966",
      "c969",
      "c971",
      "c992",
      "c068",
      "c154",
      "c264",
      "c283",
      "c459",
      "c463",
      "c562",
      "c717",
      "c782",
      "c844",
      "c871",
      "c930",
      "c959",
      "c984",
      "c995",
      "c999",
      "c071",
      "c336",
      "c981",
      "c020",
      "c109",
      "c065",
      "c324",
      "c384",
      "c396",
      "c434",
      "c605",
      "c663",
      "c897",
      "c037",
      "c148",
      "c153",
      "c177",
      "c179",
      "c268",
      "c454",
      "c770",
      "c804",
      "c814",
      "c933",
      "c418",
      "c425",
      "c447",
      "c452",
      "c606",
      "c649",
      "c658",
      "c042",
      "c046",
      "c140",
      "c247",
      "c303",
      "c420",
      "c662",
      "c683",
      "c733",
      "c882",
      "c991",
      "c135",
      "c437",
      "c654",
      "c876",
      "c996",
      "c105",
      "c138",
      "c489",
      "c711",
      "c725",
      "c574",
      "c623",
      "c196",
      "c271",
      "c633",
      "c652",
      "c917",
      "c989",
      "c287",
      "c111",
      "c740",
      "c763",
      "c912",
      "c436",
      "c677",
      "c908",
      "c221",
      "c620",
      "c671",
      "c681",
      "c726",
      "c858",
      "c937",
      "c093",
      "c236",
      "c291",
      "c470",
      "c599",
      "c354",
      "c578",
      "c640",
      "c707",
      "c728",
      "c798",
      "c951",
      "c195",
      "c497",
      "c924",
      "c475",
      "c994",
      "c120",
      "c054",
      "c123",
      "c393",
      "c701",
      "c742",
      "c781",
      "c853",
      "c164",
      "c345",
      "c485",
      "c552",
      "c555",
      "c609",
      "c643",
      "c714",
      "c727",
      "c834",
      "c929",
      "c014",
      "c059",
      "c457",
      "c546",
      "c598",
      "c653",
      "c698",
      "c767",
      "c940",
      "c103",
      "c246",
      "c282",
      "c500",
      "c554",
      "c651",
      "c706",
      "c794",
      "c942",
      "c031",
      "c106",
      "c771",
      "c790",
      "c888",
      "c332",
      "c161",
      "c925",
      "c593",
      "c721",
      "c774",
      "c901",
      "c305",
      "c414",
      "c983",
      "c072",
      "c400",
      "c547",
      "c741",
      "c828",
      "c950",
      "c181",
      "c215",
      "c371",
      "c585",
      "c631",
      "c762",
      "c831",
      "c838",
      "c915",
      "c970",
      "c226",
      "c415",
      "c429",
      "c523",
      "c857",
      "c988",
      "c504",
      "c583",
      "c477",
      "c710",
      "c082",
      "c092",
      "c160",
      "c368",
      "c529",
      "c544",
      "c668",
      "c731",
      "c772",
      "c806",
      "c899",
      "c986",
      "c047",
      "c366",
      "c612",
      "c634",
      "c779",
      "c905",
      "c026",
      "c094",
      "c202",
      "c412",
      "c427",
      "c444",
      "c481",
      "c622",
      "c845",
      "c017",
      "c290",
      "c382",
      "c637",
      "c904",
      "c952",
      "c979",
      "c057",
      "c615",
      "c110",
      "c506",
      "c052",
      "c404",
      "c856",
      "c038",
      "c515",
      "c797",
      "c625",
      "c188",
      "c385",
      "c824",
      "c204",
      "c213",
      "c460",
      "c480",
      "c873",
      "c064",
      "c069",
      "c227",
      "c811",
      "c024",
      "c387",
      "c592",
      "c712",
      "c293",
      "c538",
      "c118",
      "c097",
      "c165",
      "c379",
      "c556",
      "c699",
      "c745",
      "c060",
      "c339",
      "c438",
      "c455",
      "c889",
      "c920",
      "c146",
      "c840",
      "c964",
      "c972",
      "c023",
      "c395",
      "c673",
      "c705",
      "c472",
      "c286",
      "c010",
      "c127",
      "c348",
      "c913",
      "c144",
      "c224",
      "c243",
      "c295",
      "c362",
      "c483",
      "c173",
      "c178",
      "c288",
      "c402",
      "c442",
      "c702",
      "c338",
      "c398",
      "c723",
      "c752",
      "c795",
      "c935",
      "c335",
      "c722",
      "c476",
      "c902",
      "c394",
      "c486",
      "c495",
      "c670",
      "c758",
      "c168",
      "c273",
      "c364",
      "c496",
      "c509",
      "c835",
      "c850",
      "c907",
      "c985",
      "c435",
      "c453",
      "c471",
      "c494",
      "c936",
      "c958",
      "c162",
      "c482",
      "c568",
      "c676",
      "c777",
      "c369",
      "c833",
      "c218",
      "c289",
      "c035",
      "c533",
      "c743",
      "c863",
      "c176",
      "c207",
      "c284",
      "c373",
      "c549",
      "c648",
      "c679",
      "c735",
      "c784",
      "c789",
      "c993",
      "c125",
      "c210",
      "c231",
      "c234",
      "c329",
      "c488",
      "c674",
      "c830",
      "c867",
      "c923",
      "c212",
      "c275",
      "c372",
      "c518",
      "c626",
      "c715",
      "c815",
      "c056",
      "c301",
      "c390",
      "c484",
      "c696",
      "c750",
      "c973",
      "c540",
      "c906",
      "c976",
      "c298",
      "c300",
      "c887",
      "c086",
      "c040",
      "c450",
      "c133",
      "c548",
      "c034",
      "c182",
      "c320",
      "c559",
      "c672",
      "c736",
      "c823",
      "c919",
      "c232",
      "c314",
      "c729",
      "c918",
      "c570",
      "c134",
      "c278",
      "c744",
      "c117",
      "c342",
      "c074",
      "c397",
      "c916",
      "c209",
      "c818",
      "c945",
      "c337",
      "c487",
      "c542",
      "c754",
      "c766",
      "c126",
      "c235",
      "c333",
      "c344",
      "c491",
      "c569",
      "c192",
      "c948",
      "c734",
      "c002",
      "c172",
      "c825",
      "c080",
      "c274",
      "c149",
      "c536",
      "c647",
      "c862",
      "c690",
      "c440",
      "c004",
      "c157",
      "c331",
      "c377",
      "c646",
      "c832",
      "c150",
      "c259",
      "c312",
      "c403",
      "c448",
      "c561",
      "c764",
      "c780",
      "c039",
      "c269",
      "c582",
      "c532",
      "c319",
      "c792",
      "c194",
      "c499",
      "c517",
      "c885",
      "c137",
      "c422",
      "c732",
      "c530",
      "c380",
      "c443",
      "c045",
      "c399",
      "c786",
      "c098",
      "c860",
      "c358",
      "c608",
      "c700",
      "c313",
      "c511",
      "c877",
      "c021",
      "c527",
      "c998",
      "c190",
      "c206",
      "c539",
      "c892",
      "c765",
      "c747",
      "c410",
      "c788",
      "c820",
      "c124",
      "c389",
      "c513",
      "c522",
      "c852",
      "c895",
      "c953",
      "c113",
      "c139",
      "c250",
      "c713",
      "c898",
      "c237",
      "c738",
      "c263",
      "c613",
      "c878",
      "c931",
      "c223",
      "c466",
      "c802",
      "c827",
      "c894",
      "c130",
      "c061",
      "c067",
      "c256",
      "c617",
      "c659",
      "c932",
      "c978",
      "c594",
      "c661",
      "c689",
      "c375",
      "c914",
      "c709",
      "c847",
      "c576",
      "c347",
      "c813",
      "c875",
      "c423",
      "c602",
      "c636",
      "c667",
      "c812",
      "c883",
      "c462",
      "c881",
      "c311",
      "c417",
      "c186",
      "c352",
      "c587",
      "c258",
      "c318",
      "c535",
      "c225",
      "c370",
      "c013",
      "c058",
      "c011",
      "c365",
      "c922",
      "c076",
      "c163",
      "c081",
      "c119",
      "c836",
      "c564",
      "c635",
      "c664",
      "c880",
      "c216",
      "c982",
      "c306",
      "c879",
      "c104",
      "c084",
      "c861",
      "c675",
      "c573",
      "c870",
      "c276",
      "c967",
      "c505",
      "c007",
      "c128",
      "c843",
      "c197",
      "c490",
      "c018",
      "c201",
      "c954",
      "c355",
      "c152",
      "c027",
      "c749",
      "c571",
      "c874",
      "c669",
      "c693",
      "c911",
      "c238",
      "c803",
      "c357",
      "c458",
      "c773",
      "c903",
      "c115",
      "c416",
      "c089",
      "c760",
      "c077",
      "c208",
      "c657",
      "c665",
      "c075",
      "c131",
      "c270",
      "c001",
      "c030",
      "c099",
      "c778",
      "c141",
      "c963",
      "c822",
      "c990",
      "c184",
      "c405",
      "c036",
      "c441",
      "c719",
      "c085",
      "c432",
      "c222",
      "c604",
      "c558",
      "c019",
      "c299",
      "c684",
      "c692",
      "c846",
      "c869",
      "c748",
      "c055",
      "c819",
      "c768",
      "c326",
      "c386",
      "c096",
      "c614",
      "c025",
      "c167",
      "c718",
      "c837",
      "c063",
      "c070",
      "c580",
      "c147",
      "c618",
      "c865",
      "c655",
      "c279",
      "c826",
      "c066",
      "c409",
      "c759",
      "c090",
      "c596",
      "c682",
      "c512",
      "c597",
      "c016",
      "c465",
      "c703",
      "c249",
      "c616",
      "c254",
      "c645",
      "c451",
      "c244",
      "c419",
      "c426",
      "c607",
      "c921",
      "c551",
      "c048",
      "c756",
      "c346",
      "c473",
      "c492",
      "c956",
      "c872",
      "c170",
      "c688",
      "c796",
      "c660",
      "c968",
      "c974",
      "c193",
      "c680",
      "c695",
      "c359",
      "c388",
      "c859",
      "c947",
      "c581",
      "c769",
      "c229",
      "c461",
      "c374",
      "c233",
      "c360",
      "c248",
      "c464",
      "c960",
      "c079",
      "c100",
      "c980",
      "c910",
      "c962",
      "c142",
      "c257",
      "c411",
      "c691",
      "c757",
      "c340",
      "c478",
      "c376",
      "c006",
      "c108",
      "c407",
      "c603",
      "c817",
      "c242",
      "c253",
      "c145",
      "c541",
      "c785",
      "c029",
      "c107",
      "c122",
      "c349",
      "c516",
      "c946",
      "c228",
      "c565",
      "c928",
      "c525",
      "c842",
      "c102",
      "c630",
      "c987",
      "c638",
      "c309",
      "c642",
      "c121",
      "c641",
      "c697",
      "c884",
      "c955",
      "c091",
      "c350",
      "c255",
      "c957",
      "c586",
      "c808",
      "c896",
      "c008",
      "c519",
      "c868",
      "c563",
      "c807",
      "c704"
    ]
  },
  "ordered_queues": {
    "edge-1": [
      "c032",
      "c033",
      "c044",
      "c143",
      "c261",
      "c262",
      "c428",
      "c716",
      "c739",
      "c848"
    ],
    "edge-2": [
      "c156",
      "c169",
      "c328",
      "c330",
      "c367",
      "c567",
      "c579",
      "c800"
    ],
    "edge-3": [
      "c159",
      "c174",
      "c185",
      "c187",
      "c199",
      "c214",
      "c322",
      "c501",
      "c534",
      "c656"
    ],
    "edge-4": [
      "c028",
      "c043",
      "c088",
      "c116",
      "c180",
      "c321",
      "c363",
      "c851",
      "c855"
    ],
    "edge-5": [
      "c239",
      "c265",
      "c266",
      "c323",
      "c325",
      "c408",
      "c467",
      "c479",
      "c550",
      "c799",
      "c890",
      "c943"
    ],
    "edge-6": [
      "c051",
      "c296",
      "c449",
      "c508",
      "c528",
      "c553",
      "c601",
      "c724",
      "c816"
    ],
    "edge-7": [
      "c343",
      "c493",
      "c531",
      "c588",
      "c590",
      "c624",
      "c644",
      "c708",
      "c737",
      "c829"
    ],
    "edge-8": [
      "c003",
      "c022",
      "c049",
      "c078",
      "c136",
      "c155",
      "c841",
      "c944",
      "c961",
      "c965"
    ]
  }
}
================================================================================
[RUN][K8s-CA] drtp_img88_cacheonly_768mb_200.json
{
  "summary": {
    "algo": "FG-DSCR-GC-K8sCA",
    "num_containers": 200,
    "num_scheduled_containers": 91,
    "num_nodes": 8,
    "failed_deployments": 109,
    "ca_penalty": 545.0,
    "ca_downloaded_mb": 30648,
    "ACT": 164.74619963369963,
    "AMS": 287.2171875,
    "downloaded_mb": 56899,
    "reused_mb": 21261,
    "reuse_rate": 0.27201893551688844,
    "objective_without_ca_penalty": 225.98169356684983,
    "objective": 770.9816935668498
  },
  "assignment": {
    "edge-1": [
      "c117",
      "c051",
      "c052",
      "c060",
      "c119",
      "c176",
      "c188",
      "c003",
      "c155",
      "c053",
      "c072",
      "c121",
      "c115",
      "c129",
      "c157"
    ],
    "edge-2": [
      "c004",
      "c030",
      "c170",
      "c122",
      "c006",
      "c010",
      "c128",
      "c173",
      "c086",
      "c078"
    ],
    "edge-3": [
      "c034",
      "c178",
      "c147",
      "c144",
      "c182",
      "c196",
      "c027",
      "c025",
      "c058",
      "c061",
      "c067",
      "c071"
    ],
    "edge-4": [
      "c160",
      "c165",
      "c199",
      "c016",
      "c017",
      "c047",
      "c082",
      "c098",
      "c019",
      "c198",
      "c074"
    ],
    "edge-5": [
      "c126",
      "c007",
      "c134",
      "c105",
      "c190",
      "c089"
    ],
    "edge-6": [
      "c123",
      "c142",
      "c168",
      "c012",
      "c029",
      "c036",
      "c057",
      "c079",
      "c093",
      "c049",
      "c172",
      "c166"
    ],
    "edge-7": [
      "c107",
      "c020",
      "c076",
      "c088",
      "c109",
      "c180",
      "c149",
      "c097",
      "c091",
      "c156",
      "c022",
      "c130",
      "c152"
    ],
    "edge-8": [
      "c095",
      "c099",
      "c106",
      "c108",
      "c111",
      "c164",
      "c002",
      "c037",
      "c063",
      "c066",
      "c069",
      "c084"
    ],
    "__CA_GUARANTEE__": [
      "c068",
      "c104",
      "c092",
      "c116",
      "c161",
      "c032",
      "c167",
      "c140",
      "c177",
      "c045",
      "c035",
      "c018",
      "c136",
      "c133",
      "c169",
      "c080",
      "c127",
      "c031",
      "c183",
      "c139",
      "c044",
      "c197",
      "c118",
      "c162",
      "c009",
      "c151",
      "c090",
      "c159",
      "c135",
      "c056",
      "c070",
      "c153",
      "c055",
      "c064",
      "c083",
      "c005",
      "c120",
      "c175",
      "c154",
      "c193",
      "c065",
      "c001",
      "c041",
      "c114",
      "c046",
      "c100",
      "c112",
      "c039",
      "c200",
      "c094",
      "c138",
      "c158",
      "c195",
      "c125",
      "c186",
      "c014",
      "c024",
      "c008",
      "c163",
      "c043",
      "c141",
      "c192",
      "c102",
      "c132",
      "c021",
      "c073",
      "c028",
      "c181",
      "c040",
      "c137",
      "c101",
      "c077",
      "c062",
      "c150",
      "c131",
      "c143",
      "c103",
      "c191",
      "c087",
      "c110",
      "c185",
      "c054",
      "c171",
      "c011",
      "c075",
      "c042",
      "c189",
      "c146",
      "c033",
      "c026",
      "c081",
      "c174",
      "c096",
      "c048",
      "c038",
      "c085",
      "c184",
      "c013",
      "c124",
      "c050",
      "c187",
      "c148",
      "c145",
      "c194",
      "c113",
      "c179",
      "c015",
      "c023",
      "c059"
    ]
  },
  "ordered_queues": {
    "edge-1": [
      "c003",
      "c051",
      "c052",
      "c053",
      "c060",
      "c072",
      "c115",
      "c117",
      "c119",
      "c121",
      "c129",
      "c155",
      "c157",
      "c176",
      "c188"
    ],
    "edge-2": [
      "c004",
      "c006",
      "c010",
      "c030",
      "c078",
      "c086",
      "c122",
      "c128",
      "c170",
      "c173"
    ],
    "edge-3": [
      "c025",
      "c027",
      "c034",
      "c058",
      "c061",
      "c067",
      "c071",
      "c144",
      "c147",
      "c178",
      "c182",
      "c196"
    ],
    "edge-4": [
      "c016",
      "c017",
      "c019",
      "c047",
      "c074",
      "c082",
      "c098",
      "c160",
      "c165",
      "c198",
      "c199"
    ],
    "edge-5": [
      "c007",
      "c105",
      "c126",
      "c134",
      "c190",
      "c089"
    ],
    "edge-6": [
      "c012",
      "c029",
      "c036",
      "c049",
      "c057",
      "c079",
      "c093",
      "c123",
      "c142",
      "c166",
      "c168",
      "c172"
    ],
    "edge-7": [
      "c020",
      "c076",
      "c088",
      "c097",
      "c107",
      "c109",
      "c149",
      "c180",
      "c022",
      "c091",
      "c130",
      "c152",
      "c156"
    ],
    "edge-8": [
      "c002",
      "c037",
      "c063",
      "c066",
      "c069",
      "c084",
      "c095",
      "c099",
      "c106",
      "c108",
      "c111",
      "c164"
    ]
  }
}
================================================================================
[RUN][K8s-CA] drtp_img88_cacheonly_768mb_300.json
{
  "summary": {
    "algo": "FG-DSCR-GC-K8sCA",
    "num_containers": 300,
    "num_scheduled_containers": 92,
    "num_nodes": 8,
    "failed_deployments": 208,
    "ca_penalty": 693.3333333333334,
    "ca_downloaded_mb": 65588,
    "ACT": 184.61906702898546,
    "AMS": 330.57656249999985,
    "downloaded_mb": 76188,
    "reused_mb": 14488,
    "reuse_rate": 0.15977766994574089,
    "objective_without_ca_penalty": 257.5978147644927,
    "objective": 950.931148097826
  },
  "assignment": {
    "edge-1": [
      "c151",
      "c166",
      "c191",
      "c198",
      "c211",
      "c245",
      "c260",
      "c267",
      "c277",
      "c292",
      "c297",
      "c280",
      "c154"
    ],
    "edge-2": [
      "c028",
      "c043",
      "c088",
      "c022",
      "c049",
      "c272",
      "c051",
      "c009",
      "c083",
      "c116",
      "c169"
    ],
    "edge-3": [
      "c005",
      "c041",
      "c129",
      "c158",
      "c175",
      "c205",
      "c230",
      "c240",
      "c241",
      "c281",
      "c068",
      "c264",
      "c071",
      "c283"
    ],
    "edge-4": [
      "c136",
      "c155",
      "c261",
      "c265",
      "c266",
      "c032",
      "c033",
      "c044",
      "c252",
      "c012",
      "c159"
    ],
    "edge-5": [
      "c053",
      "c132",
      "c171",
      "c183",
      "c189",
      "c200",
      "c203",
      "c217",
      "c219",
      "c078",
      "c156",
      "c185"
    ],
    "edge-6": [
      "c187",
      "c199",
      "c214",
      "c251",
      "c296",
      "c143",
      "c174",
      "c180",
      "c003",
      "c239"
    ],
    "edge-7": [
      "c020",
      "c109",
      "c065",
      "c037",
      "c148",
      "c153",
      "c177",
      "c179",
      "c015",
      "c095"
    ],
    "edge-8": [
      "c220",
      "c262",
      "c285",
      "c050",
      "c062",
      "c073",
      "c087",
      "c101",
      "c112",
      "c114",
      "c294"
    ],
    "__CA_GUARANTEE__": [
      "c268",
      "c042",
      "c046",
      "c140",
      "c247",
      "c135",
      "c105",
      "c138",
      "c196",
      "c271",
      "c287",
      "c111",
      "c221",
      "c093",
      "c236",
      "c291",
      "c195",
      "c120",
      "c054",
      "c123",
      "c164",
      "c014",
      "c059",
      "c103",
      "c246",
      "c282",
      "c031",
      "c106",
      "c161",
      "c072",
      "c181",
      "c215",
      "c226",
      "c082",
      "c092",
      "c160",
      "c047",
      "c026",
      "c094",
      "c202",
      "c017",
      "c290",
      "c057",
      "c110",
      "c052",
      "c038",
      "c188",
      "c204",
      "c213",
      "c064",
      "c069",
      "c227",
      "c024",
      "c293",
      "c118",
      "c097",
      "c165",
      "c060",
      "c146",
      "c023",
      "c286",
      "c010",
      "c127",
      "c144",
      "c224",
      "c243",
      "c295",
      "c173",
      "c178",
      "c288",
      "c168",
      "c273",
      "c162",
      "c218",
      "c289",
      "c035",
      "c176",
      "c207",
      "c284",
      "c125",
      "c210",
      "c231",
      "c234",
      "c212",
      "c275",
      "c056",
      "c298",
      "c300",
      "c086",
      "c040",
      "c133",
      "c034",
      "c182",
      "c232",
      "c134",
      "c278",
      "c117",
      "c074",
      "c209",
      "c126",
      "c235",
      "c192",
      "c002",
      "c172",
      "c080",
      "c274",
      "c149",
      "c004",
      "c157",
      "c150",
      "c259",
      "c039",
      "c269",
      "c194",
      "c137",
      "c045",
      "c098",
      "c021",
      "c190",
      "c206",
      "c124",
      "c113",
      "c139",
      "c250",
      "c237",
      "c263",
      "c223",
      "c130",
      "c061",
      "c067",
      "c256",
      "c186",
      "c258",
      "c225",
      "c013",
      "c058",
      "c011",
      "c076",
      "c163",
      "c081",
      "c119",
      "c216",
      "c104",
      "c084",
      "c276",
      "c007",
      "c128",
      "c197",
      "c018",
      "c201",
      "c152",
      "c027",
      "c238",
      "c115",
      "c089",
      "c077",
      "c208",
      "c075",
      "c131",
      "c270",
      "c001",
      "c030",
      "c099",
      "c141",
      "c184",
      "c036",
      "c085",
      "c222",
      "c019",
      "c299",
      "c055",
      "c096",
      "c025",
      "c167",
      "c063",
      "c070",
      "c147",
      "c279",
      "c066",
      "c090",
      "c016",
      "c249",
      "c254",
      "c244",
      "c048",
      "c170",
      "c193",
      "c229",
      "c233",
      "c248",
      "c079",
      "c100",
      "c142",
      "c257",
      "c006",
      "c108",
      "c242",
      "c253",
      "c145",
      "c029",
      "c107",
      "c122",
      "c228",
      "c102",
      "c121",
      "c091",
      "c255",
      "c008"
    ]
  },
  "ordered_queues": {
    "edge-1": [
      "c151",
      "c154",
      "c166",
      "c191",
      "c198",
      "c211",
      "c245",
      "c260",
      "c267",
      "c277",
      "c280",
      "c292",
      "c297"
    ],
    "edge-2": [
      "c009",
      "c022",
      "c028",
      "c043",
      "c049",
      "c051",
      "c083",
      "c088",
      "c116",
      "c169",
      "c272"
    ],
    "edge-3": [
      "c005",
      "c041",
      "c068",
      "c071",
      "c129",
      "c158",
      "c175",
      "c205",
      "c230",
      "c240",
      "c241",
      "c264",
      "c281",
      "c283"
    ],
    "edge-4": [
      "c012",
      "c032",
      "c033",
      "c044",
      "c136",
      "c155",
      "c159",
      "c252",
      "c261",
      "c265",
      "c266"
    ],
    "edge-5": [
      "c053",
      "c078",
      "c132",
      "c156",
      "c171",
      "c183",
      "c185",
      "c189",
      "c200",
      "c203",
      "c217",
      "c219"
    ],
    "edge-6": [
      "c003",
      "c143",
      "c174",
      "c180",
      "c187",
      "c199",
      "c214",
      "c239",
      "c251",
      "c296"
    ],
    "edge-7": [
      "c020",
      "c037",
      "c065",
      "c109",
      "c148",
      "c153",
      "c177",
      "c179",
      "c015",
      "c095"
    ],
    "edge-8": [
      "c050",
      "c062",
      "c073",
      "c087",
      "c101",
      "c112",
      "c114",
      "c220",
      "c262",
      "c285",
      "c294"
    ]
  }
}
================================================================================
[RUN][K8s-CA] drtp_img88_cacheonly_768mb_400.json
{
  "summary": {
    "algo": "FG-DSCR-GC-K8sCA",
    "num_containers": 400,
    "num_scheduled_containers": 90,
    "num_nodes": 8,
    "failed_deployments": 310,
    "ca_penalty": 775.0,
    "ca_downloaded_mb": 117923,
    "ACT": 188.27537037037035,
    "AMS": 333.3546874999999,
    "downloaded_mb": 80918,
    "reused_mb": 11152,
    "reuse_rate": 0.12112523080265016,
    "objective_without_ca_penalty": 260.8150289351851,
    "objective": 1035.8150289351852
  },
  "assignment": {
    "edge-1": [
      "c262",
      "c356",
      "c062",
      "c073",
      "c087",
      "c101",
      "c296",
      "c028",
      "c088",
      "c043"
    ],
    "edge-2": [
      "c175",
      "c151",
      "c166",
      "c308",
      "c129",
      "c191",
      "c245",
      "c361",
      "c260"
    ],
    "edge-3": [
      "c198",
      "c211",
      "c267",
      "c277",
      "c292",
      "c294",
      "c297",
      "c143",
      "c321",
      "c169",
      "c307",
      "c285"
    ],
    "edge-4": [
      "c343",
      "c003",
      "c022",
      "c049",
      "c136",
      "c155",
      "c239",
      "c261",
      "c265",
      "c174",
      "c051"
    ],
    "edge-5": [
      "c310",
      "c315",
      "c316",
      "c317",
      "c381",
      "c383",
      "c005",
      "c015",
      "c041",
      "c095",
      "c050",
      "c220",
      "c327"
    ],
    "edge-6": [
      "c266",
      "c323",
      "c325",
      "c328",
      "c330",
      "c367",
      "c032",
      "c033",
      "c044",
      "c112",
      "c304"
    ],
    "edge-7": [
      "c158",
      "c205",
      "c230",
      "c240",
      "c241",
      "c251",
      "c252",
      "c272",
      "c281",
      "c302",
      "c341",
      "c351",
      "c078",
      "c116"
    ],
    "edge-8": [
      "c156",
      "c159",
      "c185",
      "c187",
      "c199",
      "c214",
      "c114",
      "c322",
      "c180",
      "c363"
    ],
    "__CA_GUARANTEE__": [
      "c353",
      "c391",
      "c009",
      "c012",
      "c053",
      "c083",
      "c132",
      "c171",
      "c183",
      "c189",
      "c200",
      "c203",
      "c217",
      "c219",
      "c280",
      "c334",
      "c378",
      "c392",
      "c068",
      "c154",
      "c264",
      "c283",
      "c071",
      "c336",
      "c020",
      "c109",
      "c065",
      "c324",
      "c384",
      "c396",
      "c037",
      "c148",
      "c153",
      "c177",
      "c179",
      "c268",
      "c042",
      "c046",
      "c140",
      "c247",
      "c303",
      "c135",
      "c105",
      "c138",
      "c196",
      "c271",
      "c287",
      "c111",
      "c221",
      "c093",
      "c236",
      "c291",
      "c354",
      "c195",
      "c120",
      "c054",
      "c123",
      "c393",
      "c164",
      "c345",
      "c014",
      "c059",
      "c103",
      "c246",
      "c282",
      "c031",
      "c106",
      "c332",
      "c161",
      "c305",
      "c072",
      "c400",
      "c181",
      "c215",
      "c371",
      "c226",
      "c082",
      "c092",
      "c160",
      "c368",
      "c047",
      "c366",
      "c026",
      "c094",
      "c202",
      "c017",
      "c290",
      "c382",
      "c057",
      "c110",
      "c052",
      "c038",
      "c188",
      "c385",
      "c204",
      "c213",
      "c064",
      "c069",
      "c227",
      "c024",
      "c387",
      "c293",
      "c118",
      "c097",
      "c165",
      "c379",
      "c060",
      "c339",
      "c146",
      "c023",
      "c395",
      "c286",
      "c010",
      "c127",
      "c348",
      "c144",
      "c224",
      "c243",
      "c295",
      "c362",
      "c173",
      "c178",
      "c288",
      "c338",
      "c398",
      "c335",
      "c394",
      "c168",
      "c273",
      "c364",
      "c162",
      "c369",
      "c218",
      "c289",
      "c035",
      "c176",
      "c207",
      "c284",
      "c373",
      "c125",
      "c210",
      "c231",
      "c234",
      "c329",
      "c212",
      "c275",
      "c372",
      "c056",
      "c301",
      "c390",
      "c298",
      "c300",
      "c086",
      "c040",
      "c133",
      "c034",
      "c182",
      "c320",
      "c232",
      "c314",
      "c134",
      "c278",
      "c117",
      "c342",
      "c074",
      "c397",
      "c209",
      "c337",
      "c126",
      "c235",
      "c333",
      "c344",
      "c192",
      "c002",
      "c172",
      "c080",
      "c274",
      "c149",
      "c004",
      "c157",
      "c331",
      "c377",
      "c150",
      "c259",
      "c312",
      "c039",
      "c269",
      "c319",
      "c194",
      "c137",
      "c380",
      "c045",
      "c399",
      "c098",
      "c358",
      "c313",
      "c021",
      "c190",
      "c206",
      "c124",
      "c389",
      "c113",
      "c139",
      "c250",
      "c237",
      "c263",
      "c223",
      "c130",
      "c061",
      "c067",
      "c256",
      "c375",
      "c347",
      "c311",
      "c186",
      "c352",
      "c258",
      "c318",
      "c225",
      "c370",
      "c013",
      "c058",
      "c011",
      "c365",
      "c076",
      "c163",
      "c081",
      "c119",
      "c216",
      "c306",
      "c104",
      "c084",
      "c276",
      "c007",
      "c128",
      "c197",
      "c018",
      "c201",
      "c355",
      "c152",
      "c027",
      "c238",
      "c357",
      "c115",
      "c089",
      "c077",
      "c208",
      "c075",
      "c131",
      "c270",
      "c001",
      "c030",
      "c099",
      "c141",
      "c184",
      "c036",
      "c085",
      "c222",
      "c019",
      "c299",
      "c055",
      "c326",
      "c386",
      "c096",
      "c025",
      "c167",
      "c063",
      "c070",
      "c147",
      "c279",
      "c066",
      "c090",
      "c016",
      "c249",
      "c254",
      "c244",
      "c048",
      "c346",
      "c170",
      "c193",
      "c359",
      "c388",
      "c229",
      "c374",
      "c233",
      "c360",
      "c248",
      "c079",
      "c100",
      "c142",
      "c257",
      "c340",
      "c376",
      "c006",
      "c108",
      "c242",
      "c253",
      "c145",
      "c029",
      "c107",
      "c122",
      "c349",
      "c228",
      "c102",
      "c309",
      "c121",
      "c091",
      "c350",
      "c255",
      "c008"
    ]
  },
  "ordered_queues": {
    "edge-1": [
      "c028",
      "c043",
      "c062",
      "c073",
      "c087",
      "c088",
      "c101",
      "c262",
      "c296",
      "c356"
    ],
    "edge-2": [
      "c129",
      "c151",
      "c166",
      "c175",
      "c191",
      "c245",
      "c260",
      "c308",
      "c361"
    ],
    "edge-3": [
      "c143",
      "c169",
      "c198",
      "c211",
      "c267",
      "c277",
      "c285",
      "c292",
      "c294",
      "c297",
      "c307",
      "c321"
    ],
    "edge-4": [
      "c003",
      "c022",
      "c049",
      "c051",
      "c136",
      "c155",
      "c174",
      "c239",
      "c261",
      "c265",
      "c343"
    ],
    "edge-5": [
      "c005",
      "c015",
      "c041",
      "c050",
      "c095",
      "c220",
      "c310",
      "c315",
      "c316",
      "c317",
      "c327",
      "c381",
      "c383"
    ],
    "edge-6": [
      "c032",
      "c033",
      "c044",
      "c112",
      "c266",
      "c304",
      "c323",
      "c325",
      "c328",
      "c330",
      "c367"
    ],
    "edge-7": [
      "c078",
      "c116",
      "c158",
      "c205",
      "c230",
      "c240",
      "c241",
      "c251",
      "c252",
      "c272",
      "c281",
      "c302",
      "c341",
      "c351"
    ],
    "edge-8": [
      "c114",
      "c156",
      "c159",
      "c180",
      "c185",
      "c187",
      "c199",
      "c214",
      "c322",
      "c363"
    ]
  }
}
================================================================================
[RUN][K8s-CA] drtp_img88_cacheonly_768mb_500.json
{
  "summary": {
    "algo": "FG-DSCR-GC-K8sCA",
    "num_containers": 500,
    "num_scheduled_containers": 81,
    "num_nodes": 8,
    "failed_deployments": 419,
    "ca_penalty": 838.0,
    "ca_downloaded_mb": 186708,
    "ACT": 170.73611111111111,
    "AMS": 300.07135416666665,
    "downloaded_mb": 72935,
    "reused_mb": 9928,
    "reuse_rate": 0.11981222017064311,
    "objective_without_ca_penalty": 235.40373263888887,
    "objective": 1073.4037326388889
  },
  "assignment": {
    "edge-1": [
      "c197",
      "c224",
      "c226",
      "c262",
      "c280",
      "c282",
      "c287",
      "c296",
      "c387",
      "c146",
      "c453",
      "c461"
    ],
    "edge-2": [
      "c078",
      "c270",
      "c041",
      "c090",
      "c173",
      "c186",
      "c273",
      "c020",
      "c265"
    ],
    "edge-3": [
      "c305",
      "c315",
      "c329",
      "c339",
      "c344",
      "c369",
      "c421",
      "c274",
      "c441",
      "c443",
      "c147",
      "c245"
    ],
    "edge-4": [
      "c292",
      "c354",
      "c363",
      "c370",
      "c021",
      "c043",
      "c055",
      "c312",
      "c113"
    ],
    "edge-5": [
      "c103",
      "c106",
      "c157",
      "c179",
      "c142",
      "c170",
      "c063",
      "c256",
      "c136",
      "c319"
    ],
    "edge-6": [
      "c235",
      "c207",
      "c302",
      "c087",
      "c242",
      "c062",
      "c093",
      "c165",
      "c357"
    ],
    "edge-7": [
      "c108",
      "c121",
      "c122",
      "c181",
      "c185",
      "c196",
      "c311",
      "c019",
      "c303",
      "c193"
    ],
    "edge-8": [
      "c331",
      "c345",
      "c349",
      "c385",
      "c493",
      "c500",
      "c002",
      "c003",
      "c015",
      "c067"
    ],
    "__CA_GUARANTEE__": [
      "c160",
      "c210",
      "c215",
      "c227",
      "c248",
      "c308",
      "c309",
      "c353",
      "c359",
      "c386",
      "c437",
      "c460",
      "c491",
      "c027",
      "c030",
      "c035",
      "c036",
      "c047",
      "c056",
      "c099",
      "c112",
      "c115",
      "c119",
      "c123",
      "c127",
      "c134",
      "c171",
      "c194",
      "c206",
      "c251",
      "c253",
      "c263",
      "c279",
      "c290",
      "c340",
      "c348",
      "c356",
      "c362",
      "c381",
      "c464",
      "c467",
      "c478",
      "c494",
      "c028",
      "c060",
      "c064",
      "c077",
      "c086",
      "c109",
      "c128",
      "c288",
      "c298",
      "c343",
      "c398",
      "c404",
      "c426",
      "c436",
      "c449",
      "c459",
      "c481",
      "c486",
      "c487",
      "c496",
      "c029",
      "c116",
      "c177",
      "c384",
      "c411",
      "c415",
      "c278",
      "c155",
      "c203",
      "c004",
      "c066",
      "c102",
      "c182",
      "c188",
      "c234",
      "c352",
      "c475",
      "c216",
      "c255",
      "c405",
      "c455",
      "c472",
      "c065",
      "c373",
      "c438",
      "c148",
      "c223",
      "c337",
      "c168",
      "c439",
      "c022",
      "c335",
      "c088",
      "c184",
      "c053",
      "c125",
      "c316",
      "c365",
      "c144",
      "c198",
      "c264",
      "c427",
      "c446",
      "c499",
      "c009",
      "c026",
      "c050",
      "c471",
      "c272",
      "c321",
      "c425",
      "c094",
      "c070",
      "c101",
      "c230",
      "c419",
      "c045",
      "c068",
      "c071",
      "c145",
      "c237",
      "c258",
      "c332",
      "c454",
      "c169",
      "c289",
      "c346",
      "c451",
      "c024",
      "c222",
      "c450",
      "c061",
      "c132",
      "c138",
      "c001",
      "c039",
      "c080",
      "c166",
      "c195",
      "c307",
      "c483",
      "c058",
      "c073",
      "c236",
      "c243",
      "c326",
      "c379",
      "c214",
      "c360",
      "c025",
      "c240",
      "c250",
      "c406",
      "c217",
      "c323",
      "c336",
      "c069",
      "c172",
      "c187",
      "c276",
      "c371",
      "c082",
      "c212",
      "c327",
      "c333",
      "c417",
      "c468",
      "c013",
      "c114",
      "c218",
      "c444",
      "c355",
      "c178",
      "c176",
      "c257",
      "c442",
      "c037",
      "c095",
      "c098",
      "c313",
      "c351",
      "c414",
      "c075",
      "c105",
      "c111",
      "c140",
      "c152",
      "c163",
      "c416",
      "c129",
      "c429",
      "c410",
      "c042",
      "c151",
      "c283",
      "c466",
      "c005",
      "c275",
      "c492",
      "c424",
      "c167",
      "c301",
      "c358",
      "c418",
      "c084",
      "c107",
      "c423",
      "c400",
      "c191",
      "c092",
      "c120",
      "c401",
      "c420",
      "c470",
      "c281",
      "c350",
      "c318",
      "c383",
      "c018",
      "c137",
      "c286",
      "c489",
      "c135",
      "c164",
      "c208",
      "c347",
      "c007",
      "c081",
      "c085",
      "c322",
      "c477",
      "c051",
      "c342",
      "c364",
      "c083",
      "c397",
      "c117",
      "c300",
      "c008",
      "c158",
      "c338",
      "c038",
      "c139",
      "c325",
      "c395",
      "c213",
      "c291",
      "c046",
      "c374",
      "c391",
      "c124",
      "c382",
      "c052",
      "c341",
      "c033",
      "c247",
      "c016",
      "c199",
      "c480",
      "c209",
      "c408",
      "c089",
      "c231",
      "c183",
      "c202",
      "c320",
      "c403",
      "c409",
      "c465",
      "c232",
      "c268",
      "c328",
      "c091",
      "c219",
      "c314",
      "c476",
      "c076",
      "c225",
      "c014",
      "c180",
      "c059",
      "c277",
      "c388",
      "c469",
      "c252",
      "c074",
      "c220",
      "c048",
      "c057",
      "c372",
      "c295",
      "c392",
      "c130",
      "c259",
      "c010",
      "c297",
      "c175",
      "c299",
      "c079",
      "c428",
      "c306",
      "c269",
      "c211",
      "c006",
      "c457",
      "c304",
      "c482",
      "c378",
      "c031",
      "c153",
      "c485",
      "c034",
      "c271",
      "c238",
      "c154",
      "c412",
      "c440",
      "c254",
      "c284",
      "c317",
      "c150",
      "c190",
      "c239",
      "c462",
      "c156",
      "c433",
      "c189",
      "c495",
      "c376",
      "c233",
      "c100",
      "c324",
      "c334",
      "c361",
      "c445",
      "c118",
      "c497",
      "c054",
      "c463",
      "c141",
      "c149",
      "c221",
      "c260",
      "c131",
      "c266",
      "c396",
      "c422",
      "c011",
      "c389",
      "c484",
      "c023",
      "c110",
      "c456",
      "c488",
      "c044",
      "c498",
      "c161",
      "c377",
      "c393",
      "c310",
      "c040",
      "c448",
      "c452",
      "c380",
      "c159",
      "c458",
      "c012",
      "c228",
      "c072",
      "c285",
      "c368",
      "c447",
      "c431",
      "c402",
      "c435",
      "c293",
      "c407",
      "c294",
      "c399",
      "c267",
      "c249",
      "c017",
      "c201",
      "c490",
      "c104",
      "c096",
      "c143",
      "c205",
      "c204",
      "c200",
      "c229",
      "c049",
      "c162",
      "c244",
      "c473",
      "c174",
      "c434",
      "c394",
      "c192",
      "c330",
      "c375",
      "c261",
      "c474",
      "c133",
      "c430",
      "c413",
      "c432",
      "c366",
      "c246",
      "c126",
      "c479",
      "c367",
      "c032",
      "c241",
      "c390",
      "c097"
    ]
  },
  "ordered_queues": {
    "edge-1": [
      "c146",
      "c197",
      "c224",
      "c226",
      "c262",
      "c280",
      "c282",
      "c287",
      "c296",
      "c387",
      "c453",
      "c461"
    ],
    "edge-2": [
      "c020",
      "c041",
      "c078",
      "c090",
      "c173",
      "c186",
      "c265",
      "c270",
      "c273"
    ],
    "edge-3": [
      "c147",
      "c245",
      "c274",
      "c305",
      "c315",
      "c329",
      "c339",
      "c344",
      "c369",
      "c421",
      "c441",
      "c443"
    ],
    "edge-4": [
      "c021",
      "c043",
      "c055",
      "c113",
      "c292",
      "c312",
      "c354",
      "c363",
      "c370"
    ],
    "edge-5": [
      "c063",
      "c103",
      "c106",
      "c136",
      "c142",
      "c157",
      "c170",
      "c179",
      "c256",
      "c319"
    ],
    "edge-6": [
      "c062",
      "c087",
      "c093",
      "c165",
      "c207",
      "c235",
      "c242",
      "c302",
      "c357"
    ],
    "edge-7": [
      "c019",
      "c108",
      "c121",
      "c122",
      "c181",
      "c185",
      "c193",
      "c196",
      "c303",
      "c311"
    ],
    "edge-8": [
      "c002",
      "c003",
      "c015",
      "c067",
      "c331",
      "c345",
      "c349",
      "c385",
      "c493",
      "c500"
    ]
  }
}
================================================================================
[RUN][K8s-CA] drtp_img88_cacheonly_768mb_600.json
{
  "summary": {
    "algo": "FG-DSCR-GC-K8sCA",
    "num_containers": 600,
    "num_scheduled_containers": 83,
    "num_nodes": 8,
    "failed_deployments": 517,
    "ca_penalty": 861.6666666666666,
    "ca_downloaded_mb": 233291,
    "ACT": 171.0140060240964,
    "AMS": 307.3812499999999,
    "downloaded_mb": 74709,
    "reused_mb": 10200,
    "reuse_rate": 0.1201286082747412,
    "objective_without_ca_penalty": 239.19762801204814,
    "objective": 1100.8642946787147
  },
  "assignment": {
    "edge-1": [
      "c579",
      "c588",
      "c590",
      "c032",
      "c051",
      "c116",
      "c156",
      "c159",
      "c304",
      "c169",
      "c199"
    ],
    "edge-2": [
      "c296",
      "c363",
      "c428",
      "c553",
      "c028",
      "c043",
      "c088",
      "c143",
      "c174"
    ],
    "edge-3": [
      "c474",
      "c521",
      "c534",
      "c550",
      "c560",
      "c566",
      "c575",
      "c050",
      "c292",
      "c328",
      "c078"
    ],
    "edge-4": [
      "c062",
      "c101",
      "c073",
      "c087",
      "c112",
      "c424",
      "c439",
      "c033",
      "c214"
    ],
    "edge-5": [
      "c114",
      "c151",
      "c166",
      "c191",
      "c198",
      "c260",
      "c343",
      "c265",
      "c044",
      "c220",
      "c325"
    ],
    "edge-6": [
      "c022",
      "c049",
      "c136",
      "c155",
      "c239",
      "c261",
      "c266",
      "c323",
      "c310",
      "c187",
      "c408",
      "c185"
    ],
    "edge-7": [
      "c262",
      "c285",
      "c327",
      "c356",
      "c180",
      "c493",
      "c321",
      "c501",
      "c003",
      "c322"
    ],
    "edge-8": [
      "c330",
      "c367",
      "c467",
      "c479",
      "c531",
      "c567",
      "c211",
      "c508",
      "c528",
      "c449"
    ],
    "__CA_GUARANTEE__": [
      "c245",
      "c267",
      "c277",
      "c294",
      "c297",
      "c307",
      "c308",
      "c315",
      "c316",
      "c317",
      "c361",
      "c381",
      "c383",
      "c431",
      "c502",
      "c503",
      "c507",
      "c514",
      "c520",
      "c524",
      "c543",
      "c557",
      "c577",
      "c595",
      "c600",
      "c005",
      "c015",
      "c041",
      "c095",
      "c129",
      "c158",
      "c175",
      "c205",
      "c230",
      "c240",
      "c241",
      "c251",
      "c252",
      "c272",
      "c281",
      "c302",
      "c341",
      "c351",
      "c353",
      "c391",
      "c406",
      "c421",
      "c430",
      "c433",
      "c446",
      "c456",
      "c468",
      "c469",
      "c526",
      "c537",
      "c572",
      "c584",
      "c009",
      "c012",
      "c053",
      "c083",
      "c132",
      "c171",
      "c183",
      "c189",
      "c200",
      "c203",
      "c217",
      "c219",
      "c280",
      "c334",
      "c378",
      "c392",
      "c401",
      "c413",
      "c445",
      "c498",
      "c510",
      "c545",
      "c589",
      "c591",
      "c068",
      "c154",
      "c264",
      "c283",
      "c459",
      "c463",
      "c562",
      "c071",
      "c336",
      "c020",
      "c109",
      "c065",
      "c324",
      "c384",
      "c396",
      "c434",
      "c037",
      "c148",
      "c153",
      "c177",
      "c179",
      "c268",
      "c454",
      "c418",
      "c425",
      "c447",
      "c452",
      "c042",
      "c046",
      "c140",
      "c247",
      "c303",
      "c420",
      "c135",
      "c437",
      "c105",
      "c138",
      "c489",
      "c574",
      "c196",
      "c271",
      "c287",
      "c111",
      "c436",
      "c221",
      "c093",
      "c236",
      "c291",
      "c470",
      "c599",
      "c354",
      "c578",
      "c195",
      "c497",
      "c475",
      "c120",
      "c054",
      "c123",
      "c393",
      "c164",
      "c345",
      "c485",
      "c552",
      "c555",
      "c014",
      "c059",
      "c457",
      "c546",
      "c598",
      "c103",
      "c246",
      "c282",
      "c500",
      "c554",
      "c031",
      "c106",
      "c332",
      "c161",
      "c593",
      "c305",
      "c414",
      "c072",
      "c400",
      "c547",
      "c181",
      "c215",
      "c371",
      "c585",
      "c226",
      "c415",
      "c429",
      "c523",
      "c504",
      "c583",
      "c477",
      "c082",
      "c092",
      "c160",
      "c368",
      "c529",
      "c544",
      "c047",
      "c366",
      "c026",
      "c094",
      "c202",
      "c412",
      "c427",
      "c444",
      "c481",
      "c017",
      "c290",
      "c382",
      "c057",
      "c110",
      "c506",
      "c052",
      "c404",
      "c038",
      "c515",
      "c188",
      "c385",
      "c204",
      "c213",
      "c460",
      "c480",
      "c064",
      "c069",
      "c227",
      "c024",
      "c387",
      "c592",
      "c293",
      "c538",
      "c118",
      "c097",
      "c165",
      "c379",
      "c556",
      "c060",
      "c339",
      "c438",
      "c455",
      "c146",
      "c023",
      "c395",
      "c472",
      "c286",
      "c010",
      "c127",
      "c348",
      "c144",
      "c224",
      "c243",
      "c295",
      "c362",
      "c483",
      "c173",
      "c178",
      "c288",
      "c402",
      "c442",
      "c338",
      "c398",
      "c335",
      "c476",
      "c394",
      "c486",
      "c495",
      "c168",
      "c273",
      "c364",
      "c496",
      "c509",
      "c435",
      "c453",
      "c471",
      "c494",
      "c162",
      "c482",
      "c568",
      "c369",
      "c218",
      "c289",
      "c035",
      "c533",
      "c176",
      "c207",
      "c284",
      "c373",
      "c549",
      "c125",
      "c210",
      "c231",
      "c234",
      "c329",
      "c488",
      "c212",
      "c275",
      "c372",
      "c518",
      "c056",
      "c301",
      "c390",
      "c484",
      "c540",
      "c298",
      "c300",
      "c086",
      "c040",
      "c450",
      "c133",
      "c548",
      "c034",
      "c182",
      "c320",
      "c559",
      "c232",
      "c314",
      "c570",
      "c134",
      "c278",
      "c117",
      "c342",
      "c074",
      "c397",
      "c209",
      "c337",
      "c487",
      "c542",
      "c126",
      "c235",
      "c333",
      "c344",
      "c491",
      "c569",
      "c192",
      "c002",
      "c172",
      "c080",
      "c274",
      "c149",
      "c536",
      "c440",
      "c004",
      "c157",
      "c331",
      "c377",
      "c150",
      "c259",
      "c312",
      "c403",
      "c448",
      "c561",
      "c039",
      "c269",
      "c582",
      "c532",
      "c319",
      "c194",
      "c499",
      "c517",
      "c137",
      "c422",
      "c530",
      "c380",
      "c443",
      "c045",
      "c399",
      "c098",
      "c358",
      "c313",
      "c511",
      "c021",
      "c527",
      "c190",
      "c206",
      "c539",
      "c410",
      "c124",
      "c389",
      "c513",
      "c522",
      "c113",
      "c139",
      "c250",
      "c237",
      "c263",
      "c223",
      "c466",
      "c130",
      "c061",
      "c067",
      "c256",
      "c594",
      "c375",
      "c576",
      "c347",
      "c423",
      "c462",
      "c311",
      "c417",
      "c186",
      "c352",
      "c587",
      "c258",
      "c318",
      "c535",
      "c225",
      "c370",
      "c013",
      "c058",
      "c011",
      "c365",
      "c076",
      "c163",
      "c081",
      "c119",
      "c564",
      "c216",
      "c306",
      "c104",
      "c084",
      "c573",
      "c276",
      "c505",
      "c007",
      "c128",
      "c197",
      "c490",
      "c018",
      "c201",
      "c355",
      "c152",
      "c027",
      "c571",
      "c238",
      "c357",
      "c458",
      "c115",
      "c416",
      "c089",
      "c077",
      "c208",
      "c075",
      "c131",
      "c270",
      "c001",
      "c030",
      "c099",
      "c141",
      "c184",
      "c405",
      "c036",
      "c441",
      "c085",
      "c432",
      "c222",
      "c558",
      "c019",
      "c299",
      "c055",
      "c326",
      "c386",
      "c096",
      "c025",
      "c167",
      "c063",
      "c070",
      "c580",
      "c147",
      "c279",
      "c066",
      "c409",
      "c090",
      "c596",
      "c512",
      "c597",
      "c016",
      "c465",
      "c249",
      "c254",
      "c451",
      "c244",
      "c419",
      "c426",
      "c551",
      "c048",
      "c346",
      "c473",
      "c492",
      "c170",
      "c193",
      "c359",
      "c388",
      "c581",
      "c229",
      "c461",
      "c374",
      "c233",
      "c360",
      "c248",
      "c464",
      "c079",
      "c100",
      "c142",
      "c257",
      "c411",
      "c340",
      "c478",
      "c376",
      "c006",
      "c108",
      "c407",
      "c242",
      "c253",
      "c145",
      "c541",
      "c029",
      "c107",
      "c122",
      "c349",
      "c516",
      "c228",
      "c565",
      "c525",
      "c102",
      "c309",
      "c121",
      "c091",
      "c350",
      "c255",
      "c586",
      "c008",
      "c519",
      "c563"
    ]
  },
  "ordered_queues": {
    "edge-1": [
      "c032",
      "c051",
      "c116",
      "c156",
      "c159",
      "c169",
      "c199",
      "c304",
      "c579",
      "c588",
      "c590"
    ],
    "edge-2": [
      "c028",
      "c043",
      "c088",
      "c143",
      "c174",
      "c296",
      "c363",
      "c428",
      "c553"
    ],
    "edge-3": [
      "c050",
      "c078",
      "c292",
      "c328",
      "c474",
      "c521",
      "c534",
      "c550",
      "c560",
      "c566",
      "c575"
    ],
    "edge-4": [
      "c033",
      "c062",
      "c073",
      "c087",
      "c101",
      "c112",
      "c214",
      "c424",
      "c439"
    ],
    "edge-5": [
      "c044",
      "c114",
      "c151",
      "c166",
      "c191",
      "c198",
      "c220",
      "c260",
      "c265",
      "c325",
      "c343"
    ],
    "edge-6": [
      "c022",
      "c049",
      "c136",
      "c155",
      "c185",
      "c187",
      "c239",
      "c261",
      "c266",
      "c310",
      "c323",
      "c408"
    ],
    "edge-7": [
      "c003",
      "c180",
      "c262",
      "c285",
      "c321",
      "c322",
      "c327",
      "c356",
      "c493",
      "c501"
    ],
    "edge-8": [
      "c211",
      "c330",
      "c367",
      "c449",
      "c467",
      "c479",
      "c508",
      "c528",
      "c531",
      "c567"
    ]
  }
}
================================================================================
[RUN][K8s-CA] drtp_img88_cacheonly_768mb_700.json
{
  "summary": {
    "algo": "FG-DSCR-GC-K8sCA",
    "num_containers": 700,
    "num_scheduled_containers": 81,
    "num_nodes": 8,
    "failed_deployments": 619,
    "ca_penalty": 884.2857142857143,
    "ca_downloaded_mb": 282437,
    "ACT": 166.8804012345679,
    "AMS": 297.64739583333335,
    "downloaded_mb": 72935,
    "reused_mb": 9928,
    "reuse_rate": 0.11981222017064311,
    "objective_without_ca_penalty": 232.26389853395062,
    "objective": 1116.549612819665
  },
  "assignment": {
    "edge-1": [
      "c588",
      "c032",
      "c033",
      "c044",
      "c051",
      "c528",
      "c449",
      "c322",
      "c363",
      "c174"
    ],
    "edge-2": [
      "c428",
      "c553",
      "c656",
      "c028",
      "c043",
      "c088",
      "c143",
      "c343",
      "c493"
    ],
    "edge-3": [
      "c199",
      "c214",
      "c220",
      "c112",
      "c180",
      "c321",
      "c508",
      "c003",
      "c265",
      "c296"
    ],
    "edge-4": [
      "c501",
      "c239",
      "c156",
      "c169",
      "c285",
      "c567",
      "c579",
      "c078",
      "c136"
    ],
    "edge-5": [
      "c566",
      "c575",
      "c610",
      "c632",
      "c639",
      "c687",
      "c050",
      "c062",
      "c073",
      "c114"
    ],
    "edge-6": [
      "c601",
      "c022",
      "c049",
      "c155",
      "c261",
      "c116",
      "c187",
      "c590",
      "c644",
      "c159",
      "c185"
    ],
    "edge-7": [
      "c262",
      "c327",
      "c356",
      "c424",
      "c439",
      "c474",
      "c521",
      "c534",
      "c550",
      "c560",
      "c198",
      "c624"
    ],
    "edge-8": [
      "c266",
      "c323",
      "c325",
      "c328",
      "c330",
      "c367",
      "c408",
      "c467",
      "c479",
      "c531"
    ],
    "__CA_GUARANTEE__": [
      "c087",
      "c101",
      "c151",
      "c166",
      "c191",
      "c211",
      "c245",
      "c260",
      "c267",
      "c277",
      "c292",
      "c294",
      "c297",
      "c304",
      "c307",
      "c308",
      "c310",
      "c315",
      "c316",
      "c317",
      "c361",
      "c381",
      "c383",
      "c431",
      "c502",
      "c503",
      "c507",
      "c514",
      "c520",
      "c524",
      "c543",
      "c557",
      "c577",
      "c595",
      "c600",
      "c619",
      "c627",
      "c686",
      "c005",
      "c015",
      "c041",
      "c095",
      "c129",
      "c158",
      "c175",
      "c205",
      "c230",
      "c240",
      "c241",
      "c251",
      "c252",
      "c272",
      "c281",
      "c302",
      "c341",
      "c351",
      "c353",
      "c391",
      "c406",
      "c421",
      "c430",
      "c433",
      "c446",
      "c456",
      "c468",
      "c469",
      "c526",
      "c537",
      "c572",
      "c584",
      "c650",
      "c666",
      "c685",
      "c009",
      "c012",
      "c053",
      "c083",
      "c132",
      "c171",
      "c183",
      "c189",
      "c200",
      "c203",
      "c217",
      "c219",
      "c280",
      "c334",
      "c378",
      "c392",
      "c401",
      "c413",
      "c445",
      "c498",
      "c510",
      "c545",
      "c589",
      "c591",
      "c611",
      "c621",
      "c628",
      "c629",
      "c678",
      "c694",
      "c068",
      "c154",
      "c264",
      "c283",
      "c459",
      "c463",
      "c562",
      "c071",
      "c336",
      "c020",
      "c109",
      "c065",
      "c324",
      "c384",
      "c396",
      "c434",
      "c605",
      "c663",
      "c037",
      "c148",
      "c153",
      "c177",
      "c179",
      "c268",
      "c454",
      "c418",
      "c425",
      "c447",
      "c452",
      "c606",
      "c649",
      "c658",
      "c042",
      "c046",
      "c140",
      "c247",
      "c303",
      "c420",
      "c662",
      "c683",
      "c135",
      "c437",
      "c654",
      "c105",
      "c138",
      "c489",
      "c574",
      "c623",
      "c196",
      "c271",
      "c633",
      "c652",
      "c287",
      "c111",
      "c436",
      "c677",
      "c221",
      "c620",
      "c671",
      "c681",
      "c093",
      "c236",
      "c291",
      "c470",
      "c599",
      "c354",
      "c578",
      "c640",
      "c195",
      "c497",
      "c475",
      "c120",
      "c054",
      "c123",
      "c393",
      "c164",
      "c345",
      "c485",
      "c552",
      "c555",
      "c609",
      "c643",
      "c014",
      "c059",
      "c457",
      "c546",
      "c598",
      "c653",
      "c698",
      "c103",
      "c246",
      "c282",
      "c500",
      "c554",
      "c651",
      "c031",
      "c106",
      "c332",
      "c161",
      "c593",
      "c305",
      "c414",
      "c072",
      "c400",
      "c547",
      "c181",
      "c215",
      "c371",
      "c585",
      "c631",
      "c226",
      "c415",
      "c429",
      "c523",
      "c504",
      "c583",
      "c477",
      "c082",
      "c092",
      "c160",
      "c368",
      "c529",
      "c544",
      "c668",
      "c047",
      "c366",
      "c612",
      "c634",
      "c026",
      "c094",
      "c202",
      "c412",
      "c427",
      "c444",
      "c481",
      "c622",
      "c017",
      "c290",
      "c382",
      "c637",
      "c057",
      "c615",
      "c110",
      "c506",
      "c052",
      "c404",
      "c038",
      "c515",
      "c625",
      "c188",
      "c385",
      "c204",
      "c213",
      "c460",
      "c480",
      "c064",
      "c069",
      "c227",
      "c024",
      "c387",
      "c592",
      "c293",
      "c538",
      "c118",
      "c097",
      "c165",
      "c379",
      "c556",
      "c699",
      "c060",
      "c339",
      "c438",
      "c455",
      "c146",
      "c023",
      "c395",
      "c673",
      "c472",
      "c286",
      "c010",
      "c127",
      "c348",
      "c144",
      "c224",
      "c243",
      "c295",
      "c362",
      "c483",
      "c173",
      "c178",
      "c288",
      "c402",
      "c442",
      "c338",
      "c398",
      "c335",
      "c476",
      "c394",
      "c486",
      "c495",
      "c670",
      "c168",
      "c273",
      "c364",
      "c496",
      "c509",
      "c435",
      "c453",
      "c471",
      "c494",
      "c162",
      "c482",
      "c568",
      "c676",
      "c369",
      "c218",
      "c289",
      "c035",
      "c533",
      "c176",
      "c207",
      "c284",
      "c373",
      "c549",
      "c648",
      "c679",
      "c125",
      "c210",
      "c231",
      "c234",
      "c329",
      "c488",
      "c674",
      "c212",
      "c275",
      "c372",
      "c518",
      "c626",
      "c056",
      "c301",
      "c390",
      "c484",
      "c696",
      "c540",
      "c298",
      "c300",
      "c086",
      "c040",
      "c450",
      "c133",
      "c548",
      "c034",
      "c182",
      "c320",
      "c559",
      "c672",
      "c232",
      "c314",
      "c570",
      "c134",
      "c278",
      "c117",
      "c342",
      "c074",
      "c397",
      "c209",
      "c337",
      "c487",
      "c542",
      "c126",
      "c235",
      "c333",
      "c344",
      "c491",
      "c569",
      "c192",
      "c002",
      "c172",
      "c080",
      "c274",
      "c149",
      "c536",
      "c647",
      "c690",
      "c440",
      "c004",
      "c157",
      "c331",
      "c377",
      "c646",
      "c150",
      "c259",
      "c312",
      "c403",
      "c448",
      "c561",
      "c039",
      "c269",
      "c582",
      "c532",
      "c319",
      "c194",
      "c499",
      "c517",
      "c137",
      "c422",
      "c530",
      "c380",
      "c443",
      "c045",
      "c399",
      "c098",
      "c358",
      "c608",
      "c700",
      "c313",
      "c511",
      "c021",
      "c527",
      "c190",
      "c206",
      "c539",
      "c410",
      "c124",
      "c389",
      "c513",
      "c522",
      "c113",
      "c139",
      "c250",
      "c237",
      "c263",
      "c613",
      "c223",
      "c466",
      "c130",
      "c061",
      "c067",
      "c256",
      "c617",
      "c659",
      "c594",
      "c661",
      "c689",
      "c375",
      "c576",
      "c347",
      "c423",
      "c602",
      "c636",
      "c667",
      "c462",
      "c311",
      "c417",
      "c186",
      "c352",
      "c587",
      "c258",
      "c318",
      "c535",
      "c225",
      "c370",
      "c013",
      "c058",
      "c011",
      "c365",
      "c076",
      "c163",
      "c081",
      "c119",
      "c564",
      "c635",
      "c664",
      "c216",
      "c306",
      "c104",
      "c084",
      "c675",
      "c573",
      "c276",
      "c505",
      "c007",
      "c128",
      "c197",
      "c490",
      "c018",
      "c201",
      "c355",
      "c152",
      "c027",
      "c571",
      "c669",
      "c693",
      "c238",
      "c357",
      "c458",
      "c115",
      "c416",
      "c089",
      "c077",
      "c208",
      "c657",
      "c665",
      "c075",
      "c131",
      "c270",
      "c001",
      "c030",
      "c099",
      "c141",
      "c184",
      "c405",
      "c036",
      "c441",
      "c085",
      "c432",
      "c222",
      "c604",
      "c558",
      "c019",
      "c299",
      "c684",
      "c692",
      "c055",
      "c326",
      "c386",
      "c096",
      "c614",
      "c025",
      "c167",
      "c063",
      "c070",
      "c580",
      "c147",
      "c618",
      "c655",
      "c279",
      "c066",
      "c409",
      "c090",
      "c596",
      "c682",
      "c512",
      "c597",
      "c016",
      "c465",
      "c249",
      "c616",
      "c254",
      "c645",
      "c451",
      "c244",
      "c419",
      "c426",
      "c607",
      "c551",
      "c048",
      "c346",
      "c473",
      "c492",
      "c170",
      "c688",
      "c660",
      "c193",
      "c680",
      "c695",
      "c359",
      "c388",
      "c581",
      "c229",
      "c461",
      "c374",
      "c233",
      "c360",
      "c248",
      "c464",
      "c079",
      "c100",
      "c142",
      "c257",
      "c411",
      "c691",
      "c340",
      "c478",
      "c376",
      "c006",
      "c108",
      "c407",
      "c603",
      "c242",
      "c253",
      "c145",
      "c541",
      "c029",
      "c107",
      "c122",
      "c349",
      "c516",
      "c228",
      "c565",
      "c525",
      "c102",
      "c630",
      "c638",
      "c309",
      "c642",
      "c121",
      "c641",
      "c697",
      "c091",
      "c350",
      "c255",
      "c586",
      "c008",
      "c519",
      "c563"
    ]
  },
  "ordered_queues": {
    "edge-1": [
      "c032",
      "c033",
      "c044",
      "c051",
      "c174",
      "c322",
      "c363",
      "c449",
      "c528",
      "c588"
    ],
    "edge-2": [
      "c028",
      "c043",
      "c088",
      "c143",
      "c343",
      "c428",
      "c493",
      "c553",
      "c656"
    ],
    "edge-3": [
      "c003",
      "c112",
      "c180",
      "c199",
      "c214",
      "c220",
      "c265",
      "c296",
      "c321",
      "c508"
    ],
    "edge-4": [
      "c078",
      "c136",
      "c156",
      "c169",
      "c239",
      "c285",
      "c501",
      "c567",
      "c579"
    ],
    "edge-5": [
      "c050",
      "c062",
      "c073",
      "c114",
      "c566",
      "c575",
      "c610",
      "c632",
      "c639",
      "c687"
    ],
    "edge-6": [
      "c022",
      "c049",
      "c116",
      "c155",
      "c159",
      "c185",
      "c187",
      "c261",
      "c590",
      "c601",
      "c644"
    ],
    "edge-7": [
      "c198",
      "c262",
      "c327",
      "c356",
      "c424",
      "c439",
      "c474",
      "c521",
      "c534",
      "c550",
      "c560",
      "c624"
    ],
    "edge-8": [
      "c266",
      "c323",
      "c325",
      "c328",
      "c330",
      "c367",
      "c408",
      "c467",
      "c479",
      "c531"
    ]
  }
}
================================================================================
[RUN][K8s-CA] drtp_img88_cacheonly_768mb_800.json
{
  "summary": {
    "algo": "FG-DSCR-GC-K8sCA",
    "num_containers": 800,
    "num_scheduled_containers": 81,
    "num_nodes": 8,
    "failed_deployments": 719,
    "ca_penalty": 898.75,
    "ca_downloaded_mb": 333619,
    "ACT": 168.08060699588478,
    "AMS": 299.6473958333333,
    "downloaded_mb": 72935,
    "reused_mb": 9928,
    "reuse_rate": 0.11981222017064311,
    "objective_without_ca_penalty": 233.86400141460905,
    "objective": 1132.614001414609
  },
  "assignment": {
    "edge-1": [
      "c408",
      "c467",
      "c479",
      "c531",
      "c588",
      "c590",
      "c624",
      "c114",
      "c116",
      "c187",
      "c169"
    ],
    "edge-2": [
      "c363",
      "c428",
      "c553",
      "c656",
      "c716",
      "c739",
      "c028",
      "c632",
      "c343"
    ],
    "edge-3": [
      "c033",
      "c044",
      "c051",
      "c751",
      "c449",
      "c174",
      "c239",
      "c296",
      "c043",
      "c328"
    ],
    "edge-4": [
      "c285",
      "c356",
      "c367",
      "c567",
      "c136",
      "c737",
      "c708",
      "c800",
      "c579"
    ],
    "edge-5": [
      "c199",
      "c214",
      "c220",
      "c112",
      "c143",
      "c180",
      "c322",
      "c321",
      "c265",
      "c323"
    ],
    "edge-6": [
      "c493",
      "c501",
      "c508",
      "c528",
      "c601",
      "c724",
      "c003",
      "c022",
      "c049",
      "c078"
    ],
    "edge-7": [
      "c327",
      "c424",
      "c439",
      "c474",
      "c521",
      "c534",
      "c550",
      "c560",
      "c566",
      "c088",
      "c261"
    ],
    "edge-8": [
      "c155",
      "c266",
      "c325",
      "c330",
      "c262",
      "c032",
      "c799",
      "c156",
      "c159",
      "c185",
      "c644"
    ],
    "__CA_GUARANTEE__": [
      "c575",
      "c610",
      "c639",
      "c687",
      "c720",
      "c793",
      "c050",
      "c062",
      "c073",
      "c087",
      "c101",
      "c151",
      "c166",
      "c191",
      "c198",
      "c211",
      "c245",
      "c260",
      "c267",
      "c277",
      "c292",
      "c294",
      "c297",
      "c304",
      "c307",
      "c308",
      "c310",
      "c315",
      "c316",
      "c317",
      "c361",
      "c381",
      "c383",
      "c431",
      "c502",
      "c503",
      "c507",
      "c514",
      "c520",
      "c524",
      "c543",
      "c557",
      "c577",
      "c595",
      "c600",
      "c619",
      "c627",
      "c686",
      "c755",
      "c775",
      "c776",
      "c791",
      "c005",
      "c015",
      "c041",
      "c095",
      "c129",
      "c158",
      "c175",
      "c205",
      "c230",
      "c240",
      "c241",
      "c251",
      "c252",
      "c272",
      "c281",
      "c302",
      "c341",
      "c351",
      "c353",
      "c391",
      "c406",
      "c421",
      "c430",
      "c433",
      "c446",
      "c456",
      "c468",
      "c469",
      "c526",
      "c537",
      "c572",
      "c584",
      "c650",
      "c666",
      "c685",
      "c746",
      "c783",
      "c787",
      "c009",
      "c012",
      "c053",
      "c083",
      "c132",
      "c171",
      "c183",
      "c189",
      "c200",
      "c203",
      "c217",
      "c219",
      "c280",
      "c334",
      "c378",
      "c392",
      "c401",
      "c413",
      "c445",
      "c498",
      "c510",
      "c545",
      "c589",
      "c591",
      "c611",
      "c621",
      "c628",
      "c629",
      "c678",
      "c694",
      "c730",
      "c753",
      "c761",
      "c068",
      "c154",
      "c264",
      "c283",
      "c459",
      "c463",
      "c562",
      "c717",
      "c782",
      "c071",
      "c336",
      "c020",
      "c109",
      "c065",
      "c324",
      "c384",
      "c396",
      "c434",
      "c605",
      "c663",
      "c037",
      "c148",
      "c153",
      "c177",
      "c179",
      "c268",
      "c454",
      "c770",
      "c418",
      "c425",
      "c447",
      "c452",
      "c606",
      "c649",
      "c658",
      "c042",
      "c046",
      "c140",
      "c247",
      "c303",
      "c420",
      "c662",
      "c683",
      "c733",
      "c135",
      "c437",
      "c654",
      "c105",
      "c138",
      "c489",
      "c711",
      "c725",
      "c574",
      "c623",
      "c196",
      "c271",
      "c633",
      "c652",
      "c287",
      "c111",
      "c740",
      "c763",
      "c436",
      "c677",
      "c221",
      "c620",
      "c671",
      "c681",
      "c726",
      "c093",
      "c236",
      "c291",
      "c470",
      "c599",
      "c354",
      "c578",
      "c640",
      "c707",
      "c728",
      "c798",
      "c195",
      "c497",
      "c475",
      "c120",
      "c054",
      "c123",
      "c393",
      "c701",
      "c742",
      "c781",
      "c164",
      "c345",
      "c485",
      "c552",
      "c555",
      "c609",
      "c643",
      "c714",
      "c727",
      "c014",
      "c059",
      "c457",
      "c546",
      "c598",
      "c653",
      "c698",
      "c767",
      "c103",
      "c246",
      "c282",
      "c500",
      "c554",
      "c651",
      "c706",
      "c794",
      "c031",
      "c106",
      "c771",
      "c790",
      "c332",
      "c161",
      "c593",
      "c721",
      "c774",
      "c305",
      "c414",
      "c072",
      "c400",
      "c547",
      "c741",
      "c181",
      "c215",
      "c371",
      "c585",
      "c631",
      "c762",
      "c226",
      "c415",
      "c429",
      "c523",
      "c504",
      "c583",
      "c477",
      "c710",
      "c082",
      "c092",
      "c160",
      "c368",
      "c529",
      "c544",
      "c668",
      "c731",
      "c772",
      "c047",
      "c366",
      "c612",
      "c634",
      "c779",
      "c026",
      "c094",
      "c202",
      "c412",
      "c427",
      "c444",
      "c481",
      "c622",
      "c017",
      "c290",
      "c382",
      "c637",
      "c057",
      "c615",
      "c110",
      "c506",
      "c052",
      "c404",
      "c038",
      "c515",
      "c797",
      "c625",
      "c188",
      "c385",
      "c204",
      "c213",
      "c460",
      "c480",
      "c064",
      "c069",
      "c227",
      "c024",
      "c387",
      "c592",
      "c712",
      "c293",
      "c538",
      "c118",
      "c097",
      "c165",
      "c379",
      "c556",
      "c699",
      "c745",
      "c060",
      "c339",
      "c438",
      "c455",
      "c146",
      "c023",
      "c395",
      "c673",
      "c705",
      "c472",
      "c286",
      "c010",
      "c127",
      "c348",
      "c144",
      "c224",
      "c243",
      "c295",
      "c362",
      "c483",
      "c173",
      "c178",
      "c288",
      "c402",
      "c442",
      "c702",
      "c338",
      "c398",
      "c723",
      "c752",
      "c795",
      "c335",
      "c722",
      "c476",
      "c394",
      "c486",
      "c495",
      "c670",
      "c758",
      "c168",
      "c273",
      "c364",
      "c496",
      "c509",
      "c435",
      "c453",
      "c471",
      "c494",
      "c162",
      "c482",
      "c568",
      "c676",
      "c777",
      "c369",
      "c218",
      "c289",
      "c035",
      "c533",
      "c743",
      "c176",
      "c207",
      "c284",
      "c373",
      "c549",
      "c648",
      "c679",
      "c735",
      "c784",
      "c789",
      "c125",
      "c210",
      "c231",
      "c234",
      "c329",
      "c488",
      "c674",
      "c212",
      "c275",
      "c372",
      "c518",
      "c626",
      "c715",
      "c056",
      "c301",
      "c390",
      "c484",
      "c696",
      "c750",
      "c540",
      "c298",
      "c300",
      "c086",
      "c040",
      "c450",
      "c133",
      "c548",
      "c034",
      "c182",
      "c320",
      "c559",
      "c672",
      "c736",
      "c232",
      "c314",
      "c729",
      "c570",
      "c134",
      "c278",
      "c744",
      "c117",
      "c342",
      "c074",
      "c397",
      "c209",
      "c337",
      "c487",
      "c542",
      "c754",
      "c766",
      "c126",
      "c235",
      "c333",
      "c344",
      "c491",
      "c569",
      "c192",
      "c734",
      "c002",
      "c172",
      "c080",
      "c274",
      "c149",
      "c536",
      "c647",
      "c690",
      "c440",
      "c004",
      "c157",
      "c331",
      "c377",
      "c646",
      "c150",
      "c259",
      "c312",
      "c403",
      "c448",
      "c561",
      "c764",
      "c780",
      "c039",
      "c269",
      "c582",
      "c532",
      "c319",
      "c792",
      "c194",
      "c499",
      "c517",
      "c137",
      "c422",
      "c732",
      "c530",
      "c380",
      "c443",
      "c045",
      "c399",
      "c786",
      "c098",
      "c358",
      "c608",
      "c700",
      "c313",
      "c511",
      "c021",
      "c527",
      "c190",
      "c206",
      "c539",
      "c765",
      "c747",
      "c410",
      "c788",
      "c124",
      "c389",
      "c513",
      "c522",
      "c113",
      "c139",
      "c250",
      "c713",
      "c237",
      "c738",
      "c263",
      "c613",
      "c223",
      "c466",
      "c130",
      "c061",
      "c067",
      "c256",
      "c617",
      "c659",
      "c594",
      "c661",
      "c689",
      "c375",
      "c709",
      "c576",
      "c347",
      "c423",
      "c602",
      "c636",
      "c667",
      "c462",
      "c311",
      "c417",
      "c186",
      "c352",
      "c587",
      "c258",
      "c318",
      "c535",
      "c225",
      "c370",
      "c013",
      "c058",
      "c011",
      "c365",
      "c076",
      "c163",
      "c081",
      "c119",
      "c564",
      "c635",
      "c664",
      "c216",
      "c306",
      "c104",
      "c084",
      "c675",
      "c573",
      "c276",
      "c505",
      "c007",
      "c128",
      "c197",
      "c490",
      "c018",
      "c201",
      "c355",
      "c152",
      "c027",
      "c749",
      "c571",
      "c669",
      "c693",
      "c238",
      "c357",
      "c458",
      "c773",
      "c115",
      "c416",
      "c089",
      "c760",
      "c077",
      "c208",
      "c657",
      "c665",
      "c075",
      "c131",
      "c270",
      "c001",
      "c030",
      "c099",
      "c778",
      "c141",
      "c184",
      "c405",
      "c036",
      "c441",
      "c719",
      "c085",
      "c432",
      "c222",
      "c604",
      "c558",
      "c019",
      "c299",
      "c684",
      "c692",
      "c748",
      "c055",
      "c768",
      "c326",
      "c386",
      "c096",
      "c614",
      "c025",
      "c167",
      "c718",
      "c063",
      "c070",
      "c580",
      "c147",
      "c618",
      "c655",
      "c279",
      "c066",
      "c409",
      "c759",
      "c090",
      "c596",
      "c682",
      "c512",
      "c597",
      "c016",
      "c465",
      "c703",
      "c249",
      "c616",
      "c254",
      "c645",
      "c451",
      "c244",
      "c419",
      "c426",
      "c607",
      "c551",
      "c048",
      "c756",
      "c346",
      "c473",
      "c492",
      "c170",
      "c688",
      "c796",
      "c660",
      "c193",
      "c680",
      "c695",
      "c359",
      "c388",
      "c581",
      "c769",
      "c229",
      "c461",
      "c374",
      "c233",
      "c360",
      "c248",
      "c464",
      "c079",
      "c100",
      "c142",
      "c257",
      "c411",
      "c691",
      "c757",
      "c340",
      "c478",
      "c376",
      "c006",
      "c108",
      "c407",
      "c603",
      "c242",
      "c253",
      "c145",
      "c541",
      "c785",
      "c029",
      "c107",
      "c122",
      "c349",
      "c516",
      "c228",
      "c565",
      "c525",
      "c102",
      "c630",
      "c638",
      "c309",
      "c642",
      "c121",
      "c641",
      "c697",
      "c091",
      "c350",
      "c255",
      "c586",
      "c008",
      "c519",
      "c563",
      "c704"
    ]
  },
  "ordered_queues": {
    "edge-1": [
      "c114",
      "c116",
      "c169",
      "c187",
      "c408",
      "c467",
      "c479",
      "c531",
      "c588",
      "c590",
      "c624"
    ],
    "edge-2": [
      "c028",
      "c343",
      "c363",
      "c428",
      "c553",
      "c632",
      "c656",
      "c716",
      "c739"
    ],
    "edge-3": [
      "c033",
      "c043",
      "c044",
      "c051",
      "c174",
      "c239",
      "c296",
      "c328",
      "c449",
      "c751"
    ],
    "edge-4": [
      "c136",
      "c285",
      "c356",
      "c367",
      "c567",
      "c579",
      "c708",
      "c737",
      "c800"
    ],
    "edge-5": [
      "c112",
      "c143",
      "c180",
      "c199",
      "c214",
      "c220",
      "c265",
      "c321",
      "c322",
      "c323"
    ],
    "edge-6": [
      "c003",
      "c022",
      "c049",
      "c078",
      "c493",
      "c501",
      "c508",
      "c528",
      "c601",
      "c724"
    ],
    "edge-7": [
      "c088",
      "c261",
      "c327",
      "c424",
      "c439",
      "c474",
      "c521",
      "c534",
      "c550",
      "c560",
      "c566"
    ],
    "edge-8": [
      "c032",
      "c155",
      "c156",
      "c159",
      "c185",
      "c262",
      "c266",
      "c325",
      "c330",
      "c644",
      "c799"
    ]
  }
}
================================================================================
[RUN][K8s-CA] drtp_img88_cacheonly_768mb_900.json
{
  "summary": {
    "algo": "FG-DSCR-GC-K8sCA",
    "num_containers": 900,
    "num_scheduled_containers": 78,
    "num_nodes": 8,
    "failed_deployments": 822,
    "ca_penalty": 913.3333333333334,
    "ca_downloaded_mb": 383994,
    "ACT": 161.5570512820513,
    "AMS": 289.065625,
    "downloaded_mb": 70274,
    "reused_mb": 9520,
    "reuse_rate": 0.11930721608140964,
    "objective_without_ca_penalty": 225.31133814102566,
    "objective": 1138.644671474359
  },
  "assignment": {
    "edge-1": [
      "c408",
      "c531",
      "c848",
      "c033",
      "c051",
      "c841",
      "c501",
      "c022",
      "c322",
      "c343"
    ],
    "edge-2": [
      "c328",
      "c330",
      "c367",
      "c579",
      "c078",
      "c136",
      "c044",
      "c890"
    ],
    "edge-3": [
      "c032",
      "c116",
      "c156",
      "c159",
      "c169",
      "c185",
      "c739",
      "c816",
      "c296",
      "c363"
    ],
    "edge-4": [
      "c851",
      "c855",
      "c028",
      "c043",
      "c088",
      "c174",
      "c180",
      "c321",
      "c553"
    ],
    "edge-5": [
      "c588",
      "c590",
      "c624",
      "c644",
      "c708",
      "c737",
      "c799",
      "c800",
      "c829",
      "c143"
    ],
    "edge-6": [
      "c449",
      "c493",
      "c508",
      "c528",
      "c601",
      "c724",
      "c716",
      "c428",
      "c656"
    ],
    "edge-7": [
      "c187",
      "c199",
      "c214",
      "c220",
      "c262",
      "c285",
      "c327",
      "c356",
      "c424",
      "c534"
    ],
    "edge-8": [
      "c003",
      "c049",
      "c155",
      "c239",
      "c261",
      "c265",
      "c266",
      "c323",
      "c479",
      "c325",
      "c467",
      "c567"
    ],
    "__CA_GUARANTEE__": [
      "c439",
      "c474",
      "c521",
      "c550",
      "c560",
      "c566",
      "c575",
      "c610",
      "c632",
      "c639",
      "c687",
      "c720",
      "c751",
      "c793",
      "c854",
      "c866",
      "c886",
      "c900",
      "c050",
      "c062",
      "c073",
      "c087",
      "c101",
      "c112",
      "c114",
      "c151",
      "c166",
      "c191",
      "c198",
      "c211",
      "c245",
      "c260",
      "c267",
      "c277",
      "c292",
      "c294",
      "c297",
      "c304",
      "c307",
      "c308",
      "c310",
      "c315",
      "c316",
      "c317",
      "c361",
      "c381",
      "c383",
      "c431",
      "c502",
      "c503",
      "c507",
      "c514",
      "c520",
      "c524",
      "c543",
      "c557",
      "c577",
      "c595",
      "c600",
      "c619",
      "c627",
      "c686",
      "c755",
      "c775",
      "c776",
      "c791",
      "c801",
      "c839",
      "c893",
      "c005",
      "c015",
      "c041",
      "c095",
      "c129",
      "c158",
      "c175",
      "c205",
      "c230",
      "c240",
      "c241",
      "c251",
      "c252",
      "c272",
      "c281",
      "c302",
      "c341",
      "c351",
      "c353",
      "c391",
      "c406",
      "c421",
      "c430",
      "c433",
      "c446",
      "c456",
      "c468",
      "c469",
      "c526",
      "c537",
      "c572",
      "c584",
      "c650",
      "c666",
      "c685",
      "c746",
      "c783",
      "c787",
      "c809",
      "c810",
      "c821",
      "c849",
      "c891",
      "c009",
      "c012",
      "c053",
      "c083",
      "c132",
      "c171",
      "c183",
      "c189",
      "c200",
      "c203",
      "c217",
      "c219",
      "c280",
      "c334",
      "c378",
      "c392",
      "c401",
      "c413",
      "c445",
      "c498",
      "c510",
      "c545",
      "c589",
      "c591",
      "c611",
      "c621",
      "c628",
      "c629",
      "c678",
      "c694",
      "c730",
      "c753",
      "c761",
      "c805",
      "c864",
      "c068",
      "c154",
      "c264",
      "c283",
      "c459",
      "c463",
      "c562",
      "c717",
      "c782",
      "c844",
      "c871",
      "c071",
      "c336",
      "c020",
      "c109",
      "c065",
      "c324",
      "c384",
      "c396",
      "c434",
      "c605",
      "c663",
      "c897",
      "c037",
      "c148",
      "c153",
      "c177",
      "c179",
      "c268",
      "c454",
      "c770",
      "c804",
      "c814",
      "c418",
      "c425",
      "c447",
      "c452",
      "c606",
      "c649",
      "c658",
      "c042",
      "c046",
      "c140",
      "c247",
      "c303",
      "c420",
      "c662",
      "c683",
      "c733",
      "c882",
      "c135",
      "c437",
      "c654",
      "c876",
      "c105",
      "c138",
      "c489",
      "c711",
      "c725",
      "c574",
      "c623",
      "c196",
      "c271",
      "c633",
      "c652",
      "c287",
      "c111",
      "c740",
      "c763",
      "c436",
      "c677",
      "c221",
      "c620",
      "c671",
      "c681",
      "c726",
      "c858",
      "c093",
      "c236",
      "c291",
      "c470",
      "c599",
      "c354",
      "c578",
      "c640",
      "c707",
      "c728",
      "c798",
      "c195",
      "c497",
      "c475",
      "c120",
      "c054",
      "c123",
      "c393",
      "c701",
      "c742",
      "c781",
      "c853",
      "c164",
      "c345",
      "c485",
      "c552",
      "c555",
      "c609",
      "c643",
      "c714",
      "c727",
      "c834",
      "c014",
      "c059",
      "c457",
      "c546",
      "c598",
      "c653",
      "c698",
      "c767",
      "c103",
      "c246",
      "c282",
      "c500",
      "c554",
      "c651",
      "c706",
      "c794",
      "c031",
      "c106",
      "c771",
      "c790",
      "c888",
      "c332",
      "c161",
      "c593",
      "c721",
      "c774",
      "c305",
      "c414",
      "c072",
      "c400",
      "c547",
      "c741",
      "c828",
      "c181",
      "c215",
      "c371",
      "c585",
      "c631",
      "c762",
      "c831",
      "c838",
      "c226",
      "c415",
      "c429",
      "c523",
      "c857",
      "c504",
      "c583",
      "c477",
      "c710",
      "c082",
      "c092",
      "c160",
      "c368",
      "c529",
      "c544",
      "c668",
      "c731",
      "c772",
      "c806",
      "c899",
      "c047",
      "c366",
      "c612",
      "c634",
      "c779",
      "c026",
      "c094",
      "c202",
      "c412",
      "c427",
      "c444",
      "c481",
      "c622",
      "c845",
      "c017",
      "c290",
      "c382",
      "c637",
      "c057",
      "c615",
      "c110",
      "c506",
      "c052",
      "c404",
      "c856",
      "c038",
      "c515",
      "c797",
      "c625",
      "c188",
      "c385",
      "c824",
      "c204",
      "c213",
      "c460",
      "c480",
      "c873",
      "c064",
      "c069",
      "c227",
      "c811",
      "c024",
      "c387",
      "c592",
      "c712",
      "c293",
      "c538",
      "c118",
      "c097",
      "c165",
      "c379",
      "c556",
      "c699",
      "c745",
      "c060",
      "c339",
      "c438",
      "c455",
      "c889",
      "c146",
      "c840",
      "c023",
      "c395",
      "c673",
      "c705",
      "c472",
      "c286",
      "c010",
      "c127",
      "c348",
      "c144",
      "c224",
      "c243",
      "c295",
      "c362",
      "c483",
      "c173",
      "c178",
      "c288",
      "c402",
      "c442",
      "c702",
      "c338",
      "c398",
      "c723",
      "c752",
      "c795",
      "c335",
      "c722",
      "c476",
      "c394",
      "c486",
      "c495",
      "c670",
      "c758",
      "c168",
      "c273",
      "c364",
      "c496",
      "c509",
      "c835",
      "c850",
      "c435",
      "c453",
      "c471",
      "c494",
      "c162",
      "c482",
      "c568",
      "c676",
      "c777",
      "c369",
      "c833",
      "c218",
      "c289",
      "c035",
      "c533",
      "c743",
      "c863",
      "c176",
      "c207",
      "c284",
      "c373",
      "c549",
      "c648",
      "c679",
      "c735",
      "c784",
      "c789",
      "c125",
      "c210",
      "c231",
      "c234",
      "c329",
      "c488",
      "c674",
      "c830",
      "c867",
      "c212",
      "c275",
      "c372",
      "c518",
      "c626",
      "c715",
      "c815",
      "c056",
      "c301",
      "c390",
      "c484",
      "c696",
      "c750",
      "c540",
      "c298",
      "c300",
      "c887",
      "c086",
      "c040",
      "c450",
      "c133",
      "c548",
      "c034",
      "c182",
      "c320",
      "c559",
      "c672",
      "c736",
      "c823",
      "c232",
      "c314",
      "c729",
      "c570",
      "c134",
      "c278",
      "c744",
      "c117",
      "c342",
      "c074",
      "c397",
      "c209",
      "c818",
      "c337",
      "c487",
      "c542",
      "c754",
      "c766",
      "c126",
      "c235",
      "c333",
      "c344",
      "c491",
      "c569",
      "c192",
      "c734",
      "c002",
      "c172",
      "c825",
      "c080",
      "c274",
      "c149",
      "c536",
      "c647",
      "c862",
      "c690",
      "c440",
      "c004",
      "c157",
      "c331",
      "c377",
      "c646",
      "c832",
      "c150",
      "c259",
      "c312",
      "c403",
      "c448",
      "c561",
      "c764",
      "c780",
      "c039",
      "c269",
      "c582",
      "c532",
      "c319",
      "c792",
      "c194",
      "c499",
      "c517",
      "c885",
      "c137",
      "c422",
      "c732",
      "c530",
      "c380",
      "c443",
      "c045",
      "c399",
      "c786",
      "c098",
      "c860",
      "c358",
      "c608",
      "c700",
      "c313",
      "c511",
      "c877",
      "c021",
      "c527",
      "c190",
      "c206",
      "c539",
      "c892",
      "c765",
      "c747",
      "c410",
      "c788",
      "c820",
      "c124",
      "c389",
      "c513",
      "c522",
      "c852",
      "c895",
      "c113",
      "c139",
      "c250",
      "c713",
      "c898",
      "c237",
      "c738",
      "c263",
      "c613",
      "c878",
      "c223",
      "c466",
      "c802",
      "c827",
      "c894",
      "c130",
      "c061",
      "c067",
      "c256",
      "c617",
      "c659",
      "c594",
      "c661",
      "c689",
      "c375",
      "c709",
      "c847",
      "c576",
      "c347",
      "c813",
      "c875",
      "c423",
      "c602",
      "c636",
      "c667",
      "c812",
      "c883",
      "c462",
      "c881",
      "c311",
      "c417",
      "c186",
      "c352",
      "c587",
      "c258",
      "c318",
      "c535",
      "c225",
      "c370",
      "c013",
      "c058",
      "c011",
      "c365",
      "c076",
      "c163",
      "c081",
      "c119",
      "c836",
      "c564",
      "c635",
      "c664",
      "c880",
      "c216",
      "c306",
      "c879",
      "c104",
      "c084",
      "c861",
      "c675",
      "c573",
      "c870",
      "c276",
      "c505",
      "c007",
      "c128",
      "c843",
      "c197",
      "c490",
      "c018",
      "c201",
      "c355",
      "c152",
      "c027",
      "c749",
      "c571",
      "c874",
      "c669",
      "c693",
      "c238",
      "c803",
      "c357",
      "c458",
      "c773",
      "c115",
      "c416",
      "c089",
      "c760",
      "c077",
      "c208",
      "c657",
      "c665",
      "c075",
      "c131",
      "c270",
      "c001",
      "c030",
      "c099",
      "c778",
      "c141",
      "c822",
      "c184",
      "c405",
      "c036",
      "c441",
      "c719",
      "c085",
      "c432",
      "c222",
      "c604",
      "c558",
      "c019",
      "c299",
      "c684",
      "c692",
      "c846",
      "c869",
      "c748",
      "c055",
      "c819",
      "c768",
      "c326",
      "c386",
      "c096",
      "c614",
      "c025",
      "c167",
      "c718",
      "c837",
      "c063",
      "c070",
      "c580",
      "c147",
      "c618",
      "c865",
      "c655",
      "c279",
      "c826",
      "c066",
      "c409",
      "c759",
      "c090",
      "c596",
      "c682",
      "c512",
      "c597",
      "c016",
      "c465",
      "c703",
      "c249",
      "c616",
      "c254",
      "c645",
      "c451",
      "c244",
      "c419",
      "c426",
      "c607",
      "c551",
      "c048",
      "c756",
      "c346",
      "c473",
      "c492",
      "c872",
      "c170",
      "c688",
      "c796",
      "c660",
      "c193",
      "c680",
      "c695",
      "c359",
      "c388",
      "c859",
      "c581",
      "c769",
      "c229",
      "c461",
      "c374",
      "c233",
      "c360",
      "c248",
      "c464",
      "c079",
      "c100",
      "c142",
      "c257",
      "c411",
      "c691",
      "c757",
      "c340",
      "c478",
      "c376",
      "c006",
      "c108",
      "c407",
      "c603",
      "c817",
      "c242",
      "c253",
      "c145",
      "c541",
      "c785",
      "c029",
      "c107",
      "c122",
      "c349",
      "c516",
      "c228",
      "c565",
      "c525",
      "c842",
      "c102",
      "c630",
      "c638",
      "c309",
      "c642",
      "c121",
      "c641",
      "c697",
      "c884",
      "c091",
      "c350",
      "c255",
      "c586",
      "c808",
      "c896",
      "c008",
      "c519",
      "c868",
      "c563",
      "c807",
      "c704"
    ]
  },
  "ordered_queues": {
    "edge-1": [
      "c022",
      "c033",
      "c051",
      "c322",
      "c343",
      "c408",
      "c501",
      "c531",
      "c841",
      "c848"
    ],
    "edge-2": [
      "c044",
      "c078",
      "c136",
      "c328",
      "c330",
      "c367",
      "c579",
      "c890"
    ],
    "edge-3": [
      "c032",
      "c116",
      "c156",
      "c159",
      "c169",
      "c185",
      "c296",
      "c363",
      "c739",
      "c816"
    ],
    "edge-4": [
      "c028",
      "c043",
      "c088",
      "c174",
      "c180",
      "c321",
      "c553",
      "c851",
      "c855"
    ],
    "edge-5": [
      "c143",
      "c588",
      "c590",
      "c624",
      "c644",
      "c708",
      "c737",
      "c799",
      "c800",
      "c829"
    ],
    "edge-6": [
      "c428",
      "c449",
      "c493",
      "c508",
      "c528",
      "c601",
      "c656",
      "c716",
      "c724"
    ],
    "edge-7": [
      "c187",
      "c199",
      "c214",
      "c220",
      "c262",
      "c285",
      "c327",
      "c356",
      "c424",
      "c534"
    ],
    "edge-8": [
      "c003",
      "c049",
      "c155",
      "c239",
      "c261",
      "c265",
      "c266",
      "c323",
      "c325",
      "c467",
      "c479",
      "c567"
    ]
  }
}
================================================================================
[RUN][K8s-CA] drtp_img88_cacheonly_896mb_1000.json
{
  "summary": {
    "algo": "FG-DSCR-GC-K8sCA",
    "num_containers": 1000,
    "num_scheduled_containers": 78,
    "num_nodes": 8,
    "failed_deployments": 922,
    "ca_penalty": 922.0,
    "ca_downloaded_mb": 435887,
    "ACT": 163.37932692307692,
    "AMS": 289.4895833333333,
    "downloaded_mb": 70274,
    "reused_mb": 9520,
    "reuse_rate": 0.11930721608140964,
    "objective_without_ca_penalty": 226.43445512820512,
    "objective": 1148.4344551282052
  },
  "assignment": {
    "edge-1": [
      "c848",
      "c032",
      "c033",
      "c044",
      "c262",
      "c716",
      "c739",
      "c428",
      "c261",
      "c143"
    ],
    "edge-2": [
      "c156",
      "c169",
      "c567",
      "c579",
      "c800",
      "c328",
      "c330",
      "c367"
    ],
    "edge-3": [
      "c159",
      "c185",
      "c187",
      "c199",
      "c214",
      "c534",
      "c322",
      "c501",
      "c174",
      "c656"
    ],
    "edge-4": [
      "c851",
      "c855",
      "c028",
      "c043",
      "c088",
      "c180",
      "c321",
      "c116",
      "c363"
    ],
    "edge-5": [
      "c239",
      "c265",
      "c266",
      "c323",
      "c325",
      "c408",
      "c467",
      "c550",
      "c799",
      "c890",
      "c943",
      "c479"
    ],
    "edge-6": [
      "c449",
      "c508",
      "c528",
      "c601",
      "c724",
      "c051",
      "c553",
      "c296",
      "c816"
    ],
    "edge-7": [
      "c531",
      "c588",
      "c590",
      "c624",
      "c644",
      "c708",
      "c737",
      "c829",
      "c343",
      "c493"
    ],
    "edge-8": [
      "c841",
      "c944",
      "c961",
      "c965",
      "c003",
      "c022",
      "c049",
      "c078",
      "c136",
      "c155"
    ],
    "__CA_GUARANTEE__": [
      "c220",
      "c285",
      "c327",
      "c356",
      "c424",
      "c439",
      "c474",
      "c521",
      "c560",
      "c566",
      "c575",
      "c610",
      "c632",
      "c639",
      "c687",
      "c720",
      "c751",
      "c793",
      "c854",
      "c866",
      "c886",
      "c900",
      "c939",
      "c050",
      "c062",
      "c073",
      "c087",
      "c101",
      "c112",
      "c114",
      "c151",
      "c166",
      "c191",
      "c198",
      "c211",
      "c245",
      "c260",
      "c267",
      "c277",
      "c292",
      "c294",
      "c297",
      "c304",
      "c307",
      "c308",
      "c310",
      "c315",
      "c316",
      "c317",
      "c361",
      "c381",
      "c383",
      "c431",
      "c502",
      "c503",
      "c507",
      "c514",
      "c520",
      "c524",
      "c543",
      "c557",
      "c577",
      "c595",
      "c600",
      "c619",
      "c627",
      "c686",
      "c755",
      "c775",
      "c776",
      "c791",
      "c801",
      "c839",
      "c893",
      "c909",
      "c938",
      "c941",
      "c977",
      "c1000",
      "c005",
      "c015",
      "c041",
      "c095",
      "c129",
      "c158",
      "c175",
      "c205",
      "c230",
      "c240",
      "c241",
      "c251",
      "c252",
      "c272",
      "c281",
      "c302",
      "c341",
      "c351",
      "c353",
      "c391",
      "c406",
      "c421",
      "c430",
      "c433",
      "c446",
      "c456",
      "c468",
      "c469",
      "c526",
      "c537",
      "c572",
      "c584",
      "c650",
      "c666",
      "c685",
      "c746",
      "c783",
      "c787",
      "c809",
      "c810",
      "c821",
      "c849",
      "c891",
      "c926",
      "c934",
      "c975",
      "c997",
      "c009",
      "c012",
      "c053",
      "c083",
      "c132",
      "c171",
      "c183",
      "c189",
      "c200",
      "c203",
      "c217",
      "c219",
      "c280",
      "c334",
      "c378",
      "c392",
      "c401",
      "c413",
      "c445",
      "c498",
      "c510",
      "c545",
      "c589",
      "c591",
      "c611",
      "c621",
      "c628",
      "c629",
      "c678",
      "c694",
      "c730",
      "c753",
      "c761",
      "c805",
      "c864",
      "c927",
      "c949",
      "c966",
      "c969",
      "c971",
      "c992",
      "c068",
      "c154",
      "c264",
      "c283",
      "c459",
      "c463",
      "c562",
      "c717",
      "c782",
      "c844",
      "c871",
      "c930",
      "c959",
      "c984",
      "c995",
      "c999",
      "c071",
      "c336",
      "c981",
      "c020",
      "c109",
      "c065",
      "c324",
      "c384",
      "c396",
      "c434",
      "c605",
      "c663",
      "c897",
      "c037",
      "c148",
      "c153",
      "c177",
      "c179",
      "c268",
      "c454",
      "c770",
      "c804",
      "c814",
      "c933",
      "c418",
      "c425",
      "c447",
      "c452",
      "c606",
      "c649",
      "c658",
      "c042",
      "c046",
      "c140",
      "c247",
      "c303",
      "c420",
      "c662",
      "c683",
      "c733",
      "c882",
      "c991",
      "c135",
      "c437",
      "c654",
      "c876",
      "c996",
      "c105",
      "c138",
      "c489",
      "c711",
      "c725",
      "c574",
      "c623",
      "c196",
      "c271",
      "c633",
      "c652",
      "c917",
      "c989",
      "c287",
      "c111",
      "c740",
      "c763",
      "c912",
      "c436",
      "c677",
      "c908",
      "c221",
      "c620",
      "c671",
      "c681",
      "c726",
      "c858",
      "c937",
      "c093",
      "c236",
      "c291",
      "c470",
      "c599",
      "c354",
      "c578",
      "c640",
      "c707",
      "c728",
      "c798",
      "c951",
      "c195",
      "c497",
      "c924",
      "c475",
      "c994",
      "c120",
      "c054",
      "c123",
      "c393",
      "c701",
      "c742",
      "c781",
      "c853",
      "c164",
      "c345",
      "c485",
      "c552",
      "c555",
      "c609",
      "c643",
      "c714",
      "c727",
      "c834",
      "c929",
      "c014",
      "c059",
      "c457",
      "c546",
      "c598",
      "c653",
      "c698",
      "c767",
      "c940",
      "c103",
      "c246",
      "c282",
      "c500",
      "c554",
      "c651",
      "c706",
      "c794",
      "c942",
      "c031",
      "c106",
      "c771",
      "c790",
      "c888",
      "c332",
      "c161",
      "c925",
      "c593",
      "c721",
      "c774",
      "c901",
      "c305",
      "c414",
      "c983",
      "c072",
      "c400",
      "c547",
      "c741",
      "c828",
      "c950",
      "c181",
      "c215",
      "c371",
      "c585",
      "c631",
      "c762",
      "c831",
      "c838",
      "c915",
      "c970",
      "c226",
      "c415",
      "c429",
      "c523",
      "c857",
      "c988",
      "c504",
      "c583",
      "c477",
      "c710",
      "c082",
      "c092",
      "c160",
      "c368",
      "c529",
      "c544",
      "c668",
      "c731",
      "c772",
      "c806",
      "c899",
      "c986",
      "c047",
      "c366",
      "c612",
      "c634",
      "c779",
      "c905",
      "c026",
      "c094",
      "c202",
      "c412",
      "c427",
      "c444",
      "c481",
      "c622",
      "c845",
      "c017",
      "c290",
      "c382",
      "c637",
      "c904",
      "c952",
      "c979",
      "c057",
      "c615",
      "c110",
      "c506",
      "c052",
      "c404",
      "c856",
      "c038",
      "c515",
      "c797",
      "c625",
      "c188",
      "c385",
      "c824",
      "c204",
      "c213",
      "c460",
      "c480",
      "c873",
      "c064",
      "c069",
      "c227",
      "c811",
      "c024",
      "c387",
      "c592",
      "c712",
      "c293",
      "c538",
      "c118",
      "c097",
      "c165",
      "c379",
      "c556",
      "c699",
      "c745",
      "c060",
      "c339",
      "c438",
      "c455",
      "c889",
      "c920",
      "c146",
      "c840",
      "c964",
      "c972",
      "c023",
      "c395",
      "c673",
      "c705",
      "c472",
      "c286",
      "c010",
      "c127",
      "c348",
      "c913",
      "c144",
      "c224",
      "c243",
      "c295",
      "c362",
      "c483",
      "c173",
      "c178",
      "c288",
      "c402",
      "c442",
      "c702",
      "c338",
      "c398",
      "c723",
      "c752",
      "c795",
      "c935",
      "c335",
      "c722",
      "c476",
      "c902",
      "c394",
      "c486",
      "c495",
      "c670",
      "c758",
      "c168",
      "c273",
      "c364",
      "c496",
      "c509",
      "c835",
      "c850",
      "c907",
      "c985",
      "c435",
      "c453",
      "c471",
      "c494",
      "c936",
      "c958",
      "c162",
      "c482",
      "c568",
      "c676",
      "c777",
      "c369",
      "c833",
      "c218",
      "c289",
      "c035",
      "c533",
      "c743",
      "c863",
      "c176",
      "c207",
      "c284",
      "c373",
      "c549",
      "c648",
      "c679",
      "c735",
      "c784",
      "c789",
      "c993",
      "c125",
      "c210",
      "c231",
      "c234",
      "c329",
      "c488",
      "c674",
      "c830",
      "c867",
      "c923",
      "c212",
      "c275",
      "c372",
      "c518",
      "c626",
      "c715",
      "c815",
      "c056",
      "c301",
      "c390",
      "c484",
      "c696",
      "c750",
      "c973",
      "c540",
      "c906",
      "c976",
      "c298",
      "c300",
      "c887",
      "c086",
      "c040",
      "c450",
      "c133",
      "c548",
      "c034",
      "c182",
      "c320",
      "c559",
      "c672",
      "c736",
      "c823",
      "c919",
      "c232",
      "c314",
      "c729",
      "c918",
      "c570",
      "c134",
      "c278",
      "c744",
      "c117",
      "c342",
      "c074",
      "c397",
      "c916",
      "c209",
      "c818",
      "c945",
      "c337",
      "c487",
      "c542",
      "c754",
      "c766",
      "c126",
      "c235",
      "c333",
      "c344",
      "c491",
      "c569",
      "c192",
      "c948",
      "c734",
      "c002",
      "c172",
      "c825",
      "c080",
      "c274",
      "c149",
      "c536",
      "c647",
      "c862",
      "c690",
      "c440",
      "c004",
      "c157",
      "c331",
      "c377",
      "c646",
      "c832",
      "c150",
      "c259",
      "c312",
      "c403",
      "c448",
      "c561",
      "c764",
      "c780",
      "c039",
      "c269",
      "c582",
      "c532",
      "c319",
      "c792",
      "c194",
      "c499",
      "c517",
      "c885",
      "c137",
      "c422",
      "c732",
      "c530",
      "c380",
      "c443",
      "c045",
      "c399",
      "c786",
      "c098",
      "c860",
      "c358",
      "c608",
      "c700",
      "c313",
      "c511",
      "c877",
      "c021",
      "c527",
      "c998",
      "c190",
      "c206",
      "c539",
      "c892",
      "c765",
      "c747",
      "c410",
      "c788",
      "c820",
      "c124",
      "c389",
      "c513",
      "c522",
      "c852",
      "c895",
      "c953",
      "c113",
      "c139",
      "c250",
      "c713",
      "c898",
      "c237",
      "c738",
      "c263",
      "c613",
      "c878",
      "c931",
      "c223",
      "c466",
      "c802",
      "c827",
      "c894",
      "c130",
      "c061",
      "c067",
      "c256",
      "c617",
      "c659",
      "c932",
      "c978",
      "c594",
      "c661",
      "c689",
      "c375",
      "c914",
      "c709",
      "c847",
      "c576",
      "c347",
      "c813",
      "c875",
      "c423",
      "c602",
      "c636",
      "c667",
      "c812",
      "c883",
      "c462",
      "c881",
      "c311",
      "c417",
      "c186",
      "c352",
      "c587",
      "c258",
      "c318",
      "c535",
      "c225",
      "c370",
      "c013",
      "c058",
      "c011",
      "c365",
      "c922",
      "c076",
      "c163",
      "c081",
      "c119",
      "c836",
      "c564",
      "c635",
      "c664",
      "c880",
      "c216",
      "c982",
      "c306",
      "c879",
      "c104",
      "c084",
      "c861",
      "c675",
      "c573",
      "c870",
      "c276",
      "c967",
      "c505",
      "c007",
      "c128",
      "c843",
      "c197",
      "c490",
      "c018",
      "c201",
      "c954",
      "c355",
      "c152",
      "c027",
      "c749",
      "c571",
      "c874",
      "c669",
      "c693",
      "c911",
      "c238",
      "c803",
      "c357",
      "c458",
      "c773",
      "c903",
      "c115",
      "c416",
      "c089",
      "c760",
      "c077",
      "c208",
      "c657",
      "c665",
      "c075",
      "c131",
      "c270",
      "c001",
      "c030",
      "c099",
      "c778",
      "c141",
      "c963",
      "c822",
      "c990",
      "c184",
      "c405",
      "c036",
      "c441",
      "c719",
      "c085",
      "c432",
      "c222",
      "c604",
      "c558",
      "c019",
      "c299",
      "c684",
      "c692",
      "c846",
      "c869",
      "c748",
      "c055",
      "c819",
      "c768",
      "c326",
      "c386",
      "c096",
      "c614",
      "c025",
      "c167",
      "c718",
      "c837",
      "c063",
      "c070",
      "c580",
      "c147",
      "c618",
      "c865",
      "c655",
      "c279",
      "c826",
      "c066",
      "c409",
      "c759",
      "c090",
      "c596",
      "c682",
      "c512",
      "c597",
      "c016",
      "c465",
      "c703",
      "c249",
      "c616",
      "c254",
      "c645",
      "c451",
      "c244",
      "c419",
      "c426",
      "c607",
      "c921",
      "c551",
      "c048",
      "c756",
      "c346",
      "c473",
      "c492",
      "c956",
      "c872",
      "c170",
      "c688",
      "c796",
      "c660",
      "c968",
      "c974",
      "c193",
      "c680",
      "c695",
      "c359",
      "c388",
      "c859",
      "c947",
      "c581",
      "c769",
      "c229",
      "c461",
      "c374",
      "c233",
      "c360",
      "c248",
      "c464",
      "c960",
      "c079",
      "c100",
      "c980",
      "c910",
      "c962",
      "c142",
      "c257",
      "c411",
      "c691",
      "c757",
      "c340",
      "c478",
      "c376",
      "c006",
      "c108",
      "c407",
      "c603",
      "c817",
      "c242",
      "c253",
      "c145",
      "c541",
      "c785",
      "c029",
      "c107",
      "c122",
      "c349",
      "c516",
      "c946",
      "c228",
      "c565",
      "c928",
      "c525",
      "c842",
      "c102",
      "c630",
      "c987",
      "c638",
      "c309",
      "c642",
      "c121",
      "c641",
      "c697",
      "c884",
      "c955",
      "c091",
      "c350",
      "c255",
      "c957",
      "c586",
      "c808",
      "c896",
      "c008",
      "c519",
      "c868",
      "c563",
      "c807",
      "c704"
    ]
  },
  "ordered_queues": {
    "edge-1": [
      "c032",
      "c033",
      "c044",
      "c143",
      "c261",
      "c262",
      "c428",
      "c716",
      "c739",
      "c848"
    ],
    "edge-2": [
      "c156",
      "c169",
      "c328",
      "c330",
      "c367",
      "c567",
      "c579",
      "c800"
    ],
    "edge-3": [
      "c159",
      "c174",
      "c185",
      "c187",
      "c199",
      "c214",
      "c322",
      "c501",
      "c534",
      "c656"
    ],
    "edge-4": [
      "c028",
      "c043",
      "c088",
      "c116",
      "c180",
      "c321",
      "c363",
      "c851",
      "c855"
    ],
    "edge-5": [
      "c239",
      "c265",
      "c266",
      "c323",
      "c325",
      "c408",
      "c467",
      "c479",
      "c550",
      "c799",
      "c890",
      "c943"
    ],
    "edge-6": [
      "c051",
      "c296",
      "c449",
      "c508",
      "c528",
      "c553",
      "c601",
      "c724",
      "c816"
    ],
    "edge-7": [
      "c343",
      "c493",
      "c531",
      "c588",
      "c590",
      "c624",
      "c644",
      "c708",
      "c737",
      "c829"
    ],
    "edge-8": [
      "c003",
      "c022",
      "c049",
      "c078",
      "c136",
      "c155",
      "c841",
      "c944",
      "c961",
      "c965"
    ]
  }
}
================================================================================
[RUN][K8s-CA] drtp_img88_cacheonly_896mb_200.json
{
  "summary": {
    "algo": "FG-DSCR-GC-K8sCA",
    "num_containers": 200,
    "num_scheduled_containers": 91,
    "num_nodes": 8,
    "failed_deployments": 109,
    "ca_penalty": 545.0,
    "ca_downloaded_mb": 30648,
    "ACT": 164.45755494505494,
    "AMS": 286.39635416666664,
    "downloaded_mb": 56505,
    "reused_mb": 21655,
    "reuse_rate": 0.2770598771750256,
    "objective_without_ca_penalty": 225.4269545558608,
    "objective": 770.4269545558608
  },
  "assignment": {
    "edge-1": [
      "c117",
      "c051",
      "c052",
      "c060",
      "c119",
      "c176",
      "c188",
      "c003",
      "c155",
      "c053",
      "c072",
      "c121",
      "c115",
      "c129",
      "c157"
    ],
    "edge-2": [
      "c004",
      "c030",
      "c170",
      "c122",
      "c006",
      "c010",
      "c128",
      "c173",
      "c086",
      "c078"
    ],
    "edge-3": [
      "c034",
      "c178",
      "c147",
      "c144",
      "c182",
      "c196",
      "c027",
      "c025",
      "c058",
      "c061",
      "c067",
      "c071"
    ],
    "edge-4": [
      "c160",
      "c165",
      "c199",
      "c016",
      "c017",
      "c047",
      "c082",
      "c098",
      "c019",
      "c198",
      "c074"
    ],
    "edge-5": [
      "c126",
      "c007",
      "c134",
      "c105",
      "c190",
      "c089"
    ],
    "edge-6": [
      "c123",
      "c142",
      "c168",
      "c012",
      "c029",
      "c036",
      "c057",
      "c079",
      "c093",
      "c049",
      "c172",
      "c166"
    ],
    "edge-7": [
      "c107",
      "c020",
      "c076",
      "c088",
      "c109",
      "c180",
      "c149",
      "c097",
      "c091",
      "c156",
      "c022",
      "c130",
      "c152"
    ],
    "edge-8": [
      "c095",
      "c099",
      "c106",
      "c108",
      "c111",
      "c164",
      "c002",
      "c037",
      "c063",
      "c066",
      "c069",
      "c084"
    ],
    "__CA_GUARANTEE__": [
      "c068",
      "c104",
      "c092",
      "c116",
      "c161",
      "c032",
      "c167",
      "c140",
      "c177",
      "c045",
      "c035",
      "c018",
      "c136",
      "c133",
      "c169",
      "c080",
      "c127",
      "c031",
      "c183",
      "c139",
      "c044",
      "c197",
      "c118",
      "c162",
      "c009",
      "c151",
      "c090",
      "c159",
      "c135",
      "c056",
      "c070",
      "c153",
      "c055",
      "c064",
      "c083",
      "c005",
      "c120",
      "c175",
      "c154",
      "c193",
      "c065",
      "c001",
      "c041",
      "c114",
      "c046",
      "c100",
      "c112",
      "c039",
      "c200",
      "c094",
      "c138",
      "c158",
      "c195",
      "c125",
      "c186",
      "c014",
      "c024",
      "c008",
      "c163",
      "c043",
      "c141",
      "c192",
      "c102",
      "c132",
      "c021",
      "c073",
      "c028",
      "c181",
      "c040",
      "c137",
      "c101",
      "c077",
      "c062",
      "c150",
      "c131",
      "c143",
      "c103",
      "c191",
      "c087",
      "c110",
      "c185",
      "c054",
      "c171",
      "c011",
      "c075",
      "c042",
      "c189",
      "c146",
      "c033",
      "c026",
      "c081",
      "c174",
      "c096",
      "c048",
      "c038",
      "c085",
      "c184",
      "c013",
      "c124",
      "c050",
      "c187",
      "c148",
      "c145",
      "c194",
      "c113",
      "c179",
      "c015",
      "c023",
      "c059"
    ]
  },
  "ordered_queues": {
    "edge-1": [
      "c003",
      "c051",
      "c052",
      "c053",
      "c060",
      "c072",
      "c115",
      "c117",
      "c119",
      "c121",
      "c129",
      "c155",
      "c157",
      "c176",
      "c188"
    ],
    "edge-2": [
      "c004",
      "c006",
      "c010",
      "c030",
      "c078",
      "c086",
      "c122",
      "c128",
      "c170",
      "c173"
    ],
    "edge-3": [
      "c025",
      "c027",
      "c034",
      "c058",
      "c061",
      "c067",
      "c071",
      "c144",
      "c147",
      "c178",
      "c182",
      "c196"
    ],
    "edge-4": [
      "c016",
      "c017",
      "c019",
      "c047",
      "c074",
      "c082",
      "c098",
      "c160",
      "c165",
      "c198",
      "c199"
    ],
    "edge-5": [
      "c007",
      "c105",
      "c126",
      "c134",
      "c190",
      "c089"
    ],
    "edge-6": [
      "c012",
      "c029",
      "c036",
      "c049",
      "c057",
      "c079",
      "c093",
      "c123",
      "c142",
      "c166",
      "c168",
      "c172"
    ],
    "edge-7": [
      "c020",
      "c076",
      "c088",
      "c097",
      "c107",
      "c109",
      "c149",
      "c180",
      "c022",
      "c091",
      "c130",
      "c152",
      "c156"
    ],
    "edge-8": [
      "c002",
      "c037",
      "c063",
      "c066",
      "c069",
      "c084",
      "c095",
      "c099",
      "c106",
      "c108",
      "c111",
      "c164"
    ]
  }
}
================================================================================
[RUN][K8s-CA] drtp_img88_cacheonly_896mb_300.json
{
  "summary": {
    "algo": "FG-DSCR-GC-K8sCA",
    "num_containers": 300,
    "num_scheduled_containers": 92,
    "num_nodes": 8,
    "failed_deployments": 208,
    "ca_penalty": 693.3333333333334,
    "ca_downloaded_mb": 65588,
    "ACT": 184.61906702898546,
    "AMS": 330.57656249999985,
    "downloaded_mb": 76188,
    "reused_mb": 14488,
    "reuse_rate": 0.15977766994574089,
    "objective_without_ca_penalty": 257.5978147644927,
    "objective": 950.931148097826
  },
  "assignment": {
    "edge-1": [
      "c151",
      "c166",
      "c191",
      "c198",
      "c211",
      "c245",
      "c260",
      "c267",
      "c277",
      "c292",
      "c297",
      "c280",
      "c154"
    ],
    "edge-2": [
      "c028",
      "c043",
      "c088",
      "c022",
      "c049",
      "c272",
      "c051",
      "c009",
      "c083",
      "c116",
      "c169"
    ],
    "edge-3": [
      "c005",
      "c041",
      "c129",
      "c158",
      "c175",
      "c205",
      "c230",
      "c240",
      "c241",
      "c281",
      "c068",
      "c264",
      "c071",
      "c283"
    ],
    "edge-4": [
      "c136",
      "c155",
      "c261",
      "c265",
      "c266",
      "c032",
      "c033",
      "c044",
      "c252",
      "c012",
      "c159"
    ],
    "edge-5": [
      "c053",
      "c132",
      "c171",
      "c183",
      "c189",
      "c200",
      "c203",
      "c217",
      "c219",
      "c078",
      "c156",
      "c185"
    ],
    "edge-6": [
      "c187",
      "c199",
      "c214",
      "c251",
      "c296",
      "c143",
      "c174",
      "c180",
      "c003",
      "c239"
    ],
    "edge-7": [
      "c020",
      "c109",
      "c065",
      "c037",
      "c148",
      "c153",
      "c177",
      "c179",
      "c015",
      "c095"
    ],
    "edge-8": [
      "c220",
      "c262",
      "c285",
      "c050",
      "c062",
      "c073",
      "c087",
      "c101",
      "c112",
      "c114",
      "c294"
    ],
    "__CA_GUARANTEE__": [
      "c268",
      "c042",
      "c046",
      "c140",
      "c247",
      "c135",
      "c105",
      "c138",
      "c196",
      "c271",
      "c287",
      "c111",
      "c221",
      "c093",
      "c236",
      "c291",
      "c195",
      "c120",
      "c054",
      "c123",
      "c164",
      "c014",
      "c059",
      "c103",
      "c246",
      "c282",
      "c031",
      "c106",
      "c161",
      "c072",
      "c181",
      "c215",
      "c226",
      "c082",
      "c092",
      "c160",
      "c047",
      "c026",
      "c094",
      "c202",
      "c017",
      "c290",
      "c057",
      "c110",
      "c052",
      "c038",
      "c188",
      "c204",
      "c213",
      "c064",
      "c069",
      "c227",
      "c024",
      "c293",
      "c118",
      "c097",
      "c165",
      "c060",
      "c146",
      "c023",
      "c286",
      "c010",
      "c127",
      "c144",
      "c224",
      "c243",
      "c295",
      "c173",
      "c178",
      "c288",
      "c168",
      "c273",
      "c162",
      "c218",
      "c289",
      "c035",
      "c176",
      "c207",
      "c284",
      "c125",
      "c210",
      "c231",
      "c234",
      "c212",
      "c275",
      "c056",
      "c298",
      "c300",
      "c086",
      "c040",
      "c133",
      "c034",
      "c182",
      "c232",
      "c134",
      "c278",
      "c117",
      "c074",
      "c209",
      "c126",
      "c235",
      "c192",
      "c002",
      "c172",
      "c080",
      "c274",
      "c149",
      "c004",
      "c157",
      "c150",
      "c259",
      "c039",
      "c269",
      "c194",
      "c137",
      "c045",
      "c098",
      "c021",
      "c190",
      "c206",
      "c124",
      "c113",
      "c139",
      "c250",
      "c237",
      "c263",
      "c223",
      "c130",
      "c061",
      "c067",
      "c256",
      "c186",
      "c258",
      "c225",
      "c013",
      "c058",
      "c011",
      "c076",
      "c163",
      "c081",
      "c119",
      "c216",
      "c104",
      "c084",
      "c276",
      "c007",
      "c128",
      "c197",
      "c018",
      "c201",
      "c152",
      "c027",
      "c238",
      "c115",
      "c089",
      "c077",
      "c208",
      "c075",
      "c131",
      "c270",
      "c001",
      "c030",
      "c099",
      "c141",
      "c184",
      "c036",
      "c085",
      "c222",
      "c019",
      "c299",
      "c055",
      "c096",
      "c025",
      "c167",
      "c063",
      "c070",
      "c147",
      "c279",
      "c066",
      "c090",
      "c016",
      "c249",
      "c254",
      "c244",
      "c048",
      "c170",
      "c193",
      "c229",
      "c233",
      "c248",
      "c079",
      "c100",
      "c142",
      "c257",
      "c006",
      "c108",
      "c242",
      "c253",
      "c145",
      "c029",
      "c107",
      "c122",
      "c228",
      "c102",
      "c121",
      "c091",
      "c255",
      "c008"
    ]
  },
  "ordered_queues": {
    "edge-1": [
      "c151",
      "c154",
      "c166",
      "c191",
      "c198",
      "c211",
      "c245",
      "c260",
      "c267",
      "c277",
      "c280",
      "c292",
      "c297"
    ],
    "edge-2": [
      "c009",
      "c022",
      "c028",
      "c043",
      "c049",
      "c051",
      "c083",
      "c088",
      "c116",
      "c169",
      "c272"
    ],
    "edge-3": [
      "c005",
      "c041",
      "c068",
      "c071",
      "c129",
      "c158",
      "c175",
      "c205",
      "c230",
      "c240",
      "c241",
      "c264",
      "c281",
      "c283"
    ],
    "edge-4": [
      "c012",
      "c032",
      "c033",
      "c044",
      "c136",
      "c155",
      "c159",
      "c252",
      "c261",
      "c265",
      "c266"
    ],
    "edge-5": [
      "c053",
      "c078",
      "c132",
      "c156",
      "c171",
      "c183",
      "c185",
      "c189",
      "c200",
      "c203",
      "c217",
      "c219"
    ],
    "edge-6": [
      "c003",
      "c143",
      "c174",
      "c180",
      "c187",
      "c199",
      "c214",
      "c239",
      "c251",
      "c296"
    ],
    "edge-7": [
      "c020",
      "c037",
      "c065",
      "c109",
      "c148",
      "c153",
      "c177",
      "c179",
      "c015",
      "c095"
    ],
    "edge-8": [
      "c050",
      "c062",
      "c073",
      "c087",
      "c101",
      "c112",
      "c114",
      "c220",
      "c262",
      "c285",
      "c294"
    ]
  }
}
================================================================================
[RUN][K8s-CA] drtp_img88_cacheonly_896mb_400.json
{
  "summary": {
    "algo": "FG-DSCR-GC-K8sCA",
    "num_containers": 400,
    "num_scheduled_containers": 90,
    "num_nodes": 8,
    "failed_deployments": 310,
    "ca_penalty": 775.0,
    "ca_downloaded_mb": 117923,
    "ACT": 188.27537037037035,
    "AMS": 333.3546874999999,
    "downloaded_mb": 80918,
    "reused_mb": 11152,
    "reuse_rate": 0.12112523080265016,
    "objective_without_ca_penalty": 260.8150289351851,
    "objective": 1035.8150289351852
  },
  "assignment": {
    "edge-1": [
      "c262",
      "c356",
      "c062",
      "c073",
      "c087",
      "c101",
      "c296",
      "c028",
      "c088",
      "c043"
    ],
    "edge-2": [
      "c175",
      "c151",
      "c166",
      "c308",
      "c129",
      "c191",
      "c245",
      "c361",
      "c260"
    ],
    "edge-3": [
      "c198",
      "c211",
      "c267",
      "c277",
      "c292",
      "c294",
      "c297",
      "c143",
      "c321",
      "c169",
      "c307",
      "c285"
    ],
    "edge-4": [
      "c343",
      "c003",
      "c022",
      "c049",
      "c136",
      "c155",
      "c239",
      "c261",
      "c265",
      "c174",
      "c051"
    ],
    "edge-5": [
      "c310",
      "c315",
      "c316",
      "c317",
      "c381",
      "c383",
      "c005",
      "c015",
      "c041",
      "c095",
      "c050",
      "c220",
      "c327"
    ],
    "edge-6": [
      "c266",
      "c323",
      "c325",
      "c328",
      "c330",
      "c367",
      "c032",
      "c033",
      "c044",
      "c112",
      "c304"
    ],
    "edge-7": [
      "c158",
      "c205",
      "c230",
      "c240",
      "c241",
      "c251",
      "c252",
      "c272",
      "c281",
      "c302",
      "c341",
      "c351",
      "c078",
      "c116"
    ],
    "edge-8": [
      "c156",
      "c159",
      "c185",
      "c187",
      "c199",
      "c214",
      "c114",
      "c322",
      "c180",
      "c363"
    ],
    "__CA_GUARANTEE__": [
      "c353",
      "c391",
      "c009",
      "c012",
      "c053",
      "c083",
      "c132",
      "c171",
      "c183",
      "c189",
      "c200",
      "c203",
      "c217",
      "c219",
      "c280",
      "c334",
      "c378",
      "c392",
      "c068",
      "c154",
      "c264",
      "c283",
      "c071",
      "c336",
      "c020",
      "c109",
      "c065",
      "c324",
      "c384",
      "c396",
      "c037",
      "c148",
      "c153",
      "c177",
      "c179",
      "c268",
      "c042",
      "c046",
      "c140",
      "c247",
      "c303",
      "c135",
      "c105",
      "c138",
      "c196",
      "c271",
      "c287",
      "c111",
      "c221",
      "c093",
      "c236",
      "c291",
      "c354",
      "c195",
      "c120",
      "c054",
      "c123",
      "c393",
      "c164",
      "c345",
      "c014",
      "c059",
      "c103",
      "c246",
      "c282",
      "c031",
      "c106",
      "c332",
      "c161",
      "c305",
      "c072",
      "c400",
      "c181",
      "c215",
      "c371",
      "c226",
      "c082",
      "c092",
      "c160",
      "c368",
      "c047",
      "c366",
      "c026",
      "c094",
      "c202",
      "c017",
      "c290",
      "c382",
      "c057",
      "c110",
      "c052",
      "c038",
      "c188",
      "c385",
      "c204",
      "c213",
      "c064",
      "c069",
      "c227",
      "c024",
      "c387",
      "c293",
      "c118",
      "c097",
      "c165",
      "c379",
      "c060",
      "c339",
      "c146",
      "c023",
      "c395",
      "c286",
      "c010",
      "c127",
      "c348",
      "c144",
      "c224",
      "c243",
      "c295",
      "c362",
      "c173",
      "c178",
      "c288",
      "c338",
      "c398",
      "c335",
      "c394",
      "c168",
      "c273",
      "c364",
      "c162",
      "c369",
      "c218",
      "c289",
      "c035",
      "c176",
      "c207",
      "c284",
      "c373",
      "c125",
      "c210",
      "c231",
      "c234",
      "c329",
      "c212",
      "c275",
      "c372",
      "c056",
      "c301",
      "c390",
      "c298",
      "c300",
      "c086",
      "c040",
      "c133",
      "c034",
      "c182",
      "c320",
      "c232",
      "c314",
      "c134",
      "c278",
      "c117",
      "c342",
      "c074",
      "c397",
      "c209",
      "c337",
      "c126",
      "c235",
      "c333",
      "c344",
      "c192",
      "c002",
      "c172",
      "c080",
      "c274",
      "c149",
      "c004",
      "c157",
      "c331",
      "c377",
      "c150",
      "c259",
      "c312",
      "c039",
      "c269",
      "c319",
      "c194",
      "c137",
      "c380",
      "c045",
      "c399",
      "c098",
      "c358",
      "c313",
      "c021",
      "c190",
      "c206",
      "c124",
      "c389",
      "c113",
      "c139",
      "c250",
      "c237",
      "c263",
      "c223",
      "c130",
      "c061",
      "c067",
      "c256",
      "c375",
      "c347",
      "c311",
      "c186",
      "c352",
      "c258",
      "c318",
      "c225",
      "c370",
      "c013",
      "c058",
      "c011",
      "c365",
      "c076",
      "c163",
      "c081",
      "c119",
      "c216",
      "c306",
      "c104",
      "c084",
      "c276",
      "c007",
      "c128",
      "c197",
      "c018",
      "c201",
      "c355",
      "c152",
      "c027",
      "c238",
      "c357",
      "c115",
      "c089",
      "c077",
      "c208",
      "c075",
      "c131",
      "c270",
      "c001",
      "c030",
      "c099",
      "c141",
      "c184",
      "c036",
      "c085",
      "c222",
      "c019",
      "c299",
      "c055",
      "c326",
      "c386",
      "c096",
      "c025",
      "c167",
      "c063",
      "c070",
      "c147",
      "c279",
      "c066",
      "c090",
      "c016",
      "c249",
      "c254",
      "c244",
      "c048",
      "c346",
      "c170",
      "c193",
      "c359",
      "c388",
      "c229",
      "c374",
      "c233",
      "c360",
      "c248",
      "c079",
      "c100",
      "c142",
      "c257",
      "c340",
      "c376",
      "c006",
      "c108",
      "c242",
      "c253",
      "c145",
      "c029",
      "c107",
      "c122",
      "c349",
      "c228",
      "c102",
      "c309",
      "c121",
      "c091",
      "c350",
      "c255",
      "c008"
    ]
  },
  "ordered_queues": {
    "edge-1": [
      "c028",
      "c043",
      "c062",
      "c073",
      "c087",
      "c088",
      "c101",
      "c262",
      "c296",
      "c356"
    ],
    "edge-2": [
      "c129",
      "c151",
      "c166",
      "c175",
      "c191",
      "c245",
      "c260",
      "c308",
      "c361"
    ],
    "edge-3": [
      "c143",
      "c169",
      "c198",
      "c211",
      "c267",
      "c277",
      "c285",
      "c292",
      "c294",
      "c297",
      "c307",
      "c321"
    ],
    "edge-4": [
      "c003",
      "c022",
      "c049",
      "c051",
      "c136",
      "c155",
      "c174",
      "c239",
      "c261",
      "c265",
      "c343"
    ],
    "edge-5": [
      "c005",
      "c015",
      "c041",
      "c050",
      "c095",
      "c220",
      "c310",
      "c315",
      "c316",
      "c317",
      "c327",
      "c381",
      "c383"
    ],
    "edge-6": [
      "c032",
      "c033",
      "c044",
      "c112",
      "c266",
      "c304",
      "c323",
      "c325",
      "c328",
      "c330",
      "c367"
    ],
    "edge-7": [
      "c078",
      "c116",
      "c158",
      "c205",
      "c230",
      "c240",
      "c241",
      "c251",
      "c252",
      "c272",
      "c281",
      "c302",
      "c341",
      "c351"
    ],
    "edge-8": [
      "c114",
      "c156",
      "c159",
      "c180",
      "c185",
      "c187",
      "c199",
      "c214",
      "c322",
      "c363"
    ]
  }
}
================================================================================
[RUN][K8s-CA] drtp_img88_cacheonly_896mb_500.json
{
  "summary": {
    "algo": "FG-DSCR-GC-K8sCA",
    "num_containers": 500,
    "num_scheduled_containers": 81,
    "num_nodes": 8,
    "failed_deployments": 419,
    "ca_penalty": 838.0,
    "ca_downloaded_mb": 186708,
    "ACT": 171.18055555555554,
    "AMS": 300.07135416666665,
    "downloaded_mb": 72935,
    "reused_mb": 9928,
    "reuse_rate": 0.11981222017064311,
    "objective_without_ca_penalty": 235.6259548611111,
    "objective": 1073.625954861111
  },
  "assignment": {
    "edge-1": [
      "c197",
      "c224",
      "c226",
      "c262",
      "c280",
      "c282",
      "c287",
      "c296",
      "c387",
      "c146",
      "c453",
      "c461"
    ],
    "edge-2": [
      "c078",
      "c270",
      "c041",
      "c090",
      "c173",
      "c186",
      "c273",
      "c020",
      "c265"
    ],
    "edge-3": [
      "c103",
      "c106",
      "c157",
      "c179",
      "c170",
      "c063",
      "c256",
      "c136",
      "c193",
      "c344"
    ],
    "edge-4": [
      "c292",
      "c354",
      "c363",
      "c370",
      "c021",
      "c043",
      "c055",
      "c312",
      "c113"
    ],
    "edge-5": [
      "c305",
      "c315",
      "c319",
      "c329",
      "c339",
      "c369",
      "c421",
      "c274",
      "c441",
      "c443",
      "c122",
      "c245"
    ],
    "edge-6": [
      "c235",
      "c207",
      "c302",
      "c087",
      "c242",
      "c062",
      "c093",
      "c165",
      "c357"
    ],
    "edge-7": [
      "c108",
      "c121",
      "c147",
      "c181",
      "c185",
      "c196",
      "c311",
      "c019",
      "c303",
      "c142"
    ],
    "edge-8": [
      "c331",
      "c345",
      "c349",
      "c385",
      "c493",
      "c500",
      "c002",
      "c003",
      "c015",
      "c067"
    ],
    "__CA_GUARANTEE__": [
      "c160",
      "c210",
      "c215",
      "c227",
      "c248",
      "c308",
      "c309",
      "c353",
      "c359",
      "c386",
      "c437",
      "c460",
      "c491",
      "c027",
      "c030",
      "c035",
      "c036",
      "c047",
      "c056",
      "c099",
      "c112",
      "c115",
      "c119",
      "c123",
      "c127",
      "c134",
      "c171",
      "c194",
      "c206",
      "c251",
      "c253",
      "c263",
      "c279",
      "c290",
      "c340",
      "c348",
      "c356",
      "c362",
      "c381",
      "c464",
      "c467",
      "c478",
      "c494",
      "c028",
      "c060",
      "c064",
      "c077",
      "c086",
      "c109",
      "c128",
      "c288",
      "c298",
      "c343",
      "c398",
      "c404",
      "c426",
      "c436",
      "c449",
      "c459",
      "c481",
      "c486",
      "c487",
      "c496",
      "c029",
      "c116",
      "c177",
      "c384",
      "c411",
      "c415",
      "c278",
      "c155",
      "c203",
      "c004",
      "c066",
      "c102",
      "c182",
      "c188",
      "c234",
      "c352",
      "c475",
      "c216",
      "c255",
      "c405",
      "c455",
      "c472",
      "c065",
      "c373",
      "c438",
      "c148",
      "c223",
      "c337",
      "c168",
      "c439",
      "c022",
      "c335",
      "c088",
      "c184",
      "c053",
      "c125",
      "c316",
      "c365",
      "c144",
      "c198",
      "c264",
      "c427",
      "c446",
      "c499",
      "c009",
      "c026",
      "c050",
      "c471",
      "c272",
      "c321",
      "c425",
      "c094",
      "c070",
      "c101",
      "c230",
      "c419",
      "c045",
      "c068",
      "c071",
      "c145",
      "c237",
      "c258",
      "c332",
      "c454",
      "c169",
      "c289",
      "c346",
      "c451",
      "c024",
      "c222",
      "c450",
      "c061",
      "c132",
      "c138",
      "c001",
      "c039",
      "c080",
      "c166",
      "c195",
      "c307",
      "c483",
      "c058",
      "c073",
      "c236",
      "c243",
      "c326",
      "c379",
      "c214",
      "c360",
      "c025",
      "c240",
      "c250",
      "c406",
      "c217",
      "c323",
      "c336",
      "c069",
      "c172",
      "c187",
      "c276",
      "c371",
      "c082",
      "c212",
      "c327",
      "c333",
      "c417",
      "c468",
      "c013",
      "c114",
      "c218",
      "c444",
      "c355",
      "c178",
      "c176",
      "c257",
      "c442",
      "c037",
      "c095",
      "c098",
      "c313",
      "c351",
      "c414",
      "c075",
      "c105",
      "c111",
      "c140",
      "c152",
      "c163",
      "c416",
      "c129",
      "c429",
      "c410",
      "c042",
      "c151",
      "c283",
      "c466",
      "c005",
      "c275",
      "c492",
      "c424",
      "c167",
      "c301",
      "c358",
      "c418",
      "c084",
      "c107",
      "c423",
      "c400",
      "c191",
      "c092",
      "c120",
      "c401",
      "c420",
      "c470",
      "c281",
      "c350",
      "c318",
      "c383",
      "c018",
      "c137",
      "c286",
      "c489",
      "c135",
      "c164",
      "c208",
      "c347",
      "c007",
      "c081",
      "c085",
      "c322",
      "c477",
      "c051",
      "c342",
      "c364",
      "c083",
      "c397",
      "c117",
      "c300",
      "c008",
      "c158",
      "c338",
      "c038",
      "c139",
      "c325",
      "c395",
      "c213",
      "c291",
      "c046",
      "c374",
      "c391",
      "c124",
      "c382",
      "c052",
      "c341",
      "c033",
      "c247",
      "c016",
      "c199",
      "c480",
      "c209",
      "c408",
      "c089",
      "c231",
      "c183",
      "c202",
      "c320",
      "c403",
      "c409",
      "c465",
      "c232",
      "c268",
      "c328",
      "c091",
      "c219",
      "c314",
      "c476",
      "c076",
      "c225",
      "c014",
      "c180",
      "c059",
      "c277",
      "c388",
      "c469",
      "c252",
      "c074",
      "c220",
      "c048",
      "c057",
      "c372",
      "c295",
      "c392",
      "c130",
      "c259",
      "c010",
      "c297",
      "c175",
      "c299",
      "c079",
      "c428",
      "c306",
      "c269",
      "c211",
      "c006",
      "c457",
      "c304",
      "c482",
      "c378",
      "c031",
      "c153",
      "c485",
      "c034",
      "c271",
      "c238",
      "c154",
      "c412",
      "c440",
      "c254",
      "c284",
      "c317",
      "c150",
      "c190",
      "c239",
      "c462",
      "c156",
      "c433",
      "c189",
      "c495",
      "c376",
      "c233",
      "c100",
      "c324",
      "c334",
      "c361",
      "c445",
      "c118",
      "c497",
      "c054",
      "c463",
      "c141",
      "c149",
      "c221",
      "c260",
      "c131",
      "c266",
      "c396",
      "c422",
      "c011",
      "c389",
      "c484",
      "c023",
      "c110",
      "c456",
      "c488",
      "c044",
      "c498",
      "c161",
      "c377",
      "c393",
      "c310",
      "c040",
      "c448",
      "c452",
      "c380",
      "c159",
      "c458",
      "c012",
      "c228",
      "c072",
      "c285",
      "c368",
      "c447",
      "c431",
      "c402",
      "c435",
      "c293",
      "c407",
      "c294",
      "c399",
      "c267",
      "c249",
      "c017",
      "c201",
      "c490",
      "c104",
      "c096",
      "c143",
      "c205",
      "c204",
      "c200",
      "c229",
      "c049",
      "c162",
      "c244",
      "c473",
      "c174",
      "c434",
      "c394",
      "c192",
      "c330",
      "c375",
      "c261",
      "c474",
      "c133",
      "c430",
      "c413",
      "c432",
      "c366",
      "c246",
      "c126",
      "c479",
      "c367",
      "c032",
      "c241",
      "c390",
      "c097"
    ]
  },
  "ordered_queues": {
    "edge-1": [
      "c146",
      "c197",
      "c224",
      "c226",
      "c262",
      "c280",
      "c282",
      "c287",
      "c296",
      "c387",
      "c453",
      "c461"
    ],
    "edge-2": [
      "c020",
      "c041",
      "c078",
      "c090",
      "c173",
      "c186",
      "c265",
      "c270",
      "c273"
    ],
    "edge-3": [
      "c063",
      "c103",
      "c106",
      "c136",
      "c157",
      "c170",
      "c179",
      "c193",
      "c256",
      "c344"
    ],
    "edge-4": [
      "c021",
      "c043",
      "c055",
      "c113",
      "c292",
      "c312",
      "c354",
      "c363",
      "c370"
    ],
    "edge-5": [
      "c122",
      "c245",
      "c274",
      "c305",
      "c315",
      "c319",
      "c329",
      "c339",
      "c369",
      "c421",
      "c441",
      "c443"
    ],
    "edge-6": [
      "c062",
      "c087",
      "c093",
      "c165",
      "c207",
      "c235",
      "c242",
      "c302",
      "c357"
    ],
    "edge-7": [
      "c019",
      "c108",
      "c121",
      "c142",
      "c147",
      "c181",
      "c185",
      "c196",
      "c303",
      "c311"
    ],
    "edge-8": [
      "c002",
      "c003",
      "c015",
      "c067",
      "c331",
      "c345",
      "c349",
      "c385",
      "c493",
      "c500"
    ]
  }
}
================================================================================
[RUN][K8s-CA] drtp_img88_cacheonly_896mb_600.json
{
  "summary": {
    "algo": "FG-DSCR-GC-K8sCA",
    "num_containers": 600,
    "num_scheduled_containers": 83,
    "num_nodes": 8,
    "failed_deployments": 517,
    "ca_penalty": 861.6666666666666,
    "ca_downloaded_mb": 233291,
    "ACT": 171.0140060240964,
    "AMS": 307.3812499999999,
    "downloaded_mb": 74709,
    "reused_mb": 10200,
    "reuse_rate": 0.1201286082747412,
    "objective_without_ca_penalty": 239.19762801204814,
    "objective": 1100.8642946787147
  },
  "assignment": {
    "edge-1": [
      "c579",
      "c588",
      "c590",
      "c032",
      "c051",
      "c116",
      "c156",
      "c159",
      "c304",
      "c169",
      "c199"
    ],
    "edge-2": [
      "c296",
      "c363",
      "c428",
      "c553",
      "c028",
      "c043",
      "c088",
      "c143",
      "c174"
    ],
    "edge-3": [
      "c474",
      "c521",
      "c534",
      "c550",
      "c560",
      "c566",
      "c575",
      "c050",
      "c292",
      "c328",
      "c078"
    ],
    "edge-4": [
      "c062",
      "c101",
      "c073",
      "c087",
      "c112",
      "c424",
      "c439",
      "c033",
      "c214"
    ],
    "edge-5": [
      "c114",
      "c151",
      "c166",
      "c191",
      "c198",
      "c260",
      "c343",
      "c265",
      "c044",
      "c220",
      "c325"
    ],
    "edge-6": [
      "c022",
      "c049",
      "c136",
      "c155",
      "c239",
      "c261",
      "c266",
      "c323",
      "c310",
      "c187",
      "c408",
      "c185"
    ],
    "edge-7": [
      "c262",
      "c285",
      "c327",
      "c356",
      "c180",
      "c493",
      "c321",
      "c501",
      "c003",
      "c322"
    ],
    "edge-8": [
      "c330",
      "c367",
      "c467",
      "c479",
      "c531",
      "c567",
      "c211",
      "c508",
      "c528",
      "c449"
    ],
    "__CA_GUARANTEE__": [
      "c245",
      "c267",
      "c277",
      "c294",
      "c297",
      "c307",
      "c308",
      "c315",
      "c316",
      "c317",
      "c361",
      "c381",
      "c383",
      "c431",
      "c502",
      "c503",
      "c507",
      "c514",
      "c520",
      "c524",
      "c543",
      "c557",
      "c577",
      "c595",
      "c600",
      "c005",
      "c015",
      "c041",
      "c095",
      "c129",
      "c158",
      "c175",
      "c205",
      "c230",
      "c240",
      "c241",
      "c251",
      "c252",
      "c272",
      "c281",
      "c302",
      "c341",
      "c351",
      "c353",
      "c391",
      "c406",
      "c421",
      "c430",
      "c433",
      "c446",
      "c456",
      "c468",
      "c469",
      "c526",
      "c537",
      "c572",
      "c584",
      "c009",
      "c012",
      "c053",
      "c083",
      "c132",
      "c171",
      "c183",
      "c189",
      "c200",
      "c203",
      "c217",
      "c219",
      "c280",
      "c334",
      "c378",
      "c392",
      "c401",
      "c413",
      "c445",
      "c498",
      "c510",
      "c545",
      "c589",
      "c591",
      "c068",
      "c154",
      "c264",
      "c283",
      "c459",
      "c463",
      "c562",
      "c071",
      "c336",
      "c020",
      "c109",
      "c065",
      "c324",
      "c384",
      "c396",
      "c434",
      "c037",
      "c148",
      "c153",
      "c177",
      "c179",
      "c268",
      "c454",
      "c418",
      "c425",
      "c447",
      "c452",
      "c042",
      "c046",
      "c140",
      "c247",
      "c303",
      "c420",
      "c135",
      "c437",
      "c105",
      "c138",
      "c489",
      "c574",
      "c196",
      "c271",
      "c287",
      "c111",
      "c436",
      "c221",
      "c093",
      "c236",
      "c291",
      "c470",
      "c599",
      "c354",
      "c578",
      "c195",
      "c497",
      "c475",
      "c120",
      "c054",
      "c123",
      "c393",
      "c164",
      "c345",
      "c485",
      "c552",
      "c555",
      "c014",
      "c059",
      "c457",
      "c546",
      "c598",
      "c103",
      "c246",
      "c282",
      "c500",
      "c554",
      "c031",
      "c106",
      "c332",
      "c161",
      "c593",
      "c305",
      "c414",
      "c072",
      "c400",
      "c547",
      "c181",
      "c215",
      "c371",
      "c585",
      "c226",
      "c415",
      "c429",
      "c523",
      "c504",
      "c583",
      "c477",
      "c082",
      "c092",
      "c160",
      "c368",
      "c529",
      "c544",
      "c047",
      "c366",
      "c026",
      "c094",
      "c202",
      "c412",
      "c427",
      "c444",
      "c481",
      "c017",
      "c290",
      "c382",
      "c057",
      "c110",
      "c506",
      "c052",
      "c404",
      "c038",
      "c515",
      "c188",
      "c385",
      "c204",
      "c213",
      "c460",
      "c480",
      "c064",
      "c069",
      "c227",
      "c024",
      "c387",
      "c592",
      "c293",
      "c538",
      "c118",
      "c097",
      "c165",
      "c379",
      "c556",
      "c060",
      "c339",
      "c438",
      "c455",
      "c146",
      "c023",
      "c395",
      "c472",
      "c286",
      "c010",
      "c127",
      "c348",
      "c144",
      "c224",
      "c243",
      "c295",
      "c362",
      "c483",
      "c173",
      "c178",
      "c288",
      "c402",
      "c442",
      "c338",
      "c398",
      "c335",
      "c476",
      "c394",
      "c486",
      "c495",
      "c168",
      "c273",
      "c364",
      "c496",
      "c509",
      "c435",
      "c453",
      "c471",
      "c494",
      "c162",
      "c482",
      "c568",
      "c369",
      "c218",
      "c289",
      "c035",
      "c533",
      "c176",
      "c207",
      "c284",
      "c373",
      "c549",
      "c125",
      "c210",
      "c231",
      "c234",
      "c329",
      "c488",
      "c212",
      "c275",
      "c372",
      "c518",
      "c056",
      "c301",
      "c390",
      "c484",
      "c540",
      "c298",
      "c300",
      "c086",
      "c040",
      "c450",
      "c133",
      "c548",
      "c034",
      "c182",
      "c320",
      "c559",
      "c232",
      "c314",
      "c570",
      "c134",
      "c278",
      "c117",
      "c342",
      "c074",
      "c397",
      "c209",
      "c337",
      "c487",
      "c542",
      "c126",
      "c235",
      "c333",
      "c344",
      "c491",
      "c569",
      "c192",
      "c002",
      "c172",
      "c080",
      "c274",
      "c149",
      "c536",
      "c440",
      "c004",
      "c157",
      "c331",
      "c377",
      "c150",
      "c259",
      "c312",
      "c403",
      "c448",
      "c561",
      "c039",
      "c269",
      "c582",
      "c532",
      "c319",
      "c194",
      "c499",
      "c517",
      "c137",
      "c422",
      "c530",
      "c380",
      "c443",
      "c045",
      "c399",
      "c098",
      "c358",
      "c313",
      "c511",
      "c021",
      "c527",
      "c190",
      "c206",
      "c539",
      "c410",
      "c124",
      "c389",
      "c513",
      "c522",
      "c113",
      "c139",
      "c250",
      "c237",
      "c263",
      "c223",
      "c466",
      "c130",
      "c061",
      "c067",
      "c256",
      "c594",
      "c375",
      "c576",
      "c347",
      "c423",
      "c462",
      "c311",
      "c417",
      "c186",
      "c352",
      "c587",
      "c258",
      "c318",
      "c535",
      "c225",
      "c370",
      "c013",
      "c058",
      "c011",
      "c365",
      "c076",
      "c163",
      "c081",
      "c119",
      "c564",
      "c216",
      "c306",
      "c104",
      "c084",
      "c573",
      "c276",
      "c505",
      "c007",
      "c128",
      "c197",
      "c490",
      "c018",
      "c201",
      "c355",
      "c152",
      "c027",
      "c571",
      "c238",
      "c357",
      "c458",
      "c115",
      "c416",
      "c089",
      "c077",
      "c208",
      "c075",
      "c131",
      "c270",
      "c001",
      "c030",
      "c099",
      "c141",
      "c184",
      "c405",
      "c036",
      "c441",
      "c085",
      "c432",
      "c222",
      "c558",
      "c019",
      "c299",
      "c055",
      "c326",
      "c386",
      "c096",
      "c025",
      "c167",
      "c063",
      "c070",
      "c580",
      "c147",
      "c279",
      "c066",
      "c409",
      "c090",
      "c596",
      "c512",
      "c597",
      "c016",
      "c465",
      "c249",
      "c254",
      "c451",
      "c244",
      "c419",
      "c426",
      "c551",
      "c048",
      "c346",
      "c473",
      "c492",
      "c170",
      "c193",
      "c359",
      "c388",
      "c581",
      "c229",
      "c461",
      "c374",
      "c233",
      "c360",
      "c248",
      "c464",
      "c079",
      "c100",
      "c142",
      "c257",
      "c411",
      "c340",
      "c478",
      "c376",
      "c006",
      "c108",
      "c407",
      "c242",
      "c253",
      "c145",
      "c541",
      "c029",
      "c107",
      "c122",
      "c349",
      "c516",
      "c228",
      "c565",
      "c525",
      "c102",
      "c309",
      "c121",
      "c091",
      "c350",
      "c255",
      "c586",
      "c008",
      "c519",
      "c563"
    ]
  },
  "ordered_queues": {
    "edge-1": [
      "c032",
      "c051",
      "c116",
      "c156",
      "c159",
      "c169",
      "c199",
      "c304",
      "c579",
      "c588",
      "c590"
    ],
    "edge-2": [
      "c028",
      "c043",
      "c088",
      "c143",
      "c174",
      "c296",
      "c363",
      "c428",
      "c553"
    ],
    "edge-3": [
      "c050",
      "c078",
      "c292",
      "c328",
      "c474",
      "c521",
      "c534",
      "c550",
      "c560",
      "c566",
      "c575"
    ],
    "edge-4": [
      "c033",
      "c062",
      "c073",
      "c087",
      "c101",
      "c112",
      "c214",
      "c424",
      "c439"
    ],
    "edge-5": [
      "c044",
      "c114",
      "c151",
      "c166",
      "c191",
      "c198",
      "c220",
      "c260",
      "c265",
      "c325",
      "c343"
    ],
    "edge-6": [
      "c022",
      "c049",
      "c136",
      "c155",
      "c185",
      "c187",
      "c239",
      "c261",
      "c266",
      "c310",
      "c323",
      "c408"
    ],
    "edge-7": [
      "c003",
      "c180",
      "c262",
      "c285",
      "c321",
      "c322",
      "c327",
      "c356",
      "c493",
      "c501"
    ],
    "edge-8": [
      "c211",
      "c330",
      "c367",
      "c449",
      "c467",
      "c479",
      "c508",
      "c528",
      "c531",
      "c567"
    ]
  }
}
================================================================================
[RUN][K8s-CA] drtp_img88_cacheonly_896mb_700.json
{
  "summary": {
    "algo": "FG-DSCR-GC-K8sCA",
    "num_containers": 700,
    "num_scheduled_containers": 81,
    "num_nodes": 8,
    "failed_deployments": 619,
    "ca_penalty": 884.2857142857143,
    "ca_downloaded_mb": 282437,
    "ACT": 166.8804012345679,
    "AMS": 297.64739583333335,
    "downloaded_mb": 72935,
    "reused_mb": 9928,
    "reuse_rate": 0.11981222017064311,
    "objective_without_ca_penalty": 232.26389853395062,
    "objective": 1116.549612819665
  },
  "assignment": {
    "edge-1": [
      "c588",
      "c032",
      "c033",
      "c044",
      "c051",
      "c528",
      "c449",
      "c322",
      "c363",
      "c174"
    ],
    "edge-2": [
      "c428",
      "c553",
      "c656",
      "c028",
      "c043",
      "c088",
      "c143",
      "c343",
      "c493"
    ],
    "edge-3": [
      "c199",
      "c214",
      "c220",
      "c112",
      "c180",
      "c321",
      "c508",
      "c003",
      "c265",
      "c296"
    ],
    "edge-4": [
      "c501",
      "c239",
      "c156",
      "c169",
      "c285",
      "c567",
      "c579",
      "c078",
      "c136"
    ],
    "edge-5": [
      "c566",
      "c575",
      "c610",
      "c632",
      "c639",
      "c687",
      "c050",
      "c062",
      "c073",
      "c114"
    ],
    "edge-6": [
      "c601",
      "c022",
      "c049",
      "c155",
      "c261",
      "c116",
      "c187",
      "c590",
      "c644",
      "c159",
      "c185"
    ],
    "edge-7": [
      "c262",
      "c327",
      "c356",
      "c424",
      "c439",
      "c474",
      "c521",
      "c534",
      "c550",
      "c560",
      "c198",
      "c624"
    ],
    "edge-8": [
      "c266",
      "c323",
      "c325",
      "c328",
      "c330",
      "c367",
      "c408",
      "c467",
      "c479",
      "c531"
    ],
    "__CA_GUARANTEE__": [
      "c087",
      "c101",
      "c151",
      "c166",
      "c191",
      "c211",
      "c245",
      "c260",
      "c267",
      "c277",
      "c292",
      "c294",
      "c297",
      "c304",
      "c307",
      "c308",
      "c310",
      "c315",
      "c316",
      "c317",
      "c361",
      "c381",
      "c383",
      "c431",
      "c502",
      "c503",
      "c507",
      "c514",
      "c520",
      "c524",
      "c543",
      "c557",
      "c577",
      "c595",
      "c600",
      "c619",
      "c627",
      "c686",
      "c005",
      "c015",
      "c041",
      "c095",
      "c129",
      "c158",
      "c175",
      "c205",
      "c230",
      "c240",
      "c241",
      "c251",
      "c252",
      "c272",
      "c281",
      "c302",
      "c341",
      "c351",
      "c353",
      "c391",
      "c406",
      "c421",
      "c430",
      "c433",
      "c446",
      "c456",
      "c468",
      "c469",
      "c526",
      "c537",
      "c572",
      "c584",
      "c650",
      "c666",
      "c685",
      "c009",
      "c012",
      "c053",
      "c083",
      "c132",
      "c171",
      "c183",
      "c189",
      "c200",
      "c203",
      "c217",
      "c219",
      "c280",
      "c334",
      "c378",
      "c392",
      "c401",
      "c413",
      "c445",
      "c498",
      "c510",
      "c545",
      "c589",
      "c591",
      "c611",
      "c621",
      "c628",
      "c629",
      "c678",
      "c694",
      "c068",
      "c154",
      "c264",
      "c283",
      "c459",
      "c463",
      "c562",
      "c071",
      "c336",
      "c020",
      "c109",
      "c065",
      "c324",
      "c384",
      "c396",
      "c434",
      "c605",
      "c663",
      "c037",
      "c148",
      "c153",
      "c177",
      "c179",
      "c268",
      "c454",
      "c418",
      "c425",
      "c447",
      "c452",
      "c606",
      "c649",
      "c658",
      "c042",
      "c046",
      "c140",
      "c247",
      "c303",
      "c420",
      "c662",
      "c683",
      "c135",
      "c437",
      "c654",
      "c105",
      "c138",
      "c489",
      "c574",
      "c623",
      "c196",
      "c271",
      "c633",
      "c652",
      "c287",
      "c111",
      "c436",
      "c677",
      "c221",
      "c620",
      "c671",
      "c681",
      "c093",
      "c236",
      "c291",
      "c470",
      "c599",
      "c354",
      "c578",
      "c640",
      "c195",
      "c497",
      "c475",
      "c120",
      "c054",
      "c123",
      "c393",
      "c164",
      "c345",
      "c485",
      "c552",
      "c555",
      "c609",
      "c643",
      "c014",
      "c059",
      "c457",
      "c546",
      "c598",
      "c653",
      "c698",
      "c103",
      "c246",
      "c282",
      "c500",
      "c554",
      "c651",
      "c031",
      "c106",
      "c332",
      "c161",
      "c593",
      "c305",
      "c414",
      "c072",
      "c400",
      "c547",
      "c181",
      "c215",
      "c371",
      "c585",
      "c631",
      "c226",
      "c415",
      "c429",
      "c523",
      "c504",
      "c583",
      "c477",
      "c082",
      "c092",
      "c160",
      "c368",
      "c529",
      "c544",
      "c668",
      "c047",
      "c366",
      "c612",
      "c634",
      "c026",
      "c094",
      "c202",
      "c412",
      "c427",
      "c444",
      "c481",
      "c622",
      "c017",
      "c290",
      "c382",
      "c637",
      "c057",
      "c615",
      "c110",
      "c506",
      "c052",
      "c404",
      "c038",
      "c515",
      "c625",
      "c188",
      "c385",
      "c204",
      "c213",
      "c460",
      "c480",
      "c064",
      "c069",
      "c227",
      "c024",
      "c387",
      "c592",
      "c293",
      "c538",
      "c118",
      "c097",
      "c165",
      "c379",
      "c556",
      "c699",
      "c060",
      "c339",
      "c438",
      "c455",
      "c146",
      "c023",
      "c395",
      "c673",
      "c472",
      "c286",
      "c010",
      "c127",
      "c348",
      "c144",
      "c224",
      "c243",
      "c295",
      "c362",
      "c483",
      "c173",
      "c178",
      "c288",
      "c402",
      "c442",
      "c338",
      "c398",
      "c335",
      "c476",
      "c394",
      "c486",
      "c495",
      "c670",
      "c168",
      "c273",
      "c364",
      "c496",
      "c509",
      "c435",
      "c453",
      "c471",
      "c494",
      "c162",
      "c482",
      "c568",
      "c676",
      "c369",
      "c218",
      "c289",
      "c035",
      "c533",
      "c176",
      "c207",
      "c284",
      "c373",
      "c549",
      "c648",
      "c679",
      "c125",
      "c210",
      "c231",
      "c234",
      "c329",
      "c488",
      "c674",
      "c212",
      "c275",
      "c372",
      "c518",
      "c626",
      "c056",
      "c301",
      "c390",
      "c484",
      "c696",
      "c540",
      "c298",
      "c300",
      "c086",
      "c040",
      "c450",
      "c133",
      "c548",
      "c034",
      "c182",
      "c320",
      "c559",
      "c672",
      "c232",
      "c314",
      "c570",
      "c134",
      "c278",
      "c117",
      "c342",
      "c074",
      "c397",
      "c209",
      "c337",
      "c487",
      "c542",
      "c126",
      "c235",
      "c333",
      "c344",
      "c491",
      "c569",
      "c192",
      "c002",
      "c172",
      "c080",
      "c274",
      "c149",
      "c536",
      "c647",
      "c690",
      "c440",
      "c004",
      "c157",
      "c331",
      "c377",
      "c646",
      "c150",
      "c259",
      "c312",
      "c403",
      "c448",
      "c561",
      "c039",
      "c269",
      "c582",
      "c532",
      "c319",
      "c194",
      "c499",
      "c517",
      "c137",
      "c422",
      "c530",
      "c380",
      "c443",
      "c045",
      "c399",
      "c098",
      "c358",
      "c608",
      "c700",
      "c313",
      "c511",
      "c021",
      "c527",
      "c190",
      "c206",
      "c539",
      "c410",
      "c124",
      "c389",
      "c513",
      "c522",
      "c113",
      "c139",
      "c250",
      "c237",
      "c263",
      "c613",
      "c223",
      "c466",
      "c130",
      "c061",
      "c067",
      "c256",
      "c617",
      "c659",
      "c594",
      "c661",
      "c689",
      "c375",
      "c576",
      "c347",
      "c423",
      "c602",
      "c636",
      "c667",
      "c462",
      "c311",
      "c417",
      "c186",
      "c352",
      "c587",
      "c258",
      "c318",
      "c535",
      "c225",
      "c370",
      "c013",
      "c058",
      "c011",
      "c365",
      "c076",
      "c163",
      "c081",
      "c119",
      "c564",
      "c635",
      "c664",
      "c216",
      "c306",
      "c104",
      "c084",
      "c675",
      "c573",
      "c276",
      "c505",
      "c007",
      "c128",
      "c197",
      "c490",
      "c018",
      "c201",
      "c355",
      "c152",
      "c027",
      "c571",
      "c669",
      "c693",
      "c238",
      "c357",
      "c458",
      "c115",
      "c416",
      "c089",
      "c077",
      "c208",
      "c657",
      "c665",
      "c075",
      "c131",
      "c270",
      "c001",
      "c030",
      "c099",
      "c141",
      "c184",
      "c405",
      "c036",
      "c441",
      "c085",
      "c432",
      "c222",
      "c604",
      "c558",
      "c019",
      "c299",
      "c684",
      "c692",
      "c055",
      "c326",
      "c386",
      "c096",
      "c614",
      "c025",
      "c167",
      "c063",
      "c070",
      "c580",
      "c147",
      "c618",
      "c655",
      "c279",
      "c066",
      "c409",
      "c090",
      "c596",
      "c682",
      "c512",
      "c597",
      "c016",
      "c465",
      "c249",
      "c616",
      "c254",
      "c645",
      "c451",
      "c244",
      "c419",
      "c426",
      "c607",
      "c551",
      "c048",
      "c346",
      "c473",
      "c492",
      "c170",
      "c688",
      "c660",
      "c193",
      "c680",
      "c695",
      "c359",
      "c388",
      "c581",
      "c229",
      "c461",
      "c374",
      "c233",
      "c360",
      "c248",
      "c464",
      "c079",
      "c100",
      "c142",
      "c257",
      "c411",
      "c691",
      "c340",
      "c478",
      "c376",
      "c006",
      "c108",
      "c407",
      "c603",
      "c242",
      "c253",
      "c145",
      "c541",
      "c029",
      "c107",
      "c122",
      "c349",
      "c516",
      "c228",
      "c565",
      "c525",
      "c102",
      "c630",
      "c638",
      "c309",
      "c642",
      "c121",
      "c641",
      "c697",
      "c091",
      "c350",
      "c255",
      "c586",
      "c008",
      "c519",
      "c563"
    ]
  },
  "ordered_queues": {
    "edge-1": [
      "c032",
      "c033",
      "c044",
      "c051",
      "c174",
      "c322",
      "c363",
      "c449",
      "c528",
      "c588"
    ],
    "edge-2": [
      "c028",
      "c043",
      "c088",
      "c143",
      "c343",
      "c428",
      "c493",
      "c553",
      "c656"
    ],
    "edge-3": [
      "c003",
      "c112",
      "c180",
      "c199",
      "c214",
      "c220",
      "c265",
      "c296",
      "c321",
      "c508"
    ],
    "edge-4": [
      "c078",
      "c136",
      "c156",
      "c169",
      "c239",
      "c285",
      "c501",
      "c567",
      "c579"
    ],
    "edge-5": [
      "c050",
      "c062",
      "c073",
      "c114",
      "c566",
      "c575",
      "c610",
      "c632",
      "c639",
      "c687"
    ],
    "edge-6": [
      "c022",
      "c049",
      "c116",
      "c155",
      "c159",
      "c185",
      "c187",
      "c261",
      "c590",
      "c601",
      "c644"
    ],
    "edge-7": [
      "c198",
      "c262",
      "c327",
      "c356",
      "c424",
      "c439",
      "c474",
      "c521",
      "c534",
      "c550",
      "c560",
      "c624"
    ],
    "edge-8": [
      "c266",
      "c323",
      "c325",
      "c328",
      "c330",
      "c367",
      "c408",
      "c467",
      "c479",
      "c531"
    ]
  }
}
================================================================================
[RUN][K8s-CA] drtp_img88_cacheonly_896mb_800.json
{
  "summary": {
    "algo": "FG-DSCR-GC-K8sCA",
    "num_containers": 800,
    "num_scheduled_containers": 81,
    "num_nodes": 8,
    "failed_deployments": 719,
    "ca_penalty": 898.75,
    "ca_downloaded_mb": 333619,
    "ACT": 168.08060699588478,
    "AMS": 299.6473958333333,
    "downloaded_mb": 72935,
    "reused_mb": 9928,
    "reuse_rate": 0.11981222017064311,
    "objective_without_ca_penalty": 233.86400141460905,
    "objective": 1132.614001414609
  },
  "assignment": {
    "edge-1": [
      "c408",
      "c467",
      "c479",
      "c531",
      "c588",
      "c590",
      "c624",
      "c114",
      "c116",
      "c187",
      "c169"
    ],
    "edge-2": [
      "c363",
      "c428",
      "c553",
      "c656",
      "c716",
      "c739",
      "c028",
      "c632",
      "c343"
    ],
    "edge-3": [
      "c033",
      "c044",
      "c051",
      "c751",
      "c449",
      "c174",
      "c239",
      "c296",
      "c043",
      "c328"
    ],
    "edge-4": [
      "c285",
      "c356",
      "c367",
      "c567",
      "c136",
      "c737",
      "c708",
      "c800",
      "c579"
    ],
    "edge-5": [
      "c199",
      "c214",
      "c220",
      "c112",
      "c143",
      "c180",
      "c322",
      "c321",
      "c265",
      "c323"
    ],
    "edge-6": [
      "c493",
      "c501",
      "c508",
      "c528",
      "c601",
      "c724",
      "c003",
      "c022",
      "c049",
      "c078"
    ],
    "edge-7": [
      "c327",
      "c424",
      "c439",
      "c474",
      "c521",
      "c534",
      "c550",
      "c560",
      "c566",
      "c088",
      "c261"
    ],
    "edge-8": [
      "c155",
      "c266",
      "c325",
      "c330",
      "c262",
      "c032",
      "c799",
      "c156",
      "c159",
      "c185",
      "c644"
    ],
    "__CA_GUARANTEE__": [
      "c575",
      "c610",
      "c639",
      "c687",
      "c720",
      "c793",
      "c050",
      "c062",
      "c073",
      "c087",
      "c101",
      "c151",
      "c166",
      "c191",
      "c198",
      "c211",
      "c245",
      "c260",
      "c267",
      "c277",
      "c292",
      "c294",
      "c297",
      "c304",
      "c307",
      "c308",
      "c310",
      "c315",
      "c316",
      "c317",
      "c361",
      "c381",
      "c383",
      "c431",
      "c502",
      "c503",
      "c507",
      "c514",
      "c520",
      "c524",
      "c543",
      "c557",
      "c577",
      "c595",
      "c600",
      "c619",
      "c627",
      "c686",
      "c755",
      "c775",
      "c776",
      "c791",
      "c005",
      "c015",
      "c041",
      "c095",
      "c129",
      "c158",
      "c175",
      "c205",
      "c230",
      "c240",
      "c241",
      "c251",
      "c252",
      "c272",
      "c281",
      "c302",
      "c341",
      "c351",
      "c353",
      "c391",
      "c406",
      "c421",
      "c430",
      "c433",
      "c446",
      "c456",
      "c468",
      "c469",
      "c526",
      "c537",
      "c572",
      "c584",
      "c650",
      "c666",
      "c685",
      "c746",
      "c783",
      "c787",
      "c009",
      "c012",
      "c053",
      "c083",
      "c132",
      "c171",
      "c183",
      "c189",
      "c200",
      "c203",
      "c217",
      "c219",
      "c280",
      "c334",
      "c378",
      "c392",
      "c401",
      "c413",
      "c445",
      "c498",
      "c510",
      "c545",
      "c589",
      "c591",
      "c611",
      "c621",
      "c628",
      "c629",
      "c678",
      "c694",
      "c730",
      "c753",
      "c761",
      "c068",
      "c154",
      "c264",
      "c283",
      "c459",
      "c463",
      "c562",
      "c717",
      "c782",
      "c071",
      "c336",
      "c020",
      "c109",
      "c065",
      "c324",
      "c384",
      "c396",
      "c434",
      "c605",
      "c663",
      "c037",
      "c148",
      "c153",
      "c177",
      "c179",
      "c268",
      "c454",
      "c770",
      "c418",
      "c425",
      "c447",
      "c452",
      "c606",
      "c649",
      "c658",
      "c042",
      "c046",
      "c140",
      "c247",
      "c303",
      "c420",
      "c662",
      "c683",
      "c733",
      "c135",
      "c437",
      "c654",
      "c105",
      "c138",
      "c489",
      "c711",
      "c725",
      "c574",
      "c623",
      "c196",
      "c271",
      "c633",
      "c652",
      "c287",
      "c111",
      "c740",
      "c763",
      "c436",
      "c677",
      "c221",
      "c620",
      "c671",
      "c681",
      "c726",
      "c093",
      "c236",
      "c291",
      "c470",
      "c599",
      "c354",
      "c578",
      "c640",
      "c707",
      "c728",
      "c798",
      "c195",
      "c497",
      "c475",
      "c120",
      "c054",
      "c123",
      "c393",
      "c701",
      "c742",
      "c781",
      "c164",
      "c345",
      "c485",
      "c552",
      "c555",
      "c609",
      "c643",
      "c714",
      "c727",
      "c014",
      "c059",
      "c457",
      "c546",
      "c598",
      "c653",
      "c698",
      "c767",
      "c103",
      "c246",
      "c282",
      "c500",
      "c554",
      "c651",
      "c706",
      "c794",
      "c031",
      "c106",
      "c771",
      "c790",
      "c332",
      "c161",
      "c593",
      "c721",
      "c774",
      "c305",
      "c414",
      "c072",
      "c400",
      "c547",
      "c741",
      "c181",
      "c215",
      "c371",
      "c585",
      "c631",
      "c762",
      "c226",
      "c415",
      "c429",
      "c523",
      "c504",
      "c583",
      "c477",
      "c710",
      "c082",
      "c092",
      "c160",
      "c368",
      "c529",
      "c544",
      "c668",
      "c731",
      "c772",
      "c047",
      "c366",
      "c612",
      "c634",
      "c779",
      "c026",
      "c094",
      "c202",
      "c412",
      "c427",
      "c444",
      "c481",
      "c622",
      "c017",
      "c290",
      "c382",
      "c637",
      "c057",
      "c615",
      "c110",
      "c506",
      "c052",
      "c404",
      "c038",
      "c515",
      "c797",
      "c625",
      "c188",
      "c385",
      "c204",
      "c213",
      "c460",
      "c480",
      "c064",
      "c069",
      "c227",
      "c024",
      "c387",
      "c592",
      "c712",
      "c293",
      "c538",
      "c118",
      "c097",
      "c165",
      "c379",
      "c556",
      "c699",
      "c745",
      "c060",
      "c339",
      "c438",
      "c455",
      "c146",
      "c023",
      "c395",
      "c673",
      "c705",
      "c472",
      "c286",
      "c010",
      "c127",
      "c348",
      "c144",
      "c224",
      "c243",
      "c295",
      "c362",
      "c483",
      "c173",
      "c178",
      "c288",
      "c402",
      "c442",
      "c702",
      "c338",
      "c398",
      "c723",
      "c752",
      "c795",
      "c335",
      "c722",
      "c476",
      "c394",
      "c486",
      "c495",
      "c670",
      "c758",
      "c168",
      "c273",
      "c364",
      "c496",
      "c509",
      "c435",
      "c453",
      "c471",
      "c494",
      "c162",
      "c482",
      "c568",
      "c676",
      "c777",
      "c369",
      "c218",
      "c289",
      "c035",
      "c533",
      "c743",
      "c176",
      "c207",
      "c284",
      "c373",
      "c549",
      "c648",
      "c679",
      "c735",
      "c784",
      "c789",
      "c125",
      "c210",
      "c231",
      "c234",
      "c329",
      "c488",
      "c674",
      "c212",
      "c275",
      "c372",
      "c518",
      "c626",
      "c715",
      "c056",
      "c301",
      "c390",
      "c484",
      "c696",
      "c750",
      "c540",
      "c298",
      "c300",
      "c086",
      "c040",
      "c450",
      "c133",
      "c548",
      "c034",
      "c182",
      "c320",
      "c559",
      "c672",
      "c736",
      "c232",
      "c314",
      "c729",
      "c570",
      "c134",
      "c278",
      "c744",
      "c117",
      "c342",
      "c074",
      "c397",
      "c209",
      "c337",
      "c487",
      "c542",
      "c754",
      "c766",
      "c126",
      "c235",
      "c333",
      "c344",
      "c491",
      "c569",
      "c192",
      "c734",
      "c002",
      "c172",
      "c080",
      "c274",
      "c149",
      "c536",
      "c647",
      "c690",
      "c440",
      "c004",
      "c157",
      "c331",
      "c377",
      "c646",
      "c150",
      "c259",
      "c312",
      "c403",
      "c448",
      "c561",
      "c764",
      "c780",
      "c039",
      "c269",
      "c582",
      "c532",
      "c319",
      "c792",
      "c194",
      "c499",
      "c517",
      "c137",
      "c422",
      "c732",
      "c530",
      "c380",
      "c443",
      "c045",
      "c399",
      "c786",
      "c098",
      "c358",
      "c608",
      "c700",
      "c313",
      "c511",
      "c021",
      "c527",
      "c190",
      "c206",
      "c539",
      "c765",
      "c747",
      "c410",
      "c788",
      "c124",
      "c389",
      "c513",
      "c522",
      "c113",
      "c139",
      "c250",
      "c713",
      "c237",
      "c738",
      "c263",
      "c613",
      "c223",
      "c466",
      "c130",
      "c061",
      "c067",
      "c256",
      "c617",
      "c659",
      "c594",
      "c661",
      "c689",
      "c375",
      "c709",
      "c576",
      "c347",
      "c423",
      "c602",
      "c636",
      "c667",
      "c462",
      "c311",
      "c417",
      "c186",
      "c352",
      "c587",
      "c258",
      "c318",
      "c535",
      "c225",
      "c370",
      "c013",
      "c058",
      "c011",
      "c365",
      "c076",
      "c163",
      "c081",
      "c119",
      "c564",
      "c635",
      "c664",
      "c216",
      "c306",
      "c104",
      "c084",
      "c675",
      "c573",
      "c276",
      "c505",
      "c007",
      "c128",
      "c197",
      "c490",
      "c018",
      "c201",
      "c355",
      "c152",
      "c027",
      "c749",
      "c571",
      "c669",
      "c693",
      "c238",
      "c357",
      "c458",
      "c773",
      "c115",
      "c416",
      "c089",
      "c760",
      "c077",
      "c208",
      "c657",
      "c665",
      "c075",
      "c131",
      "c270",
      "c001",
      "c030",
      "c099",
      "c778",
      "c141",
      "c184",
      "c405",
      "c036",
      "c441",
      "c719",
      "c085",
      "c432",
      "c222",
      "c604",
      "c558",
      "c019",
      "c299",
      "c684",
      "c692",
      "c748",
      "c055",
      "c768",
      "c326",
      "c386",
      "c096",
      "c614",
      "c025",
      "c167",
      "c718",
      "c063",
      "c070",
      "c580",
      "c147",
      "c618",
      "c655",
      "c279",
      "c066",
      "c409",
      "c759",
      "c090",
      "c596",
      "c682",
      "c512",
      "c597",
      "c016",
      "c465",
      "c703",
      "c249",
      "c616",
      "c254",
      "c645",
      "c451",
      "c244",
      "c419",
      "c426",
      "c607",
      "c551",
      "c048",
      "c756",
      "c346",
      "c473",
      "c492",
      "c170",
      "c688",
      "c796",
      "c660",
      "c193",
      "c680",
      "c695",
      "c359",
      "c388",
      "c581",
      "c769",
      "c229",
      "c461",
      "c374",
      "c233",
      "c360",
      "c248",
      "c464",
      "c079",
      "c100",
      "c142",
      "c257",
      "c411",
      "c691",
      "c757",
      "c340",
      "c478",
      "c376",
      "c006",
      "c108",
      "c407",
      "c603",
      "c242",
      "c253",
      "c145",
      "c541",
      "c785",
      "c029",
      "c107",
      "c122",
      "c349",
      "c516",
      "c228",
      "c565",
      "c525",
      "c102",
      "c630",
      "c638",
      "c309",
      "c642",
      "c121",
      "c641",
      "c697",
      "c091",
      "c350",
      "c255",
      "c586",
      "c008",
      "c519",
      "c563",
      "c704"
    ]
  },
  "ordered_queues": {
    "edge-1": [
      "c114",
      "c116",
      "c169",
      "c187",
      "c408",
      "c467",
      "c479",
      "c531",
      "c588",
      "c590",
      "c624"
    ],
    "edge-2": [
      "c028",
      "c343",
      "c363",
      "c428",
      "c553",
      "c632",
      "c656",
      "c716",
      "c739"
    ],
    "edge-3": [
      "c033",
      "c043",
      "c044",
      "c051",
      "c174",
      "c239",
      "c296",
      "c328",
      "c449",
      "c751"
    ],
    "edge-4": [
      "c136",
      "c285",
      "c356",
      "c367",
      "c567",
      "c579",
      "c708",
      "c737",
      "c800"
    ],
    "edge-5": [
      "c112",
      "c143",
      "c180",
      "c199",
      "c214",
      "c220",
      "c265",
      "c321",
      "c322",
      "c323"
    ],
    "edge-6": [
      "c003",
      "c022",
      "c049",
      "c078",
      "c493",
      "c501",
      "c508",
      "c528",
      "c601",
      "c724"
    ],
    "edge-7": [
      "c088",
      "c261",
      "c327",
      "c424",
      "c439",
      "c474",
      "c521",
      "c534",
      "c550",
      "c560",
      "c566"
    ],
    "edge-8": [
      "c032",
      "c155",
      "c156",
      "c159",
      "c185",
      "c262",
      "c266",
      "c325",
      "c330",
      "c644",
      "c799"
    ]
  }
}
================================================================================
[RUN][K8s-CA] drtp_img88_cacheonly_896mb_900.json
{
  "summary": {
    "algo": "FG-DSCR-GC-K8sCA",
    "num_containers": 900,
    "num_scheduled_containers": 78,
    "num_nodes": 8,
    "failed_deployments": 822,
    "ca_penalty": 913.3333333333334,
    "ca_downloaded_mb": 383994,
    "ACT": 161.60833333333335,
    "AMS": 289.065625,
    "downloaded_mb": 70274,
    "reused_mb": 9520,
    "reuse_rate": 0.11930721608140964,
    "objective_without_ca_penalty": 225.33697916666668,
    "objective": 1138.6703125000001
  },
  "assignment": {
    "edge-1": [
      "c408",
      "c531",
      "c848",
      "c033",
      "c051",
      "c841",
      "c501",
      "c022",
      "c322",
      "c143"
    ],
    "edge-2": [
      "c328",
      "c330",
      "c367",
      "c579",
      "c078",
      "c136",
      "c044",
      "c890"
    ],
    "edge-3": [
      "c032",
      "c116",
      "c156",
      "c159",
      "c169",
      "c185",
      "c739",
      "c816",
      "c296",
      "c363"
    ],
    "edge-4": [
      "c851",
      "c855",
      "c028",
      "c043",
      "c088",
      "c174",
      "c180",
      "c321",
      "c656"
    ],
    "edge-5": [
      "c588",
      "c590",
      "c624",
      "c644",
      "c708",
      "c737",
      "c799",
      "c800",
      "c829",
      "c343"
    ],
    "edge-6": [
      "c449",
      "c493",
      "c508",
      "c528",
      "c601",
      "c724",
      "c716",
      "c428",
      "c553"
    ],
    "edge-7": [
      "c187",
      "c199",
      "c214",
      "c220",
      "c262",
      "c285",
      "c327",
      "c356",
      "c424",
      "c534"
    ],
    "edge-8": [
      "c003",
      "c049",
      "c155",
      "c239",
      "c261",
      "c265",
      "c266",
      "c323",
      "c479",
      "c325",
      "c467",
      "c567"
    ],
    "__CA_GUARANTEE__": [
      "c439",
      "c474",
      "c521",
      "c550",
      "c560",
      "c566",
      "c575",
      "c610",
      "c632",
      "c639",
      "c687",
      "c720",
      "c751",
      "c793",
      "c854",
      "c866",
      "c886",
      "c900",
      "c050",
      "c062",
      "c073",
      "c087",
      "c101",
      "c112",
      "c114",
      "c151",
      "c166",
      "c191",
      "c198",
      "c211",
      "c245",
      "c260",
      "c267",
      "c277",
      "c292",
      "c294",
      "c297",
      "c304",
      "c307",
      "c308",
      "c310",
      "c315",
      "c316",
      "c317",
      "c361",
      "c381",
      "c383",
      "c431",
      "c502",
      "c503",
      "c507",
      "c514",
      "c520",
      "c524",
      "c543",
      "c557",
      "c577",
      "c595",
      "c600",
      "c619",
      "c627",
      "c686",
      "c755",
      "c775",
      "c776",
      "c791",
      "c801",
      "c839",
      "c893",
      "c005",
      "c015",
      "c041",
      "c095",
      "c129",
      "c158",
      "c175",
      "c205",
      "c230",
      "c240",
      "c241",
      "c251",
      "c252",
      "c272",
      "c281",
      "c302",
      "c341",
      "c351",
      "c353",
      "c391",
      "c406",
      "c421",
      "c430",
      "c433",
      "c446",
      "c456",
      "c468",
      "c469",
      "c526",
      "c537",
      "c572",
      "c584",
      "c650",
      "c666",
      "c685",
      "c746",
      "c783",
      "c787",
      "c809",
      "c810",
      "c821",
      "c849",
      "c891",
      "c009",
      "c012",
      "c053",
      "c083",
      "c132",
      "c171",
      "c183",
      "c189",
      "c200",
      "c203",
      "c217",
      "c219",
      "c280",
      "c334",
      "c378",
      "c392",
      "c401",
      "c413",
      "c445",
      "c498",
      "c510",
      "c545",
      "c589",
      "c591",
      "c611",
      "c621",
      "c628",
      "c629",
      "c678",
      "c694",
      "c730",
      "c753",
      "c761",
      "c805",
      "c864",
      "c068",
      "c154",
      "c264",
      "c283",
      "c459",
      "c463",
      "c562",
      "c717",
      "c782",
      "c844",
      "c871",
      "c071",
      "c336",
      "c020",
      "c109",
      "c065",
      "c324",
      "c384",
      "c396",
      "c434",
      "c605",
      "c663",
      "c897",
      "c037",
      "c148",
      "c153",
      "c177",
      "c179",
      "c268",
      "c454",
      "c770",
      "c804",
      "c814",
      "c418",
      "c425",
      "c447",
      "c452",
      "c606",
      "c649",
      "c658",
      "c042",
      "c046",
      "c140",
      "c247",
      "c303",
      "c420",
      "c662",
      "c683",
      "c733",
      "c882",
      "c135",
      "c437",
      "c654",
      "c876",
      "c105",
      "c138",
      "c489",
      "c711",
      "c725",
      "c574",
      "c623",
      "c196",
      "c271",
      "c633",
      "c652",
      "c287",
      "c111",
      "c740",
      "c763",
      "c436",
      "c677",
      "c221",
      "c620",
      "c671",
      "c681",
      "c726",
      "c858",
      "c093",
      "c236",
      "c291",
      "c470",
      "c599",
      "c354",
      "c578",
      "c640",
      "c707",
      "c728",
      "c798",
      "c195",
      "c497",
      "c475",
      "c120",
      "c054",
      "c123",
      "c393",
      "c701",
      "c742",
      "c781",
      "c853",
      "c164",
      "c345",
      "c485",
      "c552",
      "c555",
      "c609",
      "c643",
      "c714",
      "c727",
      "c834",
      "c014",
      "c059",
      "c457",
      "c546",
      "c598",
      "c653",
      "c698",
      "c767",
      "c103",
      "c246",
      "c282",
      "c500",
      "c554",
      "c651",
      "c706",
      "c794",
      "c031",
      "c106",
      "c771",
      "c790",
      "c888",
      "c332",
      "c161",
      "c593",
      "c721",
      "c774",
      "c305",
      "c414",
      "c072",
      "c400",
      "c547",
      "c741",
      "c828",
      "c181",
      "c215",
      "c371",
      "c585",
      "c631",
      "c762",
      "c831",
      "c838",
      "c226",
      "c415",
      "c429",
      "c523",
      "c857",
      "c504",
      "c583",
      "c477",
      "c710",
      "c082",
      "c092",
      "c160",
      "c368",
      "c529",
      "c544",
      "c668",
      "c731",
      "c772",
      "c806",
      "c899",
      "c047",
      "c366",
      "c612",
      "c634",
      "c779",
      "c026",
      "c094",
      "c202",
      "c412",
      "c427",
      "c444",
      "c481",
      "c622",
      "c845",
      "c017",
      "c290",
      "c382",
      "c637",
      "c057",
      "c615",
      "c110",
      "c506",
      "c052",
      "c404",
      "c856",
      "c038",
      "c515",
      "c797",
      "c625",
      "c188",
      "c385",
      "c824",
      "c204",
      "c213",
      "c460",
      "c480",
      "c873",
      "c064",
      "c069",
      "c227",
      "c811",
      "c024",
      "c387",
      "c592",
      "c712",
      "c293",
      "c538",
      "c118",
      "c097",
      "c165",
      "c379",
      "c556",
      "c699",
      "c745",
      "c060",
      "c339",
      "c438",
      "c455",
      "c889",
      "c146",
      "c840",
      "c023",
      "c395",
      "c673",
      "c705",
      "c472",
      "c286",
      "c010",
      "c127",
      "c348",
      "c144",
      "c224",
      "c243",
      "c295",
      "c362",
      "c483",
      "c173",
      "c178",
      "c288",
      "c402",
      "c442",
      "c702",
      "c338",
      "c398",
      "c723",
      "c752",
      "c795",
      "c335",
      "c722",
      "c476",
      "c394",
      "c486",
      "c495",
      "c670",
      "c758",
      "c168",
      "c273",
      "c364",
      "c496",
      "c509",
      "c835",
      "c850",
      "c435",
      "c453",
      "c471",
      "c494",
      "c162",
      "c482",
      "c568",
      "c676",
      "c777",
      "c369",
      "c833",
      "c218",
      "c289",
      "c035",
      "c533",
      "c743",
      "c863",
      "c176",
      "c207",
      "c284",
      "c373",
      "c549",
      "c648",
      "c679",
      "c735",
      "c784",
      "c789",
      "c125",
      "c210",
      "c231",
      "c234",
      "c329",
      "c488",
      "c674",
      "c830",
      "c867",
      "c212",
      "c275",
      "c372",
      "c518",
      "c626",
      "c715",
      "c815",
      "c056",
      "c301",
      "c390",
      "c484",
      "c696",
      "c750",
      "c540",
      "c298",
      "c300",
      "c887",
      "c086",
      "c040",
      "c450",
      "c133",
      "c548",
      "c034",
      "c182",
      "c320",
      "c559",
      "c672",
      "c736",
      "c823",
      "c232",
      "c314",
      "c729",
      "c570",
      "c134",
      "c278",
      "c744",
      "c117",
      "c342",
      "c074",
      "c397",
      "c209",
      "c818",
      "c337",
      "c487",
      "c542",
      "c754",
      "c766",
      "c126",
      "c235",
      "c333",
      "c344",
      "c491",
      "c569",
      "c192",
      "c734",
      "c002",
      "c172",
      "c825",
      "c080",
      "c274",
      "c149",
      "c536",
      "c647",
      "c862",
      "c690",
      "c440",
      "c004",
      "c157",
      "c331",
      "c377",
      "c646",
      "c832",
      "c150",
      "c259",
      "c312",
      "c403",
      "c448",
      "c561",
      "c764",
      "c780",
      "c039",
      "c269",
      "c582",
      "c532",
      "c319",
      "c792",
      "c194",
      "c499",
      "c517",
      "c885",
      "c137",
      "c422",
      "c732",
      "c530",
      "c380",
      "c443",
      "c045",
      "c399",
      "c786",
      "c098",
      "c860",
      "c358",
      "c608",
      "c700",
      "c313",
      "c511",
      "c877",
      "c021",
      "c527",
      "c190",
      "c206",
      "c539",
      "c892",
      "c765",
      "c747",
      "c410",
      "c788",
      "c820",
      "c124",
      "c389",
      "c513",
      "c522",
      "c852",
      "c895",
      "c113",
      "c139",
      "c250",
      "c713",
      "c898",
      "c237",
      "c738",
      "c263",
      "c613",
      "c878",
      "c223",
      "c466",
      "c802",
      "c827",
      "c894",
      "c130",
      "c061",
      "c067",
      "c256",
      "c617",
      "c659",
      "c594",
      "c661",
      "c689",
      "c375",
      "c709",
      "c847",
      "c576",
      "c347",
      "c813",
      "c875",
      "c423",
      "c602",
      "c636",
      "c667",
      "c812",
      "c883",
      "c462",
      "c881",
      "c311",
      "c417",
      "c186",
      "c352",
      "c587",
      "c258",
      "c318",
      "c535",
      "c225",
      "c370",
      "c013",
      "c058",
      "c011",
      "c365",
      "c076",
      "c163",
      "c081",
      "c119",
      "c836",
      "c564",
      "c635",
      "c664",
      "c880",
      "c216",
      "c306",
      "c879",
      "c104",
      "c084",
      "c861",
      "c675",
      "c573",
      "c870",
      "c276",
      "c505",
      "c007",
      "c128",
      "c843",
      "c197",
      "c490",
      "c018",
      "c201",
      "c355",
      "c152",
      "c027",
      "c749",
      "c571",
      "c874",
      "c669",
      "c693",
      "c238",
      "c803",
      "c357",
      "c458",
      "c773",
      "c115",
      "c416",
      "c089",
      "c760",
      "c077",
      "c208",
      "c657",
      "c665",
      "c075",
      "c131",
      "c270",
      "c001",
      "c030",
      "c099",
      "c778",
      "c141",
      "c822",
      "c184",
      "c405",
      "c036",
      "c441",
      "c719",
      "c085",
      "c432",
      "c222",
      "c604",
      "c558",
      "c019",
      "c299",
      "c684",
      "c692",
      "c846",
      "c869",
      "c748",
      "c055",
      "c819",
      "c768",
      "c326",
      "c386",
      "c096",
      "c614",
      "c025",
      "c167",
      "c718",
      "c837",
      "c063",
      "c070",
      "c580",
      "c147",
      "c618",
      "c865",
      "c655",
      "c279",
      "c826",
      "c066",
      "c409",
      "c759",
      "c090",
      "c596",
      "c682",
      "c512",
      "c597",
      "c016",
      "c465",
      "c703",
      "c249",
      "c616",
      "c254",
      "c645",
      "c451",
      "c244",
      "c419",
      "c426",
      "c607",
      "c551",
      "c048",
      "c756",
      "c346",
      "c473",
      "c492",
      "c872",
      "c170",
      "c688",
      "c796",
      "c660",
      "c193",
      "c680",
      "c695",
      "c359",
      "c388",
      "c859",
      "c581",
      "c769",
      "c229",
      "c461",
      "c374",
      "c233",
      "c360",
      "c248",
      "c464",
      "c079",
      "c100",
      "c142",
      "c257",
      "c411",
      "c691",
      "c757",
      "c340",
      "c478",
      "c376",
      "c006",
      "c108",
      "c407",
      "c603",
      "c817",
      "c242",
      "c253",
      "c145",
      "c541",
      "c785",
      "c029",
      "c107",
      "c122",
      "c349",
      "c516",
      "c228",
      "c565",
      "c525",
      "c842",
      "c102",
      "c630",
      "c638",
      "c309",
      "c642",
      "c121",
      "c641",
      "c697",
      "c884",
      "c091",
      "c350",
      "c255",
      "c586",
      "c808",
      "c896",
      "c008",
      "c519",
      "c868",
      "c563",
      "c807",
      "c704"
    ]
  },
  "ordered_queues": {
    "edge-1": [
      "c022",
      "c033",
      "c051",
      "c143",
      "c322",
      "c408",
      "c501",
      "c531",
      "c841",
      "c848"
    ],
    "edge-2": [
      "c044",
      "c078",
      "c136",
      "c328",
      "c330",
      "c367",
      "c579",
      "c890"
    ],
    "edge-3": [
      "c032",
      "c116",
      "c156",
      "c159",
      "c169",
      "c185",
      "c296",
      "c363",
      "c739",
      "c816"
    ],
    "edge-4": [
      "c028",
      "c043",
      "c088",
      "c174",
      "c180",
      "c321",
      "c656",
      "c851",
      "c855"
    ],
    "edge-5": [
      "c343",
      "c588",
      "c590",
      "c624",
      "c644",
      "c708",
      "c737",
      "c799",
      "c800",
      "c829"
    ],
    "edge-6": [
      "c428",
      "c449",
      "c493",
      "c508",
      "c528",
      "c553",
      "c601",
      "c716",
      "c724"
    ],
    "edge-7": [
      "c187",
      "c199",
      "c214",
      "c220",
      "c262",
      "c285",
      "c327",
      "c356",
      "c424",
      "c534"
    ],
    "edge-8": [
      "c003",
      "c049",
      "c155",
      "c239",
      "c261",
      "c265",
      "c266",
      "c323",
      "c325",
      "c467",
      "c479",
      "c567"
    ]
  }
}
[DONE] 2026年 05月 19日 星期二 09:39:25 CST
