[START] 2026年 05月 19日 星期二 14:01:45 CST
############################################################
[CONFIG] fg_cur
ARGS=--lambda-cong 1.0 --lambda-frag 0.1 --lambda-aff 0.2 --lambda-task-load 0.03 --theta-cong-count 0.0 --greedy-load-factor 0.0
############################################################
[RUN][fg_cur] drtp_img88_cacheonly_1024mb_60_seed42.json
{
  "algo": "fg-online-k8sca",
  "num_containers": 60,
  "num_edge_containers": 60,
  "num_ca_containers": 0,
  "failed_deployments": 0,
  "fail_rate": 0.0,
  "num_nodes": 8,
  "num_eval_nodes": 8,
  "resource_model": "online_cumulative_k8s_filter_no_release",
  "ca_model": "parallel_virtual_guarantee",
  "ca_bandwidth_mb_s": 70.0,
  "ca_extra_delay": 0.0,
  "ca_penalty": 0.0,
  "ca_fixed_penalty": 1000.0,
  "ACT": 92.26847222222224,
  "AMS": 142.76614583333333,
  "AMS_mode": "avg",
  "downloaded_mb": 10109.0,
  "reused_mb": 21191.0,
  "reuse_rate": 0.6770287539936102,
  "objective_without_ca_penalty": 117.51730902777778,
  "objective": 117.51730902777778
}
[RUN][fg_cur] drtp_img88_cacheonly_1024mb_60_seed101.json
{
  "algo": "fg-online-k8sca",
  "num_containers": 60,
  "num_edge_containers": 60,
  "num_ca_containers": 0,
  "failed_deployments": 0,
  "fail_rate": 0.0,
  "num_nodes": 8,
  "num_eval_nodes": 8,
  "resource_model": "online_cumulative_k8s_filter_no_release",
  "ca_model": "parallel_virtual_guarantee",
  "ca_bandwidth_mb_s": 70.0,
  "ca_extra_delay": 0.0,
  "ca_penalty": 0.0,
  "ca_fixed_penalty": 1000.0,
  "ACT": 96.95770833333336,
  "AMS": 144.70624999999998,
  "AMS_mode": "avg",
  "downloaded_mb": 11111.0,
  "reused_mb": 19619.0,
  "reuse_rate": 0.6384315001627074,
  "objective_without_ca_penalty": 120.83197916666667,
  "objective": 120.83197916666667
}
[RUN][fg_cur] drtp_img88_cacheonly_1024mb_60_seed202.json
{
  "algo": "fg-online-k8sca",
  "num_containers": 60,
  "num_edge_containers": 60,
  "num_ca_containers": 0,
  "failed_deployments": 0,
  "fail_rate": 0.0,
  "num_nodes": 8,
  "num_eval_nodes": 8,
  "resource_model": "online_cumulative_k8s_filter_no_release",
  "ca_model": "parallel_virtual_guarantee",
  "ca_bandwidth_mb_s": 70.0,
  "ca_extra_delay": 0.0,
  "ca_penalty": 0.0,
  "ca_fixed_penalty": 1000.0,
  "ACT": 87.98756944444445,
  "AMS": 150.63958333333332,
  "AMS_mode": "avg",
  "downloaded_mb": 14662.0,
  "reused_mb": 18635.0,
  "reuse_rate": 0.5596600294320809,
  "objective_without_ca_penalty": 119.31357638888889,
  "objective": 119.31357638888889
}
[RUN][fg_cur] drtp_img88_cacheonly_1024mb_70_seed42.json
{
  "algo": "fg-online-k8sca",
  "num_containers": 70,
  "num_edge_containers": 70,
  "num_ca_containers": 0,
  "failed_deployments": 0,
  "fail_rate": 0.0,
  "num_nodes": 8,
  "num_eval_nodes": 8,
  "resource_model": "online_cumulative_k8s_filter_no_release",
  "ca_model": "parallel_virtual_guarantee",
  "ca_bandwidth_mb_s": 70.0,
  "ca_extra_delay": 0.0,
  "ca_penalty": 0.0,
  "ca_fixed_penalty": 1000.0,
  "ACT": 99.07708333333339,
  "AMS": 166.1364583333333,
  "AMS_mode": "avg",
  "downloaded_mb": 12687.0,
  "reused_mb": 23664.0,
  "reuse_rate": 0.6509862177106545,
  "objective_without_ca_penalty": 132.60677083333334,
  "objective": 132.60677083333334
}
[RUN][fg_cur] drtp_img88_cacheonly_1024mb_70_seed101.json
{
  "algo": "fg-online-k8sca",
  "num_containers": 70,
  "num_edge_containers": 70,
  "num_ca_containers": 0,
  "failed_deployments": 0,
  "fail_rate": 0.0,
  "num_nodes": 8,
  "num_eval_nodes": 8,
  "resource_model": "online_cumulative_k8s_filter_no_release",
  "ca_model": "parallel_virtual_guarantee",
  "ca_bandwidth_mb_s": 70.0,
  "ca_extra_delay": 0.0,
  "ca_penalty": 0.0,
  "ca_fixed_penalty": 1000.0,
  "ACT": 102.37000000000002,
  "AMS": 166.37187500000002,
  "AMS_mode": "avg",
  "downloaded_mb": 12886.0,
  "reused_mb": 23661.0,
  "reuse_rate": 0.6474129203491394,
  "objective_without_ca_penalty": 134.37093750000003,
  "objective": 134.37093750000003
}
[RUN][fg_cur] drtp_img88_cacheonly_1024mb_70_seed202.json
{
  "algo": "fg-online-k8sca",
  "num_containers": 70,
  "num_edge_containers": 70,
  "num_ca_containers": 0,
  "failed_deployments": 0,
  "fail_rate": 0.0,
  "num_nodes": 8,
  "num_eval_nodes": 8,
  "resource_model": "online_cumulative_k8s_filter_no_release",
  "ca_model": "parallel_virtual_guarantee",
  "ca_bandwidth_mb_s": 70.0,
  "ca_extra_delay": 0.0,
  "ca_penalty": 0.0,
  "ca_fixed_penalty": 1000.0,
  "ACT": 99.31023809523809,
  "AMS": 172.58489583333332,
  "AMS_mode": "avg",
  "downloaded_mb": 15315.0,
  "reused_mb": 25132.0,
  "reuse_rate": 0.6213563428684451,
  "objective_without_ca_penalty": 135.9475669642857,
  "objective": 135.9475669642857
}
[RUN][fg_cur] drtp_img88_cacheonly_1024mb_80_seed42.json
{
  "algo": "fg-online-k8sca",
  "num_containers": 80,
  "num_edge_containers": 80,
  "num_ca_containers": 0,
  "failed_deployments": 0,
  "fail_rate": 0.0,
  "num_nodes": 8,
  "num_eval_nodes": 8,
  "resource_model": "online_cumulative_k8s_filter_no_release",
  "ca_model": "parallel_virtual_guarantee",
  "ca_bandwidth_mb_s": 70.0,
  "ca_extra_delay": 0.0,
  "ca_penalty": 0.0,
  "ca_fixed_penalty": 1000.0,
  "ACT": 107.70406250000008,
  "AMS": 193.93593749999997,
  "AMS_mode": "avg",
  "downloaded_mb": 16128.0,
  "reused_mb": 26217.0,
  "reuse_rate": 0.6191285866099894,
  "objective_without_ca_penalty": 150.82000000000002,
  "objective": 150.82000000000002
}
[RUN][fg_cur] drtp_img88_cacheonly_1024mb_80_seed101.json
{
  "algo": "fg-online-k8sca",
  "num_containers": 80,
  "num_edge_containers": 80,
  "num_ca_containers": 0,
  "failed_deployments": 0,
  "fail_rate": 0.0,
  "num_nodes": 8,
  "num_eval_nodes": 8,
  "resource_model": "online_cumulative_k8s_filter_no_release",
  "ca_model": "parallel_virtual_guarantee",
  "ca_bandwidth_mb_s": 70.0,
  "ca_extra_delay": 0.0,
  "ca_penalty": 0.0,
  "ca_fixed_penalty": 1000.0,
  "ACT": 108.91072916666667,
  "AMS": 189.59375000000003,
  "AMS_mode": "avg",
  "downloaded_mb": 15836.0,
  "reused_mb": 26631.0,
  "reuse_rate": 0.6270986883933407,
  "objective_without_ca_penalty": 149.25223958333333,
  "objective": 149.25223958333333
}
[RUN][fg_cur] drtp_img88_cacheonly_1024mb_80_seed202.json
{
  "algo": "fg-online-k8sca",
  "num_containers": 80,
  "num_edge_containers": 80,
  "num_ca_containers": 0,
  "failed_deployments": 0,
  "fail_rate": 0.0,
  "num_nodes": 8,
  "num_eval_nodes": 8,
  "resource_model": "online_cumulative_k8s_filter_no_release",
  "ca_model": "parallel_virtual_guarantee",
  "ca_bandwidth_mb_s": 70.0,
  "ca_extra_delay": 0.0,
  "ca_penalty": 0.0,
  "ca_fixed_penalty": 1000.0,
  "ACT": 110.11796874999996,
  "AMS": 201.11666666666662,
  "AMS_mode": "avg",
  "downloaded_mb": 18690.0,
  "reused_mb": 25527.0,
  "reuse_rate": 0.5773118936155777,
  "objective_without_ca_penalty": 155.6173177083333,
  "objective": 155.6173177083333
}
[RUN][fg_cur] drtp_img88_cacheonly_1024mb_90_seed42.json
{
  "algo": "fg-online-k8sca",
  "num_containers": 90,
  "num_edge_containers": 89,
  "num_ca_containers": 1,
  "failed_deployments": 1,
  "fail_rate": 0.011111111111111112,
  "num_nodes": 8,
  "num_eval_nodes": 9,
  "resource_model": "online_cumulative_k8s_filter_no_release",
  "ca_model": "parallel_virtual_guarantee",
  "ca_bandwidth_mb_s": 70.0,
  "ca_extra_delay": 0.0,
  "ca_penalty": 11.11111111111111,
  "ca_fixed_penalty": 1000.0,
  "ACT": 116.6143452380953,
  "AMS": 201.06104497354497,
  "AMS_mode": "avg",
  "downloaded_mb": 22051.0,
  "reused_mb": 26256.0,
  "reuse_rate": 0.5435237129194527,
  "objective_without_ca_penalty": 158.83769510582013,
  "objective": 169.94880621693125
}
[RUN][fg_cur] drtp_img88_cacheonly_1024mb_90_seed101.json
{
  "algo": "fg-online-k8sca",
  "num_containers": 90,
  "num_edge_containers": 90,
  "num_ca_containers": 0,
  "failed_deployments": 0,
  "fail_rate": 0.0,
  "num_nodes": 8,
  "num_eval_nodes": 8,
  "resource_model": "online_cumulative_k8s_filter_no_release",
  "ca_model": "parallel_virtual_guarantee",
  "ca_bandwidth_mb_s": 70.0,
  "ca_extra_delay": 0.0,
  "ca_penalty": 0.0,
  "ca_fixed_penalty": 1000.0,
  "ACT": 117.56009259259262,
  "AMS": 222.76562500000003,
  "AMS_mode": "avg",
  "downloaded_mb": 21034.0,
  "reused_mb": 27682.0,
  "reuse_rate": 0.5682322029723295,
  "objective_without_ca_penalty": 170.16285879629632,
  "objective": 170.16285879629632
}
[RUN][fg_cur] drtp_img88_cacheonly_1024mb_90_seed202.json
{
  "algo": "fg-online-k8sca",
  "num_containers": 90,
  "num_edge_containers": 88,
  "num_ca_containers": 2,
  "failed_deployments": 2,
  "fail_rate": 0.022222222222222223,
  "num_nodes": 8,
  "num_eval_nodes": 9,
  "resource_model": "online_cumulative_k8s_filter_no_release",
  "ca_model": "parallel_virtual_guarantee",
  "ca_bandwidth_mb_s": 70.0,
  "ca_extra_delay": 0.0,
  "ca_penalty": 22.22222222222222,
  "ca_fixed_penalty": 1000.0,
  "ACT": 115.96433862433864,
  "AMS": 197.93029100529097,
  "AMS_mode": "avg",
  "downloaded_mb": 19975.0,
  "reused_mb": 30456.0,
  "reuse_rate": 0.6039142590866728,
  "objective_without_ca_penalty": 156.9473148148148,
  "objective": 179.16953703703703
}
[RUN][fg_cur] drtp_img88_cacheonly_1024mb_100_seed42.json
{
  "algo": "fg-online-k8sca",
  "num_containers": 100,
  "num_edge_containers": 92,
  "num_ca_containers": 8,
  "failed_deployments": 8,
  "fail_rate": 0.08,
  "num_nodes": 8,
  "num_eval_nodes": 9,
  "resource_model": "online_cumulative_k8s_filter_no_release",
  "ca_model": "parallel_virtual_guarantee",
  "ca_bandwidth_mb_s": 70.0,
  "ca_extra_delay": 0.0,
  "ca_penalty": 80.0,
  "ca_fixed_penalty": 1000.0,
  "ACT": 112.48651785714293,
  "AMS": 209.0096560846561,
  "AMS_mode": "avg",
  "downloaded_mb": 25766.0,
  "reused_mb": 26896.0,
  "reuse_rate": 0.51072879875432,
  "objective_without_ca_penalty": 160.74808697089952,
  "objective": 240.74808697089952
}
[RUN][fg_cur] drtp_img88_cacheonly_1024mb_100_seed101.json
{
  "algo": "fg-online-k8sca",
  "num_containers": 100,
  "num_edge_containers": 96,
  "num_ca_containers": 4,
  "failed_deployments": 4,
  "fail_rate": 0.04,
  "num_nodes": 8,
  "num_eval_nodes": 9,
  "resource_model": "online_cumulative_k8s_filter_no_release",
  "ca_model": "parallel_virtual_guarantee",
  "ca_bandwidth_mb_s": 70.0,
  "ca_extra_delay": 0.0,
  "ca_penalty": 40.0,
  "ca_fixed_penalty": 1000.0,
  "ACT": 118.31622023809528,
  "AMS": 211.70277777777778,
  "AMS_mode": "avg",
  "downloaded_mb": 23397.0,
  "reused_mb": 28678.0,
  "reuse_rate": 0.5507057129140662,
  "objective_without_ca_penalty": 165.00949900793654,
  "objective": 205.00949900793654
}
[RUN][fg_cur] drtp_img88_cacheonly_1024mb_100_seed202.json
{
  "algo": "fg-online-k8sca",
  "num_containers": 100,
  "num_edge_containers": 89,
  "num_ca_containers": 11,
  "failed_deployments": 11,
  "fail_rate": 0.11,
  "num_nodes": 8,
  "num_eval_nodes": 9,
  "resource_model": "online_cumulative_k8s_filter_no_release",
  "ca_model": "parallel_virtual_guarantee",
  "ca_bandwidth_mb_s": 70.0,
  "ca_extra_delay": 0.0,
  "ca_penalty": 110.0,
  "ca_fixed_penalty": 1000.0,
  "ACT": 109.0112142857143,
  "AMS": 204.11706349206347,
  "AMS_mode": "avg",
  "downloaded_mb": 26363.0,
  "reused_mb": 28682.0,
  "reuse_rate": 0.5210645835225725,
  "objective_without_ca_penalty": 156.5641388888889,
  "objective": 266.5641388888889
}
[RUN][fg_cur] drtp_img88_cacheonly_1024mb_110_seed42.json
{
  "algo": "fg-online-k8sca",
  "num_containers": 110,
  "num_edge_containers": 92,
  "num_ca_containers": 18,
  "failed_deployments": 18,
  "fail_rate": 0.16363636363636364,
  "num_nodes": 8,
  "num_eval_nodes": 9,
  "resource_model": "online_cumulative_k8s_filter_no_release",
  "ca_model": "parallel_virtual_guarantee",
  "ca_bandwidth_mb_s": 70.0,
  "ca_extra_delay": 0.0,
  "ca_penalty": 163.63636363636363,
  "ca_fixed_penalty": 1000.0,
  "ACT": 104.38904220779229,
  "AMS": 209.0096560846561,
  "AMS_mode": "avg",
  "downloaded_mb": 30956.0,
  "reused_mb": 26896.0,
  "reuse_rate": 0.46491046117679596,
  "objective_without_ca_penalty": 156.6993491462242,
  "objective": 320.33571278258785
}
[RUN][fg_cur] drtp_img88_cacheonly_1024mb_110_seed101.json
{
  "algo": "fg-online-k8sca",
  "num_containers": 110,
  "num_edge_containers": 96,
  "num_ca_containers": 14,
  "failed_deployments": 14,
  "fail_rate": 0.12727272727272726,
  "num_nodes": 8,
  "num_eval_nodes": 9,
  "resource_model": "online_cumulative_k8s_filter_no_release",
  "ca_model": "parallel_virtual_guarantee",
  "ca_bandwidth_mb_s": 70.0,
  "ca_extra_delay": 0.0,
  "ca_penalty": 127.27272727272727,
  "ca_fixed_penalty": 1000.0,
  "ACT": 109.94279761904767,
  "AMS": 213.4488095238095,
  "AMS_mode": "avg",
  "downloaded_mb": 29003.0,
  "reused_mb": 28678.0,
  "reuse_rate": 0.4971827811584404,
  "objective_without_ca_penalty": 161.6958035714286,
  "objective": 288.96853084415585
}
[RUN][fg_cur] drtp_img88_cacheonly_1024mb_110_seed202.json
{
  "algo": "fg-online-k8sca",
  "num_containers": 110,
  "num_edge_containers": 89,
  "num_ca_containers": 21,
  "failed_deployments": 21,
  "fail_rate": 0.19090909090909092,
  "num_nodes": 8,
  "num_eval_nodes": 9,
  "resource_model": "online_cumulative_k8s_filter_no_release",
  "ca_model": "parallel_virtual_guarantee",
  "ca_bandwidth_mb_s": 70.0,
  "ca_extra_delay": 0.0,
  "ca_penalty": 190.9090909090909,
  "ca_fixed_penalty": 1000.0,
  "ACT": 100.74982683982684,
  "AMS": 200.83187830687828,
  "AMS_mode": "avg",
  "downloaded_mb": 29618.0,
  "reused_mb": 30456.0,
  "reuse_rate": 0.5069747311648967,
  "objective_without_ca_penalty": 150.79085257335257,
  "objective": 341.6999434824435
}
[RUN][fg_cur] drtp_img88_cacheonly_1024mb_120_seed42.json
{
  "algo": "fg-online-k8sca",
  "num_containers": 120,
  "num_edge_containers": 92,
  "num_ca_containers": 28,
  "failed_deployments": 28,
  "fail_rate": 0.23333333333333334,
  "num_nodes": 8,
  "num_eval_nodes": 9,
  "resource_model": "online_cumulative_k8s_filter_no_release",
  "ca_model": "parallel_virtual_guarantee",
  "ca_bandwidth_mb_s": 70.0,
  "ca_extra_delay": 0.0,
  "ca_penalty": 233.33333333333334,
  "ca_fixed_penalty": 1000.0,
  "ACT": 97.71733630952389,
  "AMS": 209.0096560846561,
  "AMS_mode": "avg",
  "downloaded_mb": 37066.0,
  "reused_mb": 26896.0,
  "reuse_rate": 0.42049967168006,
  "objective_without_ca_penalty": 153.36349619709,
  "objective": 386.6968295304233
}
[RUN][fg_cur] drtp_img88_cacheonly_1024mb_120_seed101.json
{
  "algo": "fg-online-k8sca",
  "num_containers": 120,
  "num_edge_containers": 96,
  "num_ca_containers": 24,
  "failed_deployments": 24,
  "fail_rate": 0.2,
  "num_nodes": 8,
  "num_eval_nodes": 9,
  "resource_model": "online_cumulative_k8s_filter_no_release",
  "ca_model": "parallel_virtual_guarantee",
  "ca_bandwidth_mb_s": 70.0,
  "ca_extra_delay": 0.0,
  "ca_penalty": 200.0,
  "ca_fixed_penalty": 1000.0,
  "ACT": 102.90946924603178,
  "AMS": 214.00436507936507,
  "AMS_mode": "avg",
  "downloaded_mb": 33373.0,
  "reused_mb": 28678.0,
  "reuse_rate": 0.46216821646709966,
  "objective_without_ca_penalty": 158.45691716269843,
  "objective": 358.45691716269846
}
[RUN][fg_cur] drtp_img88_cacheonly_1024mb_120_seed202.json
{
  "algo": "fg-online-k8sca",
  "num_containers": 120,
  "num_edge_containers": 89,
  "num_ca_containers": 31,
  "failed_deployments": 31,
  "fail_rate": 0.25833333333333336,
  "num_nodes": 8,
  "num_eval_nodes": 9,
  "resource_model": "online_cumulative_k8s_filter_no_release",
  "ca_model": "parallel_virtual_guarantee",
  "ca_bandwidth_mb_s": 70.0,
  "ca_extra_delay": 0.0,
  "ca_penalty": 258.33333333333337,
  "ca_fixed_penalty": 1000.0,
  "ACT": 94.94089285714287,
  "AMS": 204.41230158730156,
  "AMS_mode": "avg",
  "downloaded_mb": 37338.0,
  "reused_mb": 28682.0,
  "reuse_rate": 0.43444410784610726,
  "objective_without_ca_penalty": 149.6765972222222,
  "objective": 408.00993055555557
}
[RUN][fg_cur] drtp_img88_cacheonly_1024mb_140_seed42.json
{
  "algo": "fg-online-k8sca",
  "num_containers": 140,
  "num_edge_containers": 92,
  "num_ca_containers": 48,
  "failed_deployments": 48,
  "fail_rate": 0.34285714285714286,
  "num_nodes": 8,
  "num_eval_nodes": 9,
  "resource_model": "online_cumulative_k8s_filter_no_release",
  "ca_model": "parallel_virtual_guarantee",
  "ca_bandwidth_mb_s": 70.0,
  "ca_extra_delay": 0.0,
  "ca_penalty": 342.85714285714283,
  "ca_fixed_penalty": 1000.0,
  "ACT": 87.23608418367355,
  "AMS": 209.30489417989418,
  "AMS_mode": "avg",
  "downloaded_mb": 47844.0,
  "reused_mb": 26896.0,
  "reuse_rate": 0.35986085094995984,
  "objective_without_ca_penalty": 148.27048918178386,
  "objective": 491.12763203892666
}
[RUN][fg_cur] drtp_img88_cacheonly_1024mb_140_seed101.json
{
  "algo": "fg-online-k8sca",
  "num_containers": 140,
  "num_edge_containers": 96,
  "num_ca_containers": 44,
  "failed_deployments": 44,
  "fail_rate": 0.3142857142857143,
  "num_nodes": 8,
  "num_eval_nodes": 9,
  "resource_model": "online_cumulative_k8s_filter_no_release",
  "ca_model": "parallel_virtual_guarantee",
  "ca_bandwidth_mb_s": 70.0,
  "ca_extra_delay": 0.0,
  "ca_penalty": 314.2857142857143,
  "ca_fixed_penalty": 1000.0,
  "ACT": 91.54872874149663,
  "AMS": 214.00436507936507,
  "AMS_mode": "avg",
  "downloaded_mb": 43781.0,
  "reused_mb": 28678.0,
  "reuse_rate": 0.3957824424847155,
  "objective_without_ca_penalty": 152.77654691043085,
  "objective": 467.06226119614513
}
[RUN][fg_cur] drtp_img88_cacheonly_1024mb_140_seed202.json
{
  "algo": "fg-online-k8sca",
  "num_containers": 140,
  "num_edge_containers": 89,
  "num_ca_containers": 51,
  "failed_deployments": 51,
  "fail_rate": 0.36428571428571427,
  "num_nodes": 8,
  "num_eval_nodes": 9,
  "resource_model": "online_cumulative_k8s_filter_no_release",
  "ca_model": "parallel_virtual_guarantee",
  "ca_bandwidth_mb_s": 70.0,
  "ca_extra_delay": 0.0,
  "ca_penalty": 364.2857142857143,
  "ca_fixed_penalty": 1000.0,
  "ACT": 84.4362074829932,
  "AMS": 203.68267195767191,
  "AMS_mode": "avg",
  "downloaded_mb": 45374.0,
  "reused_mb": 29076.0,
  "reuse_rate": 0.39054398925453326,
  "objective_without_ca_penalty": 144.05943972033256,
  "objective": 508.34515400604687
}
[RUN][fg_cur] drtp_img88_cacheonly_1024mb_160_seed42.json
{
  "algo": "fg-online-k8sca",
  "num_containers": 160,
  "num_edge_containers": 92,
  "num_ca_containers": 68,
  "failed_deployments": 68,
  "fail_rate": 0.425,
  "num_nodes": 8,
  "num_eval_nodes": 9,
  "resource_model": "online_cumulative_k8s_filter_no_release",
  "ca_model": "parallel_virtual_guarantee",
  "ca_bandwidth_mb_s": 70.0,
  "ca_extra_delay": 0.0,
  "ca_penalty": 425.0,
  "ca_fixed_penalty": 1000.0,
  "ACT": 79.34585937500009,
  "AMS": 209.30489417989418,
  "AMS_mode": "avg",
  "downloaded_mb": 57874.0,
  "reused_mb": 26896.0,
  "reuse_rate": 0.31728205733160314,
  "objective_without_ca_penalty": 144.32537677744713,
  "objective": 569.3253767774471
}
[RUN][fg_cur] drtp_img88_cacheonly_1024mb_160_seed101.json
{
  "algo": "fg-online-k8sca",
  "num_containers": 160,
  "num_edge_containers": 96,
  "num_ca_containers": 64,
  "failed_deployments": 64,
  "fail_rate": 0.4,
  "num_nodes": 8,
  "num_eval_nodes": 9,
  "resource_model": "online_cumulative_k8s_filter_no_release",
  "ca_model": "parallel_virtual_guarantee",
  "ca_bandwidth_mb_s": 70.0,
  "ca_extra_delay": 0.0,
  "ca_penalty": 400.0,
  "ca_fixed_penalty": 1000.0,
  "ACT": 83.20299479166673,
  "AMS": 214.00436507936507,
  "AMS_mode": "avg",
  "downloaded_mb": 56567.0,
  "reused_mb": 28678.0,
  "reuse_rate": 0.3364185582732125,
  "objective_without_ca_penalty": 148.6036799355159,
  "objective": 548.6036799355159
}
[RUN][fg_cur] drtp_img88_cacheonly_1024mb_160_seed202.json
{
  "algo": "fg-online-k8sca",
  "num_containers": 160,
  "num_edge_containers": 89,
  "num_ca_containers": 71,
  "failed_deployments": 71,
  "fail_rate": 0.44375,
  "num_nodes": 8,
  "num_eval_nodes": 9,
  "resource_model": "online_cumulative_k8s_filter_no_release",
  "ca_model": "parallel_virtual_guarantee",
  "ca_bandwidth_mb_s": 70.0,
  "ca_extra_delay": 0.0,
  "ca_penalty": 443.75,
  "ca_fixed_penalty": 1000.0,
  "ACT": 77.12406250000001,
  "AMS": 204.41230158730156,
  "AMS_mode": "avg",
  "downloaded_mb": 57284.0,
  "reused_mb": 28682.0,
  "reuse_rate": 0.33364353348998443,
  "objective_without_ca_penalty": 140.76818204365077,
  "objective": 584.5181820436508
}
[RUN][fg_cur] drtp_img88_cacheonly_1024mb_180_seed42.json
{
  "algo": "fg-online-k8sca",
  "num_containers": 180,
  "num_edge_containers": 92,
  "num_ca_containers": 88,
  "failed_deployments": 88,
  "fail_rate": 0.4888888888888889,
  "num_nodes": 8,
  "num_eval_nodes": 9,
  "resource_model": "online_cumulative_k8s_filter_no_release",
  "ca_model": "parallel_virtual_guarantee",
  "ca_bandwidth_mb_s": 70.0,
  "ca_extra_delay": 0.0,
  "ca_penalty": 488.88888888888886,
  "ca_fixed_penalty": 1000.0,
  "ACT": 73.33750992063501,
  "AMS": 209.30489417989418,
  "AMS_mode": "avg",
  "downloaded_mb": 70853.0,
  "reused_mb": 26896.0,
  "reuse_rate": 0.27515371001237865,
  "objective_without_ca_penalty": 141.3212020502646,
  "objective": 630.2100909391535
}
[RUN][fg_cur] drtp_img88_cacheonly_1024mb_180_seed101.json
{
  "algo": "fg-online-k8sca",
  "num_containers": 180,
  "num_edge_containers": 96,
  "num_ca_containers": 84,
  "failed_deployments": 84,
  "fail_rate": 0.4666666666666667,
  "num_nodes": 8,
  "num_eval_nodes": 9,
  "resource_model": "online_cumulative_k8s_filter_no_release",
  "ca_model": "parallel_virtual_guarantee",
  "ca_bandwidth_mb_s": 70.0,
  "ca_extra_delay": 0.0,
  "ca_penalty": 466.6666666666667,
  "ca_fixed_penalty": 1000.0,
  "ACT": 76.82004298941806,
  "AMS": 214.00436507936507,
  "AMS_mode": "avg",
  "downloaded_mb": 68476.0,
  "reused_mb": 28678.0,
  "reuse_rate": 0.2951808469028553,
  "objective_without_ca_penalty": 145.41220403439155,
  "objective": 612.0788707010582
}
[RUN][fg_cur] drtp_img88_cacheonly_1024mb_180_seed202.json
{
  "algo": "fg-online-k8sca",
  "num_containers": 180,
  "num_edge_containers": 89,
  "num_ca_containers": 91,
  "failed_deployments": 91,
  "fail_rate": 0.5055555555555555,
  "num_nodes": 8,
  "num_eval_nodes": 9,
  "resource_model": "online_cumulative_k8s_filter_no_release",
  "ca_model": "parallel_virtual_guarantee",
  "ca_bandwidth_mb_s": 70.0,
  "ca_extra_delay": 0.0,
  "ca_penalty": 505.55555555555554,
  "ca_fixed_penalty": 1000.0,
  "ACT": 71.3022619047619,
  "AMS": 205.03769841269838,
  "AMS_mode": "avg",
  "downloaded_mb": 68243.0,
  "reused_mb": 28682.0,
  "reuse_rate": 0.29591952540624195,
  "objective_without_ca_penalty": 138.16998015873014,
  "objective": 643.7255357142857
}
[RUN][fg_cur] drtp_img88_cacheonly_1024mb_200_seed42.json
{
  "algo": "fg-online-k8sca",
  "num_containers": 200,
  "num_edge_containers": 92,
  "num_ca_containers": 108,
  "failed_deployments": 108,
  "fail_rate": 0.54,
  "num_nodes": 8,
  "num_eval_nodes": 9,
  "resource_model": "online_cumulative_k8s_filter_no_release",
  "ca_model": "parallel_virtual_guarantee",
  "ca_bandwidth_mb_s": 70.0,
  "ca_extra_delay": 0.0,
  "ca_penalty": 540.0,
  "ca_fixed_penalty": 1000.0,
  "ACT": 68.57204464285722,
  "AMS": 209.930291005291,
  "AMS_mode": "avg",
  "downloaded_mb": 81959.0,
  "reused_mb": 26896.0,
  "reuse_rate": 0.24708097928436912,
  "objective_without_ca_penalty": 139.25116782407412,
  "objective": 679.2511678240742
}
[RUN][fg_cur] drtp_img88_cacheonly_1024mb_200_seed101.json
{
  "algo": "fg-online-k8sca",
  "num_containers": 200,
  "num_edge_containers": 96,
  "num_ca_containers": 104,
  "failed_deployments": 104,
  "fail_rate": 0.52,
  "num_nodes": 8,
  "num_eval_nodes": 9,
  "resource_model": "online_cumulative_k8s_filter_no_release",
  "ca_model": "parallel_virtual_guarantee",
  "ca_bandwidth_mb_s": 70.0,
  "ca_extra_delay": 0.0,
  "ca_penalty": 520.0,
  "ca_fixed_penalty": 1000.0,
  "ACT": 71.69403869047623,
  "AMS": 214.00436507936507,
  "AMS_mode": "avg",
  "downloaded_mb": 80180.0,
  "reused_mb": 28678.0,
  "reuse_rate": 0.26344411986257327,
  "objective_without_ca_penalty": 142.84920188492066,
  "objective": 662.8492018849206
}
[RUN][fg_cur] drtp_img88_cacheonly_1024mb_200_seed202.json
{
  "algo": "fg-online-k8sca",
  "num_containers": 200,
  "num_edge_containers": 89,
  "num_ca_containers": 111,
  "failed_deployments": 111,
  "fail_rate": 0.555,
  "num_nodes": 8,
  "num_eval_nodes": 9,
  "resource_model": "online_cumulative_k8s_filter_no_release",
  "ca_model": "parallel_virtual_guarantee",
  "ca_bandwidth_mb_s": 70.0,
  "ca_extra_delay": 0.0,
  "ca_penalty": 555.0,
  "ca_fixed_penalty": 1000.0,
  "ACT": 66.6289642857143,
  "AMS": 205.03769841269838,
  "AMS_mode": "avg",
  "downloaded_mb": 80170.0,
  "reused_mb": 28682.0,
  "reuse_rate": 0.26349538823356483,
  "objective_without_ca_penalty": 135.83333134920633,
  "objective": 690.8333313492063
}
############################################################
[CONFIG] fg_frag3
ARGS=--lambda-cong 1.0 --lambda-frag 3.0 --lambda-aff 0.2 --lambda-task-load 0.03 --theta-cong-count 0.0 --greedy-load-factor 0.0
############################################################
[RUN][fg_frag3] drtp_img88_cacheonly_1024mb_60_seed42.json
{
  "algo": "fg-online-k8sca",
  "num_containers": 60,
  "num_edge_containers": 60,
  "num_ca_containers": 0,
  "failed_deployments": 0,
  "fail_rate": 0.0,
  "num_nodes": 8,
  "num_eval_nodes": 8,
  "resource_model": "online_cumulative_k8s_filter_no_release",
  "ca_model": "parallel_virtual_guarantee",
  "ca_bandwidth_mb_s": 70.0,
  "ca_extra_delay": 0.0,
  "ca_penalty": 0.0,
  "ca_fixed_penalty": 1000.0,
  "ACT": 116.0680555555556,
  "AMS": 145.64947916666665,
  "AMS_mode": "avg",
  "downloaded_mb": 12579.0,
  "reused_mb": 18721.0,
  "reuse_rate": 0.5981150159744409,
  "objective_without_ca_penalty": 130.85876736111112,
  "objective": 130.85876736111112
}
[RUN][fg_frag3] drtp_img88_cacheonly_1024mb_60_seed101.json
{
  "algo": "fg-online-k8sca",
  "num_containers": 60,
  "num_edge_containers": 60,
  "num_ca_containers": 0,
  "failed_deployments": 0,
  "fail_rate": 0.0,
  "num_nodes": 8,
  "num_eval_nodes": 8,
  "resource_model": "online_cumulative_k8s_filter_no_release",
  "ca_model": "parallel_virtual_guarantee",
  "ca_bandwidth_mb_s": 70.0,
  "ca_extra_delay": 0.0,
  "ca_penalty": 0.0,
  "ca_fixed_penalty": 1000.0,
  "ACT": 94.42104166666665,
  "AMS": 142.64427083333334,
  "AMS_mode": "avg",
  "downloaded_mb": 9756.0,
  "reused_mb": 20974.0,
  "reuse_rate": 0.6825252196550602,
  "objective_without_ca_penalty": 118.53265625,
  "objective": 118.53265625
}
[RUN][fg_frag3] drtp_img88_cacheonly_1024mb_60_seed202.json
{
  "algo": "fg-online-k8sca",
  "num_containers": 60,
  "num_edge_containers": 60,
  "num_ca_containers": 0,
  "failed_deployments": 0,
  "fail_rate": 0.0,
  "num_nodes": 8,
  "num_eval_nodes": 8,
  "resource_model": "online_cumulative_k8s_filter_no_release",
  "ca_model": "parallel_virtual_guarantee",
  "ca_bandwidth_mb_s": 70.0,
  "ca_extra_delay": 0.0,
  "ca_penalty": 0.0,
  "ca_fixed_penalty": 1000.0,
  "ACT": 87.50062500000003,
  "AMS": 141.06979166666667,
  "AMS_mode": "avg",
  "downloaded_mb": 9339.0,
  "reused_mb": 23958.0,
  "reuse_rate": 0.7195242814667988,
  "objective_without_ca_penalty": 114.28520833333334,
  "objective": 114.28520833333334
}
[RUN][fg_frag3] drtp_img88_cacheonly_1024mb_70_seed42.json
{
  "algo": "fg-online-k8sca",
  "num_containers": 70,
  "num_edge_containers": 70,
  "num_ca_containers": 0,
  "failed_deployments": 0,
  "fail_rate": 0.0,
  "num_nodes": 8,
  "num_eval_nodes": 8,
  "resource_model": "online_cumulative_k8s_filter_no_release",
  "ca_model": "parallel_virtual_guarantee",
  "ca_bandwidth_mb_s": 70.0,
  "ca_extra_delay": 0.0,
  "ca_penalty": 0.0,
  "ca_fixed_penalty": 1000.0,
  "ACT": 122.91553571428584,
  "AMS": 170.59427083333333,
  "AMS_mode": "avg",
  "downloaded_mb": 15566.0,
  "reused_mb": 20785.0,
  "reuse_rate": 0.5717861957030068,
  "objective_without_ca_penalty": 146.7549032738096,
  "objective": 146.7549032738096
}
[RUN][fg_frag3] drtp_img88_cacheonly_1024mb_70_seed101.json
{
  "algo": "fg-online-k8sca",
  "num_containers": 70,
  "num_edge_containers": 70,
  "num_ca_containers": 0,
  "failed_deployments": 0,
  "fail_rate": 0.0,
  "num_nodes": 8,
  "num_eval_nodes": 8,
  "resource_model": "online_cumulative_k8s_filter_no_release",
  "ca_model": "parallel_virtual_guarantee",
  "ca_bandwidth_mb_s": 70.0,
  "ca_extra_delay": 0.0,
  "ca_penalty": 0.0,
  "ca_fixed_penalty": 1000.0,
  "ACT": 100.38797619047618,
  "AMS": 162.3817708333333,
  "AMS_mode": "avg",
  "downloaded_mb": 10353.0,
  "reused_mb": 26194.0,
  "reuse_rate": 0.7167209346868416,
  "objective_without_ca_penalty": 131.38487351190474,
  "objective": 131.38487351190474
}
[RUN][fg_frag3] drtp_img88_cacheonly_1024mb_70_seed202.json
{
  "algo": "fg-online-k8sca",
  "num_containers": 70,
  "num_edge_containers": 70,
  "num_ca_containers": 0,
  "failed_deployments": 0,
  "fail_rate": 0.0,
  "num_nodes": 8,
  "num_eval_nodes": 8,
  "resource_model": "online_cumulative_k8s_filter_no_release",
  "ca_model": "parallel_virtual_guarantee",
  "ca_bandwidth_mb_s": 70.0,
  "ca_extra_delay": 0.0,
  "ca_penalty": 0.0,
  "ca_fixed_penalty": 1000.0,
  "ACT": 100.77142857142857,
  "AMS": 165.53072916666665,
  "AMS_mode": "avg",
  "downloaded_mb": 11874.0,
  "reused_mb": 28573.0,
  "reuse_rate": 0.7064306376245457,
  "objective_without_ca_penalty": 133.1510788690476,
  "objective": 133.1510788690476
}
[RUN][fg_frag3] drtp_img88_cacheonly_1024mb_80_seed42.json
{
  "algo": "fg-online-k8sca",
  "num_containers": 80,
  "num_edge_containers": 80,
  "num_ca_containers": 0,
  "failed_deployments": 0,
  "fail_rate": 0.0,
  "num_nodes": 8,
  "num_eval_nodes": 8,
  "resource_model": "online_cumulative_k8s_filter_no_release",
  "ca_model": "parallel_virtual_guarantee",
  "ca_bandwidth_mb_s": 70.0,
  "ca_extra_delay": 0.0,
  "ca_penalty": 0.0,
  "ca_fixed_penalty": 1000.0,
  "ACT": 123.95526041666676,
  "AMS": 195.03802083333332,
  "AMS_mode": "avg",
  "downloaded_mb": 16679.0,
  "reused_mb": 25666.0,
  "reuse_rate": 0.6061164246073917,
  "objective_without_ca_penalty": 159.49664062500005,
  "objective": 159.49664062500005
}
[RUN][fg_frag3] drtp_img88_cacheonly_1024mb_80_seed101.json
{
  "algo": "fg-online-k8sca",
  "num_containers": 80,
  "num_edge_containers": 80,
  "num_ca_containers": 0,
  "failed_deployments": 0,
  "fail_rate": 0.0,
  "num_nodes": 8,
  "num_eval_nodes": 8,
  "resource_model": "online_cumulative_k8s_filter_no_release",
  "ca_model": "parallel_virtual_guarantee",
  "ca_bandwidth_mb_s": 70.0,
  "ca_extra_delay": 0.0,
  "ca_penalty": 0.0,
  "ca_fixed_penalty": 1000.0,
  "ACT": 106.78505208333331,
  "AMS": 183.2796875,
  "AMS_mode": "avg",
  "downloaded_mb": 11892.0,
  "reused_mb": 30575.0,
  "reuse_rate": 0.7199708008571362,
  "objective_without_ca_penalty": 145.03236979166667,
  "objective": 145.03236979166667
}
[RUN][fg_frag3] drtp_img88_cacheonly_1024mb_80_seed202.json
{
  "algo": "fg-online-k8sca",
  "num_containers": 80,
  "num_edge_containers": 80,
  "num_ca_containers": 0,
  "failed_deployments": 0,
  "fail_rate": 0.0,
  "num_nodes": 8,
  "num_eval_nodes": 8,
  "resource_model": "online_cumulative_k8s_filter_no_release",
  "ca_model": "parallel_virtual_guarantee",
  "ca_bandwidth_mb_s": 70.0,
  "ca_extra_delay": 0.0,
  "ca_penalty": 0.0,
  "ca_fixed_penalty": 1000.0,
  "ACT": 111.20802083333338,
  "AMS": 192.35104166666665,
  "AMS_mode": "avg",
  "downloaded_mb": 14541.0,
  "reused_mb": 29676.0,
  "reuse_rate": 0.6711445824004342,
  "objective_without_ca_penalty": 151.77953125000002,
  "objective": 151.77953125000002
}
[RUN][fg_frag3] drtp_img88_cacheonly_1024mb_90_seed42.json
{
  "algo": "fg-online-k8sca",
  "num_containers": 90,
  "num_edge_containers": 90,
  "num_ca_containers": 0,
  "failed_deployments": 0,
  "fail_rate": 0.0,
  "num_nodes": 8,
  "num_eval_nodes": 8,
  "resource_model": "online_cumulative_k8s_filter_no_release",
  "ca_model": "parallel_virtual_guarantee",
  "ca_bandwidth_mb_s": 70.0,
  "ca_extra_delay": 0.0,
  "ca_penalty": 0.0,
  "ca_fixed_penalty": 1000.0,
  "ACT": 126.13874999999997,
  "AMS": 227.99739583333331,
  "AMS_mode": "avg",
  "downloaded_mb": 22353.0,
  "reused_mb": 25953.0,
  "reuse_rate": 0.537262451869333,
  "objective_without_ca_penalty": 177.06807291666664,
  "objective": 177.06807291666664
}
[RUN][fg_frag3] drtp_img88_cacheonly_1024mb_90_seed101.json
{
  "algo": "fg-online-k8sca",
  "num_containers": 90,
  "num_edge_containers": 90,
  "num_ca_containers": 0,
  "failed_deployments": 0,
  "fail_rate": 0.0,
  "num_nodes": 8,
  "num_eval_nodes": 8,
  "resource_model": "online_cumulative_k8s_filter_no_release",
  "ca_model": "parallel_virtual_guarantee",
  "ca_bandwidth_mb_s": 70.0,
  "ca_extra_delay": 0.0,
  "ca_penalty": 0.0,
  "ca_fixed_penalty": 1000.0,
  "ACT": 119.68976851851856,
  "AMS": 213.93229166666666,
  "AMS_mode": "avg",
  "downloaded_mb": 15980.0,
  "reused_mb": 32736.0,
  "reuse_rate": 0.67197635273832,
  "objective_without_ca_penalty": 166.8110300925926,
  "objective": 166.8110300925926
}
[RUN][fg_frag3] drtp_img88_cacheonly_1024mb_90_seed202.json
{
  "algo": "fg-online-k8sca",
  "num_containers": 90,
  "num_edge_containers": 88,
  "num_ca_containers": 2,
  "failed_deployments": 2,
  "fail_rate": 0.022222222222222223,
  "num_nodes": 8,
  "num_eval_nodes": 9,
  "resource_model": "online_cumulative_k8s_filter_no_release",
  "ca_model": "parallel_virtual_guarantee",
  "ca_bandwidth_mb_s": 70.0,
  "ca_extra_delay": 0.0,
  "ca_penalty": 22.22222222222222,
  "ca_fixed_penalty": 1000.0,
  "ACT": 114.2154960317461,
  "AMS": 195.7863095238095,
  "AMS_mode": "avg",
  "downloaded_mb": 19541.0,
  "reused_mb": 30890.0,
  "reuse_rate": 0.6125200769368048,
  "objective_without_ca_penalty": 155.0009027777778,
  "objective": 177.22312500000004
}
[RUN][fg_frag3] drtp_img88_cacheonly_1024mb_100_seed42.json
{
  "algo": "fg-online-k8sca",
  "num_containers": 100,
  "num_edge_containers": 91,
  "num_ca_containers": 9,
  "failed_deployments": 9,
  "fail_rate": 0.09,
  "num_nodes": 8,
  "num_eval_nodes": 9,
  "resource_model": "online_cumulative_k8s_filter_no_release",
  "ca_model": "parallel_virtual_guarantee",
  "ca_bandwidth_mb_s": 70.0,
  "ca_extra_delay": 0.0,
  "ca_penalty": 90.0,
  "ca_fixed_penalty": 1000.0,
  "ACT": 118.06233333333334,
  "AMS": 210.16706349206345,
  "AMS_mode": "avg",
  "downloaded_mb": 26421.0,
  "reused_mb": 26240.0,
  "reuse_rate": 0.4982814606634891,
  "objective_without_ca_penalty": 164.1146984126984,
  "objective": 254.1146984126984
}
[RUN][fg_frag3] drtp_img88_cacheonly_1024mb_100_seed101.json
{
  "algo": "fg-online-k8sca",
  "num_containers": 100,
  "num_edge_containers": 96,
  "num_ca_containers": 4,
  "failed_deployments": 4,
  "fail_rate": 0.04,
  "num_nodes": 8,
  "num_eval_nodes": 9,
  "resource_model": "online_cumulative_k8s_filter_no_release",
  "ca_model": "parallel_virtual_guarantee",
  "ca_bandwidth_mb_s": 70.0,
  "ca_extra_delay": 0.0,
  "ca_penalty": 40.0,
  "ca_fixed_penalty": 1000.0,
  "ACT": 118.32705357142864,
  "AMS": 205.09027777777777,
  "AMS_mode": "avg",
  "downloaded_mb": 19175.0,
  "reused_mb": 32900.0,
  "reuse_rate": 0.6317810849735958,
  "objective_without_ca_penalty": 161.7086656746032,
  "objective": 201.7086656746032
}
[RUN][fg_frag3] drtp_img88_cacheonly_1024mb_100_seed202.json
{
  "algo": "fg-online-k8sca",
  "num_containers": 100,
  "num_edge_containers": 89,
  "num_ca_containers": 11,
  "failed_deployments": 11,
  "fail_rate": 0.11,
  "num_nodes": 8,
  "num_eval_nodes": 9,
  "resource_model": "online_cumulative_k8s_filter_no_release",
  "ca_model": "parallel_virtual_guarantee",
  "ca_bandwidth_mb_s": 70.0,
  "ca_extra_delay": 0.0,
  "ca_penalty": 110.0,
  "ca_fixed_penalty": 1000.0,
  "ACT": 106.85992261904765,
  "AMS": 198.6878968253968,
  "AMS_mode": "avg",
  "downloaded_mb": 24155.0,
  "reused_mb": 30890.0,
  "reuse_rate": 0.5611772186392952,
  "objective_without_ca_penalty": 152.77390972222221,
  "objective": 262.77390972222224
}
[RUN][fg_frag3] drtp_img88_cacheonly_1024mb_110_seed42.json
{
  "algo": "fg-online-k8sca",
  "num_containers": 110,
  "num_edge_containers": 91,
  "num_ca_containers": 19,
  "failed_deployments": 19,
  "fail_rate": 0.17272727272727273,
  "num_nodes": 8,
  "num_eval_nodes": 9,
  "resource_model": "online_cumulative_k8s_filter_no_release",
  "ca_model": "parallel_virtual_guarantee",
  "ca_bandwidth_mb_s": 70.0,
  "ca_extra_delay": 0.0,
  "ca_penalty": 172.72727272727272,
  "ca_fixed_penalty": 1000.0,
  "ACT": 109.54376082251083,
  "AMS": 210.3767857142857,
  "AMS_mode": "avg",
  "downloaded_mb": 31762.0,
  "reused_mb": 26089.0,
  "reuse_rate": 0.45096886829959726,
  "objective_without_ca_penalty": 159.96027326839825,
  "objective": 332.687545995671
}
[RUN][fg_frag3] drtp_img88_cacheonly_1024mb_110_seed101.json
{
  "algo": "fg-online-k8sca",
  "num_containers": 110,
  "num_edge_containers": 96,
  "num_ca_containers": 14,
  "failed_deployments": 14,
  "fail_rate": 0.12727272727272726,
  "num_nodes": 8,
  "num_eval_nodes": 9,
  "resource_model": "online_cumulative_k8s_filter_no_release",
  "ca_model": "parallel_virtual_guarantee",
  "ca_bandwidth_mb_s": 70.0,
  "ca_extra_delay": 0.0,
  "ca_penalty": 127.27272727272727,
  "ca_fixed_penalty": 1000.0,
  "ACT": 109.95264610389617,
  "AMS": 206.83630952380952,
  "AMS_mode": "avg",
  "downloaded_mb": 24781.0,
  "reused_mb": 32900.0,
  "reuse_rate": 0.5703784608449923,
  "objective_without_ca_penalty": 158.39447781385286,
  "objective": 285.6672050865801
}
[RUN][fg_frag3] drtp_img88_cacheonly_1024mb_110_seed202.json
{
  "algo": "fg-online-k8sca",
  "num_containers": 110,
  "num_edge_containers": 89,
  "num_ca_containers": 21,
  "failed_deployments": 21,
  "fail_rate": 0.19090909090909092,
  "num_nodes": 8,
  "num_eval_nodes": 9,
  "resource_model": "online_cumulative_k8s_filter_no_release",
  "ca_model": "parallel_virtual_guarantee",
  "ca_bandwidth_mb_s": 70.0,
  "ca_extra_delay": 0.0,
  "ca_penalty": 190.9090909090909,
  "ca_fixed_penalty": 1000.0,
  "ACT": 99.18031926406928,
  "AMS": 198.6878968253968,
  "AMS_mode": "avg",
  "downloaded_mb": 29184.0,
  "reused_mb": 30890.0,
  "reuse_rate": 0.5141991543762693,
  "objective_without_ca_penalty": 148.93410804473302,
  "objective": 339.84319895382396
}
[RUN][fg_frag3] drtp_img88_cacheonly_1024mb_120_seed42.json
{
  "algo": "fg-online-k8sca",
  "num_containers": 120,
  "num_edge_containers": 91,
  "num_ca_containers": 29,
  "failed_deployments": 29,
  "fail_rate": 0.24166666666666667,
  "num_nodes": 8,
  "num_eval_nodes": 9,
  "resource_model": "online_cumulative_k8s_filter_no_release",
  "ca_model": "parallel_virtual_guarantee",
  "ca_bandwidth_mb_s": 70.0,
  "ca_extra_delay": 0.0,
  "ca_penalty": 241.66666666666666,
  "ca_fixed_penalty": 1000.0,
  "ACT": 102.36384920634922,
  "AMS": 210.16706349206345,
  "AMS_mode": "avg",
  "downloaded_mb": 37721.0,
  "reused_mb": 26240.0,
  "reuse_rate": 0.4102499960913682,
  "objective_without_ca_penalty": 156.26545634920632,
  "objective": 397.932123015873
}
[RUN][fg_frag3] drtp_img88_cacheonly_1024mb_120_seed101.json
{
  "algo": "fg-online-k8sca",
  "num_containers": 120,
  "num_edge_containers": 96,
  "num_ca_containers": 24,
  "failed_deployments": 24,
  "fail_rate": 0.2,
  "num_nodes": 8,
  "num_eval_nodes": 9,
  "resource_model": "online_cumulative_k8s_filter_no_release",
  "ca_model": "parallel_virtual_guarantee",
  "ca_bandwidth_mb_s": 70.0,
  "ca_extra_delay": 0.0,
  "ca_penalty": 200.0,
  "ca_fixed_penalty": 1000.0,
  "ACT": 102.91849702380958,
  "AMS": 207.3918650793651,
  "AMS_mode": "avg",
  "downloaded_mb": 29151.0,
  "reused_mb": 32900.0,
  "reuse_rate": 0.5302090216112553,
  "objective_without_ca_penalty": 155.15518105158733,
  "objective": 355.1551810515873
}
[RUN][fg_frag3] drtp_img88_cacheonly_1024mb_120_seed202.json
{
  "algo": "fg-online-k8sca",
  "num_containers": 120,
  "num_edge_containers": 89,
  "num_ca_containers": 31,
  "failed_deployments": 31,
  "fail_rate": 0.25833333333333336,
  "num_nodes": 8,
  "num_eval_nodes": 9,
  "resource_model": "online_cumulative_k8s_filter_no_release",
  "ca_model": "parallel_virtual_guarantee",
  "ca_bandwidth_mb_s": 70.0,
  "ca_extra_delay": 0.0,
  "ca_penalty": 258.33333333333337,
  "ca_fixed_penalty": 1000.0,
  "ACT": 93.14814980158732,
  "AMS": 198.98313492063488,
  "AMS_mode": "avg",
  "downloaded_mb": 35130.0,
  "reused_mb": 30890.0,
  "reuse_rate": 0.46788851863071795,
  "objective_without_ca_penalty": 146.0656423611111,
  "objective": 404.39897569444446
}
[RUN][fg_frag3] drtp_img88_cacheonly_1024mb_140_seed42.json
{
  "algo": "fg-online-k8sca",
  "num_containers": 140,
  "num_edge_containers": 91,
  "num_ca_containers": 49,
  "failed_deployments": 49,
  "fail_rate": 0.35,
  "num_nodes": 8,
  "num_eval_nodes": 9,
  "resource_model": "online_cumulative_k8s_filter_no_release",
  "ca_model": "parallel_virtual_guarantee",
  "ca_bandwidth_mb_s": 70.0,
  "ca_extra_delay": 0.0,
  "ca_penalty": 350.0,
  "ca_fixed_penalty": 1000.0,
  "ACT": 91.21880952380955,
  "AMS": 210.46230158730157,
  "AMS_mode": "avg",
  "downloaded_mb": 48499.0,
  "reused_mb": 26240.0,
  "reuse_rate": 0.3510884544882859,
  "objective_without_ca_penalty": 150.84055555555557,
  "objective": 500.84055555555557
}
[RUN][fg_frag3] drtp_img88_cacheonly_1024mb_140_seed101.json
{
  "algo": "fg-online-k8sca",
  "num_containers": 140,
  "num_edge_containers": 96,
  "num_ca_containers": 44,
  "failed_deployments": 44,
  "fail_rate": 0.3142857142857143,
  "num_nodes": 8,
  "num_eval_nodes": 9,
  "resource_model": "online_cumulative_k8s_filter_no_release",
  "ca_model": "parallel_virtual_guarantee",
  "ca_bandwidth_mb_s": 70.0,
  "ca_extra_delay": 0.0,
  "ca_penalty": 314.2857142857143,
  "ca_fixed_penalty": 1000.0,
  "ACT": 91.55646683673474,
  "AMS": 207.3918650793651,
  "AMS_mode": "avg",
  "downloaded_mb": 39559.0,
  "reused_mb": 32900.0,
  "reuse_rate": 0.4540498764818725,
  "objective_without_ca_penalty": 149.47416595804992,
  "objective": 463.7598802437642
}
[RUN][fg_frag3] drtp_img88_cacheonly_1024mb_140_seed202.json
{
  "algo": "fg-online-k8sca",
  "num_containers": 140,
  "num_edge_containers": 89,
  "num_ca_containers": 51,
  "failed_deployments": 51,
  "fail_rate": 0.36428571428571427,
  "num_nodes": 8,
  "num_eval_nodes": 9,
  "resource_model": "online_cumulative_k8s_filter_no_release",
  "ca_model": "parallel_virtual_guarantee",
  "ca_bandwidth_mb_s": 70.0,
  "ca_extra_delay": 0.0,
  "ca_penalty": 364.2857142857143,
  "ca_fixed_penalty": 1000.0,
  "ACT": 83.08718962585036,
  "AMS": 198.98313492063488,
  "AMS_mode": "avg",
  "downloaded_mb": 43560.0,
  "reused_mb": 30890.0,
  "reuse_rate": 0.41490933512424444,
  "objective_without_ca_penalty": 141.03516227324263,
  "objective": 505.3208765589569
}
[RUN][fg_frag3] drtp_img88_cacheonly_1024mb_160_seed42.json
{
  "algo": "fg-online-k8sca",
  "num_containers": 160,
  "num_edge_containers": 91,
  "num_ca_containers": 69,
  "failed_deployments": 69,
  "fail_rate": 0.43125,
  "num_nodes": 8,
  "num_eval_nodes": 9,
  "resource_model": "online_cumulative_k8s_filter_no_release",
  "ca_model": "parallel_virtual_guarantee",
  "ca_bandwidth_mb_s": 70.0,
  "ca_extra_delay": 0.0,
  "ca_penalty": 431.25,
  "ca_fixed_penalty": 1000.0,
  "ACT": 82.83074404761909,
  "AMS": 210.46230158730157,
  "AMS_mode": "avg",
  "downloaded_mb": 58529.0,
  "reused_mb": 26240.0,
  "reuse_rate": 0.30954712217909847,
  "objective_without_ca_penalty": 146.64652281746032,
  "objective": 577.8965228174603
}
[RUN][fg_frag3] drtp_img88_cacheonly_1024mb_160_seed101.json
{
  "algo": "fg-online-k8sca",
  "num_containers": 160,
  "num_edge_containers": 96,
  "num_ca_containers": 64,
  "failed_deployments": 64,
  "fail_rate": 0.4,
  "num_nodes": 8,
  "num_eval_nodes": 9,
  "resource_model": "online_cumulative_k8s_filter_no_release",
  "ca_model": "parallel_virtual_guarantee",
  "ca_bandwidth_mb_s": 70.0,
  "ca_extra_delay": 0.0,
  "ca_penalty": 400.0,
  "ca_fixed_penalty": 1000.0,
  "ACT": 83.20976562500007,
  "AMS": 207.3918650793651,
  "AMS_mode": "avg",
  "downloaded_mb": 52345.0,
  "reused_mb": 32900.0,
  "reuse_rate": 0.3859463898175846,
  "objective_without_ca_penalty": 145.30081535218258,
  "objective": 545.3008153521826
}
[RUN][fg_frag3] drtp_img88_cacheonly_1024mb_160_seed202.json
{
  "algo": "fg-online-k8sca",
  "num_containers": 160,
  "num_edge_containers": 89,
  "num_ca_containers": 71,
  "failed_deployments": 71,
  "fail_rate": 0.44375,
  "num_nodes": 8,
  "num_eval_nodes": 9,
  "resource_model": "online_cumulative_k8s_filter_no_release",
  "ca_model": "parallel_virtual_guarantee",
  "ca_bandwidth_mb_s": 70.0,
  "ca_extra_delay": 0.0,
  "ca_penalty": 443.75,
  "ca_fixed_penalty": 1000.0,
  "ACT": 75.77950520833335,
  "AMS": 198.98313492063488,
  "AMS_mode": "avg",
  "downloaded_mb": 55076.0,
  "reused_mb": 30890.0,
  "reuse_rate": 0.35932810646069374,
  "objective_without_ca_penalty": 137.3813200644841,
  "objective": 581.131320064484
}
[RUN][fg_frag3] drtp_img88_cacheonly_1024mb_180_seed42.json
{
  "algo": "fg-online-k8sca",
  "num_containers": 180,
  "num_edge_containers": 91,
  "num_ca_containers": 89,
  "failed_deployments": 89,
  "fail_rate": 0.49444444444444446,
  "num_nodes": 8,
  "num_eval_nodes": 9,
  "resource_model": "online_cumulative_k8s_filter_no_release",
  "ca_model": "parallel_virtual_guarantee",
  "ca_bandwidth_mb_s": 70.0,
  "ca_extra_delay": 0.0,
  "ca_penalty": 494.44444444444446,
  "ca_fixed_penalty": 1000.0,
  "ACT": 76.43518518518523,
  "AMS": 210.46230158730157,
  "AMS_mode": "avg",
  "downloaded_mb": 71508.0,
  "reused_mb": 26240.0,
  "reuse_rate": 0.2684453901870115,
  "objective_without_ca_penalty": 143.4487433862434,
  "objective": 637.8931878306878
}
[RUN][fg_frag3] drtp_img88_cacheonly_1024mb_180_seed101.json
{
  "algo": "fg-online-k8sca",
  "num_containers": 180,
  "num_edge_containers": 96,
  "num_ca_containers": 84,
  "failed_deployments": 84,
  "fail_rate": 0.4666666666666667,
  "num_nodes": 8,
  "num_eval_nodes": 9,
  "resource_model": "online_cumulative_k8s_filter_no_release",
  "ca_model": "parallel_virtual_guarantee",
  "ca_bandwidth_mb_s": 70.0,
  "ca_extra_delay": 0.0,
  "ca_penalty": 466.6666666666667,
  "ca_fixed_penalty": 1000.0,
  "ACT": 76.82606150793659,
  "AMS": 207.3918650793651,
  "AMS_mode": "avg",
  "downloaded_mb": 64254.0,
  "reused_mb": 32900.0,
  "reuse_rate": 0.33863762686044835,
  "objective_without_ca_penalty": 142.10896329365085,
  "objective": 608.7756299603175
}
[RUN][fg_frag3] drtp_img88_cacheonly_1024mb_180_seed202.json
{
  "algo": "fg-online-k8sca",
  "num_containers": 180,
  "num_edge_containers": 89,
  "num_ca_containers": 91,
  "failed_deployments": 91,
  "fail_rate": 0.5055555555555555,
  "num_nodes": 8,
  "num_eval_nodes": 9,
  "resource_model": "online_cumulative_k8s_filter_no_release",
  "ca_model": "parallel_virtual_guarantee",
  "ca_bandwidth_mb_s": 70.0,
  "ca_extra_delay": 0.0,
  "ca_penalty": 505.55555555555554,
  "ca_fixed_penalty": 1000.0,
  "ACT": 70.10709986772488,
  "AMS": 199.60853174603173,
  "AMS_mode": "avg",
  "downloaded_mb": 66035.0,
  "reused_mb": 30890.0,
  "reuse_rate": 0.31870002579313905,
  "objective_without_ca_penalty": 134.8578158068783,
  "objective": 640.4133713624338
}
[RUN][fg_frag3] drtp_img88_cacheonly_1024mb_200_seed42.json
{
  "algo": "fg-online-k8sca",
  "num_containers": 200,
  "num_edge_containers": 91,
  "num_ca_containers": 109,
  "failed_deployments": 109,
  "fail_rate": 0.545,
  "num_nodes": 8,
  "num_eval_nodes": 9,
  "resource_model": "online_cumulative_k8s_filter_no_release",
  "ca_model": "parallel_virtual_guarantee",
  "ca_bandwidth_mb_s": 70.0,
  "ca_extra_delay": 0.0,
  "ca_penalty": 545.0,
  "ca_fixed_penalty": 1000.0,
  "ACT": 71.40713988095243,
  "AMS": 211.2974206349206,
  "AMS_mode": "avg",
  "downloaded_mb": 82765.0,
  "reused_mb": 26089.0,
  "reuse_rate": 0.23966964925496537,
  "objective_without_ca_penalty": 141.3522802579365,
  "objective": 686.3522802579365
}
[RUN][fg_frag3] drtp_img88_cacheonly_1024mb_200_seed101.json
{
  "algo": "fg-online-k8sca",
  "num_containers": 200,
  "num_edge_containers": 96,
  "num_ca_containers": 104,
  "failed_deployments": 104,
  "fail_rate": 0.52,
  "num_nodes": 8,
  "num_eval_nodes": 9,
  "resource_model": "online_cumulative_k8s_filter_no_release",
  "ca_model": "parallel_virtual_guarantee",
  "ca_bandwidth_mb_s": 70.0,
  "ca_extra_delay": 0.0,
  "ca_penalty": 520.0,
  "ca_fixed_penalty": 1000.0,
  "ACT": 71.69945535714291,
  "AMS": 207.3918650793651,
  "AMS_mode": "avg",
  "downloaded_mb": 75958.0,
  "reused_mb": 32900.0,
  "reuse_rate": 0.30222859137592095,
  "objective_without_ca_penalty": 139.545660218254,
  "objective": 659.5456602182539
}
[RUN][fg_frag3] drtp_img88_cacheonly_1024mb_200_seed202.json
{
  "algo": "fg-online-k8sca",
  "num_containers": 200,
  "num_edge_containers": 89,
  "num_ca_containers": 111,
  "failed_deployments": 111,
  "fail_rate": 0.555,
  "num_nodes": 8,
  "num_eval_nodes": 9,
  "resource_model": "online_cumulative_k8s_filter_no_release",
  "ca_model": "parallel_virtual_guarantee",
  "ca_bandwidth_mb_s": 70.0,
  "ca_extra_delay": 0.0,
  "ca_penalty": 555.0,
  "ca_fixed_penalty": 1000.0,
  "ACT": 65.55331845238098,
  "AMS": 199.60853174603173,
  "AMS_mode": "avg",
  "downloaded_mb": 77962.0,
  "reused_mb": 30890.0,
  "reuse_rate": 0.2837798111196854,
  "objective_without_ca_penalty": 132.58092509920635,
  "objective": 687.5809250992063
}
############################################################
[CONFIG] fg_frag10
ARGS=--lambda-cong 1.0 --lambda-frag 10.0 --lambda-aff 0.2 --lambda-task-load 0.03 --theta-cong-count 0.0 --greedy-load-factor 0.0
############################################################
[RUN][fg_frag10] drtp_img88_cacheonly_1024mb_60_seed42.json
{
  "algo": "fg-online-k8sca",
  "num_containers": 60,
  "num_edge_containers": 60,
  "num_ca_containers": 0,
  "failed_deployments": 0,
  "fail_rate": 0.0,
  "num_nodes": 8,
  "num_eval_nodes": 8,
  "resource_model": "online_cumulative_k8s_filter_no_release",
  "ca_model": "parallel_virtual_guarantee",
  "ca_bandwidth_mb_s": 70.0,
  "ca_extra_delay": 0.0,
  "ca_penalty": 0.0,
  "ca_fixed_penalty": 1000.0,
  "ACT": 134.1199305555555,
  "AMS": 157.68020833333333,
  "AMS_mode": "avg",
  "downloaded_mb": 19846.0,
  "reused_mb": 11454.0,
  "reuse_rate": 0.36594249201277956,
  "objective_without_ca_penalty": 145.9000694444444,
  "objective": 145.9000694444444
}
[RUN][fg_frag10] drtp_img88_cacheonly_1024mb_60_seed101.json
{
  "algo": "fg-online-k8sca",
  "num_containers": 60,
  "num_edge_containers": 60,
  "num_ca_containers": 0,
  "failed_deployments": 0,
  "fail_rate": 0.0,
  "num_nodes": 8,
  "num_eval_nodes": 8,
  "resource_model": "online_cumulative_k8s_filter_no_release",
  "ca_model": "parallel_virtual_guarantee",
  "ca_bandwidth_mb_s": 70.0,
  "ca_extra_delay": 0.0,
  "ca_penalty": 0.0,
  "ca_fixed_penalty": 1000.0,
  "ACT": 126.97673611111117,
  "AMS": 151.93958333333333,
  "AMS_mode": "avg",
  "downloaded_mb": 16191.0,
  "reused_mb": 14539.0,
  "reuse_rate": 0.47312072892938495,
  "objective_without_ca_penalty": 139.45815972222226,
  "objective": 139.45815972222226
}
[RUN][fg_frag10] drtp_img88_cacheonly_1024mb_60_seed202.json
{
  "algo": "fg-online-k8sca",
  "num_containers": 60,
  "num_edge_containers": 60,
  "num_ca_containers": 0,
  "failed_deployments": 0,
  "fail_rate": 0.0,
  "num_nodes": 8,
  "num_eval_nodes": 8,
  "resource_model": "online_cumulative_k8s_filter_no_release",
  "ca_model": "parallel_virtual_guarantee",
  "ca_bandwidth_mb_s": 70.0,
  "ca_extra_delay": 0.0,
  "ca_penalty": 0.0,
  "ca_fixed_penalty": 1000.0,
  "ACT": 97.68694444444453,
  "AMS": 140.47291666666666,
  "AMS_mode": "avg",
  "downloaded_mb": 9223.0,
  "reused_mb": 24074.0,
  "reuse_rate": 0.7230080788058985,
  "objective_without_ca_penalty": 119.07993055555559,
  "objective": 119.07993055555559
}
[RUN][fg_frag10] drtp_img88_cacheonly_1024mb_70_seed42.json
{
  "algo": "fg-online-k8sca",
  "num_containers": 70,
  "num_edge_containers": 70,
  "num_ca_containers": 0,
  "failed_deployments": 0,
  "fail_rate": 0.0,
  "num_nodes": 8,
  "num_eval_nodes": 8,
  "resource_model": "online_cumulative_k8s_filter_no_release",
  "ca_model": "parallel_virtual_guarantee",
  "ca_bandwidth_mb_s": 70.0,
  "ca_extra_delay": 0.0,
  "ca_penalty": 0.0,
  "ca_fixed_penalty": 1000.0,
  "ACT": 134.76363095238096,
  "AMS": 185.33645833333333,
  "AMS_mode": "avg",
  "downloaded_mb": 24127.0,
  "reused_mb": 12224.0,
  "reuse_rate": 0.3362768562075321,
  "objective_without_ca_penalty": 160.05004464285713,
  "objective": 160.05004464285713
}
[RUN][fg_frag10] drtp_img88_cacheonly_1024mb_70_seed101.json
{
  "algo": "fg-online-k8sca",
  "num_containers": 70,
  "num_edge_containers": 70,
  "num_ca_containers": 0,
  "failed_deployments": 0,
  "fail_rate": 0.0,
  "num_nodes": 8,
  "num_eval_nodes": 8,
  "resource_model": "online_cumulative_k8s_filter_no_release",
  "ca_model": "parallel_virtual_guarantee",
  "ca_bandwidth_mb_s": 70.0,
  "ca_extra_delay": 0.0,
  "ca_penalty": 0.0,
  "ca_fixed_penalty": 1000.0,
  "ACT": 126.00744047619054,
  "AMS": 178.00833333333333,
  "AMS_mode": "avg",
  "downloaded_mb": 19824.0,
  "reused_mb": 16723.0,
  "reuse_rate": 0.4575751771691247,
  "objective_without_ca_penalty": 152.00788690476193,
  "objective": 152.00788690476193
}
[RUN][fg_frag10] drtp_img88_cacheonly_1024mb_70_seed202.json
{
  "algo": "fg-online-k8sca",
  "num_containers": 70,
  "num_edge_containers": 70,
  "num_ca_containers": 0,
  "failed_deployments": 0,
  "fail_rate": 0.0,
  "num_nodes": 8,
  "num_eval_nodes": 8,
  "resource_model": "online_cumulative_k8s_filter_no_release",
  "ca_model": "parallel_virtual_guarantee",
  "ca_bandwidth_mb_s": 70.0,
  "ca_extra_delay": 0.0,
  "ca_penalty": 0.0,
  "ca_fixed_penalty": 1000.0,
  "ACT": 104.1140476190477,
  "AMS": 165.7895833333333,
  "AMS_mode": "avg",
  "downloaded_mb": 11684.0,
  "reused_mb": 28763.0,
  "reuse_rate": 0.7111281430019532,
  "objective_without_ca_penalty": 134.9518154761905,
  "objective": 134.9518154761905
}
[RUN][fg_frag10] drtp_img88_cacheonly_1024mb_80_seed42.json
{
  "algo": "fg-online-k8sca",
  "num_containers": 80,
  "num_edge_containers": 80,
  "num_ca_containers": 0,
  "failed_deployments": 0,
  "fail_rate": 0.0,
  "num_nodes": 8,
  "num_eval_nodes": 8,
  "resource_model": "online_cumulative_k8s_filter_no_release",
  "ca_model": "parallel_virtual_guarantee",
  "ca_bandwidth_mb_s": 70.0,
  "ca_extra_delay": 0.0,
  "ca_penalty": 0.0,
  "ca_fixed_penalty": 1000.0,
  "ACT": 133.94921875000009,
  "AMS": 219.29479166666667,
  "AMS_mode": "avg",
  "downloaded_mb": 29807.0,
  "reused_mb": 12538.0,
  "reuse_rate": 0.2960916282914158,
  "objective_without_ca_penalty": 176.62200520833338,
  "objective": 176.62200520833338
}
[RUN][fg_frag10] drtp_img88_cacheonly_1024mb_80_seed101.json
{
  "algo": "fg-online-k8sca",
  "num_containers": 80,
  "num_edge_containers": 80,
  "num_ca_containers": 0,
  "failed_deployments": 0,
  "fail_rate": 0.0,
  "num_nodes": 8,
  "num_eval_nodes": 8,
  "resource_model": "online_cumulative_k8s_filter_no_release",
  "ca_model": "parallel_virtual_guarantee",
  "ca_bandwidth_mb_s": 70.0,
  "ca_extra_delay": 0.0,
  "ca_penalty": 0.0,
  "ca_fixed_penalty": 1000.0,
  "ACT": 124.09630208333343,
  "AMS": 206.71875,
  "AMS_mode": "avg",
  "downloaded_mb": 24965.0,
  "reused_mb": 17502.0,
  "reuse_rate": 0.41213177290602115,
  "objective_without_ca_penalty": 165.4075260416667,
  "objective": 165.4075260416667
}
[RUN][fg_frag10] drtp_img88_cacheonly_1024mb_80_seed202.json
{
  "algo": "fg-online-k8sca",
  "num_containers": 80,
  "num_edge_containers": 80,
  "num_ca_containers": 0,
  "failed_deployments": 0,
  "fail_rate": 0.0,
  "num_nodes": 8,
  "num_eval_nodes": 8,
  "resource_model": "online_cumulative_k8s_filter_no_release",
  "ca_model": "parallel_virtual_guarantee",
  "ca_bandwidth_mb_s": 70.0,
  "ca_extra_delay": 0.0,
  "ca_penalty": 0.0,
  "ca_fixed_penalty": 1000.0,
  "ACT": 110.37500000000003,
  "AMS": 192.32083333333333,
  "AMS_mode": "avg",
  "downloaded_mb": 13877.0,
  "reused_mb": 30340.0,
  "reuse_rate": 0.6861614311237759,
  "objective_without_ca_penalty": 151.34791666666666,
  "objective": 151.34791666666666
}
[RUN][fg_frag10] drtp_img88_cacheonly_1024mb_90_seed42.json
{
  "algo": "fg-online-k8sca",
  "num_containers": 90,
  "num_edge_containers": 90,
  "num_ca_containers": 0,
  "failed_deployments": 0,
  "fail_rate": 0.0,
  "num_nodes": 8,
  "num_eval_nodes": 8,
  "resource_model": "online_cumulative_k8s_filter_no_release",
  "ca_model": "parallel_virtual_guarantee",
  "ca_bandwidth_mb_s": 70.0,
  "ca_extra_delay": 0.0,
  "ca_penalty": 0.0,
  "ca_fixed_penalty": 1000.0,
  "ACT": 135.69152777777782,
  "AMS": 252.05104166666663,
  "AMS_mode": "avg",
  "downloaded_mb": 35330.0,
  "reused_mb": 12976.0,
  "reuse_rate": 0.2686208752535917,
  "objective_without_ca_penalty": 193.87128472222224,
  "objective": 193.87128472222224
}
[RUN][fg_frag10] drtp_img88_cacheonly_1024mb_90_seed101.json
{
  "algo": "fg-online-k8sca",
  "num_containers": 90,
  "num_edge_containers": 90,
  "num_ca_containers": 0,
  "failed_deployments": 0,
  "fail_rate": 0.0,
  "num_nodes": 8,
  "num_eval_nodes": 8,
  "resource_model": "online_cumulative_k8s_filter_no_release",
  "ca_model": "parallel_virtual_guarantee",
  "ca_bandwidth_mb_s": 70.0,
  "ca_extra_delay": 0.0,
  "ca_penalty": 0.0,
  "ca_fixed_penalty": 1000.0,
  "ACT": 122.73893518518527,
  "AMS": 230.62291666666667,
  "AMS_mode": "avg",
  "downloaded_mb": 25459.0,
  "reused_mb": 23257.0,
  "reuse_rate": 0.4773996223006815,
  "objective_without_ca_penalty": 176.68092592592598,
  "objective": 176.68092592592598
}
[RUN][fg_frag10] drtp_img88_cacheonly_1024mb_90_seed202.json
{
  "algo": "fg-online-k8sca",
  "num_containers": 90,
  "num_edge_containers": 88,
  "num_ca_containers": 2,
  "failed_deployments": 2,
  "fail_rate": 0.022222222222222223,
  "num_nodes": 8,
  "num_eval_nodes": 9,
  "resource_model": "online_cumulative_k8s_filter_no_release",
  "ca_model": "parallel_virtual_guarantee",
  "ca_bandwidth_mb_s": 70.0,
  "ca_extra_delay": 0.0,
  "ca_penalty": 22.22222222222222,
  "ca_fixed_penalty": 1000.0,
  "ACT": 115.15392195767197,
  "AMS": 192.4312169312169,
  "AMS_mode": "avg",
  "downloaded_mb": 16964.0,
  "reused_mb": 33467.0,
  "reuse_rate": 0.6636195990561361,
  "objective_without_ca_penalty": 153.79256944444444,
  "objective": 176.01479166666667
}
[RUN][fg_frag10] drtp_img88_cacheonly_1024mb_100_seed42.json
{
  "algo": "fg-online-k8sca",
  "num_containers": 100,
  "num_edge_containers": 91,
  "num_ca_containers": 9,
  "failed_deployments": 9,
  "fail_rate": 0.09,
  "num_nodes": 8,
  "num_eval_nodes": 9,
  "resource_model": "online_cumulative_k8s_filter_no_release",
  "ca_model": "parallel_virtual_guarantee",
  "ca_bandwidth_mb_s": 70.0,
  "ca_extra_delay": 0.0,
  "ca_penalty": 90.0,
  "ca_fixed_penalty": 1000.0,
  "ACT": 126.71737500000006,
  "AMS": 231.75780423280423,
  "AMS_mode": "avg",
  "downloaded_mb": 39549.0,
  "reused_mb": 13112.0,
  "reuse_rate": 0.24898881525227398,
  "objective_without_ca_penalty": 179.23758961640215,
  "objective": 269.23758961640215
}
[RUN][fg_frag10] drtp_img88_cacheonly_1024mb_100_seed101.json
{
  "algo": "fg-online-k8sca",
  "num_containers": 100,
  "num_edge_containers": 96,
  "num_ca_containers": 4,
  "failed_deployments": 4,
  "fail_rate": 0.04,
  "num_nodes": 8,
  "num_eval_nodes": 9,
  "resource_model": "online_cumulative_k8s_filter_no_release",
  "ca_model": "parallel_virtual_guarantee",
  "ca_bandwidth_mb_s": 70.0,
  "ca_extra_delay": 0.0,
  "ca_penalty": 40.0,
  "ca_fixed_penalty": 1000.0,
  "ACT": 123.04030357142865,
  "AMS": 221.3592592592593,
  "AMS_mode": "avg",
  "downloaded_mb": 29117.0,
  "reused_mb": 22958.0,
  "reuse_rate": 0.44086413826212195,
  "objective_without_ca_penalty": 172.19978141534398,
  "objective": 212.19978141534398
}
[RUN][fg_frag10] drtp_img88_cacheonly_1024mb_100_seed202.json
{
  "algo": "fg-online-k8sca",
  "num_containers": 100,
  "num_edge_containers": 89,
  "num_ca_containers": 11,
  "failed_deployments": 11,
  "fail_rate": 0.11,
  "num_nodes": 8,
  "num_eval_nodes": 9,
  "resource_model": "online_cumulative_k8s_filter_no_release",
  "ca_model": "parallel_virtual_guarantee",
  "ca_bandwidth_mb_s": 70.0,
  "ca_extra_delay": 0.0,
  "ca_penalty": 110.0,
  "ca_fixed_penalty": 1000.0,
  "ACT": 107.61967261904762,
  "AMS": 194.39947089947088,
  "AMS_mode": "avg",
  "downloaded_mb": 21074.0,
  "reused_mb": 33971.0,
  "reuse_rate": 0.6171496048687437,
  "objective_without_ca_penalty": 151.00957175925925,
  "objective": 261.00957175925925
}
[RUN][fg_frag10] drtp_img88_cacheonly_1024mb_110_seed42.json
{
  "algo": "fg-online-k8sca",
  "num_containers": 110,
  "num_edge_containers": 91,
  "num_ca_containers": 19,
  "failed_deployments": 19,
  "fail_rate": 0.17272727272727273,
  "num_nodes": 8,
  "num_eval_nodes": 9,
  "resource_model": "online_cumulative_k8s_filter_no_release",
  "ca_model": "parallel_virtual_guarantee",
  "ca_bandwidth_mb_s": 70.0,
  "ca_extra_delay": 0.0,
  "ca_penalty": 172.72727272727272,
  "ca_fixed_penalty": 1000.0,
  "ACT": 117.32618506493513,
  "AMS": 231.75780423280423,
  "AMS_mode": "avg",
  "downloaded_mb": 44739.0,
  "reused_mb": 13112.0,
  "reuse_rate": 0.2266512246979309,
  "objective_without_ca_penalty": 174.5419946488697,
  "objective": 347.2692673761424
}
[RUN][fg_frag10] drtp_img88_cacheonly_1024mb_110_seed101.json
{
  "algo": "fg-online-k8sca",
  "num_containers": 110,
  "num_edge_containers": 96,
  "num_ca_containers": 14,
  "failed_deployments": 14,
  "fail_rate": 0.12727272727272726,
  "num_nodes": 8,
  "num_eval_nodes": 9,
  "resource_model": "online_cumulative_k8s_filter_no_release",
  "ca_model": "parallel_virtual_guarantee",
  "ca_bandwidth_mb_s": 70.0,
  "ca_extra_delay": 0.0,
  "ca_penalty": 127.27272727272727,
  "ca_fixed_penalty": 1000.0,
  "ACT": 114.23741883116891,
  "AMS": 223.10529100529104,
  "AMS_mode": "avg",
  "downloaded_mb": 34723.0,
  "reused_mb": 22958.0,
  "reuse_rate": 0.398016677935542,
  "objective_without_ca_penalty": 168.67135491822998,
  "objective": 295.94408219095726
}
[RUN][fg_frag10] drtp_img88_cacheonly_1024mb_110_seed202.json
{
  "algo": "fg-online-k8sca",
  "num_containers": 110,
  "num_edge_containers": 89,
  "num_ca_containers": 21,
  "failed_deployments": 21,
  "fail_rate": 0.19090909090909092,
  "num_nodes": 8,
  "num_eval_nodes": 9,
  "resource_model": "online_cumulative_k8s_filter_no_release",
  "ca_model": "parallel_virtual_guarantee",
  "ca_bandwidth_mb_s": 70.0,
  "ca_extra_delay": 0.0,
  "ca_penalty": 190.9090909090909,
  "ca_fixed_penalty": 1000.0,
  "ACT": 99.87100108225107,
  "AMS": 194.39947089947088,
  "AMS_mode": "avg",
  "downloaded_mb": 26103.0,
  "reused_mb": 33971.0,
  "reuse_rate": 0.5654859007224423,
  "objective_without_ca_penalty": 147.13523599086096,
  "objective": 338.0443268999519
}
[RUN][fg_frag10] drtp_img88_cacheonly_1024mb_120_seed42.json
{
  "algo": "fg-online-k8sca",
  "num_containers": 120,
  "num_edge_containers": 91,
  "num_ca_containers": 29,
  "failed_deployments": 29,
  "fail_rate": 0.24166666666666667,
  "num_nodes": 8,
  "num_eval_nodes": 9,
  "resource_model": "online_cumulative_k8s_filter_no_release",
  "ca_model": "parallel_virtual_guarantee",
  "ca_bandwidth_mb_s": 70.0,
  "ca_extra_delay": 0.0,
  "ca_penalty": 241.66666666666666,
  "ca_fixed_penalty": 1000.0,
  "ACT": 109.57638392857149,
  "AMS": 231.75780423280423,
  "AMS_mode": "avg",
  "downloaded_mb": 50849.0,
  "reused_mb": 13112.0,
  "reuse_rate": 0.20499992182736354,
  "objective_without_ca_penalty": 170.66709408068786,
  "objective": 412.3337607473545
}
[RUN][fg_frag10] drtp_img88_cacheonly_1024mb_120_seed101.json
{
  "algo": "fg-online-k8sca",
  "num_containers": 120,
  "num_edge_containers": 96,
  "num_ca_containers": 24,
  "failed_deployments": 24,
  "fail_rate": 0.2,
  "num_nodes": 8,
  "num_eval_nodes": 9,
  "resource_model": "online_cumulative_k8s_filter_no_release",
  "ca_model": "parallel_virtual_guarantee",
  "ca_bandwidth_mb_s": 70.0,
  "ca_extra_delay": 0.0,
  "ca_penalty": 200.0,
  "ca_fixed_penalty": 1000.0,
  "ACT": 106.84620535714292,
  "AMS": 223.6608465608466,
  "AMS_mode": "avg",
  "downloaded_mb": 39093.0,
  "reused_mb": 22958.0,
  "reuse_rate": 0.3699859792751124,
  "objective_without_ca_penalty": 165.25352595899477,
  "objective": 365.25352595899477
}
[RUN][fg_frag10] drtp_img88_cacheonly_1024mb_120_seed202.json
{
  "algo": "fg-online-k8sca",
  "num_containers": 120,
  "num_edge_containers": 89,
  "num_ca_containers": 31,
  "failed_deployments": 31,
  "fail_rate": 0.25833333333333336,
  "num_nodes": 8,
  "num_eval_nodes": 9,
  "resource_model": "online_cumulative_k8s_filter_no_release",
  "ca_model": "parallel_virtual_guarantee",
  "ca_bandwidth_mb_s": 70.0,
  "ca_extra_delay": 0.0,
  "ca_penalty": 258.33333333333337,
  "ca_fixed_penalty": 1000.0,
  "ACT": 93.78127480158729,
  "AMS": 194.694708994709,
  "AMS_mode": "avg",
  "downloaded_mb": 32049.0,
  "reused_mb": 33971.0,
  "reuse_rate": 0.5145561950923963,
  "objective_without_ca_penalty": 144.23799189814815,
  "objective": 402.5713252314815
}
[RUN][fg_frag10] drtp_img88_cacheonly_1024mb_140_seed42.json
{
  "algo": "fg-online-k8sca",
  "num_containers": 140,
  "num_edge_containers": 91,
  "num_ca_containers": 49,
  "failed_deployments": 49,
  "fail_rate": 0.35,
  "num_nodes": 8,
  "num_eval_nodes": 9,
  "resource_model": "online_cumulative_k8s_filter_no_release",
  "ca_model": "parallel_virtual_guarantee",
  "ca_bandwidth_mb_s": 70.0,
  "ca_extra_delay": 0.0,
  "ca_penalty": 350.0,
  "ca_fixed_penalty": 1000.0,
  "ACT": 97.40098214285722,
  "AMS": 232.05304232804232,
  "AMS_mode": "avg",
  "downloaded_mb": 61627.0,
  "reused_mb": 13112.0,
  "reuse_rate": 0.17543718808118922,
  "objective_without_ca_penalty": 164.72701223544976,
  "objective": 514.7270122354498
}
[RUN][fg_frag10] drtp_img88_cacheonly_1024mb_140_seed101.json
{
  "algo": "fg-online-k8sca",
  "num_containers": 140,
  "num_edge_containers": 96,
  "num_ca_containers": 44,
  "failed_deployments": 44,
  "fail_rate": 0.3142857142857143,
  "num_nodes": 8,
  "num_eval_nodes": 9,
  "resource_model": "online_cumulative_k8s_filter_no_release",
  "ca_model": "parallel_virtual_guarantee",
  "ca_bandwidth_mb_s": 70.0,
  "ca_extra_delay": 0.0,
  "ca_penalty": 314.2857142857143,
  "ca_fixed_penalty": 1000.0,
  "ACT": 94.92307397959189,
  "AMS": 223.6608465608466,
  "AMS_mode": "avg",
  "downloaded_mb": 49501.0,
  "reused_mb": 22958.0,
  "reuse_rate": 0.31684124815412856,
  "objective_without_ca_penalty": 159.29196027021925,
  "objective": 473.5776745559335
}
[RUN][fg_frag10] drtp_img88_cacheonly_1024mb_140_seed202.json
{
  "algo": "fg-online-k8sca",
  "num_containers": 140,
  "num_edge_containers": 89,
  "num_ca_containers": 51,
  "failed_deployments": 51,
  "fail_rate": 0.36428571428571427,
  "num_nodes": 8,
  "num_eval_nodes": 9,
  "resource_model": "online_cumulative_k8s_filter_no_release",
  "ca_model": "parallel_virtual_guarantee",
  "ca_bandwidth_mb_s": 70.0,
  "ca_extra_delay": 0.0,
  "ca_penalty": 364.2857142857143,
  "ca_fixed_penalty": 1000.0,
  "ACT": 83.6298681972789,
  "AMS": 194.694708994709,
  "AMS_mode": "avg",
  "downloaded_mb": 40479.0,
  "reused_mb": 33971.0,
  "reuse_rate": 0.45629281396910676,
  "objective_without_ca_penalty": 139.16228859599394,
  "objective": 503.44800288170825
}
[RUN][fg_frag10] drtp_img88_cacheonly_1024mb_160_seed42.json
{
  "algo": "fg-online-k8sca",
  "num_containers": 160,
  "num_edge_containers": 91,
  "num_ca_containers": 69,
  "failed_deployments": 69,
  "fail_rate": 0.43125,
  "num_nodes": 8,
  "num_eval_nodes": 9,
  "resource_model": "online_cumulative_k8s_filter_no_release",
  "ca_model": "parallel_virtual_guarantee",
  "ca_bandwidth_mb_s": 70.0,
  "ca_extra_delay": 0.0,
  "ca_penalty": 431.25,
  "ca_fixed_penalty": 1000.0,
  "ACT": 88.24014508928579,
  "AMS": 232.05304232804232,
  "AMS_mode": "avg",
  "downloaded_mb": 71657.0,
  "reused_mb": 13112.0,
  "reuse_rate": 0.15467918696693367,
  "objective_without_ca_penalty": 160.14659370866406,
  "objective": 591.3965937086641
}
[RUN][fg_frag10] drtp_img88_cacheonly_1024mb_160_seed101.json
{
  "algo": "fg-online-k8sca",
  "num_containers": 160,
  "num_edge_containers": 96,
  "num_ca_containers": 64,
  "failed_deployments": 64,
  "fail_rate": 0.4,
  "num_nodes": 8,
  "num_eval_nodes": 9,
  "resource_model": "online_cumulative_k8s_filter_no_release",
  "ca_model": "parallel_virtual_guarantee",
  "ca_bandwidth_mb_s": 70.0,
  "ca_extra_delay": 0.0,
  "ca_penalty": 400.0,
  "ca_fixed_penalty": 1000.0,
  "ACT": 86.15554687500007,
  "AMS": 223.6608465608466,
  "AMS_mode": "avg",
  "downloaded_mb": 62287.0,
  "reused_mb": 22958.0,
  "reuse_rate": 0.2693178485541674,
  "objective_without_ca_penalty": 154.90819671792335,
  "objective": 554.9081967179234
}
[RUN][fg_frag10] drtp_img88_cacheonly_1024mb_160_seed202.json
{
  "algo": "fg-online-k8sca",
  "num_containers": 160,
  "num_edge_containers": 89,
  "num_ca_containers": 71,
  "failed_deployments": 71,
  "fail_rate": 0.44375,
  "num_nodes": 8,
  "num_eval_nodes": 9,
  "resource_model": "online_cumulative_k8s_filter_no_release",
  "ca_model": "parallel_virtual_guarantee",
  "ca_bandwidth_mb_s": 70.0,
  "ca_extra_delay": 0.0,
  "ca_penalty": 443.75,
  "ca_fixed_penalty": 1000.0,
  "ACT": 76.25434895833332,
  "AMS": 194.694708994709,
  "AMS_mode": "avg",
  "downloaded_mb": 51995.0,
  "reused_mb": 33971.0,
  "reuse_rate": 0.3951678570597678,
  "objective_without_ca_penalty": 135.47452897652116,
  "objective": 579.2245289765211
}
[RUN][fg_frag10] drtp_img88_cacheonly_1024mb_180_seed42.json
{
  "algo": "fg-online-k8sca",
  "num_containers": 180,
  "num_edge_containers": 91,
  "num_ca_containers": 89,
  "failed_deployments": 89,
  "fail_rate": 0.49444444444444446,
  "num_nodes": 8,
  "num_eval_nodes": 9,
  "resource_model": "online_cumulative_k8s_filter_no_release",
  "ca_model": "parallel_virtual_guarantee",
  "ca_bandwidth_mb_s": 70.0,
  "ca_extra_delay": 0.0,
  "ca_penalty": 494.44444444444446,
  "ca_fixed_penalty": 1000.0,
  "ACT": 81.24354166666676,
  "AMS": 232.05304232804232,
  "AMS_mode": "avg",
  "downloaded_mb": 84636.0,
  "reused_mb": 13112.0,
  "reuse_rate": 0.13414085198674142,
  "objective_without_ca_penalty": 156.64829199735453,
  "objective": 651.0927364417989
}
[RUN][fg_frag10] drtp_img88_cacheonly_1024mb_180_seed101.json
{
  "algo": "fg-online-k8sca",
  "num_containers": 180,
  "num_edge_containers": 96,
  "num_ca_containers": 84,
  "failed_deployments": 84,
  "fail_rate": 0.4666666666666667,
  "num_nodes": 8,
  "num_eval_nodes": 9,
  "resource_model": "online_cumulative_k8s_filter_no_release",
  "ca_model": "parallel_virtual_guarantee",
  "ca_bandwidth_mb_s": 70.0,
  "ca_extra_delay": 0.0,
  "ca_penalty": 466.6666666666667,
  "ca_fixed_penalty": 1000.0,
  "ACT": 79.44453373015881,
  "AMS": 223.6608465608466,
  "AMS_mode": "avg",
  "downloaded_mb": 74196.0,
  "reused_mb": 22958.0,
  "reuse_rate": 0.2363052473392758,
  "objective_without_ca_penalty": 151.5526901455027,
  "objective": 618.2193568121694
}
[RUN][fg_frag10] drtp_img88_cacheonly_1024mb_180_seed202.json
{
  "algo": "fg-online-k8sca",
  "num_containers": 180,
  "num_edge_containers": 89,
  "num_ca_containers": 91,
  "failed_deployments": 91,
  "fail_rate": 0.5055555555555555,
  "num_nodes": 8,
  "num_eval_nodes": 9,
  "resource_model": "online_cumulative_k8s_filter_no_release",
  "ca_model": "parallel_virtual_guarantee",
  "ca_bandwidth_mb_s": 70.0,
  "ca_extra_delay": 0.0,
  "ca_penalty": 505.55555555555554,
  "ca_fixed_penalty": 1000.0,
  "ACT": 70.5291832010582,
  "AMS": 195.32010582010582,
  "AMS_mode": "avg",
  "downloaded_mb": 62954.0,
  "reused_mb": 33971.0,
  "reuse_rate": 0.35048749032757287,
  "objective_without_ca_penalty": 132.92464451058203,
  "objective": 638.4802000661375
}
[RUN][fg_frag10] drtp_img88_cacheonly_1024mb_200_seed42.json
{
  "algo": "fg-online-k8sca",
  "num_containers": 200,
  "num_edge_containers": 91,
  "num_ca_containers": 109,
  "failed_deployments": 109,
  "fail_rate": 0.545,
  "num_nodes": 8,
  "num_eval_nodes": 9,
  "resource_model": "online_cumulative_k8s_filter_no_release",
  "ca_model": "parallel_virtual_guarantee",
  "ca_bandwidth_mb_s": 70.0,
  "ca_extra_delay": 0.0,
  "ca_penalty": 545.0,
  "ca_fixed_penalty": 1000.0,
  "ACT": 75.68747321428579,
  "AMS": 232.67843915343914,
  "AMS_mode": "avg",
  "downloaded_mb": 95742.0,
  "reused_mb": 13112.0,
  "reuse_rate": 0.12045492127069285,
  "objective_without_ca_penalty": 154.18295618386247,
  "objective": 699.1829561838624
}
[RUN][fg_frag10] drtp_img88_cacheonly_1024mb_200_seed101.json
{
  "algo": "fg-online-k8sca",
  "num_containers": 200,
  "num_edge_containers": 96,
  "num_ca_containers": 104,
  "failed_deployments": 104,
  "fail_rate": 0.52,
  "num_nodes": 8,
  "num_eval_nodes": 9,
  "resource_model": "online_cumulative_k8s_filter_no_release",
  "ca_model": "parallel_virtual_guarantee",
  "ca_bandwidth_mb_s": 70.0,
  "ca_extra_delay": 0.0,
  "ca_penalty": 520.0,
  "ca_fixed_penalty": 1000.0,
  "ACT": 74.05608035714292,
  "AMS": 223.6608465608466,
  "AMS_mode": "avg",
  "downloaded_mb": 85900.0,
  "reused_mb": 22958.0,
  "reuse_rate": 0.2108986018482794,
  "objective_without_ca_penalty": 148.85846345899478,
  "objective": 668.8584634589947
}
[RUN][fg_frag10] drtp_img88_cacheonly_1024mb_200_seed202.json
{
  "algo": "fg-online-k8sca",
  "num_containers": 200,
  "num_edge_containers": 89,
  "num_ca_containers": 111,
  "failed_deployments": 111,
  "fail_rate": 0.555,
  "num_nodes": 8,
  "num_eval_nodes": 9,
  "resource_model": "online_cumulative_k8s_filter_no_release",
  "ca_model": "parallel_virtual_guarantee",
  "ca_bandwidth_mb_s": 70.0,
  "ca_extra_delay": 0.0,
  "ca_penalty": 555.0,
  "ca_fixed_penalty": 1000.0,
  "ACT": 65.93319345238096,
  "AMS": 195.32010582010582,
  "AMS_mode": "avg",
  "downloaded_mb": 74881.0,
  "reused_mb": 33971.0,
  "reuse_rate": 0.3120842979458347,
  "objective_without_ca_penalty": 130.6266496362434,
  "objective": 685.6266496362434
}
############################################################
[CONFIG] fg_pack_bal
ARGS=--lambda-cong 1.0 --lambda-frag 5.0 --lambda-aff 0.2 --lambda-task-load 0.5 --theta-cong-count 1.0 --greedy-load-factor 1.0
############################################################
[RUN][fg_pack_bal] drtp_img88_cacheonly_1024mb_60_seed42.json
{
  "algo": "fg-online-k8sca",
  "num_containers": 60,
  "num_edge_containers": 60,
  "num_ca_containers": 0,
  "failed_deployments": 0,
  "fail_rate": 0.0,
  "num_nodes": 8,
  "num_eval_nodes": 8,
  "resource_model": "online_cumulative_k8s_filter_no_release",
  "ca_model": "parallel_virtual_guarantee",
  "ca_bandwidth_mb_s": 70.0,
  "ca_extra_delay": 0.0,
  "ca_penalty": 0.0,
  "ca_fixed_penalty": 1000.0,
  "ACT": 126.63805555555557,
  "AMS": 143.82604166666667,
  "AMS_mode": "avg",
  "downloaded_mb": 11595.0,
  "reused_mb": 19705.0,
  "reuse_rate": 0.6295527156549521,
  "objective_without_ca_penalty": 135.2320486111111,
  "objective": 135.2320486111111
}
[RUN][fg_pack_bal] drtp_img88_cacheonly_1024mb_60_seed101.json
{
  "algo": "fg-online-k8sca",
  "num_containers": 60,
  "num_edge_containers": 60,
  "num_ca_containers": 0,
  "failed_deployments": 0,
  "fail_rate": 0.0,
  "num_nodes": 8,
  "num_eval_nodes": 8,
  "resource_model": "online_cumulative_k8s_filter_no_release",
  "ca_model": "parallel_virtual_guarantee",
  "ca_bandwidth_mb_s": 70.0,
  "ca_extra_delay": 0.0,
  "ca_penalty": 0.0,
  "ca_fixed_penalty": 1000.0,
  "ACT": 129.16215277777775,
  "AMS": 151.71927083333333,
  "AMS_mode": "avg",
  "downloaded_mb": 16050.0,
  "reused_mb": 14680.0,
  "reuse_rate": 0.47770907907582166,
  "objective_without_ca_penalty": 140.44071180555554,
  "objective": 140.44071180555554
}
[RUN][fg_pack_bal] drtp_img88_cacheonly_1024mb_60_seed202.json
{
  "algo": "fg-online-k8sca",
  "num_containers": 60,
  "num_edge_containers": 60,
  "num_ca_containers": 0,
  "failed_deployments": 0,
  "fail_rate": 0.0,
  "num_nodes": 8,
  "num_eval_nodes": 8,
  "resource_model": "online_cumulative_k8s_filter_no_release",
  "ca_model": "parallel_virtual_guarantee",
  "ca_bandwidth_mb_s": 70.0,
  "ca_extra_delay": 0.0,
  "ca_penalty": 0.0,
  "ca_fixed_penalty": 1000.0,
  "ACT": 89.15756944444448,
  "AMS": 141.14270833333333,
  "AMS_mode": "avg",
  "downloaded_mb": 9541.0,
  "reused_mb": 23756.0,
  "reuse_rate": 0.7134576688590564,
  "objective_without_ca_penalty": 115.1501388888889,
  "objective": 115.1501388888889
}
[RUN][fg_pack_bal] drtp_img88_cacheonly_1024mb_70_seed42.json
{
  "algo": "fg-online-k8sca",
  "num_containers": 70,
  "num_edge_containers": 70,
  "num_ca_containers": 0,
  "failed_deployments": 0,
  "fail_rate": 0.0,
  "num_nodes": 8,
  "num_eval_nodes": 8,
  "resource_model": "online_cumulative_k8s_filter_no_release",
  "ca_model": "parallel_virtual_guarantee",
  "ca_bandwidth_mb_s": 70.0,
  "ca_extra_delay": 0.0,
  "ca_penalty": 0.0,
  "ca_fixed_penalty": 1000.0,
  "ACT": 127.55547619047627,
  "AMS": 173.48958333333334,
  "AMS_mode": "avg",
  "downloaded_mb": 17117.0,
  "reused_mb": 19234.0,
  "reuse_rate": 0.5291188688069104,
  "objective_without_ca_penalty": 150.52252976190482,
  "objective": 150.52252976190482
}
[RUN][fg_pack_bal] drtp_img88_cacheonly_1024mb_70_seed101.json
{
  "algo": "fg-online-k8sca",
  "num_containers": 70,
  "num_edge_containers": 70,
  "num_ca_containers": 0,
  "failed_deployments": 0,
  "fail_rate": 0.0,
  "num_nodes": 8,
  "num_eval_nodes": 8,
  "resource_model": "online_cumulative_k8s_filter_no_release",
  "ca_model": "parallel_virtual_guarantee",
  "ca_bandwidth_mb_s": 70.0,
  "ca_extra_delay": 0.0,
  "ca_penalty": 0.0,
  "ca_fixed_penalty": 1000.0,
  "ACT": 126.4377976190476,
  "AMS": 178.3614583333333,
  "AMS_mode": "avg",
  "downloaded_mb": 20050.0,
  "reused_mb": 16497.0,
  "reuse_rate": 0.45139135907188005,
  "objective_without_ca_penalty": 152.39962797619046,
  "objective": 152.39962797619046
}
[RUN][fg_pack_bal] drtp_img88_cacheonly_1024mb_70_seed202.json
{
  "algo": "fg-online-k8sca",
  "num_containers": 70,
  "num_edge_containers": 70,
  "num_ca_containers": 0,
  "failed_deployments": 0,
  "fail_rate": 0.0,
  "num_nodes": 8,
  "num_eval_nodes": 8,
  "resource_model": "online_cumulative_k8s_filter_no_release",
  "ca_model": "parallel_virtual_guarantee",
  "ca_bandwidth_mb_s": 70.0,
  "ca_extra_delay": 0.0,
  "ca_penalty": 0.0,
  "ca_fixed_penalty": 1000.0,
  "ACT": 101.21291666666667,
  "AMS": 162.51458333333335,
  "AMS_mode": "avg",
  "downloaded_mb": 10099.0,
  "reused_mb": 30348.0,
  "reuse_rate": 0.7503152273345366,
  "objective_without_ca_penalty": 131.86375,
  "objective": 131.86375
}
[RUN][fg_pack_bal] drtp_img88_cacheonly_1024mb_80_seed42.json
{
  "algo": "fg-online-k8sca",
  "num_containers": 80,
  "num_edge_containers": 80,
  "num_ca_containers": 0,
  "failed_deployments": 0,
  "fail_rate": 0.0,
  "num_nodes": 8,
  "num_eval_nodes": 8,
  "resource_model": "online_cumulative_k8s_filter_no_release",
  "ca_model": "parallel_virtual_guarantee",
  "ca_bandwidth_mb_s": 70.0,
  "ca_extra_delay": 0.0,
  "ca_penalty": 0.0,
  "ca_fixed_penalty": 1000.0,
  "ACT": 131.94395833333346,
  "AMS": 205.7854166666667,
  "AMS_mode": "avg",
  "downloaded_mb": 21949.0,
  "reused_mb": 20396.0,
  "reuse_rate": 0.4816625339473373,
  "objective_without_ca_penalty": 168.86468750000006,
  "objective": 168.86468750000006
}
[RUN][fg_pack_bal] drtp_img88_cacheonly_1024mb_80_seed101.json
{
  "algo": "fg-online-k8sca",
  "num_containers": 80,
  "num_edge_containers": 80,
  "num_ca_containers": 0,
  "failed_deployments": 0,
  "fail_rate": 0.0,
  "num_nodes": 8,
  "num_eval_nodes": 8,
  "resource_model": "online_cumulative_k8s_filter_no_release",
  "ca_model": "parallel_virtual_guarantee",
  "ca_bandwidth_mb_s": 70.0,
  "ca_extra_delay": 0.0,
  "ca_penalty": 0.0,
  "ca_fixed_penalty": 1000.0,
  "ACT": 124.4728645833333,
  "AMS": 207.07187499999998,
  "AMS_mode": "avg",
  "downloaded_mb": 25191.0,
  "reused_mb": 17276.0,
  "reuse_rate": 0.4068099936421221,
  "objective_without_ca_penalty": 165.77236979166665,
  "objective": 165.77236979166665
}
[RUN][fg_pack_bal] drtp_img88_cacheonly_1024mb_80_seed202.json
{
  "algo": "fg-online-k8sca",
  "num_containers": 80,
  "num_edge_containers": 80,
  "num_ca_containers": 0,
  "failed_deployments": 0,
  "fail_rate": 0.0,
  "num_nodes": 8,
  "num_eval_nodes": 8,
  "resource_model": "online_cumulative_k8s_filter_no_release",
  "ca_model": "parallel_virtual_guarantee",
  "ca_bandwidth_mb_s": 70.0,
  "ca_extra_delay": 0.0,
  "ca_penalty": 0.0,
  "ca_fixed_penalty": 1000.0,
  "ACT": 112.20265625000002,
  "AMS": 188.2421875,
  "AMS_mode": "avg",
  "downloaded_mb": 12094.0,
  "reused_mb": 32123.0,
  "reuse_rate": 0.7264852884637131,
  "objective_without_ca_penalty": 150.222421875,
  "objective": 150.222421875
}
[RUN][fg_pack_bal] drtp_img88_cacheonly_1024mb_90_seed42.json
{
  "algo": "fg-online-k8sca",
  "num_containers": 90,
  "num_edge_containers": 90,
  "num_ca_containers": 0,
  "failed_deployments": 0,
  "fail_rate": 0.0,
  "num_nodes": 8,
  "num_eval_nodes": 8,
  "resource_model": "online_cumulative_k8s_filter_no_release",
  "ca_model": "parallel_virtual_guarantee",
  "ca_bandwidth_mb_s": 70.0,
  "ca_extra_delay": 0.0,
  "ca_penalty": 0.0,
  "ca_fixed_penalty": 1000.0,
  "ACT": 131.32425925925926,
  "AMS": 238.85416666666666,
  "AMS_mode": "avg",
  "downloaded_mb": 27672.0,
  "reused_mb": 20634.0,
  "reuse_rate": 0.427151906595454,
  "objective_without_ca_penalty": 185.08921296296296,
  "objective": 185.08921296296296
}
[RUN][fg_pack_bal] drtp_img88_cacheonly_1024mb_90_seed101.json
{
  "algo": "fg-online-k8sca",
  "num_containers": 90,
  "num_edge_containers": 90,
  "num_ca_containers": 0,
  "failed_deployments": 0,
  "fail_rate": 0.0,
  "num_nodes": 8,
  "num_eval_nodes": 8,
  "resource_model": "online_cumulative_k8s_filter_no_release",
  "ca_model": "parallel_virtual_guarantee",
  "ca_bandwidth_mb_s": 70.0,
  "ca_extra_delay": 0.0,
  "ca_penalty": 0.0,
  "ca_fixed_penalty": 1000.0,
  "ACT": 123.0736574074074,
  "AMS": 230.97604166666667,
  "AMS_mode": "avg",
  "downloaded_mb": 25685.0,
  "reused_mb": 23031.0,
  "reuse_rate": 0.4727604893669431,
  "objective_without_ca_penalty": 177.02484953703703,
  "objective": 177.02484953703703
}
[RUN][fg_pack_bal] drtp_img88_cacheonly_1024mb_90_seed202.json
{
  "algo": "fg-online-k8sca",
  "num_containers": 90,
  "num_edge_containers": 88,
  "num_ca_containers": 2,
  "failed_deployments": 2,
  "fail_rate": 0.022222222222222223,
  "num_nodes": 8,
  "num_eval_nodes": 9,
  "resource_model": "online_cumulative_k8s_filter_no_release",
  "ca_model": "parallel_virtual_guarantee",
  "ca_bandwidth_mb_s": 70.0,
  "ca_extra_delay": 0.0,
  "ca_penalty": 22.22222222222222,
  "ca_fixed_penalty": 1000.0,
  "ACT": 114.96160714285715,
  "AMS": 193.1363095238095,
  "AMS_mode": "avg",
  "downloaded_mb": 17579.0,
  "reused_mb": 32852.0,
  "reuse_rate": 0.6514247189228848,
  "objective_without_ca_penalty": 154.04895833333333,
  "objective": 176.27118055555556
}
[RUN][fg_pack_bal] drtp_img88_cacheonly_1024mb_100_seed42.json
{
  "algo": "fg-online-k8sca",
  "num_containers": 100,
  "num_edge_containers": 91,
  "num_ca_containers": 9,
  "failed_deployments": 9,
  "fail_rate": 0.09,
  "num_nodes": 8,
  "num_eval_nodes": 9,
  "resource_model": "online_cumulative_k8s_filter_no_release",
  "ca_model": "parallel_virtual_guarantee",
  "ca_bandwidth_mb_s": 70.0,
  "ca_extra_delay": 0.0,
  "ca_penalty": 90.0,
  "ca_fixed_penalty": 1000.0,
  "ACT": 121.17983333333338,
  "AMS": 213.4568783068783,
  "AMS_mode": "avg",
  "downloaded_mb": 28343.0,
  "reused_mb": 24318.0,
  "reuse_rate": 0.46178386282068323,
  "objective_without_ca_penalty": 167.31835582010584,
  "objective": 257.3183558201058
}
[RUN][fg_pack_bal] drtp_img88_cacheonly_1024mb_100_seed101.json
{
  "algo": "fg-online-k8sca",
  "num_containers": 100,
  "num_edge_containers": 96,
  "num_ca_containers": 4,
  "failed_deployments": 4,
  "fail_rate": 0.04,
  "num_nodes": 8,
  "num_eval_nodes": 9,
  "resource_model": "online_cumulative_k8s_filter_no_release",
  "ca_model": "parallel_virtual_guarantee",
  "ca_bandwidth_mb_s": 70.0,
  "ca_extra_delay": 0.0,
  "ca_penalty": 40.0,
  "ca_fixed_penalty": 1000.0,
  "ACT": 123.34155357142863,
  "AMS": 221.6731481481482,
  "AMS_mode": "avg",
  "downloaded_mb": 29343.0,
  "reused_mb": 22732.0,
  "reuse_rate": 0.43652424387902067,
  "objective_without_ca_penalty": 172.5073508597884,
  "objective": 212.5073508597884
}
[RUN][fg_pack_bal] drtp_img88_cacheonly_1024mb_100_seed202.json
{
  "algo": "fg-online-k8sca",
  "num_containers": 100,
  "num_edge_containers": 89,
  "num_ca_containers": 11,
  "failed_deployments": 11,
  "fail_rate": 0.11,
  "num_nodes": 8,
  "num_eval_nodes": 9,
  "resource_model": "online_cumulative_k8s_filter_no_release",
  "ca_model": "parallel_virtual_guarantee",
  "ca_bandwidth_mb_s": 70.0,
  "ca_extra_delay": 0.0,
  "ca_penalty": 110.0,
  "ca_fixed_penalty": 1000.0,
  "ACT": 107.53142261904759,
  "AMS": 196.0378968253968,
  "AMS_mode": "avg",
  "downloaded_mb": 22193.0,
  "reused_mb": 32852.0,
  "reuse_rate": 0.5968207829957307,
  "objective_without_ca_penalty": 151.78465972222222,
  "objective": 261.7846597222222
}
[RUN][fg_pack_bal] drtp_img88_cacheonly_1024mb_110_seed42.json
{
  "algo": "fg-online-k8sca",
  "num_containers": 110,
  "num_edge_containers": 91,
  "num_ca_containers": 19,
  "failed_deployments": 19,
  "fail_rate": 0.17272727272727273,
  "num_nodes": 8,
  "num_eval_nodes": 9,
  "resource_model": "online_cumulative_k8s_filter_no_release",
  "ca_model": "parallel_virtual_guarantee",
  "ca_bandwidth_mb_s": 70.0,
  "ca_extra_delay": 0.0,
  "ca_penalty": 172.72727272727272,
  "ca_fixed_penalty": 1000.0,
  "ACT": 112.17841991341996,
  "AMS": 213.17910052910054,
  "AMS_mode": "avg",
  "downloaded_mb": 33333.0,
  "reused_mb": 24518.0,
  "reuse_rate": 0.4238128986534373,
  "objective_without_ca_penalty": 162.67876022126023,
  "objective": 335.4060329485329
}
[RUN][fg_pack_bal] drtp_img88_cacheonly_1024mb_110_seed101.json
{
  "algo": "fg-online-k8sca",
  "num_containers": 110,
  "num_edge_containers": 96,
  "num_ca_containers": 14,
  "failed_deployments": 14,
  "fail_rate": 0.12727272727272726,
  "num_nodes": 8,
  "num_eval_nodes": 9,
  "resource_model": "online_cumulative_k8s_filter_no_release",
  "ca_model": "parallel_virtual_guarantee",
  "ca_bandwidth_mb_s": 70.0,
  "ca_extra_delay": 0.0,
  "ca_penalty": 127.27272727272727,
  "ca_fixed_penalty": 1000.0,
  "ACT": 114.51128246753252,
  "AMS": 223.4191798941799,
  "AMS_mode": "avg",
  "downloaded_mb": 34949.0,
  "reused_mb": 22732.0,
  "reuse_rate": 0.3940985766543576,
  "objective_without_ca_penalty": 168.96523118085622,
  "objective": 296.2379584535835
}
[RUN][fg_pack_bal] drtp_img88_cacheonly_1024mb_110_seed202.json
{
  "algo": "fg-online-k8sca",
  "num_containers": 110,
  "num_edge_containers": 89,
  "num_ca_containers": 21,
  "failed_deployments": 21,
  "fail_rate": 0.19090909090909092,
  "num_nodes": 8,
  "num_eval_nodes": 9,
  "resource_model": "online_cumulative_k8s_filter_no_release",
  "ca_model": "parallel_virtual_guarantee",
  "ca_bandwidth_mb_s": 70.0,
  "ca_extra_delay": 0.0,
  "ca_penalty": 190.9090909090909,
  "ca_fixed_penalty": 1000.0,
  "ACT": 99.79077380952377,
  "AMS": 196.0378968253968,
  "AMS_mode": "avg",
  "downloaded_mb": 27222.0,
  "reused_mb": 32852.0,
  "reuse_rate": 0.5468588740553317,
  "objective_without_ca_penalty": 147.91433531746029,
  "objective": 338.8234262265512
}
[RUN][fg_pack_bal] drtp_img88_cacheonly_1024mb_120_seed42.json
{
  "algo": "fg-online-k8sca",
  "num_containers": 120,
  "num_edge_containers": 91,
  "num_ca_containers": 29,
  "failed_deployments": 29,
  "fail_rate": 0.24166666666666667,
  "num_nodes": 8,
  "num_eval_nodes": 9,
  "resource_model": "online_cumulative_k8s_filter_no_release",
  "ca_model": "parallel_virtual_guarantee",
  "ca_bandwidth_mb_s": 70.0,
  "ca_extra_delay": 0.0,
  "ca_penalty": 241.66666666666666,
  "ca_fixed_penalty": 1000.0,
  "ACT": 104.85759920634925,
  "AMS": 213.17910052910054,
  "AMS_mode": "avg",
  "downloaded_mb": 39443.0,
  "reused_mb": 24518.0,
  "reuse_rate": 0.3833273400978721,
  "objective_without_ca_penalty": 159.0183498677249,
  "objective": 400.6850165343916
}
[RUN][fg_pack_bal] drtp_img88_cacheonly_1024mb_120_seed101.json
{
  "algo": "fg-online-k8sca",
  "num_containers": 120,
  "num_edge_containers": 96,
  "num_ca_containers": 24,
  "failed_deployments": 24,
  "fail_rate": 0.2,
  "num_nodes": 8,
  "num_eval_nodes": 9,
  "resource_model": "online_cumulative_k8s_filter_no_release",
  "ca_model": "parallel_virtual_guarantee",
  "ca_bandwidth_mb_s": 70.0,
  "ca_extra_delay": 0.0,
  "ca_penalty": 200.0,
  "ca_fixed_penalty": 1000.0,
  "ACT": 107.09724702380957,
  "AMS": 223.97473544973548,
  "AMS_mode": "avg",
  "downloaded_mb": 39319.0,
  "reused_mb": 22732.0,
  "reuse_rate": 0.36634381395948495,
  "objective_without_ca_penalty": 165.53599123677253,
  "objective": 365.53599123677253
}
[RUN][fg_pack_bal] drtp_img88_cacheonly_1024mb_120_seed202.json
{
  "algo": "fg-online-k8sca",
  "num_containers": 120,
  "num_edge_containers": 89,
  "num_ca_containers": 31,
  "failed_deployments": 31,
  "fail_rate": 0.25833333333333336,
  "num_nodes": 8,
  "num_eval_nodes": 9,
  "resource_model": "online_cumulative_k8s_filter_no_release",
  "ca_model": "parallel_virtual_guarantee",
  "ca_bandwidth_mb_s": 70.0,
  "ca_extra_delay": 0.0,
  "ca_penalty": 258.33333333333337,
  "ca_fixed_penalty": 1000.0,
  "ACT": 93.7077331349206,
  "AMS": 196.3331349206349,
  "AMS_mode": "avg",
  "downloaded_mb": 33168.0,
  "reused_mb": 32852.0,
  "reuse_rate": 0.497606785822478,
  "objective_without_ca_penalty": 145.02043402777775,
  "objective": 403.3537673611111
}
[RUN][fg_pack_bal] drtp_img88_cacheonly_1024mb_140_seed42.json
{
  "algo": "fg-online-k8sca",
  "num_containers": 140,
  "num_edge_containers": 91,
  "num_ca_containers": 49,
  "failed_deployments": 49,
  "fail_rate": 0.35,
  "num_nodes": 8,
  "num_eval_nodes": 9,
  "resource_model": "online_cumulative_k8s_filter_no_release",
  "ca_model": "parallel_virtual_guarantee",
  "ca_bandwidth_mb_s": 70.0,
  "ca_extra_delay": 0.0,
  "ca_penalty": 350.0,
  "ca_fixed_penalty": 1000.0,
  "ACT": 93.4455952380953,
  "AMS": 213.7521164021164,
  "AMS_mode": "avg",
  "downloaded_mb": 50421.0,
  "reused_mb": 24318.0,
  "reuse_rate": 0.3253722955886485,
  "objective_without_ca_penalty": 153.59885582010585,
  "objective": 503.5988558201059
}
[RUN][fg_pack_bal] drtp_img88_cacheonly_1024mb_140_seed101.json
{
  "algo": "fg-online-k8sca",
  "num_containers": 140,
  "num_edge_containers": 96,
  "num_ca_containers": 44,
  "failed_deployments": 44,
  "fail_rate": 0.3142857142857143,
  "num_nodes": 8,
  "num_eval_nodes": 9,
  "resource_model": "online_cumulative_k8s_filter_no_release",
  "ca_model": "parallel_virtual_guarantee",
  "ca_bandwidth_mb_s": 70.0,
  "ca_extra_delay": 0.0,
  "ca_penalty": 314.2857142857143,
  "ca_fixed_penalty": 1000.0,
  "ACT": 95.13825255102046,
  "AMS": 223.97473544973548,
  "AMS_mode": "avg",
  "downloaded_mb": 49727.0,
  "reused_mb": 22732.0,
  "reuse_rate": 0.31372224292358436,
  "objective_without_ca_penalty": 159.55649400037797,
  "objective": 473.8422082860923
}
[RUN][fg_pack_bal] drtp_img88_cacheonly_1024mb_140_seed202.json
{
  "algo": "fg-online-k8sca",
  "num_containers": 140,
  "num_edge_containers": 89,
  "num_ca_containers": 51,
  "failed_deployments": 51,
  "fail_rate": 0.36428571428571427,
  "num_nodes": 8,
  "num_eval_nodes": 9,
  "resource_model": "online_cumulative_k8s_filter_no_release",
  "ca_model": "parallel_virtual_guarantee",
  "ca_bandwidth_mb_s": 70.0,
  "ca_extra_delay": 0.0,
  "ca_penalty": 364.2857142857143,
  "ca_fixed_penalty": 1000.0,
  "ACT": 83.56683248299316,
  "AMS": 196.3331349206349,
  "AMS_mode": "avg",
  "downloaded_mb": 41598.0,
  "reused_mb": 32852.0,
  "reuse_rate": 0.44126259234385495,
  "objective_without_ca_penalty": 139.94998370181403,
  "objective": 504.2356979875283
}
[RUN][fg_pack_bal] drtp_img88_cacheonly_1024mb_160_seed42.json
{
  "algo": "fg-online-k8sca",
  "num_containers": 160,
  "num_edge_containers": 91,
  "num_ca_containers": 69,
  "failed_deployments": 69,
  "fail_rate": 0.43125,
  "num_nodes": 8,
  "num_eval_nodes": 9,
  "resource_model": "online_cumulative_k8s_filter_no_release",
  "ca_model": "parallel_virtual_guarantee",
  "ca_bandwidth_mb_s": 70.0,
  "ca_extra_delay": 0.0,
  "ca_penalty": 431.25,
  "ca_fixed_penalty": 1000.0,
  "ACT": 84.77918154761912,
  "AMS": 213.7521164021164,
  "AMS_mode": "avg",
  "downloaded_mb": 60451.0,
  "reused_mb": 24318.0,
  "reuse_rate": 0.2868737392207057,
  "objective_without_ca_penalty": 149.26564897486776,
  "objective": 580.5156489748678
}
[RUN][fg_pack_bal] drtp_img88_cacheonly_1024mb_160_seed101.json
{
  "algo": "fg-online-k8sca",
  "num_containers": 160,
  "num_edge_containers": 96,
  "num_ca_containers": 64,
  "failed_deployments": 64,
  "fail_rate": 0.4,
  "num_nodes": 8,
  "num_eval_nodes": 9,
  "resource_model": "online_cumulative_k8s_filter_no_release",
  "ca_model": "parallel_virtual_guarantee",
  "ca_bandwidth_mb_s": 70.0,
  "ca_extra_delay": 0.0,
  "ca_penalty": 400.0,
  "ca_fixed_penalty": 1000.0,
  "ACT": 86.34382812500006,
  "AMS": 223.97473544973548,
  "AMS_mode": "avg",
  "downloaded_mb": 62513.0,
  "reused_mb": 22732.0,
  "reuse_rate": 0.26666666666666666,
  "objective_without_ca_penalty": 155.15928178736777,
  "objective": 555.1592817873677
}
[RUN][fg_pack_bal] drtp_img88_cacheonly_1024mb_160_seed202.json
{
  "algo": "fg-online-k8sca",
  "num_containers": 160,
  "num_edge_containers": 89,
  "num_ca_containers": 71,
  "failed_deployments": 71,
  "fail_rate": 0.44375,
  "num_nodes": 8,
  "num_eval_nodes": 9,
  "resource_model": "online_cumulative_k8s_filter_no_release",
  "ca_model": "parallel_virtual_guarantee",
  "ca_bandwidth_mb_s": 70.0,
  "ca_extra_delay": 0.0,
  "ca_penalty": 443.75,
  "ca_fixed_penalty": 1000.0,
  "ACT": 76.1991927083333,
  "AMS": 196.3331349206349,
  "AMS_mode": "avg",
  "downloaded_mb": 53114.0,
  "reused_mb": 32852.0,
  "reuse_rate": 0.3821510829862969,
  "objective_without_ca_penalty": 136.26616381448412,
  "objective": 580.0161638144841
}
[RUN][fg_pack_bal] drtp_img88_cacheonly_1024mb_180_seed42.json
{
  "algo": "fg-online-k8sca",
  "num_containers": 180,
  "num_edge_containers": 91,
  "num_ca_containers": 89,
  "failed_deployments": 89,
  "fail_rate": 0.49444444444444446,
  "num_nodes": 8,
  "num_eval_nodes": 9,
  "resource_model": "online_cumulative_k8s_filter_no_release",
  "ca_model": "parallel_virtual_guarantee",
  "ca_bandwidth_mb_s": 70.0,
  "ca_extra_delay": 0.0,
  "ca_penalty": 494.44444444444446,
  "ca_fixed_penalty": 1000.0,
  "ACT": 78.09768518518526,
  "AMS": 213.47433862433863,
  "AMS_mode": "avg",
  "downloaded_mb": 73230.0,
  "reused_mb": 24518.0,
  "reuse_rate": 0.25082866145598887,
  "objective_without_ca_penalty": 145.78601190476195,
  "objective": 640.2304563492064
}
[RUN][fg_pack_bal] drtp_img88_cacheonly_1024mb_180_seed101.json
{
  "algo": "fg-online-k8sca",
  "num_containers": 180,
  "num_edge_containers": 96,
  "num_ca_containers": 84,
  "failed_deployments": 84,
  "fail_rate": 0.4666666666666667,
  "num_nodes": 8,
  "num_eval_nodes": 9,
  "resource_model": "online_cumulative_k8s_filter_no_release",
  "ca_model": "parallel_virtual_guarantee",
  "ca_bandwidth_mb_s": 70.0,
  "ca_extra_delay": 0.0,
  "ca_penalty": 466.6666666666667,
  "ca_fixed_penalty": 1000.0,
  "ACT": 79.61189484126992,
  "AMS": 223.97473544973548,
  "AMS_mode": "avg",
  "downloaded_mb": 74422.0,
  "reused_mb": 22732.0,
  "reuse_rate": 0.2339790435802952,
  "objective_without_ca_penalty": 151.7933151455027,
  "objective": 618.4599818121694
}
[RUN][fg_pack_bal] drtp_img88_cacheonly_1024mb_180_seed202.json
{
  "algo": "fg-online-k8sca",
  "num_containers": 180,
  "num_edge_containers": 89,
  "num_ca_containers": 91,
  "failed_deployments": 91,
  "fail_rate": 0.5055555555555555,
  "num_nodes": 8,
  "num_eval_nodes": 9,
  "resource_model": "online_cumulative_k8s_filter_no_release",
  "ca_model": "parallel_virtual_guarantee",
  "ca_bandwidth_mb_s": 70.0,
  "ca_extra_delay": 0.0,
  "ca_penalty": 505.55555555555554,
  "ca_fixed_penalty": 1000.0,
  "ACT": 70.48015542328041,
  "AMS": 196.95853174603175,
  "AMS_mode": "avg",
  "downloaded_mb": 64073.0,
  "reused_mb": 32852.0,
  "reuse_rate": 0.33894248129997423,
  "objective_without_ca_penalty": 133.7193435846561,
  "objective": 639.2748991402116
}
[RUN][fg_pack_bal] drtp_img88_cacheonly_1024mb_200_seed42.json
{
  "algo": "fg-online-k8sca",
  "num_containers": 200,
  "num_edge_containers": 91,
  "num_ca_containers": 109,
  "failed_deployments": 109,
  "fail_rate": 0.545,
  "num_nodes": 8,
  "num_eval_nodes": 9,
  "resource_model": "online_cumulative_k8s_filter_no_release",
  "ca_model": "parallel_virtual_guarantee",
  "ca_bandwidth_mb_s": 70.0,
  "ca_extra_delay": 0.0,
  "ca_penalty": 545.0,
  "ca_fixed_penalty": 1000.0,
  "ACT": 72.54145238095245,
  "AMS": 212.56362433862432,
  "AMS_mode": "avg",
  "downloaded_mb": 83230.0,
  "reused_mb": 25624.0,
  "reuse_rate": 0.2353978723795175,
  "objective_without_ca_penalty": 142.5525383597884,
  "objective": 687.5525383597884
}
[RUN][fg_pack_bal] drtp_img88_cacheonly_1024mb_200_seed101.json
{
  "algo": "fg-online-k8sca",
  "num_containers": 200,
  "num_edge_containers": 96,
  "num_ca_containers": 104,
  "failed_deployments": 104,
  "fail_rate": 0.52,
  "num_nodes": 8,
  "num_eval_nodes": 9,
  "resource_model": "online_cumulative_k8s_filter_no_release",
  "ca_model": "parallel_virtual_guarantee",
  "ca_bandwidth_mb_s": 70.0,
  "ca_extra_delay": 0.0,
  "ca_penalty": 520.0,
  "ca_fixed_penalty": 1000.0,
  "ACT": 74.20670535714291,
  "AMS": 223.97473544973548,
  "AMS_mode": "avg",
  "downloaded_mb": 86126.0,
  "reused_mb": 22732.0,
  "reuse_rate": 0.20882250270995242,
  "objective_without_ca_penalty": 149.0907204034392,
  "objective": 669.0907204034393
}
[RUN][fg_pack_bal] drtp_img88_cacheonly_1024mb_200_seed202.json
{
  "algo": "fg-online-k8sca",
  "num_containers": 200,
  "num_edge_containers": 89,
  "num_ca_containers": 111,
  "failed_deployments": 111,
  "fail_rate": 0.555,
  "num_nodes": 8,
  "num_eval_nodes": 9,
  "resource_model": "online_cumulative_k8s_filter_no_release",
  "ca_model": "parallel_virtual_guarantee",
  "ca_bandwidth_mb_s": 70.0,
  "ca_extra_delay": 0.0,
  "ca_penalty": 555.0,
  "ca_fixed_penalty": 1000.0,
  "ACT": 65.88906845238094,
  "AMS": 196.95853174603175,
  "AMS_mode": "avg",
  "downloaded_mb": 76000.0,
  "reused_mb": 32852.0,
  "reuse_rate": 0.30180428471686327,
  "objective_without_ca_penalty": 131.42380009920635,
  "objective": 686.4238000992063
}
############################################################
[CONFIG] fg_pack_heavy
ARGS=--lambda-cong 0.5 --lambda-frag 10.0 --lambda-aff 0.1 --lambda-task-load 1.0 --theta-cong-count 1.0 --greedy-load-factor 2.0
############################################################
[RUN][fg_pack_heavy] drtp_img88_cacheonly_1024mb_60_seed42.json
{
  "algo": "fg-online-k8sca",
  "num_containers": 60,
  "num_edge_containers": 60,
  "num_ca_containers": 0,
  "failed_deployments": 0,
  "fail_rate": 0.0,
  "num_nodes": 8,
  "num_eval_nodes": 8,
  "resource_model": "online_cumulative_k8s_filter_no_release",
  "ca_model": "parallel_virtual_guarantee",
  "ca_bandwidth_mb_s": 70.0,
  "ca_extra_delay": 0.0,
  "ca_penalty": 0.0,
  "ca_fixed_penalty": 1000.0,
  "ACT": 134.1199305555555,
  "AMS": 157.68020833333333,
  "AMS_mode": "avg",
  "downloaded_mb": 19846.0,
  "reused_mb": 11454.0,
  "reuse_rate": 0.36594249201277956,
  "objective_without_ca_penalty": 145.9000694444444,
  "objective": 145.9000694444444
}
[RUN][fg_pack_heavy] drtp_img88_cacheonly_1024mb_60_seed101.json
{
  "algo": "fg-online-k8sca",
  "num_containers": 60,
  "num_edge_containers": 60,
  "num_ca_containers": 0,
  "failed_deployments": 0,
  "fail_rate": 0.0,
  "num_nodes": 8,
  "num_eval_nodes": 8,
  "resource_model": "online_cumulative_k8s_filter_no_release",
  "ca_model": "parallel_virtual_guarantee",
  "ca_bandwidth_mb_s": 70.0,
  "ca_extra_delay": 0.0,
  "ca_penalty": 0.0,
  "ca_fixed_penalty": 1000.0,
  "ACT": 127.47152777777784,
  "AMS": 152.00520833333331,
  "AMS_mode": "avg",
  "downloaded_mb": 16233.0,
  "reused_mb": 14497.0,
  "reuse_rate": 0.47175398633257404,
  "objective_without_ca_penalty": 139.73836805555558,
  "objective": 139.73836805555558
}
[RUN][fg_pack_heavy] drtp_img88_cacheonly_1024mb_60_seed202.json
{
  "algo": "fg-online-k8sca",
  "num_containers": 60,
  "num_edge_containers": 60,
  "num_ca_containers": 0,
  "failed_deployments": 0,
  "fail_rate": 0.0,
  "num_nodes": 8,
  "num_eval_nodes": 8,
  "resource_model": "online_cumulative_k8s_filter_no_release",
  "ca_model": "parallel_virtual_guarantee",
  "ca_bandwidth_mb_s": 70.0,
  "ca_extra_delay": 0.0,
  "ca_penalty": 0.0,
  "ca_fixed_penalty": 1000.0,
  "ACT": 97.68694444444453,
  "AMS": 140.47291666666666,
  "AMS_mode": "avg",
  "downloaded_mb": 9223.0,
  "reused_mb": 24074.0,
  "reuse_rate": 0.7230080788058985,
  "objective_without_ca_penalty": 119.07993055555559,
  "objective": 119.07993055555559
}
[RUN][fg_pack_heavy] drtp_img88_cacheonly_1024mb_70_seed42.json
{
  "algo": "fg-online-k8sca",
  "num_containers": 70,
  "num_edge_containers": 70,
  "num_ca_containers": 0,
  "failed_deployments": 0,
  "fail_rate": 0.0,
  "num_nodes": 8,
  "num_eval_nodes": 8,
  "resource_model": "online_cumulative_k8s_filter_no_release",
  "ca_model": "parallel_virtual_guarantee",
  "ca_bandwidth_mb_s": 70.0,
  "ca_extra_delay": 0.0,
  "ca_penalty": 0.0,
  "ca_fixed_penalty": 1000.0,
  "ACT": 134.76363095238096,
  "AMS": 185.33645833333333,
  "AMS_mode": "avg",
  "downloaded_mb": 24127.0,
  "reused_mb": 12224.0,
  "reuse_rate": 0.3362768562075321,
  "objective_without_ca_penalty": 160.05004464285713,
  "objective": 160.05004464285713
}
[RUN][fg_pack_heavy] drtp_img88_cacheonly_1024mb_70_seed101.json
{
  "algo": "fg-online-k8sca",
  "num_containers": 70,
  "num_edge_containers": 70,
  "num_ca_containers": 0,
  "failed_deployments": 0,
  "fail_rate": 0.0,
  "num_nodes": 8,
  "num_eval_nodes": 8,
  "resource_model": "online_cumulative_k8s_filter_no_release",
  "ca_model": "parallel_virtual_guarantee",
  "ca_bandwidth_mb_s": 70.0,
  "ca_extra_delay": 0.0,
  "ca_penalty": 0.0,
  "ca_fixed_penalty": 1000.0,
  "ACT": 126.43154761904765,
  "AMS": 178.07395833333334,
  "AMS_mode": "avg",
  "downloaded_mb": 19866.0,
  "reused_mb": 16681.0,
  "reuse_rate": 0.45642597203600843,
  "objective_without_ca_penalty": 152.2527529761905,
  "objective": 152.2527529761905
}
[RUN][fg_pack_heavy] drtp_img88_cacheonly_1024mb_70_seed202.json
{
  "algo": "fg-online-k8sca",
  "num_containers": 70,
  "num_edge_containers": 70,
  "num_ca_containers": 0,
  "failed_deployments": 0,
  "fail_rate": 0.0,
  "num_nodes": 8,
  "num_eval_nodes": 8,
  "resource_model": "online_cumulative_k8s_filter_no_release",
  "ca_model": "parallel_virtual_guarantee",
  "ca_bandwidth_mb_s": 70.0,
  "ca_extra_delay": 0.0,
  "ca_penalty": 0.0,
  "ca_fixed_penalty": 1000.0,
  "ACT": 104.1140476190477,
  "AMS": 165.7895833333333,
  "AMS_mode": "avg",
  "downloaded_mb": 11684.0,
  "reused_mb": 28763.0,
  "reuse_rate": 0.7111281430019532,
  "objective_without_ca_penalty": 134.9518154761905,
  "objective": 134.9518154761905
}
[RUN][fg_pack_heavy] drtp_img88_cacheonly_1024mb_80_seed42.json
{
  "algo": "fg-online-k8sca",
  "num_containers": 80,
  "num_edge_containers": 80,
  "num_ca_containers": 0,
  "failed_deployments": 0,
  "fail_rate": 0.0,
  "num_nodes": 8,
  "num_eval_nodes": 8,
  "resource_model": "online_cumulative_k8s_filter_no_release",
  "ca_model": "parallel_virtual_guarantee",
  "ca_bandwidth_mb_s": 70.0,
  "ca_extra_delay": 0.0,
  "ca_penalty": 0.0,
  "ca_fixed_penalty": 1000.0,
  "ACT": 133.94921875000009,
  "AMS": 219.29479166666667,
  "AMS_mode": "avg",
  "downloaded_mb": 29807.0,
  "reused_mb": 12538.0,
  "reuse_rate": 0.2960916282914158,
  "objective_without_ca_penalty": 176.62200520833338,
  "objective": 176.62200520833338
}
[RUN][fg_pack_heavy] drtp_img88_cacheonly_1024mb_80_seed101.json
{
  "algo": "fg-online-k8sca",
  "num_containers": 80,
  "num_edge_containers": 80,
  "num_ca_containers": 0,
  "failed_deployments": 0,
  "fail_rate": 0.0,
  "num_nodes": 8,
  "num_eval_nodes": 8,
  "resource_model": "online_cumulative_k8s_filter_no_release",
  "ca_model": "parallel_virtual_guarantee",
  "ca_bandwidth_mb_s": 70.0,
  "ca_extra_delay": 0.0,
  "ca_penalty": 0.0,
  "ca_fixed_penalty": 1000.0,
  "ACT": 124.46739583333331,
  "AMS": 206.78437499999998,
  "AMS_mode": "avg",
  "downloaded_mb": 25007.0,
  "reused_mb": 17460.0,
  "reuse_rate": 0.4111427696799868,
  "objective_without_ca_penalty": 165.62588541666665,
  "objective": 165.62588541666665
}
[RUN][fg_pack_heavy] drtp_img88_cacheonly_1024mb_80_seed202.json
{
  "algo": "fg-online-k8sca",
  "num_containers": 80,
  "num_edge_containers": 80,
  "num_ca_containers": 0,
  "failed_deployments": 0,
  "fail_rate": 0.0,
  "num_nodes": 8,
  "num_eval_nodes": 8,
  "resource_model": "online_cumulative_k8s_filter_no_release",
  "ca_model": "parallel_virtual_guarantee",
  "ca_bandwidth_mb_s": 70.0,
  "ca_extra_delay": 0.0,
  "ca_penalty": 0.0,
  "ca_fixed_penalty": 1000.0,
  "ACT": 110.37500000000003,
  "AMS": 192.32083333333333,
  "AMS_mode": "avg",
  "downloaded_mb": 13877.0,
  "reused_mb": 30340.0,
  "reuse_rate": 0.6861614311237759,
  "objective_without_ca_penalty": 151.34791666666666,
  "objective": 151.34791666666666
}
[RUN][fg_pack_heavy] drtp_img88_cacheonly_1024mb_90_seed42.json
{
  "algo": "fg-online-k8sca",
  "num_containers": 90,
  "num_edge_containers": 90,
  "num_ca_containers": 0,
  "failed_deployments": 0,
  "fail_rate": 0.0,
  "num_nodes": 8,
  "num_eval_nodes": 8,
  "resource_model": "online_cumulative_k8s_filter_no_release",
  "ca_model": "parallel_virtual_guarantee",
  "ca_bandwidth_mb_s": 70.0,
  "ca_extra_delay": 0.0,
  "ca_penalty": 0.0,
  "ca_fixed_penalty": 1000.0,
  "ACT": 135.69152777777782,
  "AMS": 252.05104166666663,
  "AMS_mode": "avg",
  "downloaded_mb": 35330.0,
  "reused_mb": 12976.0,
  "reuse_rate": 0.2686208752535917,
  "objective_without_ca_penalty": 193.87128472222224,
  "objective": 193.87128472222224
}
[RUN][fg_pack_heavy] drtp_img88_cacheonly_1024mb_90_seed101.json
{
  "algo": "fg-online-k8sca",
  "num_containers": 90,
  "num_edge_containers": 90,
  "num_ca_containers": 0,
  "failed_deployments": 0,
  "fail_rate": 0.0,
  "num_nodes": 8,
  "num_eval_nodes": 8,
  "resource_model": "online_cumulative_k8s_filter_no_release",
  "ca_model": "parallel_virtual_guarantee",
  "ca_bandwidth_mb_s": 70.0,
  "ca_extra_delay": 0.0,
  "ca_penalty": 0.0,
  "ca_fixed_penalty": 1000.0,
  "ACT": 123.06879629629634,
  "AMS": 230.68854166666668,
  "AMS_mode": "avg",
  "downloaded_mb": 25501.0,
  "reused_mb": 23215.0,
  "reuse_rate": 0.4765374825519337,
  "objective_without_ca_penalty": 176.8786689814815,
  "objective": 176.8786689814815
}
[RUN][fg_pack_heavy] drtp_img88_cacheonly_1024mb_90_seed202.json
{
  "algo": "fg-online-k8sca",
  "num_containers": 90,
  "num_edge_containers": 88,
  "num_ca_containers": 2,
  "failed_deployments": 2,
  "fail_rate": 0.022222222222222223,
  "num_nodes": 8,
  "num_eval_nodes": 9,
  "resource_model": "online_cumulative_k8s_filter_no_release",
  "ca_model": "parallel_virtual_guarantee",
  "ca_bandwidth_mb_s": 70.0,
  "ca_extra_delay": 0.0,
  "ca_penalty": 22.22222222222222,
  "ca_fixed_penalty": 1000.0,
  "ACT": 115.15392195767197,
  "AMS": 192.4312169312169,
  "AMS_mode": "avg",
  "downloaded_mb": 16964.0,
  "reused_mb": 33467.0,
  "reuse_rate": 0.6636195990561361,
  "objective_without_ca_penalty": 153.79256944444444,
  "objective": 176.01479166666667
}
[RUN][fg_pack_heavy] drtp_img88_cacheonly_1024mb_100_seed42.json
{
  "algo": "fg-online-k8sca",
  "num_containers": 100,
  "num_edge_containers": 91,
  "num_ca_containers": 9,
  "failed_deployments": 9,
  "fail_rate": 0.09,
  "num_nodes": 8,
  "num_eval_nodes": 9,
  "resource_model": "online_cumulative_k8s_filter_no_release",
  "ca_model": "parallel_virtual_guarantee",
  "ca_bandwidth_mb_s": 70.0,
  "ca_extra_delay": 0.0,
  "ca_penalty": 90.0,
  "ca_fixed_penalty": 1000.0,
  "ACT": 126.71737500000006,
  "AMS": 231.75780423280423,
  "AMS_mode": "avg",
  "downloaded_mb": 39549.0,
  "reused_mb": 13112.0,
  "reuse_rate": 0.24898881525227398,
  "objective_without_ca_penalty": 179.23758961640215,
  "objective": 269.23758961640215
}
[RUN][fg_pack_heavy] drtp_img88_cacheonly_1024mb_100_seed101.json
{
  "algo": "fg-online-k8sca",
  "num_containers": 100,
  "num_edge_containers": 96,
  "num_ca_containers": 4,
  "failed_deployments": 4,
  "fail_rate": 0.04,
  "num_nodes": 8,
  "num_eval_nodes": 9,
  "resource_model": "online_cumulative_k8s_filter_no_release",
  "ca_model": "parallel_virtual_guarantee",
  "ca_bandwidth_mb_s": 70.0,
  "ca_extra_delay": 0.0,
  "ca_penalty": 40.0,
  "ca_fixed_penalty": 1000.0,
  "ACT": 123.33717857142864,
  "AMS": 221.41759259259263,
  "AMS_mode": "avg",
  "downloaded_mb": 29159.0,
  "reused_mb": 22916.0,
  "reuse_rate": 0.4400576092174748,
  "objective_without_ca_penalty": 172.37738558201062,
  "objective": 212.37738558201062
}
[RUN][fg_pack_heavy] drtp_img88_cacheonly_1024mb_100_seed202.json
{
  "algo": "fg-online-k8sca",
  "num_containers": 100,
  "num_edge_containers": 89,
  "num_ca_containers": 11,
  "failed_deployments": 11,
  "fail_rate": 0.11,
  "num_nodes": 8,
  "num_eval_nodes": 9,
  "resource_model": "online_cumulative_k8s_filter_no_release",
  "ca_model": "parallel_virtual_guarantee",
  "ca_bandwidth_mb_s": 70.0,
  "ca_extra_delay": 0.0,
  "ca_penalty": 110.0,
  "ca_fixed_penalty": 1000.0,
  "ACT": 107.53967261904762,
  "AMS": 194.39947089947088,
  "AMS_mode": "avg",
  "downloaded_mb": 21074.0,
  "reused_mb": 33971.0,
  "reuse_rate": 0.6171496048687437,
  "objective_without_ca_penalty": 150.96957175925925,
  "objective": 260.9695717592592
}
[RUN][fg_pack_heavy] drtp_img88_cacheonly_1024mb_110_seed42.json
{
  "algo": "fg-online-k8sca",
  "num_containers": 110,
  "num_edge_containers": 91,
  "num_ca_containers": 19,
  "failed_deployments": 19,
  "fail_rate": 0.17272727272727273,
  "num_nodes": 8,
  "num_eval_nodes": 9,
  "resource_model": "online_cumulative_k8s_filter_no_release",
  "ca_model": "parallel_virtual_guarantee",
  "ca_bandwidth_mb_s": 70.0,
  "ca_extra_delay": 0.0,
  "ca_penalty": 172.72727272727272,
  "ca_fixed_penalty": 1000.0,
  "ACT": 117.32618506493513,
  "AMS": 231.75780423280423,
  "AMS_mode": "avg",
  "downloaded_mb": 44739.0,
  "reused_mb": 13112.0,
  "reuse_rate": 0.2266512246979309,
  "objective_without_ca_penalty": 174.5419946488697,
  "objective": 347.2692673761424
}
[RUN][fg_pack_heavy] drtp_img88_cacheonly_1024mb_110_seed101.json
{
  "algo": "fg-online-k8sca",
  "num_containers": 110,
  "num_edge_containers": 96,
  "num_ca_containers": 14,
  "failed_deployments": 14,
  "fail_rate": 0.12727272727272726,
  "num_nodes": 8,
  "num_eval_nodes": 9,
  "resource_model": "online_cumulative_k8s_filter_no_release",
  "ca_model": "parallel_virtual_guarantee",
  "ca_bandwidth_mb_s": 70.0,
  "ca_extra_delay": 0.0,
  "ca_penalty": 127.27272727272727,
  "ca_fixed_penalty": 1000.0,
  "ACT": 114.50730519480526,
  "AMS": 223.16362433862437,
  "AMS_mode": "avg",
  "downloaded_mb": 34765.0,
  "reused_mb": 22916.0,
  "reuse_rate": 0.3972885352195697,
  "objective_without_ca_penalty": 168.8354647667148,
  "objective": 296.1081920394421
}
[RUN][fg_pack_heavy] drtp_img88_cacheonly_1024mb_110_seed202.json
{
  "algo": "fg-online-k8sca",
  "num_containers": 110,
  "num_edge_containers": 89,
  "num_ca_containers": 21,
  "failed_deployments": 21,
  "fail_rate": 0.19090909090909092,
  "num_nodes": 8,
  "num_eval_nodes": 9,
  "resource_model": "online_cumulative_k8s_filter_no_release",
  "ca_model": "parallel_virtual_guarantee",
  "ca_bandwidth_mb_s": 70.0,
  "ca_extra_delay": 0.0,
  "ca_penalty": 190.9090909090909,
  "ca_fixed_penalty": 1000.0,
  "ACT": 99.87100108225107,
  "AMS": 194.39947089947088,
  "AMS_mode": "avg",
  "downloaded_mb": 26103.0,
  "reused_mb": 33971.0,
  "reuse_rate": 0.5654859007224423,
  "objective_without_ca_penalty": 147.13523599086096,
  "objective": 338.0443268999519
}
[RUN][fg_pack_heavy] drtp_img88_cacheonly_1024mb_120_seed42.json
{
  "algo": "fg-online-k8sca",
  "num_containers": 120,
  "num_edge_containers": 91,
  "num_ca_containers": 29,
  "failed_deployments": 29,
  "fail_rate": 0.24166666666666667,
  "num_nodes": 8,
  "num_eval_nodes": 9,
  "resource_model": "online_cumulative_k8s_filter_no_release",
  "ca_model": "parallel_virtual_guarantee",
  "ca_bandwidth_mb_s": 70.0,
  "ca_extra_delay": 0.0,
  "ca_penalty": 241.66666666666666,
  "ca_fixed_penalty": 1000.0,
  "ACT": 109.57638392857149,
  "AMS": 231.75780423280423,
  "AMS_mode": "avg",
  "downloaded_mb": 50849.0,
  "reused_mb": 13112.0,
  "reuse_rate": 0.20499992182736354,
  "objective_without_ca_penalty": 170.66709408068786,
  "objective": 412.3337607473545
}
[RUN][fg_pack_heavy] drtp_img88_cacheonly_1024mb_120_seed101.json
{
  "algo": "fg-online-k8sca",
  "num_containers": 120,
  "num_edge_containers": 96,
  "num_ca_containers": 24,
  "failed_deployments": 24,
  "fail_rate": 0.2,
  "num_nodes": 8,
  "num_eval_nodes": 9,
  "resource_model": "online_cumulative_k8s_filter_no_release",
  "ca_model": "parallel_virtual_guarantee",
  "ca_bandwidth_mb_s": 70.0,
  "ca_extra_delay": 0.0,
  "ca_penalty": 200.0,
  "ca_fixed_penalty": 1000.0,
  "ACT": 107.09360119047624,
  "AMS": 223.71917989417994,
  "AMS_mode": "avg",
  "downloaded_mb": 39135.0,
  "reused_mb": 22916.0,
  "reuse_rate": 0.3693091166943321,
  "objective_without_ca_penalty": 165.4063905423281,
  "objective": 365.4063905423281
}
[RUN][fg_pack_heavy] drtp_img88_cacheonly_1024mb_120_seed202.json
{
  "algo": "fg-online-k8sca",
  "num_containers": 120,
  "num_edge_containers": 89,
  "num_ca_containers": 31,
  "failed_deployments": 31,
  "fail_rate": 0.25833333333333336,
  "num_nodes": 8,
  "num_eval_nodes": 9,
  "resource_model": "online_cumulative_k8s_filter_no_release",
  "ca_model": "parallel_virtual_guarantee",
  "ca_bandwidth_mb_s": 70.0,
  "ca_extra_delay": 0.0,
  "ca_penalty": 258.33333333333337,
  "ca_fixed_penalty": 1000.0,
  "ACT": 93.78127480158729,
  "AMS": 194.694708994709,
  "AMS_mode": "avg",
  "downloaded_mb": 32049.0,
  "reused_mb": 33971.0,
  "reuse_rate": 0.5145561950923963,
  "objective_without_ca_penalty": 144.23799189814815,
  "objective": 402.5713252314815
}
[RUN][fg_pack_heavy] drtp_img88_cacheonly_1024mb_140_seed42.json
{
  "algo": "fg-online-k8sca",
  "num_containers": 140,
  "num_edge_containers": 91,
  "num_ca_containers": 49,
  "failed_deployments": 49,
  "fail_rate": 0.35,
  "num_nodes": 8,
  "num_eval_nodes": 9,
  "resource_model": "online_cumulative_k8s_filter_no_release",
  "ca_model": "parallel_virtual_guarantee",
  "ca_bandwidth_mb_s": 70.0,
  "ca_extra_delay": 0.0,
  "ca_penalty": 350.0,
  "ca_fixed_penalty": 1000.0,
  "ACT": 97.40098214285722,
  "AMS": 232.05304232804232,
  "AMS_mode": "avg",
  "downloaded_mb": 61627.0,
  "reused_mb": 13112.0,
  "reuse_rate": 0.17543718808118922,
  "objective_without_ca_penalty": 164.72701223544976,
  "objective": 514.7270122354498
}
[RUN][fg_pack_heavy] drtp_img88_cacheonly_1024mb_140_seed101.json
{
  "algo": "fg-online-k8sca",
  "num_containers": 140,
  "num_edge_containers": 96,
  "num_ca_containers": 44,
  "failed_deployments": 44,
  "fail_rate": 0.3142857142857143,
  "num_nodes": 8,
  "num_eval_nodes": 9,
  "resource_model": "online_cumulative_k8s_filter_no_release",
  "ca_model": "parallel_virtual_guarantee",
  "ca_bandwidth_mb_s": 70.0,
  "ca_extra_delay": 0.0,
  "ca_penalty": 314.2857142857143,
  "ca_fixed_penalty": 1000.0,
  "ACT": 95.13512755102046,
  "AMS": 223.71917989417994,
  "AMS_mode": "avg",
  "downloaded_mb": 49543.0,
  "reused_mb": 22916.0,
  "reuse_rate": 0.31626161001393893,
  "objective_without_ca_penalty": 159.4271537226002,
  "objective": 473.71286800831444
}
[RUN][fg_pack_heavy] drtp_img88_cacheonly_1024mb_140_seed202.json
{
  "algo": "fg-online-k8sca",
  "num_containers": 140,
  "num_edge_containers": 89,
  "num_ca_containers": 51,
  "failed_deployments": 51,
  "fail_rate": 0.36428571428571427,
  "num_nodes": 8,
  "num_eval_nodes": 9,
  "resource_model": "online_cumulative_k8s_filter_no_release",
  "ca_model": "parallel_virtual_guarantee",
  "ca_bandwidth_mb_s": 70.0,
  "ca_extra_delay": 0.0,
  "ca_penalty": 364.2857142857143,
  "ca_fixed_penalty": 1000.0,
  "ACT": 83.6298681972789,
  "AMS": 194.694708994709,
  "AMS_mode": "avg",
  "downloaded_mb": 40479.0,
  "reused_mb": 33971.0,
  "reuse_rate": 0.45629281396910676,
  "objective_without_ca_penalty": 139.16228859599394,
  "objective": 503.44800288170825
}
[RUN][fg_pack_heavy] drtp_img88_cacheonly_1024mb_160_seed42.json
{
  "algo": "fg-online-k8sca",
  "num_containers": 160,
  "num_edge_containers": 91,
  "num_ca_containers": 69,
  "failed_deployments": 69,
  "fail_rate": 0.43125,
  "num_nodes": 8,
  "num_eval_nodes": 9,
  "resource_model": "online_cumulative_k8s_filter_no_release",
  "ca_model": "parallel_virtual_guarantee",
  "ca_bandwidth_mb_s": 70.0,
  "ca_extra_delay": 0.0,
  "ca_penalty": 431.25,
  "ca_fixed_penalty": 1000.0,
  "ACT": 88.24014508928579,
  "AMS": 232.05304232804232,
  "AMS_mode": "avg",
  "downloaded_mb": 71657.0,
  "reused_mb": 13112.0,
  "reuse_rate": 0.15467918696693367,
  "objective_without_ca_penalty": 160.14659370866406,
  "objective": 591.3965937086641
}
[RUN][fg_pack_heavy] drtp_img88_cacheonly_1024mb_160_seed101.json
{
  "algo": "fg-online-k8sca",
  "num_containers": 160,
  "num_edge_containers": 96,
  "num_ca_containers": 64,
  "failed_deployments": 64,
  "fail_rate": 0.4,
  "num_nodes": 8,
  "num_eval_nodes": 9,
  "resource_model": "online_cumulative_k8s_filter_no_release",
  "ca_model": "parallel_virtual_guarantee",
  "ca_bandwidth_mb_s": 70.0,
  "ca_extra_delay": 0.0,
  "ca_penalty": 400.0,
  "ca_fixed_penalty": 1000.0,
  "ACT": 86.34109375000006,
  "AMS": 223.71917989417994,
  "AMS_mode": "avg",
  "downloaded_mb": 62329.0,
  "reused_mb": 22916.0,
  "reuse_rate": 0.26882515103525134,
  "objective_without_ca_penalty": 155.03013682209001,
  "objective": 555.0301368220901
}
[RUN][fg_pack_heavy] drtp_img88_cacheonly_1024mb_160_seed202.json
{
  "algo": "fg-online-k8sca",
  "num_containers": 160,
  "num_edge_containers": 89,
  "num_ca_containers": 71,
  "failed_deployments": 71,
  "fail_rate": 0.44375,
  "num_nodes": 8,
  "num_eval_nodes": 9,
  "resource_model": "online_cumulative_k8s_filter_no_release",
  "ca_model": "parallel_virtual_guarantee",
  "ca_bandwidth_mb_s": 70.0,
  "ca_extra_delay": 0.0,
  "ca_penalty": 443.75,
  "ca_fixed_penalty": 1000.0,
  "ACT": 76.25434895833332,
  "AMS": 194.694708994709,
  "AMS_mode": "avg",
  "downloaded_mb": 51995.0,
  "reused_mb": 33971.0,
  "reuse_rate": 0.3951678570597678,
  "objective_without_ca_penalty": 135.47452897652116,
  "objective": 579.2245289765211
}
[RUN][fg_pack_heavy] drtp_img88_cacheonly_1024mb_180_seed42.json
{
  "algo": "fg-online-k8sca",
  "num_containers": 180,
  "num_edge_containers": 91,
  "num_ca_containers": 89,
  "failed_deployments": 89,
  "fail_rate": 0.49444444444444446,
  "num_nodes": 8,
  "num_eval_nodes": 9,
  "resource_model": "online_cumulative_k8s_filter_no_release",
  "ca_model": "parallel_virtual_guarantee",
  "ca_bandwidth_mb_s": 70.0,
  "ca_extra_delay": 0.0,
  "ca_penalty": 494.44444444444446,
  "ca_fixed_penalty": 1000.0,
  "ACT": 81.24354166666676,
  "AMS": 232.05304232804232,
  "AMS_mode": "avg",
  "downloaded_mb": 84636.0,
  "reused_mb": 13112.0,
  "reuse_rate": 0.13414085198674142,
  "objective_without_ca_penalty": 156.64829199735453,
  "objective": 651.0927364417989
}
[RUN][fg_pack_heavy] drtp_img88_cacheonly_1024mb_180_seed101.json
{
  "algo": "fg-online-k8sca",
  "num_containers": 180,
  "num_edge_containers": 96,
  "num_ca_containers": 84,
  "failed_deployments": 84,
  "fail_rate": 0.4666666666666667,
  "num_nodes": 8,
  "num_eval_nodes": 9,
  "resource_model": "online_cumulative_k8s_filter_no_release",
  "ca_model": "parallel_virtual_guarantee",
  "ca_bandwidth_mb_s": 70.0,
  "ca_extra_delay": 0.0,
  "ca_penalty": 466.6666666666667,
  "ca_fixed_penalty": 1000.0,
  "ACT": 79.60946428571437,
  "AMS": 223.71917989417994,
  "AMS_mode": "avg",
  "downloaded_mb": 74238.0,
  "reused_mb": 22916.0,
  "reuse_rate": 0.2358729439858369,
  "objective_without_ca_penalty": 151.66432208994715,
  "objective": 618.3309887566138
}
[RUN][fg_pack_heavy] drtp_img88_cacheonly_1024mb_180_seed202.json
{
  "algo": "fg-online-k8sca",
  "num_containers": 180,
  "num_edge_containers": 89,
  "num_ca_containers": 91,
  "failed_deployments": 91,
  "fail_rate": 0.5055555555555555,
  "num_nodes": 8,
  "num_eval_nodes": 9,
  "resource_model": "online_cumulative_k8s_filter_no_release",
  "ca_model": "parallel_virtual_guarantee",
  "ca_bandwidth_mb_s": 70.0,
  "ca_extra_delay": 0.0,
  "ca_penalty": 505.55555555555554,
  "ca_fixed_penalty": 1000.0,
  "ACT": 70.5291832010582,
  "AMS": 195.32010582010582,
  "AMS_mode": "avg",
  "downloaded_mb": 62954.0,
  "reused_mb": 33971.0,
  "reuse_rate": 0.35048749032757287,
  "objective_without_ca_penalty": 132.92464451058203,
  "objective": 638.4802000661375
}
[RUN][fg_pack_heavy] drtp_img88_cacheonly_1024mb_200_seed42.json
{
  "algo": "fg-online-k8sca",
  "num_containers": 200,
  "num_edge_containers": 91,
  "num_ca_containers": 109,
  "failed_deployments": 109,
  "fail_rate": 0.545,
  "num_nodes": 8,
  "num_eval_nodes": 9,
  "resource_model": "online_cumulative_k8s_filter_no_release",
  "ca_model": "parallel_virtual_guarantee",
  "ca_bandwidth_mb_s": 70.0,
  "ca_extra_delay": 0.0,
  "ca_penalty": 545.0,
  "ca_fixed_penalty": 1000.0,
  "ACT": 75.68747321428579,
  "AMS": 232.67843915343914,
  "AMS_mode": "avg",
  "downloaded_mb": 95742.0,
  "reused_mb": 13112.0,
  "reuse_rate": 0.12045492127069285,
  "objective_without_ca_penalty": 154.18295618386247,
  "objective": 699.1829561838624
}
[RUN][fg_pack_heavy] drtp_img88_cacheonly_1024mb_200_seed101.json
{
  "algo": "fg-online-k8sca",
  "num_containers": 200,
  "num_edge_containers": 96,
  "num_ca_containers": 104,
  "failed_deployments": 104,
  "fail_rate": 0.52,
  "num_nodes": 8,
  "num_eval_nodes": 9,
  "resource_model": "online_cumulative_k8s_filter_no_release",
  "ca_model": "parallel_virtual_guarantee",
  "ca_bandwidth_mb_s": 70.0,
  "ca_extra_delay": 0.0,
  "ca_penalty": 520.0,
  "ca_fixed_penalty": 1000.0,
  "ACT": 74.2045178571429,
  "AMS": 223.71917989417994,
  "AMS_mode": "avg",
  "downloaded_mb": 85942.0,
  "reused_mb": 22916.0,
  "reuse_rate": 0.21051277811460803,
  "objective_without_ca_penalty": 148.96184887566142,
  "objective": 668.9618488756614
}
[RUN][fg_pack_heavy] drtp_img88_cacheonly_1024mb_200_seed202.json
{
  "algo": "fg-online-k8sca",
  "num_containers": 200,
  "num_edge_containers": 89,
  "num_ca_containers": 111,
  "failed_deployments": 111,
  "fail_rate": 0.555,
  "num_nodes": 8,
  "num_eval_nodes": 9,
  "resource_model": "online_cumulative_k8s_filter_no_release",
  "ca_model": "parallel_virtual_guarantee",
  "ca_bandwidth_mb_s": 70.0,
  "ca_extra_delay": 0.0,
  "ca_penalty": 555.0,
  "ca_fixed_penalty": 1000.0,
  "ACT": 65.93319345238096,
  "AMS": 195.32010582010582,
  "AMS_mode": "avg",
  "downloaded_mb": 74881.0,
  "reused_mb": 33971.0,
  "reuse_rate": 0.3120842979458347,
  "objective_without_ca_penalty": 130.6266496362434,
  "objective": 685.6266496362434
}
############################################################
[CONFIG] fg_reuse_pack
ARGS=--lambda-cong 1.0 --lambda-frag 5.0 --lambda-aff 1.0 --lambda-task-load 0.5 --theta-cong-count 1.0 --greedy-load-factor 1.0
############################################################
[RUN][fg_reuse_pack] drtp_img88_cacheonly_1024mb_60_seed42.json
{
  "algo": "fg-online-k8sca",
  "num_containers": 60,
  "num_edge_containers": 60,
  "num_ca_containers": 0,
  "failed_deployments": 0,
  "fail_rate": 0.0,
  "num_nodes": 8,
  "num_eval_nodes": 8,
  "resource_model": "online_cumulative_k8s_filter_no_release",
  "ca_model": "parallel_virtual_guarantee",
  "ca_bandwidth_mb_s": 70.0,
  "ca_extra_delay": 0.0,
  "ca_penalty": 0.0,
  "ca_fixed_penalty": 1000.0,
  "ACT": 119.66694444444445,
  "AMS": 145.15312500000002,
  "AMS_mode": "avg",
  "downloaded_mb": 12088.0,
  "reused_mb": 19212.0,
  "reuse_rate": 0.6138019169329073,
  "objective_without_ca_penalty": 132.41003472222224,
  "objective": 132.41003472222224
}
[RUN][fg_reuse_pack] drtp_img88_cacheonly_1024mb_60_seed101.json
{
  "algo": "fg-online-k8sca",
  "num_containers": 60,
  "num_edge_containers": 60,
  "num_ca_containers": 0,
  "failed_deployments": 0,
  "fail_rate": 0.0,
  "num_nodes": 8,
  "num_eval_nodes": 8,
  "resource_model": "online_cumulative_k8s_filter_no_release",
  "ca_model": "parallel_virtual_guarantee",
  "ca_bandwidth_mb_s": 70.0,
  "ca_extra_delay": 0.0,
  "ca_penalty": 0.0,
  "ca_fixed_penalty": 1000.0,
  "ACT": 127.78381944444445,
  "AMS": 150.95364583333333,
  "AMS_mode": "avg",
  "downloaded_mb": 15560.0,
  "reused_mb": 15170.0,
  "reuse_rate": 0.4936544093719492,
  "objective_without_ca_penalty": 139.3687326388889,
  "objective": 139.3687326388889
}
[RUN][fg_reuse_pack] drtp_img88_cacheonly_1024mb_60_seed202.json
{
  "algo": "fg-online-k8sca",
  "num_containers": 60,
  "num_edge_containers": 60,
  "num_ca_containers": 0,
  "failed_deployments": 0,
  "fail_rate": 0.0,
  "num_nodes": 8,
  "num_eval_nodes": 8,
  "resource_model": "online_cumulative_k8s_filter_no_release",
  "ca_model": "parallel_virtual_guarantee",
  "ca_bandwidth_mb_s": 70.0,
  "ca_extra_delay": 0.0,
  "ca_penalty": 0.0,
  "ca_fixed_penalty": 1000.0,
  "ACT": 87.23784722222227,
  "AMS": 141.35208333333333,
  "AMS_mode": "avg",
  "downloaded_mb": 9588.0,
  "reused_mb": 23709.0,
  "reuse_rate": 0.7120461302820074,
  "objective_without_ca_penalty": 114.2949652777778,
  "objective": 114.2949652777778
}
[RUN][fg_reuse_pack] drtp_img88_cacheonly_1024mb_70_seed42.json
{
  "algo": "fg-online-k8sca",
  "num_containers": 70,
  "num_edge_containers": 70,
  "num_ca_containers": 0,
  "failed_deployments": 0,
  "fail_rate": 0.0,
  "num_nodes": 8,
  "num_eval_nodes": 8,
  "resource_model": "online_cumulative_k8s_filter_no_release",
  "ca_model": "parallel_virtual_guarantee",
  "ca_bandwidth_mb_s": 70.0,
  "ca_extra_delay": 0.0,
  "ca_penalty": 0.0,
  "ca_fixed_penalty": 1000.0,
  "ACT": 125.95422619047628,
  "AMS": 172.3927083333333,
  "AMS_mode": "avg",
  "downloaded_mb": 16283.0,
  "reused_mb": 20068.0,
  "reuse_rate": 0.5520618414899178,
  "objective_without_ca_penalty": 149.1734672619048,
  "objective": 149.1734672619048
}
[RUN][fg_reuse_pack] drtp_img88_cacheonly_1024mb_70_seed101.json
{
  "algo": "fg-online-k8sca",
  "num_containers": 70,
  "num_edge_containers": 70,
  "num_ca_containers": 0,
  "failed_deployments": 0,
  "fail_rate": 0.0,
  "num_nodes": 8,
  "num_eval_nodes": 8,
  "resource_model": "online_cumulative_k8s_filter_no_release",
  "ca_model": "parallel_virtual_guarantee",
  "ca_bandwidth_mb_s": 70.0,
  "ca_extra_delay": 0.0,
  "ca_penalty": 0.0,
  "ca_fixed_penalty": 1000.0,
  "ACT": 126.78029761904763,
  "AMS": 178.40833333333333,
  "AMS_mode": "avg",
  "downloaded_mb": 20080.0,
  "reused_mb": 16467.0,
  "reuse_rate": 0.4505704982625113,
  "objective_without_ca_penalty": 152.59431547619047,
  "objective": 152.59431547619047
}
[RUN][fg_reuse_pack] drtp_img88_cacheonly_1024mb_70_seed202.json
{
  "algo": "fg-online-k8sca",
  "num_containers": 70,
  "num_edge_containers": 70,
  "num_ca_containers": 0,
  "failed_deployments": 0,
  "fail_rate": 0.0,
  "num_nodes": 8,
  "num_eval_nodes": 8,
  "resource_model": "online_cumulative_k8s_filter_no_release",
  "ca_model": "parallel_virtual_guarantee",
  "ca_bandwidth_mb_s": 70.0,
  "ca_extra_delay": 0.0,
  "ca_penalty": 0.0,
  "ca_fixed_penalty": 1000.0,
  "ACT": 99.85315476190478,
  "AMS": 162.72395833333331,
  "AMS_mode": "avg",
  "downloaded_mb": 10146.0,
  "reused_mb": 30301.0,
  "reuse_rate": 0.749153212846441,
  "objective_without_ca_penalty": 131.28855654761904,
  "objective": 131.28855654761904
}
[RUN][fg_reuse_pack] drtp_img88_cacheonly_1024mb_80_seed42.json
{
  "algo": "fg-online-k8sca",
  "num_containers": 80,
  "num_edge_containers": 80,
  "num_ca_containers": 0,
  "failed_deployments": 0,
  "fail_rate": 0.0,
  "num_nodes": 8,
  "num_eval_nodes": 8,
  "resource_model": "online_cumulative_k8s_filter_no_release",
  "ca_model": "parallel_virtual_guarantee",
  "ca_bandwidth_mb_s": 70.0,
  "ca_extra_delay": 0.0,
  "ca_penalty": 0.0,
  "ca_fixed_penalty": 1000.0,
  "ACT": 128.94953125000006,
  "AMS": 202.99479166666666,
  "AMS_mode": "avg",
  "downloaded_mb": 20352.0,
  "reused_mb": 21993.0,
  "reuse_rate": 0.5193765497697485,
  "objective_without_ca_penalty": 165.97216145833335,
  "objective": 165.97216145833335
}
[RUN][fg_reuse_pack] drtp_img88_cacheonly_1024mb_80_seed101.json
{
  "algo": "fg-online-k8sca",
  "num_containers": 80,
  "num_edge_containers": 80,
  "num_ca_containers": 0,
  "failed_deployments": 0,
  "fail_rate": 0.0,
  "num_nodes": 8,
  "num_eval_nodes": 8,
  "resource_model": "online_cumulative_k8s_filter_no_release",
  "ca_model": "parallel_virtual_guarantee",
  "ca_bandwidth_mb_s": 70.0,
  "ca_extra_delay": 0.0,
  "ca_penalty": 0.0,
  "ca_fixed_penalty": 1000.0,
  "ACT": 124.77255208333334,
  "AMS": 207.11874999999998,
  "AMS_mode": "avg",
  "downloaded_mb": 25221.0,
  "reused_mb": 17246.0,
  "reuse_rate": 0.4061035627663833,
  "objective_without_ca_penalty": 165.94565104166665,
  "objective": 165.94565104166665
}
[RUN][fg_reuse_pack] drtp_img88_cacheonly_1024mb_80_seed202.json
{
  "algo": "fg-online-k8sca",
  "num_containers": 80,
  "num_edge_containers": 80,
  "num_ca_containers": 0,
  "failed_deployments": 0,
  "fail_rate": 0.0,
  "num_nodes": 8,
  "num_eval_nodes": 8,
  "resource_model": "online_cumulative_k8s_filter_no_release",
  "ca_model": "parallel_virtual_guarantee",
  "ca_bandwidth_mb_s": 70.0,
  "ca_extra_delay": 0.0,
  "ca_penalty": 0.0,
  "ca_fixed_penalty": 1000.0,
  "ACT": 115.02604166666666,
  "AMS": 188.87604166666668,
  "AMS_mode": "avg",
  "downloaded_mb": 12511.0,
  "reused_mb": 31706.0,
  "reuse_rate": 0.7170545265395663,
  "objective_without_ca_penalty": 151.95104166666667,
  "objective": 151.95104166666667
}
[RUN][fg_reuse_pack] drtp_img88_cacheonly_1024mb_90_seed42.json
{
  "algo": "fg-online-k8sca",
  "num_containers": 90,
  "num_edge_containers": 90,
  "num_ca_containers": 0,
  "failed_deployments": 0,
  "fail_rate": 0.0,
  "num_nodes": 8,
  "num_eval_nodes": 8,
  "resource_model": "online_cumulative_k8s_filter_no_release",
  "ca_model": "parallel_virtual_guarantee",
  "ca_bandwidth_mb_s": 70.0,
  "ca_extra_delay": 0.0,
  "ca_penalty": 0.0,
  "ca_fixed_penalty": 1000.0,
  "ACT": 131.01046296296292,
  "AMS": 237.44635416666665,
  "AMS_mode": "avg",
  "downloaded_mb": 26981.0,
  "reused_mb": 21325.0,
  "reuse_rate": 0.4414565478408479,
  "objective_without_ca_penalty": 184.2284085648148,
  "objective": 184.2284085648148
}
[RUN][fg_reuse_pack] drtp_img88_cacheonly_1024mb_90_seed101.json
{
  "algo": "fg-online-k8sca",
  "num_containers": 90,
  "num_edge_containers": 90,
  "num_ca_containers": 0,
  "failed_deployments": 0,
  "fail_rate": 0.0,
  "num_nodes": 8,
  "num_eval_nodes": 8,
  "resource_model": "online_cumulative_k8s_filter_no_release",
  "ca_model": "parallel_virtual_guarantee",
  "ca_bandwidth_mb_s": 70.0,
  "ca_extra_delay": 0.0,
  "ca_penalty": 0.0,
  "ca_fixed_penalty": 1000.0,
  "ACT": 123.34004629629626,
  "AMS": 231.02291666666667,
  "AMS_mode": "avg",
  "downloaded_mb": 25715.0,
  "reused_mb": 23001.0,
  "reuse_rate": 0.47214467526069465,
  "objective_without_ca_penalty": 177.18148148148146,
  "objective": 177.18148148148146
}
[RUN][fg_reuse_pack] drtp_img88_cacheonly_1024mb_90_seed202.json
{
  "algo": "fg-online-k8sca",
  "num_containers": 90,
  "num_edge_containers": 88,
  "num_ca_containers": 2,
  "failed_deployments": 2,
  "fail_rate": 0.022222222222222223,
  "num_nodes": 8,
  "num_eval_nodes": 9,
  "resource_model": "online_cumulative_k8s_filter_no_release",
  "ca_model": "parallel_virtual_guarantee",
  "ca_bandwidth_mb_s": 70.0,
  "ca_extra_delay": 0.0,
  "ca_penalty": 22.22222222222222,
  "ca_fixed_penalty": 1000.0,
  "ACT": 118.75892195767187,
  "AMS": 194.0441798941799,
  "AMS_mode": "avg",
  "downloaded_mb": 18449.0,
  "reused_mb": 31982.0,
  "reuse_rate": 0.6341734250758462,
  "objective_without_ca_penalty": 156.4015509259259,
  "objective": 178.62377314814813
}
[RUN][fg_reuse_pack] drtp_img88_cacheonly_1024mb_100_seed42.json
{
  "algo": "fg-online-k8sca",
  "num_containers": 100,
  "num_edge_containers": 91,
  "num_ca_containers": 9,
  "failed_deployments": 9,
  "fail_rate": 0.09,
  "num_nodes": 8,
  "num_eval_nodes": 9,
  "resource_model": "online_cumulative_k8s_filter_no_release",
  "ca_model": "parallel_virtual_guarantee",
  "ca_bandwidth_mb_s": 70.0,
  "ca_extra_delay": 0.0,
  "ca_penalty": 90.0,
  "ca_fixed_penalty": 1000.0,
  "ACT": 122.41624999999998,
  "AMS": 218.49808201058198,
  "AMS_mode": "avg",
  "downloaded_mb": 31000.0,
  "reused_mb": 21661.0,
  "reuse_rate": 0.4113290670515182,
  "objective_without_ca_penalty": 170.457166005291,
  "objective": 260.457166005291
}
[RUN][fg_reuse_pack] drtp_img88_cacheonly_1024mb_100_seed101.json
{
  "algo": "fg-online-k8sca",
  "num_containers": 100,
  "num_edge_containers": 96,
  "num_ca_containers": 4,
  "failed_deployments": 4,
  "fail_rate": 0.04,
  "num_nodes": 8,
  "num_eval_nodes": 9,
  "resource_model": "online_cumulative_k8s_filter_no_release",
  "ca_model": "parallel_virtual_guarantee",
  "ca_bandwidth_mb_s": 70.0,
  "ca_extra_delay": 0.0,
  "ca_penalty": 40.0,
  "ca_fixed_penalty": 1000.0,
  "ACT": 123.58130357142863,
  "AMS": 221.71481481481482,
  "AMS_mode": "avg",
  "downloaded_mb": 29373.0,
  "reused_mb": 22702.0,
  "reuse_rate": 0.4359481517042727,
  "objective_without_ca_penalty": 172.64805919312172,
  "objective": 212.64805919312172
}
[RUN][fg_reuse_pack] drtp_img88_cacheonly_1024mb_100_seed202.json
{
  "algo": "fg-online-k8sca",
  "num_containers": 100,
  "num_edge_containers": 89,
  "num_ca_containers": 11,
  "failed_deployments": 11,
  "fail_rate": 0.11,
  "num_nodes": 8,
  "num_eval_nodes": 9,
  "resource_model": "online_cumulative_k8s_filter_no_release",
  "ca_model": "parallel_virtual_guarantee",
  "ca_bandwidth_mb_s": 70.0,
  "ca_extra_delay": 0.0,
  "ca_penalty": 110.0,
  "ca_fixed_penalty": 1000.0,
  "ACT": 111.0648392857142,
  "AMS": 196.9457671957672,
  "AMS_mode": "avg",
  "downloaded_mb": 23063.0,
  "reused_mb": 31982.0,
  "reuse_rate": 0.5810155327459351,
  "objective_without_ca_penalty": 154.0053032407407,
  "objective": 264.00530324074066
}
[RUN][fg_reuse_pack] drtp_img88_cacheonly_1024mb_110_seed42.json
{
  "algo": "fg-online-k8sca",
  "num_containers": 110,
  "num_edge_containers": 91,
  "num_ca_containers": 19,
  "failed_deployments": 19,
  "fail_rate": 0.17272727272727273,
  "num_nodes": 8,
  "num_eval_nodes": 9,
  "resource_model": "online_cumulative_k8s_filter_no_release",
  "ca_model": "parallel_virtual_guarantee",
  "ca_bandwidth_mb_s": 70.0,
  "ca_extra_delay": 0.0,
  "ca_penalty": 172.72727272727272,
  "ca_fixed_penalty": 1000.0,
  "ACT": 113.41607142857143,
  "AMS": 218.49808201058198,
  "AMS_mode": "avg",
  "downloaded_mb": 36190.0,
  "reused_mb": 21661.0,
  "reuse_rate": 0.3744274083421203,
  "objective_without_ca_penalty": 165.95707671957672,
  "objective": 338.6843494468494
}
[RUN][fg_reuse_pack] drtp_img88_cacheonly_1024mb_110_seed101.json
{
  "algo": "fg-online-k8sca",
  "num_containers": 110,
  "num_edge_containers": 96,
  "num_ca_containers": 14,
  "failed_deployments": 14,
  "fail_rate": 0.12727272727272726,
  "num_nodes": 8,
  "num_eval_nodes": 9,
  "resource_model": "online_cumulative_k8s_filter_no_release",
  "ca_model": "parallel_virtual_guarantee",
  "ca_bandwidth_mb_s": 70.0,
  "ca_extra_delay": 0.0,
  "ca_penalty": 127.27272727272727,
  "ca_fixed_penalty": 1000.0,
  "ACT": 114.72923701298707,
  "AMS": 223.46084656084656,
  "AMS_mode": "avg",
  "downloaded_mb": 34979.0,
  "reused_mb": 22702.0,
  "reuse_rate": 0.39357847471437735,
  "objective_without_ca_penalty": 169.09504178691682,
  "objective": 296.3677690596441
}
[RUN][fg_reuse_pack] drtp_img88_cacheonly_1024mb_110_seed202.json
{
  "algo": "fg-online-k8sca",
  "num_containers": 110,
  "num_edge_containers": 89,
  "num_ca_containers": 21,
  "failed_deployments": 21,
  "fail_rate": 0.19090909090909092,
  "num_nodes": 8,
  "num_eval_nodes": 9,
  "resource_model": "online_cumulative_k8s_filter_no_release",
  "ca_model": "parallel_virtual_guarantee",
  "ca_bandwidth_mb_s": 70.0,
  "ca_extra_delay": 0.0,
  "ca_penalty": 190.9090909090909,
  "ca_fixed_penalty": 1000.0,
  "ACT": 103.00297077922069,
  "AMS": 196.9457671957672,
  "AMS_mode": "avg",
  "downloaded_mb": 28092.0,
  "reused_mb": 31982.0,
  "reuse_rate": 0.532376735359723,
  "objective_without_ca_penalty": 149.97436898749393,
  "objective": 340.88345989658484
}
[RUN][fg_reuse_pack] drtp_img88_cacheonly_1024mb_120_seed42.json
{
  "algo": "fg-online-k8sca",
  "num_containers": 120,
  "num_edge_containers": 91,
  "num_ca_containers": 29,
  "failed_deployments": 29,
  "fail_rate": 0.24166666666666667,
  "num_nodes": 8,
  "num_eval_nodes": 9,
  "resource_model": "online_cumulative_k8s_filter_no_release",
  "ca_model": "parallel_virtual_guarantee",
  "ca_bandwidth_mb_s": 70.0,
  "ca_extra_delay": 0.0,
  "ca_penalty": 241.66666666666666,
  "ca_fixed_penalty": 1000.0,
  "ACT": 105.85971726190476,
  "AMS": 218.00780423280423,
  "AMS_mode": "avg",
  "downloaded_mb": 41947.0,
  "reused_mb": 22014.0,
  "reuse_rate": 0.34417848376354343,
  "objective_without_ca_penalty": 161.93376074735448,
  "objective": 403.60042741402117
}
[RUN][fg_reuse_pack] drtp_img88_cacheonly_1024mb_120_seed101.json
{
  "algo": "fg-online-k8sca",
  "num_containers": 120,
  "num_edge_containers": 96,
  "num_ca_containers": 24,
  "failed_deployments": 24,
  "fail_rate": 0.2,
  "num_nodes": 8,
  "num_eval_nodes": 9,
  "resource_model": "online_cumulative_k8s_filter_no_release",
  "ca_model": "parallel_virtual_guarantee",
  "ca_bandwidth_mb_s": 70.0,
  "ca_extra_delay": 0.0,
  "ca_penalty": 200.0,
  "ca_fixed_penalty": 1000.0,
  "ACT": 107.29703869047624,
  "AMS": 224.01640211640213,
  "AMS_mode": "avg",
  "downloaded_mb": 39349.0,
  "reused_mb": 22702.0,
  "reuse_rate": 0.365860340687499,
  "objective_without_ca_penalty": 165.65672040343918,
  "objective": 365.6567204034392
}
[RUN][fg_reuse_pack] drtp_img88_cacheonly_1024mb_120_seed202.json
{
  "algo": "fg-online-k8sca",
  "num_containers": 120,
  "num_edge_containers": 89,
  "num_ca_containers": 31,
  "failed_deployments": 31,
  "fail_rate": 0.25833333333333336,
  "num_nodes": 8,
  "num_eval_nodes": 9,
  "resource_model": "online_cumulative_k8s_filter_no_release",
  "ca_model": "parallel_virtual_guarantee",
  "ca_bandwidth_mb_s": 70.0,
  "ca_extra_delay": 0.0,
  "ca_penalty": 258.33333333333337,
  "ca_fixed_penalty": 1000.0,
  "ACT": 96.65224702380945,
  "AMS": 197.2410052910053,
  "AMS_mode": "avg",
  "downloaded_mb": 34038.0,
  "reused_mb": 31982.0,
  "reuse_rate": 0.48442896092093307,
  "objective_without_ca_penalty": 146.94662615740737,
  "objective": 405.27995949074074
}
[RUN][fg_reuse_pack] drtp_img88_cacheonly_1024mb_140_seed42.json
{
  "algo": "fg-online-k8sca",
  "num_containers": 140,
  "num_edge_containers": 91,
  "num_ca_containers": 49,
  "failed_deployments": 49,
  "fail_rate": 0.35,
  "num_nodes": 8,
  "num_eval_nodes": 9,
  "resource_model": "online_cumulative_k8s_filter_no_release",
  "ca_model": "parallel_virtual_guarantee",
  "ca_bandwidth_mb_s": 70.0,
  "ca_extra_delay": 0.0,
  "ca_penalty": 350.0,
  "ca_fixed_penalty": 1000.0,
  "ACT": 94.41803571428572,
  "AMS": 219.07109788359787,
  "AMS_mode": "avg",
  "downloaded_mb": 53278.0,
  "reused_mb": 21461.0,
  "reuse_rate": 0.28714593451879206,
  "objective_without_ca_penalty": 156.7445667989418,
  "objective": 506.74456679894183
}
[RUN][fg_reuse_pack] drtp_img88_cacheonly_1024mb_140_seed101.json
{
  "algo": "fg-online-k8sca",
  "num_containers": 140,
  "num_edge_containers": 96,
  "num_ca_containers": 44,
  "failed_deployments": 44,
  "fail_rate": 0.3142857142857143,
  "num_nodes": 8,
  "num_eval_nodes": 9,
  "resource_model": "online_cumulative_k8s_filter_no_release",
  "ca_model": "parallel_virtual_guarantee",
  "ca_bandwidth_mb_s": 70.0,
  "ca_extra_delay": 0.0,
  "ca_penalty": 314.2857142857143,
  "ca_fixed_penalty": 1000.0,
  "ACT": 95.30950255102046,
  "AMS": 224.01640211640213,
  "AMS_mode": "avg",
  "downloaded_mb": 49757.0,
  "reused_mb": 22702.0,
  "reuse_rate": 0.3133082156805918,
  "objective_without_ca_penalty": 159.6629523337113,
  "objective": 473.9486666194256
}
[RUN][fg_reuse_pack] drtp_img88_cacheonly_1024mb_140_seed202.json
{
  "algo": "fg-online-k8sca",
  "num_containers": 140,
  "num_edge_containers": 89,
  "num_ca_containers": 51,
  "failed_deployments": 51,
  "fail_rate": 0.36428571428571427,
  "num_nodes": 8,
  "num_eval_nodes": 9,
  "resource_model": "online_cumulative_k8s_filter_no_release",
  "ca_model": "parallel_virtual_guarantee",
  "ca_bandwidth_mb_s": 70.0,
  "ca_extra_delay": 0.0,
  "ca_penalty": 364.2857142857143,
  "ca_fixed_penalty": 1000.0,
  "ACT": 86.09070153061218,
  "AMS": 197.2410052910053,
  "AMS_mode": "avg",
  "downloaded_mb": 42468.0,
  "reused_mb": 31982.0,
  "reuse_rate": 0.42957689724647413,
  "objective_without_ca_penalty": 141.66585341080875,
  "objective": 505.95156769652306
}
[RUN][fg_reuse_pack] drtp_img88_cacheonly_1024mb_160_seed42.json
{
  "algo": "fg-online-k8sca",
  "num_containers": 160,
  "num_edge_containers": 91,
  "num_ca_containers": 69,
  "failed_deployments": 69,
  "fail_rate": 0.43125,
  "num_nodes": 8,
  "num_eval_nodes": 9,
  "resource_model": "online_cumulative_k8s_filter_no_release",
  "ca_model": "parallel_virtual_guarantee",
  "ca_bandwidth_mb_s": 70.0,
  "ca_extra_delay": 0.0,
  "ca_penalty": 431.25,
  "ca_fixed_penalty": 1000.0,
  "ACT": 85.45264508928575,
  "AMS": 218.30304232804232,
  "AMS_mode": "avg",
  "downloaded_mb": 62755.0,
  "reused_mb": 22014.0,
  "reuse_rate": 0.259693991907419,
  "objective_without_ca_penalty": 151.87784370866405,
  "objective": 583.127843708664
}
[RUN][fg_reuse_pack] drtp_img88_cacheonly_1024mb_160_seed101.json
{
  "algo": "fg-online-k8sca",
  "num_containers": 160,
  "num_edge_containers": 96,
  "num_ca_containers": 64,
  "failed_deployments": 64,
  "fail_rate": 0.4,
  "num_nodes": 8,
  "num_eval_nodes": 9,
  "resource_model": "online_cumulative_k8s_filter_no_release",
  "ca_model": "parallel_virtual_guarantee",
  "ca_bandwidth_mb_s": 70.0,
  "ca_extra_delay": 0.0,
  "ca_penalty": 400.0,
  "ca_fixed_penalty": 1000.0,
  "ACT": 86.49367187500006,
  "AMS": 224.01640211640213,
  "AMS_mode": "avg",
  "downloaded_mb": 62543.0,
  "reused_mb": 22702.0,
  "reuse_rate": 0.2663147398674409,
  "objective_without_ca_penalty": 155.2550369957011,
  "objective": 555.2550369957011
}
[RUN][fg_reuse_pack] drtp_img88_cacheonly_1024mb_160_seed202.json
{
  "algo": "fg-online-k8sca",
  "num_containers": 160,
  "num_edge_containers": 89,
  "num_ca_containers": 71,
  "failed_deployments": 71,
  "fail_rate": 0.44375,
  "num_nodes": 8,
  "num_eval_nodes": 9,
  "resource_model": "online_cumulative_k8s_filter_no_release",
  "ca_model": "parallel_virtual_guarantee",
  "ca_bandwidth_mb_s": 70.0,
  "ca_extra_delay": 0.0,
  "ca_penalty": 443.75,
  "ca_fixed_penalty": 1000.0,
  "ACT": 78.40757812499994,
  "AMS": 197.2410052910053,
  "AMS_mode": "avg",
  "downloaded_mb": 53984.0,
  "reused_mb": 31982.0,
  "reuse_rate": 0.37203080287555546,
  "objective_without_ca_penalty": 137.82429170800262,
  "objective": 581.5742917080026
}
[RUN][fg_reuse_pack] drtp_img88_cacheonly_1024mb_180_seed42.json
{
  "algo": "fg-online-k8sca",
  "num_containers": 180,
  "num_edge_containers": 91,
  "num_ca_containers": 89,
  "failed_deployments": 89,
  "fail_rate": 0.49444444444444446,
  "num_nodes": 8,
  "num_eval_nodes": 9,
  "resource_model": "online_cumulative_k8s_filter_no_release",
  "ca_model": "parallel_virtual_guarantee",
  "ca_bandwidth_mb_s": 70.0,
  "ca_extra_delay": 0.0,
  "ca_penalty": 494.44444444444446,
  "ca_fixed_penalty": 1000.0,
  "ACT": 78.85402777777782,
  "AMS": 218.79332010582007,
  "AMS_mode": "avg",
  "downloaded_mb": 76087.0,
  "reused_mb": 21661.0,
  "reuse_rate": 0.22160044195277653,
  "objective_without_ca_penalty": 148.82367394179894,
  "objective": 643.2681183862434
}
[RUN][fg_reuse_pack] drtp_img88_cacheonly_1024mb_180_seed101.json
{
  "algo": "fg-online-k8sca",
  "num_containers": 180,
  "num_edge_containers": 96,
  "num_ca_containers": 84,
  "failed_deployments": 84,
  "fail_rate": 0.4666666666666667,
  "num_nodes": 8,
  "num_eval_nodes": 9,
  "resource_model": "online_cumulative_k8s_filter_no_release",
  "ca_model": "parallel_virtual_guarantee",
  "ca_bandwidth_mb_s": 70.0,
  "ca_extra_delay": 0.0,
  "ca_penalty": 466.6666666666667,
  "ca_fixed_penalty": 1000.0,
  "ACT": 79.74508928571436,
  "AMS": 224.01640211640213,
  "AMS_mode": "avg",
  "downloaded_mb": 74452.0,
  "reused_mb": 22702.0,
  "reuse_rate": 0.233670255470696,
  "objective_without_ca_penalty": 151.88074570105823,
  "objective": 618.547412367725
}
[RUN][fg_reuse_pack] drtp_img88_cacheonly_1024mb_180_seed202.json
{
  "algo": "fg-online-k8sca",
  "num_containers": 180,
  "num_edge_containers": 89,
  "num_ca_containers": 91,
  "failed_deployments": 91,
  "fail_rate": 0.5055555555555555,
  "num_nodes": 8,
  "num_eval_nodes": 9,
  "resource_model": "online_cumulative_k8s_filter_no_release",
  "ca_model": "parallel_virtual_guarantee",
  "ca_bandwidth_mb_s": 70.0,
  "ca_extra_delay": 0.0,
  "ca_penalty": 505.55555555555554,
  "ca_fixed_penalty": 1000.0,
  "ACT": 72.44316468253963,
  "AMS": 197.86640211640213,
  "AMS_mode": "avg",
  "downloaded_mb": 64943.0,
  "reused_mb": 31982.0,
  "reuse_rate": 0.32996646891926745,
  "objective_without_ca_penalty": 135.1547833994709,
  "objective": 640.7103389550264
}
[RUN][fg_reuse_pack] drtp_img88_cacheonly_1024mb_200_seed42.json
{
  "algo": "fg-online-k8sca",
  "num_containers": 200,
  "num_edge_containers": 91,
  "num_ca_containers": 109,
  "failed_deployments": 109,
  "fail_rate": 0.545,
  "num_nodes": 8,
  "num_eval_nodes": 9,
  "resource_model": "online_cumulative_k8s_filter_no_release",
  "ca_model": "parallel_virtual_guarantee",
  "ca_bandwidth_mb_s": 70.0,
  "ca_extra_delay": 0.0,
  "ca_penalty": 545.0,
  "ca_fixed_penalty": 1000.0,
  "ACT": 73.22216071428576,
  "AMS": 217.88260582010582,
  "AMS_mode": "avg",
  "downloaded_mb": 86087.0,
  "reused_mb": 22767.0,
  "reuse_rate": 0.2091517077920885,
  "objective_without_ca_penalty": 145.5523832671958,
  "objective": 690.5523832671959
}
[RUN][fg_reuse_pack] drtp_img88_cacheonly_1024mb_200_seed101.json
{
  "algo": "fg-online-k8sca",
  "num_containers": 200,
  "num_edge_containers": 96,
  "num_ca_containers": 104,
  "failed_deployments": 104,
  "fail_rate": 0.52,
  "num_nodes": 8,
  "num_eval_nodes": 9,
  "resource_model": "online_cumulative_k8s_filter_no_release",
  "ca_model": "parallel_virtual_guarantee",
  "ca_bandwidth_mb_s": 70.0,
  "ca_extra_delay": 0.0,
  "ca_penalty": 520.0,
  "ca_fixed_penalty": 1000.0,
  "ACT": 74.32658035714292,
  "AMS": 224.01640211640213,
  "AMS_mode": "avg",
  "downloaded_mb": 86156.0,
  "reused_mb": 22702.0,
  "reuse_rate": 0.20854691432875858,
  "objective_without_ca_penalty": 149.1714912367725,
  "objective": 669.1714912367725
}
[RUN][fg_reuse_pack] drtp_img88_cacheonly_1024mb_200_seed202.json
{
  "algo": "fg-online-k8sca",
  "num_containers": 200,
  "num_edge_containers": 89,
  "num_ca_containers": 111,
  "failed_deployments": 111,
  "fail_rate": 0.555,
  "num_nodes": 8,
  "num_eval_nodes": 9,
  "resource_model": "online_cumulative_k8s_filter_no_release",
  "ca_model": "parallel_virtual_guarantee",
  "ca_bandwidth_mb_s": 70.0,
  "ca_extra_delay": 0.0,
  "ca_penalty": 555.0,
  "ca_fixed_penalty": 1000.0,
  "ACT": 67.65577678571425,
  "AMS": 197.86640211640213,
  "AMS_mode": "avg",
  "downloaded_mb": 76870.0,
  "reused_mb": 31982.0,
  "reuse_rate": 0.29381178113401685,
  "objective_without_ca_penalty": 132.76108945105818,
  "objective": 687.7610894510582
}
############################################################
[CONFIG] fg_lowcong_pack
ARGS=--lambda-cong 0.1 --lambda-frag 10.0 --lambda-aff 0.2 --lambda-task-load 1.0 --theta-cong-count 1.0 --greedy-load-factor 2.0
############################################################
[RUN][fg_lowcong_pack] drtp_img88_cacheonly_1024mb_60_seed42.json
{
  "algo": "fg-online-k8sca",
  "num_containers": 60,
  "num_edge_containers": 60,
  "num_ca_containers": 0,
  "failed_deployments": 0,
  "fail_rate": 0.0,
  "num_nodes": 8,
  "num_eval_nodes": 8,
  "resource_model": "online_cumulative_k8s_filter_no_release",
  "ca_model": "parallel_virtual_guarantee",
  "ca_bandwidth_mb_s": 70.0,
  "ca_extra_delay": 0.0,
  "ca_penalty": 0.0,
  "ca_fixed_penalty": 1000.0,
  "ACT": 134.1199305555555,
  "AMS": 157.68020833333333,
  "AMS_mode": "avg",
  "downloaded_mb": 19846.0,
  "reused_mb": 11454.0,
  "reuse_rate": 0.36594249201277956,
  "objective_without_ca_penalty": 145.9000694444444,
  "objective": 145.9000694444444
}
[RUN][fg_lowcong_pack] drtp_img88_cacheonly_1024mb_60_seed101.json
{
  "algo": "fg-online-k8sca",
  "num_containers": 60,
  "num_edge_containers": 60,
  "num_ca_containers": 0,
  "failed_deployments": 0,
  "fail_rate": 0.0,
  "num_nodes": 8,
  "num_eval_nodes": 8,
  "resource_model": "online_cumulative_k8s_filter_no_release",
  "ca_model": "parallel_virtual_guarantee",
  "ca_bandwidth_mb_s": 70.0,
  "ca_extra_delay": 0.0,
  "ca_penalty": 0.0,
  "ca_fixed_penalty": 1000.0,
  "ACT": 126.94069444444453,
  "AMS": 151.28177083333333,
  "AMS_mode": "avg",
  "downloaded_mb": 15770.0,
  "reused_mb": 14960.0,
  "reuse_rate": 0.48682069638789455,
  "objective_without_ca_penalty": 139.11123263888894,
  "objective": 139.11123263888894
}
[RUN][fg_lowcong_pack] drtp_img88_cacheonly_1024mb_60_seed202.json
{
  "algo": "fg-online-k8sca",
  "num_containers": 60,
  "num_edge_containers": 60,
  "num_ca_containers": 0,
  "failed_deployments": 0,
  "fail_rate": 0.0,
  "num_nodes": 8,
  "num_eval_nodes": 8,
  "resource_model": "online_cumulative_k8s_filter_no_release",
  "ca_model": "parallel_virtual_guarantee",
  "ca_bandwidth_mb_s": 70.0,
  "ca_extra_delay": 0.0,
  "ca_penalty": 0.0,
  "ca_fixed_penalty": 1000.0,
  "ACT": 97.68694444444453,
  "AMS": 140.47291666666666,
  "AMS_mode": "avg",
  "downloaded_mb": 9223.0,
  "reused_mb": 24074.0,
  "reuse_rate": 0.7230080788058985,
  "objective_without_ca_penalty": 119.07993055555559,
  "objective": 119.07993055555559
}
[RUN][fg_lowcong_pack] drtp_img88_cacheonly_1024mb_70_seed42.json
{
  "algo": "fg-online-k8sca",
  "num_containers": 70,
  "num_edge_containers": 70,
  "num_ca_containers": 0,
  "failed_deployments": 0,
  "fail_rate": 0.0,
  "num_nodes": 8,
  "num_eval_nodes": 8,
  "resource_model": "online_cumulative_k8s_filter_no_release",
  "ca_model": "parallel_virtual_guarantee",
  "ca_bandwidth_mb_s": 70.0,
  "ca_extra_delay": 0.0,
  "ca_penalty": 0.0,
  "ca_fixed_penalty": 1000.0,
  "ACT": 134.763630952381,
  "AMS": 185.33645833333333,
  "AMS_mode": "avg",
  "downloaded_mb": 24127.0,
  "reused_mb": 12224.0,
  "reuse_rate": 0.3362768562075321,
  "objective_without_ca_penalty": 160.05004464285716,
  "objective": 160.05004464285716
}
[RUN][fg_lowcong_pack] drtp_img88_cacheonly_1024mb_70_seed101.json
{
  "algo": "fg-online-k8sca",
  "num_containers": 70,
  "num_edge_containers": 70,
  "num_ca_containers": 0,
  "failed_deployments": 0,
  "fail_rate": 0.0,
  "num_nodes": 8,
  "num_eval_nodes": 8,
  "resource_model": "online_cumulative_k8s_filter_no_release",
  "ca_model": "parallel_virtual_guarantee",
  "ca_bandwidth_mb_s": 70.0,
  "ca_extra_delay": 0.0,
  "ca_penalty": 0.0,
  "ca_fixed_penalty": 1000.0,
  "ACT": 126.00744047619054,
  "AMS": 178.00833333333333,
  "AMS_mode": "avg",
  "downloaded_mb": 19824.0,
  "reused_mb": 16723.0,
  "reuse_rate": 0.4575751771691247,
  "objective_without_ca_penalty": 152.00788690476193,
  "objective": 152.00788690476193
}
[RUN][fg_lowcong_pack] drtp_img88_cacheonly_1024mb_70_seed202.json
{
  "algo": "fg-online-k8sca",
  "num_containers": 70,
  "num_edge_containers": 70,
  "num_ca_containers": 0,
  "failed_deployments": 0,
  "fail_rate": 0.0,
  "num_nodes": 8,
  "num_eval_nodes": 8,
  "resource_model": "online_cumulative_k8s_filter_no_release",
  "ca_model": "parallel_virtual_guarantee",
  "ca_bandwidth_mb_s": 70.0,
  "ca_extra_delay": 0.0,
  "ca_penalty": 0.0,
  "ca_fixed_penalty": 1000.0,
  "ACT": 104.1140476190477,
  "AMS": 165.7895833333333,
  "AMS_mode": "avg",
  "downloaded_mb": 11684.0,
  "reused_mb": 28763.0,
  "reuse_rate": 0.7111281430019532,
  "objective_without_ca_penalty": 134.9518154761905,
  "objective": 134.9518154761905
}
[RUN][fg_lowcong_pack] drtp_img88_cacheonly_1024mb_80_seed42.json
{
  "algo": "fg-online-k8sca",
  "num_containers": 80,
  "num_edge_containers": 80,
  "num_ca_containers": 0,
  "failed_deployments": 0,
  "fail_rate": 0.0,
  "num_nodes": 8,
  "num_eval_nodes": 8,
  "resource_model": "online_cumulative_k8s_filter_no_release",
  "ca_model": "parallel_virtual_guarantee",
  "ca_bandwidth_mb_s": 70.0,
  "ca_extra_delay": 0.0,
  "ca_penalty": 0.0,
  "ca_fixed_penalty": 1000.0,
  "ACT": 133.94921875000009,
  "AMS": 219.29479166666664,
  "AMS_mode": "avg",
  "downloaded_mb": 29807.0,
  "reused_mb": 12538.0,
  "reuse_rate": 0.2960916282914158,
  "objective_without_ca_penalty": 176.62200520833335,
  "objective": 176.62200520833335
}
[RUN][fg_lowcong_pack] drtp_img88_cacheonly_1024mb_80_seed101.json
{
  "algo": "fg-online-k8sca",
  "num_containers": 80,
  "num_edge_containers": 80,
  "num_ca_containers": 0,
  "failed_deployments": 0,
  "fail_rate": 0.0,
  "num_nodes": 8,
  "num_eval_nodes": 8,
  "resource_model": "online_cumulative_k8s_filter_no_release",
  "ca_model": "parallel_virtual_guarantee",
  "ca_bandwidth_mb_s": 70.0,
  "ca_extra_delay": 0.0,
  "ca_penalty": 0.0,
  "ca_fixed_penalty": 1000.0,
  "ACT": 124.09630208333343,
  "AMS": 206.71875,
  "AMS_mode": "avg",
  "downloaded_mb": 24965.0,
  "reused_mb": 17502.0,
  "reuse_rate": 0.41213177290602115,
  "objective_without_ca_penalty": 165.4075260416667,
  "objective": 165.4075260416667
}
[RUN][fg_lowcong_pack] drtp_img88_cacheonly_1024mb_80_seed202.json
{
  "algo": "fg-online-k8sca",
  "num_containers": 80,
  "num_edge_containers": 80,
  "num_ca_containers": 0,
  "failed_deployments": 0,
  "fail_rate": 0.0,
  "num_nodes": 8,
  "num_eval_nodes": 8,
  "resource_model": "online_cumulative_k8s_filter_no_release",
  "ca_model": "parallel_virtual_guarantee",
  "ca_bandwidth_mb_s": 70.0,
  "ca_extra_delay": 0.0,
  "ca_penalty": 0.0,
  "ca_fixed_penalty": 1000.0,
  "ACT": 110.37500000000003,
  "AMS": 192.32083333333333,
  "AMS_mode": "avg",
  "downloaded_mb": 13877.0,
  "reused_mb": 30340.0,
  "reuse_rate": 0.6861614311237759,
  "objective_without_ca_penalty": 151.34791666666666,
  "objective": 151.34791666666666
}
[RUN][fg_lowcong_pack] drtp_img88_cacheonly_1024mb_90_seed42.json
{
  "algo": "fg-online-k8sca",
  "num_containers": 90,
  "num_edge_containers": 90,
  "num_ca_containers": 0,
  "failed_deployments": 0,
  "fail_rate": 0.0,
  "num_nodes": 8,
  "num_eval_nodes": 8,
  "resource_model": "online_cumulative_k8s_filter_no_release",
  "ca_model": "parallel_virtual_guarantee",
  "ca_bandwidth_mb_s": 70.0,
  "ca_extra_delay": 0.0,
  "ca_penalty": 0.0,
  "ca_fixed_penalty": 1000.0,
  "ACT": 135.69152777777782,
  "AMS": 252.05104166666663,
  "AMS_mode": "avg",
  "downloaded_mb": 35330.0,
  "reused_mb": 12976.0,
  "reuse_rate": 0.2686208752535917,
  "objective_without_ca_penalty": 193.87128472222224,
  "objective": 193.87128472222224
}
[RUN][fg_lowcong_pack] drtp_img88_cacheonly_1024mb_90_seed101.json
{
  "algo": "fg-online-k8sca",
  "num_containers": 90,
  "num_edge_containers": 90,
  "num_ca_containers": 0,
  "failed_deployments": 0,
  "fail_rate": 0.0,
  "num_nodes": 8,
  "num_eval_nodes": 8,
  "resource_model": "online_cumulative_k8s_filter_no_release",
  "ca_model": "parallel_virtual_guarantee",
  "ca_bandwidth_mb_s": 70.0,
  "ca_extra_delay": 0.0,
  "ca_penalty": 0.0,
  "ca_fixed_penalty": 1000.0,
  "ACT": 122.73893518518527,
  "AMS": 230.62291666666667,
  "AMS_mode": "avg",
  "downloaded_mb": 25459.0,
  "reused_mb": 23257.0,
  "reuse_rate": 0.4773996223006815,
  "objective_without_ca_penalty": 176.68092592592598,
  "objective": 176.68092592592598
}
[RUN][fg_lowcong_pack] drtp_img88_cacheonly_1024mb_90_seed202.json
{
  "algo": "fg-online-k8sca",
  "num_containers": 90,
  "num_edge_containers": 88,
  "num_ca_containers": 2,
  "failed_deployments": 2,
  "fail_rate": 0.022222222222222223,
  "num_nodes": 8,
  "num_eval_nodes": 9,
  "resource_model": "online_cumulative_k8s_filter_no_release",
  "ca_model": "parallel_virtual_guarantee",
  "ca_bandwidth_mb_s": 70.0,
  "ca_extra_delay": 0.0,
  "ca_penalty": 22.22222222222222,
  "ca_fixed_penalty": 1000.0,
  "ACT": 115.15392195767197,
  "AMS": 192.4312169312169,
  "AMS_mode": "avg",
  "downloaded_mb": 16964.0,
  "reused_mb": 33467.0,
  "reuse_rate": 0.6636195990561361,
  "objective_without_ca_penalty": 153.79256944444444,
  "objective": 176.01479166666667
}
[RUN][fg_lowcong_pack] drtp_img88_cacheonly_1024mb_100_seed42.json
{
  "algo": "fg-online-k8sca",
  "num_containers": 100,
  "num_edge_containers": 91,
  "num_ca_containers": 9,
  "failed_deployments": 9,
  "fail_rate": 0.09,
  "num_nodes": 8,
  "num_eval_nodes": 9,
  "resource_model": "online_cumulative_k8s_filter_no_release",
  "ca_model": "parallel_virtual_guarantee",
  "ca_bandwidth_mb_s": 70.0,
  "ca_extra_delay": 0.0,
  "ca_penalty": 90.0,
  "ca_fixed_penalty": 1000.0,
  "ACT": 126.71737500000009,
  "AMS": 231.75780423280423,
  "AMS_mode": "avg",
  "downloaded_mb": 39549.0,
  "reused_mb": 13112.0,
  "reuse_rate": 0.24898881525227398,
  "objective_without_ca_penalty": 179.23758961640215,
  "objective": 269.23758961640215
}
[RUN][fg_lowcong_pack] drtp_img88_cacheonly_1024mb_100_seed101.json
{
  "algo": "fg-online-k8sca",
  "num_containers": 100,
  "num_edge_containers": 96,
  "num_ca_containers": 4,
  "failed_deployments": 4,
  "fail_rate": 0.04,
  "num_nodes": 8,
  "num_eval_nodes": 9,
  "resource_model": "online_cumulative_k8s_filter_no_release",
  "ca_model": "parallel_virtual_guarantee",
  "ca_bandwidth_mb_s": 70.0,
  "ca_extra_delay": 0.0,
  "ca_penalty": 40.0,
  "ca_fixed_penalty": 1000.0,
  "ACT": 123.04030357142865,
  "AMS": 221.3592592592593,
  "AMS_mode": "avg",
  "downloaded_mb": 29117.0,
  "reused_mb": 22958.0,
  "reuse_rate": 0.44086413826212195,
  "objective_without_ca_penalty": 172.19978141534398,
  "objective": 212.19978141534398
}
[RUN][fg_lowcong_pack] drtp_img88_cacheonly_1024mb_100_seed202.json
{
  "algo": "fg-online-k8sca",
  "num_containers": 100,
  "num_edge_containers": 89,
  "num_ca_containers": 11,
  "failed_deployments": 11,
  "fail_rate": 0.11,
  "num_nodes": 8,
  "num_eval_nodes": 9,
  "resource_model": "online_cumulative_k8s_filter_no_release",
  "ca_model": "parallel_virtual_guarantee",
  "ca_bandwidth_mb_s": 70.0,
  "ca_extra_delay": 0.0,
  "ca_penalty": 110.0,
  "ca_fixed_penalty": 1000.0,
  "ACT": 107.61967261904762,
  "AMS": 194.39947089947088,
  "AMS_mode": "avg",
  "downloaded_mb": 21074.0,
  "reused_mb": 33971.0,
  "reuse_rate": 0.6171496048687437,
  "objective_without_ca_penalty": 151.00957175925925,
  "objective": 261.00957175925925
}
[RUN][fg_lowcong_pack] drtp_img88_cacheonly_1024mb_110_seed42.json
{
  "algo": "fg-online-k8sca",
  "num_containers": 110,
  "num_edge_containers": 91,
  "num_ca_containers": 19,
  "failed_deployments": 19,
  "fail_rate": 0.17272727272727273,
  "num_nodes": 8,
  "num_eval_nodes": 9,
  "resource_model": "online_cumulative_k8s_filter_no_release",
  "ca_model": "parallel_virtual_guarantee",
  "ca_bandwidth_mb_s": 70.0,
  "ca_extra_delay": 0.0,
  "ca_penalty": 172.72727272727272,
  "ca_fixed_penalty": 1000.0,
  "ACT": 117.32618506493516,
  "AMS": 231.75780423280423,
  "AMS_mode": "avg",
  "downloaded_mb": 44739.0,
  "reused_mb": 13112.0,
  "reuse_rate": 0.2266512246979309,
  "objective_without_ca_penalty": 174.5419946488697,
  "objective": 347.2692673761424
}
[RUN][fg_lowcong_pack] drtp_img88_cacheonly_1024mb_110_seed101.json
{
  "algo": "fg-online-k8sca",
  "num_containers": 110,
  "num_edge_containers": 96,
  "num_ca_containers": 14,
  "failed_deployments": 14,
  "fail_rate": 0.12727272727272726,
  "num_nodes": 8,
  "num_eval_nodes": 9,
  "resource_model": "online_cumulative_k8s_filter_no_release",
  "ca_model": "parallel_virtual_guarantee",
  "ca_bandwidth_mb_s": 70.0,
  "ca_extra_delay": 0.0,
  "ca_penalty": 127.27272727272727,
  "ca_fixed_penalty": 1000.0,
  "ACT": 114.23741883116891,
  "AMS": 223.10529100529104,
  "AMS_mode": "avg",
  "downloaded_mb": 34723.0,
  "reused_mb": 22958.0,
  "reuse_rate": 0.398016677935542,
  "objective_without_ca_penalty": 168.67135491822998,
  "objective": 295.94408219095726
}
[RUN][fg_lowcong_pack] drtp_img88_cacheonly_1024mb_110_seed202.json
{
  "algo": "fg-online-k8sca",
  "num_containers": 110,
  "num_edge_containers": 89,
  "num_ca_containers": 21,
  "failed_deployments": 21,
  "fail_rate": 0.19090909090909092,
  "num_nodes": 8,
  "num_eval_nodes": 9,
  "resource_model": "online_cumulative_k8s_filter_no_release",
  "ca_model": "parallel_virtual_guarantee",
  "ca_bandwidth_mb_s": 70.0,
  "ca_extra_delay": 0.0,
  "ca_penalty": 190.9090909090909,
  "ca_fixed_penalty": 1000.0,
  "ACT": 99.87100108225107,
  "AMS": 194.39947089947088,
  "AMS_mode": "avg",
  "downloaded_mb": 26103.0,
  "reused_mb": 33971.0,
  "reuse_rate": 0.5654859007224423,
  "objective_without_ca_penalty": 147.13523599086096,
  "objective": 338.0443268999519
}
[RUN][fg_lowcong_pack] drtp_img88_cacheonly_1024mb_120_seed42.json
{
  "algo": "fg-online-k8sca",
  "num_containers": 120,
  "num_edge_containers": 91,
  "num_ca_containers": 29,
  "failed_deployments": 29,
  "fail_rate": 0.24166666666666667,
  "num_nodes": 8,
  "num_eval_nodes": 9,
  "resource_model": "online_cumulative_k8s_filter_no_release",
  "ca_model": "parallel_virtual_guarantee",
  "ca_bandwidth_mb_s": 70.0,
  "ca_extra_delay": 0.0,
  "ca_penalty": 241.66666666666666,
  "ca_fixed_penalty": 1000.0,
  "ACT": 109.5763839285715,
  "AMS": 231.75780423280423,
  "AMS_mode": "avg",
  "downloaded_mb": 50849.0,
  "reused_mb": 13112.0,
  "reuse_rate": 0.20499992182736354,
  "objective_without_ca_penalty": 170.66709408068786,
  "objective": 412.3337607473545
}
[RUN][fg_lowcong_pack] drtp_img88_cacheonly_1024mb_120_seed101.json
{
  "algo": "fg-online-k8sca",
  "num_containers": 120,
  "num_edge_containers": 96,
  "num_ca_containers": 24,
  "failed_deployments": 24,
  "fail_rate": 0.2,
  "num_nodes": 8,
  "num_eval_nodes": 9,
  "resource_model": "online_cumulative_k8s_filter_no_release",
  "ca_model": "parallel_virtual_guarantee",
  "ca_bandwidth_mb_s": 70.0,
  "ca_extra_delay": 0.0,
  "ca_penalty": 200.0,
  "ca_fixed_penalty": 1000.0,
  "ACT": 106.84620535714292,
  "AMS": 223.6608465608466,
  "AMS_mode": "avg",
  "downloaded_mb": 39093.0,
  "reused_mb": 22958.0,
  "reuse_rate": 0.3699859792751124,
  "objective_without_ca_penalty": 165.25352595899477,
  "objective": 365.25352595899477
}
[RUN][fg_lowcong_pack] drtp_img88_cacheonly_1024mb_120_seed202.json
{
  "algo": "fg-online-k8sca",
  "num_containers": 120,
  "num_edge_containers": 89,
  "num_ca_containers": 31,
  "failed_deployments": 31,
  "fail_rate": 0.25833333333333336,
  "num_nodes": 8,
  "num_eval_nodes": 9,
  "resource_model": "online_cumulative_k8s_filter_no_release",
  "ca_model": "parallel_virtual_guarantee",
  "ca_bandwidth_mb_s": 70.0,
  "ca_extra_delay": 0.0,
  "ca_penalty": 258.33333333333337,
  "ca_fixed_penalty": 1000.0,
  "ACT": 93.78127480158729,
  "AMS": 194.694708994709,
  "AMS_mode": "avg",
  "downloaded_mb": 32049.0,
  "reused_mb": 33971.0,
  "reuse_rate": 0.5145561950923963,
  "objective_without_ca_penalty": 144.23799189814815,
  "objective": 402.5713252314815
}
[RUN][fg_lowcong_pack] drtp_img88_cacheonly_1024mb_140_seed42.json
{
  "algo": "fg-online-k8sca",
  "num_containers": 140,
  "num_edge_containers": 91,
  "num_ca_containers": 49,
  "failed_deployments": 49,
  "fail_rate": 0.35,
  "num_nodes": 8,
  "num_eval_nodes": 9,
  "resource_model": "online_cumulative_k8s_filter_no_release",
  "ca_model": "parallel_virtual_guarantee",
  "ca_bandwidth_mb_s": 70.0,
  "ca_extra_delay": 0.0,
  "ca_penalty": 350.0,
  "ca_fixed_penalty": 1000.0,
  "ACT": 97.40098214285723,
  "AMS": 232.05304232804232,
  "AMS_mode": "avg",
  "downloaded_mb": 61627.0,
  "reused_mb": 13112.0,
  "reuse_rate": 0.17543718808118922,
  "objective_without_ca_penalty": 164.72701223544976,
  "objective": 514.7270122354498
}
[RUN][fg_lowcong_pack] drtp_img88_cacheonly_1024mb_140_seed101.json
{
  "algo": "fg-online-k8sca",
  "num_containers": 140,
  "num_edge_containers": 96,
  "num_ca_containers": 44,
  "failed_deployments": 44,
  "fail_rate": 0.3142857142857143,
  "num_nodes": 8,
  "num_eval_nodes": 9,
  "resource_model": "online_cumulative_k8s_filter_no_release",
  "ca_model": "parallel_virtual_guarantee",
  "ca_bandwidth_mb_s": 70.0,
  "ca_extra_delay": 0.0,
  "ca_penalty": 314.2857142857143,
  "ca_fixed_penalty": 1000.0,
  "ACT": 94.92307397959189,
  "AMS": 223.6608465608466,
  "AMS_mode": "avg",
  "downloaded_mb": 49501.0,
  "reused_mb": 22958.0,
  "reuse_rate": 0.31684124815412856,
  "objective_without_ca_penalty": 159.29196027021925,
  "objective": 473.5776745559335
}
[RUN][fg_lowcong_pack] drtp_img88_cacheonly_1024mb_140_seed202.json
{
  "algo": "fg-online-k8sca",
  "num_containers": 140,
  "num_edge_containers": 89,
  "num_ca_containers": 51,
  "failed_deployments": 51,
  "fail_rate": 0.36428571428571427,
  "num_nodes": 8,
  "num_eval_nodes": 9,
  "resource_model": "online_cumulative_k8s_filter_no_release",
  "ca_model": "parallel_virtual_guarantee",
  "ca_bandwidth_mb_s": 70.0,
  "ca_extra_delay": 0.0,
  "ca_penalty": 364.2857142857143,
  "ca_fixed_penalty": 1000.0,
  "ACT": 83.6298681972789,
  "AMS": 194.694708994709,
  "AMS_mode": "avg",
  "downloaded_mb": 40479.0,
  "reused_mb": 33971.0,
  "reuse_rate": 0.45629281396910676,
  "objective_without_ca_penalty": 139.16228859599394,
  "objective": 503.44800288170825
}
[RUN][fg_lowcong_pack] drtp_img88_cacheonly_1024mb_160_seed42.json
{
  "algo": "fg-online-k8sca",
  "num_containers": 160,
  "num_edge_containers": 91,
  "num_ca_containers": 69,
  "failed_deployments": 69,
  "fail_rate": 0.43125,
  "num_nodes": 8,
  "num_eval_nodes": 9,
  "resource_model": "online_cumulative_k8s_filter_no_release",
  "ca_model": "parallel_virtual_guarantee",
  "ca_bandwidth_mb_s": 70.0,
  "ca_extra_delay": 0.0,
  "ca_penalty": 431.25,
  "ca_fixed_penalty": 1000.0,
  "ACT": 88.2401450892858,
  "AMS": 232.05304232804232,
  "AMS_mode": "avg",
  "downloaded_mb": 71657.0,
  "reused_mb": 13112.0,
  "reuse_rate": 0.15467918696693367,
  "objective_without_ca_penalty": 160.14659370866406,
  "objective": 591.3965937086641
}
[RUN][fg_lowcong_pack] drtp_img88_cacheonly_1024mb_160_seed101.json
{
  "algo": "fg-online-k8sca",
  "num_containers": 160,
  "num_edge_containers": 96,
  "num_ca_containers": 64,
  "failed_deployments": 64,
  "fail_rate": 0.4,
  "num_nodes": 8,
  "num_eval_nodes": 9,
  "resource_model": "online_cumulative_k8s_filter_no_release",
  "ca_model": "parallel_virtual_guarantee",
  "ca_bandwidth_mb_s": 70.0,
  "ca_extra_delay": 0.0,
  "ca_penalty": 400.0,
  "ca_fixed_penalty": 1000.0,
  "ACT": 86.15554687500007,
  "AMS": 223.6608465608466,
  "AMS_mode": "avg",
  "downloaded_mb": 62287.0,
  "reused_mb": 22958.0,
  "reuse_rate": 0.2693178485541674,
  "objective_without_ca_penalty": 154.90819671792335,
  "objective": 554.9081967179234
}
[RUN][fg_lowcong_pack] drtp_img88_cacheonly_1024mb_160_seed202.json
{
  "algo": "fg-online-k8sca",
  "num_containers": 160,
  "num_edge_containers": 89,
  "num_ca_containers": 71,
  "failed_deployments": 71,
  "fail_rate": 0.44375,
  "num_nodes": 8,
  "num_eval_nodes": 9,
  "resource_model": "online_cumulative_k8s_filter_no_release",
  "ca_model": "parallel_virtual_guarantee",
  "ca_bandwidth_mb_s": 70.0,
  "ca_extra_delay": 0.0,
  "ca_penalty": 443.75,
  "ca_fixed_penalty": 1000.0,
  "ACT": 76.25434895833332,
  "AMS": 194.694708994709,
  "AMS_mode": "avg",
  "downloaded_mb": 51995.0,
  "reused_mb": 33971.0,
  "reuse_rate": 0.3951678570597678,
  "objective_without_ca_penalty": 135.47452897652116,
  "objective": 579.2245289765211
}
[RUN][fg_lowcong_pack] drtp_img88_cacheonly_1024mb_180_seed42.json
{
  "algo": "fg-online-k8sca",
  "num_containers": 180,
  "num_edge_containers": 91,
  "num_ca_containers": 89,
  "failed_deployments": 89,
  "fail_rate": 0.49444444444444446,
  "num_nodes": 8,
  "num_eval_nodes": 9,
  "resource_model": "online_cumulative_k8s_filter_no_release",
  "ca_model": "parallel_virtual_guarantee",
  "ca_bandwidth_mb_s": 70.0,
  "ca_extra_delay": 0.0,
  "ca_penalty": 494.44444444444446,
  "ca_fixed_penalty": 1000.0,
  "ACT": 81.24354166666677,
  "AMS": 232.05304232804232,
  "AMS_mode": "avg",
  "downloaded_mb": 84636.0,
  "reused_mb": 13112.0,
  "reuse_rate": 0.13414085198674142,
  "objective_without_ca_penalty": 156.64829199735453,
  "objective": 651.0927364417989
}
[RUN][fg_lowcong_pack] drtp_img88_cacheonly_1024mb_180_seed101.json
{
  "algo": "fg-online-k8sca",
  "num_containers": 180,
  "num_edge_containers": 96,
  "num_ca_containers": 84,
  "failed_deployments": 84,
  "fail_rate": 0.4666666666666667,
  "num_nodes": 8,
  "num_eval_nodes": 9,
  "resource_model": "online_cumulative_k8s_filter_no_release",
  "ca_model": "parallel_virtual_guarantee",
  "ca_bandwidth_mb_s": 70.0,
  "ca_extra_delay": 0.0,
  "ca_penalty": 466.6666666666667,
  "ca_fixed_penalty": 1000.0,
  "ACT": 79.44453373015881,
  "AMS": 223.6608465608466,
  "AMS_mode": "avg",
  "downloaded_mb": 74196.0,
  "reused_mb": 22958.0,
  "reuse_rate": 0.2363052473392758,
  "objective_without_ca_penalty": 151.5526901455027,
  "objective": 618.2193568121694
}
[RUN][fg_lowcong_pack] drtp_img88_cacheonly_1024mb_180_seed202.json
{
  "algo": "fg-online-k8sca",
  "num_containers": 180,
  "num_edge_containers": 89,
  "num_ca_containers": 91,
  "failed_deployments": 91,
  "fail_rate": 0.5055555555555555,
  "num_nodes": 8,
  "num_eval_nodes": 9,
  "resource_model": "online_cumulative_k8s_filter_no_release",
  "ca_model": "parallel_virtual_guarantee",
  "ca_bandwidth_mb_s": 70.0,
  "ca_extra_delay": 0.0,
  "ca_penalty": 505.55555555555554,
  "ca_fixed_penalty": 1000.0,
  "ACT": 70.5291832010582,
  "AMS": 195.32010582010582,
  "AMS_mode": "avg",
  "downloaded_mb": 62954.0,
  "reused_mb": 33971.0,
  "reuse_rate": 0.35048749032757287,
  "objective_without_ca_penalty": 132.92464451058203,
  "objective": 638.4802000661375
}
[RUN][fg_lowcong_pack] drtp_img88_cacheonly_1024mb_200_seed42.json
{
  "algo": "fg-online-k8sca",
  "num_containers": 200,
  "num_edge_containers": 91,
  "num_ca_containers": 109,
  "failed_deployments": 109,
  "fail_rate": 0.545,
  "num_nodes": 8,
  "num_eval_nodes": 9,
  "resource_model": "online_cumulative_k8s_filter_no_release",
  "ca_model": "parallel_virtual_guarantee",
  "ca_bandwidth_mb_s": 70.0,
  "ca_extra_delay": 0.0,
  "ca_penalty": 545.0,
  "ca_fixed_penalty": 1000.0,
  "ACT": 75.6874732142858,
  "AMS": 232.67843915343914,
  "AMS_mode": "avg",
  "downloaded_mb": 95742.0,
  "reused_mb": 13112.0,
  "reuse_rate": 0.12045492127069285,
  "objective_without_ca_penalty": 154.18295618386247,
  "objective": 699.1829561838624
}
[RUN][fg_lowcong_pack] drtp_img88_cacheonly_1024mb_200_seed101.json
{
  "algo": "fg-online-k8sca",
  "num_containers": 200,
  "num_edge_containers": 96,
  "num_ca_containers": 104,
  "failed_deployments": 104,
  "fail_rate": 0.52,
  "num_nodes": 8,
  "num_eval_nodes": 9,
  "resource_model": "online_cumulative_k8s_filter_no_release",
  "ca_model": "parallel_virtual_guarantee",
  "ca_bandwidth_mb_s": 70.0,
  "ca_extra_delay": 0.0,
  "ca_penalty": 520.0,
  "ca_fixed_penalty": 1000.0,
  "ACT": 74.05608035714292,
  "AMS": 223.6608465608466,
  "AMS_mode": "avg",
  "downloaded_mb": 85900.0,
  "reused_mb": 22958.0,
  "reuse_rate": 0.2108986018482794,
  "objective_without_ca_penalty": 148.85846345899478,
  "objective": 668.8584634589947
}
[RUN][fg_lowcong_pack] drtp_img88_cacheonly_1024mb_200_seed202.json
{
  "algo": "fg-online-k8sca",
  "num_containers": 200,
  "num_edge_containers": 89,
  "num_ca_containers": 111,
  "failed_deployments": 111,
  "fail_rate": 0.555,
  "num_nodes": 8,
  "num_eval_nodes": 9,
  "resource_model": "online_cumulative_k8s_filter_no_release",
  "ca_model": "parallel_virtual_guarantee",
  "ca_bandwidth_mb_s": 70.0,
  "ca_extra_delay": 0.0,
  "ca_penalty": 555.0,
  "ca_fixed_penalty": 1000.0,
  "ACT": 65.93319345238096,
  "AMS": 195.32010582010582,
  "AMS_mode": "avg",
  "downloaded_mb": 74881.0,
  "reused_mb": 33971.0,
  "reuse_rate": 0.3120842979458347,
  "objective_without_ca_penalty": 130.6266496362434,
  "objective": 685.6266496362434
}
[DONE] 2026年 05月 19日 星期二 14:04:55 CST
