[START] 2026年 05月 19日 星期二 13:54:01 CST
============================================================
[RUN][fg] drtp_img88_cacheonly_1024mb_60_seed42.json
{
  "algo": "fg-online-k8sca",
  "num_containers": 60,
  "num_edge_containers": 60,
  "num_ca_containers": 0,
  "failed_deployments": 0,
  "fail_rate": 0.0,
  "num_nodes": 8,
  "num_eval_nodes": 8,
  "resource_model": "online_cumulative_k8s_filter_no_release",
  "ca_model": "parallel_virtual_guarantee",
  "ca_bandwidth_mb_s": 70.0,
  "ca_extra_delay": 0.0,
  "ca_penalty": 0.0,
  "ca_fixed_penalty": 1000.0,
  "ACT": 92.26847222222224,
  "AMS": 142.76614583333333,
  "AMS_mode": "avg",
  "downloaded_mb": 10109.0,
  "reused_mb": 21191.0,
  "reuse_rate": 0.6770287539936102,
  "objective_without_ca_penalty": 117.51730902777778,
  "objective": 117.51730902777778
}
============================================================
[RUN][ilrsa] drtp_img88_cacheonly_1024mb_60_seed42.json
{
  "algo": "ilrsa-online-k8sca",
  "num_containers": 60,
  "num_edge_containers": 60,
  "num_ca_containers": 0,
  "failed_deployments": 0,
  "fail_rate": 0.0,
  "num_nodes": 8,
  "num_eval_nodes": 8,
  "resource_model": "online_cumulative_k8s_filter_no_release",
  "ca_model": "parallel_virtual_guarantee",
  "ca_bandwidth_mb_s": 70.0,
  "ca_extra_delay": 0.0,
  "ca_penalty": 0.0,
  "ca_fixed_penalty": 1000.0,
  "ACT": 93.23180555555555,
  "AMS": 155.08125,
  "AMS_mode": "avg",
  "downloaded_mb": 16716.0,
  "reused_mb": 14584.0,
  "reuse_rate": 0.46594249201277954,
  "objective_without_ca_penalty": 124.15652777777778,
  "objective": 124.15652777777778
}
============================================================
[RUN][lrscheduler] drtp_img88_cacheonly_1024mb_60_seed42.json
{
  "algo": "lrscheduler-online-k8sca",
  "num_containers": 60,
  "num_edge_containers": 60,
  "num_ca_containers": 0,
  "failed_deployments": 0,
  "fail_rate": 0.0,
  "num_nodes": 8,
  "num_eval_nodes": 8,
  "resource_model": "online_cumulative_k8s_filter_no_release",
  "ca_model": "parallel_virtual_guarantee",
  "ca_bandwidth_mb_s": 70.0,
  "ca_extra_delay": 0.0,
  "ca_penalty": 0.0,
  "ca_fixed_penalty": 1000.0,
  "ACT": 103.03263888888895,
  "AMS": 149.240625,
  "AMS_mode": "avg",
  "downloaded_mb": 12936.0,
  "reused_mb": 18389.0,
  "reuse_rate": 0.5870391061452513,
  "objective_without_ca_penalty": 126.13663194444447,
  "objective": 126.13663194444447
}
============================================================
[RUN][gahrl] drtp_img88_cacheonly_1024mb_60_seed42.json
{
  "algo": "gahrl-online-k8sca",
  "num_containers": 60,
  "num_edge_containers": 60,
  "num_ca_containers": 0,
  "failed_deployments": 0,
  "fail_rate": 0.0,
  "num_nodes": 8,
  "num_eval_nodes": 8,
  "resource_model": "online_cumulative_k8s_filter_no_release",
  "ca_model": "parallel_virtual_guarantee",
  "ca_bandwidth_mb_s": 70.0,
  "ca_extra_delay": 0.0,
  "ca_penalty": 0.0,
  "ca_fixed_penalty": 1000.0,
  "ACT": 84.15090277777774,
  "AMS": 143.34062500000002,
  "AMS_mode": "avg",
  "downloaded_mb": 10294.0,
  "reused_mb": 21031.0,
  "reuse_rate": 0.6713806863527534,
  "objective_without_ca_penalty": 113.74576388888889,
  "objective": 113.74576388888889
}
============================================================
[RUN][orr] drtp_img88_cacheonly_1024mb_60_seed42.json
{
  "algo": "orr-online-k8sca",
  "num_containers": 60,
  "num_edge_containers": 60,
  "num_ca_containers": 0,
  "failed_deployments": 0,
  "fail_rate": 0.0,
  "num_nodes": 8,
  "num_eval_nodes": 8,
  "resource_model": "online_cumulative_k8s_filter_no_release",
  "ca_model": "parallel_virtual_guarantee",
  "ca_bandwidth_mb_s": 70.0,
  "ca_extra_delay": 0.0,
  "ca_penalty": 0.0,
  "ca_fixed_penalty": 1000.0,
  "ACT": 87.19090277777781,
  "AMS": 155.3046875,
  "AMS_mode": "avg",
  "downloaded_mb": 17233.0,
  "reused_mb": 14092.0,
  "reuse_rate": 0.4498643256185156,
  "objective_without_ca_penalty": 121.2477951388889,
  "objective": 121.2477951388889
}
============================================================
[RUN][lasa] drtp_img88_cacheonly_1024mb_60_seed42.json
{
  "algo": "lasa-online-k8sca",
  "num_containers": 60,
  "num_edge_containers": 60,
  "num_ca_containers": 0,
  "failed_deployments": 0,
  "fail_rate": 0.0,
  "num_nodes": 8,
  "num_eval_nodes": 8,
  "resource_model": "online_cumulative_k8s_filter_no_release",
  "ca_model": "parallel_virtual_guarantee",
  "ca_bandwidth_mb_s": 70.0,
  "ca_extra_delay": 0.0,
  "ca_penalty": 0.0,
  "ca_fixed_penalty": 1000.0,
  "ACT": 98.8947916666666,
  "AMS": 146.134375,
  "AMS_mode": "avg",
  "downloaded_mb": 12321.0,
  "reused_mb": 19004.0,
  "reuse_rate": 0.6066719872306464,
  "objective_without_ca_penalty": 122.5145833333333,
  "objective": 122.5145833333333
}
============================================================
[RUN][fg] drtp_img88_cacheonly_1024mb_60_seed101.json
{
  "algo": "fg-online-k8sca",
  "num_containers": 60,
  "num_edge_containers": 60,
  "num_ca_containers": 0,
  "failed_deployments": 0,
  "fail_rate": 0.0,
  "num_nodes": 8,
  "num_eval_nodes": 8,
  "resource_model": "online_cumulative_k8s_filter_no_release",
  "ca_model": "parallel_virtual_guarantee",
  "ca_bandwidth_mb_s": 70.0,
  "ca_extra_delay": 0.0,
  "ca_penalty": 0.0,
  "ca_fixed_penalty": 1000.0,
  "ACT": 96.95770833333336,
  "AMS": 144.70624999999998,
  "AMS_mode": "avg",
  "downloaded_mb": 11111.0,
  "reused_mb": 19619.0,
  "reuse_rate": 0.6384315001627074,
  "objective_without_ca_penalty": 120.83197916666667,
  "objective": 120.83197916666667
}
============================================================
[RUN][ilrsa] drtp_img88_cacheonly_1024mb_60_seed101.json
{
  "algo": "ilrsa-online-k8sca",
  "num_containers": 60,
  "num_edge_containers": 60,
  "num_ca_containers": 0,
  "failed_deployments": 0,
  "fail_rate": 0.0,
  "num_nodes": 8,
  "num_eval_nodes": 8,
  "resource_model": "online_cumulative_k8s_filter_no_release",
  "ca_model": "parallel_virtual_guarantee",
  "ca_bandwidth_mb_s": 70.0,
  "ca_extra_delay": 0.0,
  "ca_penalty": 0.0,
  "ca_fixed_penalty": 1000.0,
  "ACT": 93.46902777777781,
  "AMS": 158.29791666666665,
  "AMS_mode": "avg",
  "downloaded_mb": 18139.0,
  "reused_mb": 12591.0,
  "reuse_rate": 0.4097299056296778,
  "objective_without_ca_penalty": 125.88347222222222,
  "objective": 125.88347222222222
}
============================================================
[RUN][lrscheduler] drtp_img88_cacheonly_1024mb_60_seed101.json
{
  "algo": "lrscheduler-online-k8sca",
  "num_containers": 60,
  "num_edge_containers": 60,
  "num_ca_containers": 0,
  "failed_deployments": 0,
  "fail_rate": 0.0,
  "num_nodes": 8,
  "num_eval_nodes": 8,
  "resource_model": "online_cumulative_k8s_filter_no_release",
  "ca_model": "parallel_virtual_guarantee",
  "ca_bandwidth_mb_s": 70.0,
  "ca_extra_delay": 0.0,
  "ca_penalty": 0.0,
  "ca_fixed_penalty": 1000.0,
  "ACT": 90.39125000000004,
  "AMS": 143.31614583333334,
  "AMS_mode": "avg",
  "downloaded_mb": 10287.0,
  "reused_mb": 20465.0,
  "reuse_rate": 0.6654851716961498,
  "objective_without_ca_penalty": 116.85369791666669,
  "objective": 116.85369791666669
}
============================================================
[RUN][gahrl] drtp_img88_cacheonly_1024mb_60_seed101.json
{
  "algo": "gahrl-online-k8sca",
  "num_containers": 60,
  "num_edge_containers": 60,
  "num_ca_containers": 0,
  "failed_deployments": 0,
  "fail_rate": 0.0,
  "num_nodes": 8,
  "num_eval_nodes": 8,
  "resource_model": "online_cumulative_k8s_filter_no_release",
  "ca_model": "parallel_virtual_guarantee",
  "ca_bandwidth_mb_s": 70.0,
  "ca_extra_delay": 0.0,
  "ca_penalty": 0.0,
  "ca_fixed_penalty": 1000.0,
  "ACT": 82.70618055555556,
  "AMS": 146.16770833333334,
  "AMS_mode": "avg",
  "downloaded_mb": 11171.0,
  "reused_mb": 19581.0,
  "reuse_rate": 0.6367390738813735,
  "objective_without_ca_penalty": 114.43694444444445,
  "objective": 114.43694444444445
}
============================================================
[RUN][orr] drtp_img88_cacheonly_1024mb_60_seed101.json
{
  "algo": "orr-online-k8sca",
  "num_containers": 60,
  "num_edge_containers": 60,
  "num_ca_containers": 0,
  "failed_deployments": 0,
  "fail_rate": 0.0,
  "num_nodes": 8,
  "num_eval_nodes": 8,
  "resource_model": "online_cumulative_k8s_filter_no_release",
  "ca_model": "parallel_virtual_guarantee",
  "ca_bandwidth_mb_s": 70.0,
  "ca_extra_delay": 0.0,
  "ca_penalty": 0.0,
  "ca_fixed_penalty": 1000.0,
  "ACT": 89.32583333333336,
  "AMS": 157.63020833333331,
  "AMS_mode": "avg",
  "downloaded_mb": 17831.0,
  "reused_mb": 12921.0,
  "reuse_rate": 0.4201677939646202,
  "objective_without_ca_penalty": 123.47802083333335,
  "objective": 123.47802083333335
}
============================================================
[RUN][lasa] drtp_img88_cacheonly_1024mb_60_seed101.json
{
  "algo": "lasa-online-k8sca",
  "num_containers": 60,
  "num_edge_containers": 60,
  "num_ca_containers": 0,
  "failed_deployments": 0,
  "fail_rate": 0.0,
  "num_nodes": 8,
  "num_eval_nodes": 8,
  "resource_model": "online_cumulative_k8s_filter_no_release",
  "ca_model": "parallel_virtual_guarantee",
  "ca_bandwidth_mb_s": 70.0,
  "ca_extra_delay": 0.0,
  "ca_penalty": 0.0,
  "ca_fixed_penalty": 1000.0,
  "ACT": 91.41881944444448,
  "AMS": 142.87083333333334,
  "AMS_mode": "avg",
  "downloaded_mb": 9913.0,
  "reused_mb": 20839.0,
  "reuse_rate": 0.6776469823100937,
  "objective_without_ca_penalty": 117.1448263888889,
  "objective": 117.1448263888889
}
============================================================
[RUN][fg] drtp_img88_cacheonly_1024mb_60_seed202.json
{
  "algo": "fg-online-k8sca",
  "num_containers": 60,
  "num_edge_containers": 60,
  "num_ca_containers": 0,
  "failed_deployments": 0,
  "fail_rate": 0.0,
  "num_nodes": 8,
  "num_eval_nodes": 8,
  "resource_model": "online_cumulative_k8s_filter_no_release",
  "ca_model": "parallel_virtual_guarantee",
  "ca_bandwidth_mb_s": 70.0,
  "ca_extra_delay": 0.0,
  "ca_penalty": 0.0,
  "ca_fixed_penalty": 1000.0,
  "ACT": 88.23395833333333,
  "AMS": 152.48749999999998,
  "AMS_mode": "avg",
  "downloaded_mb": 15549.0,
  "reused_mb": 17748.0,
  "reuse_rate": 0.5330209928822417,
  "objective_without_ca_penalty": 120.36072916666666,
  "objective": 120.36072916666666
}
============================================================
[RUN][ilrsa] drtp_img88_cacheonly_1024mb_60_seed202.json
{
  "algo": "ilrsa-online-k8sca",
  "num_containers": 60,
  "num_edge_containers": 60,
  "num_ca_containers": 0,
  "failed_deployments": 0,
  "fail_rate": 0.0,
  "num_nodes": 8,
  "num_eval_nodes": 8,
  "resource_model": "online_cumulative_k8s_filter_no_release",
  "ca_model": "parallel_virtual_guarantee",
  "ca_bandwidth_mb_s": 70.0,
  "ca_extra_delay": 0.0,
  "ca_penalty": 0.0,
  "ca_fixed_penalty": 1000.0,
  "ACT": 92.22395833333333,
  "AMS": 156.80520833333333,
  "AMS_mode": "avg",
  "downloaded_mb": 17798.0,
  "reused_mb": 15499.0,
  "reuse_rate": 0.4654773703336637,
  "objective_without_ca_penalty": 124.51458333333332,
  "objective": 124.51458333333332
}
============================================================
[RUN][lrscheduler] drtp_img88_cacheonly_1024mb_60_seed202.json
{
  "algo": "lrscheduler-online-k8sca",
  "num_containers": 60,
  "num_edge_containers": 60,
  "num_ca_containers": 0,
  "failed_deployments": 0,
  "fail_rate": 0.0,
  "num_nodes": 8,
  "num_eval_nodes": 8,
  "resource_model": "online_cumulative_k8s_filter_no_release",
  "ca_model": "parallel_virtual_guarantee",
  "ca_bandwidth_mb_s": 70.0,
  "ca_extra_delay": 0.0,
  "ca_penalty": 0.0,
  "ca_fixed_penalty": 1000.0,
  "ACT": 101.35868055555558,
  "AMS": 145.78177083333333,
  "AMS_mode": "avg",
  "downloaded_mb": 11495.0,
  "reused_mb": 21828.0,
  "reuse_rate": 0.6550430633496384,
  "objective_without_ca_penalty": 123.57022569444445,
  "objective": 123.57022569444445
}
============================================================
[RUN][gahrl] drtp_img88_cacheonly_1024mb_60_seed202.json
{
  "algo": "gahrl-online-k8sca",
  "num_containers": 60,
  "num_edge_containers": 60,
  "num_ca_containers": 0,
  "failed_deployments": 0,
  "fail_rate": 0.0,
  "num_nodes": 8,
  "num_eval_nodes": 8,
  "resource_model": "online_cumulative_k8s_filter_no_release",
  "ca_model": "parallel_virtual_guarantee",
  "ca_bandwidth_mb_s": 70.0,
  "ca_extra_delay": 0.0,
  "ca_penalty": 0.0,
  "ca_fixed_penalty": 1000.0,
  "ACT": 85.83722222222222,
  "AMS": 141.83177083333334,
  "AMS_mode": "avg",
  "downloaded_mb": 9783.0,
  "reused_mb": 23540.0,
  "reuse_rate": 0.7064189898868649,
  "objective_without_ca_penalty": 113.83449652777779,
  "objective": 113.83449652777779
}
============================================================
[RUN][orr] drtp_img88_cacheonly_1024mb_60_seed202.json
{
  "algo": "orr-online-k8sca",
  "num_containers": 60,
  "num_edge_containers": 60,
  "num_ca_containers": 0,
  "failed_deployments": 0,
  "fail_rate": 0.0,
  "num_nodes": 8,
  "num_eval_nodes": 8,
  "resource_model": "online_cumulative_k8s_filter_no_release",
  "ca_model": "parallel_virtual_guarantee",
  "ca_bandwidth_mb_s": 70.0,
  "ca_extra_delay": 0.0,
  "ca_penalty": 0.0,
  "ca_fixed_penalty": 1000.0,
  "ACT": 87.08159722222217,
  "AMS": 151.5625,
  "AMS_mode": "avg",
  "downloaded_mb": 14783.0,
  "reused_mb": 18540.0,
  "reuse_rate": 0.5563724754673949,
  "objective_without_ca_penalty": 119.32204861111109,
  "objective": 119.32204861111109
}
============================================================
[RUN][lasa] drtp_img88_cacheonly_1024mb_60_seed202.json
{
  "algo": "lasa-online-k8sca",
  "num_containers": 60,
  "num_edge_containers": 60,
  "num_ca_containers": 0,
  "failed_deployments": 0,
  "fail_rate": 0.0,
  "num_nodes": 8,
  "num_eval_nodes": 8,
  "resource_model": "online_cumulative_k8s_filter_no_release",
  "ca_model": "parallel_virtual_guarantee",
  "ca_bandwidth_mb_s": 70.0,
  "ca_extra_delay": 0.0,
  "ca_penalty": 0.0,
  "ca_fixed_penalty": 1000.0,
  "ACT": 97.49479166666669,
  "AMS": 142.90364583333331,
  "AMS_mode": "avg",
  "downloaded_mb": 10384.0,
  "reused_mb": 22939.0,
  "reuse_rate": 0.6883833988536446,
  "objective_without_ca_penalty": 120.19921875,
  "objective": 120.19921875
}
============================================================
[RUN][fg] drtp_img88_cacheonly_1024mb_70_seed42.json
{
  "algo": "fg-online-k8sca",
  "num_containers": 70,
  "num_edge_containers": 70,
  "num_ca_containers": 0,
  "failed_deployments": 0,
  "fail_rate": 0.0,
  "num_nodes": 8,
  "num_eval_nodes": 8,
  "resource_model": "online_cumulative_k8s_filter_no_release",
  "ca_model": "parallel_virtual_guarantee",
  "ca_bandwidth_mb_s": 70.0,
  "ca_extra_delay": 0.0,
  "ca_penalty": 0.0,
  "ca_fixed_penalty": 1000.0,
  "ACT": 99.07708333333339,
  "AMS": 166.1364583333333,
  "AMS_mode": "avg",
  "downloaded_mb": 12687.0,
  "reused_mb": 23664.0,
  "reuse_rate": 0.6509862177106545,
  "objective_without_ca_penalty": 132.60677083333334,
  "objective": 132.60677083333334
}
============================================================
[RUN][ilrsa] drtp_img88_cacheonly_1024mb_70_seed42.json
{
  "algo": "ilrsa-online-k8sca",
  "num_containers": 70,
  "num_edge_containers": 70,
  "num_ca_containers": 0,
  "failed_deployments": 0,
  "fail_rate": 0.0,
  "num_nodes": 8,
  "num_eval_nodes": 8,
  "resource_model": "online_cumulative_k8s_filter_no_release",
  "ca_model": "parallel_virtual_guarantee",
  "ca_bandwidth_mb_s": 70.0,
  "ca_extra_delay": 0.0,
  "ca_penalty": 0.0,
  "ca_fixed_penalty": 1000.0,
  "ACT": 102.80464285714284,
  "AMS": 177.69375000000002,
  "AMS_mode": "avg",
  "downloaded_mb": 19007.0,
  "reused_mb": 17344.0,
  "reuse_rate": 0.4771258012159225,
  "objective_without_ca_penalty": 140.24919642857142,
  "objective": 140.24919642857142
}
============================================================
[RUN][lrscheduler] drtp_img88_cacheonly_1024mb_70_seed42.json
{
  "algo": "lrscheduler-online-k8sca",
  "num_containers": 70,
  "num_edge_containers": 70,
  "num_ca_containers": 0,
  "failed_deployments": 0,
  "fail_rate": 0.0,
  "num_nodes": 8,
  "num_eval_nodes": 8,
  "resource_model": "online_cumulative_k8s_filter_no_release",
  "ca_model": "parallel_virtual_guarantee",
  "ca_bandwidth_mb_s": 70.0,
  "ca_extra_delay": 0.0,
  "ca_penalty": 0.0,
  "ca_fixed_penalty": 1000.0,
  "ACT": 108.52047619047619,
  "AMS": 170.84843750000002,
  "AMS_mode": "avg",
  "downloaded_mb": 14601.0,
  "reused_mb": 21779.0,
  "reuse_rate": 0.598653106102254,
  "objective_without_ca_penalty": 139.68445684523812,
  "objective": 139.68445684523812
}
============================================================
[RUN][gahrl] drtp_img88_cacheonly_1024mb_70_seed42.json
{
  "algo": "gahrl-online-k8sca",
  "num_containers": 70,
  "num_edge_containers": 70,
  "num_ca_containers": 0,
  "failed_deployments": 0,
  "fail_rate": 0.0,
  "num_nodes": 8,
  "num_eval_nodes": 8,
  "resource_model": "online_cumulative_k8s_filter_no_release",
  "ca_model": "parallel_virtual_guarantee",
  "ca_bandwidth_mb_s": 70.0,
  "ca_extra_delay": 0.0,
  "ca_penalty": 0.0,
  "ca_fixed_penalty": 1000.0,
  "ACT": 93.13208333333333,
  "AMS": 163.884375,
  "AMS_mode": "avg",
  "downloaded_mb": 11035.0,
  "reused_mb": 25345.0,
  "reuse_rate": 0.6966739967014843,
  "objective_without_ca_penalty": 128.50822916666667,
  "objective": 128.50822916666667
}
============================================================
[RUN][orr] drtp_img88_cacheonly_1024mb_70_seed42.json
{
  "algo": "orr-online-k8sca",
  "num_containers": 70,
  "num_edge_containers": 70,
  "num_ca_containers": 0,
  "failed_deployments": 0,
  "fail_rate": 0.0,
  "num_nodes": 8,
  "num_eval_nodes": 8,
  "resource_model": "online_cumulative_k8s_filter_no_release",
  "ca_model": "parallel_virtual_guarantee",
  "ca_bandwidth_mb_s": 70.0,
  "ca_extra_delay": 0.0,
  "ca_penalty": 0.0,
  "ca_fixed_penalty": 1000.0,
  "ACT": 98.2974404761905,
  "AMS": 180.01614583333333,
  "AMS_mode": "avg",
  "downloaded_mb": 20233.0,
  "reused_mb": 16147.0,
  "reuse_rate": 0.4438427707531611,
  "objective_without_ca_penalty": 139.1567931547619,
  "objective": 139.1567931547619
}
============================================================
[RUN][lasa] drtp_img88_cacheonly_1024mb_70_seed42.json
{
  "algo": "lasa-online-k8sca",
  "num_containers": 70,
  "num_edge_containers": 70,
  "num_ca_containers": 0,
  "failed_deployments": 0,
  "fail_rate": 0.0,
  "num_nodes": 8,
  "num_eval_nodes": 8,
  "resource_model": "online_cumulative_k8s_filter_no_release",
  "ca_model": "parallel_virtual_guarantee",
  "ca_bandwidth_mb_s": 70.0,
  "ca_extra_delay": 0.0,
  "ca_penalty": 0.0,
  "ca_fixed_penalty": 1000.0,
  "ACT": 108.45660714285715,
  "AMS": 167.18177083333333,
  "AMS_mode": "avg",
  "downloaded_mb": 13516.0,
  "reused_mb": 22864.0,
  "reuse_rate": 0.62847718526663,
  "objective_without_ca_penalty": 137.81918898809525,
  "objective": 137.81918898809525
}
============================================================
[RUN][fg] drtp_img88_cacheonly_1024mb_70_seed101.json
{
  "algo": "fg-online-k8sca",
  "num_containers": 70,
  "num_edge_containers": 70,
  "num_ca_containers": 0,
  "failed_deployments": 0,
  "fail_rate": 0.0,
  "num_nodes": 8,
  "num_eval_nodes": 8,
  "resource_model": "online_cumulative_k8s_filter_no_release",
  "ca_model": "parallel_virtual_guarantee",
  "ca_bandwidth_mb_s": 70.0,
  "ca_extra_delay": 0.0,
  "ca_penalty": 0.0,
  "ca_fixed_penalty": 1000.0,
  "ACT": 102.37000000000002,
  "AMS": 166.37187500000002,
  "AMS_mode": "avg",
  "downloaded_mb": 12886.0,
  "reused_mb": 23661.0,
  "reuse_rate": 0.6474129203491394,
  "objective_without_ca_penalty": 134.37093750000003,
  "objective": 134.37093750000003
}
============================================================
[RUN][ilrsa] drtp_img88_cacheonly_1024mb_70_seed101.json
{
  "algo": "ilrsa-online-k8sca",
  "num_containers": 70,
  "num_edge_containers": 70,
  "num_ca_containers": 0,
  "failed_deployments": 0,
  "fail_rate": 0.0,
  "num_nodes": 8,
  "num_eval_nodes": 8,
  "resource_model": "online_cumulative_k8s_filter_no_release",
  "ca_model": "parallel_virtual_guarantee",
  "ca_bandwidth_mb_s": 70.0,
  "ca_extra_delay": 0.0,
  "ca_penalty": 0.0,
  "ca_fixed_penalty": 1000.0,
  "ACT": 102.25428571428567,
  "AMS": 180.21927083333333,
  "AMS_mode": "avg",
  "downloaded_mb": 20123.0,
  "reused_mb": 16424.0,
  "reuse_rate": 0.44939393110241604,
  "objective_without_ca_penalty": 141.2367782738095,
  "objective": 141.2367782738095
}
============================================================
[RUN][lrscheduler] drtp_img88_cacheonly_1024mb_70_seed101.json
{
  "algo": "lrscheduler-online-k8sca",
  "num_containers": 70,
  "num_edge_containers": 70,
  "num_ca_containers": 0,
  "failed_deployments": 0,
  "fail_rate": 0.0,
  "num_nodes": 8,
  "num_eval_nodes": 8,
  "resource_model": "online_cumulative_k8s_filter_no_release",
  "ca_model": "parallel_virtual_guarantee",
  "ca_bandwidth_mb_s": 70.0,
  "ca_extra_delay": 0.0,
  "ca_penalty": 0.0,
  "ca_fixed_penalty": 1000.0,
  "ACT": 102.78005952380954,
  "AMS": 164.73125,
  "AMS_mode": "avg",
  "downloaded_mb": 12034.0,
  "reused_mb": 24539.0,
  "reuse_rate": 0.6709594509610916,
  "objective_without_ca_penalty": 133.75565476190476,
  "objective": 133.75565476190476
}
============================================================
[RUN][gahrl] drtp_img88_cacheonly_1024mb_70_seed101.json
{
  "algo": "gahrl-online-k8sca",
  "num_containers": 70,
  "num_edge_containers": 70,
  "num_ca_containers": 0,
  "failed_deployments": 0,
  "fail_rate": 0.0,
  "num_nodes": 8,
  "num_eval_nodes": 8,
  "resource_model": "online_cumulative_k8s_filter_no_release",
  "ca_model": "parallel_virtual_guarantee",
  "ca_bandwidth_mb_s": 70.0,
  "ca_extra_delay": 0.0,
  "ca_penalty": 0.0,
  "ca_fixed_penalty": 1000.0,
  "ACT": 90.5776785714285,
  "AMS": 165.83072916666666,
  "AMS_mode": "avg",
  "downloaded_mb": 11896.0,
  "reused_mb": 24677.0,
  "reuse_rate": 0.6747327263281656,
  "objective_without_ca_penalty": 128.20420386904757,
  "objective": 128.20420386904757
}
============================================================
[RUN][orr] drtp_img88_cacheonly_1024mb_70_seed101.json
{
  "algo": "orr-online-k8sca",
  "num_containers": 70,
  "num_edge_containers": 70,
  "num_ca_containers": 0,
  "failed_deployments": 0,
  "fail_rate": 0.0,
  "num_nodes": 8,
  "num_eval_nodes": 8,
  "resource_model": "online_cumulative_k8s_filter_no_release",
  "ca_model": "parallel_virtual_guarantee",
  "ca_bandwidth_mb_s": 70.0,
  "ca_extra_delay": 0.0,
  "ca_penalty": 0.0,
  "ca_fixed_penalty": 1000.0,
  "ACT": 99.85708333333339,
  "AMS": 180.67812500000002,
  "AMS_mode": "avg",
  "downloaded_mb": 20110.0,
  "reused_mb": 16463.0,
  "reuse_rate": 0.4501408142618872,
  "objective_without_ca_penalty": 140.2676041666667,
  "objective": 140.2676041666667
}
============================================================
[RUN][lasa] drtp_img88_cacheonly_1024mb_70_seed101.json
{
  "algo": "lasa-online-k8sca",
  "num_containers": 70,
  "num_edge_containers": 70,
  "num_ca_containers": 0,
  "failed_deployments": 0,
  "fail_rate": 0.0,
  "num_nodes": 8,
  "num_eval_nodes": 8,
  "resource_model": "online_cumulative_k8s_filter_no_release",
  "ca_model": "parallel_virtual_guarantee",
  "ca_bandwidth_mb_s": 70.0,
  "ca_extra_delay": 0.0,
  "ca_penalty": 0.0,
  "ca_fixed_penalty": 1000.0,
  "ACT": 101.25577380952377,
  "AMS": 165.79479166666664,
  "AMS_mode": "avg",
  "downloaded_mb": 12334.0,
  "reused_mb": 24239.0,
  "reuse_rate": 0.662756678423974,
  "objective_without_ca_penalty": 133.5252827380952,
  "objective": 133.5252827380952
}
============================================================
[RUN][fg] drtp_img88_cacheonly_1024mb_70_seed202.json
{
  "algo": "fg-online-k8sca",
  "num_containers": 70,
  "num_edge_containers": 70,
  "num_ca_containers": 0,
  "failed_deployments": 0,
  "fail_rate": 0.0,
  "num_nodes": 8,
  "num_eval_nodes": 8,
  "resource_model": "online_cumulative_k8s_filter_no_release",
  "ca_model": "parallel_virtual_guarantee",
  "ca_bandwidth_mb_s": 70.0,
  "ca_extra_delay": 0.0,
  "ca_penalty": 0.0,
  "ca_fixed_penalty": 1000.0,
  "ACT": 99.73261904761904,
  "AMS": 174.43281249999998,
  "AMS_mode": "avg",
  "downloaded_mb": 16202.0,
  "reused_mb": 24245.0,
  "reuse_rate": 0.5994264098697061,
  "objective_without_ca_penalty": 137.08271577380953,
  "objective": 137.08271577380953
}
============================================================
[RUN][ilrsa] drtp_img88_cacheonly_1024mb_70_seed202.json
{
  "algo": "ilrsa-online-k8sca",
  "num_containers": 70,
  "num_edge_containers": 70,
  "num_ca_containers": 0,
  "failed_deployments": 0,
  "fail_rate": 0.0,
  "num_nodes": 8,
  "num_eval_nodes": 8,
  "resource_model": "online_cumulative_k8s_filter_no_release",
  "ca_model": "parallel_virtual_guarantee",
  "ca_bandwidth_mb_s": 70.0,
  "ca_extra_delay": 0.0,
  "ca_penalty": 0.0,
  "ca_fixed_penalty": 1000.0,
  "ACT": 103.70589285714284,
  "AMS": 181.86041666666665,
  "AMS_mode": "avg",
  "downloaded_mb": 20290.0,
  "reused_mb": 20157.0,
  "reuse_rate": 0.4983558731179074,
  "objective_without_ca_penalty": 142.78315476190474,
  "objective": 142.78315476190474
}
============================================================
[RUN][lrscheduler] drtp_img88_cacheonly_1024mb_70_seed202.json
{
  "algo": "lrscheduler-online-k8sca",
  "num_containers": 70,
  "num_edge_containers": 70,
  "num_ca_containers": 0,
  "failed_deployments": 0,
  "fail_rate": 0.0,
  "num_nodes": 8,
  "num_eval_nodes": 8,
  "resource_model": "online_cumulative_k8s_filter_no_release",
  "ca_model": "parallel_virtual_guarantee",
  "ca_bandwidth_mb_s": 70.0,
  "ca_extra_delay": 0.0,
  "ca_penalty": 0.0,
  "ca_fixed_penalty": 1000.0,
  "ACT": 105.63428571428581,
  "AMS": 168.79427083333331,
  "AMS_mode": "avg",
  "downloaded_mb": 13103.0,
  "reused_mb": 27377.0,
  "reuse_rate": 0.6763092885375495,
  "objective_without_ca_penalty": 137.21427827380955,
  "objective": 137.21427827380955
}
============================================================
[RUN][gahrl] drtp_img88_cacheonly_1024mb_70_seed202.json
{
  "algo": "gahrl-online-k8sca",
  "num_containers": 70,
  "num_edge_containers": 70,
  "num_ca_containers": 0,
  "failed_deployments": 0,
  "fail_rate": 0.0,
  "num_nodes": 8,
  "num_eval_nodes": 8,
  "resource_model": "online_cumulative_k8s_filter_no_release",
  "ca_model": "parallel_virtual_guarantee",
  "ca_bandwidth_mb_s": 70.0,
  "ca_extra_delay": 0.0,
  "ca_penalty": 0.0,
  "ca_fixed_penalty": 1000.0,
  "ACT": 96.77696428571429,
  "AMS": 165.94375,
  "AMS_mode": "avg",
  "downloaded_mb": 11864.0,
  "reused_mb": 28616.0,
  "reuse_rate": 0.7069169960474309,
  "objective_without_ca_penalty": 131.36035714285714,
  "objective": 131.36035714285714
}
============================================================
[RUN][orr] drtp_img88_cacheonly_1024mb_70_seed202.json
{
  "algo": "orr-online-k8sca",
  "num_containers": 70,
  "num_edge_containers": 70,
  "num_ca_containers": 0,
  "failed_deployments": 0,
  "fail_rate": 0.0,
  "num_nodes": 8,
  "num_eval_nodes": 8,
  "resource_model": "online_cumulative_k8s_filter_no_release",
  "ca_model": "parallel_virtual_guarantee",
  "ca_bandwidth_mb_s": 70.0,
  "ca_extra_delay": 0.0,
  "ca_penalty": 0.0,
  "ca_fixed_penalty": 1000.0,
  "ACT": 100.46184523809526,
  "AMS": 178.60052083333332,
  "AMS_mode": "avg",
  "downloaded_mb": 18132.0,
  "reused_mb": 22348.0,
  "reuse_rate": 0.5520750988142292,
  "objective_without_ca_penalty": 139.5311830357143,
  "objective": 139.5311830357143
}
============================================================
[RUN][lasa] drtp_img88_cacheonly_1024mb_70_seed202.json
{
  "algo": "lasa-online-k8sca",
  "num_containers": 70,
  "num_edge_containers": 70,
  "num_ca_containers": 0,
  "failed_deployments": 0,
  "fail_rate": 0.0,
  "num_nodes": 8,
  "num_eval_nodes": 8,
  "resource_model": "online_cumulative_k8s_filter_no_release",
  "ca_model": "parallel_virtual_guarantee",
  "ca_bandwidth_mb_s": 70.0,
  "ca_extra_delay": 0.0,
  "ca_penalty": 0.0,
  "ca_fixed_penalty": 1000.0,
  "ACT": 108.45726190476195,
  "AMS": 168.56197916666667,
  "AMS_mode": "avg",
  "downloaded_mb": 13398.0,
  "reused_mb": 27082.0,
  "reuse_rate": 0.6690217391304348,
  "objective_without_ca_penalty": 138.5096205357143,
  "objective": 138.5096205357143
}
============================================================
[RUN][fg] drtp_img88_cacheonly_1024mb_80_seed42.json
{
  "algo": "fg-online-k8sca",
  "num_containers": 80,
  "num_edge_containers": 80,
  "num_ca_containers": 0,
  "failed_deployments": 0,
  "fail_rate": 0.0,
  "num_nodes": 8,
  "num_eval_nodes": 8,
  "resource_model": "online_cumulative_k8s_filter_no_release",
  "ca_model": "parallel_virtual_guarantee",
  "ca_bandwidth_mb_s": 70.0,
  "ca_extra_delay": 0.0,
  "ca_penalty": 0.0,
  "ca_fixed_penalty": 1000.0,
  "ACT": 107.70406250000008,
  "AMS": 193.93593749999997,
  "AMS_mode": "avg",
  "downloaded_mb": 16128.0,
  "reused_mb": 26217.0,
  "reuse_rate": 0.6191285866099894,
  "objective_without_ca_penalty": 150.82000000000002,
  "objective": 150.82000000000002
}
============================================================
[RUN][ilrsa] drtp_img88_cacheonly_1024mb_80_seed42.json
{
  "algo": "ilrsa-online-k8sca",
  "num_containers": 80,
  "num_edge_containers": 80,
  "num_ca_containers": 0,
  "failed_deployments": 0,
  "fail_rate": 0.0,
  "num_nodes": 8,
  "num_eval_nodes": 8,
  "resource_model": "online_cumulative_k8s_filter_no_release",
  "ca_model": "parallel_virtual_guarantee",
  "ca_bandwidth_mb_s": 70.0,
  "ca_extra_delay": 0.0,
  "ca_penalty": 0.0,
  "ca_fixed_penalty": 1000.0,
  "ACT": 121.48088541666667,
  "AMS": 207.60156249999997,
  "AMS_mode": "avg",
  "downloaded_mb": 22876.0,
  "reused_mb": 19469.0,
  "reuse_rate": 0.4597709292714606,
  "objective_without_ca_penalty": 164.54122395833332,
  "objective": 164.54122395833332
}
============================================================
[RUN][lrscheduler] drtp_img88_cacheonly_1024mb_80_seed42.json
{
  "algo": "lrscheduler-online-k8sca",
  "num_containers": 80,
  "num_edge_containers": 80,
  "num_ca_containers": 0,
  "failed_deployments": 0,
  "fail_rate": 0.0,
  "num_nodes": 8,
  "num_eval_nodes": 8,
  "resource_model": "online_cumulative_k8s_filter_no_release",
  "ca_model": "parallel_virtual_guarantee",
  "ca_bandwidth_mb_s": 70.0,
  "ca_extra_delay": 0.0,
  "ca_penalty": 0.0,
  "ca_fixed_penalty": 1000.0,
  "ACT": 112.79822916666663,
  "AMS": 196.11510416666667,
  "AMS_mode": "avg",
  "downloaded_mb": 16427.0,
  "reused_mb": 25950.0,
  "reuse_rate": 0.6123604785614838,
  "objective_without_ca_penalty": 154.45666666666665,
  "objective": 154.45666666666665
}
============================================================
[RUN][gahrl] drtp_img88_cacheonly_1024mb_80_seed42.json
{
  "algo": "gahrl-online-k8sca",
  "num_containers": 80,
  "num_edge_containers": 80,
  "num_ca_containers": 0,
  "failed_deployments": 0,
  "fail_rate": 0.0,
  "num_nodes": 8,
  "num_eval_nodes": 8,
  "resource_model": "online_cumulative_k8s_filter_no_release",
  "ca_model": "parallel_virtual_guarantee",
  "ca_bandwidth_mb_s": 70.0,
  "ca_extra_delay": 0.0,
  "ca_penalty": 0.0,
  "ca_fixed_penalty": 1000.0,
  "ACT": 104.29828125000003,
  "AMS": 189.28177083333333,
  "AMS_mode": "avg",
  "downloaded_mb": 12792.0,
  "reused_mb": 29585.0,
  "reuse_rate": 0.6981381409726974,
  "objective_without_ca_penalty": 146.7900260416667,
  "objective": 146.7900260416667
}
============================================================
[RUN][orr] drtp_img88_cacheonly_1024mb_80_seed42.json
{
  "algo": "orr-online-k8sca",
  "num_containers": 80,
  "num_edge_containers": 80,
  "num_ca_containers": 0,
  "failed_deployments": 0,
  "fail_rate": 0.0,
  "num_nodes": 8,
  "num_eval_nodes": 8,
  "resource_model": "online_cumulative_k8s_filter_no_release",
  "ca_model": "parallel_virtual_guarantee",
  "ca_bandwidth_mb_s": 70.0,
  "ca_extra_delay": 0.0,
  "ca_penalty": 0.0,
  "ca_fixed_penalty": 1000.0,
  "ACT": 111.58875000000009,
  "AMS": 205.51770833333333,
  "AMS_mode": "avg",
  "downloaded_mb": 22059.0,
  "reused_mb": 20318.0,
  "reuse_rate": 0.4794581966632843,
  "objective_without_ca_penalty": 158.5532291666667,
  "objective": 158.5532291666667
}
============================================================
[RUN][lasa] drtp_img88_cacheonly_1024mb_80_seed42.json
{
  "algo": "lasa-online-k8sca",
  "num_containers": 80,
  "num_edge_containers": 80,
  "num_ca_containers": 0,
  "failed_deployments": 0,
  "fail_rate": 0.0,
  "num_nodes": 8,
  "num_eval_nodes": 8,
  "resource_model": "online_cumulative_k8s_filter_no_release",
  "ca_model": "parallel_virtual_guarantee",
  "ca_bandwidth_mb_s": 70.0,
  "ca_extra_delay": 0.0,
  "ca_penalty": 0.0,
  "ca_fixed_penalty": 1000.0,
  "ACT": 115.61234374999997,
  "AMS": 190.6578125,
  "AMS_mode": "avg",
  "downloaded_mb": 14037.0,
  "reused_mb": 28340.0,
  "reuse_rate": 0.668758996625528,
  "objective_without_ca_penalty": 153.13507812499998,
  "objective": 153.13507812499998
}
============================================================
[RUN][fg] drtp_img88_cacheonly_1024mb_80_seed101.json
{
  "algo": "fg-online-k8sca",
  "num_containers": 80,
  "num_edge_containers": 80,
  "num_ca_containers": 0,
  "failed_deployments": 0,
  "fail_rate": 0.0,
  "num_nodes": 8,
  "num_eval_nodes": 8,
  "resource_model": "online_cumulative_k8s_filter_no_release",
  "ca_model": "parallel_virtual_guarantee",
  "ca_bandwidth_mb_s": 70.0,
  "ca_extra_delay": 0.0,
  "ca_penalty": 0.0,
  "ca_fixed_penalty": 1000.0,
  "ACT": 108.91072916666667,
  "AMS": 189.59375000000003,
  "AMS_mode": "avg",
  "downloaded_mb": 15836.0,
  "reused_mb": 26631.0,
  "reuse_rate": 0.6270986883933407,
  "objective_without_ca_penalty": 149.25223958333333,
  "objective": 149.25223958333333
}
============================================================
[RUN][ilrsa] drtp_img88_cacheonly_1024mb_80_seed101.json
{
  "algo": "ilrsa-online-k8sca",
  "num_containers": 80,
  "num_edge_containers": 80,
  "num_ca_containers": 0,
  "failed_deployments": 0,
  "fail_rate": 0.0,
  "num_nodes": 8,
  "num_eval_nodes": 8,
  "resource_model": "online_cumulative_k8s_filter_no_release",
  "ca_model": "parallel_virtual_guarantee",
  "ca_bandwidth_mb_s": 70.0,
  "ca_extra_delay": 0.0,
  "ca_penalty": 0.0,
  "ca_fixed_penalty": 1000.0,
  "ACT": 113.79182291666669,
  "AMS": 205.9265625,
  "AMS_mode": "avg",
  "downloaded_mb": 24020.0,
  "reused_mb": 18447.0,
  "reuse_rate": 0.4343843454917936,
  "objective_without_ca_penalty": 159.85919270833335,
  "objective": 159.85919270833335
}
============================================================
[RUN][lrscheduler] drtp_img88_cacheonly_1024mb_80_seed101.json
{
  "algo": "lrscheduler-online-k8sca",
  "num_containers": 80,
  "num_edge_containers": 80,
  "num_ca_containers": 0,
  "failed_deployments": 0,
  "fail_rate": 0.0,
  "num_nodes": 8,
  "num_eval_nodes": 8,
  "resource_model": "online_cumulative_k8s_filter_no_release",
  "ca_model": "parallel_virtual_guarantee",
  "ca_bandwidth_mb_s": 70.0,
  "ca_extra_delay": 0.0,
  "ca_penalty": 0.0,
  "ca_fixed_penalty": 1000.0,
  "ACT": 107.52796875000001,
  "AMS": 188.17604166666666,
  "AMS_mode": "avg",
  "downloaded_mb": 15029.0,
  "reused_mb": 27467.0,
  "reuse_rate": 0.6463431852409639,
  "objective_without_ca_penalty": 147.85200520833334,
  "objective": 147.85200520833334
}
============================================================
[RUN][gahrl] drtp_img88_cacheonly_1024mb_80_seed101.json
{
  "algo": "gahrl-online-k8sca",
  "num_containers": 80,
  "num_edge_containers": 80,
  "num_ca_containers": 0,
  "failed_deployments": 0,
  "fail_rate": 0.0,
  "num_nodes": 8,
  "num_eval_nodes": 8,
  "resource_model": "online_cumulative_k8s_filter_no_release",
  "ca_model": "parallel_virtual_guarantee",
  "ca_bandwidth_mb_s": 70.0,
  "ca_extra_delay": 0.0,
  "ca_penalty": 0.0,
  "ca_fixed_penalty": 1000.0,
  "ACT": 99.83270833333331,
  "AMS": 184.51510416666665,
  "AMS_mode": "avg",
  "downloaded_mb": 12334.0,
  "reused_mb": 30162.0,
  "reuse_rate": 0.7097609186746988,
  "objective_without_ca_penalty": 142.17390625,
  "objective": 142.17390625
}
============================================================
[RUN][orr] drtp_img88_cacheonly_1024mb_80_seed101.json
{
  "algo": "orr-online-k8sca",
  "num_containers": 80,
  "num_edge_containers": 80,
  "num_ca_containers": 0,
  "failed_deployments": 0,
  "fail_rate": 0.0,
  "num_nodes": 8,
  "num_eval_nodes": 8,
  "resource_model": "online_cumulative_k8s_filter_no_release",
  "ca_model": "parallel_virtual_guarantee",
  "ca_bandwidth_mb_s": 70.0,
  "ca_extra_delay": 0.0,
  "ca_penalty": 0.0,
  "ca_fixed_penalty": 1000.0,
  "ACT": 108.85666666666665,
  "AMS": 200.83333333333331,
  "AMS_mode": "avg",
  "downloaded_mb": 21270.0,
  "reused_mb": 21226.0,
  "reuse_rate": 0.49948230421686746,
  "objective_without_ca_penalty": 154.84499999999997,
  "objective": 154.84499999999997
}
============================================================
[RUN][lasa] drtp_img88_cacheonly_1024mb_80_seed101.json
{
  "algo": "lasa-online-k8sca",
  "num_containers": 80,
  "num_edge_containers": 80,
  "num_ca_containers": 0,
  "failed_deployments": 0,
  "fail_rate": 0.0,
  "num_nodes": 8,
  "num_eval_nodes": 8,
  "resource_model": "online_cumulative_k8s_filter_no_release",
  "ca_model": "parallel_virtual_guarantee",
  "ca_bandwidth_mb_s": 70.0,
  "ca_extra_delay": 0.0,
  "ca_penalty": 0.0,
  "ca_fixed_penalty": 1000.0,
  "ACT": 112.47833333333335,
  "AMS": 187.5619791666667,
  "AMS_mode": "avg",
  "downloaded_mb": 14513.0,
  "reused_mb": 27983.0,
  "reuse_rate": 0.6584855045180723,
  "objective_without_ca_penalty": 150.02015625,
  "objective": 150.02015625
}
============================================================
[RUN][fg] drtp_img88_cacheonly_1024mb_80_seed202.json
{
  "algo": "fg-online-k8sca",
  "num_containers": 80,
  "num_edge_containers": 80,
  "num_ca_containers": 0,
  "failed_deployments": 0,
  "fail_rate": 0.0,
  "num_nodes": 8,
  "num_eval_nodes": 8,
  "resource_model": "online_cumulative_k8s_filter_no_release",
  "ca_model": "parallel_virtual_guarantee",
  "ca_bandwidth_mb_s": 70.0,
  "ca_extra_delay": 0.0,
  "ca_penalty": 0.0,
  "ca_fixed_penalty": 1000.0,
  "ACT": 110.11796874999996,
  "AMS": 201.11666666666662,
  "AMS_mode": "avg",
  "downloaded_mb": 18690.0,
  "reused_mb": 25527.0,
  "reuse_rate": 0.5773118936155777,
  "objective_without_ca_penalty": 155.6173177083333,
  "objective": 155.6173177083333
}
============================================================
[RUN][ilrsa] drtp_img88_cacheonly_1024mb_80_seed202.json
{
  "algo": "ilrsa-online-k8sca",
  "num_containers": 80,
  "num_edge_containers": 80,
  "num_ca_containers": 0,
  "failed_deployments": 0,
  "fail_rate": 0.0,
  "num_nodes": 8,
  "num_eval_nodes": 8,
  "resource_model": "online_cumulative_k8s_filter_no_release",
  "ca_model": "parallel_virtual_guarantee",
  "ca_bandwidth_mb_s": 70.0,
  "ca_extra_delay": 0.0,
  "ca_penalty": 0.0,
  "ca_fixed_penalty": 1000.0,
  "ACT": 119.61041666666662,
  "AMS": 210.88697916666663,
  "AMS_mode": "avg",
  "downloaded_mb": 23615.0,
  "reused_mb": 20602.0,
  "reuse_rate": 0.46592939367211705,
  "objective_without_ca_penalty": 165.24869791666663,
  "objective": 165.24869791666663
}
============================================================
[RUN][lrscheduler] drtp_img88_cacheonly_1024mb_80_seed202.json
{
  "algo": "lrscheduler-online-k8sca",
  "num_containers": 80,
  "num_edge_containers": 80,
  "num_ca_containers": 0,
  "failed_deployments": 0,
  "fail_rate": 0.0,
  "num_nodes": 8,
  "num_eval_nodes": 8,
  "resource_model": "online_cumulative_k8s_filter_no_release",
  "ca_model": "parallel_virtual_guarantee",
  "ca_bandwidth_mb_s": 70.0,
  "ca_extra_delay": 0.0,
  "ca_penalty": 0.0,
  "ca_fixed_penalty": 1000.0,
  "ACT": 113.99276041666675,
  "AMS": 193.29166666666669,
  "AMS_mode": "avg",
  "downloaded_mb": 14520.0,
  "reused_mb": 29731.0,
  "reuse_rate": 0.6718718221057152,
  "objective_without_ca_penalty": 153.6422135416667,
  "objective": 153.6422135416667
}
============================================================
[RUN][gahrl] drtp_img88_cacheonly_1024mb_80_seed202.json
{
  "algo": "gahrl-online-k8sca",
  "num_containers": 80,
  "num_edge_containers": 80,
  "num_ca_containers": 0,
  "failed_deployments": 0,
  "fail_rate": 0.0,
  "num_nodes": 8,
  "num_eval_nodes": 8,
  "resource_model": "online_cumulative_k8s_filter_no_release",
  "ca_model": "parallel_virtual_guarantee",
  "ca_bandwidth_mb_s": 70.0,
  "ca_extra_delay": 0.0,
  "ca_penalty": 0.0,
  "ca_fixed_penalty": 1000.0,
  "ACT": 106.52744791666669,
  "AMS": 190.74322916666665,
  "AMS_mode": "avg",
  "downloaded_mb": 13265.0,
  "reused_mb": 30986.0,
  "reuse_rate": 0.7002327631013988,
  "objective_without_ca_penalty": 148.63533854166667,
  "objective": 148.63533854166667
}
============================================================
[RUN][orr] drtp_img88_cacheonly_1024mb_80_seed202.json
{
  "algo": "orr-online-k8sca",
  "num_containers": 80,
  "num_edge_containers": 80,
  "num_ca_containers": 0,
  "failed_deployments": 0,
  "fail_rate": 0.0,
  "num_nodes": 8,
  "num_eval_nodes": 8,
  "resource_model": "online_cumulative_k8s_filter_no_release",
  "ca_model": "parallel_virtual_guarantee",
  "ca_bandwidth_mb_s": 70.0,
  "ca_extra_delay": 0.0,
  "ca_penalty": 0.0,
  "ca_fixed_penalty": 1000.0,
  "ACT": 115.96843750000005,
  "AMS": 206.25625,
  "AMS_mode": "avg",
  "downloaded_mb": 21276.0,
  "reused_mb": 22975.0,
  "reuse_rate": 0.5191973062755644,
  "objective_without_ca_penalty": 161.11234375000004,
  "objective": 161.11234375000004
}
============================================================
[RUN][lasa] drtp_img88_cacheonly_1024mb_80_seed202.json
{
  "algo": "lasa-online-k8sca",
  "num_containers": 80,
  "num_edge_containers": 80,
  "num_ca_containers": 0,
  "failed_deployments": 0,
  "fail_rate": 0.0,
  "num_nodes": 8,
  "num_eval_nodes": 8,
  "resource_model": "online_cumulative_k8s_filter_no_release",
  "ca_model": "parallel_virtual_guarantee",
  "ca_bandwidth_mb_s": 70.0,
  "ca_extra_delay": 0.0,
  "ca_penalty": 0.0,
  "ca_fixed_penalty": 1000.0,
  "ACT": 114.97932291666663,
  "AMS": 193.01406250000002,
  "AMS_mode": "avg",
  "downloaded_mb": 14557.0,
  "reused_mb": 29694.0,
  "reuse_rate": 0.671035682809428,
  "objective_without_ca_penalty": 153.99669270833334,
  "objective": 153.99669270833334
}
============================================================
[RUN][fg] drtp_img88_cacheonly_1024mb_90_seed42.json
{
  "algo": "fg-online-k8sca",
  "num_containers": 90,
  "num_edge_containers": 89,
  "num_ca_containers": 1,
  "failed_deployments": 1,
  "fail_rate": 0.011111111111111112,
  "num_nodes": 8,
  "num_eval_nodes": 9,
  "resource_model": "online_cumulative_k8s_filter_no_release",
  "ca_model": "parallel_virtual_guarantee",
  "ca_bandwidth_mb_s": 70.0,
  "ca_extra_delay": 0.0,
  "ca_penalty": 11.11111111111111,
  "ca_fixed_penalty": 1000.0,
  "ACT": 116.6143452380953,
  "AMS": 201.06104497354497,
  "AMS_mode": "avg",
  "downloaded_mb": 22051.0,
  "reused_mb": 26256.0,
  "reuse_rate": 0.5435237129194527,
  "objective_without_ca_penalty": 158.83769510582013,
  "objective": 169.94880621693125
}
============================================================
[RUN][ilrsa] drtp_img88_cacheonly_1024mb_90_seed42.json
{
  "algo": "ilrsa-online-k8sca",
  "num_containers": 90,
  "num_edge_containers": 89,
  "num_ca_containers": 1,
  "failed_deployments": 1,
  "fail_rate": 0.011111111111111112,
  "num_nodes": 8,
  "num_eval_nodes": 9,
  "resource_model": "online_cumulative_k8s_filter_no_release",
  "ca_model": "parallel_virtual_guarantee",
  "ca_bandwidth_mb_s": 70.0,
  "ca_extra_delay": 0.0,
  "ca_penalty": 11.11111111111111,
  "ca_fixed_penalty": 1000.0,
  "ACT": 126.97101190476191,
  "AMS": 204.55178571428573,
  "AMS_mode": "avg",
  "downloaded_mb": 23555.0,
  "reused_mb": 24752.0,
  "reuse_rate": 0.5123895087668454,
  "objective_without_ca_penalty": 165.76139880952383,
  "objective": 176.87250992063494
}
============================================================
[RUN][lrscheduler] drtp_img88_cacheonly_1024mb_90_seed42.json
{
  "algo": "lrscheduler-online-k8sca",
  "num_containers": 90,
  "num_edge_containers": 89,
  "num_ca_containers": 1,
  "failed_deployments": 1,
  "fail_rate": 0.011111111111111112,
  "num_nodes": 8,
  "num_eval_nodes": 9,
  "resource_model": "online_cumulative_k8s_filter_no_release",
  "ca_model": "parallel_virtual_guarantee",
  "ca_bandwidth_mb_s": 70.0,
  "ca_extra_delay": 0.0,
  "ca_penalty": 11.11111111111111,
  "ca_fixed_penalty": 1000.0,
  "ACT": 118.1302248677247,
  "AMS": 198.07354497354498,
  "AMS_mode": "avg",
  "downloaded_mb": 19759.0,
  "reused_mb": 28583.0,
  "reuse_rate": 0.5912663936121799,
  "objective_without_ca_penalty": 158.10188492063486,
  "objective": 169.21299603174597
}
============================================================
[RUN][gahrl] drtp_img88_cacheonly_1024mb_90_seed42.json
{
  "algo": "gahrl-online-k8sca",
  "num_containers": 90,
  "num_edge_containers": 90,
  "num_ca_containers": 0,
  "failed_deployments": 0,
  "fail_rate": 0.0,
  "num_nodes": 8,
  "num_eval_nodes": 8,
  "resource_model": "online_cumulative_k8s_filter_no_release",
  "ca_model": "parallel_virtual_guarantee",
  "ca_bandwidth_mb_s": 70.0,
  "ca_extra_delay": 0.0,
  "ca_penalty": 0.0,
  "ca_fixed_penalty": 1000.0,
  "ACT": 116.53296296296288,
  "AMS": 216.91822916666666,
  "AMS_mode": "avg",
  "downloaded_mb": 16122.0,
  "reused_mb": 32220.0,
  "reuse_rate": 0.6665011790989201,
  "objective_without_ca_penalty": 166.72559606481477,
  "objective": 166.72559606481477
}
============================================================
[RUN][orr] drtp_img88_cacheonly_1024mb_90_seed42.json
{
  "algo": "orr-online-k8sca",
  "num_containers": 90,
  "num_edge_containers": 90,
  "num_ca_containers": 0,
  "failed_deployments": 0,
  "fail_rate": 0.0,
  "num_nodes": 8,
  "num_eval_nodes": 8,
  "resource_model": "online_cumulative_k8s_filter_no_release",
  "ca_model": "parallel_virtual_guarantee",
  "ca_bandwidth_mb_s": 70.0,
  "ca_extra_delay": 0.0,
  "ca_penalty": 0.0,
  "ca_fixed_penalty": 1000.0,
  "ACT": 121.23967592592598,
  "AMS": 227.66666666666666,
  "AMS_mode": "avg",
  "downloaded_mb": 22549.0,
  "reused_mb": 25793.0,
  "reuse_rate": 0.5335526043605974,
  "objective_without_ca_penalty": 174.45317129629632,
  "objective": 174.45317129629632
}
============================================================
[RUN][lasa] drtp_img88_cacheonly_1024mb_90_seed42.json
{
  "algo": "lasa-online-k8sca",
  "num_containers": 90,
  "num_edge_containers": 90,
  "num_ca_containers": 0,
  "failed_deployments": 0,
  "fail_rate": 0.0,
  "num_nodes": 8,
  "num_eval_nodes": 8,
  "resource_model": "online_cumulative_k8s_filter_no_release",
  "ca_model": "parallel_virtual_guarantee",
  "ca_bandwidth_mb_s": 70.0,
  "ca_extra_delay": 0.0,
  "ca_penalty": 0.0,
  "ca_fixed_penalty": 1000.0,
  "ACT": 121.15555555555565,
  "AMS": 216.49739583333331,
  "AMS_mode": "avg",
  "downloaded_mb": 16646.0,
  "reused_mb": 31696.0,
  "reuse_rate": 0.6556617434115262,
  "objective_without_ca_penalty": 168.82647569444447,
  "objective": 168.82647569444447
}
============================================================
[RUN][fg] drtp_img88_cacheonly_1024mb_90_seed101.json
{
  "algo": "fg-online-k8sca",
  "num_containers": 90,
  "num_edge_containers": 90,
  "num_ca_containers": 0,
  "failed_deployments": 0,
  "fail_rate": 0.0,
  "num_nodes": 8,
  "num_eval_nodes": 8,
  "resource_model": "online_cumulative_k8s_filter_no_release",
  "ca_model": "parallel_virtual_guarantee",
  "ca_bandwidth_mb_s": 70.0,
  "ca_extra_delay": 0.0,
  "ca_penalty": 0.0,
  "ca_fixed_penalty": 1000.0,
  "ACT": 117.4913888888889,
  "AMS": 221.99270833333335,
  "AMS_mode": "avg",
  "downloaded_mb": 20663.0,
  "reused_mb": 28053.0,
  "reuse_rate": 0.5758477707529354,
  "objective_without_ca_penalty": 169.74204861111113,
  "objective": 169.74204861111113
}
============================================================
[RUN][ilrsa] drtp_img88_cacheonly_1024mb_90_seed101.json
{
  "algo": "ilrsa-online-k8sca",
  "num_containers": 90,
  "num_edge_containers": 90,
  "num_ca_containers": 0,
  "failed_deployments": 0,
  "fail_rate": 0.0,
  "num_nodes": 8,
  "num_eval_nodes": 8,
  "resource_model": "online_cumulative_k8s_filter_no_release",
  "ca_model": "parallel_virtual_guarantee",
  "ca_bandwidth_mb_s": 70.0,
  "ca_extra_delay": 0.0,
  "ca_penalty": 0.0,
  "ca_fixed_penalty": 1000.0,
  "ACT": 127.01902777777774,
  "AMS": 224.81927083333332,
  "AMS_mode": "avg",
  "downloaded_mb": 22232.0,
  "reused_mb": 26484.0,
  "reuse_rate": 0.5436406929961409,
  "objective_without_ca_penalty": 175.91914930555552,
  "objective": 175.91914930555552
}
============================================================
[RUN][lrscheduler] drtp_img88_cacheonly_1024mb_90_seed101.json
{
  "algo": "lrscheduler-online-k8sca",
  "num_containers": 90,
  "num_edge_containers": 90,
  "num_ca_containers": 0,
  "failed_deployments": 0,
  "fail_rate": 0.0,
  "num_nodes": 8,
  "num_eval_nodes": 8,
  "resource_model": "online_cumulative_k8s_filter_no_release",
  "ca_model": "parallel_virtual_guarantee",
  "ca_bandwidth_mb_s": 70.0,
  "ca_extra_delay": 0.0,
  "ca_penalty": 0.0,
  "ca_fixed_penalty": 1000.0,
  "ACT": 117.36569444444437,
  "AMS": 216.04999999999998,
  "AMS_mode": "avg",
  "downloaded_mb": 17684.0,
  "reused_mb": 31065.0,
  "reuse_rate": 0.6372438408993005,
  "objective_without_ca_penalty": 166.70784722222217,
  "objective": 166.70784722222217
}
============================================================
[RUN][gahrl] drtp_img88_cacheonly_1024mb_90_seed101.json
{
  "algo": "gahrl-online-k8sca",
  "num_containers": 90,
  "num_edge_containers": 90,
  "num_ca_containers": 0,
  "failed_deployments": 0,
  "fail_rate": 0.0,
  "num_nodes": 8,
  "num_eval_nodes": 8,
  "resource_model": "online_cumulative_k8s_filter_no_release",
  "ca_model": "parallel_virtual_guarantee",
  "ca_bandwidth_mb_s": 70.0,
  "ca_extra_delay": 0.0,
  "ca_penalty": 0.0,
  "ca_fixed_penalty": 1000.0,
  "ACT": 111.50541666666666,
  "AMS": 212.26145833333334,
  "AMS_mode": "avg",
  "downloaded_mb": 15111.0,
  "reused_mb": 33638.0,
  "reuse_rate": 0.6900244107571437,
  "objective_without_ca_penalty": 161.8834375,
  "objective": 161.8834375
}
============================================================
[RUN][orr] drtp_img88_cacheonly_1024mb_90_seed101.json
{
  "algo": "orr-online-k8sca",
  "num_containers": 90,
  "num_edge_containers": 90,
  "num_ca_containers": 0,
  "failed_deployments": 0,
  "fail_rate": 0.0,
  "num_nodes": 8,
  "num_eval_nodes": 8,
  "resource_model": "online_cumulative_k8s_filter_no_release",
  "ca_model": "parallel_virtual_guarantee",
  "ca_bandwidth_mb_s": 70.0,
  "ca_extra_delay": 0.0,
  "ca_penalty": 0.0,
  "ca_fixed_penalty": 1000.0,
  "ACT": 121.3238425925926,
  "AMS": 223.79739583333335,
  "AMS_mode": "avg",
  "downloaded_mb": 21518.0,
  "reused_mb": 27231.0,
  "reuse_rate": 0.5585960737656157,
  "objective_without_ca_penalty": 172.560619212963,
  "objective": 172.560619212963
}
============================================================
[RUN][lasa] drtp_img88_cacheonly_1024mb_90_seed101.json
{
  "algo": "lasa-online-k8sca",
  "num_containers": 90,
  "num_edge_containers": 90,
  "num_ca_containers": 0,
  "failed_deployments": 0,
  "fail_rate": 0.0,
  "num_nodes": 8,
  "num_eval_nodes": 8,
  "resource_model": "online_cumulative_k8s_filter_no_release",
  "ca_model": "parallel_virtual_guarantee",
  "ca_bandwidth_mb_s": 70.0,
  "ca_extra_delay": 0.0,
  "ca_penalty": 0.0,
  "ca_fixed_penalty": 1000.0,
  "ACT": 118.70907407407412,
  "AMS": 216.33854166666669,
  "AMS_mode": "avg",
  "downloaded_mb": 17651.0,
  "reused_mb": 31098.0,
  "reuse_rate": 0.63792077786211,
  "objective_without_ca_penalty": 167.5238078703704,
  "objective": 167.5238078703704
}
============================================================
[RUN][fg] drtp_img88_cacheonly_1024mb_90_seed202.json
{
  "algo": "fg-online-k8sca",
  "num_containers": 90,
  "num_edge_containers": 88,
  "num_ca_containers": 2,
  "failed_deployments": 2,
  "fail_rate": 0.022222222222222223,
  "num_nodes": 8,
  "num_eval_nodes": 9,
  "resource_model": "online_cumulative_k8s_filter_no_release",
  "ca_model": "parallel_virtual_guarantee",
  "ca_bandwidth_mb_s": 70.0,
  "ca_extra_delay": 0.0,
  "ca_penalty": 22.22222222222222,
  "ca_fixed_penalty": 1000.0,
  "ACT": 115.96433862433864,
  "AMS": 197.93029100529097,
  "AMS_mode": "avg",
  "downloaded_mb": 19975.0,
  "reused_mb": 30456.0,
  "reuse_rate": 0.6039142590866728,
  "objective_without_ca_penalty": 156.9473148148148,
  "objective": 179.16953703703703
}
============================================================
[RUN][ilrsa] drtp_img88_cacheonly_1024mb_90_seed202.json
{
  "algo": "ilrsa-online-k8sca",
  "num_containers": 90,
  "num_edge_containers": 87,
  "num_ca_containers": 3,
  "failed_deployments": 3,
  "fail_rate": 0.03333333333333333,
  "num_nodes": 8,
  "num_eval_nodes": 9,
  "resource_model": "online_cumulative_k8s_filter_no_release",
  "ca_model": "parallel_virtual_guarantee",
  "ca_bandwidth_mb_s": 70.0,
  "ca_extra_delay": 0.0,
  "ca_penalty": 33.333333333333336,
  "ca_fixed_penalty": 1000.0,
  "ACT": 122.58523809523811,
  "AMS": 204.02705026455027,
  "AMS_mode": "avg",
  "downloaded_mb": 25607.0,
  "reused_mb": 24824.0,
  "reuse_rate": 0.49223691776883266,
  "objective_without_ca_penalty": 163.3061441798942,
  "objective": 196.63947751322755
}
============================================================
[RUN][lrscheduler] drtp_img88_cacheonly_1024mb_90_seed202.json
{
  "algo": "lrscheduler-online-k8sca",
  "num_containers": 90,
  "num_edge_containers": 88,
  "num_ca_containers": 2,
  "failed_deployments": 2,
  "fail_rate": 0.022222222222222223,
  "num_nodes": 8,
  "num_eval_nodes": 9,
  "resource_model": "online_cumulative_k8s_filter_no_release",
  "ca_model": "parallel_virtual_guarantee",
  "ca_bandwidth_mb_s": 70.0,
  "ca_extra_delay": 0.0,
  "ca_penalty": 22.22222222222222,
  "ca_fixed_penalty": 1000.0,
  "ACT": 119.21619047619048,
  "AMS": 195.47936507936507,
  "AMS_mode": "avg",
  "downloaded_mb": 19201.0,
  "reused_mb": 31269.0,
  "reuse_rate": 0.6195561719833564,
  "objective_without_ca_penalty": 157.34777777777776,
  "objective": 179.57
}
============================================================
[RUN][gahrl] drtp_img88_cacheonly_1024mb_90_seed202.json
{
  "algo": "gahrl-online-k8sca",
  "num_containers": 90,
  "num_edge_containers": 87,
  "num_ca_containers": 3,
  "failed_deployments": 3,
  "fail_rate": 0.03333333333333333,
  "num_nodes": 8,
  "num_eval_nodes": 9,
  "resource_model": "online_cumulative_k8s_filter_no_release",
  "ca_model": "parallel_virtual_guarantee",
  "ca_bandwidth_mb_s": 70.0,
  "ca_extra_delay": 0.0,
  "ca_penalty": 33.333333333333336,
  "ca_fixed_penalty": 1000.0,
  "ACT": 114.2446825396825,
  "AMS": 191.48306878306877,
  "AMS_mode": "avg",
  "downloaded_mb": 18262.0,
  "reused_mb": 32208.0,
  "reuse_rate": 0.6381612839310481,
  "objective_without_ca_penalty": 152.86387566137563,
  "objective": 186.19720899470897
}
============================================================
[RUN][orr] drtp_img88_cacheonly_1024mb_90_seed202.json
{
  "algo": "orr-online-k8sca",
  "num_containers": 90,
  "num_edge_containers": 87,
  "num_ca_containers": 3,
  "failed_deployments": 3,
  "fail_rate": 0.03333333333333333,
  "num_nodes": 8,
  "num_eval_nodes": 9,
  "resource_model": "online_cumulative_k8s_filter_no_release",
  "ca_model": "parallel_virtual_guarantee",
  "ca_bandwidth_mb_s": 70.0,
  "ca_extra_delay": 0.0,
  "ca_penalty": 33.333333333333336,
  "ca_fixed_penalty": 1000.0,
  "ACT": 119.81896164021171,
  "AMS": 199.77751322751323,
  "AMS_mode": "avg",
  "downloaded_mb": 22973.0,
  "reused_mb": 27497.0,
  "reuse_rate": 0.5448187041807014,
  "objective_without_ca_penalty": 159.79823743386248,
  "objective": 193.13157076719583
}
============================================================
[RUN][lasa] drtp_img88_cacheonly_1024mb_90_seed202.json
{
  "algo": "lasa-online-k8sca",
  "num_containers": 90,
  "num_edge_containers": 86,
  "num_ca_containers": 4,
  "failed_deployments": 4,
  "fail_rate": 0.044444444444444446,
  "num_nodes": 8,
  "num_eval_nodes": 9,
  "resource_model": "online_cumulative_k8s_filter_no_release",
  "ca_model": "parallel_virtual_guarantee",
  "ca_bandwidth_mb_s": 70.0,
  "ca_extra_delay": 0.0,
  "ca_penalty": 44.44444444444444,
  "ca_fixed_penalty": 1000.0,
  "ACT": 115.614742063492,
  "AMS": 192.37215608465607,
  "AMS_mode": "avg",
  "downloaded_mb": 21910.0,
  "reused_mb": 28560.0,
  "reuse_rate": 0.565880721220527,
  "objective_without_ca_penalty": 153.99344907407402,
  "objective": 198.43789351851848
}
============================================================
[RUN][fg] drtp_img88_cacheonly_1024mb_100_seed42.json
{
  "algo": "fg-online-k8sca",
  "num_containers": 100,
  "num_edge_containers": 92,
  "num_ca_containers": 8,
  "failed_deployments": 8,
  "fail_rate": 0.08,
  "num_nodes": 8,
  "num_eval_nodes": 9,
  "resource_model": "online_cumulative_k8s_filter_no_release",
  "ca_model": "parallel_virtual_guarantee",
  "ca_bandwidth_mb_s": 70.0,
  "ca_extra_delay": 0.0,
  "ca_penalty": 80.0,
  "ca_fixed_penalty": 1000.0,
  "ACT": 112.48651785714293,
  "AMS": 209.0096560846561,
  "AMS_mode": "avg",
  "downloaded_mb": 25766.0,
  "reused_mb": 26896.0,
  "reuse_rate": 0.51072879875432,
  "objective_without_ca_penalty": 160.74808697089952,
  "objective": 240.74808697089952
}
============================================================
[RUN][ilrsa] drtp_img88_cacheonly_1024mb_100_seed42.json
{
  "algo": "ilrsa-online-k8sca",
  "num_containers": 100,
  "num_edge_containers": 91,
  "num_ca_containers": 9,
  "failed_deployments": 9,
  "fail_rate": 0.09,
  "num_nodes": 8,
  "num_eval_nodes": 9,
  "resource_model": "online_cumulative_k8s_filter_no_release",
  "ca_model": "parallel_virtual_guarantee",
  "ca_bandwidth_mb_s": 70.0,
  "ca_extra_delay": 0.0,
  "ca_penalty": 90.0,
  "ca_fixed_penalty": 1000.0,
  "ACT": 126.5262083333334,
  "AMS": 215.09761904761905,
  "AMS_mode": "avg",
  "downloaded_mb": 29718.0,
  "reused_mb": 22943.0,
  "reuse_rate": 0.435673458536678,
  "objective_without_ca_penalty": 170.81191369047622,
  "objective": 260.8119136904762
}
============================================================
[RUN][lrscheduler] drtp_img88_cacheonly_1024mb_100_seed42.json
{
  "algo": "lrscheduler-online-k8sca",
  "num_containers": 100,
  "num_edge_containers": 92,
  "num_ca_containers": 8,
  "failed_deployments": 8,
  "fail_rate": 0.08,
  "num_nodes": 8,
  "num_eval_nodes": 9,
  "resource_model": "online_cumulative_k8s_filter_no_release",
  "ca_model": "parallel_virtual_guarantee",
  "ca_bandwidth_mb_s": 70.0,
  "ca_extra_delay": 0.0,
  "ca_penalty": 80.0,
  "ca_fixed_penalty": 1000.0,
  "ACT": 114.63214285714271,
  "AMS": 205.8971560846561,
  "AMS_mode": "avg",
  "downloaded_mb": 23437.0,
  "reused_mb": 29261.0,
  "reuse_rate": 0.5552582640707427,
  "objective_without_ca_penalty": 160.2646494708994,
  "objective": 240.2646494708994
}
============================================================
[RUN][gahrl] drtp_img88_cacheonly_1024mb_100_seed42.json
{
  "algo": "gahrl-online-k8sca",
  "num_containers": 100,
  "num_edge_containers": 91,
  "num_ca_containers": 9,
  "failed_deployments": 9,
  "fail_rate": 0.09,
  "num_nodes": 8,
  "num_eval_nodes": 9,
  "resource_model": "online_cumulative_k8s_filter_no_release",
  "ca_model": "parallel_virtual_guarantee",
  "ca_bandwidth_mb_s": 70.0,
  "ca_extra_delay": 0.0,
  "ca_penalty": 90.0,
  "ca_fixed_penalty": 1000.0,
  "ACT": 109.53366666666662,
  "AMS": 200.77863756613755,
  "AMS_mode": "avg",
  "downloaded_mb": 20476.0,
  "reused_mb": 32222.0,
  "reuse_rate": 0.6114463547003681,
  "objective_without_ca_penalty": 155.1561521164021,
  "objective": 245.1561521164021
}
============================================================
[RUN][orr] drtp_img88_cacheonly_1024mb_100_seed42.json
{
  "algo": "orr-online-k8sca",
  "num_containers": 100,
  "num_edge_containers": 91,
  "num_ca_containers": 9,
  "failed_deployments": 9,
  "fail_rate": 0.09,
  "num_nodes": 8,
  "num_eval_nodes": 9,
  "resource_model": "online_cumulative_k8s_filter_no_release",
  "ca_model": "parallel_virtual_guarantee",
  "ca_bandwidth_mb_s": 70.0,
  "ca_extra_delay": 0.0,
  "ca_penalty": 90.0,
  "ca_fixed_penalty": 1000.0,
  "ACT": 113.91137500000006,
  "AMS": 210.33280423280422,
  "AMS_mode": "avg",
  "downloaded_mb": 26903.0,
  "reused_mb": 25795.0,
  "reuse_rate": 0.48948726706895895,
  "objective_without_ca_penalty": 162.12208961640215,
  "objective": 252.12208961640215
}
============================================================
[RUN][lasa] drtp_img88_cacheonly_1024mb_100_seed42.json
{
  "algo": "lasa-online-k8sca",
  "num_containers": 100,
  "num_edge_containers": 92,
  "num_ca_containers": 8,
  "failed_deployments": 8,
  "fail_rate": 0.08,
  "num_nodes": 8,
  "num_eval_nodes": 9,
  "resource_model": "online_cumulative_k8s_filter_no_release",
  "ca_model": "parallel_virtual_guarantee",
  "ca_bandwidth_mb_s": 70.0,
  "ca_extra_delay": 0.0,
  "ca_penalty": 80.0,
  "ca_fixed_penalty": 1000.0,
  "ACT": 115.15653571428571,
  "AMS": 200.8744708994709,
  "AMS_mode": "avg",
  "downloaded_mb": 24353.0,
  "reused_mb": 28345.0,
  "reuse_rate": 0.537876200235303,
  "objective_without_ca_penalty": 158.01550330687832,
  "objective": 238.01550330687832
}
============================================================
[RUN][fg] drtp_img88_cacheonly_1024mb_100_seed101.json
{
  "algo": "fg-online-k8sca",
  "num_containers": 100,
  "num_edge_containers": 96,
  "num_ca_containers": 4,
  "failed_deployments": 4,
  "fail_rate": 0.04,
  "num_nodes": 8,
  "num_eval_nodes": 9,
  "resource_model": "online_cumulative_k8s_filter_no_release",
  "ca_model": "parallel_virtual_guarantee",
  "ca_bandwidth_mb_s": 70.0,
  "ca_extra_delay": 0.0,
  "ca_penalty": 40.0,
  "ca_fixed_penalty": 1000.0,
  "ACT": 118.31622023809528,
  "AMS": 211.70277777777778,
  "AMS_mode": "avg",
  "downloaded_mb": 23397.0,
  "reused_mb": 28678.0,
  "reuse_rate": 0.5507057129140662,
  "objective_without_ca_penalty": 165.00949900793654,
  "objective": 205.00949900793654
}
============================================================
[RUN][ilrsa] drtp_img88_cacheonly_1024mb_100_seed101.json
{
  "algo": "ilrsa-online-k8sca",
  "num_containers": 100,
  "num_edge_containers": 96,
  "num_ca_containers": 4,
  "failed_deployments": 4,
  "fail_rate": 0.04,
  "num_nodes": 8,
  "num_eval_nodes": 9,
  "resource_model": "online_cumulative_k8s_filter_no_release",
  "ca_model": "parallel_virtual_guarantee",
  "ca_bandwidth_mb_s": 70.0,
  "ca_extra_delay": 0.0,
  "ca_penalty": 40.0,
  "ca_fixed_penalty": 1000.0,
  "ACT": 129.03722023809524,
  "AMS": 218.71851851851855,
  "AMS_mode": "avg",
  "downloaded_mb": 27763.0,
  "reused_mb": 24312.0,
  "reuse_rate": 0.4668650984157465,
  "objective_without_ca_penalty": 173.8778693783069,
  "objective": 213.8778693783069
}
============================================================
[RUN][lrscheduler] drtp_img88_cacheonly_1024mb_100_seed101.json
{
  "algo": "lrscheduler-online-k8sca",
  "num_containers": 100,
  "num_edge_containers": 96,
  "num_ca_containers": 4,
  "failed_deployments": 4,
  "fail_rate": 0.04,
  "num_nodes": 8,
  "num_eval_nodes": 9,
  "resource_model": "online_cumulative_k8s_filter_no_release",
  "ca_model": "parallel_virtual_guarantee",
  "ca_bandwidth_mb_s": 70.0,
  "ca_extra_delay": 0.0,
  "ca_penalty": 40.0,
  "ca_fixed_penalty": 1000.0,
  "ACT": 118.22013690476187,
  "AMS": 207.51203703703706,
  "AMS_mode": "avg",
  "downloaded_mb": 20675.0,
  "reused_mb": 31433.0,
  "reuse_rate": 0.6032279112612267,
  "objective_without_ca_penalty": 162.86608697089946,
  "objective": 202.86608697089946
}
============================================================
[RUN][gahrl] drtp_img88_cacheonly_1024mb_100_seed101.json
{
  "algo": "gahrl-online-k8sca",
  "num_containers": 100,
  "num_edge_containers": 96,
  "num_ca_containers": 4,
  "failed_deployments": 4,
  "fail_rate": 0.04,
  "num_nodes": 8,
  "num_eval_nodes": 9,
  "resource_model": "online_cumulative_k8s_filter_no_release",
  "ca_model": "parallel_virtual_guarantee",
  "ca_bandwidth_mb_s": 70.0,
  "ca_extra_delay": 0.0,
  "ca_penalty": 40.0,
  "ca_fixed_penalty": 1000.0,
  "ACT": 112.49563690476192,
  "AMS": 202.52083333333331,
  "AMS_mode": "avg",
  "downloaded_mb": 17483.0,
  "reused_mb": 34625.0,
  "reuse_rate": 0.6644852997620327,
  "objective_without_ca_penalty": 157.5082351190476,
  "objective": 197.5082351190476
}
============================================================
[RUN][orr] drtp_img88_cacheonly_1024mb_100_seed101.json
{
  "algo": "orr-online-k8sca",
  "num_containers": 100,
  "num_edge_containers": 96,
  "num_ca_containers": 4,
  "failed_deployments": 4,
  "fail_rate": 0.04,
  "num_nodes": 8,
  "num_eval_nodes": 9,
  "resource_model": "online_cumulative_k8s_filter_no_release",
  "ca_model": "parallel_virtual_guarantee",
  "ca_bandwidth_mb_s": 70.0,
  "ca_extra_delay": 0.0,
  "ca_penalty": 40.0,
  "ca_fixed_penalty": 1000.0,
  "ACT": 122.98626190476197,
  "AMS": 214.18564814814815,
  "AMS_mode": "avg",
  "downloaded_mb": 24817.0,
  "reused_mb": 27291.0,
  "reuse_rate": 0.5237391571351808,
  "objective_without_ca_penalty": 168.58595502645505,
  "objective": 208.58595502645505
}
============================================================
[RUN][lasa] drtp_img88_cacheonly_1024mb_100_seed101.json
{
  "algo": "lasa-online-k8sca",
  "num_containers": 100,
  "num_edge_containers": 96,
  "num_ca_containers": 4,
  "failed_deployments": 4,
  "fail_rate": 0.04,
  "num_nodes": 8,
  "num_eval_nodes": 9,
  "resource_model": "online_cumulative_k8s_filter_no_release",
  "ca_model": "parallel_virtual_guarantee",
  "ca_bandwidth_mb_s": 70.0,
  "ca_extra_delay": 0.0,
  "ca_penalty": 40.0,
  "ca_fixed_penalty": 1000.0,
  "ACT": 118.09176785714283,
  "AMS": 203.19530423280423,
  "AMS_mode": "avg",
  "downloaded_mb": 20143.0,
  "reused_mb": 31965.0,
  "reuse_rate": 0.613437476011361,
  "objective_without_ca_penalty": 160.64353604497353,
  "objective": 200.64353604497353
}
============================================================
[RUN][fg] drtp_img88_cacheonly_1024mb_100_seed202.json
{
  "algo": "fg-online-k8sca",
  "num_containers": 100,
  "num_edge_containers": 89,
  "num_ca_containers": 11,
  "failed_deployments": 11,
  "fail_rate": 0.11,
  "num_nodes": 8,
  "num_eval_nodes": 9,
  "resource_model": "online_cumulative_k8s_filter_no_release",
  "ca_model": "parallel_virtual_guarantee",
  "ca_bandwidth_mb_s": 70.0,
  "ca_extra_delay": 0.0,
  "ca_penalty": 110.0,
  "ca_fixed_penalty": 1000.0,
  "ACT": 109.0112142857143,
  "AMS": 204.11706349206347,
  "AMS_mode": "avg",
  "downloaded_mb": 26363.0,
  "reused_mb": 28682.0,
  "reuse_rate": 0.5210645835225725,
  "objective_without_ca_penalty": 156.5641388888889,
  "objective": 266.5641388888889
}
============================================================
[RUN][ilrsa] drtp_img88_cacheonly_1024mb_100_seed202.json
{
  "algo": "ilrsa-online-k8sca",
  "num_containers": 100,
  "num_edge_containers": 89,
  "num_ca_containers": 11,
  "failed_deployments": 11,
  "fail_rate": 0.11,
  "num_nodes": 8,
  "num_eval_nodes": 9,
  "resource_model": "online_cumulative_k8s_filter_no_release",
  "ca_model": "parallel_virtual_guarantee",
  "ca_bandwidth_mb_s": 70.0,
  "ca_extra_delay": 0.0,
  "ca_penalty": 110.0,
  "ca_fixed_penalty": 1000.0,
  "ACT": 118.06704761904756,
  "AMS": 209.6128968253968,
  "AMS_mode": "avg",
  "downloaded_mb": 30221.0,
  "reused_mb": 24824.0,
  "reuse_rate": 0.4509764737941684,
  "objective_without_ca_penalty": 163.83997222222217,
  "objective": 273.8399722222222
}
============================================================
[RUN][lrscheduler] drtp_img88_cacheonly_1024mb_100_seed202.json
{
  "algo": "lrscheduler-online-k8sca",
  "num_containers": 100,
  "num_edge_containers": 89,
  "num_ca_containers": 11,
  "failed_deployments": 11,
  "fail_rate": 0.11,
  "num_nodes": 8,
  "num_eval_nodes": 9,
  "resource_model": "online_cumulative_k8s_filter_no_release",
  "ca_model": "parallel_virtual_guarantee",
  "ca_bandwidth_mb_s": 70.0,
  "ca_extra_delay": 0.0,
  "ca_penalty": 110.0,
  "ca_fixed_penalty": 1000.0,
  "ACT": 110.94608928571428,
  "AMS": 198.14761904761906,
  "AMS_mode": "avg",
  "downloaded_mb": 23815.0,
  "reused_mb": 31269.0,
  "reuse_rate": 0.5676603006317624,
  "objective_without_ca_penalty": 154.54685416666666,
  "objective": 264.54685416666666
}
============================================================
[RUN][gahrl] drtp_img88_cacheonly_1024mb_100_seed202.json
{
  "algo": "gahrl-online-k8sca",
  "num_containers": 100,
  "num_edge_containers": 90,
  "num_ca_containers": 10,
  "failed_deployments": 10,
  "fail_rate": 0.1,
  "num_nodes": 8,
  "num_eval_nodes": 9,
  "resource_model": "online_cumulative_k8s_filter_no_release",
  "ca_model": "parallel_virtual_guarantee",
  "ca_bandwidth_mb_s": 70.0,
  "ca_extra_delay": 0.0,
  "ca_penalty": 100.0,
  "ca_fixed_penalty": 1000.0,
  "ACT": 110.7677142857142,
  "AMS": 197.30132275132277,
  "AMS_mode": "avg",
  "downloaded_mb": 22371.0,
  "reused_mb": 32713.0,
  "reuse_rate": 0.5938748093820347,
  "objective_without_ca_penalty": 154.0345185185185,
  "objective": 254.0345185185185
}
============================================================
[RUN][orr] drtp_img88_cacheonly_1024mb_100_seed202.json
{
  "algo": "orr-online-k8sca",
  "num_containers": 100,
  "num_edge_containers": 90,
  "num_ca_containers": 10,
  "failed_deployments": 10,
  "fail_rate": 0.1,
  "num_nodes": 8,
  "num_eval_nodes": 9,
  "resource_model": "online_cumulative_k8s_filter_no_release",
  "ca_model": "parallel_virtual_guarantee",
  "ca_bandwidth_mb_s": 70.0,
  "ca_extra_delay": 0.0,
  "ca_penalty": 100.0,
  "ca_fixed_penalty": 1000.0,
  "ACT": 114.5302559523809,
  "AMS": 204.74021164021167,
  "AMS_mode": "avg",
  "downloaded_mb": 27559.0,
  "reused_mb": 27525.0,
  "reuse_rate": 0.49969138043715056,
  "objective_without_ca_penalty": 159.6352337962963,
  "objective": 259.6352337962963
}
============================================================
[RUN][lasa] drtp_img88_cacheonly_1024mb_100_seed202.json
{
  "algo": "lasa-online-k8sca",
  "num_containers": 100,
  "num_edge_containers": 86,
  "num_ca_containers": 14,
  "failed_deployments": 14,
  "fail_rate": 0.14,
  "num_nodes": 8,
  "num_eval_nodes": 9,
  "resource_model": "online_cumulative_k8s_filter_no_release",
  "ca_model": "parallel_virtual_guarantee",
  "ca_bandwidth_mb_s": 70.0,
  "ca_extra_delay": 0.0,
  "ca_penalty": 140.0,
  "ca_fixed_penalty": 1000.0,
  "ACT": 104.11887500000006,
  "AMS": 191.56058201058198,
  "AMS_mode": "avg",
  "downloaded_mb": 31107.0,
  "reused_mb": 23977.0,
  "reuse_rate": 0.4352806622612737,
  "objective_without_ca_penalty": 147.83972850529102,
  "objective": 287.839728505291
}
============================================================
[RUN][fg] drtp_img88_cacheonly_1024mb_110_seed42.json
{
  "algo": "fg-online-k8sca",
  "num_containers": 110,
  "num_edge_containers": 92,
  "num_ca_containers": 18,
  "failed_deployments": 18,
  "fail_rate": 0.16363636363636364,
  "num_nodes": 8,
  "num_eval_nodes": 9,
  "resource_model": "online_cumulative_k8s_filter_no_release",
  "ca_model": "parallel_virtual_guarantee",
  "ca_bandwidth_mb_s": 70.0,
  "ca_extra_delay": 0.0,
  "ca_penalty": 163.63636363636363,
  "ca_fixed_penalty": 1000.0,
  "ACT": 104.38904220779229,
  "AMS": 209.0096560846561,
  "AMS_mode": "avg",
  "downloaded_mb": 30956.0,
  "reused_mb": 26896.0,
  "reuse_rate": 0.46491046117679596,
  "objective_without_ca_penalty": 156.6993491462242,
  "objective": 320.33571278258785
}
============================================================
[RUN][ilrsa] drtp_img88_cacheonly_1024mb_110_seed42.json
{
  "algo": "ilrsa-online-k8sca",
  "num_containers": 110,
  "num_edge_containers": 91,
  "num_ca_containers": 19,
  "failed_deployments": 19,
  "fail_rate": 0.17272727272727273,
  "num_nodes": 8,
  "num_eval_nodes": 9,
  "resource_model": "online_cumulative_k8s_filter_no_release",
  "ca_model": "parallel_virtual_guarantee",
  "ca_bandwidth_mb_s": 70.0,
  "ca_extra_delay": 0.0,
  "ca_penalty": 172.72727272727272,
  "ca_fixed_penalty": 1000.0,
  "ACT": 115.37163961038964,
  "AMS": 212.65641534391534,
  "AMS_mode": "avg",
  "downloaded_mb": 33277.0,
  "reused_mb": 24574.0,
  "reuse_rate": 0.42478090266373963,
  "objective_without_ca_penalty": 164.0140274771525,
  "objective": 336.7413002044252
}
============================================================
[RUN][lrscheduler] drtp_img88_cacheonly_1024mb_110_seed42.json
{
  "algo": "lrscheduler-online-k8sca",
  "num_containers": 110,
  "num_edge_containers": 91,
  "num_ca_containers": 19,
  "failed_deployments": 19,
  "fail_rate": 0.17272727272727273,
  "num_nodes": 8,
  "num_eval_nodes": 9,
  "resource_model": "online_cumulative_k8s_filter_no_release",
  "ca_model": "parallel_virtual_guarantee",
  "ca_bandwidth_mb_s": 70.0,
  "ca_extra_delay": 0.0,
  "ca_penalty": 172.72727272727272,
  "ca_fixed_penalty": 1000.0,
  "ACT": 107.4365638528138,
  "AMS": 208.06891534391536,
  "AMS_mode": "avg",
  "downloaded_mb": 30445.0,
  "reused_mb": 27443.0,
  "reuse_rate": 0.47407061912658927,
  "objective_without_ca_penalty": 157.7527395983646,
  "objective": 330.4800123256373
}
============================================================
[RUN][gahrl] drtp_img88_cacheonly_1024mb_110_seed42.json
{
  "algo": "gahrl-online-k8sca",
  "num_containers": 110,
  "num_edge_containers": 91,
  "num_ca_containers": 19,
  "failed_deployments": 19,
  "fail_rate": 0.17272727272727273,
  "num_nodes": 8,
  "num_eval_nodes": 9,
  "resource_model": "online_cumulative_k8s_filter_no_release",
  "ca_model": "parallel_virtual_guarantee",
  "ca_bandwidth_mb_s": 70.0,
  "ca_extra_delay": 0.0,
  "ca_penalty": 172.72727272727272,
  "ca_fixed_penalty": 1000.0,
  "ACT": 101.704632034632,
  "AMS": 200.77863756613755,
  "AMS_mode": "avg",
  "downloaded_mb": 25666.0,
  "reused_mb": 32222.0,
  "reuse_rate": 0.556626589275843,
  "objective_without_ca_penalty": 151.24163480038476,
  "objective": 323.9689075276575
}
============================================================
[RUN][orr] drtp_img88_cacheonly_1024mb_110_seed42.json
{
  "algo": "orr-online-k8sca",
  "num_containers": 110,
  "num_edge_containers": 91,
  "num_ca_containers": 19,
  "failed_deployments": 19,
  "fail_rate": 0.17272727272727273,
  "num_nodes": 8,
  "num_eval_nodes": 9,
  "resource_model": "online_cumulative_k8s_filter_no_release",
  "ca_model": "parallel_virtual_guarantee",
  "ca_bandwidth_mb_s": 70.0,
  "ca_extra_delay": 0.0,
  "ca_penalty": 172.72727272727272,
  "ca_fixed_penalty": 1000.0,
  "ACT": 105.68436688311695,
  "AMS": 210.33280423280422,
  "AMS_mode": "avg",
  "downloaded_mb": 32093.0,
  "reused_mb": 25795.0,
  "reuse_rate": 0.44560185185185186,
  "objective_without_ca_penalty": 158.0085855579606,
  "objective": 330.73585828523335
}
============================================================
[RUN][lasa] drtp_img88_cacheonly_1024mb_110_seed42.json
{
  "algo": "lasa-online-k8sca",
  "num_containers": 110,
  "num_edge_containers": 93,
  "num_ca_containers": 17,
  "failed_deployments": 17,
  "fail_rate": 0.15454545454545454,
  "num_nodes": 8,
  "num_eval_nodes": 9,
  "resource_model": "online_cumulative_k8s_filter_no_release",
  "ca_model": "parallel_virtual_guarantee",
  "ca_bandwidth_mb_s": 70.0,
  "ca_extra_delay": 0.0,
  "ca_penalty": 154.54545454545453,
  "ca_fixed_penalty": 1000.0,
  "ACT": 107.87729437229434,
  "AMS": 207.10965608465605,
  "AMS_mode": "avg",
  "downloaded_mb": 35367.0,
  "reused_mb": 22521.0,
  "reuse_rate": 0.3890443615257048,
  "objective_without_ca_penalty": 157.4934752284752,
  "objective": 312.03892977392974
}
============================================================
[RUN][fg] drtp_img88_cacheonly_1024mb_110_seed101.json
{
  "algo": "fg-online-k8sca",
  "num_containers": 110,
  "num_edge_containers": 96,
  "num_ca_containers": 14,
  "failed_deployments": 14,
  "fail_rate": 0.12727272727272726,
  "num_nodes": 8,
  "num_eval_nodes": 9,
  "resource_model": "online_cumulative_k8s_filter_no_release",
  "ca_model": "parallel_virtual_guarantee",
  "ca_bandwidth_mb_s": 70.0,
  "ca_extra_delay": 0.0,
  "ca_penalty": 127.27272727272727,
  "ca_fixed_penalty": 1000.0,
  "ACT": 109.94279761904767,
  "AMS": 213.4488095238095,
  "AMS_mode": "avg",
  "downloaded_mb": 29003.0,
  "reused_mb": 28678.0,
  "reuse_rate": 0.4971827811584404,
  "objective_without_ca_penalty": 161.6958035714286,
  "objective": 288.96853084415585
}
============================================================
[RUN][ilrsa] drtp_img88_cacheonly_1024mb_110_seed101.json
{
  "algo": "ilrsa-online-k8sca",
  "num_containers": 110,
  "num_edge_containers": 96,
  "num_ca_containers": 14,
  "failed_deployments": 14,
  "fail_rate": 0.12727272727272726,
  "num_nodes": 8,
  "num_eval_nodes": 9,
  "resource_model": "online_cumulative_k8s_filter_no_release",
  "ca_model": "parallel_virtual_guarantee",
  "ca_bandwidth_mb_s": 70.0,
  "ca_extra_delay": 0.0,
  "ca_penalty": 127.27272727272727,
  "ca_fixed_penalty": 1000.0,
  "ACT": 123.34014610389615,
  "AMS": 221.0265873015873,
  "AMS_mode": "avg",
  "downloaded_mb": 33629.0,
  "reused_mb": 24052.0,
  "reuse_rate": 0.416983062013488,
  "objective_without_ca_penalty": 172.18336670274172,
  "objective": 299.456093975469
}
============================================================
[RUN][lrscheduler] drtp_img88_cacheonly_1024mb_110_seed101.json
{
  "algo": "lrscheduler-online-k8sca",
  "num_containers": 110,
  "num_edge_containers": 96,
  "num_ca_containers": 14,
  "failed_deployments": 14,
  "fail_rate": 0.12727272727272726,
  "num_nodes": 8,
  "num_eval_nodes": 9,
  "resource_model": "online_cumulative_k8s_filter_no_release",
  "ca_model": "parallel_virtual_guarantee",
  "ca_bandwidth_mb_s": 70.0,
  "ca_extra_delay": 0.0,
  "ca_penalty": 127.27272727272727,
  "ca_fixed_penalty": 1000.0,
  "ACT": 109.85544913419912,
  "AMS": 209.2580687830688,
  "AMS_mode": "avg",
  "downloaded_mb": 26281.0,
  "reused_mb": 31433.0,
  "reuse_rate": 0.54463388432616,
  "objective_without_ca_penalty": 159.55675895863396,
  "objective": 286.8294862313612
}
============================================================
[RUN][gahrl] drtp_img88_cacheonly_1024mb_110_seed101.json
{
  "algo": "gahrl-online-k8sca",
  "num_containers": 110,
  "num_edge_containers": 96,
  "num_ca_containers": 14,
  "failed_deployments": 14,
  "fail_rate": 0.12727272727272726,
  "num_nodes": 8,
  "num_eval_nodes": 9,
  "resource_model": "online_cumulative_k8s_filter_no_release",
  "ca_model": "parallel_virtual_guarantee",
  "ca_bandwidth_mb_s": 70.0,
  "ca_extra_delay": 0.0,
  "ca_penalty": 127.27272727272727,
  "ca_fixed_penalty": 1000.0,
  "ACT": 104.65135822510824,
  "AMS": 204.26686507936503,
  "AMS_mode": "avg",
  "downloaded_mb": 23089.0,
  "reused_mb": 34625.0,
  "reuse_rate": 0.5999410888172714,
  "objective_without_ca_penalty": 154.45911165223663,
  "objective": 281.7318389249639
}
============================================================
[RUN][orr] drtp_img88_cacheonly_1024mb_110_seed101.json
{
  "algo": "orr-online-k8sca",
  "num_containers": 110,
  "num_edge_containers": 96,
  "num_ca_containers": 14,
  "failed_deployments": 14,
  "fail_rate": 0.12727272727272726,
  "num_nodes": 8,
  "num_eval_nodes": 9,
  "resource_model": "online_cumulative_k8s_filter_no_release",
  "ca_model": "parallel_virtual_guarantee",
  "ca_bandwidth_mb_s": 70.0,
  "ca_extra_delay": 0.0,
  "ca_penalty": 127.27272727272727,
  "ca_fixed_penalty": 1000.0,
  "ACT": 115.12851731601738,
  "AMS": 217.51825396825396,
  "AMS_mode": "avg",
  "downloaded_mb": 31427.0,
  "reused_mb": 26287.0,
  "reuse_rate": 0.45547007658453753,
  "objective_without_ca_penalty": 166.32338564213566,
  "objective": 293.59611291486294
}
============================================================
[RUN][lasa] drtp_img88_cacheonly_1024mb_110_seed101.json
{
  "algo": "lasa-online-k8sca",
  "num_containers": 110,
  "num_edge_containers": 92,
  "num_ca_containers": 18,
  "failed_deployments": 18,
  "fail_rate": 0.16363636363636364,
  "num_nodes": 8,
  "num_eval_nodes": 9,
  "resource_model": "online_cumulative_k8s_filter_no_release",
  "ca_model": "parallel_virtual_guarantee",
  "ca_bandwidth_mb_s": 70.0,
  "ca_extra_delay": 0.0,
  "ca_penalty": 163.63636363636363,
  "ca_fixed_penalty": 1000.0,
  "ACT": 104.0290313852814,
  "AMS": 200.14345238095237,
  "AMS_mode": "avg",
  "downloaded_mb": 35119.0,
  "reused_mb": 22595.0,
  "reuse_rate": 0.3914994628686281,
  "objective_without_ca_penalty": 152.08624188311688,
  "objective": 315.7226055194805
}
============================================================
[RUN][fg] drtp_img88_cacheonly_1024mb_110_seed202.json
{
  "algo": "fg-online-k8sca",
  "num_containers": 110,
  "num_edge_containers": 89,
  "num_ca_containers": 21,
  "failed_deployments": 21,
  "fail_rate": 0.19090909090909092,
  "num_nodes": 8,
  "num_eval_nodes": 9,
  "resource_model": "online_cumulative_k8s_filter_no_release",
  "ca_model": "parallel_virtual_guarantee",
  "ca_bandwidth_mb_s": 70.0,
  "ca_extra_delay": 0.0,
  "ca_penalty": 190.9090909090909,
  "ca_fixed_penalty": 1000.0,
  "ACT": 101.13603896103896,
  "AMS": 204.11706349206347,
  "AMS_mode": "avg",
  "downloaded_mb": 31392.0,
  "reused_mb": 28682.0,
  "reuse_rate": 0.47744448513500015,
  "objective_without_ca_penalty": 152.62655122655121,
  "objective": 343.5356421356421
}
============================================================
[RUN][ilrsa] drtp_img88_cacheonly_1024mb_110_seed202.json
{
  "algo": "ilrsa-online-k8sca",
  "num_containers": 110,
  "num_edge_containers": 91,
  "num_ca_containers": 19,
  "failed_deployments": 19,
  "fail_rate": 0.17272727272727273,
  "num_nodes": 8,
  "num_eval_nodes": 9,
  "resource_model": "online_cumulative_k8s_filter_no_release",
  "ca_model": "parallel_virtual_guarantee",
  "ca_bandwidth_mb_s": 70.0,
  "ca_extra_delay": 0.0,
  "ca_penalty": 172.72727272727272,
  "ca_fixed_penalty": 1000.0,
  "ACT": 113.44135281385277,
  "AMS": 212.7490079365079,
  "AMS_mode": "avg",
  "downloaded_mb": 35595.0,
  "reused_mb": 24478.0,
  "reuse_rate": 0.40747091039235595,
  "objective_without_ca_penalty": 163.09518037518035,
  "objective": 335.8224531024531
}
============================================================
[RUN][lrscheduler] drtp_img88_cacheonly_1024mb_110_seed202.json
{
  "algo": "lrscheduler-online-k8sca",
  "num_containers": 110,
  "num_edge_containers": 89,
  "num_ca_containers": 21,
  "failed_deployments": 21,
  "fail_rate": 0.19090909090909092,
  "num_nodes": 8,
  "num_eval_nodes": 9,
  "resource_model": "online_cumulative_k8s_filter_no_release",
  "ca_model": "parallel_virtual_guarantee",
  "ca_bandwidth_mb_s": 70.0,
  "ca_extra_delay": 0.0,
  "ca_penalty": 190.9090909090909,
  "ca_fixed_penalty": 1000.0,
  "ACT": 101.86153138528142,
  "AMS": 196.83141534391535,
  "AMS_mode": "avg",
  "downloaded_mb": 27684.0,
  "reused_mb": 32429.0,
  "reuse_rate": 0.5394673365162278,
  "objective_without_ca_penalty": 149.34647336459838,
  "objective": 340.2555642736893
}
============================================================
[RUN][gahrl] drtp_img88_cacheonly_1024mb_110_seed202.json
{
  "algo": "gahrl-online-k8sca",
  "num_containers": 110,
  "num_edge_containers": 90,
  "num_ca_containers": 20,
  "failed_deployments": 20,
  "fail_rate": 0.18181818181818182,
  "num_nodes": 8,
  "num_eval_nodes": 9,
  "resource_model": "online_cumulative_k8s_filter_no_release",
  "ca_model": "parallel_virtual_guarantee",
  "ca_bandwidth_mb_s": 70.0,
  "ca_extra_delay": 0.0,
  "ca_penalty": 181.8181818181818,
  "ca_fixed_penalty": 1000.0,
  "ACT": 102.73285714285706,
  "AMS": 197.30132275132277,
  "AMS_mode": "avg",
  "downloaded_mb": 27400.0,
  "reused_mb": 32713.0,
  "reuse_rate": 0.5441917721624274,
  "objective_without_ca_penalty": 150.01708994708991,
  "objective": 331.8352717652717
}
============================================================
[RUN][orr] drtp_img88_cacheonly_1024mb_110_seed202.json
{
  "algo": "orr-online-k8sca",
  "num_containers": 110,
  "num_edge_containers": 91,
  "num_ca_containers": 19,
  "failed_deployments": 19,
  "fail_rate": 0.17272727272727273,
  "num_nodes": 8,
  "num_eval_nodes": 9,
  "resource_model": "online_cumulative_k8s_filter_no_release",
  "ca_model": "parallel_virtual_guarantee",
  "ca_bandwidth_mb_s": 70.0,
  "ca_extra_delay": 0.0,
  "ca_penalty": 172.72727272727272,
  "ca_fixed_penalty": 1000.0,
  "ACT": 108.51401515151517,
  "AMS": 208.83002645502646,
  "AMS_mode": "avg",
  "downloaded_mb": 33151.0,
  "reused_mb": 26962.0,
  "reuse_rate": 0.44852195032688436,
  "objective_without_ca_penalty": 158.6720208032708,
  "objective": 331.39929353054356
}
============================================================
[RUN][lasa] drtp_img88_cacheonly_1024mb_110_seed202.json
{
  "algo": "lasa-online-k8sca",
  "num_containers": 110,
  "num_edge_containers": 89,
  "num_ca_containers": 21,
  "failed_deployments": 21,
  "fail_rate": 0.19090909090909092,
  "num_nodes": 8,
  "num_eval_nodes": 9,
  "resource_model": "online_cumulative_k8s_filter_no_release",
  "ca_model": "parallel_virtual_guarantee",
  "ca_bandwidth_mb_s": 70.0,
  "ca_extra_delay": 0.0,
  "ca_penalty": 190.9090909090909,
  "ca_fixed_penalty": 1000.0,
  "ACT": 100.82859848484851,
  "AMS": 192.39854497354497,
  "AMS_mode": "avg",
  "downloaded_mb": 35801.0,
  "reused_mb": 24312.0,
  "reuse_rate": 0.4044383078535425,
  "objective_without_ca_penalty": 146.61357172919674,
  "objective": 337.52266263828767
}
============================================================
[RUN][fg] drtp_img88_cacheonly_1024mb_120_seed42.json
{
  "algo": "fg-online-k8sca",
  "num_containers": 120,
  "num_edge_containers": 92,
  "num_ca_containers": 28,
  "failed_deployments": 28,
  "fail_rate": 0.23333333333333334,
  "num_nodes": 8,
  "num_eval_nodes": 9,
  "resource_model": "online_cumulative_k8s_filter_no_release",
  "ca_model": "parallel_virtual_guarantee",
  "ca_bandwidth_mb_s": 70.0,
  "ca_extra_delay": 0.0,
  "ca_penalty": 233.33333333333334,
  "ca_fixed_penalty": 1000.0,
  "ACT": 97.71733630952389,
  "AMS": 209.0096560846561,
  "AMS_mode": "avg",
  "downloaded_mb": 37066.0,
  "reused_mb": 26896.0,
  "reuse_rate": 0.42049967168006,
  "objective_without_ca_penalty": 153.36349619709,
  "objective": 386.6968295304233
}
============================================================
[RUN][ilrsa] drtp_img88_cacheonly_1024mb_120_seed42.json
{
  "algo": "ilrsa-online-k8sca",
  "num_containers": 120,
  "num_edge_containers": 91,
  "num_ca_containers": 29,
  "failed_deployments": 29,
  "fail_rate": 0.24166666666666667,
  "num_nodes": 8,
  "num_eval_nodes": 9,
  "resource_model": "online_cumulative_k8s_filter_no_release",
  "ca_model": "parallel_virtual_guarantee",
  "ca_bandwidth_mb_s": 70.0,
  "ca_extra_delay": 0.0,
  "ca_penalty": 241.66666666666666,
  "ca_fixed_penalty": 1000.0,
  "ACT": 106.61072420634922,
  "AMS": 213.79623015873017,
  "AMS_mode": "avg",
  "downloaded_mb": 39921.0,
  "reused_mb": 24040.0,
  "reuse_rate": 0.37585403605321993,
  "objective_without_ca_penalty": 160.2034771825397,
  "objective": 401.87014384920633
}
============================================================
[RUN][lrscheduler] drtp_img88_cacheonly_1024mb_120_seed42.json
{
  "algo": "lrscheduler-online-k8sca",
  "num_containers": 120,
  "num_edge_containers": 91,
  "num_ca_containers": 29,
  "failed_deployments": 29,
  "fail_rate": 0.24166666666666667,
  "num_nodes": 8,
  "num_eval_nodes": 9,
  "resource_model": "online_cumulative_k8s_filter_no_release",
  "ca_model": "parallel_virtual_guarantee",
  "ca_bandwidth_mb_s": 70.0,
  "ca_extra_delay": 0.0,
  "ca_penalty": 241.66666666666666,
  "ca_fixed_penalty": 1000.0,
  "ACT": 100.51089781746028,
  "AMS": 208.06891534391536,
  "AMS_mode": "avg",
  "downloaded_mb": 36555.0,
  "reused_mb": 27443.0,
  "reuse_rate": 0.4288102753211038,
  "objective_without_ca_penalty": 154.2899065806878,
  "objective": 395.95657324735447
}
============================================================
[RUN][gahrl] drtp_img88_cacheonly_1024mb_120_seed42.json
{
  "algo": "gahrl-online-k8sca",
  "num_containers": 120,
  "num_edge_containers": 92,
  "num_ca_containers": 28,
  "failed_deployments": 28,
  "fail_rate": 0.23333333333333334,
  "num_nodes": 8,
  "num_eval_nodes": 9,
  "resource_model": "online_cumulative_k8s_filter_no_release",
  "ca_model": "parallel_virtual_guarantee",
  "ca_bandwidth_mb_s": 70.0,
  "ca_extra_delay": 0.0,
  "ca_penalty": 233.33333333333334,
  "ca_fixed_penalty": 1000.0,
  "ACT": 97.84952380952376,
  "AMS": 201.0582671957672,
  "AMS_mode": "avg",
  "downloaded_mb": 31220.0,
  "reused_mb": 32778.0,
  "reuse_rate": 0.5121722553829807,
  "objective_without_ca_penalty": 149.45389550264548,
  "objective": 382.7872288359788
}
============================================================
[RUN][orr] drtp_img88_cacheonly_1024mb_120_seed42.json
{
  "algo": "orr-online-k8sca",
  "num_containers": 120,
  "num_edge_containers": 91,
  "num_ca_containers": 29,
  "failed_deployments": 29,
  "fail_rate": 0.24166666666666667,
  "num_nodes": 8,
  "num_eval_nodes": 9,
  "resource_model": "online_cumulative_k8s_filter_no_release",
  "ca_model": "parallel_virtual_guarantee",
  "ca_bandwidth_mb_s": 70.0,
  "ca_extra_delay": 0.0,
  "ca_penalty": 241.66666666666666,
  "ca_fixed_penalty": 1000.0,
  "ACT": 98.90471726190482,
  "AMS": 210.33280423280422,
  "AMS_mode": "avg",
  "downloaded_mb": 38203.0,
  "reused_mb": 25795.0,
  "reuse_rate": 0.40305947060845654,
  "objective_without_ca_penalty": 154.61876074735451,
  "objective": 396.28542741402117
}
============================================================
[RUN][lasa] drtp_img88_cacheonly_1024mb_120_seed42.json
{
  "algo": "lasa-online-k8sca",
  "num_containers": 120,
  "num_edge_containers": 95,
  "num_ca_containers": 25,
  "failed_deployments": 25,
  "fail_rate": 0.20833333333333334,
  "num_nodes": 8,
  "num_eval_nodes": 9,
  "resource_model": "online_cumulative_k8s_filter_no_release",
  "ca_model": "parallel_virtual_guarantee",
  "ca_bandwidth_mb_s": 70.0,
  "ca_extra_delay": 0.0,
  "ca_penalty": 208.33333333333334,
  "ca_fixed_penalty": 1000.0,
  "ACT": 103.05081349206347,
  "AMS": 209.83835978835975,
  "AMS_mode": "avg",
  "downloaded_mb": 43605.0,
  "reused_mb": 20393.0,
  "reuse_rate": 0.31865058283071346,
  "objective_without_ca_penalty": 156.4445866402116,
  "objective": 364.77791997354495
}
============================================================
[RUN][fg] drtp_img88_cacheonly_1024mb_120_seed101.json
{
  "algo": "fg-online-k8sca",
  "num_containers": 120,
  "num_edge_containers": 96,
  "num_ca_containers": 24,
  "failed_deployments": 24,
  "fail_rate": 0.2,
  "num_nodes": 8,
  "num_eval_nodes": 9,
  "resource_model": "online_cumulative_k8s_filter_no_release",
  "ca_model": "parallel_virtual_guarantee",
  "ca_bandwidth_mb_s": 70.0,
  "ca_extra_delay": 0.0,
  "ca_penalty": 200.0,
  "ca_fixed_penalty": 1000.0,
  "ACT": 102.90946924603178,
  "AMS": 214.00436507936507,
  "AMS_mode": "avg",
  "downloaded_mb": 33373.0,
  "reused_mb": 28678.0,
  "reuse_rate": 0.46216821646709966,
  "objective_without_ca_penalty": 158.45691716269843,
  "objective": 358.45691716269846
}
============================================================
[RUN][ilrsa] drtp_img88_cacheonly_1024mb_120_seed101.json
{
  "algo": "ilrsa-online-k8sca",
  "num_containers": 120,
  "num_edge_containers": 96,
  "num_ca_containers": 24,
  "failed_deployments": 24,
  "fail_rate": 0.2,
  "num_nodes": 8,
  "num_eval_nodes": 9,
  "resource_model": "online_cumulative_k8s_filter_no_release",
  "ca_model": "parallel_virtual_guarantee",
  "ca_bandwidth_mb_s": 70.0,
  "ca_extra_delay": 0.0,
  "ca_penalty": 200.0,
  "ca_fixed_penalty": 1000.0,
  "ACT": 115.4181150793651,
  "AMS": 221.2789021164021,
  "AMS_mode": "avg",
  "downloaded_mb": 38110.0,
  "reused_mb": 23941.0,
  "reuse_rate": 0.3858277868205186,
  "objective_without_ca_penalty": 168.3485085978836,
  "objective": 368.3485085978836
}
============================================================
[RUN][lrscheduler] drtp_img88_cacheonly_1024mb_120_seed101.json
{
  "algo": "lrscheduler-online-k8sca",
  "num_containers": 120,
  "num_edge_containers": 96,
  "num_ca_containers": 24,
  "failed_deployments": 24,
  "fail_rate": 0.2,
  "num_nodes": 8,
  "num_eval_nodes": 9,
  "resource_model": "online_cumulative_k8s_filter_no_release",
  "ca_model": "parallel_virtual_guarantee",
  "ca_bandwidth_mb_s": 70.0,
  "ca_extra_delay": 0.0,
  "ca_penalty": 200.0,
  "ca_fixed_penalty": 1000.0,
  "ACT": 102.82939980158727,
  "AMS": 209.81362433862438,
  "AMS_mode": "avg",
  "downloaded_mb": 30651.0,
  "reused_mb": 31433.0,
  "reuse_rate": 0.5062979189485214,
  "objective_without_ca_penalty": 156.32151207010583,
  "objective": 356.3215120701058
}
============================================================
[RUN][gahrl] drtp_img88_cacheonly_1024mb_120_seed101.json
{
  "algo": "gahrl-online-k8sca",
  "num_containers": 120,
  "num_edge_containers": 96,
  "num_ca_containers": 24,
  "failed_deployments": 24,
  "fail_rate": 0.2,
  "num_nodes": 8,
  "num_eval_nodes": 9,
  "resource_model": "online_cumulative_k8s_filter_no_release",
  "ca_model": "parallel_virtual_guarantee",
  "ca_bandwidth_mb_s": 70.0,
  "ca_extra_delay": 0.0,
  "ca_penalty": 200.0,
  "ca_fixed_penalty": 1000.0,
  "ACT": 98.05898313492065,
  "AMS": 204.8224206349206,
  "AMS_mode": "avg",
  "downloaded_mb": 27459.0,
  "reused_mb": 34625.0,
  "reuse_rate": 0.5577121319502609,
  "objective_without_ca_penalty": 151.44070188492063,
  "objective": 351.4407018849206
}
============================================================
[RUN][orr] drtp_img88_cacheonly_1024mb_120_seed101.json
{
  "algo": "orr-online-k8sca",
  "num_containers": 120,
  "num_edge_containers": 96,
  "num_ca_containers": 24,
  "failed_deployments": 24,
  "fail_rate": 0.2,
  "num_nodes": 8,
  "num_eval_nodes": 9,
  "resource_model": "online_cumulative_k8s_filter_no_release",
  "ca_model": "parallel_virtual_guarantee",
  "ca_bandwidth_mb_s": 70.0,
  "ca_extra_delay": 0.0,
  "ca_penalty": 200.0,
  "ca_fixed_penalty": 1000.0,
  "ACT": 107.78929563492056,
  "AMS": 219.11593915343914,
  "AMS_mode": "avg",
  "downloaded_mb": 36137.0,
  "reused_mb": 25947.0,
  "reuse_rate": 0.41793376715417824,
  "objective_without_ca_penalty": 163.45261739417987,
  "objective": 363.45261739417987
}
============================================================
[RUN][lasa] drtp_img88_cacheonly_1024mb_120_seed101.json
{
  "algo": "lasa-online-k8sca",
  "num_containers": 120,
  "num_edge_containers": 93,
  "num_ca_containers": 27,
  "failed_deployments": 27,
  "fail_rate": 0.225,
  "num_nodes": 8,
  "num_eval_nodes": 9,
  "resource_model": "online_cumulative_k8s_filter_no_release",
  "ca_model": "parallel_virtual_guarantee",
  "ca_bandwidth_mb_s": 70.0,
  "ca_extra_delay": 0.0,
  "ca_penalty": 225.0,
  "ca_fixed_penalty": 1000.0,
  "ACT": 99.09340773809524,
  "AMS": 203.6008597883598,
  "AMS_mode": "avg",
  "downloaded_mb": 43265.0,
  "reused_mb": 18819.0,
  "reuse_rate": 0.30312157721796273,
  "objective_without_ca_penalty": 151.34713376322753,
  "objective": 376.34713376322753
}
============================================================
[RUN][fg] drtp_img88_cacheonly_1024mb_120_seed202.json
{
  "algo": "fg-online-k8sca",
  "num_containers": 120,
  "num_edge_containers": 89,
  "num_ca_containers": 31,
  "failed_deployments": 31,
  "fail_rate": 0.25833333333333336,
  "num_nodes": 8,
  "num_eval_nodes": 9,
  "resource_model": "online_cumulative_k8s_filter_no_release",
  "ca_model": "parallel_virtual_guarantee",
  "ca_bandwidth_mb_s": 70.0,
  "ca_extra_delay": 0.0,
  "ca_penalty": 258.33333333333337,
  "ca_fixed_penalty": 1000.0,
  "ACT": 94.94089285714287,
  "AMS": 204.41230158730156,
  "AMS_mode": "avg",
  "downloaded_mb": 37338.0,
  "reused_mb": 28682.0,
  "reuse_rate": 0.43444410784610726,
  "objective_without_ca_penalty": 149.6765972222222,
  "objective": 408.00993055555557
}
============================================================
[RUN][ilrsa] drtp_img88_cacheonly_1024mb_120_seed202.json
{
  "algo": "ilrsa-online-k8sca",
  "num_containers": 120,
  "num_edge_containers": 90,
  "num_ca_containers": 30,
  "failed_deployments": 30,
  "fail_rate": 0.25,
  "num_nodes": 8,
  "num_eval_nodes": 9,
  "resource_model": "online_cumulative_k8s_filter_no_release",
  "ca_model": "parallel_virtual_guarantee",
  "ca_bandwidth_mb_s": 70.0,
  "ca_extra_delay": 0.0,
  "ca_penalty": 250.0,
  "ca_fixed_penalty": 1000.0,
  "ACT": 105.10762896825395,
  "AMS": 213.68267195767191,
  "AMS_mode": "avg",
  "downloaded_mb": 42933.0,
  "reused_mb": 23087.0,
  "reuse_rate": 0.3496970614965162,
  "objective_without_ca_penalty": 159.39515046296293,
  "objective": 409.39515046296293
}
============================================================
[RUN][lrscheduler] drtp_img88_cacheonly_1024mb_120_seed202.json
{
  "algo": "lrscheduler-online-k8sca",
  "num_containers": 120,
  "num_edge_containers": 89,
  "num_ca_containers": 31,
  "failed_deployments": 31,
  "fail_rate": 0.25833333333333336,
  "num_nodes": 8,
  "num_eval_nodes": 9,
  "resource_model": "online_cumulative_k8s_filter_no_release",
  "ca_model": "parallel_virtual_guarantee",
  "ca_bandwidth_mb_s": 70.0,
  "ca_extra_delay": 0.0,
  "ca_penalty": 258.33333333333337,
  "ca_fixed_penalty": 1000.0,
  "ACT": 95.60592757936512,
  "AMS": 197.12665343915344,
  "AMS_mode": "avg",
  "downloaded_mb": 33630.0,
  "reused_mb": 32429.0,
  "reuse_rate": 0.49090964138118953,
  "objective_without_ca_penalty": 146.36629050925927,
  "objective": 404.69962384259264
}
============================================================
[RUN][gahrl] drtp_img88_cacheonly_1024mb_120_seed202.json
{
  "algo": "gahrl-online-k8sca",
  "num_containers": 120,
  "num_edge_containers": 90,
  "num_ca_containers": 30,
  "failed_deployments": 30,
  "fail_rate": 0.25,
  "num_nodes": 8,
  "num_eval_nodes": 9,
  "resource_model": "online_cumulative_k8s_filter_no_release",
  "ca_model": "parallel_virtual_guarantee",
  "ca_bandwidth_mb_s": 70.0,
  "ca_extra_delay": 0.0,
  "ca_penalty": 250.0,
  "ca_fixed_penalty": 1000.0,
  "ACT": 96.02474702380951,
  "AMS": 196.7007275132275,
  "AMS_mode": "avg",
  "downloaded_mb": 33029.0,
  "reused_mb": 33030.0,
  "reuse_rate": 0.5000075689913562,
  "objective_without_ca_penalty": 146.36273726851852,
  "objective": 396.3627372685185
}
============================================================
[RUN][orr] drtp_img88_cacheonly_1024mb_120_seed202.json
{
  "algo": "orr-online-k8sca",
  "num_containers": 120,
  "num_edge_containers": 91,
  "num_ca_containers": 29,
  "failed_deployments": 29,
  "fail_rate": 0.24166666666666667,
  "num_nodes": 8,
  "num_eval_nodes": 9,
  "resource_model": "online_cumulative_k8s_filter_no_release",
  "ca_model": "parallel_virtual_guarantee",
  "ca_bandwidth_mb_s": 70.0,
  "ca_extra_delay": 0.0,
  "ca_penalty": 241.66666666666666,
  "ca_fixed_penalty": 1000.0,
  "ACT": 101.70403769841272,
  "AMS": 209.12526455026455,
  "AMS_mode": "avg",
  "downloaded_mb": 39097.0,
  "reused_mb": 26962.0,
  "reuse_rate": 0.40815028989236896,
  "objective_without_ca_penalty": 155.41465112433863,
  "objective": 397.0813177910053
}
============================================================
[RUN][lasa] drtp_img88_cacheonly_1024mb_120_seed202.json
{
  "algo": "lasa-online-k8sca",
  "num_containers": 120,
  "num_edge_containers": 92,
  "num_ca_containers": 28,
  "failed_deployments": 28,
  "fail_rate": 0.23333333333333334,
  "num_nodes": 8,
  "num_eval_nodes": 9,
  "resource_model": "online_cumulative_k8s_filter_no_release",
  "ca_model": "parallel_virtual_guarantee",
  "ca_bandwidth_mb_s": 70.0,
  "ca_extra_delay": 0.0,
  "ca_penalty": 233.33333333333334,
  "ca_fixed_penalty": 1000.0,
  "ACT": 101.84260416666672,
  "AMS": 199.96798941798943,
  "AMS_mode": "avg",
  "downloaded_mb": 44019.0,
  "reused_mb": 22040.0,
  "reuse_rate": 0.3336411389818193,
  "objective_without_ca_penalty": 150.90529679232807,
  "objective": 384.2386301256614
}
============================================================
[RUN][fg] drtp_img88_cacheonly_1024mb_140_seed42.json
{
  "algo": "fg-online-k8sca",
  "num_containers": 140,
  "num_edge_containers": 92,
  "num_ca_containers": 48,
  "failed_deployments": 48,
  "fail_rate": 0.34285714285714286,
  "num_nodes": 8,
  "num_eval_nodes": 9,
  "resource_model": "online_cumulative_k8s_filter_no_release",
  "ca_model": "parallel_virtual_guarantee",
  "ca_bandwidth_mb_s": 70.0,
  "ca_extra_delay": 0.0,
  "ca_penalty": 342.85714285714283,
  "ca_fixed_penalty": 1000.0,
  "ACT": 87.23608418367355,
  "AMS": 209.30489417989418,
  "AMS_mode": "avg",
  "downloaded_mb": 47844.0,
  "reused_mb": 26896.0,
  "reuse_rate": 0.35986085094995984,
  "objective_without_ca_penalty": 148.27048918178386,
  "objective": 491.12763203892666
}
============================================================
[RUN][ilrsa] drtp_img88_cacheonly_1024mb_140_seed42.json
{
  "algo": "ilrsa-online-k8sca",
  "num_containers": 140,
  "num_edge_containers": 91,
  "num_ca_containers": 49,
  "failed_deployments": 49,
  "fail_rate": 0.35,
  "num_nodes": 8,
  "num_eval_nodes": 9,
  "resource_model": "online_cumulative_k8s_filter_no_release",
  "ca_model": "parallel_virtual_guarantee",
  "ca_bandwidth_mb_s": 70.0,
  "ca_extra_delay": 0.0,
  "ca_penalty": 350.0,
  "ca_fixed_penalty": 1000.0,
  "ACT": 96.55107142857143,
  "AMS": 213.28915343915344,
  "AMS_mode": "avg",
  "downloaded_mb": 50305.0,
  "reused_mb": 24434.0,
  "reuse_rate": 0.3269243634514778,
  "objective_without_ca_penalty": 154.92011243386244,
  "objective": 504.9201124338624
}
============================================================
[RUN][lrscheduler] drtp_img88_cacheonly_1024mb_140_seed42.json
{
  "algo": "lrscheduler-online-k8sca",
  "num_containers": 140,
  "num_edge_containers": 91,
  "num_ca_containers": 49,
  "failed_deployments": 49,
  "fail_rate": 0.35,
  "num_nodes": 8,
  "num_eval_nodes": 9,
  "resource_model": "online_cumulative_k8s_filter_no_release",
  "ca_model": "parallel_virtual_guarantee",
  "ca_bandwidth_mb_s": 70.0,
  "ca_extra_delay": 0.0,
  "ca_penalty": 350.0,
  "ca_fixed_penalty": 1000.0,
  "ACT": 89.63056547619045,
  "AMS": 208.36415343915345,
  "AMS_mode": "avg",
  "downloaded_mb": 47333.0,
  "reused_mb": 27443.0,
  "reuse_rate": 0.3670027816411683,
  "objective_without_ca_penalty": 148.99735945767196,
  "objective": 498.99735945767196
}
============================================================
[RUN][gahrl] drtp_img88_cacheonly_1024mb_140_seed42.json
{
  "algo": "gahrl-online-k8sca",
  "num_containers": 140,
  "num_edge_containers": 91,
  "num_ca_containers": 49,
  "failed_deployments": 49,
  "fail_rate": 0.35,
  "num_nodes": 8,
  "num_eval_nodes": 9,
  "resource_model": "online_cumulative_k8s_filter_no_release",
  "ca_model": "parallel_virtual_guarantee",
  "ca_bandwidth_mb_s": 70.0,
  "ca_extra_delay": 0.0,
  "ca_penalty": 350.0,
  "ca_fixed_penalty": 1000.0,
  "ACT": 85.12690476190475,
  "AMS": 201.07387566137564,
  "AMS_mode": "avg",
  "downloaded_mb": 42554.0,
  "reused_mb": 32222.0,
  "reuse_rate": 0.43091366213758425,
  "objective_without_ca_penalty": 143.1003902116402,
  "objective": 493.10039021164016
}
============================================================
[RUN][orr] drtp_img88_cacheonly_1024mb_140_seed42.json
{
  "algo": "orr-online-k8sca",
  "num_containers": 140,
  "num_edge_containers": 91,
  "num_ca_containers": 49,
  "failed_deployments": 49,
  "fail_rate": 0.35,
  "num_nodes": 8,
  "num_eval_nodes": 9,
  "resource_model": "online_cumulative_k8s_filter_no_release",
  "ca_model": "parallel_virtual_guarantee",
  "ca_bandwidth_mb_s": 70.0,
  "ca_extra_delay": 0.0,
  "ca_penalty": 350.0,
  "ca_fixed_penalty": 1000.0,
  "ACT": 88.25383928571435,
  "AMS": 210.6280423280423,
  "AMS_mode": "avg",
  "downloaded_mb": 48981.0,
  "reused_mb": 25795.0,
  "reuse_rate": 0.3449636246924147,
  "objective_without_ca_penalty": 149.44094080687833,
  "objective": 499.4409408068783
}
============================================================
[RUN][lasa] drtp_img88_cacheonly_1024mb_140_seed42.json
{
  "algo": "lasa-online-k8sca",
  "num_containers": 140,
  "num_edge_containers": 96,
  "num_ca_containers": 44,
  "failed_deployments": 44,
  "fail_rate": 0.3142857142857143,
  "num_nodes": 8,
  "num_eval_nodes": 9,
  "resource_model": "online_cumulative_k8s_filter_no_release",
  "ca_model": "parallel_virtual_guarantee",
  "ca_bandwidth_mb_s": 70.0,
  "ca_extra_delay": 0.0,
  "ca_penalty": 314.2857142857143,
  "ca_fixed_penalty": 1000.0,
  "ACT": 95.6793537414966,
  "AMS": 207.15456349206352,
  "AMS_mode": "avg",
  "downloaded_mb": 59421.0,
  "reused_mb": 15355.0,
  "reuse_rate": 0.20534663528404837,
  "objective_without_ca_penalty": 151.41695861678005,
  "objective": 465.7026729024943
}
============================================================
[RUN][fg] drtp_img88_cacheonly_1024mb_140_seed101.json
{
  "algo": "fg-online-k8sca",
  "num_containers": 140,
  "num_edge_containers": 96,
  "num_ca_containers": 44,
  "failed_deployments": 44,
  "fail_rate": 0.3142857142857143,
  "num_nodes": 8,
  "num_eval_nodes": 9,
  "resource_model": "online_cumulative_k8s_filter_no_release",
  "ca_model": "parallel_virtual_guarantee",
  "ca_bandwidth_mb_s": 70.0,
  "ca_extra_delay": 0.0,
  "ca_penalty": 314.2857142857143,
  "ca_fixed_penalty": 1000.0,
  "ACT": 91.54872874149663,
  "AMS": 214.00436507936507,
  "AMS_mode": "avg",
  "downloaded_mb": 43781.0,
  "reused_mb": 28678.0,
  "reuse_rate": 0.3957824424847155,
  "objective_without_ca_penalty": 152.77654691043085,
  "objective": 467.06226119614513
}
============================================================
[RUN][ilrsa] drtp_img88_cacheonly_1024mb_140_seed101.json
{
  "algo": "ilrsa-online-k8sca",
  "num_containers": 140,
  "num_edge_containers": 96,
  "num_ca_containers": 44,
  "failed_deployments": 44,
  "fail_rate": 0.3142857142857143,
  "num_nodes": 8,
  "num_eval_nodes": 9,
  "resource_model": "online_cumulative_k8s_filter_no_release",
  "ca_model": "parallel_virtual_guarantee",
  "ca_bandwidth_mb_s": 70.0,
  "ca_extra_delay": 0.0,
  "ca_penalty": 314.2857142857143,
  "ca_fixed_penalty": 1000.0,
  "ACT": 103.2327763605442,
  "AMS": 220.71640211640215,
  "AMS_mode": "avg",
  "downloaded_mb": 47680.0,
  "reused_mb": 24779.0,
  "reuse_rate": 0.3419727018037787,
  "objective_without_ca_penalty": 161.9745892384732,
  "objective": 476.26030352418746
}
============================================================
[RUN][lrscheduler] drtp_img88_cacheonly_1024mb_140_seed101.json
{
  "algo": "lrscheduler-online-k8sca",
  "num_containers": 140,
  "num_edge_containers": 96,
  "num_ca_containers": 44,
  "failed_deployments": 44,
  "fail_rate": 0.3142857142857143,
  "num_nodes": 8,
  "num_eval_nodes": 9,
  "resource_model": "online_cumulative_k8s_filter_no_release",
  "ca_model": "parallel_virtual_guarantee",
  "ca_bandwidth_mb_s": 70.0,
  "ca_extra_delay": 0.0,
  "ca_penalty": 314.2857142857143,
  "ca_fixed_penalty": 1000.0,
  "ACT": 91.75664540816324,
  "AMS": 209.87010582010583,
  "AMS_mode": "avg",
  "downloaded_mb": 41422.0,
  "reused_mb": 31070.0,
  "reuse_rate": 0.4285990178226563,
  "objective_without_ca_penalty": 150.81337561413454,
  "objective": 465.0990898998488
}
============================================================
[RUN][gahrl] drtp_img88_cacheonly_1024mb_140_seed101.json
{
  "algo": "gahrl-online-k8sca",
  "num_containers": 140,
  "num_edge_containers": 97,
  "num_ca_containers": 43,
  "failed_deployments": 43,
  "fail_rate": 0.30714285714285716,
  "num_nodes": 8,
  "num_eval_nodes": 9,
  "resource_model": "online_cumulative_k8s_filter_no_release",
  "ca_model": "parallel_virtual_guarantee",
  "ca_bandwidth_mb_s": 70.0,
  "ca_extra_delay": 0.0,
  "ca_penalty": 307.14285714285717,
  "ca_fixed_penalty": 1000.0,
  "ACT": 91.56176020408171,
  "AMS": 209.78955026455026,
  "AMS_mode": "avg",
  "downloaded_mb": 38795.0,
  "reused_mb": 33697.0,
  "reuse_rate": 0.46483749931026874,
  "objective_without_ca_penalty": 150.67565523431597,
  "objective": 457.81851237717314
}
============================================================
[RUN][orr] drtp_img88_cacheonly_1024mb_140_seed101.json
{
  "algo": "orr-online-k8sca",
  "num_containers": 140,
  "num_edge_containers": 96,
  "num_ca_containers": 44,
  "failed_deployments": 44,
  "fail_rate": 0.3142857142857143,
  "num_nodes": 8,
  "num_eval_nodes": 9,
  "resource_model": "online_cumulative_k8s_filter_no_release",
  "ca_model": "parallel_virtual_guarantee",
  "ca_bandwidth_mb_s": 70.0,
  "ca_extra_delay": 0.0,
  "ca_penalty": 314.2857142857143,
  "ca_fixed_penalty": 1000.0,
  "ACT": 95.73143707482988,
  "AMS": 219.11593915343914,
  "AMS_mode": "avg",
  "downloaded_mb": 46545.0,
  "reused_mb": 25947.0,
  "reuse_rate": 0.3579291508028472,
  "objective_without_ca_penalty": 157.4236881141345,
  "objective": 471.7094023998488
}
============================================================
[RUN][lasa] drtp_img88_cacheonly_1024mb_140_seed101.json
{
  "algo": "lasa-online-k8sca",
  "num_containers": 140,
  "num_edge_containers": 95,
  "num_ca_containers": 45,
  "failed_deployments": 45,
  "fail_rate": 0.32142857142857145,
  "num_nodes": 8,
  "num_eval_nodes": 9,
  "resource_model": "online_cumulative_k8s_filter_no_release",
  "ca_model": "parallel_virtual_guarantee",
  "ca_bandwidth_mb_s": 70.0,
  "ca_extra_delay": 0.0,
  "ca_penalty": 321.42857142857144,
  "ca_fixed_penalty": 1000.0,
  "ACT": 90.14119897959186,
  "AMS": 196.39927248677247,
  "AMS_mode": "avg",
  "downloaded_mb": 53488.0,
  "reused_mb": 19004.0,
  "reuse_rate": 0.2621530651658114,
  "objective_without_ca_penalty": 143.27023573318218,
  "objective": 464.6988071617536
}
============================================================
[RUN][fg] drtp_img88_cacheonly_1024mb_140_seed202.json
{
  "algo": "fg-online-k8sca",
  "num_containers": 140,
  "num_edge_containers": 89,
  "num_ca_containers": 51,
  "failed_deployments": 51,
  "fail_rate": 0.36428571428571427,
  "num_nodes": 8,
  "num_eval_nodes": 9,
  "resource_model": "online_cumulative_k8s_filter_no_release",
  "ca_model": "parallel_virtual_guarantee",
  "ca_bandwidth_mb_s": 70.0,
  "ca_extra_delay": 0.0,
  "ca_penalty": 364.2857142857143,
  "ca_fixed_penalty": 1000.0,
  "ACT": 84.32037414965987,
  "AMS": 201.12711640211637,
  "AMS_mode": "avg",
  "downloaded_mb": 43994.0,
  "reused_mb": 30456.0,
  "reuse_rate": 0.40907991940899935,
  "objective_without_ca_penalty": 142.72374527588812,
  "objective": 507.0094595616024
}
============================================================
[RUN][ilrsa] drtp_img88_cacheonly_1024mb_140_seed202.json
{
  "algo": "ilrsa-online-k8sca",
  "num_containers": 140,
  "num_edge_containers": 89,
  "num_ca_containers": 51,
  "failed_deployments": 51,
  "fail_rate": 0.36428571428571427,
  "num_nodes": 8,
  "num_eval_nodes": 9,
  "resource_model": "online_cumulative_k8s_filter_no_release",
  "ca_model": "parallel_virtual_guarantee",
  "ca_bandwidth_mb_s": 70.0,
  "ca_extra_delay": 0.0,
  "ca_penalty": 364.2857142857143,
  "ca_fixed_penalty": 1000.0,
  "ACT": 91.23102891156462,
  "AMS": 210.6808201058201,
  "AMS_mode": "avg",
  "downloaded_mb": 50455.0,
  "reused_mb": 23995.0,
  "reuse_rate": 0.32229684351914034,
  "objective_without_ca_penalty": 150.95592450869236,
  "objective": 515.2416387944066
}
============================================================
[RUN][lrscheduler] drtp_img88_cacheonly_1024mb_140_seed202.json
{
  "algo": "lrscheduler-online-k8sca",
  "num_containers": 140,
  "num_edge_containers": 89,
  "num_ca_containers": 51,
  "failed_deployments": 51,
  "fail_rate": 0.36428571428571427,
  "num_nodes": 8,
  "num_eval_nodes": 9,
  "resource_model": "online_cumulative_k8s_filter_no_release",
  "ca_model": "parallel_virtual_guarantee",
  "ca_bandwidth_mb_s": 70.0,
  "ca_extra_delay": 0.0,
  "ca_penalty": 364.2857142857143,
  "ca_fixed_penalty": 1000.0,
  "ACT": 85.19385629251704,
  "AMS": 197.12665343915344,
  "AMS_mode": "avg",
  "downloaded_mb": 42060.0,
  "reused_mb": 32429.0,
  "reuse_rate": 0.435352870893689,
  "objective_without_ca_penalty": 141.16025486583524,
  "objective": 505.44596915154955
}
============================================================
[RUN][gahrl] drtp_img88_cacheonly_1024mb_140_seed202.json
{
  "algo": "gahrl-online-k8sca",
  "num_containers": 140,
  "num_edge_containers": 90,
  "num_ca_containers": 50,
  "failed_deployments": 50,
  "fail_rate": 0.35714285714285715,
  "num_nodes": 8,
  "num_eval_nodes": 9,
  "resource_model": "online_cumulative_k8s_filter_no_release",
  "ca_model": "parallel_virtual_guarantee",
  "ca_bandwidth_mb_s": 70.0,
  "ca_extra_delay": 0.0,
  "ca_penalty": 357.14285714285717,
  "ca_fixed_penalty": 1000.0,
  "ACT": 86.54073129251697,
  "AMS": 196.1553571428571,
  "AMS_mode": "avg",
  "downloaded_mb": 40844.0,
  "reused_mb": 33645.0,
  "reuse_rate": 0.4516774288821168,
  "objective_without_ca_penalty": 141.34804421768703,
  "objective": 498.49090136054417
}
============================================================
[RUN][orr] drtp_img88_cacheonly_1024mb_140_seed202.json
{
  "algo": "orr-online-k8sca",
  "num_containers": 140,
  "num_edge_containers": 91,
  "num_ca_containers": 49,
  "failed_deployments": 49,
  "fail_rate": 0.35,
  "num_nodes": 8,
  "num_eval_nodes": 9,
  "resource_model": "online_cumulative_k8s_filter_no_release",
  "ca_model": "parallel_virtual_guarantee",
  "ca_bandwidth_mb_s": 70.0,
  "ca_extra_delay": 0.0,
  "ca_penalty": 350.0,
  "ca_fixed_penalty": 1000.0,
  "ACT": 90.42080782312927,
  "AMS": 209.12526455026455,
  "AMS_mode": "avg",
  "downloaded_mb": 47527.0,
  "reused_mb": 26962.0,
  "reuse_rate": 0.3619594839506504,
  "objective_without_ca_penalty": 149.7730361866969,
  "objective": 499.7730361866969
}
============================================================
[RUN][lasa] drtp_img88_cacheonly_1024mb_140_seed202.json
{
  "algo": "lasa-online-k8sca",
  "num_containers": 140,
  "num_edge_containers": 95,
  "num_ca_containers": 45,
  "failed_deployments": 45,
  "fail_rate": 0.32142857142857145,
  "num_nodes": 8,
  "num_eval_nodes": 9,
  "resource_model": "online_cumulative_k8s_filter_no_release",
  "ca_model": "parallel_virtual_guarantee",
  "ca_bandwidth_mb_s": 70.0,
  "ca_extra_delay": 0.0,
  "ca_penalty": 321.42857142857144,
  "ca_fixed_penalty": 1000.0,
  "ACT": 95.31905612244897,
  "AMS": 202.44001322751325,
  "AMS_mode": "avg",
  "downloaded_mb": 56722.0,
  "reused_mb": 17767.0,
  "reuse_rate": 0.23851843896414235,
  "objective_without_ca_penalty": 148.8795346749811,
  "objective": 470.3081061035525
}
============================================================
[RUN][fg] drtp_img88_cacheonly_1024mb_160_seed42.json
{
  "algo": "fg-online-k8sca",
  "num_containers": 160,
  "num_edge_containers": 92,
  "num_ca_containers": 68,
  "failed_deployments": 68,
  "fail_rate": 0.425,
  "num_nodes": 8,
  "num_eval_nodes": 9,
  "resource_model": "online_cumulative_k8s_filter_no_release",
  "ca_model": "parallel_virtual_guarantee",
  "ca_bandwidth_mb_s": 70.0,
  "ca_extra_delay": 0.0,
  "ca_penalty": 425.0,
  "ca_fixed_penalty": 1000.0,
  "ACT": 79.34585937500009,
  "AMS": 209.30489417989418,
  "AMS_mode": "avg",
  "downloaded_mb": 57874.0,
  "reused_mb": 26896.0,
  "reuse_rate": 0.31728205733160314,
  "objective_without_ca_penalty": 144.32537677744713,
  "objective": 569.3253767774471
}
============================================================
[RUN][ilrsa] drtp_img88_cacheonly_1024mb_160_seed42.json
{
  "algo": "ilrsa-online-k8sca",
  "num_containers": 160,
  "num_edge_containers": 92,
  "num_ca_containers": 68,
  "failed_deployments": 68,
  "fail_rate": 0.425,
  "num_nodes": 8,
  "num_eval_nodes": 9,
  "resource_model": "online_cumulative_k8s_filter_no_release",
  "ca_model": "parallel_virtual_guarantee",
  "ca_bandwidth_mb_s": 70.0,
  "ca_extra_delay": 0.0,
  "ca_penalty": 425.0,
  "ca_fixed_penalty": 1000.0,
  "ACT": 89.9113020833334,
  "AMS": 216.93128306878305,
  "AMS_mode": "avg",
  "downloaded_mb": 61470.0,
  "reused_mb": 23300.0,
  "reuse_rate": 0.27486138964256224,
  "objective_without_ca_penalty": 153.42129257605822,
  "objective": 578.4212925760582
}
============================================================
[RUN][lrscheduler] drtp_img88_cacheonly_1024mb_160_seed42.json
{
  "algo": "lrscheduler-online-k8sca",
  "num_containers": 160,
  "num_edge_containers": 91,
  "num_ca_containers": 69,
  "failed_deployments": 69,
  "fail_rate": 0.43125,
  "num_nodes": 8,
  "num_eval_nodes": 9,
  "resource_model": "online_cumulative_k8s_filter_no_release",
  "ca_model": "parallel_virtual_guarantee",
  "ca_bandwidth_mb_s": 70.0,
  "ca_extra_delay": 0.0,
  "ca_penalty": 431.25,
  "ca_fixed_penalty": 1000.0,
  "ACT": 81.44103050595238,
  "AMS": 208.36415343915345,
  "AMS_mode": "avg",
  "downloaded_mb": 57363.0,
  "reused_mb": 27443.0,
  "reuse_rate": 0.32359738697733653,
  "objective_without_ca_penalty": 144.90259197255293,
  "objective": 576.152591972553
}
============================================================
[RUN][gahrl] drtp_img88_cacheonly_1024mb_160_seed42.json
{
  "algo": "gahrl-online-k8sca",
  "num_containers": 160,
  "num_edge_containers": 91,
  "num_ca_containers": 69,
  "failed_deployments": 69,
  "fail_rate": 0.43125,
  "num_nodes": 8,
  "num_eval_nodes": 9,
  "resource_model": "online_cumulative_k8s_filter_no_release",
  "ca_model": "parallel_virtual_guarantee",
  "ca_bandwidth_mb_s": 70.0,
  "ca_extra_delay": 0.0,
  "ca_penalty": 431.25,
  "ca_fixed_penalty": 1000.0,
  "ACT": 77.50032738095238,
  "AMS": 201.07387566137564,
  "AMS_mode": "avg",
  "downloaded_mb": 52584.0,
  "reused_mb": 32222.0,
  "reuse_rate": 0.37994953187274483,
  "objective_without_ca_penalty": 139.287101521164,
  "objective": 570.537101521164
}
============================================================
[RUN][orr] drtp_img88_cacheonly_1024mb_160_seed42.json
{
  "algo": "orr-online-k8sca",
  "num_containers": 160,
  "num_edge_containers": 91,
  "num_ca_containers": 69,
  "failed_deployments": 69,
  "fail_rate": 0.43125,
  "num_nodes": 8,
  "num_eval_nodes": 9,
  "resource_model": "online_cumulative_k8s_filter_no_release",
  "ca_model": "parallel_virtual_guarantee",
  "ca_bandwidth_mb_s": 70.0,
  "ca_extra_delay": 0.0,
  "ca_penalty": 431.25,
  "ca_fixed_penalty": 1000.0,
  "ACT": 80.85764508928575,
  "AMS": 213.7521164021164,
  "AMS_mode": "avg",
  "downloaded_mb": 60865.0,
  "reused_mb": 23941.0,
  "reuse_rate": 0.2823031389288494,
  "objective_without_ca_penalty": 147.30488074570107,
  "objective": 578.5548807457011
}
============================================================
[RUN][lasa] drtp_img88_cacheonly_1024mb_160_seed42.json
{
  "algo": "lasa-online-k8sca",
  "num_containers": 160,
  "num_edge_containers": 101,
  "num_ca_containers": 59,
  "failed_deployments": 59,
  "fail_rate": 0.36875,
  "num_nodes": 8,
  "num_eval_nodes": 9,
  "resource_model": "online_cumulative_k8s_filter_no_release",
  "ca_model": "parallel_virtual_guarantee",
  "ca_bandwidth_mb_s": 70.0,
  "ca_extra_delay": 0.0,
  "ca_penalty": 368.75,
  "ca_fixed_penalty": 1000.0,
  "ACT": 91.84764136904757,
  "AMS": 208.5691798941799,
  "AMS_mode": "avg",
  "downloaded_mb": 67822.0,
  "reused_mb": 16984.0,
  "reuse_rate": 0.2002688489022003,
  "objective_without_ca_penalty": 150.20841063161373,
  "objective": 518.9584106316138
}
============================================================
[RUN][fg] drtp_img88_cacheonly_1024mb_160_seed101.json
{
  "algo": "fg-online-k8sca",
  "num_containers": 160,
  "num_edge_containers": 96,
  "num_ca_containers": 64,
  "failed_deployments": 64,
  "fail_rate": 0.4,
  "num_nodes": 8,
  "num_eval_nodes": 9,
  "resource_model": "online_cumulative_k8s_filter_no_release",
  "ca_model": "parallel_virtual_guarantee",
  "ca_bandwidth_mb_s": 70.0,
  "ca_extra_delay": 0.0,
  "ca_penalty": 400.0,
  "ca_fixed_penalty": 1000.0,
  "ACT": 83.20299479166673,
  "AMS": 214.00436507936507,
  "AMS_mode": "avg",
  "downloaded_mb": 56567.0,
  "reused_mb": 28678.0,
  "reuse_rate": 0.3364185582732125,
  "objective_without_ca_penalty": 148.6036799355159,
  "objective": 548.6036799355159
}
============================================================
[RUN][ilrsa] drtp_img88_cacheonly_1024mb_160_seed101.json
{
  "algo": "ilrsa-online-k8sca",
  "num_containers": 160,
  "num_edge_containers": 96,
  "num_ca_containers": 64,
  "failed_deployments": 64,
  "fail_rate": 0.4,
  "num_nodes": 8,
  "num_eval_nodes": 9,
  "resource_model": "online_cumulative_k8s_filter_no_release",
  "ca_model": "parallel_virtual_guarantee",
  "ca_bandwidth_mb_s": 70.0,
  "ca_extra_delay": 0.0,
  "ca_penalty": 400.0,
  "ca_fixed_penalty": 1000.0,
  "ACT": 89.28341145833336,
  "AMS": 217.70343915343912,
  "AMS_mode": "avg",
  "downloaded_mb": 59134.0,
  "reused_mb": 26111.0,
  "reuse_rate": 0.3063053551527949,
  "objective_without_ca_penalty": 153.49342530588623,
  "objective": 553.4934253058863
}
============================================================
[RUN][lrscheduler] drtp_img88_cacheonly_1024mb_160_seed101.json
{
  "algo": "lrscheduler-online-k8sca",
  "num_containers": 160,
  "num_edge_containers": 96,
  "num_ca_containers": 64,
  "failed_deployments": 64,
  "fail_rate": 0.4,
  "num_nodes": 8,
  "num_eval_nodes": 9,
  "resource_model": "online_cumulative_k8s_filter_no_release",
  "ca_model": "parallel_virtual_guarantee",
  "ca_bandwidth_mb_s": 70.0,
  "ca_extra_delay": 0.0,
  "ca_penalty": 400.0,
  "ca_fixed_penalty": 1000.0,
  "ACT": 83.384921875,
  "AMS": 209.87010582010583,
  "AMS_mode": "avg",
  "downloaded_mb": 54208.0,
  "reused_mb": 31070.0,
  "reuse_rate": 0.3643378128004878,
  "objective_without_ca_penalty": 146.6275138475529,
  "objective": 546.6275138475529
}
============================================================
[RUN][gahrl] drtp_img88_cacheonly_1024mb_160_seed101.json
{
  "algo": "gahrl-online-k8sca",
  "num_containers": 160,
  "num_edge_containers": 97,
  "num_ca_containers": 63,
  "failed_deployments": 63,
  "fail_rate": 0.39375,
  "num_nodes": 8,
  "num_eval_nodes": 9,
  "resource_model": "online_cumulative_k8s_filter_no_release",
  "ca_model": "parallel_virtual_guarantee",
  "ca_bandwidth_mb_s": 70.0,
  "ca_extra_delay": 0.0,
  "ca_penalty": 393.75,
  "ca_fixed_penalty": 1000.0,
  "ACT": 83.21439732142866,
  "AMS": 209.78955026455026,
  "AMS_mode": "avg",
  "downloaded_mb": 51581.0,
  "reused_mb": 33697.0,
  "reuse_rate": 0.395142944252914,
  "objective_without_ca_penalty": 146.50197379298947,
  "objective": 540.2519737929895
}
============================================================
[RUN][orr] drtp_img88_cacheonly_1024mb_160_seed101.json
{
  "algo": "orr-online-k8sca",
  "num_containers": 160,
  "num_edge_containers": 96,
  "num_ca_containers": 64,
  "failed_deployments": 64,
  "fail_rate": 0.4,
  "num_nodes": 8,
  "num_eval_nodes": 9,
  "resource_model": "online_cumulative_k8s_filter_no_release",
  "ca_model": "parallel_virtual_guarantee",
  "ca_bandwidth_mb_s": 70.0,
  "ca_extra_delay": 0.0,
  "ca_penalty": 400.0,
  "ca_fixed_penalty": 1000.0,
  "ACT": 86.8628645833333,
  "AMS": 219.11593915343914,
  "AMS_mode": "avg",
  "downloaded_mb": 59331.0,
  "reused_mb": 25947.0,
  "reuse_rate": 0.3042637022444241,
  "objective_without_ca_penalty": 152.9894018683862,
  "objective": 552.9894018683863
}
============================================================
[RUN][lasa] drtp_img88_cacheonly_1024mb_160_seed101.json
{
  "algo": "lasa-online-k8sca",
  "num_containers": 160,
  "num_edge_containers": 96,
  "num_ca_containers": 64,
  "failed_deployments": 64,
  "fail_rate": 0.4,
  "num_nodes": 8,
  "num_eval_nodes": 9,
  "resource_model": "online_cumulative_k8s_filter_no_release",
  "ca_model": "parallel_virtual_guarantee",
  "ca_bandwidth_mb_s": 70.0,
  "ca_extra_delay": 0.0,
  "ca_penalty": 400.0,
  "ca_fixed_penalty": 1000.0,
  "ACT": 83.32266369047619,
  "AMS": 195.16917989417985,
  "AMS_mode": "avg",
  "downloaded_mb": 68365.0,
  "reused_mb": 16913.0,
  "reuse_rate": 0.1983278219470438,
  "objective_without_ca_penalty": 139.24592179232803,
  "objective": 539.2459217923281
}
============================================================
[RUN][fg] drtp_img88_cacheonly_1024mb_160_seed202.json
{
  "algo": "fg-online-k8sca",
  "num_containers": 160,
  "num_edge_containers": 89,
  "num_ca_containers": 71,
  "failed_deployments": 71,
  "fail_rate": 0.44375,
  "num_nodes": 8,
  "num_eval_nodes": 9,
  "resource_model": "online_cumulative_k8s_filter_no_release",
  "ca_model": "parallel_virtual_guarantee",
  "ca_bandwidth_mb_s": 70.0,
  "ca_extra_delay": 0.0,
  "ca_penalty": 443.75,
  "ca_fixed_penalty": 1000.0,
  "ACT": 77.12406250000001,
  "AMS": 204.41230158730156,
  "AMS_mode": "avg",
  "downloaded_mb": 57284.0,
  "reused_mb": 28682.0,
  "reuse_rate": 0.33364353348998443,
  "objective_without_ca_penalty": 140.76818204365077,
  "objective": 584.5181820436508
}
============================================================
[RUN][ilrsa] drtp_img88_cacheonly_1024mb_160_seed202.json
{
  "algo": "ilrsa-online-k8sca",
  "num_containers": 160,
  "num_edge_containers": 90,
  "num_ca_containers": 70,
  "failed_deployments": 70,
  "fail_rate": 0.4375,
  "num_nodes": 8,
  "num_eval_nodes": 9,
  "resource_model": "online_cumulative_k8s_filter_no_release",
  "ca_model": "parallel_virtual_guarantee",
  "ca_bandwidth_mb_s": 70.0,
  "ca_extra_delay": 0.0,
  "ca_penalty": 437.5,
  "ca_fixed_penalty": 1000.0,
  "ACT": 82.58044270833332,
  "AMS": 207.6428571428571,
  "AMS_mode": "avg",
  "downloaded_mb": 59145.0,
  "reused_mb": 26821.0,
  "reuse_rate": 0.31199544005769725,
  "objective_without_ca_penalty": 145.1116499255952,
  "objective": 582.6116499255952
}
============================================================
[RUN][lrscheduler] drtp_img88_cacheonly_1024mb_160_seed202.json
{
  "algo": "lrscheduler-online-k8sca",
  "num_containers": 160,
  "num_edge_containers": 89,
  "num_ca_containers": 71,
  "failed_deployments": 71,
  "fail_rate": 0.44375,
  "num_nodes": 8,
  "num_eval_nodes": 9,
  "resource_model": "online_cumulative_k8s_filter_no_release",
  "ca_model": "parallel_virtual_guarantee",
  "ca_bandwidth_mb_s": 70.0,
  "ca_extra_delay": 0.0,
  "ca_penalty": 443.75,
  "ca_fixed_penalty": 1000.0,
  "ACT": 78.48734375,
  "AMS": 196.90165343915342,
  "AMS_mode": "avg",
  "downloaded_mb": 53587.0,
  "reused_mb": 32418.0,
  "reuse_rate": 0.37693157374571246,
  "objective_without_ca_penalty": 137.69449859457671,
  "objective": 581.4444985945768
}
============================================================
[RUN][gahrl] drtp_img88_cacheonly_1024mb_160_seed202.json
{
  "algo": "gahrl-online-k8sca",
  "num_containers": 160,
  "num_edge_containers": 90,
  "num_ca_containers": 70,
  "failed_deployments": 70,
  "fail_rate": 0.4375,
  "num_nodes": 8,
  "num_eval_nodes": 9,
  "resource_model": "online_cumulative_k8s_filter_no_release",
  "ca_model": "parallel_virtual_guarantee",
  "ca_bandwidth_mb_s": 70.0,
  "ca_extra_delay": 0.0,
  "ca_penalty": 437.5,
  "ca_fixed_penalty": 1000.0,
  "ACT": 78.80135416666664,
  "AMS": 196.1553571428571,
  "AMS_mode": "avg",
  "downloaded_mb": 52360.0,
  "reused_mb": 33645.0,
  "reuse_rate": 0.3911981861519679,
  "objective_without_ca_penalty": 137.47835565476186,
  "objective": 574.9783556547618
}
============================================================
[RUN][orr] drtp_img88_cacheonly_1024mb_160_seed202.json
{
  "algo": "orr-online-k8sca",
  "num_containers": 160,
  "num_edge_containers": 91,
  "num_ca_containers": 69,
  "failed_deployments": 69,
  "fail_rate": 0.43125,
  "num_nodes": 8,
  "num_eval_nodes": 9,
  "resource_model": "online_cumulative_k8s_filter_no_release",
  "ca_model": "parallel_virtual_guarantee",
  "ca_bandwidth_mb_s": 70.0,
  "ca_extra_delay": 0.0,
  "ca_penalty": 431.25,
  "ca_fixed_penalty": 1000.0,
  "ACT": 82.19642113095239,
  "AMS": 209.12526455026455,
  "AMS_mode": "avg",
  "downloaded_mb": 59043.0,
  "reused_mb": 26962.0,
  "reuse_rate": 0.31349340154642175,
  "objective_without_ca_penalty": 145.66084284060847,
  "objective": 576.9108428406084
}
============================================================
[RUN][lasa] drtp_img88_cacheonly_1024mb_160_seed202.json
{
  "algo": "lasa-online-k8sca",
  "num_containers": 160,
  "num_edge_containers": 95,
  "num_ca_containers": 65,
  "failed_deployments": 65,
  "fail_rate": 0.40625,
  "num_nodes": 8,
  "num_eval_nodes": 9,
  "resource_model": "online_cumulative_k8s_filter_no_release",
  "ca_model": "parallel_virtual_guarantee",
  "ca_bandwidth_mb_s": 70.0,
  "ca_extra_delay": 0.0,
  "ca_penalty": 406.25,
  "ca_fixed_penalty": 1000.0,
  "ACT": 83.97428571428574,
  "AMS": 198.45945767195767,
  "AMS_mode": "avg",
  "downloaded_mb": 69697.0,
  "reused_mb": 16308.0,
  "reuse_rate": 0.18961688273937563,
  "objective_without_ca_penalty": 141.2168716931217,
  "objective": 547.4668716931217
}
============================================================
[RUN][fg] drtp_img88_cacheonly_1024mb_180_seed42.json
{
  "algo": "fg-online-k8sca",
  "num_containers": 180,
  "num_edge_containers": 92,
  "num_ca_containers": 88,
  "failed_deployments": 88,
  "fail_rate": 0.4888888888888889,
  "num_nodes": 8,
  "num_eval_nodes": 9,
  "resource_model": "online_cumulative_k8s_filter_no_release",
  "ca_model": "parallel_virtual_guarantee",
  "ca_bandwidth_mb_s": 70.0,
  "ca_extra_delay": 0.0,
  "ca_penalty": 488.88888888888886,
  "ca_fixed_penalty": 1000.0,
  "ACT": 73.33750992063501,
  "AMS": 209.30489417989418,
  "AMS_mode": "avg",
  "downloaded_mb": 70853.0,
  "reused_mb": 26896.0,
  "reuse_rate": 0.27515371001237865,
  "objective_without_ca_penalty": 141.3212020502646,
  "objective": 630.2100909391535
}
============================================================
[RUN][ilrsa] drtp_img88_cacheonly_1024mb_180_seed42.json
{
  "algo": "ilrsa-online-k8sca",
  "num_containers": 180,
  "num_edge_containers": 93,
  "num_ca_containers": 87,
  "failed_deployments": 87,
  "fail_rate": 0.48333333333333334,
  "num_nodes": 8,
  "num_eval_nodes": 9,
  "resource_model": "online_cumulative_k8s_filter_no_release",
  "ca_model": "parallel_virtual_guarantee",
  "ca_bandwidth_mb_s": 70.0,
  "ca_extra_delay": 0.0,
  "ca_penalty": 483.3333333333333,
  "ca_fixed_penalty": 1000.0,
  "ACT": 82.44109788359795,
  "AMS": 216.48359788359787,
  "AMS_mode": "avg",
  "downloaded_mb": 74446.0,
  "reused_mb": 23303.0,
  "reuse_rate": 0.23839630072941922,
  "objective_without_ca_penalty": 149.46234788359791,
  "objective": 632.7956812169313
}
============================================================
[RUN][lrscheduler] drtp_img88_cacheonly_1024mb_180_seed42.json
{
  "algo": "lrscheduler-online-k8sca",
  "num_containers": 180,
  "num_edge_containers": 91,
  "num_ca_containers": 89,
  "failed_deployments": 89,
  "fail_rate": 0.49444444444444446,
  "num_nodes": 8,
  "num_eval_nodes": 9,
  "resource_model": "online_cumulative_k8s_filter_no_release",
  "ca_model": "parallel_virtual_guarantee",
  "ca_bandwidth_mb_s": 70.0,
  "ca_extra_delay": 0.0,
  "ca_penalty": 494.44444444444446,
  "ca_fixed_penalty": 1000.0,
  "ACT": 75.19988425925928,
  "AMS": 208.36415343915345,
  "AMS_mode": "avg",
  "downloaded_mb": 70342.0,
  "reused_mb": 27443.0,
  "reuse_rate": 0.28064631589712125,
  "objective_without_ca_penalty": 141.78201884920637,
  "objective": 636.2264632936508
}
============================================================
[RUN][gahrl] drtp_img88_cacheonly_1024mb_180_seed42.json
{
  "algo": "gahrl-online-k8sca",
  "num_containers": 180,
  "num_edge_containers": 91,
  "num_ca_containers": 89,
  "failed_deployments": 89,
  "fail_rate": 0.49444444444444446,
  "num_nodes": 8,
  "num_eval_nodes": 9,
  "resource_model": "online_cumulative_k8s_filter_no_release",
  "ca_model": "parallel_virtual_guarantee",
  "ca_bandwidth_mb_s": 70.0,
  "ca_extra_delay": 0.0,
  "ca_penalty": 494.44444444444446,
  "ca_fixed_penalty": 1000.0,
  "ACT": 71.69703703703706,
  "AMS": 201.07387566137564,
  "AMS_mode": "avg",
  "downloaded_mb": 65563.0,
  "reused_mb": 32222.0,
  "reuse_rate": 0.3295188423582349,
  "objective_without_ca_penalty": 136.38545634920635,
  "objective": 630.8299007936508
}
============================================================
[RUN][orr] drtp_img88_cacheonly_1024mb_180_seed42.json
{
  "algo": "orr-online-k8sca",
  "num_containers": 180,
  "num_edge_containers": 91,
  "num_ca_containers": 89,
  "failed_deployments": 89,
  "fail_rate": 0.49444444444444446,
  "num_nodes": 8,
  "num_eval_nodes": 9,
  "resource_model": "online_cumulative_k8s_filter_no_release",
  "ca_model": "parallel_virtual_guarantee",
  "ca_bandwidth_mb_s": 70.0,
  "ca_extra_delay": 0.0,
  "ca_penalty": 494.44444444444446,
  "ca_fixed_penalty": 1000.0,
  "ACT": 74.12909722222231,
  "AMS": 210.6280423280423,
  "AMS_mode": "avg",
  "downloaded_mb": 71990.0,
  "reused_mb": 25795.0,
  "reuse_rate": 0.26379301528864346,
  "objective_without_ca_penalty": 142.37856977513232,
  "objective": 636.8230142195767
}
============================================================
[RUN][lasa] drtp_img88_cacheonly_1024mb_180_seed42.json
{
  "algo": "lasa-online-k8sca",
  "num_containers": 180,
  "num_edge_containers": 98,
  "num_ca_containers": 82,
  "failed_deployments": 82,
  "fail_rate": 0.45555555555555555,
  "num_nodes": 8,
  "num_eval_nodes": 9,
  "resource_model": "online_cumulative_k8s_filter_no_release",
  "ca_model": "parallel_virtual_guarantee",
  "ca_bandwidth_mb_s": 70.0,
  "ca_extra_delay": 0.0,
  "ca_penalty": 455.55555555555554,
  "ca_fixed_penalty": 1000.0,
  "ACT": 81.51620039682548,
  "AMS": 206.44649470899472,
  "AMS_mode": "avg",
  "downloaded_mb": 83923.0,
  "reused_mb": 13862.0,
  "reuse_rate": 0.14175998363757222,
  "objective_without_ca_penalty": 143.9813475529101,
  "objective": 599.5369031084656
}
============================================================
[RUN][fg] drtp_img88_cacheonly_1024mb_180_seed101.json
{
  "algo": "fg-online-k8sca",
  "num_containers": 180,
  "num_edge_containers": 96,
  "num_ca_containers": 84,
  "failed_deployments": 84,
  "fail_rate": 0.4666666666666667,
  "num_nodes": 8,
  "num_eval_nodes": 9,
  "resource_model": "online_cumulative_k8s_filter_no_release",
  "ca_model": "parallel_virtual_guarantee",
  "ca_bandwidth_mb_s": 70.0,
  "ca_extra_delay": 0.0,
  "ca_penalty": 466.6666666666667,
  "ca_fixed_penalty": 1000.0,
  "ACT": 76.82004298941806,
  "AMS": 214.00436507936507,
  "AMS_mode": "avg",
  "downloaded_mb": 68476.0,
  "reused_mb": 28678.0,
  "reuse_rate": 0.2951808469028553,
  "objective_without_ca_penalty": 145.41220403439155,
  "objective": 612.0788707010582
}
============================================================
[RUN][ilrsa] drtp_img88_cacheonly_1024mb_180_seed101.json
{
  "algo": "ilrsa-online-k8sca",
  "num_containers": 180,
  "num_edge_containers": 96,
  "num_ca_containers": 84,
  "failed_deployments": 84,
  "fail_rate": 0.4666666666666667,
  "num_nodes": 8,
  "num_eval_nodes": 9,
  "resource_model": "online_cumulative_k8s_filter_no_release",
  "ca_model": "parallel_virtual_guarantee",
  "ca_bandwidth_mb_s": 70.0,
  "ca_extra_delay": 0.0,
  "ca_penalty": 466.6666666666667,
  "ca_fixed_penalty": 1000.0,
  "ACT": 84.3496494708995,
  "AMS": 222.57195767195768,
  "AMS_mode": "avg",
  "downloaded_mb": 73237.0,
  "reused_mb": 23917.0,
  "reuse_rate": 0.24617617390946334,
  "objective_without_ca_penalty": 153.46080357142858,
  "objective": 620.1274702380953
}
============================================================
[RUN][lrscheduler] drtp_img88_cacheonly_1024mb_180_seed101.json
{
  "algo": "lrscheduler-online-k8sca",
  "num_containers": 180,
  "num_edge_containers": 96,
  "num_ca_containers": 84,
  "failed_deployments": 84,
  "fail_rate": 0.4666666666666667,
  "num_nodes": 8,
  "num_eval_nodes": 9,
  "resource_model": "online_cumulative_k8s_filter_no_release",
  "ca_model": "parallel_virtual_guarantee",
  "ca_bandwidth_mb_s": 70.0,
  "ca_extra_delay": 0.0,
  "ca_penalty": 466.6666666666667,
  "ca_fixed_penalty": 1000.0,
  "ACT": 76.98175595238096,
  "AMS": 209.87010582010583,
  "AMS_mode": "avg",
  "downloaded_mb": 66117.0,
  "reused_mb": 31070.0,
  "reuse_rate": 0.3196929630506138,
  "objective_without_ca_penalty": 143.4259308862434,
  "objective": 610.0925975529101
}
============================================================
[RUN][gahrl] drtp_img88_cacheonly_1024mb_180_seed101.json
{
  "algo": "gahrl-online-k8sca",
  "num_containers": 180,
  "num_edge_containers": 97,
  "num_ca_containers": 83,
  "failed_deployments": 83,
  "fail_rate": 0.46111111111111114,
  "num_nodes": 8,
  "num_eval_nodes": 9,
  "resource_model": "online_cumulative_k8s_filter_no_release",
  "ca_model": "parallel_virtual_guarantee",
  "ca_bandwidth_mb_s": 70.0,
  "ca_extra_delay": 0.0,
  "ca_penalty": 461.11111111111114,
  "ca_fixed_penalty": 1000.0,
  "ACT": 75.57811838624346,
  "AMS": 207.10297619047617,
  "AMS_mode": "avg",
  "downloaded_mb": 61967.0,
  "reused_mb": 35220.0,
  "reuse_rate": 0.3623941473653884,
  "objective_without_ca_penalty": 141.3405472883598,
  "objective": 602.451658399471
}
============================================================
[RUN][orr] drtp_img88_cacheonly_1024mb_180_seed101.json
{
  "algo": "orr-online-k8sca",
  "num_containers": 180,
  "num_edge_containers": 96,
  "num_ca_containers": 84,
  "failed_deployments": 84,
  "fail_rate": 0.4666666666666667,
  "num_nodes": 8,
  "num_eval_nodes": 9,
  "resource_model": "online_cumulative_k8s_filter_no_release",
  "ca_model": "parallel_virtual_guarantee",
  "ca_bandwidth_mb_s": 70.0,
  "ca_extra_delay": 0.0,
  "ca_penalty": 466.6666666666667,
  "ca_fixed_penalty": 1000.0,
  "ACT": 80.07326058201058,
  "AMS": 219.11593915343914,
  "AMS_mode": "avg",
  "downloaded_mb": 71240.0,
  "reused_mb": 25947.0,
  "reuse_rate": 0.2669801516663751,
  "objective_without_ca_penalty": 149.59459986772487,
  "objective": 616.2612665343916
}
============================================================
[RUN][lasa] drtp_img88_cacheonly_1024mb_180_seed101.json
{
  "algo": "lasa-online-k8sca",
  "num_containers": 180,
  "num_edge_containers": 99,
  "num_ca_containers": 81,
  "failed_deployments": 81,
  "fail_rate": 0.45,
  "num_nodes": 8,
  "num_eval_nodes": 9,
  "resource_model": "online_cumulative_k8s_filter_no_release",
  "ca_model": "parallel_virtual_guarantee",
  "ca_bandwidth_mb_s": 70.0,
  "ca_extra_delay": 0.0,
  "ca_penalty": 450.0,
  "ca_fixed_penalty": 1000.0,
  "ACT": 81.70822751322754,
  "AMS": 205.02751322751323,
  "AMS_mode": "avg",
  "downloaded_mb": 81412.0,
  "reused_mb": 15775.0,
  "reuse_rate": 0.16231594760616133,
  "objective_without_ca_penalty": 143.36787037037038,
  "objective": 593.3678703703704
}
============================================================
[RUN][fg] drtp_img88_cacheonly_1024mb_180_seed202.json
{
  "algo": "fg-online-k8sca",
  "num_containers": 180,
  "num_edge_containers": 89,
  "num_ca_containers": 91,
  "failed_deployments": 91,
  "fail_rate": 0.5055555555555555,
  "num_nodes": 8,
  "num_eval_nodes": 9,
  "resource_model": "online_cumulative_k8s_filter_no_release",
  "ca_model": "parallel_virtual_guarantee",
  "ca_bandwidth_mb_s": 70.0,
  "ca_extra_delay": 0.0,
  "ca_penalty": 505.55555555555554,
  "ca_fixed_penalty": 1000.0,
  "ACT": 71.3022619047619,
  "AMS": 205.03769841269838,
  "AMS_mode": "avg",
  "downloaded_mb": 68243.0,
  "reused_mb": 28682.0,
  "reuse_rate": 0.29591952540624195,
  "objective_without_ca_penalty": 138.16998015873014,
  "objective": 643.7255357142857
}
============================================================
[RUN][ilrsa] drtp_img88_cacheonly_1024mb_180_seed202.json
{
  "algo": "ilrsa-online-k8sca",
  "num_containers": 180,
  "num_edge_containers": 89,
  "num_ca_containers": 91,
  "failed_deployments": 91,
  "fail_rate": 0.5055555555555555,
  "num_nodes": 8,
  "num_eval_nodes": 9,
  "resource_model": "online_cumulative_k8s_filter_no_release",
  "ca_model": "parallel_virtual_guarantee",
  "ca_bandwidth_mb_s": 70.0,
  "ca_extra_delay": 0.0,
  "ca_penalty": 505.55555555555554,
  "ca_fixed_penalty": 1000.0,
  "ACT": 76.06133597883597,
  "AMS": 209.5988095238095,
  "AMS_mode": "avg",
  "downloaded_mb": 72228.0,
  "reused_mb": 24697.0,
  "reuse_rate": 0.2548052618003611,
  "objective_without_ca_penalty": 142.83007275132275,
  "objective": 648.3856283068783
}
============================================================
[RUN][lrscheduler] drtp_img88_cacheonly_1024mb_180_seed202.json
{
  "algo": "lrscheduler-online-k8sca",
  "num_containers": 180,
  "num_edge_containers": 89,
  "num_ca_containers": 91,
  "failed_deployments": 91,
  "fail_rate": 0.5055555555555555,
  "num_nodes": 8,
  "num_eval_nodes": 9,
  "resource_model": "online_cumulative_k8s_filter_no_release",
  "ca_model": "parallel_virtual_guarantee",
  "ca_bandwidth_mb_s": 70.0,
  "ca_extra_delay": 0.0,
  "ca_penalty": 505.55555555555554,
  "ca_fixed_penalty": 1000.0,
  "ACT": 72.4503869047619,
  "AMS": 195.62612433862432,
  "AMS_mode": "avg",
  "downloaded_mb": 63732.0,
  "reused_mb": 33232.0,
  "reuse_rate": 0.34272513510168723,
  "objective_without_ca_penalty": 134.0382556216931,
  "objective": 639.5938111772487
}
============================================================
[RUN][gahrl] drtp_img88_cacheonly_1024mb_180_seed202.json
{
  "algo": "gahrl-online-k8sca",
  "num_containers": 180,
  "num_edge_containers": 90,
  "num_ca_containers": 90,
  "failed_deployments": 90,
  "fail_rate": 0.5,
  "num_nodes": 8,
  "num_eval_nodes": 9,
  "resource_model": "online_cumulative_k8s_filter_no_release",
  "ca_model": "parallel_virtual_guarantee",
  "ca_bandwidth_mb_s": 70.0,
  "ca_extra_delay": 0.0,
  "ca_penalty": 500.0,
  "ca_fixed_penalty": 1000.0,
  "ACT": 72.79318783068781,
  "AMS": 196.78075396825392,
  "AMS_mode": "avg",
  "downloaded_mb": 63319.0,
  "reused_mb": 33645.0,
  "reuse_rate": 0.3469844478363104,
  "objective_without_ca_penalty": 134.78697089947087,
  "objective": 634.7869708994708
}
============================================================
[RUN][orr] drtp_img88_cacheonly_1024mb_180_seed202.json
{
  "algo": "orr-online-k8sca",
  "num_containers": 180,
  "num_edge_containers": 90,
  "num_ca_containers": 90,
  "failed_deployments": 90,
  "fail_rate": 0.5,
  "num_nodes": 8,
  "num_eval_nodes": 9,
  "resource_model": "online_cumulative_k8s_filter_no_release",
  "ca_model": "parallel_virtual_guarantee",
  "ca_bandwidth_mb_s": 70.0,
  "ca_extra_delay": 0.0,
  "ca_penalty": 500.0,
  "ca_fixed_penalty": 1000.0,
  "ACT": 74.36839616402114,
  "AMS": 205.6608465608466,
  "AMS_mode": "avg",
  "downloaded_mb": 69439.0,
  "reused_mb": 27525.0,
  "reuse_rate": 0.28386823975908587,
  "objective_without_ca_penalty": 140.01462136243387,
  "objective": 640.0146213624339
}
============================================================
[RUN][lasa] drtp_img88_cacheonly_1024mb_180_seed202.json
{
  "algo": "lasa-online-k8sca",
  "num_containers": 180,
  "num_edge_containers": 96,
  "num_ca_containers": 84,
  "failed_deployments": 84,
  "fail_rate": 0.4666666666666667,
  "num_nodes": 8,
  "num_eval_nodes": 9,
  "resource_model": "online_cumulative_k8s_filter_no_release",
  "ca_model": "parallel_virtual_guarantee",
  "ca_bandwidth_mb_s": 70.0,
  "ca_extra_delay": 0.0,
  "ca_penalty": 466.6666666666667,
  "ca_fixed_penalty": 1000.0,
  "ACT": 80.38759589947088,
  "AMS": 201.79556878306877,
  "AMS_mode": "avg",
  "downloaded_mb": 82084.0,
  "reused_mb": 14880.0,
  "reuse_rate": 0.15345901571717338,
  "objective_without_ca_penalty": 141.09158234126983,
  "objective": 607.7582490079365
}
============================================================
[RUN][fg] drtp_img88_cacheonly_1024mb_200_seed42.json
{
  "algo": "fg-online-k8sca",
  "num_containers": 200,
  "num_edge_containers": 92,
  "num_ca_containers": 108,
  "failed_deployments": 108,
  "fail_rate": 0.54,
  "num_nodes": 8,
  "num_eval_nodes": 9,
  "resource_model": "online_cumulative_k8s_filter_no_release",
  "ca_model": "parallel_virtual_guarantee",
  "ca_bandwidth_mb_s": 70.0,
  "ca_extra_delay": 0.0,
  "ca_penalty": 540.0,
  "ca_fixed_penalty": 1000.0,
  "ACT": 68.57204464285722,
  "AMS": 209.930291005291,
  "AMS_mode": "avg",
  "downloaded_mb": 81959.0,
  "reused_mb": 26896.0,
  "reuse_rate": 0.24708097928436912,
  "objective_without_ca_penalty": 139.25116782407412,
  "objective": 679.2511678240742
}
============================================================
[RUN][ilrsa] drtp_img88_cacheonly_1024mb_200_seed42.json
{
  "algo": "ilrsa-online-k8sca",
  "num_containers": 200,
  "num_edge_containers": 91,
  "num_ca_containers": 109,
  "failed_deployments": 109,
  "fail_rate": 0.545,
  "num_nodes": 8,
  "num_eval_nodes": 9,
  "resource_model": "online_cumulative_k8s_filter_no_release",
  "ca_model": "parallel_virtual_guarantee",
  "ca_bandwidth_mb_s": 70.0,
  "ca_extra_delay": 0.0,
  "ca_penalty": 545.0,
  "ca_fixed_penalty": 1000.0,
  "ACT": 74.42651488095244,
  "AMS": 213.06686507936507,
  "AMS_mode": "avg",
  "downloaded_mb": 84177.0,
  "reused_mb": 24677.0,
  "reuse_rate": 0.22669814614070222,
  "objective_without_ca_penalty": 143.74668998015875,
  "objective": 688.7466899801587
}
============================================================
[RUN][lrscheduler] drtp_img88_cacheonly_1024mb_200_seed42.json
{
  "algo": "lrscheduler-online-k8sca",
  "num_containers": 200,
  "num_edge_containers": 91,
  "num_ca_containers": 109,
  "failed_deployments": 109,
  "fail_rate": 0.545,
  "num_nodes": 8,
  "num_eval_nodes": 9,
  "resource_model": "online_cumulative_k8s_filter_no_release",
  "ca_model": "parallel_virtual_guarantee",
  "ca_bandwidth_mb_s": 70.0,
  "ca_extra_delay": 0.0,
  "ca_penalty": 545.0,
  "ca_fixed_penalty": 1000.0,
  "ACT": 70.19693154761906,
  "AMS": 208.63816137566138,
  "AMS_mode": "avg",
  "downloaded_mb": 81252.0,
  "reused_mb": 27639.0,
  "reuse_rate": 0.25382262996941896,
  "objective_without_ca_penalty": 139.41754646164023,
  "objective": 684.4175464616402
}
============================================================
[RUN][gahrl] drtp_img88_cacheonly_1024mb_200_seed42.json
{
  "algo": "gahrl-online-k8sca",
  "num_containers": 200,
  "num_edge_containers": 91,
  "num_ca_containers": 109,
  "failed_deployments": 109,
  "fail_rate": 0.545,
  "num_nodes": 8,
  "num_eval_nodes": 9,
  "resource_model": "online_cumulative_k8s_filter_no_release",
  "ca_model": "parallel_virtual_guarantee",
  "ca_bandwidth_mb_s": 70.0,
  "ca_extra_delay": 0.0,
  "ca_penalty": 545.0,
  "ca_fixed_penalty": 1000.0,
  "ACT": 67.09561904761907,
  "AMS": 201.69927248677246,
  "AMS_mode": "avg",
  "downloaded_mb": 76669.0,
  "reused_mb": 32222.0,
  "reuse_rate": 0.29591058948857113,
  "objective_without_ca_penalty": 134.39744576719576,
  "objective": 679.3974457671958
}
============================================================
[RUN][orr] drtp_img88_cacheonly_1024mb_200_seed42.json
{
  "algo": "orr-online-k8sca",
  "num_containers": 200,
  "num_edge_containers": 91,
  "num_ca_containers": 109,
  "failed_deployments": 109,
  "fail_rate": 0.545,
  "num_nodes": 8,
  "num_eval_nodes": 9,
  "resource_model": "online_cumulative_k8s_filter_no_release",
  "ca_model": "parallel_virtual_guarantee",
  "ca_bandwidth_mb_s": 70.0,
  "ca_extra_delay": 0.0,
  "ca_penalty": 545.0,
  "ca_fixed_penalty": 1000.0,
  "ACT": 69.2844732142858,
  "AMS": 211.25343915343916,
  "AMS_mode": "avg",
  "downloaded_mb": 83096.0,
  "reused_mb": 25795.0,
  "reuse_rate": 0.2368882644112002,
  "objective_without_ca_penalty": 140.26895618386249,
  "objective": 685.2689561838624
}
============================================================
[RUN][lasa] drtp_img88_cacheonly_1024mb_200_seed42.json
{
  "algo": "lasa-online-k8sca",
  "num_containers": 200,
  "num_edge_containers": 97,
  "num_ca_containers": 103,
  "failed_deployments": 103,
  "fail_rate": 0.515,
  "num_nodes": 8,
  "num_eval_nodes": 9,
  "resource_model": "online_cumulative_k8s_filter_no_release",
  "ca_model": "parallel_virtual_guarantee",
  "ca_bandwidth_mb_s": 70.0,
  "ca_extra_delay": 0.0,
  "ca_penalty": 515.0,
  "ca_fixed_penalty": 1000.0,
  "ACT": 75.40106845238098,
  "AMS": 202.8126984126984,
  "AMS_mode": "avg",
  "downloaded_mb": 95756.0,
  "reused_mb": 13135.0,
  "reuse_rate": 0.12062521236833164,
  "objective_without_ca_penalty": 139.1068834325397,
  "objective": 654.1068834325397
}
============================================================
[RUN][fg] drtp_img88_cacheonly_1024mb_200_seed101.json
{
  "algo": "fg-online-k8sca",
  "num_containers": 200,
  "num_edge_containers": 96,
  "num_ca_containers": 104,
  "failed_deployments": 104,
  "fail_rate": 0.52,
  "num_nodes": 8,
  "num_eval_nodes": 9,
  "resource_model": "online_cumulative_k8s_filter_no_release",
  "ca_model": "parallel_virtual_guarantee",
  "ca_bandwidth_mb_s": 70.0,
  "ca_extra_delay": 0.0,
  "ca_penalty": 520.0,
  "ca_fixed_penalty": 1000.0,
  "ACT": 71.69403869047623,
  "AMS": 214.00436507936507,
  "AMS_mode": "avg",
  "downloaded_mb": 80180.0,
  "reused_mb": 28678.0,
  "reuse_rate": 0.26344411986257327,
  "objective_without_ca_penalty": 142.84920188492066,
  "objective": 662.8492018849206
}
============================================================
[RUN][ilrsa] drtp_img88_cacheonly_1024mb_200_seed101.json
{
  "algo": "ilrsa-online-k8sca",
  "num_containers": 200,
  "num_edge_containers": 96,
  "num_ca_containers": 104,
  "failed_deployments": 104,
  "fail_rate": 0.52,
  "num_nodes": 8,
  "num_eval_nodes": 9,
  "resource_model": "online_cumulative_k8s_filter_no_release",
  "ca_model": "parallel_virtual_guarantee",
  "ca_bandwidth_mb_s": 70.0,
  "ca_extra_delay": 0.0,
  "ca_penalty": 520.0,
  "ca_fixed_penalty": 1000.0,
  "ACT": 80.43660119047622,
  "AMS": 222.62242063492062,
  "AMS_mode": "avg",
  "downloaded_mb": 85541.0,
  "reused_mb": 23317.0,
  "reuse_rate": 0.21419647614323248,
  "objective_without_ca_penalty": 151.5295109126984,
  "objective": 671.5295109126985
}
============================================================
[RUN][lrscheduler] drtp_img88_cacheonly_1024mb_200_seed101.json
{
  "algo": "lrscheduler-online-k8sca",
  "num_containers": 200,
  "num_edge_containers": 96,
  "num_ca_containers": 104,
  "failed_deployments": 104,
  "fail_rate": 0.52,
  "num_nodes": 8,
  "num_eval_nodes": 9,
  "resource_model": "online_cumulative_k8s_filter_no_release",
  "ca_model": "parallel_virtual_guarantee",
  "ca_bandwidth_mb_s": 70.0,
  "ca_extra_delay": 0.0,
  "ca_penalty": 520.0,
  "ca_fixed_penalty": 1000.0,
  "ACT": 71.83958035714286,
  "AMS": 209.87010582010583,
  "AMS_mode": "avg",
  "downloaded_mb": 77821.0,
  "reused_mb": 31070.0,
  "reuse_rate": 0.28533120276239543,
  "objective_without_ca_penalty": 140.85484308862436,
  "objective": 660.8548430886244
}
============================================================
[RUN][gahrl] drtp_img88_cacheonly_1024mb_200_seed101.json
{
  "algo": "gahrl-online-k8sca",
  "num_containers": 200,
  "num_edge_containers": 97,
  "num_ca_containers": 103,
  "failed_deployments": 103,
  "fail_rate": 0.515,
  "num_nodes": 8,
  "num_eval_nodes": 9,
  "resource_model": "online_cumulative_k8s_filter_no_release",
  "ca_model": "parallel_virtual_guarantee",
  "ca_bandwidth_mb_s": 70.0,
  "ca_extra_delay": 0.0,
  "ca_penalty": 515.0,
  "ca_fixed_penalty": 1000.0,
  "ACT": 70.57630654761911,
  "AMS": 207.10297619047617,
  "AMS_mode": "avg",
  "downloaded_mb": 73671.0,
  "reused_mb": 35220.0,
  "reuse_rate": 0.3234427087638097,
  "objective_without_ca_penalty": 138.83964136904763,
  "objective": 653.8396413690476
}
============================================================
[RUN][orr] drtp_img88_cacheonly_1024mb_200_seed101.json
{
  "algo": "orr-online-k8sca",
  "num_containers": 200,
  "num_edge_containers": 96,
  "num_ca_containers": 104,
  "failed_deployments": 104,
  "fail_rate": 0.52,
  "num_nodes": 8,
  "num_eval_nodes": 9,
  "resource_model": "online_cumulative_k8s_filter_no_release",
  "ca_model": "parallel_virtual_guarantee",
  "ca_bandwidth_mb_s": 70.0,
  "ca_extra_delay": 0.0,
  "ca_penalty": 520.0,
  "ca_fixed_penalty": 1000.0,
  "ACT": 74.19433035714286,
  "AMS": 219.0941798941799,
  "AMS_mode": "avg",
  "downloaded_mb": 82944.0,
  "reused_mb": 25947.0,
  "reuse_rate": 0.2382841557153484,
  "objective_without_ca_penalty": 146.64425512566137,
  "objective": 666.6442551256614
}
============================================================
[RUN][lasa] drtp_img88_cacheonly_1024mb_200_seed101.json
{
  "algo": "lasa-online-k8sca",
  "num_containers": 200,
  "num_edge_containers": 97,
  "num_ca_containers": 103,
  "failed_deployments": 103,
  "fail_rate": 0.515,
  "num_nodes": 8,
  "num_eval_nodes": 9,
  "resource_model": "online_cumulative_k8s_filter_no_release",
  "ca_model": "parallel_virtual_guarantee",
  "ca_bandwidth_mb_s": 70.0,
  "ca_extra_delay": 0.0,
  "ca_penalty": 515.0,
  "ca_fixed_penalty": 1000.0,
  "ACT": 75.40106845238098,
  "AMS": 202.8126984126984,
  "AMS_mode": "avg",
  "downloaded_mb": 95756.0,
  "reused_mb": 13135.0,
  "reuse_rate": 0.12062521236833164,
  "objective_without_ca_penalty": 139.1068834325397,
  "objective": 654.1068834325397
}
============================================================
[RUN][fg] drtp_img88_cacheonly_1024mb_200_seed202.json
{
  "algo": "fg-online-k8sca",
  "num_containers": 200,
  "num_edge_containers": 89,
  "num_ca_containers": 111,
  "failed_deployments": 111,
  "fail_rate": 0.555,
  "num_nodes": 8,
  "num_eval_nodes": 9,
  "resource_model": "online_cumulative_k8s_filter_no_release",
  "ca_model": "parallel_virtual_guarantee",
  "ca_bandwidth_mb_s": 70.0,
  "ca_extra_delay": 0.0,
  "ca_penalty": 555.0,
  "ca_fixed_penalty": 1000.0,
  "ACT": 66.6289642857143,
  "AMS": 205.03769841269838,
  "AMS_mode": "avg",
  "downloaded_mb": 80170.0,
  "reused_mb": 28682.0,
  "reuse_rate": 0.26349538823356483,
  "objective_without_ca_penalty": 135.83333134920633,
  "objective": 690.8333313492063
}
============================================================
[RUN][ilrsa] drtp_img88_cacheonly_1024mb_200_seed202.json
{
  "algo": "ilrsa-online-k8sca",
  "num_containers": 200,
  "num_edge_containers": 91,
  "num_ca_containers": 109,
  "failed_deployments": 109,
  "fail_rate": 0.545,
  "num_nodes": 8,
  "num_eval_nodes": 9,
  "resource_model": "online_cumulative_k8s_filter_no_release",
  "ca_model": "parallel_virtual_guarantee",
  "ca_bandwidth_mb_s": 70.0,
  "ca_extra_delay": 0.0,
  "ca_penalty": 545.0,
  "ca_fixed_penalty": 1000.0,
  "ACT": 72.09019940476192,
  "AMS": 208.58677248677247,
  "AMS_mode": "avg",
  "downloaded_mb": 81330.0,
  "reused_mb": 27521.0,
  "reuse_rate": 0.25283185271609815,
  "objective_without_ca_penalty": 140.3384859457672,
  "objective": 685.3384859457672
}
============================================================
[RUN][lrscheduler] drtp_img88_cacheonly_1024mb_200_seed202.json
{
  "algo": "lrscheduler-online-k8sca",
  "num_containers": 200,
  "num_edge_containers": 89,
  "num_ca_containers": 111,
  "failed_deployments": 111,
  "fail_rate": 0.555,
  "num_nodes": 8,
  "num_eval_nodes": 9,
  "resource_model": "online_cumulative_k8s_filter_no_release",
  "ca_model": "parallel_virtual_guarantee",
  "ca_bandwidth_mb_s": 70.0,
  "ca_extra_delay": 0.0,
  "ca_penalty": 555.0,
  "ca_fixed_penalty": 1000.0,
  "ACT": 67.59640178571429,
  "AMS": 199.068253968254,
  "AMS_mode": "avg",
  "downloaded_mb": 77622.0,
  "reused_mb": 31269.0,
  "reuse_rate": 0.2871587183513789,
  "objective_without_ca_penalty": 133.33232787698415,
  "objective": 688.3323278769842
}
============================================================
[RUN][gahrl] drtp_img88_cacheonly_1024mb_200_seed202.json
{
  "algo": "gahrl-online-k8sca",
  "num_containers": 200,
  "num_edge_containers": 90,
  "num_ca_containers": 110,
  "failed_deployments": 110,
  "fail_rate": 0.55,
  "num_nodes": 8,
  "num_eval_nodes": 9,
  "resource_model": "online_cumulative_k8s_filter_no_release",
  "ca_model": "parallel_virtual_guarantee",
  "ca_bandwidth_mb_s": 70.0,
  "ca_extra_delay": 0.0,
  "ca_penalty": 550.0,
  "ca_fixed_penalty": 1000.0,
  "ACT": 67.9707976190476,
  "AMS": 196.78075396825392,
  "AMS_mode": "avg",
  "downloaded_mb": 75246.0,
  "reused_mb": 33645.0,
  "reuse_rate": 0.3089787034741163,
  "objective_without_ca_penalty": 132.37577579365075,
  "objective": 682.3757757936507
}
============================================================
[RUN][orr] drtp_img88_cacheonly_1024mb_200_seed202.json
{
  "algo": "orr-online-k8sca",
  "num_containers": 200,
  "num_edge_containers": 90,
  "num_ca_containers": 110,
  "failed_deployments": 110,
  "fail_rate": 0.55,
  "num_nodes": 8,
  "num_eval_nodes": 9,
  "resource_model": "online_cumulative_k8s_filter_no_release",
  "ca_model": "parallel_virtual_guarantee",
  "ca_bandwidth_mb_s": 70.0,
  "ca_extra_delay": 0.0,
  "ca_penalty": 550.0,
  "ca_fixed_penalty": 1000.0,
  "ACT": 69.3884851190476,
  "AMS": 205.6608465608466,
  "AMS_mode": "avg",
  "downloaded_mb": 81366.0,
  "reused_mb": 27525.0,
  "reuse_rate": 0.25277571149130784,
  "objective_without_ca_penalty": 137.5246658399471,
  "objective": 687.5246658399471
}
============================================================
[RUN][lasa] drtp_img88_cacheonly_1024mb_200_seed202.json
{
  "algo": "lasa-online-k8sca",
  "num_containers": 200,
  "num_edge_containers": 97,
  "num_ca_containers": 103,
  "failed_deployments": 103,
  "fail_rate": 0.515,
  "num_nodes": 8,
  "num_eval_nodes": 9,
  "resource_model": "online_cumulative_k8s_filter_no_release",
  "ca_model": "parallel_virtual_guarantee",
  "ca_bandwidth_mb_s": 70.0,
  "ca_extra_delay": 0.0,
  "ca_penalty": 515.0,
  "ca_fixed_penalty": 1000.0,
  "ACT": 75.40106845238098,
  "AMS": 202.8126984126984,
  "AMS_mode": "avg",
  "downloaded_mb": 95756.0,
  "reused_mb": 13135.0,
  "reuse_rate": 0.12062521236833164,
  "objective_without_ca_penalty": 139.1068834325397,
  "objective": 654.1068834325397
}
[DONE] 2026年 05月 19日 星期二 13:55:09 CST
