case,base_requests,target_requests,seed,cache_scale,wan_mb_s,baseline,accepted,excluded,mean_ready_s,p95_ready_s,makespan_s,registry_mb,peer_mb,total_transfer_mb,p2p_offload_pct,evicted_mb,refused_cache_mb,runtime_ms
drtp_img88_cacheonly_1024mb_1000,1000,500,1,0.5,10.0,registry,155,345,841.2496774193548,1384.9000000000017,1495.6000000000006,14956.0,0.0,14956.0,0.0,10990.0,4101.0,113.34622651338577
drtp_img88_cacheonly_1024mb_1000,1000,500,1,0.5,10.0,dragonfly_style,155,345,607.1214471454175,1123.500000000001,1212.200000000001,12122.0,2834.0,14956.0,18.948916822679863,11284.0,4101.0,128.14993411302567
drtp_img88_cacheonly_1024mb_1000,1000,500,1,0.5,10.0,peersync_style,155,345,540.435527009728,1006.4000000000001,1095.1000000000001,10951.0,4005.0,14956.0,26.778550414549343,10978.0,4101.0,211.12458407878876
drtp_img88_cacheonly_1024mb_1000,1000,500,1,0.5,10.0,metapipe_reactive_style,155,345,566.2290956221198,1130.7,1219.4,12194.0,2762.0,14956.0,18.467504680395827,10734.0,4229.0,180.26048690080643
drtp_img88_cacheonly_1024mb_1000,1000,500,1,0.5,10.0,ilrsa_style,155,345,1006.6683870967731,1447.899999999999,1495.5999999999954,14956.0,0.0,14956.0,0.0,10747.0,4101.0,297.380730509758
drtp_img88_cacheonly_1024mb_1000,1000,500,1,0.5,30.0,registry,155,345,280.416559139785,461.6333333333341,498.5333333333346,14956.0,0.0,14956.0,0.0,10990.0,4101.0,110.9132245182991
drtp_img88_cacheonly_1024mb_1000,1000,500,1,0.5,30.0,dragonfly_style,155,345,199.17745378904235,369.46666666666596,399.0333333333326,11971.0,2985.0,14956.0,19.95854506552554,11284.0,4101.0,133.06274265050888
drtp_img88_cacheonly_1024mb_1000,1000,500,1,0.5,30.0,peersync_style,155,345,178.68054947516612,323.1333333333328,352.6999999999995,10581.0,4375.0,14956.0,29.25247392350896,11038.0,4101.0,211.43966913223267
drtp_img88_cacheonly_1024mb_1000,1000,500,1,0.5,30.0,metapipe_reactive_style,155,345,188.6544140508905,376.9000000000001,406.46666666666675,12194.0,2762.0,14956.0,18.467504680395827,10734.0,4229.0,181.99802935123444
drtp_img88_cacheonly_1024mb_1000,1000,500,1,0.5,30.0,ilrsa_style,155,345,335.55612903225807,482.63333333333367,498.53333333333455,14956.0,0.0,14956.0,0.0,10747.0,4101.0,302.8058186173439
drtp_img88_cacheonly_1024mb_1000,1000,500,1,0.5,100.0,registry,155,345,84.1713333333332,138.4899999999996,152.73999999999984,14956.0,0.0,14956.0,0.0,10990.0,4101.0,111.3085001707077
drtp_img88_cacheonly_1024mb_1000,1000,500,1,0.5,100.0,dragonfly_style,155,345,60.50216743471573,116.48873015873012,127.57623015873013,12021.0,2935.0,14956.0,19.624231077828295,11133.0,4252.0,128.58841568231583
drtp_img88_cacheonly_1024mb_1000,1000,500,1,0.5,100.0,peersync_style,155,345,54.699037345849725,106.21433919753103,117.30183919753104,10853.0,4103.0,14956.0,27.433805830435947,11092.0,4252.0,209.33818817138672
drtp_img88_cacheonly_1024mb_1000,1000,500,1,0.5,100.0,metapipe_reactive_style,155,345,56.97582241188529,118.91449017192413,130.00199017192412,11978.0,2978.0,14956.0,19.911741107247927,10836.0,4229.0,185.84468960762024
drtp_img88_cacheonly_1024mb_1000,1000,500,1,0.5,100.0,ilrsa_style,155,345,100.80326881720427,144.79000000000028,152.74000000000072,14956.0,0.0,14956.0,0.0,10747.0,4101.0,298.6374571919441
drtp_img88_cacheonly_1024mb_1000,1000,500,1,1.0,10.0,registry,155,345,615.3974193548366,1423.2999999999952,1488.5999999999954,14886.0,0.0,14886.0,0.0,15733.0,0.0,120.7127571105957
drtp_img88_cacheonly_1024mb_1000,1000,500,1,1.0,10.0,dragonfly_style,155,345,394.12874244751697,763.8773809523818,838.6333333333345,8381.0,6505.0,14886.0,43.698777374714496,16167.0,0.0,132.73286074399948
drtp_img88_cacheonly_1024mb_1000,1000,500,1,1.0,10.0,peersync_style,155,345,355.5023955453149,587.8159523809536,604.2500000000014,5992.0,8894.0,14886.0,59.74741367728067,13620.0,225.0,250.0845417380333
drtp_img88_cacheonly_1024mb_1000,1000,500,1,1.0,10.0,metapipe_reactive_style,155,345,367.4241311230584,694.0694014550264,738.3725595238094,7329.0,7557.0,14886.0,50.7658202337767,15363.0,0.0,194.85465437173843
drtp_img88_cacheonly_1024mb_1000,1000,500,1,1.0,10.0,ilrsa_style,155,345,921.1277419354846,1485.700000000003,1488.6000000000013,14886.0,0.0,14886.0,0.0,15059.0,0.0,319.74096596241
drtp_img88_cacheonly_1024mb_1000,1000,500,1,1.0,30.0,registry,155,345,205.13247311827976,474.4333333333341,496.2000000000008,14886.0,0.0,14886.0,0.0,15733.0,0.0,120.0263649225235
drtp_img88_cacheonly_1024mb_1000,1000,500,1,1.0,30.0,dragonfly_style,155,345,130.91524235193705,248.47756243386183,273.19999999999953,8180.0,6706.0,14886.0,45.04903936584711,16167.0,0.0,135.08907705545425
drtp_img88_cacheonly_1024mb_1000,1000,500,1,1.0,30.0,peersync_style,155,345,119.90784747681619,211.34499541446172,212.37074938271567,5853.0,9033.0,14886.0,60.68117694478033,13571.0,225.0,253.2367706298828
drtp_img88_cacheonly_1024mb_1000,1000,500,1,1.0,30.0,metapipe_reactive_style,155,345,122.89397190675304,236.0396792328042,258.7141453262786,7355.0,7531.0,14886.0,50.591159478704824,15463.0,0.0,195.999376475811
drtp_img88_cacheonly_1024mb_1000,1000,500,1,1.0,30.0,ilrsa_style,155,345,307.0425806451615,495.23333333333403,496.20000000000124,14886.0,0.0,14886.0,0.0,15059.0,0.0,320.0415298342705
drtp_img88_cacheonly_1024mb_1000,1000,500,1,1.0,100.0,registry,155,345,61.560774193548305,142.33,150.47333333333344,14886.0,0.0,14886.0,0.0,15733.0,0.0,119.13906782865524
drtp_img88_cacheonly_1024mb_1000,1000,500,1,1.0,100.0,dragonfly_style,155,345,40.46588357678594,87.54676940035274,92.66179791299234,7801.0,7085.0,14886.0,47.595055757087195,14358.0,1112.0,135.75822114944458
drtp_img88_cacheonly_1024mb_1000,1000,500,1,1.0,100.0,peersync_style,155,345,38.353165308777115,80.4450167063492,85.19799587301587,5853.0,9033.0,14886.0,60.68117694478033,14336.0,225.0,248.06039780378342
drtp_img88_cacheonly_1024mb_1000,1000,500,1,1.0,100.0,metapipe_reactive_style,155,345,38.31292014065635,80.12919147411996,92.4840585686546,7676.0,7210.0,14886.0,48.434770925702004,13738.0,1112.0,200.11655986309052
drtp_img88_cacheonly_1024mb_1000,1000,500,1,1.0,100.0,ilrsa_style,155,345,92.19574193548394,149.99000000000044,150.47333333333404,14886.0,0.0,14886.0,0.0,15059.0,0.0,320.58125734329224
drtp_img88_cacheonly_1024mb_1000,1000,500,1,2.0,10.0,registry,155,345,76.77741935483867,465.39999999999986,648.3999999999992,6484.0,0.0,6484.0,0.0,6045.0,0.0,76.61038637161255
drtp_img88_cacheonly_1024mb_1000,1000,500,1,2.0,10.0,dragonfly_style,155,345,22.244033832565297,153.56204166666686,163.98000000000008,1628.0,4856.0,6484.0,74.89204194941394,6017.0,0.0,85.31913161277771
drtp_img88_cacheonly_1024mb_1000,1000,500,1,2.0,10.0,peersync_style,155,345,20.9600860215054,142.50000000000028,151.66250000000008,1425.0,5059.0,6484.0,78.02282541640962,6928.0,0.0,149.2915004491806
drtp_img88_cacheonly_1024mb_1000,1000,500,1,2.0,10.0,metapipe_reactive_style,155,345,23.22661731950844,142.49999999999997,145.7715178571428,1425.0,5059.0,6484.0,78.02282541640962,5822.0,0.0,105.75617104768753
drtp_img88_cacheonly_1024mb_1000,1000,500,1,2.0,10.0,ilrsa_style,155,345,106.01419354838706,595.8999999999999,648.4000000000004,6484.0,0.0,6484.0,0.0,6258.0,0.0,138.19855451583862
drtp_img88_cacheonly_1024mb_1000,1000,500,1,2.0,30.0,registry,155,345,25.592473118279592,155.1333333333335,216.13333333333335,6484.0,0.0,6484.0,0.0,6045.0,0.0,74.23611730337143
drtp_img88_cacheonly_1024mb_1000,1000,500,1,2.0,30.0,dragonfly_style,155,345,7.8604172043010765,49.944,63.04530000000007,1628.0,4856.0,6484.0,74.89204194941394,6017.0,0.0,87.26531267166138
drtp_img88_cacheonly_1024mb_1000,1000,500,1,2.0,30.0,peersync_style,155,345,7.490665322580649,47.50000000000005,58.31429166666676,1425.0,5059.0,6484.0,78.02282541640962,6927.0,0.0,152.45737880468369
drtp_img88_cacheonly_1024mb_1000,1000,500,1,2.0,30.0,metapipe_reactive_style,155,345,8.203487967229906,47.50000000000001,58.31400793650795,1425.0,5059.0,6484.0,78.02282541640962,5872.0,0.0,107.42733627557755
drtp_img88_cacheonly_1024mb_1000,1000,500,1,2.0,30.0,ilrsa_style,155,345,35.338064516129045,198.63333333333327,216.13333333333324,6484.0,0.0,6484.0,0.0,6258.0,0.0,137.12701946496964
drtp_img88_cacheonly_1024mb_1000,1000,500,1,2.0,100.0,registry,155,345,7.697064516129031,46.540000000000006,66.12749999999998,6484.0,0.0,6484.0,0.0,6045.0,0.0,74.84500855207443
drtp_img88_cacheonly_1024mb_1000,1000,500,1,2.0,100.0,dragonfly_style,155,345,2.716647252090797,15.274537037037009,26.31712962962959,1457.0,5027.0,6484.0,77.52930289944479,6010.0,0.0,89.46606516838074
drtp_img88_cacheonly_1024mb_1000,1000,500,1,2.0,100.0,peersync_style,155,345,2.6810692951015502,14.963703703703672,25.904629629629586,1425.0,5059.0,6484.0,78.02282541640962,6438.0,0.0,172.4821776151657
drtp_img88_cacheonly_1024mb_1000,1000,500,1,2.0,100.0,metapipe_reactive_style,155,345,3.029017728156824,17.18725925925926,31.478311824845683,1530.0,4954.0,6484.0,76.40345465761875,5902.0,0.0,109.23832654953003
drtp_img88_cacheonly_1024mb_1000,1000,500,1,2.0,100.0,ilrsa_style,155,345,10.638983870967738,59.59,66.12750000000007,6484.0,0.0,6484.0,0.0,6258.0,0.0,136.20688021183014
drtp_img88_cacheonly_1024mb_1000,1000,500,2,0.5,10.0,registry,154,346,870.4987012987001,1515.8999999999983,1592.8999999999962,15929.0,0.0,15929.0,0.0,9944.0,6428.0,102.77882218360901
drtp_img88_cacheonly_1024mb_1000,1000,500,2,0.5,10.0,dragonfly_style,154,346,659.8767674190883,1356.4,1356.4,13564.0,2365.0,15929.0,14.84713415782535,9540.0,6428.0,119.74523961544037
drtp_img88_cacheonly_1024mb_1000,1000,500,2,0.5,10.0,peersync_style,154,346,612.4409978612654,1247.5,1247.5,12475.0,3454.0,15929.0,21.68372151421935,9924.0,6428.0,193.92862170934677
drtp_img88_cacheonly_1024mb_1000,1000,500,2,0.5,10.0,metapipe_reactive_style,154,346,582.8352261607041,1294.7,1294.7,12947.0,2982.0,15929.0,18.72057254064913,9975.0,6428.0,164.58912938833237
drtp_img88_cacheonly_1024mb_1000,1000,500,2,0.5,10.0,ilrsa_style,154,346,1059.0461038961032,1590.7999999999952,1592.8999999999933,15929.0,0.0,15929.0,0.0,9959.0,6428.0,261.2694650888443
drtp_img88_cacheonly_1024mb_1000,1000,500,2,0.5,30.0,registry,154,346,290.1662337662339,505.3000000000001,530.9666666666662,15929.0,0.0,15929.0,0.0,9944.0,6428.0,101.33646428585052
drtp_img88_cacheonly_1024mb_1000,1000,500,2,0.5,30.0,dragonfly_style,154,346,219.7114505514326,452.133333333333,452.133333333333,13564.0,2365.0,15929.0,14.84713415782535,9540.0,6428.0,118.98482590913773
drtp_img88_cacheonly_1024mb_1000,1000,500,2,0.5,30.0,peersync_style,154,346,204.0282861265716,415.83333333333314,415.83333333333314,12475.0,3454.0,15929.0,21.68372151421935,9924.0,6428.0,193.14298778772354
drtp_img88_cacheonly_1024mb_1000,1000,500,2,0.5,30.0,metapipe_reactive_style,154,346,194.65596228396325,436.83333333333337,436.83333333333337,13105.0,2824.0,15929.0,17.72867097746249,10075.0,6428.0,167.72518306970596
drtp_img88_cacheonly_1024mb_1000,1000,500,2,0.5,30.0,ilrsa_style,154,346,353.01536796536817,530.2666666666661,530.9666666666654,15929.0,0.0,15929.0,0.0,9959.0,6428.0,261.66974008083344
drtp_img88_cacheonly_1024mb_1000,1000,500,2,0.5,100.0,registry,154,346,87.17151515151514,151.67000000000021,164.50333333333384,15929.0,0.0,15929.0,0.0,9944.0,6428.0,101.4176532626152
drtp_img88_cacheonly_1024mb_1000,1000,500,2,0.5,100.0,dragonfly_style,154,346,67.91599888446534,151.30554431216913,151.30554431216913,13865.0,2064.0,15929.0,12.957498901374851,9972.0,6428.0,118.01713705062866
drtp_img88_cacheonly_1024mb_1000,1000,500,2,0.5,100.0,peersync_style,154,346,63.27408338174633,144.91859952876987,144.91859952876987,12573.0,3356.0,15929.0,21.06849143072384,10452.0,6428.0,194.80303674936295
drtp_img88_cacheonly_1024mb_1000,1000,500,2,0.5,100.0,metapipe_reactive_style,154,346,60.34581443270733,151.08644543550315,151.08644543550315,13222.0,2707.0,15929.0,16.99416159206479,9981.0,6540.0,169.33735460042953
drtp_img88_cacheonly_1024mb_1000,1000,500,2,0.5,100.0,ilrsa_style,154,346,106.25707792207801,164.15333333333407,164.50333333333435,15929.0,0.0,15929.0,0.0,9959.0,6428.0,260.7870176434517
drtp_img88_cacheonly_1024mb_1000,1000,500,2,1.0,10.0,registry,155,345,793.2593548387088,1412.7999999999984,1551.1999999999982,15512.0,0.0,15512.0,0.0,14838.0,0.0,103.91917824745178
drtp_img88_cacheonly_1024mb_1000,1000,500,2,1.0,10.0,dragonfly_style,155,345,434.7143534146189,704.7897693452396,724.5500000000017,7242.0,8270.0,15512.0,53.31356369262507,14492.0,0.0,123.99060279130936
drtp_img88_cacheonly_1024mb_1000,1000,500,2,1.0,10.0,peersync_style,155,345,412.30628801843324,639.5000000000001,654.2833333333335,6395.0,9117.0,15512.0,58.773852501289326,14301.0,0.0,235.3076934814453
drtp_img88_cacheonly_1024mb_1000,1000,500,2,1.0,10.0,metapipe_reactive_style,155,345,426.25527252944227,691.9754960317457,772.5999999999996,7726.0,7786.0,15512.0,50.19339865910263,14496.0,0.0,166.31819307804108
drtp_img88_cacheonly_1024mb_1000,1000,500,2,1.0,10.0,ilrsa_style,155,345,905.6929032258063,1508.5000000000014,1551.1999999999987,15512.0,0.0,15512.0,0.0,14016.0,0.0,260.94213128089905
drtp_img88_cacheonly_1024mb_1000,1000,500,2,1.0,30.0,registry,155,345,264.4197849462365,470.9333333333344,517.0666666666677,15512.0,0.0,15512.0,0.0,14838.0,0.0,102.60521620512009
drtp_img88_cacheonly_1024mb_1000,1000,500,2,1.0,30.0,dragonfly_style,155,345,149.58477410820942,229.33333333333275,244.2833333333327,7318.0,8194.0,15512.0,52.8236204228984,14653.0,0.0,126.17883086204529
drtp_img88_cacheonly_1024mb_1000,1000,500,2,1.0,30.0,peersync_style,155,345,143.93406412783744,221.3829742063492,226.942617063492,6395.0,9117.0,15512.0,58.773852501289326,13520.0,553.0,236.12432926893234
drtp_img88_cacheonly_1024mb_1000,1000,500,2,1.0,30.0,metapipe_reactive_style,155,345,144.61471147380118,245.6435383597883,258.0631934523809,7177.0,8335.0,15512.0,53.732594120680766,14496.0,0.0,166.813425719738
drtp_img88_cacheonly_1024mb_1000,1000,500,2,1.0,30.0,ilrsa_style,155,345,301.8976344086023,502.8333333333343,517.0666666666667,15512.0,0.0,15512.0,0.0,14016.0,0.0,261.16301864385605
drtp_img88_cacheonly_1024mb_1000,1000,500,2,1.0,100.0,registry,155,345,79.3624946236559,141.27999999999997,157.9533333333334,15512.0,0.0,15512.0,0.0,14838.0,0.0,102.52484679222107
drtp_img88_cacheonly_1024mb_1000,1000,500,2,1.0,100.0,dragonfly_style,155,345,56.63751647749909,101.48612962962976,114.34961728395076,7954.0,7558.0,15512.0,48.72356884992264,12629.0,1440.0,123.54456633329391
drtp_img88_cacheonly_1024mb_1000,1000,500,2,1.0,100.0,peersync_style,155,345,55.17899424283151,98.42292021604942,112.33049282407413,6948.0,8564.0,15512.0,55.20887055183084,12370.0,1440.0,232.49445110559464
drtp_img88_cacheonly_1024mb_1000,1000,500,2,1.0,100.0,metapipe_reactive_style,155,345,47.892335547969054,93.06986017403977,105.76568690555797,7214.0,8298.0,15512.0,53.49406910778752,14175.0,0.0,168.37607324123383
drtp_img88_cacheonly_1024mb_1000,1000,500,2,1.0,100.0,ilrsa_style,155,345,90.67737634408591,150.85000000000014,157.9533333333339,15512.0,0.0,15512.0,0.0,14016.0,0.0,260.1698413491249
drtp_img88_cacheonly_1024mb_1000,1000,500,2,2.0,10.0,registry,158,342,115.50506329113917,640.4999999999994,756.4999999999998,7565.0,0.0,7565.0,0.0,6492.0,0.0,71.8214213848114
drtp_img88_cacheonly_1024mb_1000,1000,500,2,2.0,10.0,dragonfly_style,158,342,48.11669303797469,232.67743055555556,246.41666666666669,2372.0,5193.0,7565.0,68.64507600793127,6970.0,0.0,81.03547245264053
drtp_img88_cacheonly_1024mb_1000,1000,500,2,2.0,10.0,peersync_style,158,342,48.1025316455696,232.57743055555554,246.31666666666666,2371.0,5194.0,7565.0,68.65829477858559,7451.0,0.0,148.3672708272934
drtp_img88_cacheonly_1024mb_1000,1000,500,2,2.0,10.0,metapipe_reactive_style,158,342,49.401687613019895,259.60000000000014,277.04809523809513,2596.0,4969.0,7565.0,65.68407138136153,6395.0,0.0,104.29704189300537
drtp_img88_cacheonly_1024mb_1000,1000,500,2,2.0,10.0,ilrsa_style,158,342,161.8873417721518,673.7999999999994,756.5000000000001,7565.0,0.0,7565.0,0.0,8036.0,0.0,130.12384623289108
drtp_img88_cacheonly_1024mb_1000,1000,500,2,2.0,30.0,registry,158,342,38.50168776371309,213.49999999999991,252.16666666666663,7565.0,0.0,7565.0,0.0,6492.0,0.0,69.9300616979599
drtp_img88_cacheonly_1024mb_1000,1000,500,2,2.0,30.0,dragonfly_style,158,342,16.36384041591322,76.67958333333343,88.7500000000001,2372.0,5193.0,7565.0,68.64507600793127,6234.0,0.0,82.24880695343018
drtp_img88_cacheonly_1024mb_1000,1000,500,2,2.0,30.0,peersync_style,158,342,16.370319846292958,76.8033333333334,88.71666666666674,2371.0,5194.0,7565.0,68.65829477858559,6652.0,0.0,150.3380611538887
drtp_img88_cacheonly_1024mb_1000,1000,500,2,2.0,30.0,metapipe_reactive_style,158,342,15.684028254972882,79.03333333333332,102.42829100529103,2371.0,5194.0,7565.0,68.65829477858559,6400.0,0.0,104.99081015586853
drtp_img88_cacheonly_1024mb_1000,1000,500,2,2.0,30.0,ilrsa_style,158,342,53.962447257383914,224.59999999999965,252.16666666666632,7565.0,0.0,7565.0,0.0,8036.0,0.0,129.9545094370842
drtp_img88_cacheonly_1024mb_1000,1000,500,2,2.0,100.0,registry,158,342,11.706413502109704,64.04999999999998,82.42999999999999,7565.0,0.0,7565.0,0.0,6492.0,0.0,69.92974132299423
drtp_img88_cacheonly_1024mb_1000,1000,500,2,2.0,100.0,dragonfly_style,158,342,6.115211121157322,28.893452380952354,47.15928571428567,2576.0,4989.0,7565.0,65.94844679444812,6546.0,0.0,82.63889700174332
drtp_img88_cacheonly_1024mb_1000,1000,500,2,2.0,100.0,peersync_style,158,342,6.14085356389391,28.712976190476173,46.72678571428568,2371.0,5194.0,7565.0,68.65829477858559,6459.0,0.0,151.03884786367416
drtp_img88_cacheonly_1024mb_1000,1000,500,2,2.0,100.0,metapipe_reactive_style,158,342,5.318350391338155,28.478790233968247,49.92871131174602,2893.0,4672.0,7565.0,61.758096497025775,6353.0,0.0,106.36530816555023
drtp_img88_cacheonly_1024mb_1000,1000,500,2,2.0,100.0,ilrsa_style,158,342,16.50805907172996,68.64666666666666,82.42999999999999,7565.0,0.0,7565.0,0.0,8036.0,0.0,130.62947988510132
drtp_img88_cacheonly_1024mb_1000,1000,500,3,0.5,10.0,registry,157,343,848.2484076433125,1488.0000000000007,1560.2000000000005,15602.0,0.0,15602.0,0.0,9376.0,6094.0,101.63464397192001
drtp_img88_cacheonly_1024mb_1000,1000,500,3,0.5,10.0,dragonfly_style,157,343,671.7230278156918,1333.8000000000009,1333.8000000000009,13338.0,2264.0,15602.0,14.510960133316242,9341.0,6094.0,113.22251707315445
drtp_img88_cacheonly_1024mb_1000,1000,500,3,0.5,10.0,peersync_style,157,343,645.8559046102527,1293.2000000000012,1293.2000000000012,12932.0,2670.0,15602.0,17.113190616587616,9360.0,6094.0,170.70966958999634
drtp_img88_cacheonly_1024mb_1000,1000,500,3,0.5,10.0,metapipe_reactive_style,157,343,585.5019271001845,1329.8000000000006,1329.8000000000006,13298.0,2304.0,15602.0,14.767337520830663,9629.0,6094.0,157.91767090559006
drtp_img88_cacheonly_1024mb_1000,1000,500,3,0.5,10.0,ilrsa_style,157,343,1029.5101910828016,1537.7999999999988,1560.199999999997,15602.0,0.0,15602.0,0.0,9493.0,6094.0,246.26122415065765
drtp_img88_cacheonly_1024mb_1000,1000,500,3,0.5,30.0,registry,157,343,282.749469214438,496.0000000000012,520.0666666666675,15602.0,0.0,15602.0,0.0,9376.0,6094.0,99.63364899158478
drtp_img88_cacheonly_1024mb_1000,1000,500,3,0.5,30.0,dragonfly_style,157,343,223.8788793473861,444.59999999999957,444.59999999999957,13338.0,2264.0,15602.0,14.510960133316242,9341.0,6094.0,112.5536561012268
drtp_img88_cacheonly_1024mb_1000,1000,500,3,0.5,30.0,peersync_style,157,343,215.5378736561857,431.0666666666667,431.0666666666667,12932.0,2670.0,15602.0,17.113190616587616,9360.0,6094.0,172.18421399593353
drtp_img88_cacheonly_1024mb_1000,1000,500,3,0.5,30.0,metapipe_reactive_style,157,343,194.94558438819942,443.2666666666667,443.2666666666667,13298.0,2304.0,15602.0,14.767337520830663,9629.0,6094.0,159.98193621635437
drtp_img88_cacheonly_1024mb_1000,1000,500,3,0.5,30.0,ilrsa_style,157,343,343.17006369426775,512.6000000000004,520.0666666666667,15602.0,0.0,15602.0,0.0,9493.0,6094.0,245.2111840248108
drtp_img88_cacheonly_1024mb_1000,1000,500,3,0.5,100.0,registry,157,343,84.83392781316327,148.79999999999944,157.44666666666632,15602.0,0.0,15602.0,0.0,9376.0,6094.0,100.78275203704834
drtp_img88_cacheonly_1024mb_1000,1000,500,3,0.5,100.0,dragonfly_style,157,343,68.04163103873888,145.88157407407405,145.88157407407405,13338.0,2264.0,15602.0,14.510960133316242,9341.0,6094.0,114.26446586847305
drtp_img88_cacheonly_1024mb_1000,1000,500,3,0.5,100.0,peersync_style,157,343,66.06182215945475,143.4755736441799,143.4755736441799,12932.0,2670.0,15602.0,17.113190616587616,9428.0,6094.0,172.2772791981697
drtp_img88_cacheonly_1024mb_1000,1000,500,3,0.5,100.0,metapipe_reactive_style,157,343,59.0764943801471,144.2722433913384,144.2722433913384,13317.0,2285.0,15602.0,14.645558261761312,9129.0,6465.0,164.47922587394714
drtp_img88_cacheonly_1024mb_1000,1000,500,3,0.5,100.0,ilrsa_style,157,343,102.98150743099791,153.78000000000026,157.44666666666726,15602.0,0.0,15602.0,0.0,9493.0,6094.0,245.01262605190277
drtp_img88_cacheonly_1024mb_1000,1000,500,3,1.0,10.0,registry,158,342,655.7455696202546,1465.200000000003,1606.200000000005,16062.0,0.0,16062.0,0.0,15943.0,0.0,112.74614930152893
drtp_img88_cacheonly_1024mb_1000,1000,500,3,1.0,10.0,dragonfly_style,158,342,346.83424326903764,841.2676388888892,890.5343055555575,8834.0,7228.0,16062.0,45.00062258747354,15157.0,0.0,120.48263102769852
drtp_img88_cacheonly_1024mb_1000,1000,500,3,1.0,10.0,peersync_style,158,342,320.73104116435627,721.4400000000005,739.2125000000009,7386.0,8676.0,16062.0,54.015689204333206,15458.0,0.0,203.897126019001
drtp_img88_cacheonly_1024mb_1000,1000,500,3,1.0,10.0,metapipe_reactive_style,158,342,370.8602043183365,813.6706839726633,852.6166666666668,8434.0,7628.0,16062.0,47.49097248163367,14041.0,139.0,181.68416619300842
drtp_img88_cacheonly_1024mb_1000,1000,500,3,1.0,10.0,ilrsa_style,158,342,994.9398734177213,1603.0999999999992,1606.1999999999966,16062.0,0.0,16062.0,0.0,14602.0,0.0,277.5534987449646
drtp_img88_cacheonly_1024mb_1000,1000,500,3,1.0,30.0,registry,158,342,218.58185654008443,488.40000000000043,535.4000000000002,16062.0,0.0,16062.0,0.0,15943.0,0.0,111.11730337142944
drtp_img88_cacheonly_1024mb_1000,1000,500,3,1.0,30.0,dragonfly_style,158,342,117.88273570926246,292.3973611111102,304.5833333333323,8861.0,7201.0,16062.0,44.83252396961773,15229.0,151.0,121.69759720563889
drtp_img88_cacheonly_1024mb_1000,1000,500,3,1.0,30.0,peersync_style,158,342,110.96946277878236,275.86666666666673,286.9541666666667,8276.0,7786.0,16062.0,48.47466068982692,14086.0,887.0,204.9744725227356
drtp_img88_cacheonly_1024mb_1000,1000,500,3,1.0,30.0,metapipe_reactive_style,158,342,126.04179131869287,294.41175890652556,294.41175890652556,8195.0,7867.0,16062.0,48.97895654339435,14180.0,139.0,185.082845389843
drtp_img88_cacheonly_1024mb_1000,1000,500,3,1.0,30.0,ilrsa_style,158,342,331.6466244725744,534.3666666666686,535.4000000000011,16062.0,0.0,16062.0,0.0,14602.0,0.0,277.9206708073616
drtp_img88_cacheonly_1024mb_1000,1000,500,3,1.0,100.0,registry,158,342,65.58421940928247,146.5199999999995,162.14666666666605,16062.0,0.0,16062.0,0.0,15943.0,0.0,111.41116172075272
drtp_img88_cacheonly_1024mb_1000,1000,500,3,1.0,100.0,dragonfly_style,158,342,37.96352523748135,102.79617268518531,102.79617268518531,9066.0,6996.0,16062.0,43.55621964886066,14618.0,352.0,124.69764798879623
drtp_img88_cacheonly_1024mb_1000,1000,500,3,1.0,100.0,peersync_style,158,342,35.75107836401612,89.21648710317449,100.30398710317449,8477.0,7585.0,16062.0,47.22325986801145,14202.0,1088.0,207.4633315205574
drtp_img88_cacheonly_1024mb_1000,1000,500,3,1.0,100.0,metapipe_reactive_style,158,342,40.17581116502646,103.91871107848323,115.00621107848323,8199.0,7863.0,16062.0,48.95405304445275,14273.0,139.0,190.43845683336258
drtp_img88_cacheonly_1024mb_1000,1000,500,3,1.0,100.0,ilrsa_style,158,342,99.590400843882,161.63000000000056,162.1466666666676,16062.0,0.0,16062.0,0.0,14602.0,0.0,277.64125168323517
drtp_img88_cacheonly_1024mb_1000,1000,500,3,2.0,10.0,registry,156,344,63.3365384615384,385.29999999999984,531.7999999999998,5318.0,0.0,5318.0,0.0,5471.0,0.0,58.458976447582245
drtp_img88_cacheonly_1024mb_1000,1000,500,3,2.0,10.0,dragonfly_style,156,344,27.952483974358973,173.30749999999992,194.67499999999993,1940.0,3378.0,5318.0,63.520120345994734,5684.0,0.0,64.57433104515076
drtp_img88_cacheonly_1024mb_1000,1000,500,3,2.0,10.0,peersync_style,156,344,27.388290598290602,170.58333333333343,178.45500000000004,1763.0,3555.0,5318.0,66.84843926288079,5683.0,0.0,108.57466608285904
drtp_img88_cacheonly_1024mb_1000,1000,500,3,2.0,10.0,metapipe_reactive_style,156,344,23.89733084045584,178.01874999999998,193.5,1935.0,3383.0,5318.0,63.614140654381345,5590.0,0.0,78.67840677499771
drtp_img88_cacheonly_1024mb_1000,1000,500,3,2.0,10.0,ilrsa_style,156,344,87.90641025641024,413.09999999999974,531.8000000000001,5318.0,0.0,5318.0,0.0,5803.0,0.0,94.3218469619751
drtp_img88_cacheonly_1024mb_1000,1000,500,3,2.0,30.0,registry,156,344,21.112179487179503,128.4333333333334,177.2666666666667,5318.0,0.0,5318.0,0.0,5471.0,0.0,57.22757428884506
drtp_img88_cacheonly_1024mb_1000,1000,500,3,2.0,30.0,dragonfly_style,156,344,9.770965099715106,60.63333333333338,73.08500000000001,1940.0,3378.0,5318.0,63.520120345994734,5684.0,0.0,64.66098874807358
drtp_img88_cacheonly_1024mb_1000,1000,500,3,2.0,30.0,peersync_style,156,344,9.575970441595445,57.900000000000055,71.65694444444448,1763.0,3555.0,5318.0,66.84843926288079,5683.0,0.0,110.60439795255661
drtp_img88_cacheonly_1024mb_1000,1000,500,3,2.0,30.0,metapipe_reactive_style,156,344,8.249683986229817,61.5652074074074,66.32449999999999,1934.0,3384.0,5318.0,63.63294471605867,5588.0,0.0,79.42456007003784
drtp_img88_cacheonly_1024mb_1000,1000,500,3,2.0,30.0,ilrsa_style,156,344,29.302136752136775,137.70000000000005,177.26666666666668,5318.0,0.0,5318.0,0.0,5803.0,0.0,94.09680217504501
drtp_img88_cacheonly_1024mb_1000,1000,500,3,2.0,100.0,registry,156,344,6.366987179487184,38.53000000000003,56.147500000000036,5318.0,0.0,5318.0,0.0,5471.0,0.0,57.499416172504425
drtp_img88_cacheonly_1024mb_1000,1000,500,3,2.0,100.0,dragonfly_style,156,344,3.3920138888888913,18.680000000000014,34.786000000000016,1940.0,3378.0,5318.0,63.520120345994734,5684.0,0.0,66.68788194656372
drtp_img88_cacheonly_1024mb_1000,1000,500,3,2.0,100.0,peersync_style,156,344,3.3435096153846158,17.96983333333333,34.12799999999999,1763.0,3555.0,5318.0,66.84843926288079,4628.0,0.0,105.31070828437805
drtp_img88_cacheonly_1024mb_1000,1000,500,3,2.0,100.0,metapipe_reactive_style,156,344,2.9654982834015904,19.3500075462963,37.37514834490741,2156.0,3162.0,5318.0,59.45844302369312,5739.0,0.0,81.04508370161057
drtp_img88_cacheonly_1024mb_1000,1000,500,3,2.0,100.0,ilrsa_style,156,344,8.90120192307692,41.310000000000024,56.147500000000065,5318.0,0.0,5318.0,0.0,5803.0,0.0,93.94301474094391
drtp_img88_cacheonly_1024mb_1000,1000,500,4,0.5,10.0,registry,155,345,904.1696774193546,1563.699999999999,1634.099999999999,16341.0,0.0,16341.0,0.0,10415.0,6428.0,108.45453292131424
drtp_img88_cacheonly_1024mb_1000,1000,500,4,0.5,10.0,dragonfly_style,155,345,705.3006808755763,1271.0999999999995,1448.4999999999995,14485.0,1856.0,16341.0,11.357934030965056,10469.0,6428.0,121.99222296476364
drtp_img88_cacheonly_1024mb_1000,1000,500,4,0.5,10.0,peersync_style,155,345,660.7080068484388,1151.800000000001,1329.2000000000012,13292.0,3049.0,16341.0,18.658588825653265,9862.0,6428.0,192.23978370428085
drtp_img88_cacheonly_1024mb_1000,1000,500,4,0.5,10.0,metapipe_reactive_style,155,345,593.0824071812593,1255.0,1432.4,14324.0,2017.0,16341.0,12.343185851539074,10205.0,6428.0,169.83020305633545
drtp_img88_cacheonly_1024mb_1000,1000,500,4,0.5,10.0,ilrsa_style,155,345,1115.4806451612906,1631.5999999999997,1634.0999999999974,16341.0,0.0,16341.0,0.0,10121.0,6428.0,258.5896626114845
drtp_img88_cacheonly_1024mb_1000,1000,500,4,0.5,30.0,registry,155,345,301.3898924731188,521.2333333333344,544.7000000000012,16341.0,0.0,16341.0,0.0,10415.0,6428.0,107.40236192941666
drtp_img88_cacheonly_1024mb_1000,1000,500,4,0.5,30.0,dragonfly_style,155,345,234.61720867895596,422.7666666666679,481.9000000000012,14457.0,1884.0,16341.0,11.529282173673582,10469.0,6428.0,125.7859542965889
drtp_img88_cacheonly_1024mb_1000,1000,500,4,0.5,30.0,peersync_style,155,345,218.95311708909384,384.5999999999999,443.73333333333323,13312.0,3029.0,16341.0,18.536197295147176,10270.0,6428.0,195.59618085622787
drtp_img88_cacheonly_1024mb_1000,1000,500,4,0.5,30.0,metapipe_reactive_style,155,345,198.11439766171705,419.6333333333334,478.7666666666667,14363.0,1978.0,16341.0,12.1045223670522,10349.0,6428.0,175.6458654999733
drtp_img88_cacheonly_1024mb_1000,1000,500,4,0.5,30.0,ilrsa_style,155,345,371.8268817204304,543.8666666666666,544.6999999999991,16341.0,0.0,16341.0,0.0,10121.0,6428.0,257.79806077480316
drtp_img88_cacheonly_1024mb_1000,1000,500,4,0.5,100.0,registry,155,345,90.4254838709676,156.36999999999955,164.7299999999996,16341.0,0.0,16341.0,0.0,10415.0,6428.0,106.6543385386467
drtp_img88_cacheonly_1024mb_1000,1000,500,4,0.5,100.0,dragonfly_style,155,345,72.21463217760221,136.15522222222214,162.02605555555547,14485.0,1856.0,16341.0,11.357934030965056,10252.0,6428.0,123.70967864990234
drtp_img88_cacheonly_1024mb_1000,1000,500,4,0.5,100.0,peersync_style,155,345,67.86181526284348,128.60495039682544,154.47578373015878,13393.0,2948.0,16341.0,18.040511596597515,9998.0,6428.0,192.87696480751038
drtp_img88_cacheonly_1024mb_1000,1000,500,4,0.5,100.0,metapipe_reactive_style,155,345,60.97253549609696,138.30471737534907,164.1755507086824,14363.0,1978.0,16341.0,12.1045223670522,10205.0,6428.0,174.7964546084404
drtp_img88_cacheonly_1024mb_1000,1000,500,4,0.5,100.0,ilrsa_style,155,345,111.62501075268815,164.31333333333356,164.73000000000056,16341.0,0.0,16341.0,0.0,10121.0,6428.0,258.2760378718376
drtp_img88_cacheonly_1024mb_1000,1000,500,4,1.0,10.0,registry,154,346,788.8889610389605,1522.800000000002,1638.2000000000007,16382.0,0.0,16382.0,0.0,15416.0,0.0,117.8474873304367
drtp_img88_cacheonly_1024mb_1000,1000,500,4,1.0,10.0,dragonfly_style,154,346,368.92706233250885,641.6375000000007,702.6375000000008,6980.0,9402.0,16382.0,57.39225979733854,15143.0,0.0,140.4227688908577
drtp_img88_cacheonly_1024mb_1000,1000,500,4,1.0,10.0,peersync_style,154,346,347.4350221603797,581.8374999999995,625.8624999999997,6188.0,10194.0,16382.0,62.22683433036259,15177.0,529.0,239.2938807606697
drtp_img88_cacheonly_1024mb_1000,1000,500,4,1.0,10.0,metapipe_reactive_style,154,346,398.6812032584915,727.865083994709,818.2,8014.0,8368.0,16382.0,51.08045415700159,15620.0,0.0,187.45478242635727
drtp_img88_cacheonly_1024mb_1000,1000,500,4,1.0,10.0,ilrsa_style,154,346,970.262337662338,1634.2000000000028,1638.1999999999991,16382.0,0.0,16382.0,0.0,15415.0,0.0,300.5119040608406
drtp_img88_cacheonly_1024mb_1000,1000,500,4,1.0,30.0,registry,154,346,262.96298701298787,507.60000000000156,546.0666666666679,16382.0,0.0,16382.0,0.0,15416.0,0.0,116.4952889084816
drtp_img88_cacheonly_1024mb_1000,1000,500,4,1.0,30.0,dragonfly_style,154,346,130.95804615027828,229.53569444444443,246.0655555555556,7167.0,9215.0,16382.0,56.25076303259675,14654.0,831.0,140.7582312822342
drtp_img88_cacheonly_1024mb_1000,1000,500,4,1.0,30.0,peersync_style,154,346,123.96983525046394,216.0928301587304,223.46751137566164,5938.0,10444.0,16382.0,63.75289952386766,14098.0,831.0,242.85680800676346
drtp_img88_cacheonly_1024mb_1000,1000,500,4,1.0,30.0,metapipe_reactive_style,154,346,136.4026681792414,256.4019292328044,272.86859589947113,7522.0,8860.0,16382.0,54.083750457819555,15405.0,0.0,186.76075339317322
drtp_img88_cacheonly_1024mb_1000,1000,500,4,1.0,30.0,ilrsa_style,154,346,323.42077922077954,544.7333333333343,546.0666666666664,16382.0,0.0,16382.0,0.0,15415.0,0.0,301.10182613134384
drtp_img88_cacheonly_1024mb_1000,1000,500,4,1.0,100.0,registry,154,346,78.95824675324651,152.27999999999957,169.01999999999975,16382.0,0.0,16382.0,0.0,15416.0,0.0,116.60508811473846
drtp_img88_cacheonly_1024mb_1000,1000,500,4,1.0,100.0,dragonfly_style,154,346,48.54960959821429,102.73637407407396,113.93130231481467,7153.0,9229.0,16382.0,56.336222683433036,15203.0,831.0,138.688862323761
drtp_img88_cacheonly_1024mb_1000,1000,500,4,1.0,100.0,peersync_style,154,346,47.803249443883196,101.51277114814805,113.47622479012335,6404.0,9978.0,16382.0,60.90831400317422,14975.0,831.0,233.4056943655014
drtp_img88_cacheonly_1024mb_1000,1000,500,4,1.0,100.0,metapipe_reactive_style,154,346,43.752210129011175,99.41588106699292,103.11171440032626,7793.0,8589.0,16382.0,52.429495788060066,15117.0,0.0,191.37567281723022
drtp_img88_cacheonly_1024mb_1000,1000,500,4,1.0,100.0,ilrsa_style,154,346,97.31445887445891,168.35333333333358,169.02000000000078,16382.0,0.0,16382.0,0.0,15415.0,0.0,299.8913377523422
drtp_img88_cacheonly_1024mb_1000,1000,500,4,2.0,10.0,registry,159,341,85.36289308176099,559.2999999999995,677.1,6771.0,0.0,6771.0,0.0,5930.0,0.0,67.80418008565903
drtp_img88_cacheonly_1024mb_1000,1000,500,4,2.0,10.0,dragonfly_style,159,341,35.71785770440253,163.3284166666667,252.01666666666708,2496.0,4275.0,6771.0,63.13690739920248,5931.0,0.0,73.79001379013062
drtp_img88_cacheonly_1024mb_1000,1000,500,4,2.0,10.0,peersync_style,159,341,32.74446514675054,141.2333333333333,185.2231666666667,1697.0,5074.0,6771.0,74.93723231428149,6898.0,0.0,127.03538686037064
drtp_img88_cacheonly_1024mb_1000,1000,500,4,2.0,10.0,metapipe_reactive_style,159,341,35.991867649994994,180.72992261904756,246.89999999999998,2469.0,4302.0,6771.0,63.53566681435534,6253.0,0.0,95.87453305721283
drtp_img88_cacheonly_1024mb_1000,1000,500,4,2.0,10.0,ilrsa_style,159,341,124.24402515723263,668.0999999999992,677.1000000000004,6771.0,0.0,6771.0,0.0,7405.0,0.0,116.36649072170258
drtp_img88_cacheonly_1024mb_1000,1000,500,4,2.0,30.0,registry,159,341,28.45429769392034,186.4333333333333,225.69999999999987,6771.0,0.0,6771.0,0.0,5930.0,0.0,66.03635102510452
drtp_img88_cacheonly_1024mb_1000,1000,500,4,2.0,30.0,dragonfly_style,159,341,12.526349842767297,63.133333333333354,87.0598333333333,2468.0,4303.0,6771.0,63.550435681583224,5950.0,0.0,75.03140717744827
drtp_img88_cacheonly_1024mb_1000,1000,500,4,2.0,30.0,peersync_style,159,341,11.927038723270451,60.49473200000007,71.90395200000007,1697.0,5074.0,6771.0,74.93723231428149,6856.0,0.0,123.9384412765503
drtp_img88_cacheonly_1024mb_1000,1000,500,4,2.0,30.0,metapipe_reactive_style,159,341,12.144103935809122,69.56948015873014,78.83801785714284,2348.0,4423.0,6771.0,65.32269974892925,6380.0,0.0,97.05208986997604
drtp_img88_cacheonly_1024mb_1000,1000,500,4,2.0,30.0,ilrsa_style,159,341,41.414675052410864,222.6999999999997,225.69999999999962,6771.0,0.0,6771.0,0.0,7405.0,0.0,116.25554412603378
drtp_img88_cacheonly_1024mb_1000,1000,500,4,2.0,100.0,registry,159,341,8.538553459119491,55.92999999999994,68.06999999999994,6771.0,0.0,6771.0,0.0,5930.0,0.0,66.06647372245789
drtp_img88_cacheonly_1024mb_1000,1000,500,4,2.0,100.0,dragonfly_style,159,341,4.87289851242887,28.05695166666663,37.42349199999996,2440.0,4331.0,6771.0,63.96396396396396,5930.0,0.0,75.25552064180374
drtp_img88_cacheonly_1024mb_1000,1000,500,4,2.0,100.0,peersync_style,159,341,4.875854837795744,28.09641966666663,37.59538293333328,1697.0,5074.0,6771.0,74.93723231428149,6774.0,0.0,125.23983418941498
drtp_img88_cacheonly_1024mb_1000,1000,500,4,2.0,100.0,metapipe_reactive_style,159,341,4.378635056224593,24.94481907351852,38.29698368566667,2413.0,4358.0,6771.0,64.36272337911682,6444.0,0.0,101.0323092341423
drtp_img88_cacheonly_1024mb_1000,1000,500,4,2.0,100.0,ilrsa_style,159,341,12.428888888888867,66.80999999999987,68.0699999999998,6771.0,0.0,6771.0,0.0,7405.0,0.0,117.20095574855804
drtp_img88_cacheonly_1024mb_1000,1000,500,5,0.5,10.0,registry,152,348,875.7888157894727,1589.1999999999985,1706.8999999999992,17069.0,0.0,17069.0,0.0,9866.0,6981.0,99.96945410966873
drtp_img88_cacheonly_1024mb_1000,1000,500,5,0.5,10.0,dragonfly_style,152,348,664.8495147243118,1305.000000000001,1482.400000000001,14824.0,2245.0,17069.0,13.152498681820845,9750.0,6981.0,113.79212141036987
drtp_img88_cacheonly_1024mb_1000,1000,500,5,0.5,10.0,peersync_style,152,348,613.3651291875518,1187.200000000001,1364.600000000001,13646.0,3423.0,17069.0,20.053898881012362,10041.0,6981.0,185.34483760595322
drtp_img88_cacheonly_1024mb_1000,1000,500,5,0.5,10.0,metapipe_reactive_style,152,348,532.4419529291978,1287.3999999999999,1464.8,14648.0,2421.0,17069.0,14.183607709883415,9793.0,6981.0,162.1834933757782
drtp_img88_cacheonly_1024mb_1000,1000,500,5,0.5,10.0,ilrsa_style,152,348,1255.9184210526303,1704.2999999999984,1706.899999999996,17069.0,0.0,17069.0,0.0,9816.0,6981.0,244.55910921096802
drtp_img88_cacheonly_1024mb_1000,1000,500,5,0.5,30.0,registry,152,348,291.92960526315824,529.733333333334,568.9666666666681,17069.0,0.0,17069.0,0.0,9866.0,6981.0,98.95055741071701
drtp_img88_cacheonly_1024mb_1000,1000,500,5,0.5,30.0,dragonfly_style,152,348,221.83200524749338,434.9999999999998,494.1333333333331,14824.0,2245.0,17069.0,13.152498681820845,9750.0,6981.0,114.71497267484665
drtp_img88_cacheonly_1024mb_1000,1000,500,5,0.5,30.0,peersync_style,152,348,204.66225375939845,395.73333333333284,454.86666666666616,13646.0,3423.0,17069.0,20.053898881012362,10128.0,6981.0,185.03424525260925
drtp_img88_cacheonly_1024mb_1000,1000,500,5,0.5,30.0,metapipe_reactive_style,152,348,178.64262164804387,429.46666666666687,488.6000000000002,14658.0,2411.0,17069.0,14.125021969652586,9793.0,6981.0,164.76646065711975
drtp_img88_cacheonly_1024mb_1000,1000,500,5,0.5,30.0,ilrsa_style,152,348,418.63947368421094,568.1000000000016,568.9666666666675,17069.0,0.0,17069.0,0.0,9816.0,6981.0,245.18615752458572
drtp_img88_cacheonly_1024mb_1000,1000,500,5,0.5,100.0,registry,152,348,87.65375000000002,158.91999999999993,175.67000000000004,17069.0,0.0,17069.0,0.0,9866.0,6981.0,98.72794896364212
drtp_img88_cacheonly_1024mb_1000,1000,500,5,0.5,100.0,dragonfly_style,152,348,67.28140784065819,136.83874999999998,162.7095833333333,14821.0,2248.0,17069.0,13.170074403890093,9750.0,6981.0,115.67091196775436
drtp_img88_cacheonly_1024mb_1000,1000,500,5,0.5,100.0,peersync_style,152,348,62.140720929243834,125.99247921390788,151.8633125472412,13646.0,3423.0,17069.0,20.053898881012362,10172.0,6981.0,186.64168566465378
drtp_img88_cacheonly_1024mb_1000,1000,500,5,0.5,100.0,metapipe_reactive_style,152,348,54.14941071072153,135.8435971672469,161.71443050058025,14686.0,2383.0,17069.0,13.960981897006269,9793.0,6981.0,167.23665595054626
drtp_img88_cacheonly_1024mb_1000,1000,500,5,0.5,100.0,ilrsa_style,152,348,125.88403508771934,175.23666666666728,175.67000000000095,17069.0,0.0,17069.0,0.0,9816.0,6981.0,245.26220560073853
drtp_img88_cacheonly_1024mb_1000,1000,500,5,1.0,10.0,registry,153,347,739.9117647058819,1586.0000000000005,1742.7000000000005,17427.0,0.0,17427.0,0.0,16894.0,0.0,127.29213386774063
drtp_img88_cacheonly_1024mb_1000,1000,500,5,1.0,10.0,dragonfly_style,153,347,438.02488061232685,799.8502777777762,888.5513888888877,8835.0,8592.0,17427.0,49.30280599070408,15800.0,0.0,149.5550200343132
drtp_img88_cacheonly_1024mb_1000,1000,500,5,1.0,10.0,peersync_style,153,347,403.32835370197444,637.9770833333343,778.1500000000016,7604.0,9823.0,17427.0,56.36655764044299,16849.0,225.0,279.4206812977791
drtp_img88_cacheonly_1024mb_1000,1000,500,5,1.0,10.0,metapipe_reactive_style,153,347,397.3690813875706,716.6224489500667,761.0000000000003,7610.0,9817.0,17427.0,56.3321283066506,16397.0,0.0,206.83550089597702
drtp_img88_cacheonly_1024mb_1000,1000,500,5,1.0,10.0,ilrsa_style,153,347,1043.239215686275,1739.6000000000006,1742.699999999998,17427.0,0.0,17427.0,0.0,16326.0,0.0,319.17382776737213
drtp_img88_cacheonly_1024mb_1000,1000,500,5,1.0,30.0,registry,153,347,246.63725490196077,528.6666666666667,580.9000000000002,17427.0,0.0,17427.0,0.0,16894.0,0.0,124.90024417638779
drtp_img88_cacheonly_1024mb_1000,1000,500,5,1.0,30.0,dragonfly_style,153,347,149.53394541177227,262.76909259259213,302.3857592592591,8829.0,8598.0,17427.0,49.33723532449647,15832.0,225.0,153.04957330226898
drtp_img88_cacheonly_1024mb_1000,1000,500,5,1.0,30.0,peersync_style,153,347,138.34043110454064,225.62652380952372,266.9887499999999,7448.0,9979.0,17427.0,57.26172031904516,16225.0,475.0,278.18218618631363
drtp_img88_cacheonly_1024mb_1000,1000,500,5,1.0,30.0,metapipe_reactive_style,153,347,141.55207632856607,314.11,325.1975,8625.0,8802.0,17427.0,50.50783267343777,15281.0,887.0,212.7259224653244
drtp_img88_cacheonly_1024mb_1000,1000,500,5,1.0,30.0,ilrsa_style,153,347,347.7464052287584,579.8666666666682,580.9000000000007,17427.0,0.0,17427.0,0.0,16326.0,0.0,317.54352152347565
drtp_img88_cacheonly_1024mb_1000,1000,500,5,1.0,100.0,registry,153,347,74.07836601307169,158.59999999999943,181.23666666666622,17427.0,0.0,17427.0,0.0,16894.0,0.0,124.79045987129211
drtp_img88_cacheonly_1024mb_1000,1000,500,5,1.0,100.0,dragonfly_style,153,347,49.68034316758796,96.81251450113369,117.504619962207,8810.0,8617.0,17427.0,49.44626154817237,15836.0,475.0,155.92628717422485
drtp_img88_cacheonly_1024mb_1000,1000,500,5,1.0,100.0,peersync_style,153,347,46.35186165406745,93.54085725371637,112.01971950281353,7578.0,9849.0,17427.0,56.515751420210016,16014.0,475.0,269.1601514816284
drtp_img88_cacheonly_1024mb_1000,1000,500,5,1.0,100.0,metapipe_reactive_style,153,347,44.28145199047852,103.93225637688886,129.8030897102222,8873.0,8554.0,17427.0,49.08475354335227,15281.0,887.0,216.1267027258873
drtp_img88_cacheonly_1024mb_1000,1000,500,5,1.0,100.0,ilrsa_style,153,347,104.72840958605673,180.72000000000025,181.2366666666673,17427.0,0.0,17427.0,0.0,16326.0,0.0,319.5204958319664
drtp_img88_cacheonly_1024mb_1000,1000,500,5,2.0,10.0,registry,154,346,112.08116883116882,558.1000000000003,659.5999999999997,6596.0,0.0,6596.0,0.0,7669.0,0.0,67.08423048257828
drtp_img88_cacheonly_1024mb_1000,1000,500,5,2.0,10.0,dragonfly_style,154,346,70.94500649350643,303.2071666666663,314.5999999999997,3146.0,3450.0,6596.0,52.30442692540934,8007.0,0.0,74.1187185049057
drtp_img88_cacheonly_1024mb_1000,1000,500,5,2.0,10.0,peersync_style,154,346,65.93750231910938,271.4071666666664,282.5999999999998,2826.0,3770.0,6596.0,57.155852031534266,7010.0,0.0,131.07312470674515
drtp_img88_cacheonly_1024mb_1000,1000,500,5,2.0,10.0,metapipe_reactive_style,154,346,65.1195069959802,311.521875,322.581875,3152.0,3444.0,6596.0,52.213462704669496,8083.0,0.0,88.70339393615723
drtp_img88_cacheonly_1024mb_1000,1000,500,5,2.0,10.0,ilrsa_style,154,346,162.39935064935048,629.399999999999,659.5999999999999,6596.0,0.0,6596.0,0.0,7699.0,0.0,104.40973937511444
drtp_img88_cacheonly_1024mb_1000,1000,500,5,2.0,30.0,registry,154,346,37.36038961038961,186.03333333333325,219.86666666666648,6596.0,0.0,6596.0,0.0,7669.0,0.0,65.36924839019775
drtp_img88_cacheonly_1024mb_1000,1000,500,5,2.0,30.0,dragonfly_style,154,346,23.87492277365493,101.13764285714296,112.08514285714296,3148.0,3448.0,6596.0,52.27410551849606,8009.0,0.0,75.95500349998474
drtp_img88_cacheonly_1024mb_1000,1000,500,5,2.0,30.0,peersync_style,154,346,22.457891929499084,90.6738333333334,101.6213333333334,2826.0,3770.0,6596.0,57.155852031534266,6956.0,0.0,128.59361618757248
drtp_img88_cacheonly_1024mb_1000,1000,500,5,2.0,30.0,metapipe_reactive_style,154,346,22.044865958694086,104.00500000000001,117.94066666666669,3152.0,3444.0,6596.0,52.213462704669496,8083.0,0.0,89.7531509399414
drtp_img88_cacheonly_1024mb_1000,1000,500,5,2.0,30.0,ilrsa_style,154,346,54.1331168831168,209.79999999999953,219.86666666666613,6596.0,0.0,6596.0,0.0,7699.0,0.0,104.00364547967911
drtp_img88_cacheonly_1024mb_1000,1000,500,5,2.0,100.0,registry,154,346,11.216948051948053,55.81000000000002,66.64000000000006,6596.0,0.0,6596.0,0.0,7669.0,0.0,65.62046706676483
drtp_img88_cacheonly_1024mb_1000,1000,500,5,2.0,100.0,dragonfly_style,154,346,7.358579622758192,28.564833333333308,38.97466666666665,3148.0,3448.0,6596.0,52.27410551849606,8060.0,0.0,76.7645314335823
drtp_img88_cacheonly_1024mb_1000,1000,500,5,2.0,100.0,peersync_style,154,346,7.246746151996142,28.239666666666647,38.364666666666636,2826.0,3770.0,6596.0,57.155852031534266,6461.0,0.0,125.24990737438202
drtp_img88_cacheonly_1024mb_1000,1000,500,5,2.0,100.0,metapipe_reactive_style,154,346,6.873634323678966,31.56590277777778,42.625902777777775,3563.0,3033.0,6596.0,45.982413583990294,7606.0,0.0,90.81883728504181
drtp_img88_cacheonly_1024mb_1000,1000,500,5,2.0,100.0,ilrsa_style,154,346,16.257175324675313,62.94000000000003,66.64000000000011,6596.0,0.0,6596.0,0.0,7699.0,0.0,104.9564927816391
drtp_img88_cacheonly_1024mb_1000,1000,500,6,0.5,10.0,registry,150,350,903.6546666666654,1703.9999999999957,1792.4999999999955,17925.0,0.0,17925.0,0.0,12926.0,4988.0,136.90491765737534
drtp_img88_cacheonly_1024mb_1000,1000,500,6,0.5,10.0,dragonfly_style,150,350,741.1229964285708,1380.9000000000008,1469.6000000000008,14696.0,3229.0,17925.0,18.0139470013947,12977.0,4988.0,151.91642940044403
drtp_img88_cacheonly_1024mb_1000,1000,500,6,0.5,10.0,peersync_style,150,350,629.1796160052905,1158.9000000000005,1247.6000000000006,12476.0,5449.0,17925.0,30.398884239888424,13312.0,4988.0,261.9798257946968
drtp_img88_cacheonly_1024mb_1000,1000,500,6,0.5,10.0,metapipe_reactive_style,150,350,613.897693429138,1273.7439999999995,1451.1439999999996,14511.0,3414.0,17925.0,19.04602510460251,13028.0,4988.0,218.41058880090714
drtp_img88_cacheonly_1024mb_1000,1000,500,6,0.5,10.0,ilrsa_style,150,350,1369.954666666666,1790.8,1792.4999999999986,17925.0,0.0,17925.0,0.0,12664.0,4988.0,360.41513830423355
drtp_img88_cacheonly_1024mb_1000,1000,500,6,0.5,30.0,registry,150,350,301.21822222222227,567.9999999999991,597.4999999999995,17925.0,0.0,17925.0,0.0,12926.0,4988.0,136.75310462713242
drtp_img88_cacheonly_1024mb_1000,1000,500,6,0.5,30.0,dragonfly_style,150,350,247.62976045370402,456.2666666666677,485.83333333333434,14575.0,3350.0,17925.0,18.688981868898185,13013.0,4988.0,151.13388746976852
drtp_img88_cacheonly_1024mb_1000,1000,500,6,0.5,30.0,peersync_style,150,350,210.0029971719575,386.0999999999998,415.66666666666646,12470.0,5455.0,17925.0,30.432357043235704,13290.0,4988.0,264.73597437143326
drtp_img88_cacheonly_1024mb_1000,1000,500,6,0.5,30.0,metapipe_reactive_style,150,350,204.9949079604652,425.41066666666677,484.5440000000001,14535.0,3390.0,17925.0,18.91213389121339,13028.0,4988.0,220.72361409664154
drtp_img88_cacheonly_1024mb_1000,1000,500,6,0.5,30.0,ilrsa_style,150,350,456.6515555555556,596.9333333333343,597.5000000000006,17925.0,0.0,17925.0,0.0,12664.0,4988.0,359.61106419563293
drtp_img88_cacheonly_1024mb_1000,1000,500,6,0.5,100.0,registry,150,350,90.37291666666653,170.39999999999975,179.6224999999998,17925.0,0.0,17925.0,0.0,12926.0,4988.0,135.69434732198715
drtp_img88_cacheonly_1024mb_1000,1000,500,6,0.5,100.0,dragonfly_style,150,350,73.44634604997054,135.72119356260998,157.89619356261,14908.0,3017.0,17925.0,16.83124128312413,13054.0,4988.0,152.74158120155334
drtp_img88_cacheonly_1024mb_1000,1000,500,6,0.5,100.0,peersync_style,150,350,62.012934821468214,111.68927387938454,133.86427387938454,12440.0,5485.0,17925.0,30.599721059972104,12884.0,4988.0,262.99430429935455
drtp_img88_cacheonly_1024mb_1000,1000,500,6,0.5,100.0,metapipe_reactive_style,150,350,62.766338970330395,134.69161148393965,156.86661148393966,14827.0,3098.0,17925.0,17.283124128312412,13028.0,4988.0,226.30150616168976
drtp_img88_cacheonly_1024mb_1000,1000,500,6,0.5,100.0,ilrsa_style,150,350,137.01631666666685,179.41000000000085,179.62250000000068,17925.0,0.0,17925.0,0.0,12664.0,4988.0,359.99511182308197
drtp_img88_cacheonly_1024mb_1000,1000,500,6,1.0,10.0,registry,149,351,548.3624161073825,1194.200000000002,1316.3000000000031,13163.0,0.0,13163.0,0.0,14604.0,0.0,124.625563621521
drtp_img88_cacheonly_1024mb_1000,1000,500,6,1.0,10.0,dragonfly_style,149,351,367.24306853893705,671.1000000000006,797.3666666666677,7969.0,5194.0,13163.0,39.45908987312922,13126.0,200.0,141.4526402950287
drtp_img88_cacheonly_1024mb_1000,1000,500,6,1.0,10.0,peersync_style,149,351,331.4066869606899,588.0012460317466,591.5705317460327,5882.0,7281.0,13163.0,55.314138114411605,12677.0,200.0,274.18436855077744
drtp_img88_cacheonly_1024mb_1000,1000,500,6,1.0,10.0,metapipe_reactive_style,149,351,334.188088259295,691.9817360317461,842.8000000000002,8428.0,4735.0,13163.0,35.97204284737522,13591.0,0.0,201.3459950685501
drtp_img88_cacheonly_1024mb_1000,1000,500,6,1.0,10.0,ilrsa_style,149,351,759.0315436241619,1313.3000000000034,1316.3000000000009,13163.0,0.0,13163.0,0.0,14319.0,0.0,326.56391710042953
drtp_img88_cacheonly_1024mb_1000,1000,500,6,1.0,30.0,registry,149,351,182.78747203579428,398.06666666666746,438.76666666666733,13163.0,0.0,13163.0,0.0,14604.0,0.0,122.39965796470642
drtp_img88_cacheonly_1024mb_1000,1000,500,6,1.0,30.0,dragonfly_style,149,351,124.54727861670386,226.73333333333275,269.13333333333276,8060.0,5103.0,13163.0,38.767758109853375,12701.0,200.0,142.1995833516121
drtp_img88_cacheonly_1024mb_1000,1000,500,6,1.0,30.0,peersync_style,149,351,109.48582561521248,199.83468333333337,204.2400000000001,5962.0,7201.0,13163.0,54.706373926916356,12741.0,200.0,280.6471437215805
drtp_img88_cacheonly_1024mb_1000,1000,500,6,1.0,30.0,metapipe_reactive_style,149,351,112.37809824496591,231.44816150163766,281.46666666666664,8444.0,4719.0,13163.0,35.85049000987617,13577.0,0.0,202.24688947200775
drtp_img88_cacheonly_1024mb_1000,1000,500,6,1.0,30.0,ilrsa_style,149,351,253.0105145413872,437.7666666666672,438.76666666666796,13163.0,0.0,13163.0,0.0,14319.0,0.0,324.52645897865295
drtp_img88_cacheonly_1024mb_1000,1000,500,6,1.0,100.0,registry,149,351,54.877539149887994,119.41999999999967,135.503333333333,13163.0,0.0,13163.0,0.0,14604.0,0.0,123.17723035812378
drtp_img88_cacheonly_1024mb_1000,1000,500,6,1.0,100.0,dragonfly_style,149,351,39.457121015766546,75.1094460317462,90.44313492063509,7950.0,5213.0,13163.0,39.60343386765935,12705.0,200.0,143.0194526910782
drtp_img88_cacheonly_1024mb_1000,1000,500,6,1.0,100.0,peersync_style,149,351,35.545382451084826,70.99060119047628,79.06922449735461,6336.0,6827.0,13163.0,51.86507635037606,12633.0,200.0,280.8166816830635
drtp_img88_cacheonly_1024mb_1000,1000,500,6,1.0,100.0,metapipe_reactive_style,149,351,34.52249976957345,70.46131055391649,89.02757646735814,8215.0,4948.0,13163.0,37.590214996581324,12699.0,200.0,203.77924293279648
drtp_img88_cacheonly_1024mb_1000,1000,500,6,1.0,100.0,ilrsa_style,149,351,76.31178970917236,135.00333333333356,135.50333333333393,13163.0,0.0,13163.0,0.0,14319.0,0.0,325.3222927451134
drtp_img88_cacheonly_1024mb_1000,1000,500,6,2.0,10.0,registry,150,350,176.00400000000016,820.9000000000008,928.3000000000006,9283.0,0.0,9283.0,0.0,7783.0,0.0,103.14517468214035
drtp_img88_cacheonly_1024mb_1000,1000,500,6,2.0,10.0,dragonfly_style,150,350,39.91413683862434,177.99093749999992,279.5375,2770.0,6513.0,9283.0,70.160508456318,8125.0,0.0,111.94781213998795
drtp_img88_cacheonly_1024mb_1000,1000,500,6,2.0,10.0,peersync_style,150,350,34.67579499206353,138.07708333333372,179.56666666666686,1791.0,7492.0,9283.0,80.70666810298395,8278.0,0.0,213.26479315757751
drtp_img88_cacheonly_1024mb_1000,1000,500,6,2.0,10.0,metapipe_reactive_style,150,350,41.23545999911819,147.35323552721098,236.7000000000001,2367.0,6916.0,9283.0,74.50177744263708,8080.0,0.0,150.13597160577774
drtp_img88_cacheonly_1024mb_1000,1000,500,6,2.0,10.0,ilrsa_style,150,350,235.02266666666677,901.8999999999991,928.3000000000009,9283.0,0.0,9283.0,0.0,8031.0,0.0,187.17294186353683
drtp_img88_cacheonly_1024mb_1000,1000,500,6,2.0,30.0,registry,150,350,58.66799999999989,273.6333333333326,309.43333333333254,9283.0,0.0,9283.0,0.0,7783.0,0.0,101.75986588001251
drtp_img88_cacheonly_1024mb_1000,1000,500,6,2.0,30.0,dragonfly_style,150,350,13.996807192460318,58.271738591269894,92.87590525793652,2770.0,6513.0,9283.0,70.160508456318,8129.0,0.0,113.34260553121567
drtp_img88_cacheonly_1024mb_1000,1000,500,6,2.0,30.0,peersync_style,150,350,12.298602916666677,51.16666666666675,62.85495833333346,1791.0,7492.0,9283.0,80.70666810298395,8504.0,0.0,213.03223818540573
drtp_img88_cacheonly_1024mb_1000,1000,500,6,2.0,30.0,metapipe_reactive_style,150,350,14.681788597848554,57.50814006559852,72.87113060365793,1972.0,7311.0,9283.0,78.7568673920069,7587.0,0.0,154.9101620912552
drtp_img88_cacheonly_1024mb_1000,1000,500,6,2.0,30.0,ilrsa_style,150,350,78.34088888888884,300.6333333333335,309.4333333333335,9283.0,0.0,9283.0,0.0,8031.0,0.0,189.21052664518356
drtp_img88_cacheonly_1024mb_1000,1000,500,6,2.0,100.0,registry,150,350,17.614088888888904,82.09000000000013,94.08333333333358,9283.0,0.0,9283.0,0.0,7783.0,0.0,101.54002159833908
drtp_img88_cacheonly_1024mb_1000,1000,500,6,2.0,100.0,dragonfly_style,150,350,5.513233049652773,25.288637656249964,34.16005979166661,2231.0,7052.0,9283.0,75.96682107077453,7559.0,0.0,119.03809756040573
drtp_img88_cacheonly_1024mb_1000,1000,500,6,2.0,100.0,peersync_style,150,350,5.5357416102430514,25.7428802083333,34.28531093749995,1791.0,7492.0,9283.0,80.70666810298395,8455.0,0.0,226.23661160469055
drtp_img88_cacheonly_1024mb_1000,1000,500,6,2.0,100.0,metapipe_reactive_style,150,350,5.75297461831891,26.129505376520473,35.5010181567552,2723.0,6560.0,9283.0,70.66681029839492,7563.0,0.0,157.46449679136276
drtp_img88_cacheonly_1024mb_1000,1000,500,6,2.0,100.0,ilrsa_style,150,350,23.52488888888889,90.19000000000011,94.0833333333333,9283.0,0.0,9283.0,0.0,8031.0,0.0,187.97259777784348
drtp_img88_cacheonly_1024mb_1000,1000,500,7,0.5,10.0,registry,153,347,945.1836601307176,1796.6999999999962,1921.599999999996,19216.0,0.0,19216.0,0.0,11863.0,7649.0,117.55481362342834
drtp_img88_cacheonly_1024mb_1000,1000,500,7,0.5,10.0,dragonfly_style,153,347,674.4536842514791,1488.400000000001,1665.800000000001,16658.0,2558.0,19216.0,13.311823480432972,11903.0,7649.0,134.33552533388138
drtp_img88_cacheonly_1024mb_1000,1000,500,7,0.5,10.0,peersync_style,153,347,648.0266914358347,1376.9000000000021,1554.3000000000022,15543.0,3673.0,19216.0,19.11427976686095,11618.0,7649.0,216.43000841140747
drtp_img88_cacheonly_1024mb_1000,1000,500,7,0.5,10.0,metapipe_reactive_style,153,347,593.6750686598708,1446.3000000000004,1623.7000000000005,16237.0,2979.0,19216.0,15.50270607826811,11844.0,7649.0,189.8355633020401
drtp_img88_cacheonly_1024mb_1000,1000,500,7,0.5,10.0,ilrsa_style,153,347,1336.0771241830053,1919.8,1921.5999999999988,19216.0,0.0,19216.0,0.0,11522.0,7649.0,284.7049832344055
drtp_img88_cacheonly_1024mb_1000,1000,500,7,0.5,30.0,registry,153,347,315.06122004357354,598.9000000000015,640.5333333333346,19216.0,0.0,19216.0,0.0,11863.0,7649.0,115.83000421524048
drtp_img88_cacheonly_1024mb_1000,1000,500,7,0.5,30.0,dragonfly_style,153,347,225.05743697478974,496.1333333333328,555.2666666666662,16658.0,2558.0,19216.0,13.311823480432972,11922.0,7649.0,133.35999846458435
drtp_img88_cacheonly_1024mb_1000,1000,500,7,0.5,30.0,peersync_style,153,347,216.05489372600897,458.33333333333314,517.4666666666665,15524.0,3692.0,19216.0,19.213155703580348,11625.0,7649.0,217.0659601688385
drtp_img88_cacheonly_1024mb_1000,1000,500,7,0.5,30.0,metapipe_reactive_style,153,347,197.68597799239646,482.1,541.2333333333333,16237.0,2979.0,19216.0,15.50270607826811,11849.0,7649.0,193.13490390777588
drtp_img88_cacheonly_1024mb_1000,1000,500,7,0.5,30.0,ilrsa_style,153,347,445.3590413943355,639.9333333333334,640.5333333333331,19216.0,0.0,19216.0,0.0,11522.0,7649.0,284.96063500642776
drtp_img88_cacheonly_1024mb_1000,1000,500,7,0.5,100.0,registry,153,347,94.52442810457495,179.66999999999973,193.08749999999975,19216.0,0.0,19216.0,0.0,11863.0,7649.0,115.69167673587799
drtp_img88_cacheonly_1024mb_1000,1000,500,7,0.5,100.0,dragonfly_style,153,347,69.55283687450284,164.4924206349206,190.36325396825393,16821.0,2395.0,19216.0,12.463572023313905,11986.0,7649.0,133.28867405653
drtp_img88_cacheonly_1024mb_1000,1000,500,7,0.5,100.0,peersync_style,153,347,66.86150123272357,154.5606250000001,180.43145833333344,15588.0,3628.0,19216.0,18.880099916736054,11307.0,7876.0,220.12759745121002
drtp_img88_cacheonly_1024mb_1000,1000,500,7,0.5,100.0,metapipe_reactive_style,153,347,61.0294617704986,163.32534497190295,189.1961783052363,16619.0,2597.0,19216.0,13.514779350541216,11978.0,7649.0,197.0512419939041
drtp_img88_cacheonly_1024mb_1000,1000,500,7,0.5,100.0,ilrsa_style,153,347,133.6844281045753,192.86250000000032,193.08750000000018,19216.0,0.0,19216.0,0.0,11522.0,7649.0,283.6747020483017
drtp_img88_cacheonly_1024mb_1000,1000,500,7,1.0,10.0,registry,150,350,684.4766666666667,1285.5999999999997,1527.699999999999,15277.0,0.0,15277.0,0.0,14037.0,0.0,100.45602172613144
drtp_img88_cacheonly_1024mb_1000,1000,500,7,1.0,10.0,dragonfly_style,150,350,383.81079765211683,786.1955158730166,813.9560763888896,7943.0,7334.0,15277.0,48.006807619296985,13196.0,0.0,107.16056823730469
drtp_img88_cacheonly_1024mb_1000,1000,500,7,1.0,10.0,peersync_style,150,350,371.01620567548537,746.9852076719583,785.3750000000005,7711.0,7566.0,15277.0,49.5254303855469,13140.0,0.0,194.90160793066025
drtp_img88_cacheonly_1024mb_1000,1000,500,7,1.0,10.0,metapipe_reactive_style,150,350,361.76737035420325,736.8608366402113,765.1499999999997,7430.0,7847.0,15277.0,51.364796753289255,12246.0,887.0,145.72089165449142
drtp_img88_cacheonly_1024mb_1000,1000,500,7,1.0,10.0,ilrsa_style,150,350,820.0799999999997,1525.1999999999978,1527.6999999999957,15277.0,0.0,15277.0,0.0,13977.0,0.0,238.7084737420082
drtp_img88_cacheonly_1024mb_1000,1000,500,7,1.0,30.0,registry,150,350,228.15888888888875,428.53333333333313,509.23333333333346,15277.0,0.0,15277.0,0.0,14037.0,0.0,99.0423783659935
drtp_img88_cacheonly_1024mb_1000,1000,500,7,1.0,30.0,dragonfly_style,150,350,129.89466078538354,260.9999999999997,288.5412702546296,7941.0,7336.0,15277.0,48.0198991948681,13228.0,0.0,107.87416994571686
drtp_img88_cacheonly_1024mb_1000,1000,500,7,1.0,30.0,peersync_style,150,350,125.22266155092589,247.0042129629627,275.5997895171954,7680.0,7597.0,15277.0,49.72834980689926,13183.0,0.0,194.32872533798218
drtp_img88_cacheonly_1024mb_1000,1000,500,7,1.0,30.0,metapipe_reactive_style,150,350,122.87536845697238,269.7411060185185,280.8286060185185,7430.0,7847.0,15277.0,51.364796753289255,13120.0,0.0,148.18918704986572
drtp_img88_cacheonly_1024mb_1000,1000,500,7,1.0,30.0,ilrsa_style,150,350,273.35999999999996,508.40000000000026,509.2333333333342,15277.0,0.0,15277.0,0.0,13977.0,0.0,237.80636489391327
drtp_img88_cacheonly_1024mb_1000,1000,500,7,1.0,100.0,registry,150,350,68.47243333333327,128.55999999999986,155.90499999999975,15277.0,0.0,15277.0,0.0,14037.0,0.0,98.76924753189087
drtp_img88_cacheonly_1024mb_1000,1000,500,7,1.0,100.0,dragonfly_style,150,350,31.26229483820475,66.84364788657405,82.70864788657406,7021.0,8256.0,15277.0,54.0420239575833,13190.0,617.0,111.16427928209305
drtp_img88_cacheonly_1024mb_1000,1000,500,7,1.0,100.0,peersync_style,150,350,30.749808055979955,64.18412409722224,79.92162409722226,6534.0,8743.0,15277.0,57.229822609151014,13078.0,617.0,199.8974084854126
drtp_img88_cacheonly_1024mb_1000,1000,500,7,1.0,100.0,metapipe_reactive_style,150,350,38.81590991619824,97.95653067129628,112.73986400462962,7469.0,7808.0,15277.0,51.10951102965242,13120.0,0.0,151.4112949371338
drtp_img88_cacheonly_1024mb_1000,1000,500,7,1.0,100.0,ilrsa_style,150,350,82.21831666666654,155.59249999999963,155.90499999999938,15277.0,0.0,15277.0,0.0,13977.0,0.0,239.60427939891815
drtp_img88_cacheonly_1024mb_1000,1000,500,7,2.0,10.0,registry,153,347,93.21895424836617,520.3000000000008,592.1000000000013,5921.0,0.0,5921.0,0.0,5880.0,0.0,82.28000998497009
drtp_img88_cacheonly_1024mb_1000,1000,500,7,2.0,10.0,dragonfly_style,153,347,40.73796951187879,206.94097222222203,270.63749999999965,2698.0,3223.0,5921.0,54.433372741091034,5789.0,0.0,92.37157553434372
drtp_img88_cacheonly_1024mb_1000,1000,500,7,2.0,10.0,peersync_style,153,347,38.944872652764765,196.36493055555533,232.56666666666632,2321.0,3600.0,5921.0,60.80054044924844,5883.0,0.0,173.80712181329727
drtp_img88_cacheonly_1024mb_1000,1000,500,7,2.0,10.0,metapipe_reactive_style,153,347,37.59762361240793,241.26816666666667,279.9,2799.0,3122.0,5921.0,52.72757980070934,5670.0,0.0,116.77942425012589
drtp_img88_cacheonly_1024mb_1000,1000,500,7,2.0,10.0,ilrsa_style,153,347,123.1137254901963,536.3000000000023,592.1000000000031,5921.0,0.0,5921.0,0.0,6533.0,0.0,154.02670949697495
drtp_img88_cacheonly_1024mb_1000,1000,500,7,2.0,30.0,registry,153,347,31.07298474945529,173.43333333333294,197.36666666666628,5921.0,0.0,5921.0,0.0,5880.0,0.0,80.15353232622147
drtp_img88_cacheonly_1024mb_1000,1000,500,7,2.0,30.0,dragonfly_style,153,347,14.777636765354288,75.20737847222227,93.50416666666669,2780.0,3141.0,5921.0,53.04847154196926,5763.0,0.0,90.84665775299072
drtp_img88_cacheonly_1024mb_1000,1000,500,7,2.0,30.0,peersync_style,153,347,13.63472578846353,68.25433531746032,77.83333333333333,2321.0,3600.0,5921.0,60.80054044924844,5856.0,0.0,166.22698307037354
drtp_img88_cacheonly_1024mb_1000,1000,500,7,2.0,30.0,metapipe_reactive_style,153,347,12.834611419753092,79.78906210317463,93.30000000000003,2799.0,3122.0,5921.0,52.72757980070934,5669.0,0.0,117.8961992263794
drtp_img88_cacheonly_1024mb_1000,1000,500,7,2.0,30.0,ilrsa_style,153,347,41.03790849673195,178.76666666666605,197.36666666666605,5921.0,0.0,5921.0,0.0,6533.0,0.0,154.13978695869446
drtp_img88_cacheonly_1024mb_1000,1000,500,7,2.0,100.0,registry,153,347,9.353856209150326,52.03000000000004,60.6050000000001,5921.0,0.0,5921.0,0.0,5880.0,0.0,79.93236929178238
drtp_img88_cacheonly_1024mb_1000,1000,500,7,2.0,100.0,dragonfly_style,153,347,4.695644133424975,26.559612268518507,30.547112268518497,2833.0,3088.0,5921.0,52.153352474244215,5817.0,0.0,93.09777617454529
drtp_img88_cacheonly_1024mb_1000,1000,500,7,2.0,100.0,peersync_style,153,347,4.344794384935043,22.129108796296283,27.367444444444423,2321.0,3600.0,5921.0,60.80054044924844,6536.0,0.0,166.10337048768997
drtp_img88_cacheonly_1024mb_1000,1000,500,7,2.0,100.0,metapipe_reactive_style,153,347,4.026370543940406,22.584994921875005,33.89578641560848,2791.0,3130.0,5921.0,52.86269211281878,5712.0,0.0,121.24291062355042
drtp_img88_cacheonly_1024mb_1000,1000,500,7,2.0,100.0,ilrsa_style,153,347,12.374346405228776,53.63000000000015,60.605000000000274,5921.0,0.0,5921.0,0.0,6533.0,0.0,154.08765524625778
drtp_img88_cacheonly_1024mb_1000,1000,500,8,0.5,10.0,registry,159,341,898.9408805031442,1519.8999999999994,1561.099999999998,15611.0,0.0,15611.0,0.0,9072.0,6428.0,108.74219983816147
drtp_img88_cacheonly_1024mb_1000,1000,500,8,0.5,10.0,dragonfly_style,159,341,671.6692295597501,1308.3000000000031,1397.0000000000032,13970.0,1641.0,15611.0,10.511818589456153,9082.0,6428.0,124.21853840351105
drtp_img88_cacheonly_1024mb_1000,1000,500,8,0.5,10.0,peersync_style,159,341,623.2853296895285,1221.8000000000015,1310.5000000000016,13105.0,2506.0,15611.0,16.052783293831272,9133.0,6428.0,200.742207467556
drtp_img88_cacheonly_1024mb_1000,1000,500,8,0.5,10.0,metapipe_reactive_style,159,341,594.9010067789513,1306.6999999999998,1395.3999999999999,13954.0,1657.0,15611.0,10.614310422138235,9291.0,6428.0,184.57648903131485
drtp_img88_cacheonly_1024mb_1000,1000,500,8,0.5,10.0,ilrsa_style,159,341,1251.5578616352198,1558.9000000000024,1561.100000000001,15611.0,0.0,15611.0,0.0,9038.0,6428.0,294.4413721561432
drtp_img88_cacheonly_1024mb_1000,1000,500,8,0.5,30.0,registry,159,341,299.64696016771524,506.6333333333344,520.3666666666677,15611.0,0.0,15611.0,0.0,9072.0,6428.0,107.89388418197632
drtp_img88_cacheonly_1024mb_1000,1000,500,8,0.5,30.0,dragonfly_style,159,341,223.80480870020966,436.1,465.6666666666667,13970.0,1641.0,15611.0,10.511818589456153,9082.0,6428.0,125.1646876335144
drtp_img88_cacheonly_1024mb_1000,1000,500,8,0.5,30.0,peersync_style,159,341,207.6224256264348,407.2666666666659,436.8333333333326,13105.0,2506.0,15611.0,16.052783293831272,9133.0,6428.0,199.41149652004242
drtp_img88_cacheonly_1024mb_1000,1000,500,8,0.5,30.0,metapipe_reactive_style,159,341,197.8113233552796,435.09999999999997,464.66666666666663,13940.0,1671.0,15611.0,10.70399077573506,9291.0,6428.0,185.942642390728
drtp_img88_cacheonly_1024mb_1000,1000,500,8,0.5,30.0,ilrsa_style,159,341,417.1859538784066,519.6333333333349,520.3666666666679,15611.0,0.0,15611.0,0.0,9038.0,6428.0,295.4196259379387
drtp_img88_cacheonly_1024mb_1000,1000,500,8,0.5,100.0,registry,159,341,89.90888888888882,151.98999999999967,157.19666666666646,15611.0,0.0,15611.0,0.0,9072.0,6428.0,108.24081301689148
drtp_img88_cacheonly_1024mb_1000,1000,500,8,0.5,100.0,dragonfly_style,159,341,68.15629608665262,146.50460317460306,157.59210317460307,13966.0,1645.0,15611.0,10.537441547626674,9078.0,6428.0,124.38594549894333
drtp_img88_cacheonly_1024mb_1000,1000,500,8,0.5,100.0,peersync_style,159,341,63.44221998851955,140.09266369047617,151.18016369047618,13105.0,2506.0,15611.0,16.052783293831272,9133.0,6428.0,199.30849969387054
drtp_img88_cacheonly_1024mb_1000,1000,500,8,0.5,100.0,metapipe_reactive_style,159,341,60.310509076643676,140.2178087962963,151.30530879629632,13646.0,1965.0,15611.0,12.587278201268337,9291.0,6428.0,189.1893520951271
drtp_img88_cacheonly_1024mb_1000,1000,500,8,0.5,100.0,ilrsa_style,159,341,125.23683438155145,156.8300000000003,157.19666666666714,15611.0,0.0,15611.0,0.0,9038.0,6428.0,296.11245542764664
drtp_img88_cacheonly_1024mb_1000,1000,500,8,1.0,10.0,registry,162,338,824.2543209876538,1510.2999999999995,1619.8999999999994,16199.0,0.0,16199.0,0.0,15092.0,0.0,118.99729073047638
drtp_img88_cacheonly_1024mb_1000,1000,500,8,1.0,10.0,dragonfly_style,162,338,446.0667592715066,676.2691111111102,830.0999999999983,8301.0,7898.0,16199.0,48.75609605531206,15442.0,239.0,138.70058953762054
drtp_img88_cacheonly_1024mb_1000,1000,500,8,1.0,10.0,peersync_style,162,338,426.1133936756967,626.7507236689805,714.9499999999999,7146.0,9053.0,16199.0,55.88616581270449,15134.0,239.0,246.09193205833435
drtp_img88_cacheonly_1024mb_1000,1000,500,8,1.0,10.0,metapipe_reactive_style,162,338,422.5967642127724,779.7356834215169,836.0833333333335,8213.0,7986.0,16199.0,49.2993394653991,15037.0,0.0,195.11055946350098
drtp_img88_cacheonly_1024mb_1000,1000,500,8,1.0,10.0,ilrsa_style,162,338,1069.4858024691346,1617.9000000000012,1619.8999999999996,16199.0,0.0,16199.0,0.0,15326.0,0.0,313.84311616420746
drtp_img88_cacheonly_1024mb_1000,1000,500,8,1.0,30.0,registry,162,338,274.7514403292184,503.4333333333335,539.9666666666678,16199.0,0.0,16199.0,0.0,15092.0,0.0,117.48093366622925
drtp_img88_cacheonly_1024mb_1000,1000,500,8,1.0,30.0,dragonfly_style,162,338,156.9282118722373,238.74684722222182,279.30687731481447,8313.0,7886.0,16199.0,48.682017408482004,15602.0,457.0,142.9261416196823
drtp_img88_cacheonly_1024mb_1000,1000,500,8,1.0,30.0,peersync_style,162,338,152.02776316550893,227.32501267361081,250.06666666666652,7365.0,8834.0,16199.0,54.534230508056055,15600.0,457.0,248.68500232696533
drtp_img88_cacheonly_1024mb_1000,1000,500,8,1.0,30.0,metapipe_reactive_style,162,338,142.06530655467122,258.6529628622869,283.6166666666667,7964.0,8235.0,16199.0,50.836471387122664,15095.0,0.0,195.28663158416748
drtp_img88_cacheonly_1024mb_1000,1000,500,8,1.0,30.0,ilrsa_style,162,338,356.49526748971243,539.3000000000026,539.9666666666687,16199.0,0.0,16199.0,0.0,15326.0,0.0,313.8878643512726
drtp_img88_cacheonly_1024mb_1000,1000,500,8,1.0,100.0,registry,162,338,82.4337860082304,151.02999999999983,163.3433333333334,16199.0,0.0,16199.0,0.0,15092.0,0.0,117.98431724309921
drtp_img88_cacheonly_1024mb_1000,1000,500,8,1.0,100.0,dragonfly_style,162,338,58.0069598053959,99.76501128472216,112.55745814043205,8324.0,7875.0,16199.0,48.614111982221125,15626.0,707.0,142.15543866157532
drtp_img88_cacheonly_1024mb_1000,1000,500,8,1.0,100.0,peersync_style,162,338,55.86501349782809,97.05940631481481,109.1499283950617,7103.0,9096.0,16199.0,56.15161429717884,14512.0,707.0,250.98688155412674
drtp_img88_cacheonly_1024mb_1000,1000,500,8,1.0,100.0,metapipe_reactive_style,162,338,44.90833385699211,90.77217594535384,103.61450717537478,7964.0,8235.0,16199.0,50.836471387122664,15095.0,0.0,203.15169543027878
drtp_img88_cacheonly_1024mb_1000,1000,500,8,1.0,100.0,ilrsa_style,162,338,107.04174897119347,163.0100000000006,163.34333333333416,16199.0,0.0,16199.0,0.0,15326.0,0.0,313.9951005578041
drtp_img88_cacheonly_1024mb_1000,1000,500,8,2.0,10.0,registry,163,337,145.83374233128825,681.7999999999998,803.0000000000006,8030.0,0.0,8030.0,0.0,7389.0,0.0,73.08974862098694
drtp_img88_cacheonly_1024mb_1000,1000,500,8,2.0,10.0,dragonfly_style,163,337,41.68718127373651,214.6385304232804,264.50000000000006,2645.0,5385.0,8030.0,67.06102117061022,7401.0,0.0,81.67929947376251
drtp_img88_cacheonly_1024mb_1000,1000,500,8,2.0,10.0,peersync_style,163,337,38.90549641721039,205.41364583333336,239.99999999999994,2400.0,5630.0,8030.0,70.11207970112079,8001.0,0.0,144.48796212673187
drtp_img88_cacheonly_1024mb_1000,1000,500,8,2.0,10.0,metapipe_reactive_style,163,337,56.00042780929608,252.1730558027631,278.3911099132863,2644.0,5386.0,8030.0,67.07347447073475,6784.0,0.0,104.19028997421265
drtp_img88_cacheonly_1024mb_1000,1000,500,8,2.0,10.0,ilrsa_style,163,337,172.223926380368,747.3,803.0000000000006,8030.0,0.0,8030.0,0.0,8285.0,0.0,133.00441205501556
drtp_img88_cacheonly_1024mb_1000,1000,500,8,2.0,30.0,registry,163,337,48.611247443762764,227.26666666666648,267.66666666666674,8030.0,0.0,8030.0,0.0,7389.0,0.0,71.94963842630386
drtp_img88_cacheonly_1024mb_1000,1000,500,8,2.0,30.0,dragonfly_style,163,337,14.537679646671208,69.47266203703697,97.39946759259247,2645.0,5385.0,8030.0,67.06102117061022,7420.0,0.0,81.34748786687851
drtp_img88_cacheonly_1024mb_1000,1000,500,8,2.0,30.0,peersync_style,163,337,13.786505517211998,66.75171875,81.50449652777776,2400.0,5630.0,8030.0,70.11207970112079,8230.0,0.0,145.94098180532455
drtp_img88_cacheonly_1024mb_1000,1000,500,8,2.0,30.0,metapipe_reactive_style,163,337,18.61844288343558,86.40133158730158,98.81528079365079,2444.0,5586.0,8030.0,69.56413449564134,6765.0,0.0,105.23173958063126
drtp_img88_cacheonly_1024mb_1000,1000,500,8,2.0,30.0,ilrsa_style,163,337,57.407975460122664,249.09999999999968,267.6666666666669,8030.0,0.0,8030.0,0.0,8285.0,0.0,132.55301117897034
drtp_img88_cacheonly_1024mb_1000,1000,500,8,2.0,100.0,registry,163,337,14.75507157464211,68.17999999999988,87.97999999999982,8030.0,0.0,8030.0,0.0,7389.0,0.0,72.11105525493622
drtp_img88_cacheonly_1024mb_1000,1000,500,8,2.0,100.0,dragonfly_style,163,337,5.531487069700061,27.032499999999967,44.64137499999997,2643.0,5387.0,8030.0,67.08592777085927,7341.0,0.0,82.3887586593628
drtp_img88_cacheonly_1024mb_1000,1000,500,8,2.0,100.0,peersync_style,163,337,5.589190175528282,27.032499999999963,45.304383333333284,2400.0,5630.0,8030.0,70.11207970112079,7961.0,0.0,142.51113682985306
drtp_img88_cacheonly_1024mb_1000,1000,500,8,2.0,100.0,metapipe_reactive_style,163,337,6.839316820937892,36.6296136313933,55.47633847775468,2622.0,5408.0,8030.0,67.34744707347447,6865.0,0.0,106.09903931617737
drtp_img88_cacheonly_1024mb_1000,1000,500,8,2.0,100.0,ilrsa_style,163,337,17.647382413087918,78.6966666666665,87.9799999999998,8030.0,0.0,8030.0,0.0,8285.0,0.0,133.1603229045868
drtp_img88_cacheonly_1024mb_1000,1000,500,9,0.5,10.0,registry,157,343,778.2878980891725,1493.1000000000015,1590.1000000000017,15901.0,0.0,15901.0,0.0,11146.0,4988.0,122.27364629507065
drtp_img88_cacheonly_1024mb_1000,1000,500,9,0.5,10.0,dragonfly_style,157,343,636.5079936305744,1156.8188888888908,1400.100000000002,14001.0,1900.0,15901.0,11.948934029306333,11146.0,4988.0,141.1827728152275
drtp_img88_cacheonly_1024mb_1000,1000,500,9,0.5,10.0,peersync_style,157,343,604.798314755838,1043.2008333333338,1301.3000000000006,13013.0,2888.0,15901.0,18.162379724545627,11121.0,4988.0,220.4345017671585
drtp_img88_cacheonly_1024mb_1000,1000,500,9,0.5,10.0,metapipe_reactive_style,157,343,567.3234826262693,1253.5000000000002,1342.2000000000003,13422.0,2479.0,15901.0,15.590214451921263,11007.0,4988.0,206.72450959682465
drtp_img88_cacheonly_1024mb_1000,1000,500,9,0.5,10.0,ilrsa_style,157,343,1006.3388535031852,1589.300000000001,1590.1000000000004,15901.0,0.0,15901.0,0.0,10826.0,4988.0,327.9341980814934
drtp_img88_cacheonly_1024mb_1000,1000,500,9,0.5,30.0,registry,157,343,259.4292993630577,497.7000000000013,530.033333333335,15901.0,0.0,15901.0,0.0,11146.0,4988.0,121.80203944444656
drtp_img88_cacheonly_1024mb_1000,1000,500,9,0.5,30.0,dragonfly_style,157,343,212.2279989384288,386.01157407407345,466.69999999999936,14001.0,1900.0,15901.0,11.948934029306333,11146.0,4988.0,140.1333585381508
drtp_img88_cacheonly_1024mb_1000,1000,500,9,0.5,30.0,peersync_style,157,343,201.76832264390177,348.9258333333329,433.7666666666662,13013.0,2888.0,15901.0,18.162379724545627,10746.0,5382.0,216.6610136628151
drtp_img88_cacheonly_1024mb_1000,1000,500,9,0.5,30.0,metapipe_reactive_style,157,343,187.8056704101671,415.8666666666666,445.4333333333333,13363.0,2538.0,15901.0,15.961260298094459,10965.0,4988.0,207.90813863277435
drtp_img88_cacheonly_1024mb_1000,1000,500,9,0.5,30.0,ilrsa_style,157,343,335.446284501062,529.7666666666692,530.0333333333356,15901.0,0.0,15901.0,0.0,10826.0,4988.0,327.57405936717987
drtp_img88_cacheonly_1024mb_1000,1000,500,9,0.5,100.0,registry,157,343,77.83148089171954,149.30999999999952,159.43249999999975,15901.0,0.0,15901.0,0.0,11146.0,4988.0,120.69089710712433
drtp_img88_cacheonly_1024mb_1000,1000,500,9,0.5,100.0,dragonfly_style,157,343,63.83809271054485,117.2533333333333,149.43249999999998,14004.0,1897.0,15901.0,11.930067291365322,11146.0,4988.0,140.80698043107986
drtp_img88_cacheonly_1024mb_1000,1000,500,9,0.5,100.0,peersync_style,157,343,60.60875607270287,108.2863923611111,142.12423524305555,13240.0,2661.0,15901.0,16.73479655367587,11107.0,4988.0,219.16384249925613
drtp_img88_cacheonly_1024mb_1000,1000,500,9,0.5,100.0,metapipe_reactive_style,157,343,56.46623407999843,129.7143286548632,144.49766198819654,13435.0,2466.0,15901.0,15.50845858751022,11092.0,4988.0,210.5322927236557
drtp_img88_cacheonly_1024mb_1000,1000,500,9,0.5,100.0,ilrsa_style,157,343,100.6602547770699,159.33250000000004,159.43249999999995,15901.0,0.0,15901.0,0.0,10826.0,4988.0,328.75294238328934
drtp_img88_cacheonly_1024mb_1000,1000,500,9,1.0,10.0,registry,158,342,675.874683544302,1354.2999999999975,1458.499999999998,14585.0,0.0,14585.0,0.0,13777.0,0.0,125.21550059318542
drtp_img88_cacheonly_1024mb_1000,1000,500,9,1.0,10.0,dragonfly_style,158,342,466.95757336246845,781.4875000000014,872.9750000000016,8688.0,5897.0,14585.0,40.43195063421323,12187.0,0.0,147.80213683843613
drtp_img88_cacheonly_1024mb_1000,1000,500,9,1.0,10.0,peersync_style,158,342,444.2562095137629,657.8328293650793,710.0428293650796,6991.0,7594.0,14585.0,52.067192320877616,11416.0,879.0,249.61410462856293
drtp_img88_cacheonly_1024mb_1000,1000,500,9,1.0,10.0,metapipe_reactive_style,158,342,413.4244704641352,729.9316230158729,813.8874999999998,8028.0,6557.0,14585.0,44.95714775454234,13365.0,0.0,208.86605978012085
drtp_img88_cacheonly_1024mb_1000,1000,500,9,1.0,10.0,ilrsa_style,158,342,814.2056962025307,1456.8999999999987,1458.4999999999973,14585.0,0.0,14585.0,0.0,13143.0,0.0,345.56300938129425
drtp_img88_cacheonly_1024mb_1000,1000,500,9,1.0,30.0,registry,158,342,225.29156118143538,451.43333333333464,486.16666666666805,14585.0,0.0,14585.0,0.0,13777.0,0.0,123.88881295919418
drtp_img88_cacheonly_1024mb_1000,1000,500,9,1.0,30.0,dragonfly_style,158,342,158.47109057916444,259.9327083333336,291.02020833333387,8693.0,5892.0,14585.0,40.39766883784711,11962.0,225.0,149.03464168310165
drtp_img88_cacheonly_1024mb_1000,1000,500,9,1.0,30.0,peersync_style,158,342,151.17888572747194,232.22091121031806,245.06341121031804,6991.0,7594.0,14585.0,52.067192320877616,11777.0,879.0,250.62254071235657
drtp_img88_cacheonly_1024mb_1000,1000,500,9,1.0,30.0,metapipe_reactive_style,158,342,139.44799814167763,247.77533476421962,280.0629601790676,8074.0,6511.0,14585.0,44.641755227973945,12404.0,598.0,210.43909341096878
drtp_img88_cacheonly_1024mb_1000,1000,500,9,1.0,30.0,ilrsa_style,158,342,271.40189873417705,485.6333333333337,486.1666666666675,14585.0,0.0,14585.0,0.0,13143.0,0.0,345.62865644693375
drtp_img88_cacheonly_1024mb_1000,1000,500,9,1.0,100.0,registry,158,342,67.59946202531631,135.42999999999967,147.21999999999989,14585.0,0.0,14585.0,0.0,13777.0,0.0,123.52163344621658
drtp_img88_cacheonly_1024mb_1000,1000,500,9,1.0,100.0,dragonfly_style,158,342,50.8654737603162,85.57351744047615,93.85783436011893,8442.0,6143.0,14585.0,42.118615015426805,12467.0,879.0,151.2063592672348
drtp_img88_cacheonly_1024mb_1000,1000,500,9,1.0,100.0,peersync_style,158,342,50.23879373832124,86.65693777777778,91.88673558201053,7081.0,7504.0,14585.0,51.450119986287284,12357.0,1287.0,248.28024208545685
drtp_img88_cacheonly_1024mb_1000,1000,500,9,1.0,100.0,metapipe_reactive_style,158,342,42.268469378152616,77.37256172343477,91.49002326182212,8074.0,6511.0,14585.0,44.641755227973945,12394.0,598.0,218.22921186685562
drtp_img88_cacheonly_1024mb_1000,1000,500,9,1.0,100.0,ilrsa_style,158,342,81.48897151898724,147.02000000000018,147.22,14585.0,0.0,14585.0,0.0,13143.0,0.0,345.34022212028503
drtp_img88_cacheonly_1024mb_1000,1000,500,9,2.0,10.0,registry,157,343,142.23057324840775,735.7000000000003,810.7000000000008,8107.0,0.0,8107.0,0.0,7817.0,0.0,94.60536390542984
drtp_img88_cacheonly_1024mb_1000,1000,500,9,2.0,10.0,dragonfly_style,157,343,72.31789669901934,298.59806216931224,390.61249999999995,3887.0,4220.0,8107.0,52.05378068336006,7624.0,0.0,108.48171263933182
drtp_img88_cacheonly_1024mb_1000,1000,500,9,2.0,10.0,peersync_style,157,343,66.36003336366397,259.6038756613759,292.57500000000016,2875.0,5232.0,8107.0,64.53682003207105,7130.0,0.0,200.71566104888916
drtp_img88_cacheonly_1024mb_1000,1000,500,9,2.0,10.0,metapipe_reactive_style,157,343,75.21737867758569,316.45501984126986,378.8,3788.0,4319.0,8107.0,53.27494757616874,7668.0,0.0,141.1345899105072
drtp_img88_cacheonly_1024mb_1000,1000,500,9,2.0,10.0,ilrsa_style,157,343,204.32675159235674,793.0000000000009,810.7000000000019,8107.0,0.0,8107.0,0.0,7156.0,0.0,193.85609030723572
drtp_img88_cacheonly_1024mb_1000,1000,500,9,2.0,30.0,registry,157,343,47.41019108280247,245.23333333333284,270.2333333333329,8107.0,0.0,8107.0,0.0,7817.0,0.0,91.95088595151901
drtp_img88_cacheonly_1024mb_1000,1000,500,9,2.0,30.0,dragonfly_style,157,343,24.38571588649617,99.78283068783084,131.3529100529101,3887.0,4220.0,8107.0,52.05378068336006,7718.0,0.0,109.23882573843002
drtp_img88_cacheonly_1024mb_1000,1000,500,9,2.0,30.0,peersync_style,157,343,22.71866600950361,91.3434788359789,100.90833333333342,2875.0,5232.0,8107.0,64.53682003207105,6953.0,0.0,185.7473999261856
drtp_img88_cacheonly_1024mb_1000,1000,500,9,2.0,30.0,metapipe_reactive_style,157,343,25.048087730172945,104.76785968504824,124.83333333333337,3745.0,4362.0,8107.0,53.80535339829777,7643.0,0.0,143.61866563558578
drtp_img88_cacheonly_1024mb_1000,1000,500,9,2.0,30.0,ilrsa_style,157,343,68.10891719745214,264.3333333333325,270.23333333333335,8107.0,0.0,8107.0,0.0,7156.0,0.0,193.84461641311646
drtp_img88_cacheonly_1024mb_1000,1000,500,9,2.0,100.0,registry,157,343,14.235923566878977,73.57000000000005,81.80750000000003,8107.0,0.0,8107.0,0.0,7817.0,0.0,91.78874641656876
drtp_img88_cacheonly_1024mb_1000,1000,500,9,2.0,100.0,dragonfly_style,157,343,7.553790705565666,32.57174735449734,41.314095750661394,3905.0,4202.0,8107.0,51.83175033921302,7768.0,0.0,111.69274896383286
drtp_img88_cacheonly_1024mb_1000,1000,500,9,2.0,100.0,peersync_style,157,343,7.3135131904424835,32.43841402116398,37.63334573412696,2875.0,5232.0,8107.0,64.53682003207105,6967.0,0.0,182.68926441669464
drtp_img88_cacheonly_1024mb_1000,1000,500,9,2.0,100.0,metapipe_reactive_style,157,343,7.745177728189672,33.47072937250729,42.77445176437102,3745.0,4362.0,8107.0,53.80535339829777,7591.0,0.0,146.37400954961777
drtp_img88_cacheonly_1024mb_1000,1000,500,9,2.0,100.0,ilrsa_style,157,343,20.466194267515913,79.59499999999979,81.8074999999999,8107.0,0.0,8107.0,0.0,7156.0,0.0,194.24602389335632
drtp_img88_cacheonly_1024mb_1000,1000,500,10,0.5,10.0,registry,157,343,873.3815286624183,1539.0999999999988,1630.4000000000005,16304.0,0.0,16304.0,0.0,10713.0,5541.0,107.4628010392189
drtp_img88_cacheonly_1024mb_1000,1000,500,10,0.5,10.0,dragonfly_style,157,343,670.6433573450614,1261.7999999999997,1350.4999999999998,13505.0,2799.0,16304.0,17.16756624141315,10872.0,5541.0,124.24848973751068
drtp_img88_cacheonly_1024mb_1000,1000,500,10,0.5,10.0,peersync_style,157,343,677.7604910398347,1285.1000000000004,1285.1000000000004,12851.0,3453.0,16304.0,21.178851815505396,10575.0,5541.0,197.6422294974327
drtp_img88_cacheonly_1024mb_1000,1000,500,10,0.5,10.0,metapipe_reactive_style,157,343,575.1033619264995,1310.8000000000004,1399.5000000000005,13995.0,2309.0,16304.0,14.16216879293425,10747.0,5541.0,176.25642567873
drtp_img88_cacheonly_1024mb_1000,1000,500,10,0.5,10.0,ilrsa_style,157,343,1054.8656050955396,1622.400000000001,1630.399999999999,16304.0,0.0,16304.0,0.0,10749.0,5541.0,284.01439636945724
drtp_img88_cacheonly_1024mb_1000,1000,500,10,0.5,30.0,registry,157,343,291.12717622080675,513.0333333333335,543.4666666666668,16304.0,0.0,16304.0,0.0,10713.0,5541.0,106.39752447605133
drtp_img88_cacheonly_1024mb_1000,1000,500,10,0.5,30.0,dragonfly_style,157,343,224.37525596501862,421.46666666666664,451.0333333333333,13531.0,2773.0,16304.0,17.00809617271835,10898.0,5541.0,122.46314436197281
drtp_img88_cacheonly_1024mb_1000,1000,500,10,0.5,30.0,peersync_style,157,343,223.06052507329872,423.1666666666662,423.1666666666662,12695.0,3609.0,16304.0,22.135672227674192,11072.0,5541.0,196.4498907327652
drtp_img88_cacheonly_1024mb_1000,1000,500,10,0.5,30.0,metapipe_reactive_style,157,343,190.16596666611068,433.5666666666666,463.13333333333327,13894.0,2410.0,16304.0,14.781648675171738,10671.0,5541.0,177.31227725744247
drtp_img88_cacheonly_1024mb_1000,1000,500,10,0.5,30.0,ilrsa_style,157,343,351.62186836518066,540.8000000000006,543.4666666666669,16304.0,0.0,16304.0,0.0,10749.0,5541.0,284.0848118066788
drtp_img88_cacheonly_1024mb_1000,1000,500,10,0.5,100.0,registry,157,343,87.34104033970273,153.90999999999985,163.49333333333303,16304.0,0.0,16304.0,0.0,10713.0,5541.0,105.21799325942993
drtp_img88_cacheonly_1024mb_1000,1000,500,10,0.5,100.0,dragonfly_style,157,343,67.76866950739308,132.1822222222222,143.2697222222222,13536.0,2768.0,16304.0,16.977428851815507,10422.0,5993.0,124.3882104754448
drtp_img88_cacheonly_1024mb_1000,1000,500,10,0.5,100.0,peersync_style,157,343,64.79393442692285,125.69869103407316,136.78619103407317,12846.0,3458.0,16304.0,21.209519136408243,10716.0,5541.0,198.80489259958267
drtp_img88_cacheonly_1024mb_1000,1000,500,10,0.5,100.0,metapipe_reactive_style,157,343,57.51110286246229,137.94010102414018,149.02760102414018,13896.0,2408.0,16304.0,14.769381746810598,10671.0,5541.0,176.33341252803802
drtp_img88_cacheonly_1024mb_1000,1000,500,10,0.5,100.0,ilrsa_style,157,343,105.49768577494692,162.23999999999992,163.49333333333365,16304.0,0.0,16304.0,0.0,10749.0,5541.0,285.64808517694473
drtp_img88_cacheonly_1024mb_1000,1000,500,10,1.0,10.0,registry,158,342,597.5594936708862,1340.7000000000023,1485.200000000003,14852.0,0.0,14852.0,0.0,13690.0,0.0,101.34562849998474
drtp_img88_cacheonly_1024mb_1000,1000,500,10,1.0,10.0,dragonfly_style,158,342,342.10456751054784,703.8754166666648,764.3999999999985,7644.0,7208.0,14852.0,48.53218421761379,13079.0,0.0,123.0960488319397
drtp_img88_cacheonly_1024mb_1000,1000,500,10,1.0,10.0,peersync_style,158,342,324.2007537798867,591.5749999999991,614.5499999999994,6130.0,8722.0,14852.0,58.72609749528683,13237.0,0.0,212.68752962350845
drtp_img88_cacheonly_1024mb_1000,1000,500,10,1.0,10.0,metapipe_reactive_style,158,342,348.76111402154766,673.2644313822748,754.9999999999997,7550.0,7302.0,14852.0,49.16509561001885,13983.0,0.0,164.41533714532852
drtp_img88_cacheonly_1024mb_1000,1000,500,10,1.0,10.0,ilrsa_style,158,342,812.9544303797467,1479.5000000000018,1485.2000000000003,14852.0,0.0,14852.0,0.0,13095.0,0.0,245.03257125616074
drtp_img88_cacheonly_1024mb_1000,1000,500,10,1.0,30.0,registry,158,342,199.18649789029578,446.9000000000011,495.06666666666774,14852.0,0.0,14852.0,0.0,13690.0,0.0,100.56270658969879
drtp_img88_cacheonly_1024mb_1000,1000,500,10,1.0,30.0,dragonfly_style,158,342,122.36190816624982,239.4519735185181,264.3999999999996,7932.0,6920.0,14852.0,46.593051440883386,13361.0,0.0,124.56358224153519
drtp_img88_cacheonly_1024mb_1000,1000,500,10,1.0,30.0,peersync_style,158,342,115.56694782788315,213.69899583333293,217.38105486111075,6281.0,8571.0,14852.0,57.709399407487204,12855.0,218.0,215.85296839475632
drtp_img88_cacheonly_1024mb_1000,1000,500,10,1.0,30.0,metapipe_reactive_style,158,342,118.19013818620954,242.18576951315407,264.1861972892172,7550.0,7302.0,14852.0,49.16509561001885,14082.0,0.0,167.34136641025543
drtp_img88_cacheonly_1024mb_1000,1000,500,10,1.0,30.0,ilrsa_style,158,342,270.9848101265825,493.1666666666673,495.0666666666678,14852.0,0.0,14852.0,0.0,13095.0,0.0,244.23972517251968
drtp_img88_cacheonly_1024mb_1000,1000,500,10,1.0,100.0,registry,158,342,59.75685126582266,134.06999999999937,148.6624999999995,14852.0,0.0,14852.0,0.0,13690.0,0.0,100.81791877746582
drtp_img88_cacheonly_1024mb_1000,1000,500,10,1.0,100.0,dragonfly_style,158,342,40.431314541809314,84.69541836741246,90.7910551290294,8242.0,6610.0,14852.0,44.50579046593052,13303.0,218.0,125.71264803409576
drtp_img88_cacheonly_1024mb_1000,1000,500,10,1.0,100.0,peersync_style,158,342,37.51820318092574,82.09460856652957,89.96683008187595,6389.0,8463.0,14852.0,56.9822246162133,14459.0,218.0,211.45284175872803
drtp_img88_cacheonly_1024mb_1000,1000,500,10,1.0,100.0,metapipe_reactive_style,158,342,37.53965570224923,89.38870539907404,100.47620539907403,7846.0,7006.0,14852.0,47.17209803393482,13580.0,0.0,170.94576358795166
drtp_img88_cacheonly_1024mb_1000,1000,500,10,1.0,100.0,ilrsa_style,158,342,81.30099683544292,147.94999999999987,148.66249999999968,14852.0,0.0,14852.0,0.0,13095.0,0.0,244.60024386644363
drtp_img88_cacheonly_1024mb_1000,1000,500,10,2.0,10.0,registry,156,344,95.08717948717945,575.0,727.4000000000001,7274.0,0.0,7274.0,0.0,7450.0,0.0,85.2474495768547
drtp_img88_cacheonly_1024mb_1000,1000,500,10,2.0,10.0,dragonfly_style,156,344,33.78243287037041,182.70451388888912,265.9297222222222,2646.0,4628.0,7274.0,63.62386582348089,8346.0,0.0,94.67097371816635
drtp_img88_cacheonly_1024mb_1000,1000,500,10,2.0,10.0,peersync_style,156,344,25.438773326210857,137.1375000000002,170.13750000000044,1622.0,5652.0,7274.0,77.70140225460544,7720.0,0.0,151.34944766759872
drtp_img88_cacheonly_1024mb_1000,1000,500,10,2.0,10.0,metapipe_reactive_style,156,344,34.31402751068375,251.65978943452376,314.7124999999999,3078.0,4196.0,7274.0,57.68490514160022,8315.0,0.0,122.29399383068085
drtp_img88_cacheonly_1024mb_1000,1000,500,10,2.0,10.0,ilrsa_style,156,344,126.99038461538461,723.6000000000005,727.4000000000011,7274.0,0.0,7274.0,0.0,7335.0,0.0,171.49382084608078
drtp_img88_cacheonly_1024mb_1000,1000,500,10,2.0,30.0,registry,156,344,31.695726495726465,191.66666666666626,242.46666666666604,7274.0,0.0,7274.0,0.0,7450.0,0.0,84.4358578324318
drtp_img88_cacheonly_1024mb_1000,1000,500,10,2.0,30.0,dragonfly_style,156,344,11.877047440984951,62.81094444444453,96.52952777777782,2661.0,4613.0,7274.0,63.41765191091559,8361.0,0.0,94.6618914604187
drtp_img88_cacheonly_1024mb_1000,1000,500,10,2.0,30.0,peersync_style,156,344,9.025689092389099,46.92488888888896,62.85822222222228,1622.0,5652.0,7274.0,77.70140225460544,8040.0,0.0,153.49218994379044
drtp_img88_cacheonly_1024mb_1000,1000,500,10,2.0,30.0,metapipe_reactive_style,156,344,11.004965108720915,78.80576711123516,107.67916666666669,3023.0,4251.0,7274.0,58.44102282100632,8283.0,0.0,123.54804575443268
drtp_img88_cacheonly_1024mb_1000,1000,500,10,2.0,30.0,ilrsa_style,156,344,42.33012820512814,241.19999999999945,242.46666666666604,7274.0,0.0,7274.0,0.0,7335.0,0.0,171.09546065330505
drtp_img88_cacheonly_1024mb_1000,1000,500,10,2.0,100.0,registry,156,344,9.50932692307691,57.499999999999865,72.83499999999981,7274.0,0.0,7274.0,0.0,7450.0,0.0,83.77272635698318
drtp_img88_cacheonly_1024mb_1000,1000,500,10,2.0,100.0,dragonfly_style,156,344,4.026660334312679,23.486466666666658,36.84934583333332,2703.0,4571.0,7274.0,62.840252955732744,8176.0,0.0,97.08787500858307
drtp_img88_cacheonly_1024mb_1000,1000,500,10,2.0,100.0,peersync_style,156,344,3.593887837428771,19.304946555555524,32.139722222222154,1622.0,5652.0,7274.0,77.70140225460544,7621.0,0.0,150.4395604133606
drtp_img88_cacheonly_1024mb_1000,1000,500,10,2.0,100.0,metapipe_reactive_style,156,344,3.5903935680459633,22.143258018140585,37.67349735076006,3086.0,4188.0,7274.0,57.57492438823206,8369.0,0.0,127.46978551149368
drtp_img88_cacheonly_1024mb_1000,1000,500,10,2.0,100.0,ilrsa_style,156,344,12.702403846153828,72.3599999999998,72.83499999999988,7274.0,0.0,7274.0,0.0,7335.0,0.0,170.98572105169296
drtp_img88_cacheonly_1024mb_1000,1000,500,11,0.5,10.0,registry,149,351,909.1456375838919,1567.7000000000005,1714.6,17146.0,0.0,17146.0,0.0,11271.0,5875.0,123.22977930307388
drtp_img88_cacheonly_1024mb_1000,1000,500,11,0.5,10.0,dragonfly_style,149,351,736.1784191701294,1414.200000000002,1414.200000000002,14142.0,3004.0,17146.0,17.520121311092968,11473.0,5875.0,142.99745857715607
drtp_img88_cacheonly_1024mb_1000,1000,500,11,0.5,10.0,peersync_style,149,351,697.6781442420374,1334.3000000000009,1334.3000000000009,13343.0,3803.0,17146.0,22.180100314942262,11330.0,5875.0,220.11147439479828
drtp_img88_cacheonly_1024mb_1000,1000,500,11,0.5,10.0,metapipe_reactive_style,149,351,555.7778281146805,1165.8000000000006,1343.2000000000007,13432.0,3714.0,17146.0,21.66102881138458,11366.0,6076.0,207.8949362039566
drtp_img88_cacheonly_1024mb_1000,1000,500,11,0.5,10.0,ilrsa_style,149,351,1172.259060402684,1714.2999999999993,1714.599999999999,17146.0,0.0,17146.0,0.0,11607.0,5875.0,356.95628821849823
drtp_img88_cacheonly_1024mb_1000,1000,500,11,0.5,30.0,registry,149,351,303.0485458612977,522.5666666666662,571.5333333333332,17146.0,0.0,17146.0,0.0,11271.0,5875.0,122.463159263134
drtp_img88_cacheonly_1024mb_1000,1000,500,11,0.5,30.0,dragonfly_style,149,351,247.76075063918117,474.66666666666555,474.66666666666555,14240.0,2906.0,17146.0,16.948559430771024,11331.0,5875.0,144.43475008010864
drtp_img88_cacheonly_1024mb_1000,1000,500,11,0.5,30.0,peersync_style,149,351,232.91843710095512,444.76666666666586,444.76666666666586,13343.0,3803.0,17146.0,22.180100314942262,11256.0,5875.0,218.63797307014465
drtp_img88_cacheonly_1024mb_1000,1000,500,11,0.5,30.0,metapipe_reactive_style,149,351,184.60889441237447,388.5333333333333,447.66666666666663,13430.0,3716.0,17146.0,21.672693339554414,11484.0,6076.0,206.32964372634888
drtp_img88_cacheonly_1024mb_1000,1000,500,11,0.5,30.0,ilrsa_style,149,351,390.7530201342281,571.4333333333337,571.5333333333336,17146.0,0.0,17146.0,0.0,11607.0,5875.0,354.8983410000801
drtp_img88_cacheonly_1024mb_1000,1000,500,11,0.5,100.0,registry,149,351,90.92369127516768,156.76999999999953,172.13999999999956,17146.0,0.0,17146.0,0.0,11271.0,5875.0,122.29055911302567
drtp_img88_cacheonly_1024mb_1000,1000,500,11,0.5,100.0,dragonfly_style,149,351,77.28201294343256,157.15388888888907,157.15388888888907,14227.0,2919.0,17146.0,17.024378863874958,11245.0,5875.0,145.0479030609131
drtp_img88_cacheonly_1024mb_1000,1000,500,11,0.5,100.0,peersync_style,149,351,73.97542286744084,150.9005555555557,150.9005555555557,13496.0,3650.0,17146.0,21.28776390994984,11226.0,5875.0,224.61727261543274
drtp_img88_cacheonly_1024mb_1000,1000,500,11,0.5,100.0,metapipe_reactive_style,149,351,56.086180574565475,125.91238216308501,151.78321549641836,13430.0,3716.0,17146.0,21.672693339554414,11484.0,6076.0,210.81969887018204
drtp_img88_cacheonly_1024mb_1000,1000,500,11,0.5,100.0,ilrsa_style,149,351,117.26536912751669,172.09000000000012,172.14000000000016,17146.0,0.0,17146.0,0.0,11607.0,5875.0,357.9326272010803
drtp_img88_cacheonly_1024mb_1000,1000,500,11,1.0,10.0,registry,149,351,669.602684563758,1359.899999999997,1393.999999999997,13940.0,0.0,13940.0,0.0,12986.0,0.0,100.51396489143372
drtp_img88_cacheonly_1024mb_1000,1000,500,11,1.0,10.0,dragonfly_style,149,351,481.12801733780645,749.958749999999,827.7999999999993,8278.0,5662.0,13940.0,40.61692969870875,11540.0,0.0,116.27882719039917
drtp_img88_cacheonly_1024mb_1000,1000,500,11,1.0,10.0,peersync_style,149,351,465.63625652498087,679.2344543650789,730.4749999999999,7292.0,6648.0,13940.0,47.69010043041607,11542.0,0.0,207.32204616069794
drtp_img88_cacheonly_1024mb_1000,1000,500,11,1.0,10.0,metapipe_reactive_style,149,351,436.16106069564336,712.1835079365082,753.9625000000004,7527.0,6413.0,13940.0,46.00430416068867,11850.0,0.0,160.99122166633606
drtp_img88_cacheonly_1024mb_1000,1000,500,11,1.0,10.0,ilrsa_style,149,351,927.2959731543618,1388.9000000000017,1393.9999999999998,13940.0,0.0,13940.0,0.0,12167.0,0.0,231.6267490386963
drtp_img88_cacheonly_1024mb_1000,1000,500,11,1.0,30.0,registry,149,351,223.20089485458612,453.3000000000001,464.6666666666668,13940.0,0.0,13940.0,0.0,12986.0,0.0,98.5560268163681
drtp_img88_cacheonly_1024mb_1000,1000,500,11,1.0,30.0,dragonfly_style,149,351,164.69170096942543,240.7102499999995,271.3666666666661,8141.0,5799.0,13940.0,41.59971305595409,11517.0,151.0,118.45771968364716
drtp_img88_cacheonly_1024mb_1000,1000,500,11,1.0,30.0,peersync_style,149,351,159.1465820416533,233.6481746031742,234.50715277777735,6891.0,7049.0,13940.0,50.56671449067432,11120.0,378.0,213.3205607533455
drtp_img88_cacheonly_1024mb_1000,1000,500,11,1.0,30.0,metapipe_reactive_style,149,351,148.3630153936296,247.0986111111111,251.30694444444444,7260.0,6680.0,13940.0,47.91965566714491,11782.0,0.0,160.5822592973709
drtp_img88_cacheonly_1024mb_1000,1000,500,11,1.0,30.0,ilrsa_style,149,351,309.09865771812065,462.96666666666687,464.6666666666675,13940.0,0.0,13940.0,0.0,12167.0,0.0,231.81073367595673
drtp_img88_cacheonly_1024mb_1000,1000,500,11,1.0,100.0,registry,149,351,66.9625503355704,135.98999999999972,139.73999999999978,13940.0,0.0,13940.0,0.0,12986.0,0.0,99.63978826999664
drtp_img88_cacheonly_1024mb_1000,1000,500,11,1.0,100.0,dragonfly_style,149,351,54.41852246901738,95.17752865961202,96.04413932980601,8376.0,5564.0,13940.0,39.913916786226686,10450.0,378.0,121.47703021764755
drtp_img88_cacheonly_1024mb_1000,1000,500,11,1.0,100.0,peersync_style,149,351,53.14634604417454,92.69908412698409,95.0316661375661,6891.0,7049.0,13940.0,50.56671449067432,10949.0,378.0,213.6467695236206
drtp_img88_cacheonly_1024mb_1000,1000,500,11,1.0,100.0,metapipe_reactive_style,149,351,48.07898039256151,98.1486147312988,100.54554862154983,8002.0,5938.0,13940.0,42.596843615494976,11703.0,0.0,162.29117661714554
drtp_img88_cacheonly_1024mb_1000,1000,500,11,1.0,100.0,ilrsa_style,149,351,92.7432438478747,138.88999999999982,139.74000000000012,13940.0,0.0,13940.0,0.0,12167.0,0.0,231.77047073841095
drtp_img88_cacheonly_1024mb_1000,1000,500,11,2.0,10.0,registry,151,349,185.93774834437076,850.8999999999987,964.0999999999991,9641.0,0.0,9641.0,0.0,9021.0,0.0,90.45527130365372
drtp_img88_cacheonly_1024mb_1000,1000,500,11,2.0,10.0,dragonfly_style,151,349,32.37647110927152,215.70000000000002,260.22499999999997,2427.0,7214.0,9641.0,74.82626283580541,8854.0,0.0,92.48562157154083
drtp_img88_cacheonly_1024mb_1000,1000,500,11,2.0,10.0,peersync_style,151,349,23.280990066225186,117.00000000000017,138.1625000000001,1187.0,8454.0,9641.0,87.68799917021056,9965.0,0.0,177.8704598546028
drtp_img88_cacheonly_1024mb_1000,1000,500,11,2.0,10.0,metapipe_reactive_style,151,349,28.244895143487856,155.78333333333333,224.189375,2087.0,7554.0,9641.0,78.35286795975522,8638.0,0.0,136.61405444145203
drtp_img88_cacheonly_1024mb_1000,1000,500,11,2.0,10.0,ilrsa_style,151,349,248.17152317880806,960.900000000001,964.1000000000017,9641.0,0.0,9641.0,0.0,8543.0,0.0,167.0050248503685
drtp_img88_cacheonly_1024mb_1000,1000,500,11,2.0,30.0,registry,151,349,61.97924944812354,283.63333333333316,321.36666666666656,9641.0,0.0,9641.0,0.0,9021.0,0.0,88.94548565149307
drtp_img88_cacheonly_1024mb_1000,1000,500,11,2.0,30.0,dragonfly_style,151,349,11.849567926784406,63.339203703703745,84.3023611111112,2140.0,7501.0,9641.0,77.8031324551395,8655.0,0.0,97.85592555999756
drtp_img88_cacheonly_1024mb_1000,1000,500,11,2.0,30.0,peersync_style,151,349,10.273795989698309,47.70388888888894,63.041111111111164,1187.0,8454.0,9641.0,87.68799917021056,9249.0,0.0,181.1107099056244
drtp_img88_cacheonly_1024mb_1000,1000,500,11,2.0,30.0,metapipe_reactive_style,151,349,10.743261403145697,51.166666666666686,83.73750000000003,2061.0,7580.0,9641.0,78.62254952805725,8469.0,0.0,136.8304342031479
drtp_img88_cacheonly_1024mb_1000,1000,500,11,2.0,30.0,ilrsa_style,151,349,82.7238410596026,320.2999999999997,321.36666666666724,9641.0,0.0,9641.0,0.0,8543.0,0.0,167.21777617931366
drtp_img88_cacheonly_1024mb_1000,1000,500,11,2.0,100.0,registry,151,349,18.65516556291392,85.09000000000005,98.48500000000004,9641.0,0.0,9641.0,0.0,9021.0,0.0,88.49391341209412
drtp_img88_cacheonly_1024mb_1000,1000,500,11,2.0,100.0,dragonfly_style,151,349,9.085186989514355,46.66671875000003,52.00735625000008,2005.0,7636.0,9641.0,79.20340213670781,8578.0,0.0,98.53622317314148
drtp_img88_cacheonly_1024mb_1000,1000,500,11,2.0,100.0,peersync_style,151,349,9.062969094922739,46.666250000000026,50.99750000000008,1187.0,8454.0,9641.0,87.68799917021056,9947.0,0.0,173.4103187918663
drtp_img88_cacheonly_1024mb_1000,1000,500,11,2.0,100.0,metapipe_reactive_style,151,349,5.251552941918074,36.00141720185185,39.73244259027778,1918.0,7723.0,9641.0,80.1057981537185,8379.0,0.0,136.5639716386795
drtp_img88_cacheonly_1024mb_1000,1000,500,11,2.0,100.0,ilrsa_style,151,349,24.946440397351036,98.08500000000014,98.48500000000023,9641.0,0.0,9641.0,0.0,8543.0,0.0,167.11437702178955
drtp_img88_cacheonly_1024mb_1000,1000,500,12,0.5,10.0,registry,157,343,779.9509554140114,1568.4999999999973,1716.2999999999975,17163.0,0.0,17163.0,0.0,12020.0,4654.0,117.54027754068375
drtp_img88_cacheonly_1024mb_1000,1000,500,12,0.5,10.0,dragonfly_style,157,343,669.6964846830457,1402.2000000000035,1402.2000000000035,14022.0,3141.0,17163.0,18.300996329313058,12176.0,4654.0,132.0153772830963
drtp_img88_cacheonly_1024mb_1000,1000,500,12,0.5,10.0,peersync_style,157,343,629.3654596771485,1140.9000000000017,1318.3000000000018,13183.0,3980.0,17163.0,23.189419099225077,12157.0,4654.0,200.7109448313713
drtp_img88_cacheonly_1024mb_1000,1000,500,12,0.5,10.0,metapipe_reactive_style,157,343,610.3991732972745,1351.5999999999997,1440.2999999999997,14403.0,2760.0,17163.0,16.08110470197518,12284.0,4654.0,192.32478737831116
drtp_img88_cacheonly_1024mb_1000,1000,500,12,0.5,10.0,ilrsa_style,157,343,1041.5101910828025,1702.9000000000026,1716.3000000000004,17163.0,0.0,17163.0,0.0,12145.0,4654.0,312.3070001602173
drtp_img88_cacheonly_1024mb_1000,1000,500,12,0.5,30.0,registry,157,343,259.98365180467084,522.8333333333334,572.1000000000003,17163.0,0.0,17163.0,0.0,12020.0,4654.0,115.94311892986298
drtp_img88_cacheonly_1024mb_1000,1000,500,12,0.5,30.0,dragonfly_style,157,343,222.24412452210558,412.99999999999983,472.13333333333316,14164.0,2999.0,17163.0,17.473635145370856,11989.0,4654.0,130.67634403705597
drtp_img88_cacheonly_1024mb_1000,1000,500,12,0.5,30.0,peersync_style,157,343,213.10533066676805,439.5333333333337,439.5333333333337,13186.0,3977.0,17163.0,23.171939637592494,12190.0,4654.0,202.75288820266724
drtp_img88_cacheonly_1024mb_1000,1000,500,12,0.5,30.0,metapipe_reactive_style,157,343,202.903172689819,449.9666666666667,479.53333333333336,14386.0,2777.0,17163.0,16.18015498455981,12284.0,4654.0,195.09196281433105
drtp_img88_cacheonly_1024mb_1000,1000,500,12,0.5,30.0,ilrsa_style,157,343,347.170063694268,567.6333333333348,572.1000000000007,17163.0,0.0,17163.0,0.0,12145.0,4654.0,311.2778142094612
drtp_img88_cacheonly_1024mb_1000,1000,500,12,0.5,100.0,registry,157,343,78.00070063694261,156.84999999999982,172.50999999999982,17163.0,0.0,17163.0,0.0,12020.0,4654.0,116.07813835144043
drtp_img88_cacheonly_1024mb_1000,1000,500,12,0.5,100.0,dragonfly_style,157,343,65.77599748026638,123.17611083553781,146.75342610964128,13954.0,3209.0,17163.0,18.697197459651576,11999.0,4654.0,133.44071805477142
drtp_img88_cacheonly_1024mb_1000,1000,500,12,0.5,100.0,peersync_style,157,343,64.89153897940953,141.21222003358423,141.21222003358423,13242.0,3921.0,17163.0,22.845656353784303,12212.0,4654.0,201.9648477435112
drtp_img88_cacheonly_1024mb_1000,1000,500,12,0.5,100.0,metapipe_reactive_style,157,343,60.87925223129122,137.85414060846563,148.94164060846563,14358.0,2805.0,17163.0,16.343296626463903,11476.0,5396.0,197.1023753285408
drtp_img88_cacheonly_1024mb_1000,1000,500,12,0.5,100.0,ilrsa_style,157,343,104.18116772823778,170.29000000000016,172.5100000000005,17163.0,0.0,17163.0,0.0,12145.0,4654.0,312.2549504041672
drtp_img88_cacheonly_1024mb_1000,1000,500,12,1.0,10.0,registry,156,344,448.7019230769231,1156.2000000000005,1307.4000000000005,13074.0,0.0,13074.0,0.0,13531.0,0.0,114.69801515340805
drtp_img88_cacheonly_1024mb_1000,1000,500,12,1.0,10.0,dragonfly_style,156,344,277.6631374007939,663.5415773809527,718.1790773809531,7145.0,5929.0,13074.0,45.349548722655655,13335.0,0.0,125.96121430397034
drtp_img88_cacheonly_1024mb_1000,1000,500,12,1.0,10.0,peersync_style,156,344,246.42575087759454,577.6353273809515,596.6964672619039,5850.0,7224.0,13074.0,55.254703992657184,12147.0,0.0,218.26457977294922
drtp_img88_cacheonly_1024mb_1000,1000,500,12,1.0,10.0,metapipe_reactive_style,156,344,265.7018599282663,683.9339523809525,735.8000000000001,7358.0,5716.0,13074.0,43.720361021875476,12300.0,0.0,169.04568672180176
drtp_img88_cacheonly_1024mb_1000,1000,500,12,1.0,10.0,ilrsa_style,156,344,579.7692307692315,1292.2000000000041,1307.4000000000024,13074.0,0.0,13074.0,0.0,12866.0,0.0,263.58938962221146
drtp_img88_cacheonly_1024mb_1000,1000,500,12,1.0,30.0,registry,156,344,149.56730769230808,385.40000000000094,435.800000000001,13074.0,0.0,13074.0,0.0,13531.0,0.0,113.01933974027634
drtp_img88_cacheonly_1024mb_1000,1000,500,12,1.0,30.0,dragonfly_style,156,344,94.5094197191697,234.6168214285712,246.08104761904744,7336.0,5738.0,13074.0,43.88863392993728,13371.0,0.0,125.66043436527252
drtp_img88_cacheonly_1024mb_1000,1000,500,12,1.0,30.0,peersync_style,156,344,82.6865825905575,192.88118849206347,209.91771448412698,5850.0,7224.0,13074.0,55.254703992657184,12209.0,0.0,221.95876389741898
drtp_img88_cacheonly_1024mb_1000,1000,500,12,1.0,30.0,metapipe_reactive_style,156,344,89.23731998117621,233.00000000000003,248.4666666666667,7454.0,5620.0,13074.0,42.98607924124216,12386.0,0.0,170.0798198580742
drtp_img88_cacheonly_1024mb_1000,1000,500,12,1.0,30.0,ilrsa_style,156,344,193.25641025641053,430.73333333333414,435.8000000000013,13074.0,0.0,13074.0,0.0,12866.0,0.0,264.14987444877625
drtp_img88_cacheonly_1024mb_1000,1000,500,12,1.0,100.0,registry,156,344,44.87660256410246,115.61999999999973,131.73999999999975,13074.0,0.0,13074.0,0.0,13531.0,0.0,112.89708316326141
drtp_img88_cacheonly_1024mb_1000,1000,500,12,1.0,100.0,dragonfly_style,156,344,28.16544813500542,69.97308730158726,88.49605820105816,7050.0,6024.0,13074.0,46.07618173474071,12787.0,0.0,126.59889459609985
drtp_img88_cacheonly_1024mb_1000,1000,500,12,1.0,100.0,peersync_style,156,344,24.708957095036425,60.031109897833275,77.11802544454528,5692.0,7382.0,13074.0,56.463209423282855,13790.0,0.0,227.8367131948471
drtp_img88_cacheonly_1024mb_1000,1000,500,12,1.0,100.0,metapipe_reactive_style,156,344,26.744198373215504,73.18234117669415,88.49938795241393,7388.0,5686.0,13074.0,43.490897965427564,12883.0,0.0,173.85180294513702
drtp_img88_cacheonly_1024mb_1000,1000,500,12,1.0,100.0,ilrsa_style,156,344,58.01085470085476,129.22000000000045,131.74000000000072,13074.0,0.0,13074.0,0.0,12866.0,0.0,263.50099593400955
drtp_img88_cacheonly_1024mb_1000,1000,500,12,2.0,10.0,registry,153,347,120.13725490196087,611.8000000000008,821.0000000000008,8210.0,0.0,8210.0,0.0,9073.0,0.0,86.24129742383957
drtp_img88_cacheonly_1024mb_1000,1000,500,12,2.0,10.0,dragonfly_style,153,347,63.30404411764709,258.9360780423282,377.84999999999985,3635.0,4575.0,8210.0,55.72472594397077,8828.0,0.0,93.57001632452011
drtp_img88_cacheonly_1024mb_1000,1000,500,12,2.0,10.0,peersync_style,153,347,45.16750706764187,165.79861111111103,185.10000000000005,1851.0,6359.0,8210.0,77.4543239951279,8517.0,0.0,153.03556621074677
drtp_img88_cacheonly_1024mb_1000,1000,500,12,2.0,10.0,metapipe_reactive_style,153,347,49.80031058719785,286.045634920635,329.28750000000014,3263.0,4947.0,8210.0,60.2557856272838,8171.0,0.0,119.41233277320862
drtp_img88_cacheonly_1024mb_1000,1000,500,12,2.0,10.0,ilrsa_style,153,347,180.4692810457516,736.3999999999988,820.9999999999997,8210.0,0.0,8210.0,0.0,8755.0,0.0,157.98389166593552
drtp_img88_cacheonly_1024mb_1000,1000,500,12,2.0,30.0,registry,153,347,40.0457516339869,203.9333333333331,273.6666666666665,8210.0,0.0,8210.0,0.0,9073.0,0.0,84.44777876138687
drtp_img88_cacheonly_1024mb_1000,1000,500,12,2.0,30.0,dragonfly_style,153,347,19.300506535947708,85.74904761904767,103.06666666666672,3020.0,5190.0,8210.0,63.21559074299635,8504.0,0.0,98.16877543926239
drtp_img88_cacheonly_1024mb_1000,1000,500,12,2.0,30.0,peersync_style,153,347,15.99663834422659,59.49015873015881,68.37237301587311,1851.0,6359.0,8210.0,77.4543239951279,8421.0,0.0,155.36757558584213
drtp_img88_cacheonly_1024mb_1000,1000,500,12,2.0,30.0,metapipe_reactive_style,153,347,16.934480037314167,97.32355721844296,112.90726741496601,3328.0,4882.0,8210.0,59.46406820950061,8578.0,0.0,119.9495941400528
drtp_img88_cacheonly_1024mb_1000,1000,500,12,2.0,30.0,ilrsa_style,153,347,60.15642701525048,245.46666666666616,273.66666666666686,8210.0,0.0,8210.0,0.0,8755.0,0.0,157.9657420516014
drtp_img88_cacheonly_1024mb_1000,1000,500,12,2.0,100.0,registry,153,347,12.035196078431374,61.180000000000014,84.21500000000002,8210.0,0.0,8210.0,0.0,9073.0,0.0,84.92854982614517
drtp_img88_cacheonly_1024mb_1000,1000,500,12,2.0,100.0,dragonfly_style,153,347,6.9352977576836325,31.970923531746035,51.04263960317467,3559.0,4651.0,8210.0,56.65042630937881,8627.0,0.0,95.63913196325302
drtp_img88_cacheonly_1024mb_1000,1000,500,12,2.0,100.0,peersync_style,153,347,5.9353509077705136,24.866211111111085,39.82151111111109,1851.0,6359.0,8210.0,77.4543239951279,9404.0,0.0,169.3158522248268
drtp_img88_cacheonly_1024mb_1000,1000,500,12,2.0,100.0,metapipe_reactive_style,153,347,5.416108311684079,29.76538574038197,42.918228568659806,3321.0,4889.0,8210.0,59.54933008526188,8567.0,0.0,121.2911307811737
drtp_img88_cacheonly_1024mb_1000,1000,500,12,2.0,100.0,ilrsa_style,153,347,18.142663398692818,73.64000000000003,84.21500000000013,8210.0,0.0,8210.0,0.0,8755.0,0.0,156.9427102804184
drtp_img88_cacheonly_1024mb_1000,1000,500,13,0.5,10.0,registry,156,344,883.4352564102558,1536.7999999999986,1672.099999999998,16721.0,0.0,16721.0,0.0,10025.0,6647.0,120.5611526966095
drtp_img88_cacheonly_1024mb_1000,1000,500,13,0.5,10.0,dragonfly_style,156,344,689.3318007478637,1242.4,1419.8000000000002,14198.0,2523.0,16721.0,15.088810477842234,9976.0,6647.0,145.69538831710815
drtp_img88_cacheonly_1024mb_1000,1000,500,13,0.5,10.0,peersync_style,156,344,651.3249249592999,1175.7,1353.1000000000001,13531.0,3190.0,16721.0,19.07780635129478,9917.0,6647.0,241.497702896595
drtp_img88_cacheonly_1024mb_1000,1000,500,13,0.5,10.0,metapipe_reactive_style,156,344,544.5477957552978,1124.2,1301.6000000000001,13016.0,3705.0,16721.0,22.157765683870583,10102.0,7018.0,213.02808076143265
drtp_img88_cacheonly_1024mb_1000,1000,500,13,0.5,10.0,ilrsa_style,156,344,1198.1423076923072,1639.3000000000018,1672.0999999999992,16721.0,0.0,16721.0,0.0,10006.0,6647.0,321.27902656793594
drtp_img88_cacheonly_1024mb_1000,1000,500,13,0.5,30.0,registry,156,344,294.47841880341883,512.2666666666664,557.3666666666666,16721.0,0.0,16721.0,0.0,10025.0,6647.0,119.0435141324997
drtp_img88_cacheonly_1024mb_1000,1000,500,13,0.5,30.0,dragonfly_style,156,344,229.64436666921065,414.1333333333338,473.2666666666671,14198.0,2523.0,16721.0,15.088810477842234,9976.0,6647.0,146.49057388305664
drtp_img88_cacheonly_1024mb_1000,1000,500,13,0.5,30.0,peersync_style,156,344,215.03652880163827,377.4333333333334,436.5666666666667,13097.0,3624.0,16721.0,21.673344895640213,9656.0,7018.0,241.26046150922775
drtp_img88_cacheonly_1024mb_1000,1000,500,13,0.5,30.0,metapipe_reactive_style,156,344,182.41875439467242,375.09472,434.2280533333333,13026.0,3695.0,16721.0,22.097960648286584,10076.0,7018.0,214.07029032707214
drtp_img88_cacheonly_1024mb_1000,1000,500,13,0.5,30.0,ilrsa_style,156,344,399.38076923076954,546.4333333333361,557.3666666666687,16721.0,0.0,16721.0,0.0,10006.0,6647.0,321.8938559293747
drtp_img88_cacheonly_1024mb_1000,1000,500,13,0.5,100.0,registry,156,344,88.39668803418787,153.6799999999996,171.56999999999968,16721.0,0.0,16721.0,0.0,10025.0,6647.0,119.2326545715332
drtp_img88_cacheonly_1024mb_1000,1000,500,13,0.5,100.0,dragonfly_style,156,344,71.73736023934606,130.91881613756624,149.87714947089958,13829.0,2892.0,16721.0,17.295616290891694,9790.0,6647.0,150.13054013252258
drtp_img88_cacheonly_1024mb_1000,1000,500,13,0.5,100.0,peersync_style,156,344,68.03555646876282,124.16361243386257,143.1219457671959,13154.0,3567.0,16721.0,21.332456192811435,10398.0,6647.0,247.15644866228104
drtp_img88_cacheonly_1024mb_1000,1000,500,13,0.5,100.0,metapipe_reactive_style,156,344,57.060835202059714,120.94336822207667,150.51003488874335,13781.0,2940.0,16721.0,17.582680461694874,10144.0,6952.0,217.92040020227432
drtp_img88_cacheonly_1024mb_1000,1000,500,13,0.5,100.0,ilrsa_style,156,344,120.05589743589745,166.10333333333395,171.57000000000096,16721.0,0.0,16721.0,0.0,10006.0,6647.0,321.5388208627701
drtp_img88_cacheonly_1024mb_1000,1000,500,13,1.0,10.0,registry,154,346,642.9857142857143,1335.699999999999,1380.4999999999995,13805.0,0.0,13805.0,0.0,14619.0,0.0,87.4006599187851
drtp_img88_cacheonly_1024mb_1000,1000,500,13,1.0,10.0,dragonfly_style,154,346,383.3959831091526,593.8976934523814,710.200000000001,7102.0,6703.0,13805.0,48.55487142339732,11035.0,887.0,103.19236665964127
drtp_img88_cacheonly_1024mb_1000,1000,500,13,1.0,10.0,peersync_style,154,346,379.1944679576379,587.697693452381,689.1333333333334,6862.0,6943.0,13805.0,50.29337196667874,11877.0,887.0,198.3303353190422
drtp_img88_cacheonly_1024mb_1000,1000,500,13,1.0,10.0,metapipe_reactive_style,154,346,372.4196303811925,631.2319923941795,762.0999999999999,7621.0,6184.0,13805.0,44.79536399855125,12531.0,0.0,139.80384171009064
drtp_img88_cacheonly_1024mb_1000,1000,500,13,1.0,10.0,ilrsa_style,154,346,837.3357142857144,1379.800000000001,1380.5000000000005,13805.0,0.0,13805.0,0.0,12924.0,0.0,224.67374056577682
drtp_img88_cacheonly_1024mb_1000,1000,500,13,1.0,30.0,registry,154,346,214.3285714285715,445.23333333333403,460.16666666666737,13805.0,0.0,13805.0,0.0,14619.0,0.0,85.95114946365356
drtp_img88_cacheonly_1024mb_1000,1000,500,13,1.0,30.0,dragonfly_style,154,346,132.7057618757729,223.77686011904765,226.18182663690476,6492.0,7313.0,13805.0,52.973560304237594,12009.0,0.0,106.71959072351456
drtp_img88_cacheonly_1024mb_1000,1000,500,13,1.0,30.0,peersync_style,154,346,131.17417285095863,221.87666666666667,224.22488095238091,6139.0,7666.0,13805.0,55.53060485331402,12082.0,0.0,202.4700567126274
drtp_img88_cacheonly_1024mb_1000,1000,500,13,1.0,30.0,metapipe_reactive_style,154,346,128.9804887213056,238.68024265211622,252.91357598544954,6798.0,7007.0,13805.0,50.756972111553786,12814.0,0.0,141.01365953683853
drtp_img88_cacheonly_1024mb_1000,1000,500,13,1.0,30.0,ilrsa_style,154,346,279.11190476190467,459.93333333333345,460.16666666666697,13805.0,0.0,13805.0,0.0,12924.0,0.0,224.7297242283821
drtp_img88_cacheonly_1024mb_1000,1000,500,13,1.0,100.0,registry,154,346,64.30419913419902,133.5699999999997,138.9166666666665,13805.0,0.0,13805.0,0.0,14619.0,0.0,86.01590991020203
drtp_img88_cacheonly_1024mb_1000,1000,500,13,1.0,100.0,dragonfly_style,154,346,45.522127863455964,95.7592708333334,97.52417038690481,6492.0,7313.0,13805.0,52.973560304237594,11967.0,0.0,106.94272071123123
drtp_img88_cacheonly_1024mb_1000,1000,500,13,1.0,100.0,peersync_style,154,346,45.13708120748303,95.14145833333339,96.9051860119048,6139.0,7666.0,13805.0,55.53060485331402,12992.0,0.0,201.4864832162857
drtp_img88_cacheonly_1024mb_1000,1000,500,13,1.0,100.0,metapipe_reactive_style,154,346,41.83112093029693,83.67509287477954,98.45842620811288,6798.0,7007.0,13805.0,50.756972111553786,12304.0,0.0,143.44342797994614
drtp_img88_cacheonly_1024mb_1000,1000,500,13,1.0,100.0,ilrsa_style,154,346,83.78244588744604,138.80000000000055,138.9166666666673,13805.0,0.0,13805.0,0.0,12924.0,0.0,223.7061932682991
drtp_img88_cacheonly_1024mb_1000,1000,500,13,2.0,10.0,registry,156,344,139.33846153846144,586.6999999999992,739.7999999999998,7398.0,0.0,7398.0,0.0,6134.0,0.0,71.69966399669647
drtp_img88_cacheonly_1024mb_1000,1000,500,13,2.0,10.0,dragonfly_style,156,344,50.06740537240538,202.29999999999998,268.45000000000016,2423.0,4975.0,7398.0,67.24790483914572,6119.0,0.0,77.46071368455887
drtp_img88_cacheonly_1024mb_1000,1000,500,13,2.0,10.0,peersync_style,156,344,49.56043269230775,202.20000000000007,235.01666666666705,2022.0,5376.0,7398.0,72.66828872668289,6005.0,0.0,135.88343560695648
drtp_img88_cacheonly_1024mb_1000,1000,500,13,2.0,10.0,metapipe_reactive_style,156,344,50.38091700689357,184.56170552248673,259.83333333333326,2396.0,5002.0,7398.0,67.61286834279535,6287.0,0.0,106.58886283636093
drtp_img88_cacheonly_1024mb_1000,1000,500,13,2.0,10.0,ilrsa_style,156,344,162.9179487179487,610.3000000000001,739.8000000000008,7398.0,0.0,7398.0,0.0,6568.0,0.0,137.4761313199997
drtp_img88_cacheonly_1024mb_1000,1000,500,13,2.0,30.0,registry,156,344,46.44615384615383,195.56666666666655,246.59999999999985,7398.0,0.0,7398.0,0.0,6134.0,0.0,70.12749463319778
drtp_img88_cacheonly_1024mb_1000,1000,500,13,2.0,30.0,dragonfly_style,156,344,17.672681623931624,67.43333333333337,106.91666666666664,2423.0,4975.0,7398.0,67.24790483914572,6119.0,0.0,76.88814401626587
drtp_img88_cacheonly_1024mb_1000,1000,500,13,2.0,30.0,peersync_style,156,344,17.574618055555565,67.40000000000003,100.21666666666667,2022.0,5376.0,7398.0,72.66828872668289,6156.0,0.0,137.20443099737167
drtp_img88_cacheonly_1024mb_1000,1000,500,13,2.0,30.0,metapipe_reactive_style,156,344,17.54827451660753,67.86666666666667,100.46666666666667,2407.0,4991.0,7398.0,67.46417950797513,6298.0,0.0,109.13639515638351
drtp_img88_cacheonly_1024mb_1000,1000,500,13,2.0,30.0,ilrsa_style,156,344,54.305982905982894,203.4333333333331,246.59999999999968,7398.0,0.0,7398.0,0.0,6568.0,0.0,137.61930167675018
drtp_img88_cacheonly_1024mb_1000,1000,500,13,2.0,100.0,registry,156,344,14.097820512820514,58.670000000000016,82.60000000000002,7398.0,0.0,7398.0,0.0,6134.0,0.0,70.41765004396439
drtp_img88_cacheonly_1024mb_1000,1000,500,13,2.0,100.0,dragonfly_style,156,344,7.283843660968655,28.023633333333297,52.18988888888884,2423.0,4975.0,7398.0,67.24790483914572,6117.0,0.0,79.93221282958984
drtp_img88_cacheonly_1024mb_1000,1000,500,13,2.0,100.0,peersync_style,156,344,7.2566470797720735,27.794433333333306,52.229888888888844,2022.0,5376.0,7398.0,72.66828872668289,5940.0,0.0,139.88418132066727
drtp_img88_cacheonly_1024mb_1000,1000,500,13,2.0,100.0,metapipe_reactive_style,156,344,6.175797374473136,29.30074085529498,49.50901996392542,2407.0,4991.0,7398.0,67.46417950797513,6298.0,0.0,111.32477223873138
drtp_img88_cacheonly_1024mb_1000,1000,500,13,2.0,100.0,ilrsa_style,156,344,16.613632478632464,61.02999999999996,82.59999999999992,7398.0,0.0,7398.0,0.0,6568.0,0.0,137.21803575754166
drtp_img88_cacheonly_1024mb_1000,1000,500,14,0.5,10.0,registry,157,343,934.6815286624202,1577.7000000000012,1637.200000000001,16372.0,0.0,16372.0,0.0,10708.0,5541.0,116.27531051635742
drtp_img88_cacheonly_1024mb_1000,1000,500,14,0.5,10.0,dragonfly_style,157,343,641.2474347133763,1146.8999999999994,1324.2999999999995,13243.0,3129.0,16372.0,19.11189836305888,10665.0,5541.0,130.57462126016617
drtp_img88_cacheonly_1024mb_1000,1000,500,14,0.5,10.0,peersync_style,157,343,594.848707191723,1045.1999999999998,1222.6,12226.0,4146.0,16372.0,25.323723430246762,10689.0,5541.0,212.34631538391113
drtp_img88_cacheonly_1024mb_1000,1000,500,14,0.5,10.0,metapipe_reactive_style,157,343,587.4822284087625,1217.2000000000003,1394.6000000000004,13946.0,2426.0,16372.0,14.817981920351821,10864.0,5541.0,192.0034885406494
drtp_img88_cacheonly_1024mb_1000,1000,500,14,0.5,10.0,ilrsa_style,157,343,1236.6764331210188,1635.8999999999983,1637.1999999999975,16372.0,0.0,16372.0,0.0,10538.0,5541.0,300.81629008054733
drtp_img88_cacheonly_1024mb_1000,1000,500,14,0.5,30.0,registry,157,343,311.56050955414094,525.9000000000016,545.7333333333349,16372.0,0.0,16372.0,0.0,10708.0,5541.0,115.05590379238129
drtp_img88_cacheonly_1024mb_1000,1000,500,14,0.5,30.0,dragonfly_style,157,343,213.55131621098573,382.23333333333375,441.3666666666671,13241.0,3131.0,16372.0,19.12411434155876,10888.0,5541.0,131.5283700823784
drtp_img88_cacheonly_1024mb_1000,1000,500,14,0.5,30.0,peersync_style,157,343,198.69345733495086,348.4000000000003,407.53333333333364,12226.0,4146.0,16372.0,25.323723430246762,10656.0,5541.0,210.57932823896408
drtp_img88_cacheonly_1024mb_1000,1000,500,14,0.5,30.0,metapipe_reactive_style,157,343,195.96975685685285,406.1666666666669,465.30000000000024,13959.0,2413.0,16372.0,14.738578060102615,10714.0,5541.0,193.7144547700882
drtp_img88_cacheonly_1024mb_1000,1000,500,14,0.5,30.0,ilrsa_style,157,343,412.22547770700675,545.3000000000019,545.733333333335,16372.0,0.0,16372.0,0.0,10538.0,5541.0,301.2961223721504
drtp_img88_cacheonly_1024mb_1000,1000,500,14,0.5,100.0,registry,157,343,93.47816878980862,157.76999999999944,164.6824999999994,16372.0,0.0,16372.0,0.0,10708.0,5541.0,115.17858505249023
drtp_img88_cacheonly_1024mb_1000,1000,500,14,0.5,100.0,dragonfly_style,157,343,65.68400558278084,117.59501468253954,143.4658480158729,13289.0,3083.0,16372.0,18.83093085756169,10375.0,5935.0,133.17666947841644
drtp_img88_cacheonly_1024mb_1000,1000,500,14,0.5,100.0,peersync_style,157,343,62.3412491218363,110.98409355158726,136.8549268849206,12620.0,3752.0,16372.0,22.917175665770827,10562.0,5935.0,212.4728560447693
drtp_img88_cacheonly_1024mb_1000,1000,500,14,0.5,100.0,metapipe_reactive_style,157,343,59.539360573252246,124.34613043914771,150.21696377248105,14008.0,2364.0,16372.0,14.439286586855607,10692.0,5541.0,197.58984446525574
drtp_img88_cacheonly_1024mb_1000,1000,500,14,0.5,100.0,ilrsa_style,157,343,123.73170382165588,164.5200000000002,164.68250000000012,16372.0,0.0,16372.0,0.0,10538.0,5541.0,300.0329062342644
drtp_img88_cacheonly_1024mb_1000,1000,500,14,1.0,10.0,registry,158,342,699.9291139240503,1503.1999999999962,1542.6999999999962,15427.0,0.0,15427.0,0.0,15342.0,0.0,122.83597886562347
drtp_img88_cacheonly_1024mb_1000,1000,500,14,1.0,10.0,dragonfly_style,158,342,382.1055998970263,639.0918551587291,693.3999999999999,6850.0,8577.0,15427.0,55.597329357619756,15626.0,0.0,140.07002115249634
drtp_img88_cacheonly_1024mb_1000,1000,500,14,1.0,10.0,peersync_style,158,342,334.98738372764626,565.4951587301578,584.2044543650784,5641.0,9786.0,15427.0,63.43423867245738,15531.0,0.0,256.37075304985046
drtp_img88_cacheonly_1024mb_1000,1000,500,14,1.0,10.0,metapipe_reactive_style,158,342,345.29637289747103,644.1052080498864,679.1166666666664,6711.0,8716.0,15427.0,56.498347053866596,14899.0,0.0,190.01159071922302
drtp_img88_cacheonly_1024mb_1000,1000,500,14,1.0,10.0,ilrsa_style,158,342,859.3803797468344,1531.9999999999968,1542.699999999996,15427.0,0.0,15427.0,0.0,15049.0,0.0,317.7642822265625
drtp_img88_cacheonly_1024mb_1000,1000,500,14,1.0,30.0,registry,158,342,233.3097046413505,501.0666666666672,514.2333333333339,15427.0,0.0,15427.0,0.0,15342.0,0.0,119.53676491975784
drtp_img88_cacheonly_1024mb_1000,1000,500,14,1.0,30.0,dragonfly_style,158,342,129.40759100864,233.6962261904765,239.88372619047647,6850.0,8577.0,15427.0,55.597329357619756,15355.0,0.0,140.92674851417542
drtp_img88_cacheonly_1024mb_1000,1000,500,14,1.0,30.0,peersync_style,158,342,113.88735579185109,209.69425543797772,217.00855061360974,5641.0,9786.0,15427.0,63.43423867245738,15776.0,0.0,259.404793381691
drtp_img88_cacheonly_1024mb_1000,1000,500,14,1.0,30.0,metapipe_reactive_style,158,342,117.10841388888088,236.92072845805,241.06484835600918,6711.0,8716.0,15427.0,56.498347053866596,14899.0,0.0,189.23652917146683
drtp_img88_cacheonly_1024mb_1000,1000,500,14,1.0,30.0,ilrsa_style,158,342,286.4601265822787,510.6666666666679,514.2333333333344,15427.0,0.0,15427.0,0.0,15049.0,0.0,319.60487365722656
drtp_img88_cacheonly_1024mb_1000,1000,500,14,1.0,100.0,registry,158,342,69.99606012658217,150.3199999999999,154.5374999999999,15427.0,0.0,15427.0,0.0,15342.0,0.0,120.47877907752991
drtp_img88_cacheonly_1024mb_1000,1000,500,14,1.0,100.0,dragonfly_style,158,342,42.5757322056739,91.9503509589948,98.98842101410939,6940.0,8487.0,15427.0,55.01393660465418,15993.0,0.0,140.79232513904572
drtp_img88_cacheonly_1024mb_1000,1000,500,14,1.0,100.0,peersync_style,158,342,36.7037768738035,85.4679575729994,88.38752290244716,5641.0,9786.0,15427.0,63.43423867245738,15331.0,0.0,256.6494345664978
drtp_img88_cacheonly_1024mb_1000,1000,500,14,1.0,100.0,metapipe_reactive_style,158,342,36.48737857362333,91.26519755148931,91.26519755148931,6816.0,8611.0,15427.0,55.81772217540676,13969.0,887.0,191.96691364049911
drtp_img88_cacheonly_1024mb_1000,1000,500,14,1.0,100.0,ilrsa_style,158,342,85.94846518987345,153.20000000000013,154.53750000000002,15427.0,0.0,15427.0,0.0,15049.0,0.0,320.0918734073639
drtp_img88_cacheonly_1024mb_1000,1000,500,14,2.0,10.0,registry,159,341,167.6264150943397,664.9999999999994,733.9999999999992,7340.0,0.0,7340.0,0.0,6082.0,0.0,81.15893602371216
drtp_img88_cacheonly_1024mb_1000,1000,500,14,2.0,10.0,dragonfly_style,159,341,59.87229073075769,256.92944444444447,285.20000000000005,2852.0,4488.0,7340.0,61.14441416893733,5992.0,0.0,91.57256036996841
drtp_img88_cacheonly_1024mb_1000,1000,500,14,2.0,10.0,peersync_style,159,341,55.68516365927922,234.10444444444428,243.84999999999985,2401.0,4939.0,7340.0,67.28882833787466,6676.0,0.0,178.656205534935
drtp_img88_cacheonly_1024mb_1000,1000,500,14,2.0,10.0,metapipe_reactive_style,159,341,50.80581226914243,261.9,268.0361355820106,2619.0,4721.0,7340.0,64.31880108991825,5960.0,0.0,116.40910059213638
drtp_img88_cacheonly_1024mb_1000,1000,500,14,2.0,10.0,ilrsa_style,159,341,206.41069182389924,728.4999999999992,733.9999999999995,7340.0,0.0,7340.0,0.0,6970.0,0.0,162.42414712905884
drtp_img88_cacheonly_1024mb_1000,1000,500,14,2.0,30.0,registry,159,341,55.87547169811321,221.66666666666643,244.6666666666664,7340.0,0.0,7340.0,0.0,6082.0,0.0,79.4229656457901
drtp_img88_cacheonly_1024mb_1000,1000,500,14,2.0,30.0,dragonfly_style,159,341,20.1573797377181,86.99999999999997,90.74999999999997,2627.0,4713.0,7340.0,64.20980926430518,5971.0,0.0,93.15811097621918
drtp_img88_cacheonly_1024mb_1000,1000,500,14,2.0,30.0,peersync_style,159,341,18.806990422531698,77.18299999999999,83.78333333333333,2401.0,4939.0,7340.0,67.28882833787466,6892.0,0.0,182.21855908632278
drtp_img88_cacheonly_1024mb_1000,1000,500,14,2.0,30.0,metapipe_reactive_style,159,341,17.481623468852952,87.3,94.50136319554674,2619.0,4721.0,7340.0,64.31880108991825,5960.0,0.0,117.32614040374756
drtp_img88_cacheonly_1024mb_1000,1000,500,14,2.0,30.0,ilrsa_style,159,341,68.80356394129974,242.8333333333329,244.66666666666617,7340.0,0.0,7340.0,0.0,6970.0,0.0,162.7025604248047
drtp_img88_cacheonly_1024mb_1000,1000,500,14,2.0,100.0,registry,159,341,16.765833333333326,66.49999999999996,73.67499999999997,7340.0,0.0,7340.0,0.0,6082.0,0.0,80.19786328077316
drtp_img88_cacheonly_1024mb_1000,1000,500,14,2.0,100.0,dragonfly_style,159,341,6.7764239412997815,24.44103666666663,33.053066666666645,2623.0,4717.0,7340.0,64.26430517711172,5967.0,0.0,95.3439399600029
drtp_img88_cacheonly_1024mb_1000,1000,500,14,2.0,100.0,peersync_style,159,341,6.711088015373856,24.713039999999953,29.204966666666614,2401.0,4939.0,7340.0,67.28882833787466,6566.0,0.0,155.46627342700958
drtp_img88_cacheonly_1024mb_1000,1000,500,14,2.0,100.0,metapipe_reactive_style,159,341,5.755927442704189,26.56776827900553,34.865359137799146,2619.0,4721.0,7340.0,64.31880108991825,5960.0,0.0,119.0614327788353
drtp_img88_cacheonly_1024mb_1000,1000,500,14,2.0,100.0,ilrsa_style,159,341,20.653522012578637,72.98750000000005,73.6750000000001,7340.0,0.0,7340.0,0.0,6970.0,0.0,162.6395508646965
drtp_img88_cacheonly_1024mb_1000,1000,500,15,0.5,10.0,registry,153,347,853.0816993464038,1558.6999999999962,1705.4999999999961,17055.0,0.0,17055.0,0.0,10526.0,6428.0,96.41879796981812
drtp_img88_cacheonly_1024mb_1000,1000,500,15,0.5,10.0,dragonfly_style,153,347,687.4848222196297,1221.2000000000019,1487.300000000002,14873.0,2182.0,17055.0,12.793902081501026,10527.0,6428.0,111.98629438877106
drtp_img88_cacheonly_1024mb_1000,1000,500,15,0.5,10.0,peersync_style,153,347,667.2068391560344,1175.0000000000025,1441.1000000000026,14411.0,2644.0,17055.0,15.502785107006742,10785.0,6428.0,179.52165752649307
drtp_img88_cacheonly_1024mb_1000,1000,500,15,0.5,10.0,metapipe_reactive_style,153,347,586.0276680672272,1315.3999999999996,1581.4999999999998,15815.0,1240.0,17055.0,7.270595133391967,11091.0,6428.0,152.96902507543564
drtp_img88_cacheonly_1024mb_1000,1000,500,15,0.5,10.0,ilrsa_style,153,347,1149.514379084966,1703.6999999999985,1705.499999999997,17055.0,0.0,17055.0,0.0,10871.0,6428.0,233.47105085849762
drtp_img88_cacheonly_1024mb_1000,1000,500,15,0.5,30.0,registry,153,347,284.3605664488014,519.5666666666659,568.4999999999991,17055.0,0.0,17055.0,0.0,10526.0,6428.0,95.80715000629425
drtp_img88_cacheonly_1024mb_1000,1000,500,15,0.5,30.0,dragonfly_style,153,347,229.1314339117122,407.06666666666626,495.76666666666625,14873.0,2182.0,17055.0,12.793902081501026,10527.0,6428.0,112.59686201810837
drtp_img88_cacheonly_1024mb_1000,1000,500,15,0.5,30.0,peersync_style,153,347,223.32266234827233,391.6666666666663,480.3666666666663,14411.0,2644.0,17055.0,15.502785107006742,10660.0,6428.0,177.0934835076332
drtp_img88_cacheonly_1024mb_1000,1000,500,15,0.5,30.0,metapipe_reactive_style,153,347,196.0743103825894,439.56666666666666,528.2666666666667,15848.0,1207.0,17055.0,7.0771034887129876,11091.0,6428.0,153.2117798924446
drtp_img88_cacheonly_1024mb_1000,1000,500,15,0.5,30.0,ilrsa_style,153,347,383.17145969498915,567.9000000000019,568.5000000000015,17055.0,0.0,17055.0,0.0,10871.0,6428.0,233.5009202361107
drtp_img88_cacheonly_1024mb_1000,1000,500,15,0.5,100.0,registry,153,347,85.31532679738572,155.87000000000012,171.64500000000004,17055.0,0.0,17055.0,0.0,10526.0,6428.0,96.36130928993225
drtp_img88_cacheonly_1024mb_1000,1000,500,15,0.5,100.0,dragonfly_style,153,347,69.8025107508847,127.53587971781288,164.4942130511462,14953.0,2102.0,17055.0,12.324831427733802,10527.0,6428.0,111.89279705286026
drtp_img88_cacheonly_1024mb_1000,1000,500,15,0.5,100.0,peersync_style,153,347,67.88608738696094,122.70375000000001,159.66208333333336,14422.0,2633.0,17055.0,15.438287892113749,10819.0,6428.0,179.95940893888474
drtp_img88_cacheonly_1024mb_1000,1000,500,15,0.5,100.0,metapipe_reactive_style,153,347,59.33746659514297,135.5883789851557,172.54671231848906,15872.0,1183.0,17055.0,6.93638229258282,11047.0,6428.0,154.9597829580307
drtp_img88_cacheonly_1024mb_1000,1000,500,15,0.5,100.0,ilrsa_style,153,347,115.01049019607858,171.4200000000005,171.64500000000032,17055.0,0.0,17055.0,0.0,10871.0,6428.0,233.7043508887291
drtp_img88_cacheonly_1024mb_1000,1000,500,15,1.0,10.0,registry,152,348,596.3427631578961,1382.6000000000024,1547.0,15470.0,0.0,15470.0,0.0,14811.0,0.0,120.86370587348938
drtp_img88_cacheonly_1024mb_1000,1000,500,15,1.0,10.0,dragonfly_style,152,348,367.35107123276947,783.5872916666673,797.6000000000013,7976.0,7494.0,15470.0,48.44214608920491,14712.0,452.0,138.1639465689659
drtp_img88_cacheonly_1024mb_1000,1000,500,15,1.0,10.0,peersync_style,152,348,356.1520636748125,729.6000000000016,732.2875000000024,7228.0,8242.0,15470.0,53.27731092436975,13567.0,452.0,223.10687601566315
drtp_img88_cacheonly_1024mb_1000,1000,500,15,1.0,10.0,metapipe_reactive_style,152,348,343.10432313552957,795.0999999999999,812.8399999999999,7951.0,7519.0,15470.0,48.603749191984484,14058.0,371.0,211.11180633306503
drtp_img88_cacheonly_1024mb_1000,1000,500,15,1.0,10.0,ilrsa_style,152,348,893.418421052632,1543.2000000000014,1546.999999999998,15470.0,0.0,15470.0,0.0,14120.0,0.0,325.5675137042999
drtp_img88_cacheonly_1024mb_1000,1000,500,15,1.0,30.0,registry,152,348,198.78092105263153,460.8666666666672,515.666666666668,15470.0,0.0,15470.0,0.0,14811.0,0.0,119.86225843429565
drtp_img88_cacheonly_1024mb_1000,1000,500,15,1.0,30.0,dragonfly_style,152,348,123.61582686077159,265.0666666666661,267.4803978835972,7952.0,7518.0,15470.0,48.5972850678733,14122.0,452.0,140.30671864748
drtp_img88_cacheonly_1024mb_1000,1000,500,15,1.0,30.0,peersync_style,152,348,120.25167043596387,247.566666666666,251.4662059523801,7228.0,8242.0,15470.0,53.27731092436975,13676.0,452.0,223.6134484410286
drtp_img88_cacheonly_1024mb_1000,1000,500,15,1.0,30.0,metapipe_reactive_style,152,348,115.02728127067085,265.0333333333333,282.7733333333333,7951.0,7519.0,15470.0,48.603749191984484,14058.0,371.0,215.40408581495285
drtp_img88_cacheonly_1024mb_1000,1000,500,15,1.0,30.0,ilrsa_style,152,348,297.80614035087774,514.4000000000011,515.6666666666666,15470.0,0.0,15470.0,0.0,14120.0,0.0,324.92952793836594
drtp_img88_cacheonly_1024mb_1000,1000,500,15,1.0,100.0,registry,152,348,59.68222039473671,138.25999999999968,157.5449999999994,15470.0,0.0,15470.0,0.0,14811.0,0.0,119.68008428812027
drtp_img88_cacheonly_1024mb_1000,1000,500,15,1.0,100.0,dragonfly_style,152,348,39.12663193276708,86.95932002962965,90.37558359788365,8228.0,7242.0,15470.0,46.81318681318681,14800.0,452.0,140.0895118713379
drtp_img88_cacheonly_1024mb_1000,1000,500,15,1.0,100.0,peersync_style,152,348,38.19075999467246,83.04048348645516,87.40975438558218,7512.0,7958.0,15470.0,51.441499676793796,14796.0,452.0,221.93873673677444
drtp_img88_cacheonly_1024mb_1000,1000,500,15,1.0,100.0,metapipe_reactive_style,152,348,35.56502389448292,92.17229353532237,98.22507752089491,7661.0,7809.0,15470.0,50.478345184227535,14790.0,227.0,220.50462663173676
drtp_img88_cacheonly_1024mb_1000,1000,500,15,1.0,100.0,ilrsa_style,152,348,89.5484210526314,157.07000000000008,157.54499999999965,15470.0,0.0,15470.0,0.0,14120.0,0.0,325.44899731874466
drtp_img88_cacheonly_1024mb_1000,1000,500,15,2.0,10.0,registry,153,347,79.37712418300656,496.5,593.8999999999999,5939.0,0.0,5939.0,0.0,5237.0,0.0,70.07324695587158
drtp_img88_cacheonly_1024mb_1000,1000,500,15,2.0,10.0,dragonfly_style,153,347,26.802854030501116,151.979166666667,169.90000000000012,1699.0,4240.0,5939.0,71.39249031823539,5395.0,0.0,75.66076517105103
drtp_img88_cacheonly_1024mb_1000,1000,500,15,2.0,10.0,peersync_style,153,347,26.297712418300698,150.27083333333374,168.0000000000002,1680.0,4259.0,5939.0,71.71240949654825,5705.0,0.0,118.34149062633514
drtp_img88_cacheonly_1024mb_1000,1000,500,15,2.0,10.0,metapipe_reactive_style,153,347,24.531337327523623,158.53916666666674,171.50000000000006,1715.0,4224.0,5939.0,71.123084694393,5493.0,0.0,97.4668487906456
drtp_img88_cacheonly_1024mb_1000,1000,500,15,2.0,10.0,ilrsa_style,153,347,121.15620915032694,573.1000000000014,593.9000000000017,5939.0,0.0,5939.0,0.0,6542.0,0.0,120.45998871326447
drtp_img88_cacheonly_1024mb_1000,1000,500,15,2.0,30.0,registry,153,347,26.459041394335507,165.4999999999999,197.96666666666647,5939.0,0.0,5939.0,0.0,5237.0,0.0,68.06647777557373
drtp_img88_cacheonly_1024mb_1000,1000,500,15,2.0,30.0,dragonfly_style,153,347,9.384444989106754,50.512499999999996,59.298250000000024,1699.0,4240.0,5939.0,71.39249031823539,5395.0,0.0,76.12259685993195
drtp_img88_cacheonly_1024mb_1000,1000,500,15,2.0,30.0,peersync_style,153,347,9.209504629629624,49.93749999999999,58.64487500000001,1680.0,4259.0,5939.0,71.71240949654825,5796.0,0.0,119.90117281675339
drtp_img88_cacheonly_1024mb_1000,1000,500,15,2.0,30.0,metapipe_reactive_style,153,347,8.534535266884529,52.87249999999999,60.392312499999996,1715.0,4224.0,5939.0,71.123084694393,5493.0,0.0,97.30325639247894
drtp_img88_cacheonly_1024mb_1000,1000,500,15,2.0,30.0,ilrsa_style,153,347,40.38540305010891,191.0333333333331,197.96666666666636,5939.0,0.0,5939.0,0.0,6542.0,0.0,119.25157904624939
drtp_img88_cacheonly_1024mb_1000,1000,500,15,2.0,100.0,registry,153,347,7.9455718954248375,49.649999999999956,59.91000000000001,5939.0,0.0,5939.0,0.0,5237.0,0.0,68.10213625431061
drtp_img88_cacheonly_1024mb_1000,1000,500,15,2.0,100.0,dragonfly_style,153,347,3.372084422657951,17.367812499999992,27.259916666666644,1701.0,4238.0,5939.0,71.3588146152551,5397.0,0.0,78.27438414096832
drtp_img88_cacheonly_1024mb_1000,1000,500,15,2.0,100.0,peersync_style,153,347,3.3030004765795207,15.362083333333333,26.966999999999977,1680.0,4259.0,5939.0,71.71240949654825,5746.0,0.0,118.75688284635544
drtp_img88_cacheonly_1024mb_1000,1000,500,15,2.0,100.0,metapipe_reactive_style,153,347,3.024100525498265,15.848212962962965,27.583749614197533,1715.0,4224.0,5939.0,71.123084694393,5493.0,0.0,99.43527728319168
drtp_img88_cacheonly_1024mb_1000,1000,500,15,2.0,100.0,ilrsa_style,153,347,12.138267973856223,57.31000000000013,59.91000000000021,5939.0,0.0,5939.0,0.0,6542.0,0.0,120.02957612276077
drtp_img88_cacheonly_1024mb_1000,1000,500,16,0.5,10.0,registry,155,345,908.8187096774184,1594.7999999999988,1690.8999999999994,16909.0,0.0,16909.0,0.0,11731.0,5541.0,113.13609033823013
drtp_img88_cacheonly_1024mb_1000,1000,500,16,0.5,10.0,dragonfly_style,155,345,699.5944659626219,1324.8000000000013,1413.5000000000014,14135.0,2774.0,16909.0,16.40546454550831,11739.0,5541.0,131.99996203184128
drtp_img88_cacheonly_1024mb_1000,1000,500,16,0.5,10.0,peersync_style,155,345,671.4508996047753,1265.3000000000009,1354.000000000001,13540.0,3369.0,16909.0,19.924300668283163,11732.0,5541.0,215.20480513572693
drtp_img88_cacheonly_1024mb_1000,1000,500,16,0.5,10.0,metapipe_reactive_style,155,345,607.6059436187923,1260.1,1348.8,13488.0,3421.0,16909.0,20.231829203382812,11714.0,5699.0,190.01580029726028
drtp_img88_cacheonly_1024mb_1000,1000,500,16,0.5,10.0,ilrsa_style,155,345,1202.4490322580625,1687.8000000000025,1690.8999999999996,16909.0,0.0,16909.0,0.0,11477.0,5541.0,310.8311668038368
drtp_img88_cacheonly_1024mb_1000,1000,500,16,0.5,30.0,registry,155,345,302.9395698924736,531.600000000001,563.6333333333358,16909.0,0.0,16909.0,0.0,11731.0,5541.0,111.74360662698746
drtp_img88_cacheonly_1024mb_1000,1000,500,16,0.5,30.0,dragonfly_style,155,345,233.40927841781829,441.59999999999945,471.1666666666661,14135.0,2774.0,16909.0,16.40546454550831,11761.0,5541.0,132.3368400335312
drtp_img88_cacheonly_1024mb_1000,1000,500,16,0.5,30.0,peersync_style,155,345,225.24276208397313,425.1999999999994,454.7666666666661,13643.0,3266.0,16909.0,19.31515760837424,11624.0,5541.0,214.59831297397614
drtp_img88_cacheonly_1024mb_1000,1000,500,16,0.5,30.0,metapipe_reactive_style,155,345,198.91010260208645,419.99999999999994,449.5666666666666,13487.0,3422.0,16909.0,20.23774321367319,11726.0,5541.0,191.44558906555176
drtp_img88_cacheonly_1024mb_1000,1000,500,16,0.5,30.0,ilrsa_style,155,345,400.8163440860216,562.600000000003,563.6333333333354,16909.0,0.0,16909.0,0.0,11477.0,5541.0,311.26949191093445
drtp_img88_cacheonly_1024mb_1000,1000,500,16,0.5,100.0,registry,155,345,90.90741935483864,159.47999999999993,171.44333333333356,16909.0,0.0,16909.0,0.0,11731.0,5541.0,112.18307167291641
drtp_img88_cacheonly_1024mb_1000,1000,500,16,0.5,100.0,dragonfly_style,155,345,67.42139718332206,131.09816319444448,142.1856631944445,13834.0,3075.0,16909.0,18.18558164291206,11807.0,5743.0,132.28198885917664
drtp_img88_cacheonly_1024mb_1000,1000,500,16,0.5,100.0,peersync_style,155,345,63.762800899545674,121.61029025628322,132.6977902562832,12810.0,4099.0,16909.0,24.241528180259035,11815.0,5743.0,217.18718111515045
drtp_img88_cacheonly_1024mb_1000,1000,500,16,0.5,100.0,metapipe_reactive_style,155,345,60.03557424023522,118.67001513633122,144.54084846966455,13438.0,3471.0,16909.0,20.52752971790171,11679.0,5541.0,195.480078458786
drtp_img88_cacheonly_1024mb_1000,1000,500,16,0.5,100.0,ilrsa_style,155,345,120.38997849462382,170.92666666666747,171.44333333333455,16909.0,0.0,16909.0,0.0,11477.0,5541.0,310.53511053323746
drtp_img88_cacheonly_1024mb_1000,1000,500,16,1.0,10.0,registry,154,346,795.3987012987016,1528.1999999999998,1589.0999999999992,15891.0,0.0,15891.0,0.0,14038.0,0.0,99.06559437513351
drtp_img88_cacheonly_1024mb_1000,1000,500,16,1.0,10.0,dragonfly_style,154,346,497.7358073292449,829.0155555555552,874.8655555555553,8662.0,7229.0,15891.0,45.49115851739979,14146.0,0.0,114.17318135499954
drtp_img88_cacheonly_1024mb_1000,1000,500,16,1.0,10.0,peersync_style,154,346,458.0898777958155,654.6977777777782,678.5866666666674,6785.0,9106.0,15891.0,57.30287584167139,14226.0,302.0,206.8113312125206
drtp_img88_cacheonly_1024mb_1000,1000,500,16,1.0,10.0,metapipe_reactive_style,154,346,445.7260584372644,773.5692559523812,915.8166666666668,9066.0,6825.0,15891.0,42.94883896545214,13502.0,0.0,153.1715989112854
drtp_img88_cacheonly_1024mb_1000,1000,500,16,1.0,10.0,ilrsa_style,154,346,962.9259740259729,1584.7999999999984,1589.099999999995,15891.0,0.0,15891.0,0.0,13704.0,0.0,242.83168464899063
drtp_img88_cacheonly_1024mb_1000,1000,500,16,1.0,30.0,registry,154,346,265.1329004329008,509.4000000000005,529.7000000000007,15891.0,0.0,15891.0,0.0,14038.0,0.0,98.04502129554749
drtp_img88_cacheonly_1024mb_1000,1000,500,16,1.0,30.0,dragonfly_style,154,346,169.13474852693594,266.75111882716016,286.4166666666663,8459.0,7432.0,15891.0,46.7686111635517,13569.0,151.0,115.55854231119156
drtp_img88_cacheonly_1024mb_1000,1000,500,16,1.0,30.0,peersync_style,154,346,156.75876361832576,225.84662499999968,236.30633333333296,6674.0,9217.0,15891.0,58.00138443143918,13175.0,855.0,206.81201666593552
drtp_img88_cacheonly_1024mb_1000,1000,500,16,1.0,30.0,metapipe_reactive_style,154,346,149.5840869823039,267.7913002396734,301.831997485894,9013.0,6878.0,15891.0,43.282361084890816,12753.0,887.0,154.10280227661133
drtp_img88_cacheonly_1024mb_1000,1000,500,16,1.0,30.0,ilrsa_style,154,346,320.97532467532494,528.2666666666682,529.7000000000005,15891.0,0.0,15891.0,0.0,13704.0,0.0,242.27310717105865
drtp_img88_cacheonly_1024mb_1000,1000,500,16,1.0,100.0,registry,154,346,79.55818181818167,152.8199999999996,160.66333333333316,15891.0,0.0,15891.0,0.0,14038.0,0.0,98.6471027135849
drtp_img88_cacheonly_1024mb_1000,1000,500,16,1.0,100.0,dragonfly_style,154,346,55.58011979918239,89.25971759259266,96.52638425925929,8039.0,7852.0,15891.0,49.411616638348754,12090.0,2047.0,116.74030125141144
drtp_img88_cacheonly_1024mb_1000,1000,500,16,1.0,100.0,peersync_style,154,346,53.959292522697304,87.30137962962966,94.56804629629629,7208.0,8683.0,15891.0,54.640991756340064,12499.0,2047.0,204.41844314336777
drtp_img88_cacheonly_1024mb_1000,1000,500,16,1.0,100.0,metapipe_reactive_style,154,346,46.0493887828334,84.63646894179891,99.96980227513225,8929.0,6962.0,15891.0,43.81096217985023,13654.0,0.0,152.38326787948608
drtp_img88_cacheonly_1024mb_1000,1000,500,16,1.0,100.0,ilrsa_style,154,346,96.39714285714284,159.9466666666666,160.66333333333378,15891.0,0.0,15891.0,0.0,13704.0,0.0,241.2898764014244
drtp_img88_cacheonly_1024mb_1000,1000,500,16,2.0,10.0,registry,154,346,112.02142857142871,492.80000000000024,657.9000000000005,6579.0,0.0,6579.0,0.0,4886.0,0.0,59.09925699234009
drtp_img88_cacheonly_1024mb_1000,1000,500,16,2.0,10.0,dragonfly_style,154,346,56.403901257472775,238.9125000000003,249.86000000000027,2388.0,4191.0,6579.0,63.70269037847697,4926.0,0.0,66.80036336183548
drtp_img88_cacheonly_1024mb_1000,1000,500,16,2.0,10.0,peersync_style,154,346,54.11663316841894,230.01250000000027,240.96000000000024,2299.0,4280.0,6579.0,65.05547955616355,5291.0,0.0,122.10599333047867
drtp_img88_cacheonly_1024mb_1000,1000,500,16,2.0,10.0,metapipe_reactive_style,154,346,54.92005527210881,229.89999999999992,240.9599999999999,2299.0,4280.0,6579.0,65.05547955616355,5211.0,0.0,80.57479560375214
drtp_img88_cacheonly_1024mb_1000,1000,500,16,2.0,10.0,ilrsa_style,154,346,146.68311688311684,533.3,657.9000000000005,6579.0,0.0,6579.0,0.0,7597.0,0.0,89.69251066446304
drtp_img88_cacheonly_1024mb_1000,1000,500,16,2.0,30.0,registry,154,346,37.34047619047615,164.26666666666637,219.29999999999964,6579.0,0.0,6579.0,0.0,4886.0,0.0,57.739995419979095
drtp_img88_cacheonly_1024mb_1000,1000,500,16,2.0,30.0,dragonfly_style,154,346,19.274590715831778,79.71249999999996,90.65999999999995,2388.0,4191.0,6579.0,63.70269037847697,4926.0,0.0,67.29170680046082
drtp_img88_cacheonly_1024mb_1000,1000,500,16,2.0,30.0,peersync_style,154,346,18.5567864873222,76.7458333333333,87.69333333333329,2299.0,4280.0,6579.0,65.05547955616355,5291.0,0.0,123.10899049043655
drtp_img88_cacheonly_1024mb_1000,1000,500,16,2.0,30.0,metapipe_reactive_style,154,346,18.82558763656978,76.63333333333335,87.69333333333334,2299.0,4280.0,6579.0,65.05547955616355,5211.0,0.0,81.90858364105225
drtp_img88_cacheonly_1024mb_1000,1000,500,16,2.0,30.0,ilrsa_style,154,346,48.894372294372246,177.7666666666663,219.2999999999996,6579.0,0.0,6579.0,0.0,7597.0,0.0,89.66264128684998
drtp_img88_cacheonly_1024mb_1000,1000,500,16,2.0,100.0,registry,154,346,11.324999999999992,49.27999999999994,74.09666666666661,6579.0,0.0,6579.0,0.0,4886.0,0.0,56.88023567199707
drtp_img88_cacheonly_1024mb_1000,1000,500,16,2.0,100.0,dragonfly_style,154,346,6.577284547000616,28.536412499999987,47.56966666666665,2388.0,4191.0,6579.0,63.70269037847697,4906.0,0.0,67.97017902135849
drtp_img88_cacheonly_1024mb_1000,1000,500,16,2.0,100.0,peersync_style,154,346,6.306136742424246,27.708483878968252,46.2999240079365,2299.0,4280.0,6579.0,65.05547955616355,5500.0,0.0,125.05167722702026
drtp_img88_cacheonly_1024mb_1000,1000,500,16,2.0,100.0,metapipe_reactive_style,154,346,6.419006012448747,27.903534673721342,47.9845664021164,2328.0,4251.0,6579.0,64.61468308253534,4910.0,0.0,82.32692629098892
drtp_img88_cacheonly_1024mb_1000,1000,500,16,2.0,100.0,ilrsa_style,154,346,15.011731601731594,53.32999999999999,74.09666666666665,6579.0,0.0,6579.0,0.0,7597.0,0.0,90.45981615781784
drtp_img88_cacheonly_1024mb_1000,1000,500,17,0.5,10.0,registry,157,343,809.2108280254773,1478.4999999999995,1534.499999999999,15345.0,0.0,15345.0,0.0,10086.0,5541.0,98.2128381729126
drtp_img88_cacheonly_1024mb_1000,1000,500,17,0.5,10.0,dragonfly_style,157,343,650.7158282024066,1315.3000000000004,1315.3000000000004,13153.0,2192.0,15345.0,14.28478331704138,10220.0,5541.0,113.84536325931549
drtp_img88_cacheonly_1024mb_1000,1000,500,17,0.5,10.0,peersync_style,157,343,608.264120488323,1209.100000000001,1209.100000000001,12091.0,3254.0,15345.0,21.205604431410883,10082.0,5541.0,182.02335387468338
drtp_img88_cacheonly_1024mb_1000,1000,500,17,0.5,10.0,metapipe_reactive_style,157,343,552.2533586383246,1170.0,1258.7,12587.0,2758.0,15345.0,17.97328119908765,10000.0,5541.0,163.22635114192963
drtp_img88_cacheonly_1024mb_1000,1000,500,17,0.5,10.0,ilrsa_style,157,343,1085.4598726114652,1533.5000000000023,1534.5000000000016,15345.0,0.0,15345.0,0.0,10170.0,5541.0,270.66851407289505
drtp_img88_cacheonly_1024mb_1000,1000,500,17,0.5,30.0,registry,157,343,269.7369426751595,492.83333333333417,511.5000000000008,15345.0,0.0,15345.0,0.0,10086.0,5541.0,97.34421968460083
drtp_img88_cacheonly_1024mb_1000,1000,500,17,0.5,30.0,dragonfly_style,157,343,213.97285031847116,438.43333333333305,438.43333333333305,13153.0,2192.0,15345.0,14.28478331704138,10086.0,5541.0,114.30756747722626
drtp_img88_cacheonly_1024mb_1000,1000,500,17,0.5,30.0,peersync_style,157,343,209.41662951167712,412.5666666666658,412.5666666666658,12377.0,2968.0,15345.0,19.34180514825676,10096.0,5541.0,183.83222073316574
drtp_img88_cacheonly_1024mb_1000,1000,500,17,0.5,30.0,metapipe_reactive_style,157,343,183.86450544725105,390.0,419.56666666666666,12587.0,2758.0,15345.0,17.97328119908765,10000.0,5541.0,164.67039287090302
drtp_img88_cacheonly_1024mb_1000,1000,500,17,0.5,30.0,ilrsa_style,157,343,361.8199575371553,511.1666666666676,511.50000000000114,15345.0,0.0,15345.0,0.0,10170.0,5541.0,271.28590643405914
drtp_img88_cacheonly_1024mb_1000,1000,500,17,0.5,100.0,registry,157,343,80.92889596602966,147.85,154.67666666666676,15345.0,0.0,15345.0,0.0,10086.0,5541.0,97.1212089061737
drtp_img88_cacheonly_1024mb_1000,1000,500,17,0.5,100.0,dragonfly_style,157,343,66.60729408468971,141.8116666666667,141.8116666666667,13435.0,1910.0,15345.0,12.447051156728577,10104.0,5541.0,114.7778257727623
drtp_img88_cacheonly_1024mb_1000,1000,500,17,0.5,100.0,peersync_style,157,343,63.50847326610049,134.0623333333333,134.0623333333333,12616.0,2729.0,15345.0,17.784294558488106,10308.0,5541.0,187.11727112531662
drtp_img88_cacheonly_1024mb_1000,1000,500,17,0.5,100.0,metapipe_reactive_style,157,343,55.53487249664027,125.09144354177002,136.17894354177002,12581.0,2764.0,15345.0,18.012381883349626,10000.0,5541.0,167.32091456651688
drtp_img88_cacheonly_1024mb_1000,1000,500,17,0.5,100.0,ilrsa_style,157,343,108.62191082802568,154.51000000000087,154.67666666666764,15345.0,0.0,15345.0,0.0,10170.0,5541.0,271.7650756239891
drtp_img88_cacheonly_1024mb_1000,1000,500,17,1.0,10.0,registry,156,344,705.5833333333337,1340.600000000004,1430.5000000000036,14305.0,0.0,14305.0,0.0,12846.0,0.0,96.71354293823242
drtp_img88_cacheonly_1024mb_1000,1000,500,17,1.0,10.0,dragonfly_style,156,344,428.59313538698933,684.6186728395048,771.1166666666655,7662.0,6643.0,14305.0,46.438308283816845,13194.0,0.0,111.40090227127075
drtp_img88_cacheonly_1024mb_1000,1000,500,17,1.0,10.0,peersync_style,156,344,405.8592219773862,578.2000000000012,626.0000000000011,6132.0,8173.0,14305.0,57.13386927647676,13321.0,0.0,210.39660274982452
drtp_img88_cacheonly_1024mb_1000,1000,500,17,1.0,10.0,metapipe_reactive_style,156,344,396.1332508977327,693.1538630952381,697.1371964285714,6786.0,7519.0,14305.0,52.56204124432017,13854.0,0.0,159.16790813207626
drtp_img88_cacheonly_1024mb_1000,1000,500,17,1.0,10.0,ilrsa_style,156,344,789.8762820512821,1425.200000000003,1430.5000000000025,14305.0,0.0,14305.0,0.0,13360.0,0.0,238.1461262702942
drtp_img88_cacheonly_1024mb_1000,1000,500,17,1.0,30.0,registry,156,344,235.19444444444517,446.86666666666787,476.8333333333346,14305.0,0.0,14305.0,0.0,12846.0,0.0,94.8907658457756
drtp_img88_cacheonly_1024mb_1000,1000,500,17,1.0,30.0,dragonfly_style,156,344,147.90156012583085,223.48879629629616,251.77291666666656,7320.0,6985.0,14305.0,48.82908074099965,12054.0,1477.0,117.17549711465836
drtp_img88_cacheonly_1024mb_1000,1000,500,17,1.0,30.0,peersync_style,156,344,142.05732742758767,215.564722222222,222.47675925925913,5980.0,8325.0,14305.0,58.19643481300245,12086.0,961.0,209.32183414697647
drtp_img88_cacheonly_1024mb_1000,1000,500,17,1.0,30.0,metapipe_reactive_style,156,344,133.73326664525433,246.6039580150463,250.6211784570657,6786.0,7519.0,14305.0,52.56204124432017,13854.0,0.0,161.86214983463287
drtp_img88_cacheonly_1024mb_1000,1000,500,17,1.0,30.0,ilrsa_style,156,344,263.29209401709403,475.06666666666666,476.8333333333336,14305.0,0.0,14305.0,0.0,13360.0,0.0,238.4072169661522
drtp_img88_cacheonly_1024mb_1000,1000,500,17,1.0,100.0,registry,156,344,70.55888888888869,134.05999999999935,143.13666666666606,14305.0,0.0,14305.0,0.0,12846.0,0.0,95.19015997648239
drtp_img88_cacheonly_1024mb_1000,1000,500,17,1.0,100.0,dragonfly_style,156,344,51.162917886396045,90.17752222222227,97.2108555555556,7348.0,6957.0,14305.0,48.63334498427123,12096.0,961.0,117.79008060693741
drtp_img88_cacheonly_1024mb_1000,1000,500,17,1.0,100.0,peersync_style,156,344,49.664398207106764,87.97509259259272,95.37771604938284,6351.0,7954.0,14305.0,55.602936036350926,11734.0,961.0,208.02894234657288
drtp_img88_cacheonly_1024mb_1000,1000,500,17,1.0,100.0,metapipe_reactive_style,156,344,41.42764661296945,86.65409904509612,98.44993237842945,6786.0,7519.0,14305.0,52.56204124432017,12264.0,887.0,164.74148631095886
drtp_img88_cacheonly_1024mb_1000,1000,500,17,1.0,100.0,ilrsa_style,156,344,78.98912393162388,142.51999999999973,143.1366666666667,14305.0,0.0,14305.0,0.0,13360.0,0.0,238.63228410482407
drtp_img88_cacheonly_1024mb_1000,1000,500,17,2.0,10.0,registry,159,341,84.09119496855355,456.2000000000005,568.2000000000005,5682.0,0.0,5682.0,0.0,6122.0,0.0,64.20564651489258
drtp_img88_cacheonly_1024mb_1000,1000,500,17,2.0,10.0,dragonfly_style,159,341,29.794753232005615,182.41812500000012,213.2500000000001,2129.0,3553.0,5682.0,62.53079901443154,6156.0,0.0,71.34117186069489
drtp_img88_cacheonly_1024mb_1000,1000,500,17,2.0,10.0,peersync_style,159,341,29.016229799965085,176.9849479166668,208.25000000000017,2079.0,3603.0,5682.0,63.41077085533263,5816.0,0.0,133.12117755413055
drtp_img88_cacheonly_1024mb_1000,1000,500,17,2.0,10.0,metapipe_reactive_style,159,341,28.777742662473806,182.033,208.20000000000007,2082.0,3600.0,5682.0,63.357972544878564,6122.0,0.0,90.3996229171753
drtp_img88_cacheonly_1024mb_1000,1000,500,17,2.0,10.0,ilrsa_style,159,341,124.09685534591205,553.9999999999997,568.2000000000016,5682.0,0.0,5682.0,0.0,5948.0,0.0,112.89062350988388
drtp_img88_cacheonly_1024mb_1000,1000,500,17,2.0,30.0,registry,159,341,28.030398322851145,152.06666666666658,189.39999999999984,5682.0,0.0,5682.0,0.0,6122.0,0.0,62.98527866601944
drtp_img88_cacheonly_1024mb_1000,1000,500,17,2.0,30.0,dragonfly_style,159,341,10.315691387141849,61.65795833333331,71.31666666666662,2129.0,3553.0,5682.0,62.53079901443154,6156.0,0.0,73.03544878959656
drtp_img88_cacheonly_1024mb_1000,1000,500,17,2.0,30.0,peersync_style,159,341,10.047758997204744,61.229208333333304,69.64999999999995,2079.0,3603.0,5682.0,63.41077085533263,5843.0,0.0,132.4511244893074
drtp_img88_cacheonly_1024mb_1000,1000,500,17,2.0,30.0,metapipe_reactive_style,159,341,10.20270833298393,63.753810833333375,69.40000000000003,2082.0,3600.0,5682.0,63.357972544878564,6120.0,0.0,91.01983159780502
drtp_img88_cacheonly_1024mb_1000,1000,500,17,2.0,30.0,ilrsa_style,159,341,41.36561844863728,184.66666666666652,189.3999999999997,5682.0,0.0,5682.0,0.0,5948.0,0.0,111.73524707555771
drtp_img88_cacheonly_1024mb_1000,1000,500,17,2.0,100.0,registry,159,341,8.411299790356397,45.620000000000005,57.166666666666686,5682.0,0.0,5682.0,0.0,6122.0,0.0,63.12689930200577
drtp_img88_cacheonly_1024mb_1000,1000,500,17,2.0,100.0,dragonfly_style,159,341,3.6159658979734477,19.572512731481506,27.864743287037047,2333.0,3349.0,5682.0,58.940513903555086,6317.0,0.0,73.71564209461212
drtp_img88_cacheonly_1024mb_1000,1000,500,17,2.0,100.0,peersync_style,159,341,3.379075209643607,17.76395833333335,26.058593749999996,2079.0,3603.0,5682.0,63.41077085533263,6456.0,0.0,133.3332136273384
drtp_img88_cacheonly_1024mb_1000,1000,500,17,2.0,100.0,metapipe_reactive_style,159,341,3.7890663496628174,21.061913305111883,27.922721320177473,2439.0,3243.0,5682.0,57.07497360084477,5992.0,0.0,93.21948140859604
drtp_img88_cacheonly_1024mb_1000,1000,500,17,2.0,100.0,ilrsa_style,159,341,12.413962264150948,55.39999999999999,57.166666666666785,5682.0,0.0,5682.0,0.0,5948.0,0.0,111.60413920879364
drtp_img88_cacheonly_1024mb_1000,1000,500,18,0.5,10.0,registry,155,345,806.6774193548371,1396.5999999999958,1457.399999999996,14574.0,0.0,14574.0,0.0,10748.0,4101.0,100.50110518932343
drtp_img88_cacheonly_1024mb_1000,1000,500,18,0.5,10.0,dragonfly_style,155,345,563.8194188428065,957.6864722222231,1142.6000000000008,11426.0,3148.0,14574.0,21.600109784547826,10963.0,4101.0,116.75890535116196
drtp_img88_cacheonly_1024mb_1000,1000,500,18,0.5,10.0,peersync_style,155,345,544.1717505120329,918.3000000000004,1095.7000000000005,10957.0,3617.0,14574.0,24.81816934266502,11035.0,4101.0,178.13825607299805
drtp_img88_cacheonly_1024mb_1000,1000,500,18,0.5,10.0,metapipe_reactive_style,155,345,532.1852015445894,975.9000000000001,1153.3000000000002,11533.0,3041.0,14574.0,20.86592562096885,10688.0,4101.0,165.30567407608032
drtp_img88_cacheonly_1024mb_1000,1000,500,18,0.5,10.0,ilrsa_style,155,345,1053.1890322580632,1454.600000000002,1457.400000000001,14574.0,0.0,14574.0,0.0,10705.0,4101.0,257.23257660865784
drtp_img88_cacheonly_1024mb_1000,1000,500,18,0.5,30.0,registry,155,345,268.8924731182797,465.5333333333339,485.8000000000005,14574.0,0.0,14574.0,0.0,10748.0,4101.0,99.9557226896286
drtp_img88_cacheonly_1024mb_1000,1000,500,18,0.5,30.0,dragonfly_style,155,345,187.5080881908171,318.8152361111104,380.86666666666594,11426.0,3148.0,14574.0,21.600109784547826,10919.0,4101.0,117.29715019464493
drtp_img88_cacheonly_1024mb_1000,1000,500,18,0.5,30.0,peersync_style,155,345,180.97538051715264,305.69858333333286,365.23333333333284,10957.0,3617.0,14574.0,24.81816934266502,10272.0,4340.0,178.66042256355286
drtp_img88_cacheonly_1024mb_1000,1000,500,18,0.5,30.0,metapipe_reactive_style,155,345,177.25991371164963,325.29999999999984,384.43333333333317,11533.0,3041.0,14574.0,20.86592562096885,10688.0,4101.0,167.868010699749
drtp_img88_cacheonly_1024mb_1000,1000,500,18,0.5,30.0,ilrsa_style,155,345,351.06301075268823,484.8666666666672,485.80000000000086,14574.0,0.0,14574.0,0.0,10705.0,4101.0,256.13848119974136
drtp_img88_cacheonly_1024mb_1000,1000,500,18,0.5,100.0,registry,155,345,80.6683440860215,139.6599999999999,145.8333333333333,14574.0,0.0,14574.0,0.0,10748.0,4101.0,99.35593605041504
drtp_img88_cacheonly_1024mb_1000,1000,500,18,0.5,100.0,dragonfly_style,155,345,58.66647625393882,99.84776755937689,129.34148829374882,11844.0,2730.0,14574.0,18.73198847262248,10580.0,4472.0,118.46157908439636
drtp_img88_cacheonly_1024mb_1000,1000,500,18,0.5,100.0,peersync_style,155,345,55.16288288297207,91.89072952527941,121.45739619194607,10934.0,3640.0,14574.0,24.975984630163303,10220.0,4472.0,186.57927215099335
drtp_img88_cacheonly_1024mb_1000,1000,500,18,0.5,100.0,metapipe_reactive_style,155,345,53.574788303030545,98.137634462963,127.70430112962967,11557.0,3017.0,14574.0,20.701248799231507,10855.0,4101.0,164.72211480140686
drtp_img88_cacheonly_1024mb_1000,1000,500,18,0.5,100.0,ilrsa_style,155,345,105.32027956989256,145.46000000000024,145.83333333333383,14574.0,0.0,14574.0,0.0,10705.0,4101.0,256.01497292518616
drtp_img88_cacheonly_1024mb_1000,1000,500,18,1.0,10.0,registry,158,342,692.6987341772148,1357.0000000000002,1402.8999999999994,14029.0,0.0,14029.0,0.0,12273.0,0.0,103.73144596815109
drtp_img88_cacheonly_1024mb_1000,1000,500,18,1.0,10.0,dragonfly_style,158,342,459.9114102894146,763.1032969576711,821.8999999999994,8219.0,5810.0,14029.0,41.41421341506879,12451.0,0.0,126.20848417282104
drtp_img88_cacheonly_1024mb_1000,1000,500,18,1.0,10.0,peersync_style,158,342,443.6882566053847,657.0925000000018,672.1166666666683,6622.0,7407.0,14029.0,52.797776035355334,11737.0,0.0,220.3596904873848
drtp_img88_cacheonly_1024mb_1000,1000,500,18,1.0,10.0,metapipe_reactive_style,158,342,419.5949991368629,754.5551285714284,773.8499999999999,7701.0,6328.0,14029.0,45.106564972556846,11883.0,0.0,177.3049235343933
drtp_img88_cacheonly_1024mb_1000,1000,500,18,1.0,10.0,ilrsa_style,158,342,848.8588607594937,1380.300000000002,1402.8999999999999,14029.0,0.0,14029.0,0.0,11773.0,0.0,262.78507709503174
drtp_img88_cacheonly_1024mb_1000,1000,500,18,1.0,30.0,registry,158,342,230.89957805907233,452.33333333333536,467.63333333333566,14029.0,0.0,14029.0,0.0,12273.0,0.0,102.85169631242752
drtp_img88_cacheonly_1024mb_1000,1000,500,18,1.0,30.0,dragonfly_style,158,342,154.46554940748257,240.09528356481457,265.4999999999997,7965.0,6064.0,14029.0,43.2247487347637,12472.0,0.0,128.268763422966
drtp_img88_cacheonly_1024mb_1000,1000,500,18,1.0,30.0,peersync_style,158,342,150.74248894916585,236.2604126984123,237.04374603174566,6622.0,7407.0,14029.0,52.797776035355334,12658.0,0.0,219.79446709156036
drtp_img88_cacheonly_1024mb_1000,1000,500,18,1.0,30.0,metapipe_reactive_style,158,342,140.1690921343426,255.41848455643188,260.45,7701.0,6328.0,14029.0,45.106564972556846,11889.0,0.0,179.9105629324913
drtp_img88_cacheonly_1024mb_1000,1000,500,18,1.0,30.0,ilrsa_style,158,342,282.95295358649827,460.10000000000105,467.63333333333503,14029.0,0.0,14029.0,0.0,11773.0,0.0,263.46949487924576
drtp_img88_cacheonly_1024mb_1000,1000,500,18,1.0,100.0,registry,158,342,69.29708860759482,135.69999999999962,142.4166666666665,14029.0,0.0,14029.0,0.0,12273.0,0.0,101.43779218196869
drtp_img88_cacheonly_1024mb_1000,1000,500,18,1.0,100.0,dragonfly_style,158,342,47.95820112517581,86.44249801587294,91.8524980158729,7965.0,6064.0,14029.0,43.2247487347637,13273.0,0.0,130.3955614566803
drtp_img88_cacheonly_1024mb_1000,1000,500,18,1.0,100.0,peersync_style,158,342,47.8501609338513,87.2667294973545,91.49172949735448,6622.0,7407.0,14029.0,52.797776035355334,13010.0,0.0,216.13862365484238
drtp_img88_cacheonly_1024mb_1000,1000,500,18,1.0,100.0,metapipe_reactive_style,158,342,44.0188087802936,90.38163148368857,94.96597908604394,7694.0,6335.0,14029.0,45.1564616152256,12418.0,0.0,180.63927441835403
drtp_img88_cacheonly_1024mb_1000,1000,500,18,1.0,100.0,ilrsa_style,158,342,84.97812236286912,138.6500000000001,142.41666666666708,14029.0,0.0,14029.0,0.0,11773.0,0.0,263.0501762032509
drtp_img88_cacheonly_1024mb_1000,1000,500,18,2.0,10.0,registry,156,344,184.4147435897435,801.0999999999991,936.8999999999995,9369.0,0.0,9369.0,0.0,9382.0,0.0,96.296027302742
drtp_img88_cacheonly_1024mb_1000,1000,500,18,2.0,10.0,dragonfly_style,156,344,53.94187029914532,220.32844722222237,283.17500000000007,2756.0,6613.0,9369.0,70.58384032447432,9821.0,0.0,106.62811249494553
drtp_img88_cacheonly_1024mb_1000,1000,500,18,2.0,10.0,peersync_style,156,344,34.63533547008548,157.125,202.89999999999978,1955.0,7414.0,9369.0,79.13331198633793,9174.0,0.0,185.3470876812935
drtp_img88_cacheonly_1024mb_1000,1000,500,18,2.0,10.0,metapipe_reactive_style,156,344,47.99770111289174,208.59097222222232,283.72500000000014,2740.0,6629.0,9369.0,70.7546162877575,10465.0,0.0,144.08951997756958
drtp_img88_cacheonly_1024mb_1000,1000,500,18,2.0,10.0,ilrsa_style,156,344,239.48333333333338,915.8000000000014,936.9000000000021,9369.0,0.0,9369.0,0.0,9557.0,0.0,210.9406664967537
drtp_img88_cacheonly_1024mb_1000,1000,500,18,2.0,30.0,registry,156,344,61.471581196581134,267.0333333333326,312.2999999999995,9369.0,0.0,9369.0,0.0,9382.0,0.0,94.94199603796005
drtp_img88_cacheonly_1024mb_1000,1000,500,18,2.0,30.0,dragonfly_style,156,344,19.032096242877497,79.22556250000007,107.31250000000004,2997.0,6372.0,9369.0,68.01152737752162,9865.0,0.0,106.65025562047958
drtp_img88_cacheonly_1024mb_1000,1000,500,18,2.0,30.0,peersync_style,156,344,12.999964387464392,52.94175185185185,74.14430370370374,1955.0,7414.0,9369.0,79.13331198633793,9146.0,0.0,183.48002433776855
drtp_img88_cacheonly_1024mb_1000,1000,500,18,2.0,30.0,metapipe_reactive_style,156,344,17.51292414309192,71.75127598495372,95.425,2571.0,6798.0,9369.0,72.55843739993595,10389.0,0.0,146.17165178060532
drtp_img88_cacheonly_1024mb_1000,1000,500,18,2.0,30.0,ilrsa_style,156,344,79.82777777777771,305.2666666666662,312.3000000000005,9369.0,0.0,9369.0,0.0,9557.0,0.0,210.70875972509384
drtp_img88_cacheonly_1024mb_1000,1000,500,18,2.0,100.0,registry,156,344,18.444855769230784,80.11000000000026,94.21750000000023,9369.0,0.0,9369.0,0.0,9382.0,0.0,94.37265992164612
drtp_img88_cacheonly_1024mb_1000,1000,500,18,2.0,100.0,dragonfly_style,156,344,6.341857349537035,27.12049282407404,40.934432791666666,3412.0,5957.0,9369.0,63.58202582986445,9178.0,0.0,109.27717387676239
drtp_img88_cacheonly_1024mb_1000,1000,500,18,2.0,100.0,peersync_style,156,344,5.622890722934468,25.870299999999965,36.70991111111106,1955.0,7414.0,9369.0,79.13331198633793,9324.0,0.0,187.31367588043213
drtp_img88_cacheonly_1024mb_1000,1000,500,18,2.0,100.0,metapipe_reactive_style,156,344,6.011875834987508,27.27070718868055,39.88014277898381,3097.0,6272.0,9369.0,66.94417760700182,9913.0,0.0,143.28570663928986
drtp_img88_cacheonly_1024mb_1000,1000,500,18,2.0,100.0,ilrsa_style,156,344,23.97072115384614,91.57999999999987,94.21749999999996,9369.0,0.0,9369.0,0.0,9557.0,0.0,210.15843003988266
drtp_img88_cacheonly_1024mb_1000,1000,500,19,0.5,10.0,registry,152,348,779.0111842105256,1411.2999999999986,1544.5999999999997,15446.0,0.0,15446.0,0.0,10722.0,4654.0,106.92916065454483
drtp_img88_cacheonly_1024mb_1000,1000,500,19,0.5,10.0,dragonfly_style,152,348,631.7216420608821,1242.3166666666687,1346.200000000002,13462.0,1984.0,15446.0,12.844749449695714,10742.0,4654.0,116.61691218614578
drtp_img88_cacheonly_1024mb_1000,1000,500,19,0.5,10.0,peersync_style,152,348,612.0595496553892,1167.6577777777786,1282.8000000000009,12828.0,2618.0,15446.0,16.949372005697267,10958.0,4654.0,200.43029636144638
drtp_img88_cacheonly_1024mb_1000,1000,500,19,0.5,10.0,metapipe_reactive_style,152,348,573.507936135912,1179.8633392857146,1324.4000000000003,13244.0,2202.0,15446.0,14.256118088825586,10825.0,4654.0,169.59071904420853
drtp_img88_cacheonly_1024mb_1000,1000,500,19,0.5,10.0,ilrsa_style,152,348,1045.043421052631,1542.7000000000003,1544.5999999999988,15446.0,0.0,15446.0,0.0,10425.0,4654.0,274.9263718724251
drtp_img88_cacheonly_1024mb_1000,1000,500,19,0.5,30.0,registry,152,348,259.6703947368426,470.43333333333374,514.8666666666669,15446.0,0.0,15446.0,0.0,10722.0,4654.0,105.23128509521484
drtp_img88_cacheonly_1024mb_1000,1000,500,19,0.5,30.0,dragonfly_style,152,348,210.48401648652907,414.8833333333341,448.73333333333414,13462.0,1984.0,15446.0,12.844749449695714,10742.0,4654.0,116.37679487466812
drtp_img88_cacheonly_1024mb_1000,1000,500,19,0.5,30.0,peersync_style,152,348,203.24426322316222,389.59007936507953,426.66666666666686,12800.0,2646.0,15446.0,17.130648711640553,10958.0,4654.0,201.16820186376572
drtp_img88_cacheonly_1024mb_1000,1000,500,19,0.5,30.0,metapipe_reactive_style,152,348,191.0136820391184,397.5154372106483,441.4666666666668,13244.0,2202.0,15446.0,14.256118088825586,10825.0,4654.0,171.07265442609787
drtp_img88_cacheonly_1024mb_1000,1000,500,19,0.5,30.0,ilrsa_style,152,348,348.3478070175441,514.2333333333332,514.8666666666661,15446.0,0.0,15446.0,0.0,10425.0,4654.0,275.33990144729614
drtp_img88_cacheonly_1024mb_1000,1000,500,19,0.5,100.0,registry,152,348,77.91800438596478,141.12999999999994,155.44000000000005,15446.0,0.0,15446.0,0.0,10722.0,4654.0,105.487160384655
drtp_img88_cacheonly_1024mb_1000,1000,500,19,0.5,100.0,dragonfly_style,152,348,63.99030868621205,126.22222222222223,142.5074074074074,13556.0,1890.0,15446.0,12.236177651171824,10742.0,4654.0,116.24624580144882
drtp_img88_cacheonly_1024mb_1000,1000,500,19,0.5,100.0,peersync_style,152,348,61.28273756657268,118.21552380952373,135.34520634920628,12800.0,2646.0,15446.0,17.130648711640553,10905.0,4654.0,201.6097754240036
drtp_img88_cacheonly_1024mb_1000,1000,500,19,0.5,100.0,metapipe_reactive_style,152,348,57.606527068173044,123.65493427837302,142.41908270330688,13240.0,2206.0,15446.0,14.282014761103198,10825.0,4654.0,171.82941734790802
drtp_img88_cacheonly_1024mb_1000,1000,500,19,0.5,100.0,ilrsa_style,152,348,104.57785087719292,155.12333333333365,155.44000000000054,15446.0,0.0,15446.0,0.0,10425.0,4654.0,276.2899920344353
drtp_img88_cacheonly_1024mb_1000,1000,500,19,1.0,10.0,registry,157,343,682.9388535031841,1311.6000000000008,1462.0999999999995,14621.0,0.0,14621.0,0.0,12568.0,0.0,102.64208912849426
drtp_img88_cacheonly_1024mb_1000,1000,500,19,1.0,10.0,dragonfly_style,157,343,473.90070310130466,785.1289583333325,882.2375000000001,8817.0,5804.0,14621.0,39.69632720060187,12790.0,0.0,111.86148971319199
drtp_img88_cacheonly_1024mb_1000,1000,500,19,1.0,10.0,peersync_style,157,343,446.3068722828835,661.0824404761906,707.0750000000007,6966.0,7655.0,14621.0,52.356199986321045,13648.0,0.0,219.98292207717896
drtp_img88_cacheonly_1024mb_1000,1000,500,19,1.0,10.0,metapipe_reactive_style,157,343,431.61348422176764,804.4536408730162,896.0000000000003,8960.0,5661.0,14621.0,38.71828192326106,12111.0,0.0,163.54619711637497
drtp_img88_cacheonly_1024mb_1000,1000,500,19,1.0,10.0,ilrsa_style,157,343,907.0114649681537,1459.3000000000018,1462.1,14621.0,0.0,14621.0,0.0,12311.0,0.0,268.2899907231331
drtp_img88_cacheonly_1024mb_1000,1000,500,19,1.0,30.0,registry,157,343,227.64628450106227,437.20000000000107,487.36666666666827,14621.0,0.0,14621.0,0.0,12568.0,0.0,101.39745473861694
drtp_img88_cacheonly_1024mb_1000,1000,500,19,1.0,30.0,dragonfly_style,157,343,158.30652278586575,265.03535383597836,289.83749999999986,8679.0,5942.0,14621.0,40.640175090623075,12790.0,0.0,113.45481127500534
drtp_img88_cacheonly_1024mb_1000,1000,500,19,1.0,30.0,peersync_style,157,343,149.95439801334544,230.10666269841235,242.15416666666627,6941.0,7680.0,14621.0,52.527186922919086,13577.0,0.0,221.87606990337372
drtp_img88_cacheonly_1024mb_1000,1000,500,19,1.0,30.0,metapipe_reactive_style,157,343,144.28390601023378,267.7604774029983,296.0666666666666,8882.0,5739.0,14621.0,39.25176116544696,12224.0,0.0,166.3714051246643
drtp_img88_cacheonly_1024mb_1000,1000,500,19,1.0,30.0,ilrsa_style,157,343,302.3371549893847,486.4333333333344,487.3666666666683,14621.0,0.0,14621.0,0.0,12311.0,0.0,268.85542273521423
drtp_img88_cacheonly_1024mb_1000,1000,500,19,1.0,100.0,registry,157,343,68.30359872611457,131.15999999999974,147.09749999999957,14621.0,0.0,14621.0,0.0,12568.0,0.0,100.98808258771896
drtp_img88_cacheonly_1024mb_1000,1000,500,19,1.0,100.0,dragonfly_style,157,343,48.36605926628245,88.07790370783728,98.14722112165182,8264.0,6357.0,14621.0,43.478558238150605,13627.0,0.0,114.54525589942932
drtp_img88_cacheonly_1024mb_1000,1000,500,19,1.0,100.0,peersync_style,157,343,45.79477642059431,82.23471347944232,88.53471347944237,6886.0,7735.0,14621.0,52.90335818343478,13138.0,0.0,218.1950807571411
drtp_img88_cacheonly_1024mb_1000,1000,500,19,1.0,100.0,metapipe_reactive_style,157,343,43.62091986546001,83.24725529123062,94.3347552912306,8494.0,6127.0,14621.0,41.9054784214486,12855.0,0.0,167.33603924512863
drtp_img88_cacheonly_1024mb_1000,1000,500,19,1.0,100.0,ilrsa_style,157,343,90.7750318471336,146.74749999999975,147.0974999999995,14621.0,0.0,14621.0,0.0,12311.0,0.0,268.9926028251648
drtp_img88_cacheonly_1024mb_1000,1000,500,19,2.0,10.0,registry,154,346,133.99805194805185,566.0999999999996,597.0999999999991,5971.0,0.0,5971.0,0.0,5518.0,0.0,70.90078294277191
drtp_img88_cacheonly_1024mb_1000,1000,500,19,2.0,10.0,dragonfly_style,154,346,72.08554953633924,252.66507419808235,285.86666666666696,2854.0,3117.0,5971.0,52.202311170658184,6781.0,0.0,81.08845353126526
drtp_img88_cacheonly_1024mb_1000,1000,500,19,2.0,10.0,peersync_style,154,346,68.16855403525055,232.90791666666743,260.96666666666744,2605.0,3366.0,5971.0,56.372466923463406,5348.0,0.0,157.26184844970703
drtp_img88_cacheonly_1024mb_1000,1000,500,19,2.0,10.0,metapipe_reactive_style,154,346,66.40068602693604,251.81582010582014,301.6000000000001,3016.0,2955.0,5971.0,49.48919778931502,6230.0,0.0,99.96675699949265
drtp_img88_cacheonly_1024mb_1000,1000,500,19,2.0,10.0,ilrsa_style,154,346,167.02532467532455,582.8999999999987,597.0999999999995,5971.0,0.0,5971.0,0.0,6910.0,0.0,117.53293126821518
drtp_img88_cacheonly_1024mb_1000,1000,500,19,2.0,30.0,registry,154,346,44.66601731601732,188.69999999999985,199.03333333333308,5971.0,0.0,5971.0,0.0,5518.0,0.0,69.33759897947311
drtp_img88_cacheonly_1024mb_1000,1000,500,19,2.0,30.0,dragonfly_style,154,346,24.339688888602566,82.13186801881237,95.59999999999985,2854.0,3117.0,5971.0,52.202311170658184,6781.0,0.0,82.84196257591248
drtp_img88_cacheonly_1024mb_1000,1000,500,19,2.0,30.0,peersync_style,154,346,22.88540940592145,73.35614166666664,87.58333333333321,2605.0,3366.0,5971.0,56.372466923463406,6405.0,0.0,153.89084070920944
drtp_img88_cacheonly_1024mb_1000,1000,500,19,2.0,30.0,metapipe_reactive_style,154,346,22.129033661444378,85.02627259700172,99.66666666666661,2990.0,2981.0,5971.0,49.92463573940714,6232.0,0.0,100.52769631147385
drtp_img88_cacheonly_1024mb_1000,1000,500,19,2.0,30.0,ilrsa_style,154,346,55.67510822510818,194.29999999999964,199.03333333333293,5971.0,0.0,5971.0,0.0,6910.0,0.0,117.45846271514893
drtp_img88_cacheonly_1024mb_1000,1000,500,19,2.0,100.0,registry,154,346,13.405952380952382,56.61000000000001,60.656666666666695,5971.0,0.0,5971.0,0.0,5518.0,0.0,69.37211751937866
drtp_img88_cacheonly_1024mb_1000,1000,500,19,2.0,100.0,dragonfly_style,154,346,7.908107422438672,29.6646468253968,33.34648333333333,2825.0,3146.0,5971.0,52.687991961145535,6752.0,0.0,82.10737258195877
drtp_img88_cacheonly_1024mb_1000,1000,500,19,2.0,100.0,peersync_style,154,346,7.491198415919396,28.35259920634916,31.718640873015836,2605.0,3366.0,5971.0,56.372466923463406,7075.0,0.0,151.8411934375763
drtp_img88_cacheonly_1024mb_1000,1000,500,19,2.0,100.0,metapipe_reactive_style,154,346,6.745652366293315,24.906992857142853,32.02425354497354,2989.0,2982.0,5971.0,49.941383352872215,6231.0,0.0,101.3093888759613
drtp_img88_cacheonly_1024mb_1000,1000,500,19,2.0,100.0,ilrsa_style,154,346,16.744350649350658,58.29000000000006,60.6566666666667,5971.0,0.0,5971.0,0.0,6910.0,0.0,118.19315701723099
drtp_img88_cacheonly_1024mb_1000,1000,500,20,0.5,10.0,registry,157,343,829.2847133757949,1586.7999999999975,1715.399999999997,17154.0,0.0,17154.0,0.0,11541.0,5541.0,119.80531364679337
drtp_img88_cacheonly_1024mb_1000,1000,500,20,0.5,10.0,dragonfly_style,157,343,665.4961196325669,1268.0000000000018,1445.400000000002,14454.0,2700.0,17154.0,15.739769150052465,11393.0,5541.0,138.74135166406631
drtp_img88_cacheonly_1024mb_1000,1000,500,20,0.5,10.0,peersync_style,157,343,647.2924083702841,1209.500000000001,1386.900000000001,13869.0,3285.0,17154.0,19.15005246589717,11433.0,5541.0,218.23859959840775
drtp_img88_cacheonly_1024mb_1000,1000,500,20,0.5,10.0,metapipe_reactive_style,157,343,590.3542895056113,1218.4,1395.8000000000002,13958.0,3196.0,17154.0,18.6312230383584,11372.0,5541.0,203.75922322273254
drtp_img88_cacheonly_1024mb_1000,1000,500,20,0.5,10.0,ilrsa_style,157,343,1187.0503184713352,1700.7999999999995,1715.399999999998,17154.0,0.0,17154.0,0.0,11429.0,5541.0,325.7463425397873
drtp_img88_cacheonly_1024mb_1000,1000,500,20,0.5,30.0,registry,157,343,276.428237791932,528.9333333333332,571.7999999999997,17154.0,0.0,17154.0,0.0,11541.0,5541.0,119.43422257900238
drtp_img88_cacheonly_1024mb_1000,1000,500,20,0.5,30.0,dragonfly_style,157,343,221.740609645132,422.6666666666668,481.8000000000001,14454.0,2700.0,17154.0,15.739769150052465,11479.0,5541.0,138.8775333762169
drtp_img88_cacheonly_1024mb_1000,1000,500,20,0.5,30.0,peersync_style,157,343,214.95513045529623,401.73333333333335,460.8666666666667,13826.0,3328.0,17154.0,19.400722863472076,11380.0,5541.0,219.21105682849884
drtp_img88_cacheonly_1024mb_1000,1000,500,20,0.5,30.0,metapipe_reactive_style,157,343,196.4227395441699,406.1333333333334,465.2666666666667,13958.0,3196.0,17154.0,18.6312230383584,11372.0,5541.0,203.80745828151703
drtp_img88_cacheonly_1024mb_1000,1000,500,20,0.5,30.0,ilrsa_style,157,343,395.68343949044595,566.9333333333348,571.8000000000011,17154.0,0.0,17154.0,0.0,11429.0,5541.0,325.0129669904709
drtp_img88_cacheonly_1024mb_1000,1000,500,20,0.5,100.0,registry,157,343,82.97479830148615,158.67999999999992,174.88666666666668,17154.0,0.0,17154.0,0.0,11541.0,5541.0,119.20809745788574
drtp_img88_cacheonly_1024mb_1000,1000,500,20,0.5,100.0,dragonfly_style,157,343,67.31618669581762,132.88999999999982,158.76083333333315,14577.0,2577.0,17154.0,15.02273522210563,11216.0,5766.0,139.49918001890182
drtp_img88_cacheonly_1024mb_1000,1000,500,20,0.5,100.0,peersync_style,157,343,64.69192635602212,126.48804232804233,152.35887566137566,13824.0,3330.0,17154.0,19.412381951731376,11488.0,5541.0,218.34631264209747
drtp_img88_cacheonly_1024mb_1000,1000,500,20,0.5,100.0,metapipe_reactive_style,157,343,58.280260719269975,126.1525973432049,152.02343067653825,13787.0,3367.0,17154.0,19.62807508452839,11311.0,5541.0,207.35660195350647
drtp_img88_cacheonly_1024mb_1000,1000,500,20,0.5,100.0,ilrsa_style,157,343,118.86617834394906,172.45333333333338,174.88666666666694,17154.0,0.0,17154.0,0.0,11429.0,5541.0,324.8000517487526
drtp_img88_cacheonly_1024mb_1000,1000,500,20,1.0,10.0,registry,157,343,632.4853503184715,1363.899999999999,1508.4999999999995,15085.0,0.0,15085.0,0.0,15594.0,0.0,112.29441314935684
drtp_img88_cacheonly_1024mb_1000,1000,500,20,1.0,10.0,dragonfly_style,157,343,310.27836833990483,703.7593253968249,830.1666666666665,8297.0,6788.0,15085.0,44.99834272456082,14864.0,200.0,119.51896548271179
drtp_img88_cacheonly_1024mb_1000,1000,500,20,1.0,10.0,peersync_style,157,343,310.91056025679893,648.8386746031728,664.1666666666654,6564.0,8521.0,15085.0,56.48657606894266,14865.0,0.0,231.3210740685463
drtp_img88_cacheonly_1024mb_1000,1000,500,20,1.0,10.0,metapipe_reactive_style,157,343,317.30689476825165,696.6800000000002,739.0000000000002,7390.0,7695.0,15085.0,51.010938017898575,14806.0,225.0,177.08943784236908
drtp_img88_cacheonly_1024mb_1000,1000,500,20,1.0,10.0,ilrsa_style,157,343,845.7808917197452,1504.4000000000003,1508.4999999999982,15085.0,0.0,15085.0,0.0,14079.0,0.0,290.1850566267967
drtp_img88_cacheonly_1024mb_1000,1000,500,20,1.0,30.0,registry,157,343,210.82845010615725,454.63333333333406,502.83333333333405,15085.0,0.0,15085.0,0.0,15594.0,0.0,110.20779609680176
drtp_img88_cacheonly_1024mb_1000,1000,500,20,1.0,30.0,dragonfly_style,157,343,99.83566285006562,227.86109126984064,281.5999999999995,8448.0,6637.0,15085.0,43.99734835929731,15303.0,151.0,120.35536766052246
drtp_img88_cacheonly_1024mb_1000,1000,500,20,1.0,30.0,peersync_style,157,343,91.07045077595784,200.53115476190433,228.6999999999996,6861.0,8224.0,15085.0,54.517732847199206,14607.0,376.0,226.2977734208107
drtp_img88_cacheonly_1024mb_1000,1000,500,20,1.0,30.0,metapipe_reactive_style,157,343,111.36054191689412,272.9433333333333,287.7266666666667,7390.0,7695.0,15085.0,51.010938017898575,14543.0,309.0,180.98628520965576
drtp_img88_cacheonly_1024mb_1000,1000,500,20,1.0,30.0,ilrsa_style,157,343,281.9269639065823,501.4666666666683,502.83333333333564,15085.0,0.0,15085.0,0.0,14079.0,0.0,288.97033631801605
drtp_img88_cacheonly_1024mb_1000,1000,500,20,1.0,100.0,registry,157,343,63.25613588110387,136.38999999999987,152.04333333333332,15085.0,0.0,15085.0,0.0,15594.0,0.0,110.0066676735878
drtp_img88_cacheonly_1024mb_1000,1000,500,20,1.0,100.0,dragonfly_style,157,343,29.44376984071384,64.64564322916668,80.31584080155866,7888.0,7197.0,15085.0,47.70964534305602,14869.0,351.0,127.8320923447609
drtp_img88_cacheonly_1024mb_1000,1000,500,20,1.0,100.0,peersync_style,157,343,28.49774202609696,58.98188211111125,71.74021598611124,6764.0,8321.0,15085.0,55.16075571760027,15083.0,351.0,226.58229619264603
drtp_img88_cacheonly_1024mb_1000,1000,500,20,1.0,100.0,metapipe_reactive_style,157,343,34.36681452978219,91.65407900400004,106.43741233733337,7800.0,7285.0,15085.0,48.29300629764667,14380.0,309.0,185.55985391139984
drtp_img88_cacheonly_1024mb_1000,1000,500,20,1.0,100.0,ilrsa_style,157,343,84.65923566878985,151.36000000000055,152.04333333333423,15085.0,0.0,15085.0,0.0,14079.0,0.0,290.0148034095764
drtp_img88_cacheonly_1024mb_1000,1000,500,20,2.0,10.0,registry,158,342,163.03481012658236,858.7000000000003,983.9999999999998,9840.0,0.0,9840.0,0.0,8473.0,0.0,94.09067779779434
drtp_img88_cacheonly_1024mb_1000,1000,500,20,2.0,10.0,dragonfly_style,158,342,65.37091420534462,237.60361111111123,281.82277777777784,2796.0,7044.0,9840.0,71.58536585365853,9450.0,0.0,110.45949161052704
drtp_img88_cacheonly_1024mb_1000,1000,500,20,2.0,10.0,peersync_style,158,342,54.83618143459915,209.12499999999997,236.75000000000023,2190.0,7650.0,9840.0,77.7439024390244,9325.0,0.0,185.2286234498024
drtp_img88_cacheonly_1024mb_1000,1000,500,20,2.0,10.0,metapipe_reactive_style,158,342,57.83614451476795,236.681626984127,248.9899206349206,2348.0,7492.0,9840.0,76.13821138211382,8099.0,0.0,142.6108404994011
drtp_img88_cacheonly_1024mb_1000,1000,500,20,2.0,10.0,ilrsa_style,158,342,241.59367088607593,961.8,984.0000000000011,9840.0,0.0,9840.0,0.0,9801.0,0.0,202.89472490549088
drtp_img88_cacheonly_1024mb_1000,1000,500,20,2.0,30.0,registry,158,342,54.3449367088607,286.23333333333306,328.00000000000006,9840.0,0.0,9840.0,0.0,8473.0,0.0,93.11928600072861
drtp_img88_cacheonly_1024mb_1000,1000,500,20,2.0,30.0,dragonfly_style,158,342,22.560259127988754,87.19733888888882,105.38067222222212,2700.0,7140.0,9840.0,72.5609756097561,9370.0,0.0,111.59619688987732
drtp_img88_cacheonly_1024mb_1000,1000,500,20,2.0,30.0,peersync_style,158,342,19.017846923347417,73.24481388888893,90.75000000000001,2190.0,7650.0,9840.0,77.7439024390244,9148.0,0.0,186.5093931555748
drtp_img88_cacheonly_1024mb_1000,1000,500,20,2.0,30.0,metapipe_reactive_style,158,342,20.25408387959615,84.28388392857151,98.30195932539685,2361.0,7479.0,9840.0,76.0060975609756,8369.0,0.0,141.8047994375229
drtp_img88_cacheonly_1024mb_1000,1000,500,20,2.0,30.0,ilrsa_style,158,342,80.53122362869202,320.59999999999997,328.00000000000125,9840.0,0.0,9840.0,0.0,9801.0,0.0,202.4499550461769
drtp_img88_cacheonly_1024mb_1000,1000,500,20,2.0,100.0,registry,158,342,16.312763713080177,85.87000000000008,99.86666666666675,9840.0,0.0,9840.0,0.0,8473.0,0.0,93.01938116550446
drtp_img88_cacheonly_1024mb_1000,1000,500,20,2.0,100.0,dragonfly_style,158,342,7.286288238396623,38.827965277777764,50.036078703703694,3118.0,6722.0,9840.0,68.3130081300813,8400.0,0.0,107.73557424545288
drtp_img88_cacheonly_1024mb_1000,1000,500,20,2.0,100.0,peersync_style,158,342,6.952648481452183,35.31944444444442,48.1506472222222,2190.0,7650.0,9840.0,77.7439024390244,8448.0,0.0,186.716690659523
drtp_img88_cacheonly_1024mb_1000,1000,500,20,2.0,100.0,metapipe_reactive_style,158,342,7.486276792503609,35.16752362785825,49.95085696119159,2980.0,6860.0,9840.0,69.71544715447155,8322.0,0.0,141.55051857233047
drtp_img88_cacheonly_1024mb_1000,1000,500,20,2.0,100.0,ilrsa_style,158,342,24.212447257383985,96.18000000000009,99.86666666666667,9840.0,0.0,9840.0,0.0,9801.0,0.0,203.73255014419556
drtp_img88_cacheonly_1024mb_200,200,100,1,0.5,10.0,registry,94,6,911.1202127659564,1449.0999999999976,1535.099999999997,15351.0,0.0,15351.0,0.0,10024.0,5541.0,83.04577320814133
drtp_img88_cacheonly_1024mb_200,200,100,1,0.5,10.0,dragonfly_style,94,6,658.3506640493077,1153.0000000000007,1241.7000000000007,12417.0,2934.0,15351.0,19.112761383623216,10026.0,5541.0,97.87165373563766
drtp_img88_cacheonly_1024mb_200,200,100,1,0.5,10.0,peersync_style,94,6,636.1986539598117,1127.3000000000013,1216.0000000000014,12160.0,3191.0,15351.0,20.786919418930363,10221.0,5541.0,171.87099158763885
drtp_img88_cacheonly_1024mb_200,200,100,1,0.5,10.0,metapipe_reactive_style,94,6,602.1955790321048,1109.1000000000001,1197.8000000000002,11978.0,3373.0,15351.0,21.97250993420624,10476.0,5541.0,132.34492391347885
drtp_img88_cacheonly_1024mb_200,200,100,1,0.5,10.0,ilrsa_style,94,6,1113.2010638297866,1531.8999999999996,1535.099999999997,15351.0,0.0,15351.0,0.0,9702.0,5541.0,163.48761320114136
drtp_img88_cacheonly_1024mb_200,200,100,1,0.5,30.0,registry,94,6,303.70673758865223,483.0333333333331,511.69999999999993,15351.0,0.0,15351.0,0.0,10024.0,5541.0,81.95896446704865
drtp_img88_cacheonly_1024mb_200,200,100,1,0.5,30.0,dragonfly_style,94,6,219.7839357480577,384.33333333333263,413.8999999999993,12417.0,2934.0,15351.0,19.112761383623216,10052.0,5541.0,97.82875329256058
drtp_img88_cacheonly_1024mb_200,200,100,1,0.5,30.0,peersync_style,94,6,212.21808848362002,375.76666666666574,405.3333333333324,12160.0,3191.0,15351.0,20.786919418930363,10298.0,5541.0,172.51558601856232
drtp_img88_cacheonly_1024mb_200,200,100,1,0.5,30.0,metapipe_reactive_style,94,6,198.80526523087903,367.56625,397.1329166666667,11913.0,3438.0,15351.0,22.39593511823334,10478.0,5541.0,135.70218533277512
drtp_img88_cacheonly_1024mb_200,200,100,1,0.5,30.0,ilrsa_style,94,6,371.0670212765957,510.633333333334,511.70000000000147,15351.0,0.0,15351.0,0.0,9702.0,5541.0,162.46117651462555
drtp_img88_cacheonly_1024mb_200,200,100,1,0.5,100.0,registry,94,6,91.2108865248226,144.90999999999968,159.12333333333316,15351.0,0.0,15351.0,0.0,10024.0,5541.0,82.03540742397308
drtp_img88_cacheonly_1024mb_200,200,100,1,0.5,100.0,dragonfly_style,94,6,67.91478752955089,121.02416666666664,132.11166666666665,12572.0,2779.0,15351.0,18.103055175558595,10107.0,5541.0,98.87505322694778
drtp_img88_cacheonly_1024mb_200,200,100,1,0.5,100.0,peersync_style,94,6,64.76874818235216,116.9974036111112,128.0849036111112,12160.0,3191.0,15351.0,20.786919418930363,10361.0,5541.0,173.4342724084854
drtp_img88_cacheonly_1024mb_200,200,100,1,0.5,100.0,metapipe_reactive_style,94,6,62.70298377256435,121.68563453592006,132.77313453592006,12185.0,3166.0,15351.0,20.62406357891994,10380.0,5743.0,135.91822236776352
drtp_img88_cacheonly_1024mb_200,200,100,1,0.5,100.0,ilrsa_style,94,6,111.75024822695042,158.59000000000034,159.12333333333407,15351.0,0.0,15351.0,0.0,9702.0,5541.0,162.19265758991241
drtp_img88_cacheonly_1024mb_200,200,100,1,1.0,10.0,registry,94,6,917.9446808510631,1734.0999999999965,1838.1999999999969,18382.0,0.0,18382.0,0.0,18803.0,0.0,77.70660519599915
drtp_img88_cacheonly_1024mb_200,200,100,1,1.0,10.0,dragonfly_style,94,6,442.3521042215471,639.7419428571436,718.2919428571438,7097.0,11285.0,18382.0,61.39157871831139,16208.0,394.0,99.01062399148941
drtp_img88_cacheonly_1024mb_200,200,100,1,1.0,10.0,peersync_style,94,6,404.23351718169516,578.5600000000002,578.5600000000002,5360.0,13022.0,18382.0,70.84104014797084,16349.0,394.0,185.89625507593155
drtp_img88_cacheonly_1024mb_200,200,100,1,1.0,10.0,metapipe_reactive_style,94,6,386.8057125369388,603.3094569609791,656.5884788690478,6394.0,11988.0,18382.0,65.21597214666522,17946.0,394.0,116.6214719414711
drtp_img88_cacheonly_1024mb_200,200,100,1,1.0,10.0,ilrsa_style,94,6,1153.1489361702122,1837.3000000000006,1838.1999999999998,18382.0,0.0,18382.0,0.0,17447.0,0.0,152.67200767993927
drtp_img88_cacheonly_1024mb_200,200,100,1,1.0,30.0,registry,94,6,305.98156028368794,578.0333333333331,612.7333333333337,18382.0,0.0,18382.0,0.0,18803.0,0.0,77.40768045186996
drtp_img88_cacheonly_1024mb_200,200,100,1,1.0,30.0,dragonfly_style,94,6,155.19587641407315,250.23090660857395,274.6852558113371,7105.0,11277.0,18382.0,61.348057882711345,16376.0,394.0,98.52718561887741
drtp_img88_cacheonly_1024mb_200,200,100,1,1.0,30.0,peersync_style,94,6,141.52759980420623,222.57348806308758,227.47201565255705,5360.0,13022.0,18382.0,70.84104014797084,16973.0,394.0,184.6805214881897
drtp_img88_cacheonly_1024mb_200,200,100,1,1.0,30.0,metapipe_reactive_style,94,6,138.15336757633185,233.10912335390935,240.9799566872427,5951.0,12431.0,18382.0,67.62593841801763,16397.0,947.0,120.47131359577179
drtp_img88_cacheonly_1024mb_200,200,100,1,1.0,30.0,ilrsa_style,94,6,384.38297872340456,612.4333333333349,612.7333333333346,18382.0,0.0,18382.0,0.0,17447.0,0.0,153.1684622168541
drtp_img88_cacheonly_1024mb_200,200,100,1,1.0,100.0,registry,94,6,91.82602836879424,173.40999999999983,186.78666666666663,18382.0,0.0,18382.0,0.0,18803.0,0.0,77.77325063943863
drtp_img88_cacheonly_1024mb_200,200,100,1,1.0,100.0,dragonfly_style,94,6,55.58637655830165,109.05340799491641,122.85086940668576,7060.0,11322.0,18382.0,61.592862582961594,17410.0,394.0,99.01751577854156
drtp_img88_cacheonly_1024mb_200,200,100,1,1.0,100.0,peersync_style,94,6,53.81572843723031,104.67450260471786,117.49265715828928,6212.0,12170.0,18382.0,66.20607115656621,18563.0,394.0,181.19767308235168
drtp_img88_cacheonly_1024mb_200,200,100,1,1.0,100.0,metapipe_reactive_style,94,6,45.62676132786201,91.97613122323587,95.67196455656921,6105.0,12277.0,18382.0,66.7881623327168,16922.0,394.0,122.15154618024826
drtp_img88_cacheonly_1024mb_200,200,100,1,1.0,100.0,ilrsa_style,94,6,115.53063829787236,186.63666666666703,186.78666666666714,18382.0,0.0,18382.0,0.0,17447.0,0.0,152.16892957687378
drtp_img88_cacheonly_1024mb_200,200,100,1,2.0,10.0,registry,95,5,205.08315789473687,878.4999999999999,929.2999999999997,9293.0,0.0,9293.0,0.0,8646.0,0.0,58.686286211013794
drtp_img88_cacheonly_1024mb_200,200,100,1,2.0,10.0,dragonfly_style,95,5,21.859727192982465,134.63258333333349,161.22000000000003,1612.0,7681.0,9293.0,82.65361024426988,8652.0,0.0,78.35882902145386
drtp_img88_cacheonly_1024mb_200,200,100,1,2.0,10.0,peersync_style,95,5,17.01512203947369,113.40600000000009,139.13000000000005,1391.0,7902.0,9293.0,85.03174432368449,9844.0,0.0,150.42013674974442
drtp_img88_cacheonly_1024mb_200,200,100,1,2.0,10.0,metapipe_reactive_style,95,5,26.597483333333333,153.369,176.7185,1746.0,7547.0,9293.0,81.2116646938556,9000.0,0.0,84.87319946289062
drtp_img88_cacheonly_1024mb_200,200,100,1,2.0,10.0,ilrsa_style,95,5,249.51473684210546,927.7000000000002,929.3000000000005,9293.0,0.0,9293.0,0.0,8871.0,0.0,82.42065459489822
drtp_img88_cacheonly_1024mb_200,200,100,1,2.0,30.0,registry,95,5,68.36105263157889,292.8333333333329,309.7666666666664,9293.0,0.0,9293.0,0.0,8646.0,0.0,58.53141099214554
drtp_img88_cacheonly_1024mb_200,200,100,1,2.0,30.0,dragonfly_style,95,5,7.217263669590642,31.49333333333332,46.51999999999999,1395.0,7898.0,9293.0,84.98870117292586,8245.0,0.0,79.81658726930618
drtp_img88_cacheonly_1024mb_200,200,100,1,2.0,30.0,peersync_style,95,5,7.224600414230019,31.15,46.39666666666668,1391.0,7902.0,9293.0,85.03174432368449,10724.0,0.0,153.89522910118103
drtp_img88_cacheonly_1024mb_200,200,100,1,2.0,30.0,metapipe_reactive_style,95,5,10.335106754385963,51.435574999999986,65.98525833333332,1746.0,7547.0,9293.0,81.2116646938556,9055.0,0.0,85.8214721083641
drtp_img88_cacheonly_1024mb_200,200,100,1,2.0,30.0,ilrsa_style,95,5,83.17157894736836,309.2333333333333,309.76666666666705,9293.0,0.0,9293.0,0.0,8871.0,0.0,82.0145234465599
drtp_img88_cacheonly_1024mb_200,200,100,1,2.0,100.0,registry,95,5,20.560175438596488,87.85000000000007,95.77000000000007,9293.0,0.0,9293.0,0.0,8646.0,0.0,58.661580085754395
drtp_img88_cacheonly_1024mb_200,200,100,1,2.0,100.0,dragonfly_style,95,5,6.070007076023389,26.287499999999984,33.10851111111109,1617.0,7676.0,9293.0,82.59980630582159,8833.0,0.0,75.46161115169525
drtp_img88_cacheonly_1024mb_200,200,100,1,2.0,100.0,peersync_style,95,5,5.843257017543855,26.722999999999967,33.32999999999997,1391.0,7902.0,9293.0,85.03174432368449,9781.0,0.0,147.7525159716606
drtp_img88_cacheonly_1024mb_200,200,100,1,2.0,100.0,metapipe_reactive_style,95,5,5.1335801043494165,26.35922277777778,36.38831774739583,1391.0,7902.0,9293.0,85.03174432368449,8767.0,0.0,88.72777968645096
drtp_img88_cacheonly_1024mb_200,200,100,1,2.0,100.0,ilrsa_style,95,5,25.09856140350876,95.50333333333333,95.76999999999998,9293.0,0.0,9293.0,0.0,8871.0,0.0,82.45224505662918
drtp_img88_cacheonly_1024mb_200,200,100,2,0.5,10.0,registry,97,3,979.102061855669,1799.0999999999988,1846.2999999999988,18463.0,0.0,18463.0,0.0,11727.0,6981.0,86.31815016269684
drtp_img88_cacheonly_1024mb_200,200,100,2,0.5,10.0,dragonfly_style,97,3,815.7138839797087,1384.4000000000008,1561.8000000000009,15618.0,2845.0,18463.0,15.409196771922224,11563.0,7181.0,101.48755460977554
drtp_img88_cacheonly_1024mb_200,200,100,2,0.5,10.0,peersync_style,97,3,761.2392078833251,1279.4000000000005,1456.8000000000006,14568.0,3895.0,18463.0,21.09624654714835,12091.0,6981.0,161.35603934526443
drtp_img88_cacheonly_1024mb_200,200,100,2,0.5,10.0,metapipe_reactive_style,97,3,735.112799296351,1491.1000000000001,1491.1000000000001,14911.0,3552.0,18463.0,19.238476953907817,11843.0,6981.0,136.42962276935577
drtp_img88_cacheonly_1024mb_200,200,100,2,0.5,10.0,ilrsa_style,97,3,1326.229896907216,1844.9999999999977,1846.2999999999965,18463.0,0.0,18463.0,0.0,11900.0,6981.0,171.3068038225174
drtp_img88_cacheonly_1024mb_200,200,100,2,0.5,30.0,registry,97,3,326.3673539518903,599.7000000000005,615.433333333334,18463.0,0.0,18463.0,0.0,11727.0,6981.0,86.4182561635971
drtp_img88_cacheonly_1024mb_200,200,100,2,0.5,30.0,dragonfly_style,97,3,278.3527913189335,468.96666666666766,528.100000000001,15843.0,2620.0,18463.0,14.19054324865948,11556.0,7206.0,101.50258243083954
drtp_img88_cacheonly_1024mb_200,200,100,2,0.5,30.0,peersync_style,97,3,265.17079146893633,495.0000000000011,495.0000000000011,14850.0,3613.0,18463.0,19.568867464659046,12073.0,6981.0,162.77457028627396
drtp_img88_cacheonly_1024mb_200,200,100,2,0.5,30.0,metapipe_reactive_style,97,3,245.08433424114207,497.03333333333336,497.03333333333336,14911.0,3552.0,18463.0,19.238476953907817,11843.0,6981.0,137.8025785088539
drtp_img88_cacheonly_1024mb_200,200,100,2,0.5,30.0,ilrsa_style,97,3,442.076632302406,615.0000000000013,615.4333333333342,18463.0,0.0,18463.0,0.0,11900.0,6981.0,170.95552384853363
drtp_img88_cacheonly_1024mb_200,200,100,2,0.5,100.0,registry,97,3,97.91881443298959,179.9099999999998,185.4649999999998,18463.0,0.0,18463.0,0.0,11727.0,6981.0,86.41443401575089
drtp_img88_cacheonly_1024mb_200,200,100,2,0.5,100.0,dragonfly_style,97,3,84.5552991408934,143.05589285714274,168.92672619047607,15908.0,2555.0,18463.0,13.838487786383578,11487.0,7271.0,101.42192244529724
drtp_img88_cacheonly_1024mb_200,200,100,2,0.5,100.0,peersync_style,97,3,82.20404223531332,164.6230389770723,164.6230389770723,14874.0,3589.0,18463.0,19.438877755511022,12225.0,6981.0,164.9474948644638
drtp_img88_cacheonly_1024mb_200,200,100,2,0.5,100.0,metapipe_reactive_style,97,3,75.39260736241071,165.36232059696383,165.36232059696383,14831.0,3632.0,18463.0,19.671775984401236,11843.0,6981.0,141.52047038078308
drtp_img88_cacheonly_1024mb_200,200,100,2,0.5,100.0,ilrsa_style,97,3,132.70451030927842,185.30250000000018,185.46500000000003,18463.0,0.0,18463.0,0.0,11900.0,6981.0,172.45883494615555
drtp_img88_cacheonly_1024mb_200,200,100,2,1.0,10.0,registry,97,3,771.3731958762884,1419.6999999999996,1494.4999999999989,14945.0,0.0,14945.0,0.0,14991.0,0.0,74.69447702169418
drtp_img88_cacheonly_1024mb_200,200,100,2,1.0,10.0,dragonfly_style,97,3,490.75259097324584,765.1671279761912,816.9000000000008,8169.0,6776.0,14945.0,45.33957845433255,14332.0,0.0,87.26421743631363
drtp_img88_cacheonly_1024mb_200,200,100,2,1.0,10.0,peersync_style,97,3,461.79233267877703,696.1162698412711,714.8000000000013,7148.0,7797.0,14945.0,52.17129474740716,14041.0,394.0,166.98051244020462
drtp_img88_cacheonly_1024mb_200,200,100,2,1.0,10.0,metapipe_reactive_style,97,3,445.0224215037676,736.1182208994707,742.3999999999997,7424.0,7521.0,14945.0,50.32452325192372,14520.0,0.0,110.98574101924896
drtp_img88_cacheonly_1024mb_200,200,100,2,1.0,10.0,ilrsa_style,97,3,972.2546391752568,1485.8999999999985,1494.4999999999968,14945.0,0.0,14945.0,0.0,14254.0,0.0,140.22723585367203
drtp_img88_cacheonly_1024mb_200,200,100,2,1.0,30.0,registry,97,3,257.1243986254297,473.23333333333386,498.1666666666674,14945.0,0.0,14945.0,0.0,14991.0,0.0,73.67633283138275
drtp_img88_cacheonly_1024mb_200,200,100,2,1.0,30.0,dragonfly_style,97,3,170.12125901294792,250.7512723214283,271.4333333333331,8143.0,6802.0,14945.0,45.51354968216795,14434.0,394.0,88.1877988576889
drtp_img88_cacheonly_1024mb_200,200,100,2,1.0,30.0,peersync_style,97,3,162.146865079365,238.57404761904724,251.10698412698375,7148.0,7797.0,14945.0,52.17129474740716,13274.0,596.0,168.2066097855568
drtp_img88_cacheonly_1024mb_200,200,100,2,1.0,30.0,metapipe_reactive_style,97,3,153.84823688091862,259.94495157134435,259.94495157134435,7096.0,7849.0,14945.0,52.51923720307795,14020.0,151.0,113.73816430568695
drtp_img88_cacheonly_1024mb_200,200,100,2,1.0,30.0,ilrsa_style,97,3,324.08487972508607,495.3000000000004,498.1666666666676,14945.0,0.0,14945.0,0.0,14254.0,0.0,140.77078551054
drtp_img88_cacheonly_1024mb_200,200,100,2,1.0,100.0,registry,97,3,77.16711340206173,141.96999999999986,151.21499999999978,14945.0,0.0,14945.0,0.0,14991.0,0.0,74.23604279756546
drtp_img88_cacheonly_1024mb_200,200,100,2,1.0,100.0,dragonfly_style,97,3,60.35490866879398,103.44423611111105,112.46923611111107,8190.0,6755.0,14945.0,45.19906323185012,13705.0,596.0,89.92745727300644
drtp_img88_cacheonly_1024mb_200,200,100,2,1.0,100.0,peersync_style,97,3,59.25967633502423,103.15350281084652,108.4508697089947,7534.0,7411.0,14945.0,49.58849113415858,13786.0,596.0,168.06457191705704
drtp_img88_cacheonly_1024mb_200,200,100,2,1.0,100.0,metapipe_reactive_style,97,3,52.125143180558425,106.35943405275836,106.35943405275836,7097.0,7848.0,14945.0,52.51254600200736,13996.0,151.0,116.58874154090881
drtp_img88_cacheonly_1024mb_200,200,100,2,1.0,100.0,ilrsa_style,97,3,97.32123711340202,150.14,151.21499999999978,14945.0,0.0,14945.0,0.0,14254.0,0.0,141.53479784727097
drtp_img88_cacheonly_1024mb_200,200,100,2,2.0,10.0,registry,96,4,267.20104166666664,927.6999999999995,943.1999999999995,9432.0,0.0,9432.0,0.0,9544.0,0.0,53.75935137271881
drtp_img88_cacheonly_1024mb_200,200,100,2,2.0,10.0,dragonfly_style,96,4,53.83162717013894,281.3000000000004,292.3875000000004,2813.0,6619.0,9432.0,70.17599660729432,9783.0,0.0,60.92727184295654
drtp_img88_cacheonly_1024mb_200,200,100,2,2.0,10.0,peersync_style,96,4,51.485373263888924,263.7000000000001,274.7875000000001,2637.0,6795.0,9432.0,72.04198473282443,9318.0,0.0,111.05667799711227
drtp_img88_cacheonly_1024mb_200,200,100,2,2.0,10.0,metapipe_reactive_style,96,4,75.26825868055556,256.4421666666667,304.20000000000005,3042.0,6390.0,9432.0,67.74809160305344,9460.0,0.0,67.29824841022491
drtp_img88_cacheonly_1024mb_200,200,100,2,2.0,10.0,ilrsa_style,96,4,307.0687499999999,927.6999999999992,943.1999999999994,9432.0,0.0,9432.0,0.0,9485.0,0.0,66.61757081747055
drtp_img88_cacheonly_1024mb_200,200,100,2,2.0,30.0,registry,96,4,89.06701388888872,309.23333333333284,314.3999999999995,9432.0,0.0,9432.0,0.0,9544.0,0.0,53.00980806350708
drtp_img88_cacheonly_1024mb_200,200,100,2,2.0,30.0,dragonfly_style,96,4,20.114416811342604,93.76666666666674,104.85416666666674,2813.0,6619.0,9432.0,70.17599660729432,9586.0,0.0,60.57024747133255
drtp_img88_cacheonly_1024mb_200,200,100,2,2.0,30.0,peersync_style,96,4,19.227680121527783,87.90000000000003,98.98750000000004,2637.0,6795.0,9432.0,72.04198473282443,9181.0,0.0,107.98603296279907
drtp_img88_cacheonly_1024mb_200,200,100,2,2.0,30.0,metapipe_reactive_style,96,4,26.842532986111113,93.48466666666666,108.78466666666665,3036.0,6396.0,9432.0,67.81170483460559,9454.0,0.0,67.20946729183197
drtp_img88_cacheonly_1024mb_200,200,100,2,2.0,30.0,ilrsa_style,96,4,102.35624999999986,309.23333333333323,314.4000000000002,9432.0,0.0,9432.0,0.0,9485.0,0.0,66.44575297832489
drtp_img88_cacheonly_1024mb_200,200,100,2,2.0,100.0,registry,96,4,26.73221354166668,92.77000000000014,94.70750000000014,9432.0,0.0,9432.0,0.0,9544.0,0.0,52.4110421538353
drtp_img88_cacheonly_1024mb_200,200,100,2,2.0,100.0,dragonfly_style,96,4,7.9281061631944425,30.382874999999988,33.14741666666666,2994.0,6438.0,9432.0,68.25699745547074,9454.0,0.0,62.124527990818024
drtp_img88_cacheonly_1024mb_200,200,100,2,2.0,100.0,peersync_style,96,4,7.866391655815973,29.521812499999996,31.612770833333325,2637.0,6795.0,9432.0,72.04198473282443,10038.0,0.0,112.52453178167343
drtp_img88_cacheonly_1024mb_200,200,100,2,2.0,100.0,metapipe_reactive_style,96,4,8.971766644675926,33.68628,38.22172,2862.0,6570.0,9432.0,69.65648854961832,9504.0,0.0,68.41437518596649
drtp_img88_cacheonly_1024mb_200,200,100,2,2.0,100.0,ilrsa_style,96,4,30.722473958333325,92.77000000000002,94.70750000000004,9432.0,0.0,9432.0,0.0,9485.0,0.0,67.0483335852623
drtp_img88_cacheonly_1024mb_200,200,100,3,0.5,10.0,registry,97,3,971.8639175257722,1576.1000000000008,1634.4000000000008,16344.0,0.0,16344.0,0.0,9170.0,7315.0,79.29708808660507
drtp_img88_cacheonly_1024mb_200,200,100,3,0.5,10.0,dragonfly_style,97,3,726.9547968826705,1382.2999999999995,1470.9999999999995,14710.0,1634.0,16344.0,9.997552618697993,9170.0,7315.0,93.84781867265701
drtp_img88_cacheonly_1024mb_200,200,100,3,0.5,10.0,peersync_style,97,3,672.545365406644,1281.4000000000008,1370.1000000000008,13701.0,2643.0,16344.0,16.17107195301028,9320.0,7315.0,154.19404953718185
drtp_img88_cacheonly_1024mb_200,200,100,3,0.5,10.0,metapipe_reactive_style,97,3,650.5669468308517,1321.7,1410.4,14104.0,2240.0,16344.0,13.705335291238375,9406.0,7315.0,120.25774270296097
drtp_img88_cacheonly_1024mb_200,200,100,3,0.5,10.0,ilrsa_style,97,3,1166.4340206185573,1620.000000000003,1634.4000000000015,16344.0,0.0,16344.0,0.0,9222.0,7315.0,148.09174835681915
drtp_img88_cacheonly_1024mb_200,200,100,3,0.5,30.0,registry,97,3,323.95463917525797,525.3666666666669,544.8000000000002,16344.0,0.0,16344.0,0.0,9170.0,7315.0,79.25154268741608
drtp_img88_cacheonly_1024mb_200,200,100,3,0.5,30.0,dragonfly_style,97,3,242.42877147766373,460.7666666666675,490.33333333333417,14710.0,1634.0,16344.0,9.997552618697993,9170.0,7315.0,92.99342334270477
drtp_img88_cacheonly_1024mb_200,200,100,3,0.5,30.0,peersync_style,97,3,224.4435981836034,427.13333333333355,456.7000000000002,13701.0,2643.0,16344.0,16.17107195301028,9232.0,7315.0,156.71778470277786
drtp_img88_cacheonly_1024mb_200,200,100,3,0.5,30.0,metapipe_reactive_style,97,3,216.93233613520752,440.5666666666666,470.13333333333327,14104.0,2240.0,16344.0,13.705335291238375,9406.0,7315.0,122.72030860185623
drtp_img88_cacheonly_1024mb_200,200,100,3,0.5,30.0,ilrsa_style,97,3,388.81134020618555,540.0000000000009,544.8000000000004,16344.0,0.0,16344.0,0.0,9222.0,7315.0,148.19107204675674
drtp_img88_cacheonly_1024mb_200,200,100,3,0.5,100.0,registry,97,3,97.2605498281786,157.6099999999997,167.12666666666638,16344.0,0.0,16344.0,0.0,9170.0,7315.0,78.65599542856216
drtp_img88_cacheonly_1024mb_200,200,100,3,0.5,100.0,dragonfly_style,97,3,75.95060076092284,158.6091220238094,169.6966220238094,14736.0,1608.0,16344.0,9.838472834067547,9170.0,7315.0,93.30533444881439
drtp_img88_cacheonly_1024mb_200,200,100,3,0.5,100.0,peersync_style,97,3,71.30818761250204,150.32836111111106,161.41586111111107,13908.0,2436.0,16344.0,14.904552129221733,9203.0,7315.0,155.2259847521782
drtp_img88_cacheonly_1024mb_200,200,100,3,0.5,100.0,metapipe_reactive_style,97,3,67.6785591497553,151.71999999999997,162.80749999999998,14044.0,2300.0,16344.0,14.072442486539403,9442.0,7315.0,124.30763989686966
drtp_img88_cacheonly_1024mb_200,200,100,3,0.5,100.0,ilrsa_style,97,3,116.84175257731958,164.72666666666657,167.12666666666678,16344.0,0.0,16344.0,0.0,9222.0,7315.0,148.12609553337097
drtp_img88_cacheonly_1024mb_200,200,100,3,1.0,10.0,registry,96,4,828.117708333332,1522.2999999999956,1638.9999999999943,16390.0,0.0,16390.0,0.0,16084.0,0.0,84.12417769432068
drtp_img88_cacheonly_1024mb_200,200,100,3,1.0,10.0,dragonfly_style,96,4,417.049550801918,632.7595039682533,666.0999999999996,6661.0,9729.0,16390.0,59.35936546674802,14419.0,202.0,109.04882848262787
drtp_img88_cacheonly_1024mb_200,200,100,3,1.0,10.0,peersync_style,96,4,414.024005497685,616.4052169312174,625.9333333333341,6259.0,10131.0,16390.0,61.81208053691275,13729.0,202.0,194.27060335874557
drtp_img88_cacheonly_1024mb_200,200,100,3,1.0,10.0,metapipe_reactive_style,96,4,412.78248320829243,646.6147035714293,651.8086641369056,6426.0,9964.0,16390.0,60.79316656497865,14197.0,202.0,135.55707037448883
drtp_img88_cacheonly_1024mb_200,200,100,3,1.0,10.0,ilrsa_style,96,4,999.6760416666663,1638.1999999999975,1638.9999999999968,16390.0,0.0,16390.0,0.0,15479.0,0.0,166.44829511642456
drtp_img88_cacheonly_1024mb_200,200,100,3,1.0,30.0,registry,96,4,276.0392361111111,507.4333333333326,546.3333333333322,16390.0,0.0,16390.0,0.0,16084.0,0.0,83.2822173833847
drtp_img88_cacheonly_1024mb_200,200,100,3,1.0,30.0,dragonfly_style,96,4,146.57344818763218,236.49011293333308,242.95091095449706,6542.0,9848.0,16390.0,60.085417937766934,14670.0,202.0,110.00490933656693
drtp_img88_cacheonly_1024mb_200,200,100,3,1.0,30.0,peersync_style,96,4,144.87832158134913,235.79944626666622,241.55579984338584,6056.0,10334.0,16390.0,63.05064063453325,14707.0,202.0,194.22509521245956
drtp_img88_cacheonly_1024mb_200,200,100,3,1.0,30.0,metapipe_reactive_style,96,4,146.31602515420622,250.2472122134038,252.41938557649902,6426.0,9964.0,16390.0,60.79316656497865,14197.0,202.0,136.11437380313873
drtp_img88_cacheonly_1024mb_200,200,100,3,1.0,30.0,ilrsa_style,96,4,333.2253472222223,546.0666666666662,546.3333333333326,16390.0,0.0,16390.0,0.0,15479.0,0.0,167.56290197372437
drtp_img88_cacheonly_1024mb_200,200,100,3,1.0,100.0,registry,96,4,83.04809027777772,152.22999999999993,171.68000000000012,16390.0,0.0,16390.0,0.0,16084.0,0.0,83.55835825204849
drtp_img88_cacheonly_1024mb_200,200,100,3,1.0,100.0,dragonfly_style,96,4,53.28505152543679,103.39795292566137,109.20831405485008,6303.0,10087.0,16390.0,61.54362416107382,15273.0,202.0,109.76669192314148
drtp_img88_cacheonly_1024mb_200,200,100,3,1.0,100.0,peersync_style,96,4,52.832567251674156,102.741414675926,108.93592098104061,6259.0,10131.0,16390.0,61.81208053691275,15205.0,202.0,191.36863946914673
drtp_img88_cacheonly_1024mb_200,200,100,3,1.0,100.0,metapipe_reactive_style,96,4,47.59673364273072,96.15818546994045,99.85401880327379,6117.0,10273.0,16390.0,62.67846247712019,14153.0,202.0,138.42042535543442
drtp_img88_cacheonly_1024mb_200,200,100,3,1.0,100.0,ilrsa_style,96,4,100.60128472222227,171.5466666666672,171.68000000000063,16390.0,0.0,16390.0,0.0,15479.0,0.0,167.14808344841003
drtp_img88_cacheonly_1024mb_200,200,100,3,2.0,10.0,registry,97,3,128.26701030927848,599.6000000000001,643.3000000000003,6433.0,0.0,6433.0,0.0,5937.0,0.0,65.97349047660828
drtp_img88_cacheonly_1024mb_200,200,100,3,2.0,10.0,dragonfly_style,97,3,41.6674525445917,206.21666666666658,227.17499999999964,2195.0,4238.0,6433.0,65.87906109124825,8479.0,0.0,76.88171416521072
drtp_img88_cacheonly_1024mb_200,200,100,3,2.0,10.0,peersync_style,97,3,41.47046156521026,204.93673611111112,226.1749999999997,2185.0,4248.0,6433.0,66.03450956008083,6614.0,0.0,123.7100437283516
drtp_img88_cacheonly_1024mb_200,200,100,3,2.0,10.0,metapipe_reactive_style,97,3,44.60941679212348,216.5915837037037,260.23749999999995,2556.0,3877.0,6433.0,60.26737136639204,6786.0,0.0,89.63698148727417
drtp_img88_cacheonly_1024mb_200,200,100,3,2.0,10.0,ilrsa_style,97,3,183.8525773195877,628.200000000001,643.3000000000013,6433.0,0.0,6433.0,0.0,6906.0,0.0,103.83608937263489
drtp_img88_cacheonly_1024mb_200,200,100,3,2.0,30.0,registry,97,3,42.75567010309274,199.86666666666633,214.433333333333,6433.0,0.0,6433.0,0.0,5937.0,0.0,64.56460803747177
drtp_img88_cacheonly_1024mb_200,200,100,3,2.0,30.0,dragonfly_style,97,3,14.698893184421545,70.99333333333337,80.84166666666675,2195.0,4238.0,6433.0,65.87906109124825,8507.0,0.0,76.75212621688843
drtp_img88_cacheonly_1024mb_200,200,100,3,2.0,30.0,peersync_style,97,3,14.621867411225667,69.84483333333336,80.50833333333343,2185.0,4248.0,6433.0,66.03450956008083,6183.0,0.0,124.22233819961548
drtp_img88_cacheonly_1024mb_200,200,100,3,2.0,30.0,metapipe_reactive_style,97,3,17.05814056835319,77.73333333333333,87.50416666666668,2444.0,3989.0,6433.0,62.00839421731696,6538.0,0.0,91.25381708145142
drtp_img88_cacheonly_1024mb_200,200,100,3,2.0,30.0,ilrsa_style,97,3,61.28419243986235,209.39999999999915,214.43333333333243,6433.0,0.0,6433.0,0.0,6906.0,0.0,103.92051935195923
drtp_img88_cacheonly_1024mb_200,200,100,3,2.0,100.0,registry,97,3,12.833298969072146,59.95999999999991,64.70749999999992,6433.0,0.0,6433.0,0.0,5937.0,0.0,64.40301239490509
drtp_img88_cacheonly_1024mb_200,200,100,3,2.0,100.0,dragonfly_style,97,3,5.568709765177546,26.551583333333316,29.53674999999997,2417.0,4016.0,6433.0,62.42810508316493,7420.0,0.0,79.45089787244797
drtp_img88_cacheonly_1024mb_200,200,100,3,2.0,100.0,peersync_style,97,3,5.335864542955323,26.198412666666655,29.007999999999974,2185.0,4248.0,6433.0,66.03450956008083,6619.0,0.0,129.54948097467422
drtp_img88_cacheonly_1024mb_200,200,100,3,2.0,100.0,metapipe_reactive_style,97,3,5.673903068779091,25.715669599000947,33.72421155598325,2539.0,3894.0,6433.0,60.53163376340743,6759.0,0.0,94.10452842712402
drtp_img88_cacheonly_1024mb_200,200,100,3,2.0,100.0,ilrsa_style,97,3,18.40038659793815,62.820000000000086,64.70750000000012,6433.0,0.0,6433.0,0.0,6906.0,0.0,103.60036790370941
drtp_img88_cacheonly_1024mb_200,200,100,4,0.5,10.0,registry,93,7,1023.6752688172024,1709.9999999999955,1781.2999999999947,17813.0,0.0,17813.0,0.0,10425.0,7315.0,84.00029689073563
drtp_img88_cacheonly_1024mb_200,200,100,4,0.5,10.0,dragonfly_style,93,7,768.5522388632871,1511.2000000000003,1511.2000000000003,15112.0,2701.0,17813.0,15.163083141525853,10688.0,7315.0,98.92351925373077
drtp_img88_cacheonly_1024mb_200,200,100,4,0.5,10.0,peersync_style,93,7,744.6608375576035,1469.8000000000006,1469.8000000000006,14698.0,3115.0,17813.0,17.487228428675685,10447.0,7315.0,159.30884331464767
drtp_img88_cacheonly_1024mb_200,200,100,4,0.5,10.0,metapipe_reactive_style,93,7,655.4424633812249,1417.8000000000002,1417.8000000000002,14178.0,3635.0,17813.0,20.406444731375963,10727.0,7315.0,129.12581115961075
drtp_img88_cacheonly_1024mb_200,200,100,4,0.5,10.0,ilrsa_style,93,7,1259.3720430107523,1778.599999999999,1781.2999999999968,17813.0,0.0,17813.0,0.0,10228.0,7315.0,159.2598408460617
drtp_img88_cacheonly_1024mb_200,200,100,4,0.5,30.0,registry,93,7,341.2250896057345,569.9999999999987,593.7666666666657,17813.0,0.0,17813.0,0.0,10425.0,7315.0,83.43242853879929
drtp_img88_cacheonly_1024mb_200,200,100,4,0.5,30.0,dragonfly_style,93,7,257.0523729305344,503.73333333333323,503.73333333333323,15112.0,2701.0,17813.0,15.163083141525853,10636.0,7315.0,98.85630011558533
drtp_img88_cacheonly_1024mb_200,200,100,4,0.5,30.0,peersync_style,93,7,248.88081669226833,489.8999999999997,489.8999999999997,14697.0,3116.0,17813.0,17.49284230618088,10521.0,7315.0,160.23416817188263
drtp_img88_cacheonly_1024mb_200,200,100,4,0.5,30.0,metapipe_reactive_style,93,7,222.71989565333962,481.96666666666675,481.96666666666675,14459.0,3354.0,17813.0,18.828945152416775,10659.0,7315.0,131.2657818198204
drtp_img88_cacheonly_1024mb_200,200,100,4,0.5,30.0,ilrsa_style,93,7,419.7906810035838,592.8666666666659,593.7666666666652,17813.0,0.0,17813.0,0.0,10228.0,7315.0,159.61487591266632
drtp_img88_cacheonly_1024mb_200,200,100,4,0.5,100.0,registry,93,7,102.37602150537624,170.99999999999986,178.91999999999987,17813.0,0.0,17813.0,0.0,10425.0,7315.0,83.44118297100067
drtp_img88_cacheonly_1024mb_200,200,100,4,0.5,100.0,dragonfly_style,93,7,77.25918336906888,159.06430084325393,173.84763417658726,15205.0,2608.0,17813.0,14.640992533542919,10480.0,7415.0,99.03622418642044
drtp_img88_cacheonly_1024mb_200,200,100,4,0.5,100.0,peersync_style,93,7,74.78480156372676,154.14934092261913,168.93267425595246,14697.0,3116.0,17813.0,17.49284230618088,10354.0,7315.0,162.13447600603104
drtp_img88_cacheonly_1024mb_200,200,100,4,0.5,100.0,metapipe_reactive_style,93,7,68.66336359714502,162.06847260374246,162.06847260374246,14193.0,3620.0,17813.0,20.32223656879807,10727.0,7315.0,136.1030861735344
drtp_img88_cacheonly_1024mb_200,200,100,4,0.5,100.0,ilrsa_style,93,7,125.98599462365607,178.58250000000052,178.92000000000024,17813.0,0.0,17813.0,0.0,10228.0,7315.0,159.83524173498154
drtp_img88_cacheonly_1024mb_200,200,100,4,1.0,10.0,registry,93,7,835.5720430107508,1487.7999999999945,1531.3999999999935,15314.0,0.0,15314.0,0.0,13788.0,0.0,81.15862309932709
drtp_img88_cacheonly_1024mb_200,200,100,4,1.0,10.0,dragonfly_style,93,7,459.9781672249246,763.3362847222226,808.4875000000005,8070.0,7244.0,15314.0,47.30312132689043,13171.0,0.0,96.72363847494125
drtp_img88_cacheonly_1024mb_200,200,100,4,1.0,10.0,peersync_style,93,7,418.09326636015805,621.3392361111114,623.6392361111115,6086.0,9228.0,15314.0,60.25858691393496,13076.0,619.0,181.12361431121826
drtp_img88_cacheonly_1024mb_200,200,100,4,1.0,10.0,metapipe_reactive_style,93,7,412.97931053365176,678.8999999999999,686.8246071428571,6789.0,8525.0,15314.0,55.66801619433198,14160.0,225.0,131.72513246536255
drtp_img88_cacheonly_1024mb_200,200,100,4,1.0,10.0,ilrsa_style,93,7,1039.617204301074,1528.0999999999958,1531.3999999999928,15314.0,0.0,15314.0,0.0,13699.0,0.0,164.19923305511475
drtp_img88_cacheonly_1024mb_200,200,100,4,1.0,30.0,registry,93,7,278.5240143369177,495.9333333333334,510.466666666667,15314.0,0.0,15314.0,0.0,13788.0,0.0,80.7134360074997
drtp_img88_cacheonly_1024mb_200,200,100,4,1.0,30.0,dragonfly_style,93,7,159.9987517067758,254.67166666666634,270.1874999999999,8061.0,7253.0,15314.0,47.36189108005746,13162.0,0.0,100.5866527557373
drtp_img88_cacheonly_1024mb_200,200,100,4,1.0,30.0,peersync_style,93,7,147.23554071727256,236.01965277777796,236.78631944444462,6086.0,9228.0,15314.0,60.25858691393496,13076.0,619.0,180.27184903621674
drtp_img88_cacheonly_1024mb_200,200,100,4,1.0,30.0,metapipe_reactive_style,93,7,143.86611657281506,250.07671247271054,253.15042420183602,6789.0,8525.0,15314.0,55.66801619433198,13149.0,464.0,134.3890279531479
drtp_img88_cacheonly_1024mb_200,200,100,4,1.0,30.0,ilrsa_style,93,7,346.53906810035875,509.3666666666678,510.4666666666687,15314.0,0.0,15314.0,0.0,13699.0,0.0,163.42822462320328
drtp_img88_cacheonly_1024mb_200,200,100,4,1.0,100.0,registry,93,7,83.58458781361999,148.77999999999986,154.56666666666666,15314.0,0.0,15314.0,0.0,13788.0,0.0,80.88315278291702
drtp_img88_cacheonly_1024mb_200,200,100,4,1.0,100.0,dragonfly_style,93,7,56.256878382972126,104.9397222222223,107.41506944444451,8051.0,7263.0,15314.0,47.42719080579862,13246.0,619.0,100.66951811313629
drtp_img88_cacheonly_1024mb_200,200,100,4,1.0,100.0,peersync_style,93,7,52.41417054659497,100.58525026455031,102.4137125661376,5882.0,9432.0,15314.0,61.59070131905446,14676.0,731.0,176.21944099664688
drtp_img88_cacheonly_1024mb_200,200,100,4,1.0,100.0,metapipe_reactive_style,93,7,46.59556349996603,97.96551741440692,100.06804471533273,6802.0,8512.0,15314.0,55.583126550868485,13137.0,464.0,137.06815242767334
drtp_img88_cacheonly_1024mb_200,200,100,4,1.0,100.0,ilrsa_style,93,7,104.03333333333352,154.01666666666736,154.5666666666678,15314.0,0.0,15314.0,0.0,13699.0,0.0,163.71477395296097
drtp_img88_cacheonly_1024mb_200,200,100,4,2.0,10.0,registry,94,6,252.15531914893654,1007.7000000000006,1046.800000000001,10468.0,0.0,10468.0,0.0,11862.0,0.0,74.17439669370651
drtp_img88_cacheonly_1024mb_200,200,100,4,2.0,10.0,dragonfly_style,94,6,78.6043763931105,302.06333333333356,338.8,3388.0,7080.0,10468.0,67.63469621704242,11923.0,0.0,84.20561254024506
drtp_img88_cacheonly_1024mb_200,200,100,4,2.0,10.0,peersync_style,94,6,55.69610608747053,211.88128968253994,225.90000000000046,2259.0,8209.0,10468.0,78.41994650363011,12523.0,0.0,140.8136487007141
drtp_img88_cacheonly_1024mb_200,200,100,4,2.0,10.0,metapipe_reactive_style,94,6,85.01900700776764,287.28478571428565,319.4799999999999,3116.0,7352.0,10468.0,70.23309132594574,11300.0,0.0,106.86136782169342
drtp_img88_cacheonly_1024mb_200,200,100,4,2.0,10.0,ilrsa_style,94,6,372.1074468085111,1045.6000000000006,1046.7999999999995,10468.0,0.0,10468.0,0.0,11074.0,0.0,125.41694194078445
drtp_img88_cacheonly_1024mb_200,200,100,4,2.0,30.0,registry,94,6,84.05177304964525,335.8999999999995,348.93333333333277,10468.0,0.0,10468.0,0.0,11862.0,0.0,73.51119816303253
drtp_img88_cacheonly_1024mb_200,200,100,4,2.0,30.0,dragonfly_style,94,6,27.303960929584616,101.33333333333343,115.45062500000013,3388.0,7080.0,10468.0,67.63469621704242,12031.0,0.0,85.25444567203522
drtp_img88_cacheonly_1024mb_200,200,100,4,2.0,30.0,peersync_style,94,6,19.952471773049652,71.03333333333335,77.91978444444446,2259.0,8209.0,10468.0,78.41994650363011,12141.0,0.0,144.82588320970535
drtp_img88_cacheonly_1024mb_200,200,100,4,2.0,30.0,metapipe_reactive_style,94,6,28.231576153092046,93.87773784832456,105.35656022927692,2700.0,7768.0,10468.0,74.2071073748567,11330.0,0.0,109.56506431102753
drtp_img88_cacheonly_1024mb_200,200,100,4,2.0,30.0,ilrsa_style,94,6,124.03581560283665,348.5333333333329,348.9333333333332,10468.0,0.0,10468.0,0.0,11074.0,0.0,125.61588734388351
drtp_img88_cacheonly_1024mb_200,200,100,4,2.0,100.0,registry,94,6,25.220265957446774,100.76999999999997,105.06249999999993,10468.0,0.0,10468.0,0.0,11862.0,0.0,73.43727350234985
drtp_img88_cacheonly_1024mb_200,200,100,4,2.0,100.0,dragonfly_style,94,6,10.046130089309166,38.58221296296294,44.076518518518526,3119.0,7349.0,10468.0,70.20443255636225,12321.0,0.0,88.25557678937912
drtp_img88_cacheonly_1024mb_200,200,100,4,2.0,100.0,peersync_style,94,6,7.996070724980294,28.754374999999964,39.58155555555553,2259.0,8209.0,10468.0,78.41994650363011,12406.0,0.0,148.31078052520752
drtp_img88_cacheonly_1024mb_200,200,100,4,2.0,100.0,metapipe_reactive_style,94,6,9.661454086343124,35.61247824709189,45.0609280972486,2700.0,7768.0,10468.0,74.2071073748567,10810.0,0.0,112.4420240521431
drtp_img88_cacheonly_1024mb_200,200,100,4,2.0,100.0,ilrsa_style,94,6,37.230319148936225,104.91250000000018,105.06250000000021,10468.0,0.0,10468.0,0.0,11074.0,0.0,125.97772479057312
drtp_img88_cacheonly_1024mb_200,200,100,5,0.5,10.0,registry,96,4,967.3520833333331,1740.8999999999985,1801.7999999999972,18018.0,0.0,18018.0,0.0,10837.0,7315.0,94.14032101631165
drtp_img88_cacheonly_1024mb_200,200,100,5,0.5,10.0,dragonfly_style,96,4,732.1465939153444,1472.2000000000012,1472.2000000000012,14722.0,3296.0,18018.0,18.292818292818293,10768.0,7315.0,116.10032618045807
drtp_img88_cacheonly_1024mb_200,200,100,5,0.5,10.0,peersync_style,96,4,695.166311177249,1390.2999999999997,1390.2999999999997,13903.0,4115.0,18018.0,22.83827283827284,10740.0,7315.0,199.2069035768509
drtp_img88_cacheonly_1024mb_200,200,100,5,0.5,10.0,metapipe_reactive_style,96,4,713.1507236921103,1313.0000000000005,1401.7000000000005,14017.0,4001.0,18018.0,22.205572205572206,11727.0,7315.0,148.8550305366516
drtp_img88_cacheonly_1024mb_200,200,100,5,0.5,10.0,ilrsa_style,96,4,1261.6,1799.0000000000011,1801.7999999999986,18018.0,0.0,18018.0,0.0,10942.0,7315.0,189.8736134171486
drtp_img88_cacheonly_1024mb_200,200,100,5,0.5,30.0,registry,96,4,322.45069444444454,580.3000000000004,600.6000000000004,18018.0,0.0,18018.0,0.0,10837.0,7315.0,94.15853023529053
drtp_img88_cacheonly_1024mb_200,200,100,5,0.5,30.0,dragonfly_style,96,4,244.1988260582009,490.73333333333335,490.73333333333335,14722.0,3296.0,18018.0,18.292818292818293,10768.0,7315.0,115.1004359126091
drtp_img88_cacheonly_1024mb_200,200,100,5,0.5,30.0,peersync_style,96,4,231.54693783068754,463.6333333333331,463.6333333333331,13909.0,4109.0,18018.0,22.804972804972806,10639.0,7516.0,198.34215939044952
drtp_img88_cacheonly_1024mb_200,200,100,5,0.5,30.0,metapipe_reactive_style,96,4,228.44536372557357,468.0333333333333,468.0333333333333,14041.0,3977.0,18018.0,22.072372072372072,11642.0,7315.0,152.69989520311356
drtp_img88_cacheonly_1024mb_200,200,100,5,0.5,30.0,ilrsa_style,96,4,420.5333333333329,599.6666666666675,600.6,18018.0,0.0,18018.0,0.0,10942.0,7315.0,190.38966298103333
drtp_img88_cacheonly_1024mb_200,200,100,5,0.5,100.0,registry,96,4,96.75659722222211,174.08999999999978,181.64000000000001,18018.0,0.0,18018.0,0.0,10837.0,7315.0,94.14972364902496
drtp_img88_cacheonly_1024mb_200,200,100,5,0.5,100.0,dragonfly_style,96,4,76.44731750165334,166.9397354497354,166.9397354497354,14722.0,3296.0,18018.0,18.292818292818293,10764.0,7315.0,115.66250771284103
drtp_img88_cacheonly_1024mb_200,200,100,5,0.5,100.0,peersync_style,96,4,73.21850455935852,160.48925925925934,160.48925925925934,14007.0,4011.0,18018.0,22.26107226107226,10787.0,7516.0,200.35408437252045
drtp_img88_cacheonly_1024mb_200,200,100,5,0.5,100.0,metapipe_reactive_style,96,4,72.22153424145465,164.12281372297647,164.12281372297647,14422.0,3596.0,18018.0,19.957819957819957,11658.0,7315.0,157.4452742934227
drtp_img88_cacheonly_1024mb_200,200,100,5,0.5,100.0,ilrsa_style,96,4,126.24645833333334,181.1733333333337,181.64000000000073,18018.0,0.0,18018.0,0.0,10942.0,7315.0,191.3105994462967
drtp_img88_cacheonly_1024mb_200,200,100,5,1.0,10.0,registry,97,3,907.9391752577301,1507.3999999999962,1540.5999999999954,15406.0,0.0,15406.0,0.0,14330.0,0.0,76.77602022886276
drtp_img88_cacheonly_1024mb_200,200,100,5,1.0,10.0,dragonfly_style,97,3,464.40761336569716,712.5508333333324,776.4666666666659,7736.0,7670.0,15406.0,49.78579774113982,13504.0,0.0,95.60224413871765
drtp_img88_cacheonly_1024mb_200,200,100,5,1.0,10.0,peersync_style,97,3,432.6089166257566,591.858472222222,616.3000000000003,6163.0,9243.0,15406.0,59.99610541347527,13437.0,0.0,173.6684814095497
drtp_img88_cacheonly_1024mb_200,200,100,5,1.0,10.0,metapipe_reactive_style,97,3,435.4227573228603,674.0455158730161,722.6000000000003,7226.0,8180.0,15406.0,53.09619628716084,12752.0,553.0,118.57405304908752
drtp_img88_cacheonly_1024mb_200,200,100,5,1.0,10.0,ilrsa_style,97,3,1031.5845360824746,1539.000000000001,1540.5999999999997,15406.0,0.0,15406.0,0.0,14067.0,0.0,154.7263264656067
drtp_img88_cacheonly_1024mb_200,200,100,5,1.0,30.0,registry,97,3,302.6463917525772,502.46666666666636,513.533333333333,15406.0,0.0,15406.0,0.0,14330.0,0.0,76.6414925456047
drtp_img88_cacheonly_1024mb_200,200,100,5,1.0,30.0,dragonfly_style,97,3,160.35103047612213,235.8174999999998,259.06666666666655,7686.0,7720.0,15406.0,50.1103466182007,13841.0,0.0,96.65980935096741
drtp_img88_cacheonly_1024mb_200,200,100,5,1.0,30.0,peersync_style,97,3,149.1051735497462,213.18881646825386,216.38683358134907,6163.0,9243.0,15406.0,59.99610541347527,13895.0,0.0,173.43440651893616
drtp_img88_cacheonly_1024mb_200,200,100,5,1.0,30.0,metapipe_reactive_style,97,3,152.49556491964643,239.87546358300276,239.87546358300276,6832.0,8574.0,15406.0,55.653641438400626,12736.0,703.0,118.57713758945465
drtp_img88_cacheonly_1024mb_200,200,100,5,1.0,30.0,ilrsa_style,97,3,343.86151202749153,513.0000000000001,513.5333333333331,15406.0,0.0,15406.0,0.0,14067.0,0.0,155.1516428589821
drtp_img88_cacheonly_1024mb_200,200,100,5,1.0,100.0,registry,97,3,90.81731958762875,150.7399999999998,154.8899999999997,15406.0,0.0,15406.0,0.0,14330.0,0.0,77.10888981819153
drtp_img88_cacheonly_1024mb_200,200,100,5,1.0,100.0,dragonfly_style,97,3,57.24761773849463,94.70435940570674,97.89161848190669,7646.0,7760.0,15406.0,50.36998571984941,13815.0,0.0,98.10939431190491
drtp_img88_cacheonly_1024mb_200,200,100,5,1.0,100.0,peersync_style,97,3,54.9471327020069,92.02814089663646,95.37225790107715,6541.0,8865.0,15406.0,57.542515902894976,13519.0,0.0,170.68856954574585
drtp_img88_cacheonly_1024mb_200,200,100,5,1.0,100.0,metapipe_reactive_style,97,3,51.8852621209599,103.40989509804889,103.40989509804889,6968.0,8438.0,15406.0,54.77086849279502,12517.0,553.0,124.13330376148224
drtp_img88_cacheonly_1024mb_200,200,100,5,1.0,100.0,ilrsa_style,97,3,103.23252577319582,154.69,154.88999999999984,15406.0,0.0,15406.0,0.0,14067.0,0.0,154.9553945660591
drtp_img88_cacheonly_1024mb_200,200,100,5,2.0,10.0,registry,96,4,131.02083333333334,575.0000000000005,615.6000000000007,6156.0,0.0,6156.0,0.0,6024.0,0.0,53.67361754179001
drtp_img88_cacheonly_1024mb_200,200,100,5,2.0,10.0,dragonfly_style,96,4,35.82426866319447,167.78062500000013,204.46666666666675,2005.0,4151.0,6156.0,67.43014944769331,6183.0,0.0,58.442071080207825
drtp_img88_cacheonly_1024mb_200,200,100,5,2.0,10.0,peersync_style,96,4,34.10384476273152,161.6665277777779,166.1333333333335,1658.0,4498.0,6156.0,73.0669265756985,7031.0,0.0,111.86172813177109
drtp_img88_cacheonly_1024mb_200,200,100,5,2.0,10.0,metapipe_reactive_style,96,4,45.19397280092591,224.80599206349208,239.58932539682542,2263.0,3893.0,6156.0,63.239116309291745,6285.0,0.0,70.64355909824371
drtp_img88_cacheonly_1024mb_200,200,100,5,2.0,10.0,ilrsa_style,96,4,160.23750000000004,615.0000000000005,615.6000000000006,6156.0,0.0,6156.0,0.0,7016.0,0.0,73.09474050998688
drtp_img88_cacheonly_1024mb_200,200,100,5,2.0,30.0,registry,96,4,43.67361111111111,191.66666666666654,205.19999999999985,6156.0,0.0,6156.0,0.0,6024.0,0.0,52.98687517642975
drtp_img88_cacheonly_1024mb_200,200,100,5,2.0,30.0,dragonfly_style,96,4,14.105342520254625,64.5117361111111,79.56506944444439,2318.0,3838.0,6156.0,62.34567901234568,6185.0,0.0,57.875409722328186
drtp_img88_cacheonly_1024mb_200,200,100,5,2.0,30.0,peersync_style,96,4,12.127764756944439,51.08743055555556,55.900833333333296,1658.0,4498.0,6156.0,73.0669265756985,6622.0,0.0,112.1583804488182
drtp_img88_cacheonly_1024mb_200,200,100,5,2.0,30.0,metapipe_reactive_style,96,4,15.617583366402116,71.28527777777776,86.0686111111111,2248.0,3908.0,6156.0,63.48278102664067,6244.0,0.0,70.52893936634064
drtp_img88_cacheonly_1024mb_200,200,100,5,2.0,30.0,ilrsa_style,96,4,53.41249999999985,204.99999999999937,205.19999999999936,6156.0,0.0,6156.0,0.0,7016.0,0.0,73.49390536546707
drtp_img88_cacheonly_1024mb_200,200,100,5,2.0,100.0,registry,96,4,13.126388888888899,57.50000000000007,63.89333333333341,6156.0,0.0,6156.0,0.0,6024.0,0.0,52.742935717105865
drtp_img88_cacheonly_1024mb_200,200,100,5,2.0,100.0,dragonfly_style,96,4,5.274099696180552,22.71916666666664,27.734608333333306,2051.0,4105.0,6156.0,66.6829109811566,6145.0,0.0,60.47012656927109
drtp_img88_cacheonly_1024mb_200,200,100,5,2.0,100.0,peersync_style,96,4,5.251136241319446,22.64166666666666,27.62393333333333,1658.0,4498.0,6156.0,73.0669265756985,6531.0,0.0,109.76223647594452
drtp_img88_cacheonly_1024mb_200,200,100,5,2.0,100.0,metapipe_reactive_style,96,4,5.480757411885471,26.50100932539683,36.68069955026455,2219.0,3937.0,6156.0,63.953866146848604,5769.0,0.0,73.32481443881989
drtp_img88_cacheonly_1024mb_200,200,100,5,2.0,100.0,ilrsa_style,96,4,16.19222222222221,63.79333333333332,63.89333333333332,6156.0,0.0,6156.0,0.0,7016.0,0.0,73.68692755699158
drtp_img88_cacheonly_1024mb_200,200,100,6,0.5,10.0,registry,93,7,997.6053763440849,1617.1999999999975,1710.1999999999975,17102.0,0.0,17102.0,0.0,10308.0,6981.0,82.12748169898987
drtp_img88_cacheonly_1024mb_200,200,100,6,0.5,10.0,dragonfly_style,93,7,717.8266345223873,1308.2,1396.9,13969.0,3133.0,17102.0,18.3194947959303,10616.0,6981.0,97.50769287347794
drtp_img88_cacheonly_1024mb_200,200,100,6,0.5,10.0,peersync_style,93,7,675.7226791474653,1227.6,1316.3,13163.0,3939.0,17102.0,23.032393872061746,10472.0,6981.0,166.31541401147842
drtp_img88_cacheonly_1024mb_200,200,100,6,0.5,10.0,metapipe_reactive_style,93,7,628.2522231980874,1251.9000000000003,1340.6000000000004,13406.0,3696.0,17102.0,21.611507426032045,10787.0,6981.0,123.9287257194519
drtp_img88_cacheonly_1024mb_200,200,100,6,0.5,10.0,ilrsa_style,93,7,1244.3129032258066,1690.4,1710.1999999999998,17102.0,0.0,17102.0,0.0,10239.0,6981.0,157.10455179214478
drtp_img88_cacheonly_1024mb_200,200,100,6,0.5,30.0,registry,93,7,332.5351254480284,539.066666666666,570.0666666666662,17102.0,0.0,17102.0,0.0,10308.0,6981.0,81.61177486181259
drtp_img88_cacheonly_1024mb_200,200,100,6,0.5,30.0,dragonfly_style,93,7,240.39220871949155,436.1333333333333,465.7,13971.0,3131.0,17102.0,18.30780025727985,10616.0,6981.0,97.30663150548935
drtp_img88_cacheonly_1024mb_200,200,100,6,0.5,30.0,peersync_style,93,7,225.81329711554886,409.4666666666668,439.0333333333335,13171.0,3931.0,17102.0,22.985615717459947,10402.0,6981.0,165.13003408908844
drtp_img88_cacheonly_1024mb_200,200,100,6,0.5,30.0,metapipe_reactive_style,93,7,208.96762274521004,417.29999999999995,446.8666666666666,13406.0,3696.0,17102.0,21.611507426032045,10687.0,6981.0,124.9518096446991
drtp_img88_cacheonly_1024mb_200,200,100,6,0.5,30.0,ilrsa_style,93,7,414.77096774193535,563.4666666666681,570.0666666666679,17102.0,0.0,17102.0,0.0,10239.0,6981.0,156.60689026117325
drtp_img88_cacheonly_1024mb_200,200,100,6,0.5,100.0,registry,93,7,99.77075268817195,161.7199999999999,171.51499999999993,17102.0,0.0,17102.0,0.0,10308.0,6981.0,82.11033046245575
drtp_img88_cacheonly_1024mb_200,200,100,6,0.5,100.0,dragonfly_style,93,7,74.0160304602606,140.94854166666673,152.03604166666673,13756.0,3346.0,17102.0,19.564963162203252,10601.0,6981.0,98.12832623720169
drtp_img88_cacheonly_1024mb_200,200,100,6,0.5,100.0,peersync_style,93,7,70.49951737606803,135.10942708333337,146.19692708333338,13171.0,3931.0,17102.0,22.985615717459947,10224.0,6981.0,168.2286038994789
drtp_img88_cacheonly_1024mb_200,200,100,6,0.5,100.0,metapipe_reactive_style,93,7,64.04136101185152,137.07151650769586,148.15901650769587,13223.0,3879.0,17102.0,22.68155771254824,10818.0,6981.0,128.94488871097565
drtp_img88_cacheonly_1024mb_200,200,100,6,0.5,100.0,ilrsa_style,93,7,124.4457258064518,169.04000000000062,171.51500000000058,17102.0,0.0,17102.0,0.0,10239.0,6981.0,156.98091685771942
drtp_img88_cacheonly_1024mb_200,200,100,6,1.0,10.0,registry,93,7,700.9752688172035,1347.699999999997,1379.6999999999966,13797.0,0.0,13797.0,0.0,14607.0,0.0,67.0151561498642
drtp_img88_cacheonly_1024mb_200,200,100,6,1.0,10.0,dragonfly_style,93,7,383.4786364994029,588.839285714286,642.3000000000006,6423.0,7374.0,13797.0,53.44640139160687,13268.0,200.0,85.18853038549423
drtp_img88_cacheonly_1024mb_200,200,100,6,1.0,10.0,peersync_style,93,7,366.0377741508791,558.0617857142864,558.0617857142864,5475.0,8322.0,13797.0,60.317460317460316,12632.0,594.0,170.13921588659286
drtp_img88_cacheonly_1024mb_200,200,100,6,1.0,10.0,metapipe_reactive_style,93,7,361.07742468851313,607.2321428571429,607.2321428571429,5894.0,7903.0,13797.0,57.28056823947235,13390.0,202.0,100.05863755941391
drtp_img88_cacheonly_1024mb_200,200,100,6,1.0,10.0,ilrsa_style,93,7,826.7376344086024,1378.2000000000007,1379.6999999999994,13797.0,0.0,13797.0,0.0,14221.0,0.0,131.89949095249176
drtp_img88_cacheonly_1024mb_200,200,100,6,1.0,30.0,registry,93,7,233.65842293906806,449.2333333333334,459.9000000000002,13797.0,0.0,13797.0,0.0,14607.0,0.0,66.65239483118057
drtp_img88_cacheonly_1024mb_200,200,100,6,1.0,30.0,dragonfly_style,93,7,136.19994965011077,224.15241071428548,224.54482142857117,6493.0,7304.0,13797.0,52.93904471986664,12447.0,594.0,86.0440731048584
drtp_img88_cacheonly_1024mb_200,200,100,6,1.0,30.0,peersync_style,93,7,130.12300413893155,215.5517857142855,215.5517857142855,5475.0,8322.0,13797.0,60.317460317460316,12580.0,594.0,169.83713954687119
drtp_img88_cacheonly_1024mb_200,200,100,6,1.0,30.0,metapipe_reactive_style,93,7,127.89643283836834,231.63214285714292,231.63214285714292,5894.0,7903.0,13797.0,57.28056823947235,13390.0,202.0,99.9302789568901
drtp_img88_cacheonly_1024mb_200,200,100,6,1.0,30.0,ilrsa_style,93,7,275.5792114695345,459.40000000000134,459.90000000000174,13797.0,0.0,13797.0,0.0,14221.0,0.0,132.64533132314682
drtp_img88_cacheonly_1024mb_200,200,100,6,1.0,100.0,registry,93,7,70.10010752688167,134.7699999999999,138.21000000000004,13797.0,0.0,13797.0,0.0,14607.0,0.0,66.24487042427063
drtp_img88_cacheonly_1024mb_200,200,100,6,1.0,100.0,dragonfly_style,93,7,49.67003089667374,97.81045085978847,98.24478364197542,6517.0,7280.0,13797.0,52.76509386098427,12536.0,594.0,85.87531745433807
drtp_img88_cacheonly_1024mb_200,200,100,6,1.0,100.0,peersync_style,93,7,48.03155300677028,95.55983068783078,97.25892239858916,6203.0,7594.0,13797.0,55.04095093136189,12292.0,594.0,167.89990663528442
drtp_img88_cacheonly_1024mb_200,200,100,6,1.0,100.0,metapipe_reactive_style,93,7,42.753466261307345,92.43159333333332,96.12742666666666,5791.0,8006.0,13797.0,58.02710734217584,13290.0,202.0,103.84839028120041
drtp_img88_cacheonly_1024mb_200,200,100,6,1.0,100.0,ilrsa_style,93,7,82.68616487455198,137.96000000000035,138.21000000000055,13797.0,0.0,13797.0,0.0,14221.0,0.0,131.443552672863
drtp_img88_cacheonly_1024mb_200,200,100,6,2.0,10.0,registry,93,7,219.0053763440861,773.0999999999998,808.7,8087.0,0.0,8087.0,0.0,7846.0,0.0,68.5722827911377
drtp_img88_cacheonly_1024mb_200,200,100,6,2.0,10.0,dragonfly_style,93,7,45.28933297064349,205.64000000000033,236.42666666666696,2347.0,5740.0,8087.0,70.97811302089774,8150.0,0.0,75.95133036375046
drtp_img88_cacheonly_1024mb_200,200,100,6,2.0,10.0,peersync_style,93,7,38.06413082437275,169.02999999999986,185.26666666666662,1828.0,6259.0,8087.0,77.3958204525782,7725.0,0.0,147.29171991348267
drtp_img88_cacheonly_1024mb_200,200,100,6,2.0,10.0,metapipe_reactive_style,93,7,55.210041057442474,229.13551587301583,278.79999999999995,2788.0,5299.0,8087.0,65.52491653270681,7591.0,0.0,97.18544036149979
drtp_img88_cacheonly_1024mb_200,200,100,6,2.0,10.0,ilrsa_style,93,7,276.75483870967736,784.3999999999992,808.6999999999996,8087.0,0.0,8087.0,0.0,7941.0,0.0,102.68451273441315
drtp_img88_cacheonly_1024mb_200,200,100,6,2.0,30.0,registry,93,7,73.00179211469522,257.69999999999936,269.56666666666644,8087.0,0.0,8087.0,0.0,7846.0,0.0,68.11098754405975
drtp_img88_cacheonly_1024mb_200,200,100,6,2.0,30.0,dragonfly_style,93,7,16.24256181728963,65.65287698412698,81.16666666666664,2361.0,5726.0,8087.0,70.80499567206628,7339.0,0.0,78.4573182463646
drtp_img88_cacheonly_1024mb_200,200,100,6,2.0,30.0,peersync_style,93,7,13.818042114695327,55.19517857142857,63.39999999999999,1828.0,6259.0,8087.0,77.3958204525782,7703.0,0.0,150.7442221045494
drtp_img88_cacheonly_1024mb_200,200,100,6,2.0,30.0,metapipe_reactive_style,93,7,19.451379011600658,75.99271825396826,92.93333333333334,2788.0,5299.0,8087.0,65.52491653270681,7559.0,0.0,96.8766137957573
drtp_img88_cacheonly_1024mb_200,200,100,6,2.0,30.0,ilrsa_style,93,7,92.25161290322582,261.4666666666668,269.5666666666675,8087.0,0.0,8087.0,0.0,7941.0,0.0,102.87807881832123
drtp_img88_cacheonly_1024mb_200,200,100,6,2.0,100.0,registry,93,7,21.909354838709646,77.30999999999985,81.4774999999999,8087.0,0.0,8087.0,0.0,7846.0,0.0,68.24836134910583
drtp_img88_cacheonly_1024mb_200,200,100,6,2.0,100.0,dragonfly_style,93,7,6.903624850657106,26.354045833333316,29.382691666666624,2499.0,5588.0,8087.0,69.09855323358477,6676.0,0.0,81.69864863157272
drtp_img88_cacheonly_1024mb_200,200,100,6,2.0,100.0,peersync_style,93,7,6.698136236559134,24.833701333333277,28.89615718518514,1828.0,6259.0,8087.0,77.3958204525782,8249.0,0.0,141.58564060926437
drtp_img88_cacheonly_1024mb_200,200,100,6,2.0,100.0,metapipe_reactive_style,93,7,7.278847362223804,30.02229764724065,34.21744478697385,3024.0,5063.0,8087.0,62.606652652405096,7556.0,0.0,101.81637108325958
drtp_img88_cacheonly_1024mb_200,200,100,6,2.0,100.0,ilrsa_style,93,7,27.70072580645162,78.44,81.47750000000005,8087.0,0.0,8087.0,0.0,7941.0,0.0,102.17759758234024
drtp_img88_cacheonly_1024mb_200,200,100,7,0.5,10.0,registry,98,2,885.9469387755099,1487.5999999999983,1531.999999999998,15320.0,0.0,15320.0,0.0,8941.0,6647.0,84.0936005115509
drtp_img88_cacheonly_1024mb_200,200,100,7,0.5,10.0,dragonfly_style,98,2,649.1536666869122,1310.0999999999992,1310.0999999999992,13101.0,2219.0,15320.0,14.484334203655353,8691.0,6647.0,101.9381508231163
drtp_img88_cacheonly_1024mb_200,200,100,7,0.5,10.0,peersync_style,98,2,630.3491846959013,1286.099999999999,1286.099999999999,12861.0,2459.0,15320.0,16.050913838120106,8581.0,6647.0,164.01296854019165
drtp_img88_cacheonly_1024mb_200,200,100,7,0.5,10.0,metapipe_reactive_style,98,2,601.6480918974728,1307.1000000000001,1307.1000000000001,13071.0,2249.0,15320.0,14.680156657963446,8645.0,6647.0,140.9556120634079
drtp_img88_cacheonly_1024mb_200,200,100,7,0.5,10.0,ilrsa_style,98,2,1186.1020408163283,1529.8000000000038,1532.0000000000023,15320.0,0.0,15320.0,0.0,8716.0,6647.0,179.54111099243164
drtp_img88_cacheonly_1024mb_200,200,100,7,0.5,30.0,registry,98,2,295.3156462585036,495.86666666666656,510.66666666666674,15320.0,0.0,15320.0,0.0,8941.0,6647.0,84.33955162763596
drtp_img88_cacheonly_1024mb_200,200,100,7,0.5,30.0,dragonfly_style,98,2,216.74491427761558,436.69999999999925,436.69999999999925,13101.0,2219.0,15320.0,14.484334203655353,8691.0,6647.0,101.94852203130722
drtp_img88_cacheonly_1024mb_200,200,100,7,0.5,30.0,peersync_style,98,2,210.25673904680917,428.69999999999965,428.69999999999965,12861.0,2459.0,15320.0,16.050913838120106,8512.0,6647.0,162.9641056060791
drtp_img88_cacheonly_1024mb_200,200,100,7,0.5,30.0,metapipe_reactive_style,98,2,200.18414829898222,435.4333333333334,435.4333333333334,13063.0,2257.0,15320.0,14.732375979112271,8673.0,6647.0,143.05149763822556
drtp_img88_cacheonly_1024mb_200,200,100,7,0.5,30.0,ilrsa_style,98,2,395.3673469387755,509.93333333333385,510.66666666666765,15320.0,0.0,15320.0,0.0,8716.0,6647.0,179.83302474021912
drtp_img88_cacheonly_1024mb_200,200,100,7,0.5,100.0,registry,98,2,88.66721088435357,148.75999999999965,155.79999999999978,15320.0,0.0,15320.0,0.0,8941.0,6647.0,83.96351337432861
drtp_img88_cacheonly_1024mb_200,200,100,7,0.5,100.0,dragonfly_style,98,2,64.86533870307389,136.51357638888902,136.51357638888902,12787.0,2533.0,15320.0,16.533942558746737,8302.0,7018.0,102.61944681406021
drtp_img88_cacheonly_1024mb_200,200,100,7,0.5,100.0,peersync_style,98,2,63.99408638241014,137.06831051587304,137.06831051587304,12861.0,2459.0,15320.0,16.050913838120106,8778.0,6647.0,163.9963835477829
drtp_img88_cacheonly_1024mb_200,200,100,7,0.5,100.0,metapipe_reactive_style,98,2,60.10797039068242,138.05210126918107,138.05210126918107,13044.0,2276.0,15320.0,14.856396866840731,8673.0,6647.0,145.99088579416275
drtp_img88_cacheonly_1024mb_200,200,100,7,0.5,100.0,ilrsa_style,98,2,118.81551020408162,155.43333333333345,155.80000000000035,15320.0,0.0,15320.0,0.0,8716.0,6647.0,180.21269142627716
drtp_img88_cacheonly_1024mb_200,200,100,7,1.0,10.0,registry,97,3,717.9731958762883,1305.3999999999996,1431.8999999999996,14319.0,0.0,14319.0,0.0,12713.0,0.0,84.46192741394043
drtp_img88_cacheonly_1024mb_200,200,100,7,1.0,10.0,dragonfly_style,97,3,374.3162409384712,637.6125,695.6125000000004,6955.0,7364.0,14319.0,51.428172358404915,12627.0,0.0,103.47101837396622
drtp_img88_cacheonly_1024mb_200,200,100,7,1.0,10.0,peersync_style,97,3,340.1475308869243,525.1454999999995,592.2338333333336,5886.0,8433.0,14319.0,58.89377749842866,12131.0,0.0,177.25473642349243
drtp_img88_cacheonly_1024mb_200,200,100,7,1.0,10.0,metapipe_reactive_style,97,3,333.45924434216977,541.999007936508,595.5,5955.0,8364.0,14319.0,58.411900272365386,12812.0,0.0,136.90923154354095
drtp_img88_cacheonly_1024mb_200,200,100,7,1.0,10.0,ilrsa_style,97,3,908.7587628865986,1429.7000000000023,1431.9000000000003,14319.0,0.0,14319.0,0.0,12488.0,0.0,171.8343272805214
drtp_img88_cacheonly_1024mb_200,200,100,7,1.0,30.0,registry,97,3,239.32439862543015,435.133333333335,477.3000000000017,14319.0,0.0,14319.0,0.0,12713.0,0.0,84.53172445297241
drtp_img88_cacheonly_1024mb_200,200,100,7,1.0,30.0,dragonfly_style,97,3,131.67460331369662,199.85548690476165,222.46666666666636,6668.0,7651.0,14319.0,53.43250226971157,11782.0,803.0,105.60653358697891
drtp_img88_cacheonly_1024mb_200,200,100,7,1.0,30.0,peersync_style,97,3,121.41169305350994,183.06959523809525,205.2958333333333,6136.0,8183.0,14319.0,57.14784551993854,11622.0,803.0,182.87599086761475
drtp_img88_cacheonly_1024mb_200,200,100,7,1.0,30.0,metapipe_reactive_style,97,3,116.54330386809087,196.3791612433863,198.50000000000006,5955.0,8364.0,14319.0,58.411900272365386,11897.0,239.0,138.5730654001236
drtp_img88_cacheonly_1024mb_200,200,100,7,1.0,30.0,ilrsa_style,97,3,302.91958762886657,476.56666666666814,477.30000000000206,14319.0,0.0,14319.0,0.0,12488.0,0.0,171.44831269979477
drtp_img88_cacheonly_1024mb_200,200,100,7,1.0,100.0,registry,97,3,71.80343642611673,130.53999999999985,143.78333333333327,14319.0,0.0,14319.0,0.0,12713.0,0.0,84.02339369058609
drtp_img88_cacheonly_1024mb_200,200,100,7,1.0,100.0,dragonfly_style,97,3,51.14216487686134,99.32991203703698,99.32991203703698,7089.0,7230.0,14319.0,50.49235281793421,11580.0,887.0,107.03948885202408
drtp_img88_cacheonly_1024mb_200,200,100,7,1.0,100.0,peersync_style,97,3,44.549734495172615,78.38055555555556,78.38055555555556,5743.0,8576.0,14319.0,59.89245059012501,10912.0,1174.0,187.9151314496994
drtp_img88_cacheonly_1024mb_200,200,100,7,1.0,100.0,metapipe_reactive_style,97,3,39.94549986509561,78.12955400788249,86.59543360030975,5720.0,8599.0,14319.0,60.0530763321461,12143.0,0.0,140.23292809724808
drtp_img88_cacheonly_1024mb_200,200,100,7,1.0,100.0,ilrsa_style,97,3,90.90886597938152,143.41666666666728,143.78333333333424,14319.0,0.0,14319.0,0.0,12488.0,0.0,171.77007347345352
drtp_img88_cacheonly_1024mb_200,200,100,7,2.0,10.0,registry,98,2,221.9897959183675,741.6999999999998,838.1999999999999,8382.0,0.0,8382.0,0.0,9245.0,0.0,73.12864065170288
drtp_img88_cacheonly_1024mb_200,200,100,7,2.0,10.0,dragonfly_style,98,2,101.23640902710297,330.19983796296265,343.225,3431.0,4951.0,8382.0,59.06704843712718,8902.0,0.0,87.97270059585571
drtp_img88_cacheonly_1024mb_200,200,100,7,2.0,10.0,peersync_style,98,2,98.06365001754676,321.29983796296267,329.06100694444405,3222.0,5160.0,8382.0,61.56048675733715,10580.0,0.0,162.45848685503006
drtp_img88_cacheonly_1024mb_200,200,100,7,2.0,10.0,metapipe_reactive_style,98,2,91.322148931001,318.88469246031747,353.41250000000014,3465.0,4917.0,8382.0,58.661417322834644,9269.0,0.0,104.69557344913483
drtp_img88_cacheonly_1024mb_200,200,100,7,2.0,10.0,ilrsa_style,98,2,290.5489795918365,837.0999999999993,838.1999999999996,8382.0,0.0,8382.0,0.0,8993.0,0.0,109.67014729976654
drtp_img88_cacheonly_1024mb_200,200,100,7,2.0,30.0,registry,98,2,73.99659863945575,247.23333333333304,279.3999999999997,8382.0,0.0,8382.0,0.0,9245.0,0.0,73.15628975629807
drtp_img88_cacheonly_1024mb_200,200,100,7,2.0,30.0,dragonfly_style,98,2,34.374632405045375,115.73333333333343,122.78501099537046,3460.0,4922.0,8382.0,58.72106895728943,8928.0,0.0,90.18374234437943
drtp_img88_cacheonly_1024mb_200,200,100,7,2.0,30.0,peersync_style,98,2,33.15835035194635,112.21435185185199,120.88172974537046,3222.0,5160.0,8382.0,61.56048675733715,10364.0,0.0,161.0526740550995
drtp_img88_cacheonly_1024mb_200,200,100,7,2.0,30.0,metapipe_reactive_style,98,2,31.031703091047444,112.85075837742502,122.41249999999995,3465.0,4917.0,8382.0,58.661417322834644,9269.0,0.0,106.73918575048447
drtp_img88_cacheonly_1024mb_200,200,100,7,2.0,30.0,ilrsa_style,98,2,96.84965986394529,279.0333333333321,279.39999999999884,8382.0,0.0,8382.0,0.0,8993.0,0.0,110.01404374837875
drtp_img88_cacheonly_1024mb_200,200,100,7,2.0,100.0,registry,98,2,22.199132653061184,74.16999999999994,83.82749999999993,8382.0,0.0,8382.0,0.0,9245.0,0.0,73.25915992259979
drtp_img88_cacheonly_1024mb_200,200,100,7,2.0,100.0,dragonfly_style,98,2,10.905923752598255,41.427059861111104,45.65253100694443,3433.0,4949.0,8382.0,59.04318778334526,8876.0,0.0,90.68994224071503
drtp_img88_cacheonly_1024mb_200,200,100,7,2.0,100.0,peersync_style,98,2,10.783256425601532,42.78784927716049,46.25827839922839,3222.0,5160.0,8382.0,61.56048675733715,10755.0,0.0,157.50358253717422
drtp_img88_cacheonly_1024mb_200,200,100,7,2.0,100.0,metapipe_reactive_style,98,2,10.168990003000745,36.30908984419432,46.38320406840887,3563.0,4819.0,8382.0,57.49224528752088,9339.0,0.0,108.98096859455109
drtp_img88_cacheonly_1024mb_200,200,100,7,2.0,100.0,ilrsa_style,98,2,29.05497448979594,83.71000000000008,83.82750000000007,8382.0,0.0,8382.0,0.0,8993.0,0.0,109.69654470682144
drtp_img88_cacheonly_1024mb_200,200,100,8,0.5,10.0,registry,95,5,917.7178947368398,1804.999999999995,1865.7999999999947,18658.0,0.0,18658.0,0.0,11749.0,6981.0,100.33749788999557
drtp_img88_cacheonly_1024mb_200,200,100,8,0.5,10.0,dragonfly_style,95,5,811.5766980994152,1577.7000000000016,1577.7000000000016,15777.0,2881.0,18658.0,15.44109765248151,11405.0,6981.0,118.80140751600266
drtp_img88_cacheonly_1024mb_200,200,100,8,0.5,10.0,peersync_style,95,5,746.9968439849622,1471.5999999999997,1471.5999999999997,14716.0,3942.0,18658.0,21.127666416550543,11640.0,6981.0,190.85049629211426
drtp_img88_cacheonly_1024mb_200,200,100,8,0.5,10.0,metapipe_reactive_style,95,5,699.2304340519509,1501.6000000000001,1501.6000000000001,15016.0,3642.0,18658.0,19.519777039339694,11765.0,6981.0,156.92152082920074
drtp_img88_cacheonly_1024mb_200,200,100,8,0.5,10.0,ilrsa_style,95,5,1368.9526315789456,1863.1999999999969,1865.7999999999947,18658.0,0.0,18658.0,0.0,11569.0,6981.0,203.94986122846603
drtp_img88_cacheonly_1024mb_200,200,100,8,0.5,30.0,registry,95,5,305.905964912281,601.6666666666667,621.9333333333336,18658.0,0.0,18658.0,0.0,11749.0,6981.0,99.34815019369125
drtp_img88_cacheonly_1024mb_200,200,100,8,0.5,30.0,dragonfly_style,95,5,270.557828091061,524.6333333333334,524.6333333333334,15739.0,2919.0,18658.0,15.64476364026155,11488.0,6981.0,118.46714466810226
drtp_img88_cacheonly_1024mb_200,200,100,8,0.5,30.0,peersync_style,95,5,249.71280902255629,490.6000000000002,490.6000000000002,14718.0,3940.0,18658.0,21.116947154035802,11638.0,6981.0,191.19739532470703
drtp_img88_cacheonly_1024mb_200,200,100,8,0.5,30.0,metapipe_reactive_style,95,5,233.0977056065545,500.4333333333333,500.4333333333333,15013.0,3645.0,18658.0,19.5358559331118,11757.0,6981.0,159.91969406604767
drtp_img88_cacheonly_1024mb_200,200,100,8,0.5,30.0,ilrsa_style,95,5,456.3175438596495,621.0666666666684,621.9333333333344,18658.0,0.0,18658.0,0.0,11569.0,6981.0,203.42059433460236
drtp_img88_cacheonly_1024mb_200,200,100,8,0.5,100.0,registry,95,5,91.77381578947355,180.49999999999997,186.77250000000004,18658.0,0.0,18658.0,0.0,11749.0,6981.0,100.11112689971924
drtp_img88_cacheonly_1024mb_200,200,100,8,0.5,100.0,dragonfly_style,95,5,83.00726698175478,165.92055898491094,165.92055898491094,15759.0,2899.0,18658.0,15.53757101511416,11505.0,6981.0,117.46186763048172
drtp_img88_cacheonly_1024mb_200,200,100,8,0.5,100.0,peersync_style,95,5,77.32211309164573,155.58188966666657,155.58188966666657,14699.0,3959.0,18658.0,21.218780147925823,11738.0,6981.0,194.40343976020813
drtp_img88_cacheonly_1024mb_200,200,100,8,0.5,100.0,metapipe_reactive_style,95,5,72.23432376438038,168.48059632423698,168.48059632423698,15571.0,3087.0,18658.0,16.545181691499625,11758.0,6981.0,166.1325991153717
drtp_img88_cacheonly_1024mb_200,200,100,8,0.5,100.0,ilrsa_style,95,5,136.90528947368443,186.4475000000005,186.77250000000024,18658.0,0.0,18658.0,0.0,11569.0,6981.0,204.34153825044632
drtp_img88_cacheonly_1024mb_200,200,100,8,1.0,10.0,registry,95,5,729.1831578947368,1487.4000000000005,1558.6000000000006,15586.0,0.0,15586.0,0.0,15405.0,0.0,74.73187148571014
drtp_img88_cacheonly_1024mb_200,200,100,8,1.0,10.0,dragonfly_style,95,5,436.63751702172107,787.7293055555544,843.8999999999986,8439.0,7147.0,15586.0,45.85525471577056,14960.0,0.0,87.15968579053879
drtp_img88_cacheonly_1024mb_200,200,100,8,1.0,10.0,peersync_style,95,5,396.38421282372616,601.958571428572,650.7250000000009,6490.0,9096.0,15586.0,58.36006672654947,14333.0,139.0,162.3631715774536
drtp_img88_cacheonly_1024mb_200,200,100,8,1.0,10.0,metapipe_reactive_style,95,5,440.79387113617366,726.5504186507937,771.8875,7608.0,7978.0,15586.0,51.186962658796354,13683.0,0.0,110.83362251520157
drtp_img88_cacheonly_1024mb_200,200,100,8,1.0,10.0,ilrsa_style,95,5,1033.2347368421044,1557.899999999998,1558.5999999999974,15586.0,0.0,15586.0,0.0,14202.0,0.0,144.30702477693558
drtp_img88_cacheonly_1024mb_200,200,100,8,1.0,30.0,registry,95,5,243.0610526315792,495.80000000000086,519.5333333333342,15586.0,0.0,15586.0,0.0,15405.0,0.0,74.34079051017761
drtp_img88_cacheonly_1024mb_200,200,100,8,1.0,30.0,dragonfly_style,95,5,152.924481725146,267.1801355820103,286.19999999999976,8586.0,7000.0,15586.0,44.91210060310535,15089.0,139.0,88.6712297797203
drtp_img88_cacheonly_1024mb_200,200,100,8,1.0,30.0,peersync_style,95,5,139.04439944921623,226.91461101810503,244.15357229662683,6490.0,9096.0,15586.0,58.36006672654947,14408.0,139.0,164.6873876452446
drtp_img88_cacheonly_1024mb_200,200,100,8,1.0,30.0,metapipe_reactive_style,95,5,150.44323262978895,255.60147045645422,266.68897045645423,7609.0,7977.0,15586.0,51.18054664442448,13683.0,0.0,111.41341924667358
drtp_img88_cacheonly_1024mb_200,200,100,8,1.0,30.0,ilrsa_style,95,5,344.41157894736824,519.3000000000004,519.5333333333335,15586.0,0.0,15586.0,0.0,14202.0,0.0,144.1706120967865
drtp_img88_cacheonly_1024mb_200,200,100,8,1.0,100.0,registry,95,5,72.92078947368412,148.7399999999998,156.09499999999986,15586.0,0.0,15586.0,0.0,15405.0,0.0,74.02049005031586
drtp_img88_cacheonly_1024mb_200,200,100,8,1.0,100.0,dragonfly_style,95,5,51.801970954512974,103.00843535466264,110.15246493055551,8165.0,7421.0,15586.0,47.61324265366354,13874.0,139.0,89.50088173151016
drtp_img88_cacheonly_1024mb_200,200,100,8,1.0,100.0,peersync_style,95,5,49.2375315580618,98.83592031249995,106.04680223214281,6830.0,8756.0,15586.0,56.178621840112925,14303.0,139.0,161.72292083501816
drtp_img88_cacheonly_1024mb_200,200,100,8,1.0,100.0,metapipe_reactive_style,95,5,48.77199057047132,93.47931131544861,104.56681131544862,7749.0,7837.0,15586.0,50.282304632362376,13683.0,0.0,113.882414996624
drtp_img88_cacheonly_1024mb_200,200,100,8,1.0,100.0,ilrsa_style,95,5,103.34478947368407,156.00749999999977,156.0949999999997,15586.0,0.0,15586.0,0.0,14202.0,0.0,144.42184567451477
drtp_img88_cacheonly_1024mb_200,200,100,8,2.0,10.0,registry,95,5,137.61894736842106,527.8999999999999,570.9000000000001,5709.0,0.0,5709.0,0.0,5702.0,0.0,58.19488316774368
drtp_img88_cacheonly_1024mb_200,200,100,8,2.0,10.0,dragonfly_style,95,5,64.23363847117794,249.7549999999999,273.1999999999999,2732.0,2977.0,5709.0,52.14573480469434,6103.0,0.0,66.8555200099945
drtp_img88_cacheonly_1024mb_200,200,100,8,2.0,10.0,peersync_style,95,5,64.18616512113613,249.6399444444442,272.5999999999997,2726.0,2983.0,5709.0,52.250832019618144,5596.0,0.0,112.07885295152664
drtp_img88_cacheonly_1024mb_200,200,100,8,2.0,10.0,metapipe_reactive_style,95,5,67.09047451963241,262.4951587301587,282.3465079365079,2782.0,2927.0,5709.0,51.269924680329304,6780.0,0.0,79.51018959283829
drtp_img88_cacheonly_1024mb_200,200,100,8,2.0,10.0,ilrsa_style,95,5,175.5442105263157,536.8999999999994,570.9000000000001,5709.0,0.0,5709.0,0.0,6495.0,0.0,81.78266137838364
drtp_img88_cacheonly_1024mb_200,200,100,8,2.0,30.0,registry,95,5,45.87298245614032,175.9666666666664,190.2999999999997,5709.0,0.0,5709.0,0.0,5702.0,0.0,57.448118925094604
drtp_img88_cacheonly_1024mb_200,200,100,8,2.0,30.0,dragonfly_style,95,5,21.53319943609023,84.20013293650796,91.06666666666668,2732.0,2977.0,5709.0,52.14573480469434,6103.0,0.0,67.54786521196365
drtp_img88_cacheonly_1024mb_200,200,100,8,2.0,30.0,peersync_style,95,5,21.520316198830425,84.21431904761911,90.86666666666672,2726.0,2983.0,5709.0,52.250832019618144,5607.0,0.0,114.17195200920105
drtp_img88_cacheonly_1024mb_200,200,100,8,2.0,30.0,metapipe_reactive_style,95,5,22.470755856307445,90.80473650793654,97.20275238095242,2780.0,2929.0,5709.0,51.304957085303904,6778.0,0.0,81.01530373096466
drtp_img88_cacheonly_1024mb_200,200,100,8,2.0,30.0,ilrsa_style,95,5,58.51473684210522,178.96666666666624,190.29999999999947,5709.0,0.0,5709.0,0.0,6495.0,0.0,81.7994475364685
drtp_img88_cacheonly_1024mb_200,200,100,8,2.0,100.0,registry,95,5,13.773710526315778,52.78999999999991,57.93999999999995,5709.0,0.0,5709.0,0.0,5702.0,0.0,58.012954890728
drtp_img88_cacheonly_1024mb_200,200,100,8,2.0,100.0,dragonfly_style,95,5,6.803470467836259,25.872746913580247,30.160962962962955,2732.0,2977.0,5709.0,52.14573480469434,6079.0,0.0,68.55469942092896
drtp_img88_cacheonly_1024mb_200,200,100,8,2.0,100.0,peersync_style,95,5,6.786914023391817,25.815023456790126,29.785310370370368,2726.0,2983.0,5709.0,52.250832019618144,5754.0,0.0,113.0790114402771
drtp_img88_cacheonly_1024mb_200,200,100,8,2.0,100.0,metapipe_reactive_style,95,5,6.8548273728580735,27.14490812169313,33.30810116931218,2753.0,2956.0,5709.0,51.77789455246103,6751.0,0.0,82.54418522119522
drtp_img88_cacheonly_1024mb_200,200,100,8,2.0,100.0,ilrsa_style,95,5,17.590026315789487,53.690000000000076,57.94000000000016,5709.0,0.0,5709.0,0.0,6495.0,0.0,81.79973810911179
drtp_img88_cacheonly_1024mb_200,200,100,9,0.5,10.0,registry,93,7,964.436559139785,1603.0999999999974,1698.3999999999985,16984.0,0.0,16984.0,0.0,8540.0,8202.0,66.56553596258163
drtp_img88_cacheonly_1024mb_200,200,100,9,0.5,10.0,dragonfly_style,93,7,751.4667200034135,1519.4999999999998,1519.4999999999998,15195.0,1789.0,16984.0,10.533443240697126,8083.0,8573.0,80.9859111905098
drtp_img88_cacheonly_1024mb_200,200,100,9,0.5,10.0,peersync_style,93,7,713.8611164447864,1441.100000000001,1441.100000000001,14411.0,2573.0,16984.0,15.149552520018842,8838.0,8202.0,127.54238396883011
drtp_img88_cacheonly_1024mb_200,200,100,9,0.5,10.0,metapipe_reactive_style,93,7,720.6322764123573,1503.8000000000002,1503.8000000000002,15038.0,1946.0,16984.0,11.457842675459256,8801.0,8202.0,102.88648307323456
drtp_img88_cacheonly_1024mb_200,200,100,9,0.5,10.0,ilrsa_style,93,7,1230.4924731182791,1697.1999999999966,1698.3999999999955,16984.0,0.0,16984.0,0.0,8670.0,8202.0,132.9546645283699
drtp_img88_cacheonly_1024mb_200,200,100,9,0.5,30.0,registry,93,7,321.4788530465949,534.3666666666664,566.1333333333337,16984.0,0.0,16984.0,0.0,8540.0,8202.0,66.05308502912521
drtp_img88_cacheonly_1024mb_200,200,100,9,0.5,30.0,dragonfly_style,93,7,253.37435953234368,514.0000000000003,514.0000000000003,15420.0,1564.0,16984.0,9.208666980687706,8679.0,8202.0,80.55415004491806
drtp_img88_cacheonly_1024mb_200,200,100,9,0.5,30.0,peersync_style,93,7,238.16615356716147,480.3666666666665,480.3666666666665,14411.0,2573.0,16984.0,15.149552520018842,8935.0,8202.0,126.14502757787704
drtp_img88_cacheonly_1024mb_200,200,100,9,0.5,30.0,metapipe_reactive_style,93,7,240.15236438598743,501.2666666666666,501.2666666666666,15038.0,1946.0,16984.0,11.457842675459256,8801.0,8202.0,104.73442077636719
drtp_img88_cacheonly_1024mb_200,200,100,9,0.5,30.0,ilrsa_style,93,7,410.16415770609296,565.7333333333327,566.1333333333323,16984.0,0.0,16984.0,0.0,8670.0,8202.0,132.99568742513657
drtp_img88_cacheonly_1024mb_200,200,100,9,0.5,100.0,registry,93,7,96.45473118279563,160.3099999999999,170.79250000000005,16984.0,0.0,16984.0,0.0,8540.0,8202.0,66.54153019189835
drtp_img88_cacheonly_1024mb_200,200,100,9,0.5,100.0,dragonfly_style,93,7,80.30269994879673,177.7675000000001,177.7675000000001,15420.0,1564.0,16984.0,9.208666980687706,8679.0,8202.0,81.4877450466156
drtp_img88_cacheonly_1024mb_200,200,100,9,0.5,100.0,peersync_style,93,7,76.609047171019,169.3727222222223,169.3727222222223,14411.0,2573.0,16984.0,15.149552520018842,8790.0,8202.0,129.55908477306366
drtp_img88_cacheonly_1024mb_200,200,100,9,0.5,100.0,metapipe_reactive_style,93,7,75.26380146457619,171.9623371348096,171.9623371348096,14644.0,2340.0,16984.0,13.777673104097975,8801.0,8427.0,105.78374564647675
drtp_img88_cacheonly_1024mb_200,200,100,9,0.5,100.0,ilrsa_style,93,7,123.11892473118277,170.6425,170.79249999999988,16984.0,0.0,16984.0,0.0,8670.0,8202.0,132.75110721588135
drtp_img88_cacheonly_1024mb_200,200,100,9,1.0,10.0,registry,94,6,752.0765957446795,1343.4999999999984,1418.0999999999983,14181.0,0.0,14181.0,0.0,13738.0,0.0,76.62130147218704
drtp_img88_cacheonly_1024mb_200,200,100,9,1.0,10.0,dragonfly_style,94,6,447.0554210992914,656.8266765873024,734.1000000000009,7341.0,6840.0,14181.0,48.233551935688595,12139.0,394.0,94.68995779752731
drtp_img88_cacheonly_1024mb_200,200,100,9,1.0,10.0,peersync_style,94,6,421.06856361871013,595.1270833333338,608.7347222222227,5692.0,8489.0,14181.0,59.86178689796206,12705.0,394.0,173.5396906733513
drtp_img88_cacheonly_1024mb_200,200,100,9,1.0,10.0,metapipe_reactive_style,94,6,412.10036402397884,628.0597619047619,697.4000000000001,6974.0,7207.0,14181.0,50.82152175446019,12070.0,394.0,118.48454177379608
drtp_img88_cacheonly_1024mb_200,200,100,9,1.0,10.0,ilrsa_style,94,6,935.8053191489357,1416.9000000000003,1418.0999999999992,14181.0,0.0,14181.0,0.0,13376.0,0.0,151.4037922024727
drtp_img88_cacheonly_1024mb_200,200,100,9,1.0,30.0,registry,94,6,250.69219858156063,447.8333333333344,472.7000000000012,14181.0,0.0,14181.0,0.0,13738.0,0.0,76.08586549758911
drtp_img88_cacheonly_1024mb_200,200,100,9,1.0,30.0,dragonfly_style,94,6,156.56820138361184,237.81268694196413,257.2978757440475,7338.0,6843.0,14181.0,48.25470700232706,12079.0,394.0,95.77890485525131
drtp_img88_cacheonly_1024mb_200,200,100,9,1.0,30.0,peersync_style,94,6,148.35819187985493,226.71556746031732,231.8566785714284,5692.0,8489.0,14181.0,59.86178689796206,11854.0,394.0,175.24558305740356
drtp_img88_cacheonly_1024mb_200,200,100,9,1.0,30.0,metapipe_reactive_style,94,6,143.40966333164474,232.81859126984128,239.75099206349208,6603.0,7578.0,14181.0,53.43769832874973,12070.0,394.0,118.91667544841766
drtp_img88_cacheonly_1024mb_200,200,100,9,1.0,30.0,ilrsa_style,94,6,311.9351063829788,472.30000000000024,472.70000000000056,14181.0,0.0,14181.0,0.0,13376.0,0.0,151.80137008428574
drtp_img88_cacheonly_1024mb_200,200,100,9,1.0,100.0,registry,94,6,75.23292553191479,134.3499999999997,143.2599999999997,14181.0,0.0,14181.0,0.0,13738.0,0.0,77.29222625494003
drtp_img88_cacheonly_1024mb_200,200,100,9,1.0,100.0,dragonfly_style,94,6,56.69410704020424,102.49841843377975,109.33259405226934,7338.0,6843.0,14181.0,48.25470700232706,11968.0,394.0,97.2122922539711
drtp_img88_cacheonly_1024mb_200,200,100,9,1.0,100.0,peersync_style,94,6,54.851949725335565,99.29767410714278,105.1415926339285,6087.0,8094.0,14181.0,57.07636979056484,12078.0,394.0,176.73397809267044
drtp_img88_cacheonly_1024mb_200,200,100,9,1.0,100.0,metapipe_reactive_style,94,6,53.01203270701992,102.5250158730157,110.39584920634904,6800.0,7381.0,14181.0,52.04851561949087,11562.0,1281.0,119.29113417863846
drtp_img88_cacheonly_1024mb_200,200,100,9,1.0,100.0,ilrsa_style,94,6,93.71872340425536,143.1100000000002,143.26000000000008,14181.0,0.0,14181.0,0.0,13376.0,0.0,151.72234177589417
drtp_img88_cacheonly_1024mb_200,200,100,9,2.0,10.0,registry,94,6,245.37340425531926,967.6,1066.2999999999995,10663.0,0.0,10663.0,0.0,11104.0,0.0,67.94783473014832
drtp_img88_cacheonly_1024mb_200,200,100,9,2.0,10.0,dragonfly_style,94,6,58.6485090552178,270.1340178571429,325.47499999999985,3184.0,7479.0,10663.0,70.13973553408984,10871.0,0.0,83.38113129138947
drtp_img88_cacheonly_1024mb_200,200,100,9,2.0,10.0,peersync_style,94,6,45.87256796690301,211.36924603174566,226.24999999999955,2227.0,8436.0,10663.0,79.11469567663885,12982.0,0.0,139.56614583730698
drtp_img88_cacheonly_1024mb_200,200,100,9,2.0,10.0,metapipe_reactive_style,94,6,65.81105953788133,252.89999999999995,289.69999999999993,2749.0,7914.0,10663.0,74.21926287161212,11087.0,0.0,104.2691171169281
drtp_img88_cacheonly_1024mb_200,200,100,9,2.0,10.0,ilrsa_style,94,6,306.6117021276595,1064.9999999999998,1066.2999999999986,10663.0,0.0,10663.0,0.0,11622.0,0.0,131.40620291233063
drtp_img88_cacheonly_1024mb_200,200,100,9,2.0,30.0,registry,94,6,81.79113475177301,322.5333333333333,355.4333333333336,10663.0,0.0,10663.0,0.0,11104.0,0.0,68.07826459407806
drtp_img88_cacheonly_1024mb_200,200,100,9,2.0,30.0,dragonfly_style,94,6,20.995502511820348,92.84881944444457,110.75951388888896,3185.0,7478.0,10663.0,70.13035731032542,10872.0,0.0,82.19949156045914
drtp_img88_cacheonly_1024mb_200,200,100,9,2.0,30.0,peersync_style,94,6,16.638940602836886,70.23746111111119,77.78333333333343,2227.0,8436.0,10663.0,79.11469567663885,12104.0,0.0,141.5957286953926
drtp_img88_cacheonly_1024mb_200,200,100,9,2.0,30.0,metapipe_reactive_style,94,6,23.040604175954076,89.63037650793656,106.4333333333334,2749.0,7914.0,10663.0,74.21926287161212,10558.0,0.0,105.4728627204895
drtp_img88_cacheonly_1024mb_200,200,100,9,2.0,30.0,ilrsa_style,94,6,102.20390070921992,355.00000000000045,355.43333333333413,10663.0,0.0,10663.0,0.0,11622.0,0.0,130.731001496315
drtp_img88_cacheonly_1024mb_200,200,100,9,2.0,100.0,registry,94,6,24.540815602836897,96.76000000000012,106.95666666666682,10663.0,0.0,10663.0,0.0,11104.0,0.0,67.97194480895996
drtp_img88_cacheonly_1024mb_200,200,100,9,2.0,100.0,dragonfly_style,94,6,6.656642117415277,28.51396311111106,35.25594444444438,2599.0,8064.0,10663.0,75.62599643627497,11120.0,0.0,84.80940759181976
drtp_img88_cacheonly_1024mb_200,200,100,9,2.0,100.0,peersync_style,94,6,6.60490421591804,28.281288888888838,34.96722962962958,2227.0,8436.0,10663.0,79.11469567663885,11677.0,0.0,139.9340108036995
drtp_img88_cacheonly_1024mb_200,200,100,9,2.0,100.0,metapipe_reactive_style,94,6,8.281491558430899,33.14373666960611,48.445311316872434,3049.0,7614.0,10663.0,71.40579574228641,10422.0,0.0,107.51096159219742
drtp_img88_cacheonly_1024mb_200,200,100,9,2.0,100.0,ilrsa_style,94,6,30.679113475177328,106.74000000000005,106.9566666666667,10663.0,0.0,10663.0,0.0,11622.0,0.0,131.39981776475906
drtp_img88_cacheonly_1024mb_200,200,100,10,0.5,10.0,registry,94,6,827.4372340425517,1442.4999999999968,1509.1999999999966,15092.0,0.0,15092.0,0.0,7985.0,6981.0,60.09766459465027
drtp_img88_cacheonly_1024mb_200,200,100,10,0.5,10.0,dragonfly_style,94,6,642.7520349966228,1188.6999999999998,1277.3999999999999,12774.0,2318.0,15092.0,15.359130665253113,8117.0,6981.0,75.16919821500778
drtp_img88_cacheonly_1024mb_200,200,100,10,0.5,10.0,peersync_style,94,6,615.107051291793,1130.0000000000005,1218.7000000000005,12187.0,2905.0,15092.0,19.24860853432282,7950.0,6981.0,121.63253128528595
drtp_img88_cacheonly_1024mb_200,200,100,10,0.5,10.0,metapipe_reactive_style,94,6,610.4473430692758,1179.3000000000002,1268.0000000000002,12680.0,2412.0,15092.0,15.981977206467002,8253.0,6981.0,96.09218686819077
drtp_img88_cacheonly_1024mb_200,200,100,10,0.5,10.0,ilrsa_style,94,6,1048.9436170212762,1497.5999999999983,1509.1999999999973,15092.0,0.0,15092.0,0.0,7996.0,6981.0,115.06986618041992
drtp_img88_cacheonly_1024mb_200,200,100,10,0.5,30.0,registry,94,6,275.81241134751775,480.8333333333337,503.0666666666672,15092.0,0.0,15092.0,0.0,7985.0,6981.0,59.63987112045288
drtp_img88_cacheonly_1024mb_200,200,100,10,0.5,30.0,dragonfly_style,94,6,214.43074257007754,396.23333333333295,425.7999999999996,12774.0,2318.0,15092.0,15.359130665253113,8117.0,6981.0,74.66190308332443
drtp_img88_cacheonly_1024mb_200,200,100,10,0.5,30.0,peersync_style,94,6,209.7461334642011,387.5333333333332,417.09999999999985,12513.0,2579.0,15092.0,17.08852372117678,7447.0,7352.0,120.20310759544373
drtp_img88_cacheonly_1024mb_200,200,100,10,0.5,30.0,metapipe_reactive_style,94,6,203.3817952858456,393.0333333333333,422.59999999999997,12678.0,2414.0,15092.0,15.995229260535384,8253.0,6981.0,97.19064831733704
drtp_img88_cacheonly_1024mb_200,200,100,10,0.5,30.0,ilrsa_style,94,6,349.64787234042603,499.20000000000107,503.066666666668,15092.0,0.0,15092.0,0.0,7996.0,6981.0,115.49258232116699
drtp_img88_cacheonly_1024mb_200,200,100,10,0.5,100.0,registry,94,6,82.74989361702123,144.24999999999986,151.20999999999987,15092.0,0.0,15092.0,0.0,7985.0,6981.0,60.02599000930786
drtp_img88_cacheonly_1024mb_200,200,100,10,0.5,100.0,dragonfly_style,94,6,68.11373030648429,135.07000000000002,146.15750000000003,13122.0,1970.0,15092.0,13.05327325735489,7765.0,7352.0,74.83348250389099
drtp_img88_cacheonly_1024mb_200,200,100,10,0.5,100.0,peersync_style,94,6,63.31870275649411,125.92313653273814,137.01063653273815,12155.0,2937.0,15092.0,19.46064139941691,7879.0,6981.0,122.39564210176468
drtp_img88_cacheonly_1024mb_200,200,100,10,0.5,100.0,metapipe_reactive_style,94,6,60.38880038898273,128.1757799845679,139.2632799845679,12728.0,2364.0,15092.0,15.663927908825867,7761.0,7199.0,101.56229883432388
drtp_img88_cacheonly_1024mb_200,200,100,10,0.5,100.0,ilrsa_style,94,6,104.90664893617016,149.76000000000008,151.20999999999995,15092.0,0.0,15092.0,0.0,7996.0,6981.0,115.58816581964493
drtp_img88_cacheonly_1024mb_200,200,100,10,1.0,10.0,registry,96,4,787.2687499999992,1496.5999999999983,1622.599999999998,16226.0,0.0,16226.0,0.0,17368.0,0.0,74.75566864013672
drtp_img88_cacheonly_1024mb_200,200,100,10,1.0,10.0,dragonfly_style,96,4,338.5587727003412,621.7639583333327,691.5514583333328,6813.0,9413.0,16226.0,58.01183286084063,16929.0,0.0,101.78371518850327
drtp_img88_cacheonly_1024mb_200,200,100,10,1.0,10.0,peersync_style,96,4,276.4331437606555,471.7499999999997,472.48333333333306,4116.0,12110.0,16226.0,74.63330457290768,15331.0,371.0,195.4241618514061
drtp_img88_cacheonly_1024mb_200,200,100,10,1.0,10.0,metapipe_reactive_style,96,4,305.9767593249837,521.5413571428574,569.8875000000002,5588.0,10638.0,16226.0,65.56144459509429,15339.0,594.0,133.21033865213394
drtp_img88_cacheonly_1024mb_200,200,100,10,1.0,10.0,ilrsa_style,96,4,1007.472916666666,1621.299999999996,1622.599999999995,16226.0,0.0,16226.0,0.0,16886.0,0.0,160.18643230199814
drtp_img88_cacheonly_1024mb_200,200,100,10,1.0,30.0,registry,96,4,262.42291666666694,498.8666666666674,540.8666666666672,16226.0,0.0,16226.0,0.0,17368.0,0.0,74.35744255781174
drtp_img88_cacheonly_1024mb_200,200,100,10,1.0,30.0,dragonfly_style,96,4,124.17168921253425,213.3704684009405,244.78713506760727,6553.0,9673.0,16226.0,59.61419943300875,16133.0,371.0,102.73551195859909
drtp_img88_cacheonly_1024mb_200,200,100,10,1.0,30.0,peersync_style,96,4,106.61543673911179,198.62282613168722,213.7347825788752,4489.0,11737.0,16226.0,72.33452483668187,15736.0,371.0,193.52000206708908
drtp_img88_cacheonly_1024mb_200,200,100,10,1.0,30.0,metapipe_reactive_style,96,4,112.05590679826871,204.39733481362438,215.4848348136244,5611.0,10615.0,16226.0,65.41969678294096,15339.0,594.0,134.34158265590668
drtp_img88_cacheonly_1024mb_200,200,100,10,1.0,30.0,ilrsa_style,96,4,335.82430555555584,540.4333333333346,540.8666666666676,16226.0,0.0,16226.0,0.0,16886.0,0.0,161.0417142510414
drtp_img88_cacheonly_1024mb_200,200,100,10,1.0,100.0,registry,96,4,78.73159722222213,149.6599999999999,162.71333333333334,16226.0,0.0,16226.0,0.0,17368.0,0.0,75.1703530550003
drtp_img88_cacheonly_1024mb_200,200,100,10,1.0,100.0,dragonfly_style,96,4,51.97768066085998,105.36523353566523,117.38190020233186,6549.0,9677.0,16226.0,59.63885122642672,16106.0,371.0,105.30336201190948
drtp_img88_cacheonly_1024mb_200,200,100,10,1.0,100.0,peersync_style,96,4,46.45810178299823,97.95737244567901,110.07534735980794,4626.0,11600.0,16226.0,71.49020091211635,16931.0,371.0,188.04428726434708
drtp_img88_cacheonly_1024mb_200,200,100,10,1.0,100.0,metapipe_reactive_style,96,4,36.97325364872598,82.82362623183515,86.51945956516849,5617.0,10609.0,16226.0,65.382719092814,15503.0,394.0,139.6515518426895
drtp_img88_cacheonly_1024mb_200,200,100,10,1.0,100.0,ilrsa_style,96,4,100.7795833333335,162.49666666666747,162.7133333333343,16226.0,0.0,16226.0,0.0,16886.0,0.0,161.1746847629547
drtp_img88_cacheonly_1024mb_200,200,100,10,2.0,10.0,registry,96,4,123.04895833333337,633.5999999999998,672.0999999999999,6721.0,0.0,6721.0,0.0,6829.0,0.0,53.500205278396606
drtp_img88_cacheonly_1024mb_200,200,100,10,2.0,10.0,dragonfly_style,96,4,14.641189236111112,77.61500000000001,116.79999999999997,1168.0,5553.0,6721.0,82.62163368546348,6900.0,0.0,61.39448285102844
drtp_img88_cacheonly_1024mb_200,200,100,10,2.0,10.0,peersync_style,96,4,14.616901041666667,77.61275,114.46666666666663,1140.0,5581.0,6721.0,83.0382383573873,8612.0,0.0,109.4253808259964
drtp_img88_cacheonly_1024mb_200,200,100,10,2.0,10.0,metapipe_reactive_style,96,4,19.839660749421288,115.67228124999993,174.76666666666657,1731.0,4990.0,6721.0,74.24490403213808,6739.0,0.0,73.90265166759491
drtp_img88_cacheonly_1024mb_200,200,100,10,2.0,10.0,ilrsa_style,96,4,158.89583333333306,670.9999999999985,672.0999999999988,6721.0,0.0,6721.0,0.0,7517.0,0.0,80.36436885595322
drtp_img88_cacheonly_1024mb_200,200,100,10,2.0,30.0,registry,96,4,41.01631944444444,211.1999999999999,224.03333333333325,6721.0,0.0,6721.0,0.0,6829.0,0.0,53.316302597522736
drtp_img88_cacheonly_1024mb_200,200,100,10,2.0,30.0,dragonfly_style,96,4,6.299662181712963,29.76666666666665,39.39930555555552,1168.0,5553.0,6721.0,82.62163368546348,6899.0,0.0,64.6490603685379
drtp_img88_cacheonly_1024mb_200,200,100,10,2.0,30.0,peersync_style,96,4,6.304840766059026,29.766666666666655,38.880763888888865,1140.0,5581.0,6721.0,83.0382383573873,8646.0,0.0,118.16886067390442
drtp_img88_cacheonly_1024mb_200,200,100,10,2.0,30.0,metapipe_reactive_style,96,4,7.538282181351273,39.0542404513889,59.074796006944446,1731.0,4990.0,6721.0,74.24490403213808,6739.0,0.0,74.33252781629562
drtp_img88_cacheonly_1024mb_200,200,100,10,2.0,30.0,ilrsa_style,96,4,52.965277777777665,223.66666666666603,224.03333333333268,6721.0,0.0,6721.0,0.0,7517.0,0.0,80.73104918003082
drtp_img88_cacheonly_1024mb_200,200,100,10,2.0,100.0,registry,96,4,12.348159722222222,63.36000000000002,69.28333333333336,6721.0,0.0,6721.0,0.0,6829.0,0.0,53.01971733570099
drtp_img88_cacheonly_1024mb_200,200,100,10,2.0,100.0,dragonfly_style,96,4,3.8900468749999972,18.24999999999999,30.403333333333315,1168.0,5553.0,6721.0,82.62163368546348,6868.0,0.0,64.5299032330513
drtp_img88_cacheonly_1024mb_200,200,100,10,2.0,100.0,peersync_style,96,4,3.891048842592589,18.24999999999998,30.136666666666645,1140.0,5581.0,6721.0,83.0382383573873,7150.0,0.0,117.89878457784653
drtp_img88_cacheonly_1024mb_200,200,100,10,2.0,100.0,metapipe_reactive_style,96,4,3.6746311329500307,19.462179457777772,31.623943084325923,1360.0,5361.0,6721.0,79.7649159351287,6756.0,0.0,77.94386893510818
drtp_img88_cacheonly_1024mb_200,200,100,10,2.0,100.0,ilrsa_style,96,4,15.994930555555557,69.10000000000001,69.28333333333333,6721.0,0.0,6721.0,0.0,7517.0,0.0,80.79676330089569
drtp_img88_cacheonly_1024mb_200,200,100,11,0.5,10.0,registry,95,5,1037.341052631577,1742.799999999995,1810.299999999995,18103.0,0.0,18103.0,0.0,11273.0,6981.0,93.4206172823906
drtp_img88_cacheonly_1024mb_200,200,100,11,0.5,10.0,dragonfly_style,95,5,815.5914614661662,1352.000000000001,1529.400000000001,15294.0,2809.0,18103.0,15.51676517704248,11283.0,6981.0,113.50859701633453
drtp_img88_cacheonly_1024mb_200,200,100,11,0.5,10.0,peersync_style,95,5,797.452650584796,1299.8000000000015,1477.2000000000016,14772.0,3331.0,18103.0,18.400265149422747,11161.0,6981.0,185.30285358428955
drtp_img88_cacheonly_1024mb_200,200,100,11,0.5,10.0,metapipe_reactive_style,95,5,708.3137887078805,1331.4999999999998,1508.8999999999999,15089.0,3014.0,18103.0,16.649174170027067,11332.0,6981.0,148.08325469493866
drtp_img88_cacheonly_1024mb_200,200,100,11,0.5,10.0,ilrsa_style,95,5,1266.454736842105,1809.7999999999984,1810.299999999998,18103.0,0.0,18103.0,0.0,11135.0,6981.0,199.35254752635956
drtp_img88_cacheonly_1024mb_200,200,100,11,0.5,30.0,registry,95,5,345.7803508771924,580.9333333333317,603.4333333333321,18103.0,0.0,18103.0,0.0,11273.0,6981.0,92.4091562628746
drtp_img88_cacheonly_1024mb_200,200,100,11,0.5,30.0,dragonfly_style,95,5,274.36013304093547,455.73333333333306,514.8666666666664,15446.0,2657.0,18103.0,14.677125338341712,11283.0,6981.0,112.84088343381882
drtp_img88_cacheonly_1024mb_200,200,100,11,0.5,30.0,peersync_style,95,5,266.1603314536339,433.2666666666658,492.3999999999991,14772.0,3331.0,18103.0,18.400265149422747,11160.0,6981.0,185.62257289886475
drtp_img88_cacheonly_1024mb_200,200,100,11,0.5,30.0,metapipe_reactive_style,95,5,235.291996287855,445.46666666666664,504.59999999999997,15138.0,2965.0,18103.0,16.378500800972216,11378.0,6981.0,151.69696509838104
drtp_img88_cacheonly_1024mb_200,200,100,11,0.5,30.0,ilrsa_style,95,5,422.1515789473681,603.2666666666662,603.4333333333327,18103.0,0.0,18103.0,0.0,11135.0,6981.0,199.51719045639038
drtp_img88_cacheonly_1024mb_200,200,100,11,0.5,100.0,registry,95,5,103.75249122807007,174.28000000000017,182.77666666666696,18103.0,0.0,18103.0,0.0,11273.0,6981.0,92.91739016771317
drtp_img88_cacheonly_1024mb_200,200,100,11,0.5,100.0,dragonfly_style,95,5,85.10927163742687,145.9152380952381,171.78607142857143,15730.0,2373.0,18103.0,13.108324587085013,11285.0,6981.0,113.35316300392151
drtp_img88_cacheonly_1024mb_200,200,100,11,0.5,100.0,peersync_style,95,5,80.93476333310124,136.77596726190473,162.64680059523806,14772.0,3331.0,18103.0,18.400265149422747,11319.0,6981.0,184.34223532676697
drtp_img88_cacheonly_1024mb_200,200,100,11,0.5,100.0,metapipe_reactive_style,95,5,71.13318427097207,138.97722620619948,164.8480595395328,15158.0,2945.0,18103.0,16.268021874827376,11376.0,6981.0,155.94317018985748
drtp_img88_cacheonly_1024mb_200,200,100,11,0.5,100.0,ilrsa_style,95,5,126.73642105263175,182.69333333333412,182.77666666666752,18103.0,0.0,18103.0,0.0,11135.0,6981.0,200.04567503929138
drtp_img88_cacheonly_1024mb_200,200,100,11,1.0,10.0,registry,95,5,815.6663157894731,1580.3,1651.5999999999997,16516.0,0.0,16516.0,0.0,16159.0,0.0,80.17919212579727
drtp_img88_cacheonly_1024mb_200,200,100,11,1.0,10.0,dragonfly_style,95,5,488.0547380952379,778.8166666666668,855.3000000000006,8553.0,7963.0,16516.0,48.213853233228384,14509.0,200.0,90.8953994512558
drtp_img88_cacheonly_1024mb_200,200,100,11,1.0,10.0,peersync_style,95,5,440.91853529657527,665.0900000000004,745.2125000000015,7383.0,9133.0,16516.0,55.29789295228869,14199.0,450.0,164.7111400961876
drtp_img88_cacheonly_1024mb_200,200,100,11,1.0,10.0,metapipe_reactive_style,95,5,475.4270998947073,759.6784039399091,852.0124999999998,8451.0,8065.0,16516.0,48.83143618309518,15068.0,0.0,121.20188027620316
drtp_img88_cacheonly_1024mb_200,200,100,11,1.0,10.0,ilrsa_style,95,5,1160.066315789473,1648.2000000000003,1651.5999999999972,16516.0,0.0,16516.0,0.0,16084.0,0.0,150.99037438631058
drtp_img88_cacheonly_1024mb_200,200,100,11,1.0,30.0,registry,95,5,271.8887719298246,526.7666666666672,550.5333333333339,16516.0,0.0,16516.0,0.0,16159.0,0.0,79.6443521976471
drtp_img88_cacheonly_1024mb_200,200,100,11,1.0,30.0,dragonfly_style,95,5,164.11386025480346,257.5789801587297,273.4791666666664,8127.0,8389.0,16516.0,50.79317025914265,14257.0,652.0,93.46801042556763
drtp_img88_cacheonly_1024mb_200,200,100,11,1.0,30.0,peersync_style,95,5,152.0592321637422,240.6171944444436,242.1171944444436,6690.0,9826.0,16516.0,59.493824170501334,13350.0,1205.0,170.6557720899582
drtp_img88_cacheonly_1024mb_200,200,100,11,1.0,30.0,metapipe_reactive_style,95,5,177.38881549351385,326.3999999999999,326.3999999999999,8612.0,7904.0,16516.0,47.856623879874064,14130.0,887.0,123.83083254098892
drtp_img88_cacheonly_1024mb_200,200,100,11,1.0,30.0,ilrsa_style,95,5,386.68877192982467,549.4000000000005,550.5333333333328,16516.0,0.0,16516.0,0.0,16084.0,0.0,151.24204009771347
drtp_img88_cacheonly_1024mb_200,200,100,11,1.0,100.0,registry,95,5,81.57371052631568,158.02999999999975,165.83249999999973,16516.0,0.0,16516.0,0.0,16159.0,0.0,79.01931554079056
drtp_img88_cacheonly_1024mb_200,200,100,11,1.0,100.0,dragonfly_style,95,5,60.71516647571307,111.62146428571417,112.62146428571415,8191.0,8325.0,16516.0,50.40566723177525,13460.0,1205.0,95.22464871406555
drtp_img88_cacheonly_1024mb_200,200,100,11,1.0,100.0,peersync_style,95,5,57.84904760949994,108.40353907785337,109.40353907785335,6690.0,9826.0,16516.0,59.493824170501334,13246.0,1205.0,169.99563574790955
drtp_img88_cacheonly_1024mb_200,200,100,11,1.0,100.0,metapipe_reactive_style,95,5,56.111917337218046,113.5008333333333,117.19666666666664,8604.0,7912.0,16516.0,47.905061758294984,14130.0,887.0,127.85512953996658
drtp_img88_cacheonly_1024mb_200,200,100,11,1.0,100.0,ilrsa_style,95,5,116.0428947368421,165.40750000000003,165.83249999999964,16516.0,0.0,16516.0,0.0,16084.0,0.0,150.89251846075058
drtp_img88_cacheonly_1024mb_200,200,100,11,2.0,10.0,registry,94,6,235.45744680851104,783.8000000000012,880.9000000000017,8809.0,0.0,8809.0,0.0,10142.0,0.0,68.31450015306473
drtp_img88_cacheonly_1024mb_200,200,100,11,2.0,10.0,dragonfly_style,94,6,95.2701094436001,377.9846428571428,389.09999999999997,3888.0,4921.0,8809.0,55.86332160290612,10639.0,0.0,79.7753855586052
drtp_img88_cacheonly_1024mb_200,200,100,11,2.0,10.0,peersync_style,94,6,88.83682719098273,331.5999999999995,334.2499999999996,3342.0,5467.0,8809.0,62.06152798274492,10105.0,0.0,130.4631531238556
drtp_img88_cacheonly_1024mb_200,200,100,11,2.0,10.0,metapipe_reactive_style,94,6,106.6099965009944,346.242729100529,437.11249999999995,4302.0,4507.0,8809.0,51.16358269951186,9599.0,0.0,101.71559453010559
drtp_img88_cacheonly_1024mb_200,200,100,11,2.0,10.0,ilrsa_style,94,6,306.7978723404258,879.3000000000004,880.9000000000008,8809.0,0.0,8809.0,0.0,9313.0,0.0,106.7425087094307
drtp_img88_cacheonly_1024mb_200,200,100,11,2.0,30.0,registry,94,6,78.48581560283672,261.266666666666,293.63333333333276,8809.0,0.0,8809.0,0.0,10142.0,0.0,67.87510961294174
drtp_img88_cacheonly_1024mb_200,200,100,11,2.0,30.0,dragonfly_style,94,6,33.9530348840482,124.75524801587315,141.90000000000006,4257.0,4552.0,8809.0,51.67442388466341,11067.0,0.0,80.56819438934326
drtp_img88_cacheonly_1024mb_200,200,100,11,2.0,30.0,peersync_style,94,6,31.177674560959154,110.88413359788363,115.28913359788363,3342.0,5467.0,8809.0,62.06152798274492,10335.0,0.0,129.5025274157524
drtp_img88_cacheonly_1024mb_200,200,100,11,2.0,30.0,metapipe_reactive_style,94,6,36.18208879320049,115.68566613756613,150.3125,4302.0,4507.0,8809.0,51.16358269951186,9157.0,0.0,103.50754112005234
drtp_img88_cacheonly_1024mb_200,200,100,11,2.0,30.0,ilrsa_style,94,6,102.26595744680846,293.1000000000003,293.63333333333406,8809.0,0.0,8809.0,0.0,9313.0,0.0,106.45635426044464
drtp_img88_cacheonly_1024mb_200,200,100,11,2.0,100.0,registry,94,6,23.55672872340423,78.37999999999997,88.96249999999995,8809.0,0.0,8809.0,0.0,10142.0,0.0,67.17133522033691
drtp_img88_cacheonly_1024mb_200,200,100,11,2.0,100.0,dragonfly_style,94,6,10.55607559101654,35.68244999999996,40.99642999999998,3867.0,4942.0,8809.0,56.10171415597684,10727.0,0.0,81.73869550228119
drtp_img88_cacheonly_1024mb_200,200,100,11,2.0,100.0,peersync_style,94,6,9.955056801615438,30.760597222222177,39.63806944444442,3342.0,5467.0,8809.0,62.06152798274492,10190.0,0.0,134.14064794778824
drtp_img88_cacheonly_1024mb_200,200,100,11,2.0,100.0,metapipe_reactive_style,94,6,11.442137687691448,37.68474273197279,46.652187416402114,3908.0,4901.0,8809.0,55.6362810761721,9447.0,0.0,105.7879701256752
drtp_img88_cacheonly_1024mb_200,200,100,11,2.0,100.0,ilrsa_style,94,6,30.7340691489362,88.7625000000001,88.96250000000015,8809.0,0.0,8809.0,0.0,9313.0,0.0,106.199249625206
drtp_img88_cacheonly_1024mb_200,200,100,12,0.5,10.0,registry,98,2,964.4428571428559,1607.899999999998,1662.799999999998,16628.0,0.0,16628.0,0.0,10027.0,6981.0,78.70863378047943
drtp_img88_cacheonly_1024mb_200,200,100,12,0.5,10.0,dragonfly_style,98,2,752.9718263585198,1347.3000000000006,1436.0000000000007,14360.0,2268.0,16628.0,13.639643974019727,9772.0,6981.0,92.47907996177673
drtp_img88_cacheonly_1024mb_200,200,100,12,0.5,10.0,peersync_style,98,2,724.6476284620998,1288.400000000001,1377.100000000001,13771.0,2857.0,16628.0,17.181861919653596,9843.0,6981.0,159.4344899058342
drtp_img88_cacheonly_1024mb_200,200,100,12,0.5,10.0,metapipe_reactive_style,98,2,665.2848956308712,1315.2,1403.9,14039.0,2589.0,16628.0,15.570122684628338,9838.0,6981.0,117.60218441486359
drtp_img88_cacheonly_1024mb_200,200,100,12,0.5,10.0,ilrsa_style,98,2,1179.8826530612241,1660.5999999999988,1662.7999999999968,16628.0,0.0,16628.0,0.0,9972.0,6981.0,149.10949021577835
drtp_img88_cacheonly_1024mb_200,200,100,12,0.5,30.0,registry,98,2,321.4809523809524,535.9666666666665,554.2666666666667,16628.0,0.0,16628.0,0.0,10027.0,6981.0,78.9232924580574
drtp_img88_cacheonly_1024mb_200,200,100,12,0.5,30.0,dragonfly_style,98,2,251.18124534337485,449.09999999999917,478.66666666666583,14360.0,2268.0,16628.0,13.639643974019727,9772.0,6981.0,92.59487688541412
drtp_img88_cacheonly_1024mb_200,200,100,12,0.5,30.0,peersync_style,98,2,241.83960975461605,429.46666666666636,459.033333333333,13771.0,2857.0,16628.0,17.181861919653596,9743.0,6981.0,159.180648624897
drtp_img88_cacheonly_1024mb_200,200,100,12,0.5,30.0,metapipe_reactive_style,98,2,222.98473172874762,438.40000000000003,467.9666666666667,14039.0,2589.0,16628.0,15.570122684628338,10010.0,6981.0,119.76193636655807
drtp_img88_cacheonly_1024mb_200,200,100,12,0.5,30.0,ilrsa_style,98,2,393.2942176870749,553.5333333333341,554.2666666666668,16628.0,0.0,16628.0,0.0,9972.0,6981.0,148.9727348089218
drtp_img88_cacheonly_1024mb_200,200,100,12,0.5,100.0,registry,98,2,96.45609693877536,160.7899999999998,167.43749999999983,16628.0,0.0,16628.0,0.0,10027.0,6981.0,78.68342101573944
drtp_img88_cacheonly_1024mb_200,200,100,12,0.5,100.0,dragonfly_style,98,2,77.00738312884674,143.31345238095244,158.09678571428577,14361.0,2267.0,16628.0,13.633630021650228,9773.0,6981.0,93.39483082294464
drtp_img88_cacheonly_1024mb_200,200,100,12,0.5,100.0,peersync_style,98,2,74.57244847377449,139.16206349206368,153.945396825397,13793.0,2835.0,16628.0,17.049554967524656,9610.0,6981.0,159.39345210790634
drtp_img88_cacheonly_1024mb_200,200,100,12,0.5,100.0,metapipe_reactive_style,98,2,68.15050927605607,140.18471670886294,154.96805004219627,14015.0,2613.0,16628.0,15.714457541496271,10010.0,6981.0,126.33070349693298
drtp_img88_cacheonly_1024mb_200,200,100,12,0.5,100.0,ilrsa_style,98,2,118.08915816326547,167.16250000000036,167.4375000000001,16628.0,0.0,16628.0,0.0,9972.0,6981.0,148.82682263851166
drtp_img88_cacheonly_1024mb_200,200,100,12,1.0,10.0,registry,98,2,848.589795918366,1655.5999999999979,1718.3999999999971,17184.0,0.0,17184.0,0.0,16887.0,0.0,82.37463980913162
drtp_img88_cacheonly_1024mb_200,200,100,12,1.0,10.0,dragonfly_style,98,2,426.6979974489797,662.9062023809528,691.0000000000007,6910.0,10274.0,17184.0,59.78817504655493,18440.0,0.0,109.34493690729141
drtp_img88_cacheonly_1024mb_200,200,100,12,1.0,10.0,peersync_style,98,2,377.8930232966204,574.6601851851849,581.3601851851847,5472.0,11712.0,17184.0,68.15642458100558,15988.0,371.0,202.23915576934814
drtp_img88_cacheonly_1024mb_200,200,100,12,1.0,10.0,metapipe_reactive_style,98,2,438.0587328378079,751.3690890873015,815.2833333333332,8005.0,9179.0,17184.0,53.41596834264432,16923.0,0.0,139.04863595962524
drtp_img88_cacheonly_1024mb_200,200,100,12,1.0,10.0,ilrsa_style,98,2,1188.5163265306123,1717.3999999999987,1718.3999999999978,17184.0,0.0,17184.0,0.0,16409.0,0.0,176.97440087795258
drtp_img88_cacheonly_1024mb_200,200,100,12,1.0,30.0,registry,98,2,282.86326530612234,551.8666666666671,572.8000000000002,17184.0,0.0,17184.0,0.0,16887.0,0.0,82.05123245716095
drtp_img88_cacheonly_1024mb_200,200,100,12,1.0,30.0,dragonfly_style,98,2,152.92092711035485,249.90577829629592,262.8724924761901,6910.0,10274.0,17184.0,59.78817504655493,17450.0,371.0,111.00182682275772
drtp_img88_cacheonly_1024mb_200,200,100,12,1.0,30.0,peersync_style,98,2,137.20059803611917,225.94148849206329,229.64148849206342,5472.0,11712.0,17184.0,68.15642458100558,15988.0,371.0,203.96243035793304
drtp_img88_cacheonly_1024mb_200,200,100,12,1.0,30.0,metapipe_reactive_style,98,2,146.39466104496358,241.38655784313985,265.68333333333334,7527.0,9657.0,17184.0,56.197625698324025,16793.0,0.0,142.64171570539474
drtp_img88_cacheonly_1024mb_200,200,100,12,1.0,30.0,ilrsa_style,98,2,396.1721088435378,572.4666666666682,572.8000000000012,17184.0,0.0,17184.0,0.0,16409.0,0.0,178.12806367874146
drtp_img88_cacheonly_1024mb_200,200,100,12,1.0,100.0,registry,98,2,84.97190476190464,165.5599999999996,176.0266666666664,17184.0,0.0,17184.0,0.0,16887.0,0.0,82.2751522064209
drtp_img88_cacheonly_1024mb_200,200,100,12,1.0,100.0,dragonfly_style,98,2,56.640600726838365,108.97452951851852,117.8137615238095,7111.0,10073.0,17184.0,58.618482309124765,16866.0,371.0,111.13213002681732
drtp_img88_cacheonly_1024mb_200,200,100,12,1.0,100.0,peersync_style,98,2,54.390137113972585,105.47554761904759,111.03334523809518,5921.0,11263.0,17184.0,65.5435288640596,15282.0,1258.0,199.52406734228134
drtp_img88_cacheonly_1024mb_200,200,100,12,1.0,100.0,metapipe_reactive_style,98,2,50.42282485690933,92.3095591366751,104.5476218759645,7525.0,9659.0,17184.0,56.2092644320298,16118.0,371.0,144.7710171341896
drtp_img88_cacheonly_1024mb_200,200,100,12,1.0,100.0,ilrsa_style,98,2,119.22727891156465,175.86000000000067,176.02666666666747,17184.0,0.0,17184.0,0.0,16409.0,0.0,176.59298330545425
drtp_img88_cacheonly_1024mb_200,200,100,12,2.0,10.0,registry,98,2,93.38163265306127,502.7,608.1000000000001,6081.0,0.0,6081.0,0.0,5567.0,0.0,54.75229024887085
drtp_img88_cacheonly_1024mb_200,200,100,12,2.0,10.0,dragonfly_style,98,2,44.7494776482021,218.2999999999998,237.9449999999997,2336.0,3745.0,6081.0,61.585265581318865,5780.0,0.0,62.88057565689087
drtp_img88_cacheonly_1024mb_200,200,100,12,2.0,10.0,peersync_style,98,2,41.22108479105924,194.89999999999964,213.29999999999953,1949.0,4132.0,6081.0,67.94935043578359,6434.0,0.0,121.71223014593124
drtp_img88_cacheonly_1024mb_200,200,100,12,2.0,10.0,metapipe_reactive_style,98,2,45.675495424360214,231.74071428571432,244.20000000000005,2442.0,3639.0,6081.0,59.84213122841638,5735.0,0.0,72.00783491134644
drtp_img88_cacheonly_1024mb_200,200,100,12,2.0,10.0,ilrsa_style,98,2,149.6438775510203,606.5999999999995,608.0999999999998,6081.0,0.0,6081.0,0.0,7400.0,0.0,82.13597536087036
drtp_img88_cacheonly_1024mb_200,200,100,12,2.0,30.0,registry,98,2,31.12721088435372,167.5666666666665,202.6999999999998,6081.0,0.0,6081.0,0.0,5567.0,0.0,54.916784167289734
drtp_img88_cacheonly_1024mb_200,200,100,12,2.0,30.0,dragonfly_style,98,2,15.551888969873666,75.10773809523813,91.26250000000005,2336.0,3745.0,6081.0,61.585265581318865,5783.0,0.0,63.634201884269714
drtp_img88_cacheonly_1024mb_200,200,100,12,2.0,30.0,peersync_style,98,2,14.392088192419829,66.13952380952388,83.36666666666675,1949.0,4132.0,6081.0,67.94935043578359,7262.0,0.0,119.9914738535881
drtp_img88_cacheonly_1024mb_200,200,100,12,2.0,30.0,metapipe_reactive_style,98,2,15.613046680973973,79.98027777777776,92.01078373015872,2442.0,3639.0,6081.0,59.84213122841638,5752.0,0.0,72.73475080728531
drtp_img88_cacheonly_1024mb_200,200,100,12,2.0,30.0,ilrsa_style,98,2,49.88129251700671,202.1999999999995,202.69999999999948,6081.0,0.0,6081.0,0.0,7400.0,0.0,82.45513588190079
drtp_img88_cacheonly_1024mb_200,200,100,12,2.0,100.0,registry,98,2,9.39066326530612,50.26999999999998,63.27500000000003,6081.0,0.0,6081.0,0.0,5567.0,0.0,54.74277585744858
drtp_img88_cacheonly_1024mb_200,200,100,12,2.0,100.0,dragonfly_style,98,2,5.244922396339489,23.47237103174603,39.137031250000014,2167.0,3914.0,6081.0,64.36441374773887,5626.0,0.0,65.33847004175186
drtp_img88_cacheonly_1024mb_200,200,100,12,2.0,100.0,peersync_style,98,2,5.089591674765144,22.51153174603172,38.011174603174595,1949.0,4132.0,6081.0,67.94935043578359,7706.0,0.0,115.78012257814407
drtp_img88_cacheonly_1024mb_200,200,100,12,2.0,100.0,metapipe_reactive_style,98,2,5.3165747272744515,26.313872635582015,40.271618857898716,2628.0,3453.0,6081.0,56.78342377898372,5713.0,0.0,72.3855122923851
drtp_img88_cacheonly_1024mb_200,200,100,12,2.0,100.0,ilrsa_style,98,2,15.088979591836733,63.08750000000004,63.275000000000084,6081.0,0.0,6081.0,0.0,7400.0,0.0,82.58179575204849
drtp_img88_cacheonly_1024mb_200,200,100,13,0.5,10.0,registry,96,4,996.3718749999995,1743.2999999999988,1772.9999999999984,17730.0,0.0,17730.0,0.0,11061.0,6428.0,85.05512028932571
drtp_img88_cacheonly_1024mb_200,200,100,13,0.5,10.0,dragonfly_style,96,4,802.8209865244703,1491.599999999999,1491.599999999999,14916.0,2814.0,17730.0,15.87140439932318,11329.0,6428.0,100.2950668334961
drtp_img88_cacheonly_1024mb_200,200,100,13,0.5,10.0,peersync_style,96,4,754.1559215649795,1440.3999999999992,1440.3999999999992,14404.0,3326.0,17730.0,18.759165256627185,11420.0,6428.0,160.63885390758514
drtp_img88_cacheonly_1024mb_200,200,100,13,0.5,10.0,metapipe_reactive_style,96,4,680.9273264826601,1399.7,1399.7,13997.0,3733.0,17730.0,21.05470953186689,11355.0,6428.0,133.04398208856583
drtp_img88_cacheonly_1024mb_200,200,100,13,0.5,10.0,ilrsa_style,96,4,1234.305208333333,1771.099999999999,1772.9999999999973,17730.0,0.0,17730.0,0.0,10995.0,6428.0,173.3720600605011
drtp_img88_cacheonly_1024mb_200,200,100,13,0.5,30.0,registry,96,4,332.1239583333335,581.0999999999989,590.9999999999987,17730.0,0.0,17730.0,0.0,11061.0,6428.0,84.80105549097061
drtp_img88_cacheonly_1024mb_200,200,100,13,0.5,30.0,dragonfly_style,96,4,267.5934582532337,497.20000000000084,497.20000000000084,14916.0,2814.0,17730.0,15.87140439932318,11329.0,6428.0,99.79479014873505
drtp_img88_cacheonly_1024mb_200,200,100,13,0.5,30.0,peersync_style,96,4,251.12696071704167,479.7000000000003,479.7000000000003,14391.0,3339.0,17730.0,18.83248730964467,11466.0,6428.0,161.1054688692093
drtp_img88_cacheonly_1024mb_200,200,100,13,0.5,30.0,metapipe_reactive_style,96,4,227.2761112048826,466.5666666666667,466.5666666666667,13997.0,3733.0,17730.0,21.05470953186689,11355.0,6428.0,134.03542339801788
drtp_img88_cacheonly_1024mb_200,200,100,13,0.5,30.0,ilrsa_style,96,4,411.43506944444425,590.3666666666661,590.9999999999989,17730.0,0.0,17730.0,0.0,10995.0,6428.0,172.82525449991226
drtp_img88_cacheonly_1024mb_200,200,100,13,0.5,100.0,registry,96,4,99.65278645833338,174.33000000000038,178.01250000000033,17730.0,0.0,17730.0,0.0,11061.0,6428.0,84.76398885250092
drtp_img88_cacheonly_1024mb_200,200,100,13,0.5,100.0,dragonfly_style,96,4,83.12650704778434,150.6049999999999,161.6924999999999,15196.0,2534.0,17730.0,14.292160180485054,11308.0,6428.0,100.70769488811493
drtp_img88_cacheonly_1024mb_200,200,100,13,0.5,100.0,peersync_style,96,4,74.1867385205394,144.64432451499115,155.73182451499116,14101.0,3629.0,17730.0,20.468133107727017,10705.0,6586.0,160.75950115919113
drtp_img88_cacheonly_1024mb_200,200,100,13,0.5,100.0,metapipe_reactive_style,96,4,70.27485631732198,154.046963965858,154.046963965858,13997.0,3733.0,17730.0,21.05470953186689,10961.0,6653.0,137.8321498632431
drtp_img88_cacheonly_1024mb_200,200,100,13,0.5,100.0,ilrsa_style,96,4,123.47958333333351,177.7750000000002,178.0125,17730.0,0.0,17730.0,0.0,10995.0,6428.0,172.9389950633049
drtp_img88_cacheonly_1024mb_200,200,100,13,1.0,10.0,registry,97,3,799.6443298969054,1566.7999999999954,1603.7999999999947,16038.0,0.0,16038.0,0.0,15605.0,0.0,89.55124020576477
drtp_img88_cacheonly_1024mb_200,200,100,13,1.0,10.0,dragonfly_style,97,3,433.4377973326792,653.0245000000003,758.0000000000008,7580.0,8458.0,16038.0,52.73724903354533,14966.0,553.0,106.57243430614471
drtp_img88_cacheonly_1024mb_200,200,100,13,1.0,10.0,peersync_style,97,3,427.5520349369991,651.2666666666676,694.4333333333344,6935.0,9103.0,16038.0,56.75894749968824,14457.0,553.0,197.35852628946304
drtp_img88_cacheonly_1024mb_200,200,100,13,1.0,10.0,metapipe_reactive_style,97,3,409.65387766232084,653.4498478835976,694.2199206349206,6866.0,9172.0,16038.0,57.189175707694226,13999.0,553.0,133.77714157104492
drtp_img88_cacheonly_1024mb_200,200,100,13,1.0,10.0,ilrsa_style,97,3,1037.807216494845,1601.9000000000005,1603.7999999999988,16038.0,0.0,16038.0,0.0,14874.0,0.0,188.28559666872025
drtp_img88_cacheonly_1024mb_200,200,100,13,1.0,30.0,registry,97,3,266.5481099656359,522.2666666666667,534.5999999999997,16038.0,0.0,16038.0,0.0,15605.0,0.0,89.66666460037231
drtp_img88_cacheonly_1024mb_200,200,100,13,1.0,30.0,dragonfly_style,97,3,151.5570925492964,235.95892361111112,242.16666666666663,7265.0,8773.0,16038.0,54.70133433096396,13938.0,1440.0,108.92286151647568
drtp_img88_cacheonly_1024mb_200,200,100,13,1.0,30.0,peersync_style,97,3,147.80941385070614,231.96556911375637,234.83223578042305,6935.0,9103.0,16038.0,56.75894749968824,14515.0,553.0,198.15921783447266
drtp_img88_cacheonly_1024mb_200,200,100,13,1.0,30.0,metapipe_reactive_style,97,3,140.51417406016463,237.65989735449736,238.83397936507936,6641.0,9397.0,16038.0,58.59209377727896,14065.0,553.0,134.9547728896141
drtp_img88_cacheonly_1024mb_200,200,100,13,1.0,30.0,ilrsa_style,97,3,345.93573883161537,533.9666666666686,534.6000000000014,16038.0,0.0,16038.0,0.0,14874.0,0.0,187.860369682312
drtp_img88_cacheonly_1024mb_200,200,100,13,1.0,100.0,registry,97,3,79.96536082474218,156.67999999999978,160.4699999999997,16038.0,0.0,16038.0,0.0,15605.0,0.0,89.48912471532822
drtp_img88_cacheonly_1024mb_200,200,100,13,1.0,100.0,dragonfly_style,97,3,51.15632195176268,93.86352248677235,98.82154717813034,7533.0,8505.0,16038.0,53.03030303030303,14424.0,553.0,106.89029097557068
drtp_img88_cacheonly_1024mb_200,200,100,13,1.0,100.0,peersync_style,97,3,50.15305326763513,92.75837698412701,97.4250436507937,6933.0,9105.0,16038.0,56.77141788252899,14564.0,553.0,194.58825141191483
drtp_img88_cacheonly_1024mb_200,200,100,13,1.0,100.0,metapipe_reactive_style,97,3,45.171567643487485,89.88735052186672,89.88735052186672,6880.0,9158.0,16038.0,57.10188302780895,14065.0,553.0,138.35503160953522
drtp_img88_cacheonly_1024mb_200,200,100,13,1.0,100.0,ilrsa_style,97,3,103.78389175257732,160.23250000000024,160.47000000000003,16038.0,0.0,16038.0,0.0,14874.0,0.0,187.70228326320648
drtp_img88_cacheonly_1024mb_200,200,100,13,2.0,10.0,registry,97,3,416.49793814432957,1042.0999999999983,1112.4999999999973,11125.0,0.0,11125.0,0.0,10669.0,0.0,81.82255923748016
drtp_img88_cacheonly_1024mb_200,200,100,13,2.0,10.0,dragonfly_style,97,3,132.85652043105324,328.83813161375656,360.29999999999995,3591.0,7534.0,11125.0,67.72134831460674,9493.0,0.0,99.81124848127365
drtp_img88_cacheonly_1024mb_200,200,100,13,2.0,10.0,peersync_style,97,3,129.22406932171495,313.56858333333315,326.1779861111109,3230.0,7895.0,11125.0,70.96629213483146,10417.0,0.0,183.41150879859924
drtp_img88_cacheonly_1024mb_200,200,100,13,2.0,10.0,metapipe_reactive_style,97,3,130.43571128906896,376.6720039682543,386.2064623015875,3742.0,7383.0,11125.0,66.36404494382022,9493.0,0.0,121.7021569609642
drtp_img88_cacheonly_1024mb_200,200,100,13,2.0,10.0,ilrsa_style,97,3,530.2742268041234,1111.6999999999975,1112.4999999999968,11125.0,0.0,11125.0,0.0,9211.0,0.0,140.0042027235031
drtp_img88_cacheonly_1024mb_200,200,100,13,2.0,30.0,registry,97,3,138.83264604811004,347.3666666666671,370.833333333334,11125.0,0.0,11125.0,0.0,10669.0,0.0,80.90044558048248
drtp_img88_cacheonly_1024mb_200,200,100,13,2.0,30.0,dragonfly_style,97,3,45.4350317051219,109.21144444444448,119.69999999999996,3591.0,7534.0,11125.0,67.72134831460674,9493.0,0.0,100.04742443561554
drtp_img88_cacheonly_1024mb_200,200,100,13,2.0,30.0,peersync_style,97,3,44.76001982081491,105.58333333333333,115.35000099206346,3230.0,7895.0,11125.0,70.96629213483146,10661.0,0.0,184.8905235528946
drtp_img88_cacheonly_1024mb_200,200,100,13,2.0,30.0,metapipe_reactive_style,97,3,45.99264226395025,127.3773693121693,135.9784943121693,3837.0,7288.0,11125.0,65.51011235955056,9531.0,0.0,121.9959706068039
drtp_img88_cacheonly_1024mb_200,200,100,13,2.0,30.0,ilrsa_style,97,3,176.7580756013748,370.56666666666774,370.8333333333346,11125.0,0.0,11125.0,0.0,9211.0,0.0,139.03071731328964
drtp_img88_cacheonly_1024mb_200,200,100,13,2.0,100.0,registry,97,3,41.69158075601371,104.20999999999994,114.51666666666655,11125.0,0.0,11125.0,0.0,10669.0,0.0,80.8383896946907
drtp_img88_cacheonly_1024mb_200,200,100,13,2.0,100.0,dragonfly_style,97,3,16.01084025004771,40.54917261111109,44.40472781944446,3499.0,7626.0,11125.0,68.54831460674157,9061.0,0.0,103.37809473276138
drtp_img88_cacheonly_1024mb_200,200,100,13,2.0,100.0,peersync_style,97,3,15.455240100369084,37.072668495370365,43.344304339506195,3230.0,7895.0,11125.0,70.96629213483146,10894.0,0.0,181.3434660434723
drtp_img88_cacheonly_1024mb_200,200,100,13,2.0,100.0,metapipe_reactive_style,97,3,16.039734372370106,50.85771319322721,54.60771319322721,3837.0,7288.0,11125.0,65.51011235955056,10133.0,0.0,127.63699889183044
drtp_img88_cacheonly_1024mb_200,200,100,13,2.0,100.0,ilrsa_style,97,3,53.352989690721635,114.3833333333333,114.51666666666662,11125.0,0.0,11125.0,0.0,9211.0,0.0,139.6414339542389
drtp_img88_cacheonly_1024mb_200,200,100,14,0.5,10.0,registry,95,5,900.2799999999994,1620.3999999999976,1637.3999999999976,16374.0,0.0,16374.0,0.0,10978.0,5541.0,94.12636607885361
drtp_img88_cacheonly_1024mb_200,200,100,14,0.5,10.0,dragonfly_style,95,5,727.5876850459476,1284.7999999999984,1373.4999999999984,13735.0,2639.0,16374.0,16.11701477952852,11031.0,5541.0,108.2848459482193
drtp_img88_cacheonly_1024mb_200,200,100,14,0.5,10.0,peersync_style,95,5,674.8525031328321,1164.5999999999995,1253.2999999999995,12533.0,3841.0,16374.0,23.45792109441798,10499.0,5541.0,160.89920699596405
drtp_img88_cacheonly_1024mb_200,200,100,14,0.5,10.0,metapipe_reactive_style,95,5,624.4297682139373,1193.8999999999999,1282.6,12826.0,3548.0,16374.0,21.668498839623794,10594.0,5541.0,146.67704701423645
drtp_img88_cacheonly_1024mb_200,200,100,14,0.5,10.0,ilrsa_style,95,5,1221.066315789472,1636.8999999999965,1637.399999999996,16374.0,0.0,16374.0,0.0,10822.0,5541.0,191.21883064508438
drtp_img88_cacheonly_1024mb_200,200,100,14,0.5,30.0,registry,95,5,300.09333333333353,540.1333333333338,545.8000000000006,16374.0,0.0,16374.0,0.0,10978.0,5541.0,93.7008485198021
drtp_img88_cacheonly_1024mb_200,200,100,14,0.5,30.0,dragonfly_style,95,5,244.0887312030077,432.0000000000008,461.56666666666746,13847.0,2527.0,16374.0,15.43300354220105,11143.0,5541.0,108.56654495000839
drtp_img88_cacheonly_1024mb_200,200,100,14,0.5,30.0,peersync_style,95,5,224.87244966583143,388.16666666666663,417.7333333333333,12532.0,3842.0,16374.0,23.464028337608404,10297.0,5743.0,161.20975464582443
drtp_img88_cacheonly_1024mb_200,200,100,14,0.5,30.0,metapipe_reactive_style,95,5,207.3905320526018,396.7666666666666,426.33333333333326,12790.0,3584.0,16374.0,21.888359594479052,10594.0,5541.0,147.17213809490204
drtp_img88_cacheonly_1024mb_200,200,100,14,0.5,30.0,ilrsa_style,95,5,407.0221052631572,545.6333333333325,545.799999999999,16374.0,0.0,16374.0,0.0,10822.0,5541.0,190.7140612602234
drtp_img88_cacheonly_1024mb_200,200,100,14,0.5,100.0,registry,95,5,90.03184210526304,162.04000000000002,164.10500000000005,16374.0,0.0,16374.0,0.0,10978.0,5541.0,94.05963122844696
drtp_img88_cacheonly_1024mb_200,200,100,14,0.5,100.0,dragonfly_style,95,5,72.80287942912827,134.96447813051145,146.05197813051146,13631.0,2743.0,16374.0,16.7521680713326,11040.0,5541.0,110.35733669996262
drtp_img88_cacheonly_1024mb_200,200,100,14,0.5,100.0,peersync_style,95,5,70.83341903240239,140.4591666666665,140.4591666666665,13017.0,3357.0,16374.0,20.50201539025284,10733.0,5541.0,164.0186682343483
drtp_img88_cacheonly_1024mb_200,200,100,14,0.5,100.0,metapipe_reactive_style,95,5,64.74983768601544,142.01761090528274,142.01761090528274,13125.0,3249.0,16374.0,19.842433125687066,10601.0,5541.0,153.22324633598328
drtp_img88_cacheonly_1024mb_200,200,100,14,0.5,100.0,ilrsa_style,95,5,122.12860526315808,164.04250000000053,164.10500000000047,16374.0,0.0,16374.0,0.0,10822.0,5541.0,191.1015510559082
drtp_img88_cacheonly_1024mb_200,200,100,14,1.0,10.0,registry,95,5,743.7936842105264,1555.8999999999999,1621.9999999999995,16220.0,0.0,16220.0,0.0,15441.0,0.0,96.00183367729187
drtp_img88_cacheonly_1024mb_200,200,100,14,1.0,10.0,dragonfly_style,95,5,348.3953782581456,620.4468432539691,716.6000000000009,7166.0,9054.0,16220.0,55.81997533908755,14612.0,0.0,115.91994762420654
drtp_img88_cacheonly_1024mb_200,200,100,14,1.0,10.0,peersync_style,95,5,305.61127497911446,568.640097222223,597.7000000000012,5970.0,10250.0,16220.0,63.19358816276202,14260.0,0.0,186.57205998897552
drtp_img88_cacheonly_1024mb_200,200,100,14,1.0,10.0,metapipe_reactive_style,95,5,342.09900474481515,656.3620397376545,677.4875000000002,6664.0,9556.0,16220.0,58.91491985203452,14494.0,0.0,156.80429339408875
drtp_img88_cacheonly_1024mb_200,200,100,14,1.0,10.0,ilrsa_style,95,5,1130.305263157894,1621.3999999999974,1621.9999999999968,16220.0,0.0,16220.0,0.0,15164.0,0.0,203.9635255932808
drtp_img88_cacheonly_1024mb_200,200,100,14,1.0,30.0,registry,95,5,247.931228070176,518.6333333333345,540.6666666666678,16220.0,0.0,16220.0,0.0,15441.0,0.0,95.51094472408295
drtp_img88_cacheonly_1024mb_200,200,100,14,1.0,30.0,dragonfly_style,95,5,124.4047373475355,236.79681038359772,244.59999999999982,7338.0,8882.0,16220.0,54.75955610357583,14975.0,0.0,146.56834304332733
drtp_img88_cacheonly_1024mb_200,200,100,14,1.0,30.0,peersync_style,95,5,109.77584878863811,235.44333333333293,235.44333333333293,6265.0,9955.0,16220.0,61.37484586929716,13572.0,887.0,190.1274099946022
drtp_img88_cacheonly_1024mb_200,200,100,14,1.0,30.0,metapipe_reactive_style,95,5,117.37943385462104,220.59494531893006,233.22083333333333,6664.0,9556.0,16220.0,58.91491985203452,14494.0,0.0,158.4230437874794
drtp_img88_cacheonly_1024mb_200,200,100,14,1.0,30.0,ilrsa_style,95,5,376.7684210526316,540.4666666666674,540.6666666666672,16220.0,0.0,16220.0,0.0,15164.0,0.0,204.0962427854538
drtp_img88_cacheonly_1024mb_200,200,100,14,1.0,100.0,registry,95,5,74.39381578947345,155.58999999999932,163.38249999999934,16220.0,0.0,16220.0,0.0,15441.0,0.0,95.28867155313492
drtp_img88_cacheonly_1024mb_200,200,100,14,1.0,100.0,dragonfly_style,95,5,43.01244603581171,89.03995937389759,94.0024593738976,8178.0,8042.0,16220.0,49.580764488286064,15125.0,0.0,119.64277923107147
drtp_img88_cacheonly_1024mb_200,200,100,14,1.0,100.0,peersync_style,95,5,39.69280763253815,83.57245745422094,89.13128407037266,6135.0,10085.0,16220.0,62.17632552404439,14818.0,0.0,190.63179939985275
drtp_img88_cacheonly_1024mb_200,200,100,14,1.0,100.0,metapipe_reactive_style,95,5,38.60661315387996,83.39836553580022,93.5899977749026,6552.0,9668.0,16220.0,59.605425400739826,14477.0,0.0,162.39629685878754
drtp_img88_cacheonly_1024mb_200,200,100,14,1.0,100.0,ilrsa_style,95,5,113.11321052631583,163.3075000000001,163.38250000000002,16220.0,0.0,16220.0,0.0,15164.0,0.0,204.09802347421646
drtp_img88_cacheonly_1024mb_200,200,100,14,2.0,10.0,registry,95,5,119.71263157894745,531.2,606.8000000000002,6068.0,0.0,6068.0,0.0,7198.0,0.0,57.19926953315735
drtp_img88_cacheonly_1024mb_200,200,100,14,2.0,10.0,dragonfly_style,95,5,46.483929114452806,211.8459444444445,219.44999999999996,2135.0,3933.0,6068.0,64.81542518127884,7767.0,0.0,69.71427798271179
drtp_img88_cacheonly_1024mb_200,200,100,14,2.0,10.0,peersync_style,95,5,46.483929114452806,211.8459444444445,219.44999999999996,2135.0,3933.0,6068.0,64.81542518127884,7179.0,0.0,113.32686245441437
drtp_img88_cacheonly_1024mb_200,200,100,14,2.0,10.0,metapipe_reactive_style,95,5,55.94880263157895,244.39608134920638,280.3,2803.0,3265.0,6068.0,53.80685563612393,7161.0,0.0,77.09243893623352
drtp_img88_cacheonly_1024mb_200,200,100,14,2.0,10.0,ilrsa_style,95,5,161.72631578947383,569.400000000001,606.8000000000015,6068.0,0.0,6068.0,0.0,7306.0,0.0,94.06478703022003
drtp_img88_cacheonly_1024mb_200,200,100,14,2.0,30.0,registry,95,5,39.904210526315765,177.06666666666646,202.26666666666645,6068.0,0.0,6068.0,0.0,7198.0,0.0,56.85591697692871
drtp_img88_cacheonly_1024mb_200,200,100,14,2.0,30.0,dragonfly_style,95,5,16.051272417154006,71.08672552910059,77.11666666666676,2135.0,3933.0,6068.0,64.81542518127884,7767.0,0.0,70.30000537633896
drtp_img88_cacheonly_1024mb_200,200,100,14,2.0,30.0,peersync_style,95,5,16.051272417154006,71.08672552910059,77.11666666666676,2135.0,3933.0,6068.0,64.81542518127884,6473.0,0.0,114.83488976955414
drtp_img88_cacheonly_1024mb_200,200,100,14,2.0,30.0,metapipe_reactive_style,95,5,18.975162802840437,81.88669642857141,93.43333333333331,2803.0,3265.0,6068.0,53.80685563612393,7161.0,0.0,77.0711824297905
drtp_img88_cacheonly_1024mb_200,200,100,14,2.0,30.0,ilrsa_style,95,5,53.90877192982448,189.79999999999953,202.26666666666617,6068.0,0.0,6068.0,0.0,7306.0,0.0,94.2087471485138
drtp_img88_cacheonly_1024mb_200,200,100,14,2.0,100.0,registry,95,5,11.99736842105262,53.11999999999993,63.15999999999995,6068.0,0.0,6068.0,0.0,7198.0,0.0,56.60196393728256
drtp_img88_cacheonly_1024mb_200,200,100,14,2.0,100.0,dragonfly_style,95,5,5.42553732038429,21.569633234126957,34.15577817460314,2135.0,3933.0,6068.0,64.81542518127884,6908.0,0.0,73.410265147686
drtp_img88_cacheonly_1024mb_200,200,100,14,2.0,100.0,peersync_style,95,5,5.42553732038429,21.569633234126957,34.15577817460314,2135.0,3933.0,6068.0,64.81542518127884,6322.0,0.0,114.65930193662643
drtp_img88_cacheonly_1024mb_200,200,100,14,2.0,100.0,metapipe_reactive_style,95,5,5.863263147724967,22.900118774530636,37.14157696482836,2603.0,3465.0,6068.0,57.10283454185893,7053.0,0.0,80.97801357507706
drtp_img88_cacheonly_1024mb_200,200,100,14,2.0,100.0,ilrsa_style,95,5,16.250315789473678,56.94000000000003,63.16000000000001,6068.0,0.0,6068.0,0.0,7306.0,0.0,94.54243630170822
drtp_img88_cacheonly_1024mb_200,200,100,15,0.5,10.0,registry,94,6,1017.3691489361681,1755.9999999999977,1805.2999999999981,18053.0,0.0,18053.0,0.0,11829.0,6428.0,101.25322639942169
drtp_img88_cacheonly_1024mb_200,200,100,15,0.5,10.0,dragonfly_style,94,6,747.8890285165497,1463.4000000000021,1463.4000000000021,14634.0,3419.0,18053.0,18.938680551708856,12061.0,6428.0,126.01402401924133
drtp_img88_cacheonly_1024mb_200,200,100,15,0.5,10.0,peersync_style,94,6,707.8415221842291,1397.9000000000015,1397.9000000000015,13979.0,4074.0,18053.0,22.566886390073673,12123.0,6428.0,201.85156166553497
drtp_img88_cacheonly_1024mb_200,200,100,15,0.5,10.0,metapipe_reactive_style,94,6,706.1782239699427,1410.4000000000003,1410.4000000000003,14104.0,3949.0,18053.0,21.874480695729243,11934.0,6428.0,176.04422569274902
drtp_img88_cacheonly_1024mb_200,200,100,15,0.5,10.0,ilrsa_style,94,6,1314.7659574468087,1803.700000000001,1805.2999999999995,18053.0,0.0,18053.0,0.0,11731.0,6428.0,224.66765344142914
drtp_img88_cacheonly_1024mb_200,200,100,15,0.5,30.0,registry,94,6,339.1230496453901,585.3333333333329,601.7666666666667,18053.0,0.0,18053.0,0.0,11829.0,6428.0,100.70360451936722
drtp_img88_cacheonly_1024mb_200,200,100,15,0.5,30.0,dragonfly_style,94,6,250.4000489699423,488.6999999999993,488.6999999999993,14661.0,3392.0,18053.0,18.78912092173046,12061.0,6428.0,127.09341943264008
drtp_img88_cacheonly_1024mb_200,200,100,15,0.5,30.0,peersync_style,94,6,236.392485013509,465.9666666666664,465.9666666666664,13979.0,4074.0,18053.0,22.566886390073673,12062.0,6428.0,201.2452706694603
drtp_img88_cacheonly_1024mb_200,200,100,15,0.5,30.0,metapipe_reactive_style,94,6,235.61723388462516,470.13333333333344,470.13333333333344,14104.0,3949.0,18053.0,21.874480695729243,11934.0,6428.0,177.40019410848618
drtp_img88_cacheonly_1024mb_200,200,100,15,0.5,30.0,ilrsa_style,94,6,438.25531914893554,601.2333333333323,601.7666666666652,18053.0,0.0,18053.0,0.0,11731.0,6428.0,225.30940175056458
drtp_img88_cacheonly_1024mb_200,200,100,15,0.5,100.0,registry,94,6,101.75088652482253,175.59999999999968,181.84333333333316,18053.0,0.0,18053.0,0.0,11829.0,6428.0,101.56471282243729
drtp_img88_cacheonly_1024mb_200,200,100,15,0.5,100.0,dragonfly_style,94,6,77.05861915172451,160.3483333333334,160.3483333333334,14706.0,3347.0,18053.0,18.539854871766465,12038.0,6428.0,128.46165150403976
drtp_img88_cacheonly_1024mb_200,200,100,15,0.5,100.0,peersync_style,94,6,73.2003849360151,154.2240277777778,154.2240277777778,14028.0,4025.0,18053.0,22.295463357890654,12071.0,6428.0,203.92914861440659
drtp_img88_cacheonly_1024mb_200,200,100,15,0.5,100.0,metapipe_reactive_style,94,6,74.1931627360094,158.3783333333333,158.3783333333333,14485.0,3568.0,18053.0,19.76402813936742,11978.0,6628.0,181.81569129228592
drtp_img88_cacheonly_1024mb_200,200,100,15,0.5,100.0,ilrsa_style,94,6,131.56702127659577,181.57666666666722,181.8433333333341,18053.0,0.0,18053.0,0.0,11731.0,6428.0,224.7067466378212
drtp_img88_cacheonly_1024mb_200,200,100,15,1.0,10.0,registry,94,6,887.394680851063,1596.0999999999985,1644.499999999999,16445.0,0.0,16445.0,0.0,16438.0,0.0,81.62380009889603
drtp_img88_cacheonly_1024mb_200,200,100,15,1.0,10.0,dragonfly_style,94,6,488.0596823286054,831.2562499999995,838.9749999999997,8351.0,8094.0,16445.0,49.21860747947704,16033.0,0.0,101.75418853759766
drtp_img88_cacheonly_1024mb_200,200,100,15,1.0,10.0,peersync_style,94,6,450.4819699109259,626.2602420634931,641.4307728174614,6251.0,10194.0,16445.0,61.988446336272425,15417.0,1074.0,179.2135387659073
drtp_img88_cacheonly_1024mb_200,200,100,15,1.0,10.0,metapipe_reactive_style,94,6,436.3010188483268,679.11373015873,733.9999999999999,7340.0,9105.0,16445.0,55.366372757677105,15652.0,753.0,133.52178037166595
drtp_img88_cacheonly_1024mb_200,200,100,15,1.0,10.0,ilrsa_style,94,6,1136.010638297872,1644.000000000001,1644.5000000000005,16445.0,0.0,16445.0,0.0,15598.0,0.0,174.01573061943054
drtp_img88_cacheonly_1024mb_200,200,100,15,1.0,30.0,registry,94,6,295.7982269503546,532.0333333333343,548.1666666666684,16445.0,0.0,16445.0,0.0,16438.0,0.0,81.43848180770874
drtp_img88_cacheonly_1024mb_200,200,100,15,1.0,30.0,dragonfly_style,94,6,165.3500042215467,249.84166666666655,268.00833333333316,7981.0,8464.0,16445.0,51.46853146853147,14309.0,1258.0,102.53510624170303
drtp_img88_cacheonly_1024mb_200,200,100,15,1.0,30.0,peersync_style,94,6,157.61706462660388,235.78723958333313,248.2664062499998,6432.0,10013.0,16445.0,60.887807844329586,15015.0,1074.0,176.9849881529808
drtp_img88_cacheonly_1024mb_200,200,100,15,1.0,30.0,metapipe_reactive_style,94,6,157.99476943177976,260.80752037037047,263.7950203703705,6932.0,9513.0,16445.0,57.84737002128306,15399.0,1074.0,135.22066920995712
drtp_img88_cacheonly_1024mb_200,200,100,15,1.0,30.0,ilrsa_style,94,6,378.6702127659577,548.0000000000013,548.1666666666678,16445.0,0.0,16445.0,0.0,15598.0,0.0,173.94153773784637
drtp_img88_cacheonly_1024mb_200,200,100,15,1.0,100.0,registry,94,6,88.74382978723399,159.61000000000004,164.8600000000002,16445.0,0.0,16445.0,0.0,16438.0,0.0,81.61947131156921
drtp_img88_cacheonly_1024mb_200,200,100,15,1.0,100.0,dragonfly_style,94,6,56.147422797290666,101.26374537037032,107.90802199074069,7870.0,8575.0,16445.0,52.14350866524779,15592.0,1074.0,106.55682533979416
drtp_img88_cacheonly_1024mb_200,200,100,15,1.0,100.0,peersync_style,94,6,55.34311581579042,100.60907060185184,106.67157060185185,6387.0,10058.0,16445.0,61.16144724840377,14603.0,1961.0,177.6954084634781
drtp_img88_cacheonly_1024mb_200,200,100,15,1.0,100.0,metapipe_reactive_style,94,6,51.68398379667426,91.08504648858757,102.03665353683255,6932.0,9513.0,16445.0,57.84737002128306,14525.0,1074.0,139.76719975471497
drtp_img88_cacheonly_1024mb_200,200,100,15,1.0,100.0,ilrsa_style,94,6,113.62640957446798,164.79749999999999,164.85999999999993,16445.0,0.0,16445.0,0.0,15598.0,0.0,173.88474196195602
drtp_img88_cacheonly_1024mb_200,200,100,15,2.0,10.0,registry,93,7,244.8602150537636,779.8000000000008,807.300000000001,8073.0,0.0,8073.0,0.0,7728.0,0.0,61.58817559480667
drtp_img88_cacheonly_1024mb_200,200,100,15,2.0,10.0,dragonfly_style,93,7,48.1561137992832,218.5333333333335,259.58750000000026,2579.0,5494.0,8073.0,68.05400718444197,7750.0,0.0,70.37133723497391
drtp_img88_cacheonly_1024mb_200,200,100,15,2.0,10.0,peersync_style,93,7,47.200199820788555,218.5333333333335,237.36250000000004,2325.0,5748.0,8073.0,71.2002972872538,7719.0,0.0,118.62675100564957
drtp_img88_cacheonly_1024mb_200,200,100,15,2.0,10.0,metapipe_reactive_style,93,7,64.11330064857485,228.2,265.3,2653.0,5420.0,8073.0,67.13737148519758,8361.0,0.0,89.31756764650345
drtp_img88_cacheonly_1024mb_200,200,100,15,2.0,10.0,ilrsa_style,93,7,312.0010752688172,803.9999999999997,807.3000000000004,8073.0,0.0,8073.0,0.0,7425.0,0.0,94.68632936477661
drtp_img88_cacheonly_1024mb_200,200,100,15,2.0,30.0,registry,93,7,81.62007168458773,259.93333333333277,269.0999999999995,8073.0,0.0,8073.0,0.0,7728.0,0.0,61.05995923280716
drtp_img88_cacheonly_1024mb_200,200,100,15,2.0,30.0,dragonfly_style,93,7,19.65916218637994,82.0875000000001,91.30000000000007,2688.0,5385.0,8073.0,66.70382757339279,7752.0,0.0,72.03482836484909
drtp_img88_cacheonly_1024mb_200,200,100,15,2.0,30.0,peersync_style,93,7,18.178310931899638,76.52916666666667,82.36249999999998,2325.0,5748.0,8073.0,71.2002972872538,7707.0,0.0,113.6261373758316
drtp_img88_cacheonly_1024mb_200,200,100,15,2.0,30.0,metapipe_reactive_style,93,7,24.307136467400582,81.03086111111114,88.43333333333335,2653.0,5420.0,8073.0,67.13737148519758,8430.0,0.0,89.39317613840103
drtp_img88_cacheonly_1024mb_200,200,100,15,2.0,30.0,ilrsa_style,93,7,104.00035842293887,267.99999999999943,269.10000000000025,8073.0,0.0,8073.0,0.0,7425.0,0.0,94.27846968173981
drtp_img88_cacheonly_1024mb_200,200,100,15,2.0,100.0,registry,93,7,24.49196236559141,77.98000000000008,81.28250000000008,8073.0,0.0,8073.0,0.0,7728.0,0.0,61.41108274459839
drtp_img88_cacheonly_1024mb_200,200,100,15,2.0,100.0,dragonfly_style,93,7,7.740003808243724,26.79868055555554,30.537638888888857,2695.0,5378.0,8073.0,66.61711879103183,7844.0,0.0,76.20814442634583
drtp_img88_cacheonly_1024mb_200,200,100,15,2.0,100.0,peersync_style,93,7,7.205704075401559,23.315969135802437,28.54414197530859,2325.0,5748.0,8073.0,71.2002972872538,8571.0,0.0,129.15194779634476
drtp_img88_cacheonly_1024mb_200,200,100,15,2.0,100.0,metapipe_reactive_style,93,7,8.838658909618626,34.13550473333333,34.13550473333333,2653.0,5420.0,8073.0,67.13737148519758,7541.0,0.0,93.31830590963364
drtp_img88_cacheonly_1024mb_200,200,100,15,2.0,100.0,ilrsa_style,93,7,31.228682795698933,80.87000000000006,81.28250000000016,8073.0,0.0,8073.0,0.0,7425.0,0.0,94.98267620801926
drtp_img88_cacheonly_1024mb_200,200,100,16,0.5,10.0,registry,94,6,961.697872340424,1699.8999999999974,1724.499999999997,17245.0,0.0,17245.0,0.0,10007.0,7315.0,77.47866958379745
drtp_img88_cacheonly_1024mb_200,200,100,16,0.5,10.0,dragonfly_style,94,6,738.4456063196561,1452.5000000000011,1452.5000000000011,14525.0,2720.0,17245.0,15.772687735575529,9977.0,7315.0,96.63095325231552
drtp_img88_cacheonly_1024mb_200,200,100,16,0.5,10.0,peersync_style,94,6,696.1724537740635,1364.1000000000022,1364.1000000000022,13641.0,3604.0,17245.0,20.898811249637575,10117.0,7315.0,157.5855389237404
drtp_img88_cacheonly_1024mb_200,200,100,16,0.5,10.0,metapipe_reactive_style,94,6,695.0360398218507,1497.8000000000002,1497.8000000000002,14978.0,2267.0,17245.0,13.145839373731516,10457.0,7315.0,126.56449526548386
drtp_img88_cacheonly_1024mb_200,200,100,16,0.5,10.0,ilrsa_style,94,6,1148.9861702127664,1721.900000000001,1724.4999999999986,17245.0,0.0,17245.0,0.0,10055.0,7315.0,158.6056649684906
drtp_img88_cacheonly_1024mb_200,200,100,16,0.5,30.0,registry,94,6,320.56595744680845,566.6333333333336,574.8333333333339,17245.0,0.0,17245.0,0.0,10007.0,7315.0,77.45064795017242
drtp_img88_cacheonly_1024mb_200,200,100,16,0.5,30.0,dragonfly_style,94,6,246.28551207362378,484.16666666666674,484.16666666666674,14525.0,2720.0,17245.0,15.772687735575529,9977.0,7315.0,96.50774300098419
drtp_img88_cacheonly_1024mb_200,200,100,16,0.5,30.0,peersync_style,94,6,232.21443161094209,454.69999999999936,454.69999999999936,13641.0,3604.0,17245.0,20.898811249637575,9986.0,7315.0,158.14639627933502
drtp_img88_cacheonly_1024mb_200,200,100,16,0.5,30.0,metapipe_reactive_style,94,6,232.52801400118196,500.0,500.0,15000.0,2245.0,17245.0,13.018266164105539,10457.0,7315.0,128.53434681892395
drtp_img88_cacheonly_1024mb_200,200,100,16,0.5,30.0,ilrsa_style,94,6,382.9953900709222,573.9666666666687,574.8333333333346,17245.0,0.0,17245.0,0.0,10055.0,7315.0,158.6197465658188
drtp_img88_cacheonly_1024mb_200,200,100,16,0.5,100.0,registry,94,6,96.17163120567366,169.99,172.6233333333335,17245.0,0.0,17245.0,0.0,10007.0,7315.0,77.05973088741302
drtp_img88_cacheonly_1024mb_200,200,100,16,0.5,100.0,dragonfly_style,94,6,77.32089899597555,166.56659259259283,166.56659259259283,14502.0,2743.0,17245.0,15.906059727457235,9950.0,7315.0,96.9928428530693
drtp_img88_cacheonly_1024mb_200,200,100,16,0.5,100.0,peersync_style,94,6,73.74091601389047,159.1624948559672,159.1624948559672,13641.0,3604.0,17245.0,20.898811249637575,9709.0,7709.0,160.6864109635353
drtp_img88_cacheonly_1024mb_200,200,100,16,0.5,100.0,metapipe_reactive_style,94,6,71.56138257664747,167.49933707093254,167.49933707093254,14949.0,2296.0,17245.0,13.31400405914758,10576.0,7315.0,131.6092610359192
drtp_img88_cacheonly_1024mb_200,200,100,16,0.5,100.0,ilrsa_style,94,6,114.90507092198594,172.19000000000037,172.62333333333405,17245.0,0.0,17245.0,0.0,10055.0,7315.0,159.7830355167389
drtp_img88_cacheonly_1024mb_200,200,100,16,1.0,10.0,registry,94,6,794.0914893617017,1446.1,1503.099999999999,15031.0,0.0,15031.0,0.0,14223.0,0.0,80.57710528373718
drtp_img88_cacheonly_1024mb_200,200,100,16,1.0,10.0,dragonfly_style,94,6,465.4642316784869,701.9896825396833,769.0000000000009,7690.0,7341.0,15031.0,48.839065930410484,12730.0,887.0,99.84438121318817
drtp_img88_cacheonly_1024mb_200,200,100,16,1.0,10.0,peersync_style,94,6,401.5002338736918,565.2700000000009,577.7063095238103,5661.0,9370.0,15031.0,62.3378351407092,12357.0,753.0,184.47528779506683
drtp_img88_cacheonly_1024mb_200,200,100,16,1.0,10.0,metapipe_reactive_style,94,6,397.6416817656245,613.4602860234315,694.5000000000001,6945.0,8086.0,15031.0,53.79548932206772,13887.0,0.0,136.865496635437
drtp_img88_cacheonly_1024mb_200,200,100,16,1.0,10.0,ilrsa_style,94,6,913.2021276595744,1500.5999999999995,1503.0999999999976,15031.0,0.0,15031.0,0.0,14326.0,0.0,168.4907078742981
drtp_img88_cacheonly_1024mb_200,200,100,16,1.0,30.0,registry,94,6,264.6971631205674,482.03333333333376,501.03333333333404,15031.0,0.0,15031.0,0.0,14223.0,0.0,79.3939158320427
drtp_img88_cacheonly_1024mb_200,200,100,16,1.0,30.0,dragonfly_style,94,6,163.31002863615888,241.4999338624336,256.7666666666664,7703.0,7328.0,15031.0,48.75257800545539,12887.0,753.0,104.1041687130928
drtp_img88_cacheonly_1024mb_200,200,100,16,1.0,30.0,peersync_style,94,6,141.68054848446465,214.9076504629627,221.70516203703676,5689.0,9342.0,15031.0,62.15155345619054,13214.0,753.0,184.86642837524414
drtp_img88_cacheonly_1024mb_200,200,100,16,1.0,30.0,metapipe_reactive_style,94,6,141.64197068253037,222.3748916997355,234.4333333333334,7033.0,7998.0,15031.0,53.21003259929479,12996.0,527.0,138.3923962712288
drtp_img88_cacheonly_1024mb_200,200,100,16,1.0,30.0,ilrsa_style,94,6,304.4007092198586,500.20000000000135,501.03333333333524,15031.0,0.0,15031.0,0.0,14326.0,0.0,167.59778559207916
drtp_img88_cacheonly_1024mb_200,200,100,16,1.0,100.0,registry,94,6,79.42581560283678,144.60999999999973,151.87666666666667,15031.0,0.0,15031.0,0.0,14223.0,0.0,78.92576605081558
drtp_img88_cacheonly_1024mb_200,200,100,16,1.0,100.0,dragonfly_style,94,6,59.040049552691976,102.73011355820118,109.98575343915353,7729.0,7302.0,15031.0,48.57960215554521,13794.0,753.0,103.05602848529816
drtp_img88_cacheonly_1024mb_200,200,100,16,1.0,100.0,peersync_style,94,6,52.79155577259334,94.2653561135914,101.71743574239429,5738.0,9293.0,15031.0,61.825560508282884,13024.0,753.0,181.29508197307587
drtp_img88_cacheonly_1024mb_200,200,100,16,1.0,100.0,metapipe_reactive_style,94,6,48.28913646095255,89.15828396791414,101.55787164620871,7022.0,8009.0,15031.0,53.283214689641405,13043.0,527.0,142.81640946865082
drtp_img88_cacheonly_1024mb_200,200,100,16,1.0,100.0,ilrsa_style,94,6,91.44418439716311,151.46000000000038,151.87666666666732,15031.0,0.0,15031.0,0.0,14326.0,0.0,168.10523718595505
drtp_img88_cacheonly_1024mb_200,200,100,16,2.0,10.0,registry,95,5,252.63263157894747,745.3000000000003,790.800000000001,7908.0,0.0,7908.0,0.0,7996.0,0.0,59.13025140762329
drtp_img88_cacheonly_1024mb_200,200,100,16,2.0,10.0,dragonfly_style,95,5,42.9361837231969,236.01500000000016,241.10000000000016,2411.0,5497.0,7908.0,69.51188669701568,7474.0,0.0,67.54890829324722
drtp_img88_cacheonly_1024mb_200,200,100,16,2.0,10.0,peersync_style,95,5,39.83042324074077,206.25000000000026,213.01250000000024,2061.0,5847.0,7908.0,73.93778452200303,9844.0,0.0,121.33162468671799
drtp_img88_cacheonly_1024mb_200,200,100,16,2.0,10.0,metapipe_reactive_style,95,5,53.926360862573105,263.9523513888889,268.80000000000007,2688.0,5220.0,7908.0,66.00910470409711,6833.0,0.0,80.15435189008713
drtp_img88_cacheonly_1024mb_200,200,100,16,2.0,10.0,ilrsa_style,95,5,283.78105263157914,786.6000000000005,790.8000000000006,7908.0,0.0,7908.0,0.0,7910.0,0.0,78.38733494281769
drtp_img88_cacheonly_1024mb_200,200,100,16,2.0,30.0,registry,95,5,84.21087719298234,248.4333333333329,263.5999999999995,7908.0,0.0,7908.0,0.0,7996.0,0.0,58.326609432697296
drtp_img88_cacheonly_1024mb_200,200,100,16,2.0,30.0,dragonfly_style,95,5,16.74190779727095,79.98333333333333,83.46242592592588,2387.0,5521.0,7908.0,69.81537683358624,7589.0,0.0,69.3100169301033
drtp_img88_cacheonly_1024mb_200,200,100,16,2.0,30.0,peersync_style,95,5,15.42977868421052,68.84999999999998,75.61249999999998,2061.0,5847.0,7908.0,73.93778452200303,9844.0,0.0,122.18702584505081
drtp_img88_cacheonly_1024mb_200,200,100,16,2.0,30.0,metapipe_reactive_style,95,5,19.45806520467836,89.6,93.77477777777777,2688.0,5220.0,7908.0,66.00910470409711,6919.0,0.0,78.67474108934402
drtp_img88_cacheonly_1024mb_200,200,100,16,2.0,30.0,ilrsa_style,95,5,94.5936842105261,262.1999999999992,263.5999999999994,7908.0,0.0,7908.0,0.0,7910.0,0.0,78.24873924255371
drtp_img88_cacheonly_1024mb_200,200,100,16,2.0,100.0,registry,95,5,25.290350877192978,74.53000000000004,80.36666666666666,7908.0,0.0,7908.0,0.0,7996.0,0.0,58.56773257255554
drtp_img88_cacheonly_1024mb_200,200,100,16,2.0,100.0,dragonfly_style,95,5,8.214446686159826,27.083456018518465,32.171305555555506,2767.0,5141.0,7908.0,65.01011633788569,6980.0,0.0,70.07046043872833
drtp_img88_cacheonly_1024mb_200,200,100,16,2.0,100.0,peersync_style,95,5,7.054856871734889,21.248842592592567,30.78530755555553,2061.0,5847.0,7908.0,73.93778452200303,8335.0,0.0,127.50720232725143
drtp_img88_cacheonly_1024mb_200,200,100,16,2.0,100.0,metapipe_reactive_style,95,5,7.458682409380078,29.177474229359568,35.72336337263696,2633.0,5275.0,7908.0,66.70460293373799,6948.0,0.0,81.5759226679802
drtp_img88_cacheonly_1024mb_200,200,100,16,2.0,100.0,ilrsa_style,95,5,28.460701754385987,79.66666666666674,80.36666666666673,7908.0,0.0,7908.0,0.0,7910.0,0.0,78.76358926296234
drtp_img88_cacheonly_1024mb_200,200,100,17,0.5,10.0,registry,93,7,997.8698924731171,1723.499999999996,1764.9999999999952,17650.0,0.0,17650.0,0.0,9818.0,7868.0,85.41291207075119
drtp_img88_cacheonly_1024mb_200,200,100,17,0.5,10.0,dragonfly_style,93,7,731.9323259088582,1428.4000000000005,1517.1000000000006,15171.0,2479.0,17650.0,14.045325779036828,9855.0,7868.0,101.9587516784668
drtp_img88_cacheonly_1024mb_200,200,100,17,0.5,10.0,peersync_style,93,7,685.8114582266597,1357.0000000000005,1445.7000000000005,14457.0,3193.0,17650.0,18.090651558073656,10394.0,7868.0,166.81060194969177
drtp_img88_cacheonly_1024mb_200,200,100,17,0.5,10.0,metapipe_reactive_style,93,7,642.8521890112078,1308.3000000000006,1397.0000000000007,13970.0,3680.0,17650.0,20.84985835694051,9772.0,8093.0,134.27674770355225
drtp_img88_cacheonly_1024mb_200,200,100,17,0.5,10.0,ilrsa_style,93,7,1366.0741935483873,1763.000000000002,1765.0000000000002,17650.0,0.0,17650.0,0.0,9861.0,7868.0,161.19280457496643
drtp_img88_cacheonly_1024mb_200,200,100,17,0.5,30.0,registry,93,7,332.6232974910392,574.4999999999989,588.3333333333328,17650.0,0.0,17650.0,0.0,9818.0,7868.0,85.63487976789474
drtp_img88_cacheonly_1024mb_200,200,100,17,0.5,30.0,dragonfly_style,93,7,243.96542576947147,476.13333333333327,505.69999999999993,15171.0,2479.0,17650.0,14.045325779036828,9824.0,7868.0,101.72966867685318
drtp_img88_cacheonly_1024mb_200,200,100,17,0.5,30.0,peersync_style,93,7,229.54094864738,453.1666666666665,482.7333333333332,14482.0,3168.0,17650.0,17.94900849858357,9929.0,7868.0,165.81065207719803
drtp_img88_cacheonly_1024mb_200,200,100,17,0.5,30.0,metapipe_reactive_style,93,7,214.21327039456605,436.1000000000001,465.66666666666674,13970.0,3680.0,17650.0,20.84985835694051,9772.0,8093.0,135.7206106185913
drtp_img88_cacheonly_1024mb_200,200,100,17,0.5,30.0,ilrsa_style,93,7,455.3580645161293,587.6666666666675,588.3333333333336,17650.0,0.0,17650.0,0.0,9861.0,7868.0,161.3142415881157
drtp_img88_cacheonly_1024mb_200,200,100,17,0.5,100.0,registry,93,7,99.8163799283154,172.3500000000003,178.09333333333387,17650.0,0.0,17650.0,0.0,9818.0,7868.0,84.79641377925873
drtp_img88_cacheonly_1024mb_200,200,100,17,0.5,100.0,dragonfly_style,93,7,75.07264701192311,160.70083333333338,171.78833333333338,15172.0,2478.0,17650.0,14.039660056657224,9876.0,7868.0,103.06389629840851
drtp_img88_cacheonly_1024mb_200,200,100,17,0.5,100.0,peersync_style,93,7,74.10015147329928,156.06838541666673,167.15588541666673,14940.0,2710.0,17650.0,15.354107648725213,9534.0,8239.0,165.6017079949379
drtp_img88_cacheonly_1024mb_200,200,100,17,0.5,100.0,metapipe_reactive_style,93,7,68.52430775760821,152.48727043306323,163.57477043306324,14196.0,3454.0,17650.0,19.569405099150142,9755.0,8093.0,138.66790384054184
drtp_img88_cacheonly_1024mb_200,200,100,17,0.5,100.0,ilrsa_style,93,7,136.7672043010754,177.76000000000047,178.09333333333407,17650.0,0.0,17650.0,0.0,9861.0,7868.0,161.1877828836441
drtp_img88_cacheonly_1024mb_200,200,100,17,1.0,10.0,registry,91,9,702.2791208791202,1300.2999999999975,1365.3999999999976,13654.0,0.0,13654.0,0.0,13521.0,0.0,68.40076297521591
drtp_img88_cacheonly_1024mb_200,200,100,17,1.0,10.0,dragonfly_style,91,9,325.16462262428075,550.7086249999996,584.7086249999999,5644.0,8010.0,13654.0,58.664127728138276,13397.0,0.0,82.91450887918472
drtp_img88_cacheonly_1024mb_200,200,100,17,1.0,10.0,peersync_style,91,9,281.17602261414197,479.96370312499994,513.1637031250002,4709.0,8945.0,13654.0,65.51193789365753,13334.0,0.0,152.87386626005173
drtp_img88_cacheonly_1024mb_200,200,100,17,1.0,10.0,metapipe_reactive_style,91,9,295.3607847113208,519.2740674603174,538.1875,5271.0,8383.0,13654.0,61.39592793320639,13137.0,0.0,108.8632345199585
drtp_img88_cacheonly_1024mb_200,200,100,17,1.0,10.0,ilrsa_style,91,9,892.1208791208788,1355.7999999999995,1365.3999999999985,13654.0,0.0,13654.0,0.0,13118.0,0.0,131.50499761104584
drtp_img88_cacheonly_1024mb_200,200,100,17,1.0,30.0,registry,91,9,234.09304029304042,433.4333333333336,455.13333333333355,13654.0,0.0,13654.0,0.0,13521.0,0.0,68.35421919822693
drtp_img88_cacheonly_1024mb_200,200,100,17,1.0,30.0,dragonfly_style,91,9,115.13443700309604,210.91822569444432,222.2515590277776,5616.0,8038.0,13654.0,58.86919584004687,13403.0,0.0,83.34311097860336
drtp_img88_cacheonly_1024mb_200,200,100,17,1.0,30.0,peersync_style,91,9,100.17304203721879,186.65153584325395,197.8515358432539,4709.0,8945.0,13654.0,65.51193789365753,13382.0,0.0,153.49237620830536
drtp_img88_cacheonly_1024mb_200,200,100,17,1.0,30.0,metapipe_reactive_style,91,9,103.8838243808264,196.20109380511457,207.28859380511457,5271.0,8383.0,13654.0,61.39592793320639,13137.0,0.0,109.74513739347458
drtp_img88_cacheonly_1024mb_200,200,100,17,1.0,30.0,ilrsa_style,91,9,297.3736263736265,451.9333333333336,455.1333333333339,13654.0,0.0,13654.0,0.0,13118.0,0.0,130.4878443479538
drtp_img88_cacheonly_1024mb_200,200,100,17,1.0,100.0,registry,91,9,70.2304945054945,130.03,136.7750000000001,13654.0,0.0,13654.0,0.0,13521.0,0.0,67.86821037530899
drtp_img88_cacheonly_1024mb_200,200,100,17,1.0,100.0,dragonfly_style,91,9,41.623523326248375,91.59633364583331,95.84633364583334,5552.0,8102.0,13654.0,59.33792295298081,13499.0,0.0,84.57555621862411
drtp_img88_cacheonly_1024mb_200,200,100,17,1.0,100.0,peersync_style,91,9,37.23624346316064,83.52365861111102,87.77365861111105,4709.0,8945.0,13654.0,65.51193789365753,13309.0,0.0,153.51875126361847
drtp_img88_cacheonly_1024mb_200,200,100,17,1.0,100.0,metapipe_reactive_style,91,9,35.8301911409897,85.19601971450618,85.19601971450618,5271.0,8383.0,13654.0,61.39592793320639,13137.0,0.0,114.07726258039474
drtp_img88_cacheonly_1024mb_200,200,100,17,1.0,100.0,ilrsa_style,91,9,89.21975274725276,135.5800000000003,136.77500000000018,13654.0,0.0,13654.0,0.0,13118.0,0.0,130.87448477745056
drtp_img88_cacheonly_1024mb_200,200,100,17,2.0,10.0,registry,91,9,152.42747252747236,646.299999999999,743.6999999999994,7437.0,0.0,7437.0,0.0,6624.0,0.0,59.843480587005615
drtp_img88_cacheonly_1024mb_200,200,100,17,2.0,10.0,dragonfly_style,91,9,40.93805857898716,217.23750000000004,247.23333333333338,2301.0,5136.0,7437.0,69.0601048810004,7680.0,0.0,68.86368244886398
drtp_img88_cacheonly_1024mb_200,200,100,17,2.0,10.0,peersync_style,91,9,32.83353072853075,182.00000000000014,187.97500000000005,1825.0,5612.0,7437.0,75.4605351620277,9218.0,0.0,119.7575256228447
drtp_img88_cacheonly_1024mb_200,200,100,17,2.0,10.0,metapipe_reactive_style,91,9,47.594575556718404,225.92583333333334,260.3833333333333,2542.0,4895.0,7437.0,65.81955089417777,6681.0,0.0,81.24041557312012
drtp_img88_cacheonly_1024mb_200,200,100,17,2.0,10.0,ilrsa_style,91,9,205.37802197802188,743.1999999999999,743.7,7437.0,0.0,7437.0,0.0,7809.0,0.0,82.59762078523636
drtp_img88_cacheonly_1024mb_200,200,100,17,2.0,30.0,registry,91,9,50.80915750915745,215.4333333333329,247.89999999999955,7437.0,0.0,7437.0,0.0,6624.0,0.0,59.289902448654175
drtp_img88_cacheonly_1024mb_200,200,100,17,2.0,30.0,dragonfly_style,91,9,12.540209890109894,62.72403333333335,68.64153333333334,2003.0,5434.0,7437.0,73.06709694769397,6429.0,0.0,71.89948856830597
drtp_img88_cacheonly_1024mb_200,200,100,17,2.0,30.0,peersync_style,91,9,12.296006617826619,59.73333333333334,66.10629333333337,1825.0,5612.0,7437.0,75.4605351620277,9405.0,0.0,116.90611392259598
drtp_img88_cacheonly_1024mb_200,200,100,17,2.0,30.0,metapipe_reactive_style,91,9,16.53627182851163,75.63567857142858,90.92434523809526,2542.0,4895.0,7437.0,65.81955089417777,6656.0,0.0,80.41691780090332
drtp_img88_cacheonly_1024mb_200,200,100,17,2.0,30.0,ilrsa_style,91,9,68.4593406593405,247.73333333333258,247.89999999999924,7437.0,0.0,7437.0,0.0,7809.0,0.0,83.03126692771912
drtp_img88_cacheonly_1024mb_200,200,100,17,2.0,100.0,registry,91,9,15.270219780219787,64.63000000000004,75.74333333333334,7437.0,0.0,7437.0,0.0,6624.0,0.0,59.618353843688965
drtp_img88_cacheonly_1024mb_200,200,100,17,2.0,100.0,dragonfly_style,91,9,4.583059597069594,20.627851111111095,30.46118444444442,2004.0,5433.0,7437.0,73.05365066559096,6336.0,0.0,74.23071563243866
drtp_img88_cacheonly_1024mb_200,200,100,17,2.0,100.0,peersync_style,91,9,4.58005317460317,20.632811111111085,30.46614444444441,1825.0,5612.0,7437.0,75.4605351620277,7528.0,0.0,129.20664995908737
drtp_img88_cacheonly_1024mb_200,200,100,17,2.0,100.0,metapipe_reactive_style,91,9,5.880494038356425,30.186949677537786,39.40361634420445,2542.0,4895.0,7437.0,65.81955089417777,6539.0,0.0,84.4646617770195
drtp_img88_cacheonly_1024mb_200,200,100,17,2.0,100.0,ilrsa_style,91,9,20.61223443223442,75.65999999999994,75.74333333333327,7437.0,0.0,7437.0,0.0,7809.0,0.0,82.64466375112534
drtp_img88_cacheonly_1024mb_200,200,100,18,0.5,10.0,registry,93,7,1033.3010752688156,1720.0999999999979,1737.9999999999984,17380.0,0.0,17380.0,0.0,11434.0,6428.0,87.36725151538849
drtp_img88_cacheonly_1024mb_200,200,100,18,0.5,10.0,dragonfly_style,93,7,746.8412403460495,1319.600000000001,1408.300000000001,14083.0,3297.0,17380.0,18.970080552359033,11153.0,6428.0,106.67786002159119
drtp_img88_cacheonly_1024mb_200,200,100,18,0.5,10.0,peersync_style,93,7,694.6518812937366,1208.0000000000002,1296.7000000000003,12967.0,4413.0,17380.0,25.39125431530495,10862.0,6428.0,164.2507016658783
drtp_img88_cacheonly_1024mb_200,200,100,18,0.5,10.0,metapipe_reactive_style,93,7,653.7383612320076,1253.7,1342.4,13424.0,3956.0,17380.0,22.76179516685846,11187.0,6428.0,141.54137670993805
drtp_img88_cacheonly_1024mb_200,200,100,18,0.5,10.0,ilrsa_style,93,7,1197.076344086022,1736.3000000000018,1738.0000000000002,17380.0,0.0,17380.0,0.0,11282.0,6428.0,178.22764813899994
drtp_img88_cacheonly_1024mb_200,200,100,18,0.5,30.0,registry,93,7,344.43369175627237,573.3666666666662,579.3333333333331,17380.0,0.0,17380.0,0.0,11434.0,6428.0,86.90135180950165
drtp_img88_cacheonly_1024mb_200,200,100,18,0.5,30.0,dragonfly_style,93,7,253.98602150537607,445.79999999999933,475.366666666666,14261.0,3119.0,17380.0,17.94591484464902,10976.0,6428.0,106.93968087434769
drtp_img88_cacheonly_1024mb_200,200,100,18,0.5,30.0,peersync_style,93,7,231.805466305399,402.6666666666668,432.23333333333346,12967.0,4413.0,17380.0,25.39125431530495,10918.0,6428.0,164.20328617095947
drtp_img88_cacheonly_1024mb_200,200,100,18,0.5,30.0,metapipe_reactive_style,93,7,216.88766556366275,417.8333333333333,447.4,13422.0,3958.0,17380.0,22.773302646720367,11187.0,6428.0,139.97966051101685
drtp_img88_cacheonly_1024mb_200,200,100,18,0.5,30.0,ilrsa_style,93,7,399.0254480286737,578.7666666666672,579.3333333333334,17380.0,0.0,17380.0,0.0,11282.0,6428.0,178.1550645828247
drtp_img88_cacheonly_1024mb_200,200,100,18,0.5,100.0,registry,93,7,103.33693548387087,172.01,174.11750000000006,17380.0,0.0,17380.0,0.0,11434.0,6428.0,86.93943172693253
drtp_img88_cacheonly_1024mb_200,200,100,18,0.5,100.0,dragonfly_style,93,7,73.6168799013582,137.90316900214958,148.9906690021496,13703.0,3677.0,17380.0,21.15650172612198,11054.0,6428.0,108.47163200378418
drtp_img88_cacheonly_1024mb_200,200,100,18,0.5,100.0,peersync_style,93,7,71.1251578805109,132.23987965029758,143.3273796502976,13101.0,4279.0,17380.0,24.620253164556964,10458.0,6653.0,167.0357510447502
drtp_img88_cacheonly_1024mb_200,200,100,18,0.5,100.0,metapipe_reactive_style,93,7,68.19996691138132,141.63927150617283,152.72677150617284,13701.0,3679.0,17380.0,21.16800920598389,11087.0,6428.0,143.94810050725937
drtp_img88_cacheonly_1024mb_200,200,100,18,0.5,100.0,ilrsa_style,93,7,119.73513440860236,173.90500000000077,174.11750000000058,17380.0,0.0,17380.0,0.0,11282.0,6428.0,178.52260172367096
drtp_img88_cacheonly_1024mb_200,200,100,18,1.0,10.0,registry,92,8,651.8804347826074,1338.8999999999967,1380.9999999999957,13810.0,0.0,13810.0,0.0,13079.0,0.0,78.1555250287056
drtp_img88_cacheonly_1024mb_200,200,100,18,1.0,10.0,dragonfly_style,92,8,369.166550250173,560.0876190476192,670.0000000000008,6700.0,7110.0,13810.0,51.484431571325125,12318.0,0.0,101.25058889389038
drtp_img88_cacheonly_1024mb_200,200,100,18,1.0,10.0,peersync_style,92,8,366.5407284118357,554.5007619047624,554.5007619047624,5299.0,8511.0,13810.0,61.62925416364953,11003.0,926.0,162.6700833439827
drtp_img88_cacheonly_1024mb_200,200,100,18,1.0,10.0,metapipe_reactive_style,92,8,348.76799276690804,571.3433133333332,608.7999999999998,6088.0,7722.0,13810.0,55.91600289645184,11794.0,200.0,135.96681505441666
drtp_img88_cacheonly_1024mb_200,200,100,18,1.0,10.0,ilrsa_style,92,8,826.2173913043456,1378.3999999999953,1380.999999999993,13810.0,0.0,13810.0,0.0,12636.0,0.0,166.30864888429642
drtp_img88_cacheonly_1024mb_200,200,100,18,1.0,30.0,registry,92,8,217.29347826086988,446.30000000000035,460.33333333333394,13810.0,0.0,13810.0,0.0,13079.0,0.0,77.6485726237297
drtp_img88_cacheonly_1024mb_200,200,100,18,1.0,30.0,dragonfly_style,92,8,128.4175170591789,204.54821428571444,223.33333333333346,6700.0,7110.0,13810.0,51.484431571325125,12318.0,0.0,103.65138202905655
drtp_img88_cacheonly_1024mb_200,200,100,18,1.0,30.0,peersync_style,92,8,128.06761792615606,208.79258928571429,208.79258928571429,5402.0,8408.0,13810.0,60.88341781317886,11014.0,926.0,163.02099078893661
drtp_img88_cacheonly_1024mb_200,200,100,18,1.0,30.0,metapipe_reactive_style,92,8,120.86880855591788,199.6056970666666,205.7951369833333,5749.0,8061.0,13810.0,58.37074583635047,11820.0,200.0,134.59386676549911
drtp_img88_cacheonly_1024mb_200,200,100,18,1.0,30.0,ilrsa_style,92,8,275.4057971014495,459.46666666666744,460.3333333333348,13810.0,0.0,13810.0,0.0,12636.0,0.0,166.13277792930603
drtp_img88_cacheonly_1024mb_200,200,100,18,1.0,100.0,registry,92,8,65.20951086956512,133.88999999999987,138.93249999999978,13810.0,0.0,13810.0,0.0,13079.0,0.0,77.73470133543015
drtp_img88_cacheonly_1024mb_200,200,100,18,1.0,100.0,dragonfly_style,92,8,44.30093076202282,83.65767729451429,85.69065154105127,6700.0,7110.0,13810.0,51.484431571325125,11753.0,926.0,104.29618507623672
drtp_img88_cacheonly_1024mb_200,200,100,18,1.0,100.0,peersync_style,92,8,43.270234631107826,83.52440274167765,85.47440274167766,5259.0,8551.0,13810.0,61.91889934829833,11697.0,926.0,164.61925953626633
drtp_img88_cacheonly_1024mb_200,200,100,18,1.0,100.0,metapipe_reactive_style,92,8,41.667557131665035,79.84682193013731,84.04046080391406,6166.0,7644.0,13810.0,55.35119478638668,11820.0,200.0,139.30124789476395
drtp_img88_cacheonly_1024mb_200,200,100,18,1.0,100.0,ilrsa_style,92,8,82.68179347826084,138.60749999999993,138.93249999999964,13810.0,0.0,13810.0,0.0,12636.0,0.0,166.74035787582397
drtp_img88_cacheonly_1024mb_200,200,100,18,2.0,10.0,registry,93,7,137.76129032258075,596.9000000000001,623.4000000000002,6234.0,0.0,6234.0,0.0,5075.0,0.0,60.18155813217163
drtp_img88_cacheonly_1024mb_200,200,100,18,2.0,10.0,dragonfly_style,93,7,51.40757019115891,190.0800000000001,240.24999999999997,2399.0,3835.0,6234.0,61.51748476098813,5373.0,0.0,80.65921813249588
drtp_img88_cacheonly_1024mb_200,200,100,18,2.0,10.0,peersync_style,93,7,50.867516427718044,190.0800000000001,214.96249999999992,2110.0,4124.0,6234.0,66.15335258261149,5897.0,0.0,134.75635647773743
drtp_img88_cacheonly_1024mb_200,200,100,18,2.0,10.0,metapipe_reactive_style,93,7,50.60327023686257,213.29999999999993,221.17999999999992,2133.0,4101.0,6234.0,65.78440808469682,5555.0,0.0,96.9993844628334
drtp_img88_cacheonly_1024mb_200,200,100,18,2.0,10.0,ilrsa_style,93,7,173.15806451612914,621.9000000000012,623.4000000000016,6234.0,0.0,6234.0,0.0,6821.0,0.0,104.66618835926056
drtp_img88_cacheonly_1024mb_200,200,100,18,2.0,30.0,registry,93,7,45.920430107526826,198.9666666666662,207.7999999999995,6234.0,0.0,6234.0,0.0,5075.0,0.0,59.79852378368378
drtp_img88_cacheonly_1024mb_200,200,100,18,2.0,30.0,dragonfly_style,93,7,17.74868996415771,68.80364444444444,80.31666666666666,2399.0,3835.0,6234.0,61.51748476098813,5373.0,0.0,82.5592502951622
drtp_img88_cacheonly_1024mb_200,200,100,18,2.0,30.0,peersync_style,93,7,17.691198606133018,69.51536296296297,74.29583333333333,2110.0,4124.0,6234.0,66.15335258261149,5817.0,0.0,140.4268741607666
drtp_img88_cacheonly_1024mb_200,200,100,18,2.0,30.0,metapipe_reactive_style,93,7,17.18742330031795,73.86127863100526,81.00493766273719,2133.0,4101.0,6234.0,65.78440808469682,5554.0,0.0,97.74326533079147
drtp_img88_cacheonly_1024mb_200,200,100,18,2.0,30.0,ilrsa_style,93,7,57.71935483870964,207.29999999999967,207.79999999999964,6234.0,0.0,6234.0,0.0,6821.0,0.0,105.47018051147461
drtp_img88_cacheonly_1024mb_200,200,100,18,2.0,100.0,registry,93,7,13.787849462365568,59.68999999999987,62.92249999999989,6234.0,0.0,6234.0,0.0,5075.0,0.0,59.8854199051857
drtp_img88_cacheonly_1024mb_200,200,100,18,2.0,100.0,dragonfly_style,93,7,6.011836867781758,25.782027777777756,28.786402777777756,2287.0,3947.0,6234.0,63.31408405518126,6176.0,0.0,83.39333534240723
drtp_img88_cacheonly_1024mb_200,200,100,18,2.0,100.0,peersync_style,93,7,6.011836867781758,25.782027777777756,28.786402777777756,2110.0,4124.0,6234.0,66.15335258261149,6387.0,0.0,133.07500630617142
drtp_img88_cacheonly_1024mb_200,200,100,18,2.0,100.0,metapipe_reactive_style,93,7,5.403528621266452,25.70020594271605,33.58041826041152,2194.0,4040.0,6234.0,64.80590311196663,5576.0,0.0,100.97379982471466
drtp_img88_cacheonly_1024mb_200,200,100,18,2.0,100.0,ilrsa_style,93,7,17.351639784946233,62.735000000000106,62.92250000000015,6234.0,0.0,6234.0,0.0,6821.0,0.0,105.18854856491089
drtp_img88_cacheonly_1024mb_200,200,100,19,0.5,10.0,registry,93,7,1036.888172043009,1970.1999999999978,2060.4999999999977,20605.0,0.0,20605.0,0.0,11224.0,9308.0,116.1874458193779
drtp_img88_cacheonly_1024mb_200,200,100,19,0.5,10.0,dragonfly_style,93,7,793.8716077828984,1665.4999999999993,1754.1999999999994,17542.0,3063.0,20605.0,14.865323950497451,10845.0,9308.0,139.48549330234528
drtp_img88_cacheonly_1024mb_200,200,100,19,0.5,10.0,peersync_style,93,7,742.8365442054961,1547.1000000000008,1635.8000000000009,16358.0,4247.0,20605.0,20.611502062606164,11222.0,9308.0,215.86869657039642
drtp_img88_cacheonly_1024mb_200,200,100,19,0.5,10.0,metapipe_reactive_style,93,7,769.6351131592421,1616.8000000000002,1705.5000000000002,17055.0,3550.0,20605.0,17.228827954380005,11260.0,9308.0,191.80363416671753
drtp_img88_cacheonly_1024mb_200,200,100,19,0.5,10.0,ilrsa_style,93,7,1481.0139784946214,2059.59999999999,2060.499999999989,20605.0,0.0,20605.0,0.0,11366.0,9308.0,242.62288212776184
drtp_img88_cacheonly_1024mb_200,200,100,19,0.5,30.0,registry,93,7,345.629390681004,656.733333333335,686.8333333333354,20605.0,0.0,20605.0,0.0,11224.0,9308.0,116.44908785820007
drtp_img88_cacheonly_1024mb_200,200,100,19,0.5,30.0,dragonfly_style,93,7,264.69319077182877,555.1666666666673,584.733333333334,17542.0,3063.0,20605.0,14.865323950497451,10845.0,9308.0,139.8240029811859
drtp_img88_cacheonly_1024mb_200,200,100,19,0.5,30.0,peersync_style,93,7,244.7077234276324,511.133333333333,540.6999999999997,16221.0,4384.0,20605.0,21.27638922591604,11112.0,9308.0,216.28540009260178
drtp_img88_cacheonly_1024mb_200,200,100,19,0.5,30.0,metapipe_reactive_style,93,7,256.48527714283415,538.8666666666667,568.4333333333334,17053.0,3552.0,20605.0,17.238534336326133,11260.0,9308.0,194.3942829966545
drtp_img88_cacheonly_1024mb_200,200,100,19,0.5,30.0,ilrsa_style,93,7,493.67132616487555,686.533333333337,686.8333333333368,20605.0,0.0,20605.0,0.0,11366.0,9308.0,240.79415947198868
drtp_img88_cacheonly_1024mb_200,200,100,19,0.5,100.0,registry,93,7,103.68946236559121,197.0199999999993,206.1099999999994,20605.0,0.0,20605.0,0.0,11224.0,9308.0,115.66374450922012
drtp_img88_cacheonly_1024mb_200,200,100,19,0.5,100.0,dragonfly_style,93,7,81.72489860675616,183.47293151832963,194.56043151832964,17542.0,3063.0,20605.0,14.865323950497451,10845.0,9308.0,140.99665731191635
drtp_img88_cacheonly_1024mb_200,200,100,19,0.5,100.0,peersync_style,93,7,76.83235282634409,171.87828316943632,182.96578316943632,16358.0,4247.0,20605.0,20.611502062606164,11237.0,9308.0,218.62956881523132
drtp_img88_cacheonly_1024mb_200,200,100,19,0.5,100.0,metapipe_reactive_style,93,7,78.66621423344954,183.19416666666672,194.28166666666672,17559.0,3046.0,20605.0,14.78281970395535,11262.0,9308.0,199.32817667722702
drtp_img88_cacheonly_1024mb_200,200,100,19,0.5,100.0,ilrsa_style,93,7,148.10311827957,205.96000000000043,206.11000000000055,20605.0,0.0,20605.0,0.0,11366.0,9308.0,241.1210909485817
drtp_img88_cacheonly_1024mb_200,200,100,19,1.0,10.0,registry,93,7,810.6903225806435,1452.3999999999965,1488.1999999999962,14882.0,0.0,14882.0,0.0,13555.0,0.0,80.97484707832336
drtp_img88_cacheonly_1024mb_200,200,100,19,1.0,10.0,dragonfly_style,93,7,425.72659839563124,669.8224553571439,761.6625000000014,7606.0,7276.0,14882.0,48.891278054024994,13999.0,0.0,106.90702497959137
drtp_img88_cacheonly_1024mb_200,200,100,19,1.0,10.0,peersync_style,93,7,406.5727604966719,619.9727380952382,683.1875000000007,6804.0,8078.0,14882.0,54.280338664158045,14107.0,0.0,185.9375685453415
drtp_img88_cacheonly_1024mb_200,200,100,19,1.0,10.0,metapipe_reactive_style,93,7,422.1186840032433,666.208782142857,703.4874999999997,6924.0,7958.0,14882.0,53.47399543072168,13625.0,0.0,139.62501287460327
drtp_img88_cacheonly_1024mb_200,200,100,19,1.0,10.0,ilrsa_style,93,7,930.3559139784946,1482.800000000002,1488.2000000000007,14882.0,0.0,14882.0,0.0,13420.0,0.0,174.7889444231987
drtp_img88_cacheonly_1024mb_200,200,100,19,1.0,30.0,registry,93,7,270.2301075268819,484.1333333333342,496.0666666666676,14882.0,0.0,14882.0,0.0,13555.0,0.0,81.46380633115768
drtp_img88_cacheonly_1024mb_200,200,100,19,1.0,30.0,dragonfly_style,93,7,152.1048487369857,243.1849255952379,255.32916666666645,7628.0,7254.0,14882.0,48.74344846122833,13844.0,573.0,108.9104413986206
drtp_img88_cacheonly_1024mb_200,200,100,19,1.0,30.0,peersync_style,93,7,144.3107860903096,220.17997395833297,233.89096726190436,6267.0,8615.0,14882.0,57.888724633785785,13105.0,798.0,192.2837719321251
drtp_img88_cacheonly_1024mb_200,200,100,19,1.0,30.0,metapipe_reactive_style,93,7,146.9814884706678,241.98829681216927,253.07579681216927,6924.0,7958.0,14882.0,53.47399543072168,12626.0,227.0,140.13449847698212
drtp_img88_cacheonly_1024mb_200,200,100,19,1.0,30.0,ilrsa_style,93,7,310.1186379928316,494.26666666666694,496.0666666666673,14882.0,0.0,14882.0,0.0,13420.0,0.0,175.9207621216774
drtp_img88_cacheonly_1024mb_200,200,100,19,1.0,100.0,registry,93,7,81.0706989247311,145.23999999999987,148.9549999999999,14882.0,0.0,14882.0,0.0,13555.0,0.0,80.97794651985168
drtp_img88_cacheonly_1024mb_200,200,100,19,1.0,100.0,dragonfly_style,93,7,55.5224953930385,98.44324776785714,103.57623139880953,7641.0,7241.0,14882.0,48.65609461093939,13263.0,798.0,111.01948469877243
drtp_img88_cacheonly_1024mb_200,200,100,19,1.0,100.0,peersync_style,93,7,53.22902088506994,95.27608094411373,100.32358094411373,6267.0,8615.0,14882.0,57.888724633785785,12901.0,798.0,189.02496993541718
drtp_img88_cacheonly_1024mb_200,200,100,19,1.0,100.0,metapipe_reactive_style,93,7,50.99854210603989,97.07494790033596,108.16244790033596,6916.0,7966.0,14882.0,53.5277516462841,12715.0,780.0,143.22276413440704
drtp_img88_cacheonly_1024mb_200,200,100,19,1.0,100.0,ilrsa_style,93,7,93.04120967741942,148.28000000000037,148.9550000000002,14882.0,0.0,14882.0,0.0,13420.0,0.0,175.09932816028595
drtp_img88_cacheonly_1024mb_200,200,100,19,2.0,10.0,registry,93,7,161.1021505376344,681.7999999999994,729.6999999999994,7297.0,0.0,7297.0,0.0,8165.0,0.0,64.67269361019135
drtp_img88_cacheonly_1024mb_200,200,100,19,2.0,10.0,dragonfly_style,93,7,58.36004898446838,256.9521111111114,262.8500000000005,2501.0,4796.0,7297.0,65.72564067424969,8967.0,0.0,75.16644150018692
drtp_img88_cacheonly_1024mb_200,200,100,19,2.0,10.0,peersync_style,93,7,54.87008512544809,236.16000000000034,242.47500000000034,2297.0,5000.0,7297.0,68.52131012744964,6867.0,0.0,129.85073775053024
drtp_img88_cacheonly_1024mb_200,200,100,19,2.0,10.0,metapipe_reactive_style,93,7,55.277235995903744,269.76,269.76,2587.0,4710.0,7297.0,64.54707414005756,8065.0,0.0,94.08170729875565
drtp_img88_cacheonly_1024mb_200,200,100,19,2.0,10.0,ilrsa_style,93,7,205.97419354838712,681.799999999999,729.6999999999996,7297.0,0.0,7297.0,0.0,7994.0,0.0,100.21612048149109
drtp_img88_cacheonly_1024mb_200,200,100,19,2.0,30.0,registry,93,7,53.700716845878084,227.2666666666662,243.23333333333287,7297.0,0.0,7297.0,0.0,8165.0,0.0,64.10443037748337
drtp_img88_cacheonly_1024mb_200,200,100,19,2.0,30.0,dragonfly_style,93,7,20.343968040621245,92.20874999999988,95.56541666666654,2501.0,4796.0,7297.0,65.72564067424969,9051.0,0.0,76.39490813016891
drtp_img88_cacheonly_1024mb_200,200,100,19,2.0,30.0,peersync_style,93,7,19.34297789725208,86.09333333333326,89.34166666666658,2297.0,5000.0,7297.0,68.52131012744964,6865.0,0.0,131.0645490884781
drtp_img88_cacheonly_1024mb_200,200,100,19,2.0,30.0,metapipe_reactive_style,93,7,18.597141188769424,95.12666666666668,95.12666666666668,2522.0,4775.0,7297.0,65.4378511717144,8018.0,0.0,97.79102355241776
drtp_img88_cacheonly_1024mb_200,200,100,19,2.0,30.0,ilrsa_style,93,7,68.65806451612883,227.26666666666566,243.23333333333227,7297.0,0.0,7297.0,0.0,7994.0,0.0,100.49815475940704
drtp_img88_cacheonly_1024mb_200,200,100,19,2.0,100.0,registry,93,7,16.13344086021503,68.17999999999988,74.10749999999987,7297.0,0.0,7297.0,0.0,8165.0,0.0,64.19253349304199
drtp_img88_cacheonly_1024mb_200,200,100,19,2.0,100.0,dragonfly_style,93,7,7.003157417921141,34.023712577777744,35.58499999999998,2524.0,4773.0,7297.0,65.41044264766343,8933.0,0.0,78.26750725507736
drtp_img88_cacheonly_1024mb_200,200,100,19,2.0,100.0,peersync_style,93,7,6.95525085623257,33.28499999999997,35.574999999999974,2297.0,5000.0,7297.0,68.52131012744964,6896.0,0.0,131.93649798631668
drtp_img88_cacheonly_1024mb_200,200,100,19,2.0,100.0,metapipe_reactive_style,93,7,5.9702846867532875,25.142705138888893,39.33123739583334,2297.0,5000.0,7297.0,68.52131012744964,8892.0,0.0,98.79598021507263
drtp_img88_cacheonly_1024mb_200,200,100,19,2.0,100.0,ilrsa_style,93,7,20.621827956989225,68.17999999999994,74.10749999999989,7297.0,0.0,7297.0,0.0,7994.0,0.0,100.50427168607712
drtp_img88_cacheonly_1024mb_200,200,100,20,0.5,10.0,registry,96,4,886.6468749999985,1590.7999999999965,1649.8999999999965,16499.0,0.0,16499.0,0.0,11888.0,5541.0,90.99805355072021
drtp_img88_cacheonly_1024mb_200,200,100,20,0.5,10.0,dragonfly_style,96,4,769.9554098462314,1353.1000000000015,1441.8000000000015,14418.0,2081.0,16499.0,12.612885629432087,11577.0,5541.0,102.21964120864868
drtp_img88_cacheonly_1024mb_200,200,100,20,0.5,10.0,peersync_style,96,4,678.0070275297621,1153.9000000000008,1242.6000000000008,12426.0,4073.0,16499.0,24.686344626947086,11156.0,5541.0,173.2189506292343
drtp_img88_cacheonly_1024mb_200,200,100,20,0.5,10.0,metapipe_reactive_style,96,4,671.6423627255106,1284.2000000000003,1284.2000000000003,12842.0,3657.0,16499.0,22.164979695739135,11360.0,5541.0,136.76243275403976
drtp_img88_cacheonly_1024mb_200,200,100,20,0.5,10.0,ilrsa_style,96,4,1131.1656249999994,1648.6,1649.8999999999987,16499.0,0.0,16499.0,0.0,10799.0,5541.0,175.8434623479843
drtp_img88_cacheonly_1024mb_200,200,100,20,0.5,30.0,registry,96,4,295.5489583333335,530.2666666666667,549.9666666666666,16499.0,0.0,16499.0,0.0,11888.0,5541.0,90.52062779664993
drtp_img88_cacheonly_1024mb_200,200,100,20,0.5,30.0,dragonfly_style,96,4,256.75986855158726,451.03333333333313,480.5999999999998,14418.0,2081.0,16499.0,12.612885629432087,11574.0,5541.0,102.15994715690613
drtp_img88_cacheonly_1024mb_200,200,100,20,0.5,30.0,peersync_style,96,4,227.60349330357107,387.96666666666613,417.5333333333328,12526.0,3973.0,16499.0,24.080247287714407,11283.0,5541.0,173.81766438484192
drtp_img88_cacheonly_1024mb_200,200,100,20,0.5,30.0,metapipe_reactive_style,96,4,224.02982723397983,428.0666666666666,428.0666666666666,12842.0,3657.0,16499.0,22.164979695739135,11360.0,5541.0,139.84456658363342
drtp_img88_cacheonly_1024mb_200,200,100,20,0.5,30.0,ilrsa_style,96,4,377.0552083333336,549.5333333333347,549.9666666666676,16499.0,0.0,16499.0,0.0,10799.0,5541.0,175.9451925754547
drtp_img88_cacheonly_1024mb_200,200,100,20,0.5,100.0,registry,96,4,88.68684895833321,159.0799999999998,166.2424999999998,16499.0,0.0,16499.0,0.0,11888.0,5541.0,90.41637927293777
drtp_img88_cacheonly_1024mb_200,200,100,20,0.5,100.0,dragonfly_style,96,4,76.9082684358466,139.88583333333335,150.97333333333336,14212.0,2287.0,16499.0,13.861446148251408,11206.0,5912.0,102.75601595640182
drtp_img88_cacheonly_1024mb_200,200,100,20,0.5,100.0,peersync_style,96,4,70.72688822751321,125.09490079365074,136.18240079365074,12550.0,3949.0,16499.0,23.934783926298564,11280.0,5541.0,174.7988536953926
drtp_img88_cacheonly_1024mb_200,200,100,20,0.5,100.0,metapipe_reactive_style,96,4,67.63772773841403,135.78001656718172,135.78001656718172,12547.0,3952.0,16499.0,23.952966846475544,11179.0,5541.0,144.366055727005
drtp_img88_cacheonly_1024mb_200,200,100,20,0.5,100.0,ilrsa_style,96,4,113.25187500000003,166.08000000000015,166.2425,16499.0,0.0,16499.0,0.0,10799.0,5541.0,177.01636254787445
drtp_img88_cacheonly_1024mb_200,200,100,20,1.0,10.0,registry,96,4,830.9677083333336,1441.9000000000003,1479.8000000000013,14798.0,0.0,14798.0,0.0,15082.0,0.0,84.28651839494705
drtp_img88_cacheonly_1024mb_200,200,100,20,1.0,10.0,dragonfly_style,96,4,424.32855027832966,643.466666666668,714.7666666666686,7126.0,7672.0,14798.0,51.84484389782403,13782.0,0.0,98.598413169384
drtp_img88_cacheonly_1024mb_200,200,100,20,1.0,10.0,peersync_style,96,4,411.7276003775353,606.4780423280431,648.878042328043,6431.0,8367.0,14798.0,56.541424516826595,12130.0,887.0,188.3930116891861
drtp_img88_cacheonly_1024mb_200,200,100,20,1.0,10.0,metapipe_reactive_style,96,4,441.2364843543319,678.842658730159,703.842658730159,6991.0,7807.0,14798.0,52.757129341802944,12431.0,1569.0,129.80161607265472
drtp_img88_cacheonly_1024mb_200,200,100,20,1.0,10.0,ilrsa_style,96,4,952.8302083333319,1478.9999999999977,1479.799999999997,14798.0,0.0,14798.0,0.0,13490.0,0.0,158.59229117631912
drtp_img88_cacheonly_1024mb_200,200,100,20,1.0,30.0,registry,96,4,276.9892361111114,480.6333333333341,493.2666666666674,14798.0,0.0,14798.0,0.0,15082.0,0.0,84.0163305401802
drtp_img88_cacheonly_1024mb_200,200,100,20,1.0,30.0,dragonfly_style,96,4,150.66844078793267,225.7120467923279,242.39999999999972,7142.0,7656.0,14798.0,51.73672117853764,13902.0,357.0,101.27206891775131
drtp_img88_cacheonly_1024mb_200,200,100,20,1.0,30.0,peersync_style,96,4,147.1446623982965,221.36202285879656,234.95626041666688,6682.0,8116.0,14798.0,54.845249358021356,13266.0,357.0,188.02237510681152
drtp_img88_cacheonly_1024mb_200,200,100,20,1.0,30.0,metapipe_reactive_style,96,4,153.6541795043776,248.1671912844546,262.95052461778795,6741.0,8057.0,14798.0,54.44654683065279,12409.0,932.0,131.31141662597656
drtp_img88_cacheonly_1024mb_200,200,100,20,1.0,30.0,ilrsa_style,96,4,317.6100694444446,493.0000000000011,493.26666666666796,14798.0,0.0,14798.0,0.0,13490.0,0.0,157.01882541179657
drtp_img88_cacheonly_1024mb_200,200,100,20,1.0,100.0,registry,96,4,83.0989322916666,144.18999999999988,148.18750000000003,14798.0,0.0,14798.0,0.0,15082.0,0.0,82.65215158462524
drtp_img88_cacheonly_1024mb_200,200,100,20,1.0,100.0,dragonfly_style,96,4,54.990564975366766,98.5785915299822,104.80827902998223,7297.0,7501.0,14798.0,50.689282335450734,13148.0,357.0,101.49915516376495
drtp_img88_cacheonly_1024mb_200,200,100,20,1.0,100.0,peersync_style,96,4,54.02442586564421,97.32772228174592,103.64022228174595,6682.0,8116.0,14798.0,54.845249358021356,12999.0,478.0,190.69596379995346
drtp_img88_cacheonly_1024mb_200,200,100,20,1.0,100.0,metapipe_reactive_style,96,4,49.39167856762822,92.46250000000002,95.68724323855248,6845.0,7953.0,14798.0,53.743749155291255,12510.0,706.0,134.49380546808243
drtp_img88_cacheonly_1024mb_200,200,100,20,1.0,100.0,ilrsa_style,96,4,95.29333333333328,148.08749999999986,148.18749999999977,14798.0,0.0,14798.0,0.0,13490.0,0.0,156.54225647449493
drtp_img88_cacheonly_1024mb_200,200,100,20,2.0,10.0,registry,96,4,97.08437500000008,546.1000000000005,580.8000000000006,5808.0,0.0,5808.0,0.0,5949.0,0.0,53.639791905879974
drtp_img88_cacheonly_1024mb_200,200,100,20,2.0,10.0,dragonfly_style,96,4,47.138285383597896,223.69940476190482,279.50000000000017,2792.0,3016.0,5808.0,51.92837465564738,5487.0,0.0,57.75025486946106
drtp_img88_cacheonly_1024mb_200,200,100,20,2.0,10.0,peersync_style,96,4,45.932162491732804,216.231994047619,235.7999999999998,2358.0,3450.0,5808.0,59.400826446280995,7015.0,0.0,98.02025556564331
drtp_img88_cacheonly_1024mb_200,200,100,20,2.0,10.0,metapipe_reactive_style,96,4,49.215048500881835,253.28218253968254,277.70000000000005,2777.0,3031.0,5808.0,52.1866391184573,5498.0,0.0,67.25212931632996
drtp_img88_cacheonly_1024mb_200,200,100,20,2.0,10.0,ilrsa_style,96,4,146.7500000000002,579.3000000000008,580.800000000001,5808.0,0.0,5808.0,0.0,7054.0,0.0,70.42139768600464
drtp_img88_cacheonly_1024mb_200,200,100,20,2.0,30.0,registry,96,4,32.36145833333332,182.03333333333327,193.59999999999994,5808.0,0.0,5808.0,0.0,5949.0,0.0,53.1417578458786
drtp_img88_cacheonly_1024mb_200,200,100,20,2.0,30.0,dragonfly_style,96,4,16.167210028108457,74.50535714285711,93.36666666666657,2792.0,3016.0,5808.0,51.92837465564738,5487.0,0.0,57.82052129507065
drtp_img88_cacheonly_1024mb_200,200,100,20,2.0,30.0,peersync_style,96,4,15.836899388227508,74.04702380952381,79.67499999999998,2358.0,3450.0,5808.0,59.400826446280995,6881.0,0.0,99.3589460849762
drtp_img88_cacheonly_1024mb_200,200,100,20,2.0,30.0,metapipe_reactive_style,96,4,16.909333388447976,85.06666666666669,92.88468253968256,2777.0,3031.0,5808.0,52.1866391184573,5504.0,0.0,67.76624172925949
drtp_img88_cacheonly_1024mb_200,200,100,20,2.0,30.0,ilrsa_style,96,4,48.91666666666671,193.10000000000002,193.6,5808.0,0.0,5808.0,0.0,7054.0,0.0,70.92957198619843
drtp_img88_cacheonly_1024mb_200,200,100,20,2.0,100.0,registry,96,4,9.717786458333318,54.60999999999992,58.85249999999994,5808.0,0.0,5808.0,0.0,5949.0,0.0,53.24217677116394
drtp_img88_cacheonly_1024mb_200,200,100,20,2.0,100.0,dragonfly_style,96,4,5.3051419391396655,24.767652777777812,29.184017361111138,2792.0,3016.0,5808.0,51.92837465564738,5392.0,0.0,60.8472004532814
drtp_img88_cacheonly_1024mb_200,200,100,20,2.0,100.0,peersync_style,96,4,5.235941599151238,23.675347222222243,29.290185185185198,2358.0,3450.0,5808.0,59.400826446280995,7428.0,0.0,106.91307485103607
drtp_img88_cacheonly_1024mb_200,200,100,20,2.0,100.0,metapipe_reactive_style,96,4,5.599187793011808,27.576191654265866,36.7827333829365,2720.0,3088.0,5808.0,53.16804407713499,5447.0,0.0,68.52120906114578
drtp_img88_cacheonly_1024mb_200,200,100,20,2.0,100.0,ilrsa_style,96,4,14.714322916666651,58.66499999999994,58.85249999999998,5808.0,0.0,5808.0,0.0,7054.0,0.0,70.18081098794937
drtp_img88_cacheonly_1024mb_500,500,250,1,0.5,10.0,registry,134,116,860.0231343283576,1467.199999999999,1568.2999999999984,15683.0,0.0,15683.0,0.0,10005.0,5875.0,96.23655676841736
drtp_img88_cacheonly_1024mb_500,500,250,1,0.5,10.0,dragonfly_style,134,116,730.0145848140249,1327.7999999999993,1416.4999999999993,14165.0,1518.0,15683.0,9.679270547726839,9895.0,5875.0,109.36690121889114
drtp_img88_cacheonly_1024mb_500,500,250,1,0.5,10.0,peersync_style,134,116,662.6800027392795,1215.7000000000005,1304.4000000000005,13044.0,2639.0,15683.0,16.827137664987568,10103.0,5875.0,170.80748826265335
drtp_img88_cacheonly_1024mb_500,500,250,1,0.5,10.0,metapipe_reactive_style,134,116,619.689638572391,1250.1999999999998,1338.8999999999999,13389.0,2294.0,15683.0,14.627303449595104,9901.0,5875.0,151.412270963192
drtp_img88_cacheonly_1024mb_500,500,250,1,0.5,10.0,ilrsa_style,134,116,1137.664179104479,1549.400000000002,1568.3000000000004,15683.0,0.0,15683.0,0.0,10002.0,5875.0,212.52256631851196
drtp_img88_cacheonly_1024mb_500,500,250,1,0.5,30.0,registry,134,116,286.6743781094529,489.06666666666706,522.766666666667,15683.0,0.0,15683.0,0.0,10005.0,5875.0,95.62896937131882
drtp_img88_cacheonly_1024mb_500,500,250,1,0.5,30.0,dragonfly_style,134,116,243.34036499052385,442.60000000000076,472.1666666666674,14165.0,1518.0,15683.0,9.679270547726839,9961.0,5875.0,108.2693263888359
drtp_img88_cacheonly_1024mb_500,500,250,1,0.5,30.0,peersync_style,134,116,221.05540120683432,405.2333333333332,434.79999999999984,13044.0,2639.0,15683.0,16.827137664987568,9998.0,5875.0,171.43604904413223
drtp_img88_cacheonly_1024mb_500,500,250,1,0.5,30.0,metapipe_reactive_style,134,116,206.57740228452758,416.73333333333346,446.3000000000001,13389.0,2294.0,15683.0,14.627303449595104,9901.0,5875.0,153.17288786172867
drtp_img88_cacheonly_1024mb_500,500,250,1,0.5,30.0,ilrsa_style,134,116,379.221393034826,516.4666666666683,522.7666666666679,15683.0,0.0,15683.0,0.0,10002.0,5875.0,212.21691370010376
drtp_img88_cacheonly_1024mb_500,500,250,1,0.5,100.0,registry,134,116,86.00794776119392,146.71999999999974,157.28249999999971,15683.0,0.0,15683.0,0.0,10005.0,5875.0,95.26276588439941
drtp_img88_cacheonly_1024mb_500,500,250,1,0.5,100.0,dragonfly_style,134,116,73.60444322957206,142.77331150793646,153.86081150793646,14165.0,1518.0,15683.0,9.679270547726839,9815.0,5875.0,109.88534241914749
drtp_img88_cacheonly_1024mb_500,500,250,1,0.5,100.0,peersync_style,134,116,67.55716052948495,132.00556255320092,143.09306255320092,13044.0,2639.0,15683.0,16.827137664987568,10082.0,5875.0,174.26850646734238
drtp_img88_cacheonly_1024mb_500,500,250,1,0.5,100.0,metapipe_reactive_style,134,116,63.20731169715493,136.7865621672454,147.8740621672454,13485.0,2198.0,15683.0,14.015175667920678,10115.0,5875.0,154.96673434972763
drtp_img88_cacheonly_1024mb_500,500,250,1,0.5,100.0,ilrsa_style,134,116,113.77712686567162,154.9400000000001,157.28249999999994,15683.0,0.0,15683.0,0.0,10002.0,5875.0,213.0781188607216
drtp_img88_cacheonly_1024mb_500,500,250,1,1.0,10.0,registry,131,119,702.0793893129764,1320.2999999999986,1439.5999999999979,14396.0,0.0,14396.0,0.0,14063.0,0.0,107.24608600139618
drtp_img88_cacheonly_1024mb_500,500,250,1,1.0,10.0,dragonfly_style,131,119,457.36881550648246,744.0874107142861,815.8666666666674,8154.0,6242.0,14396.0,43.35926646290636,13701.0,0.0,120.61634659767151
drtp_img88_cacheonly_1024mb_500,500,250,1,1.0,10.0,peersync_style,131,119,424.30032388222554,597.2700000000006,624.0291666666675,6231.0,8165.0,14396.0,56.71714365101417,12057.0,290.0,210.25312691926956
drtp_img88_cacheonly_1024mb_500,500,250,1,1.0,10.0,metapipe_reactive_style,131,119,418.2563924784922,670.0432043650794,784.5000000000002,7845.0,6551.0,14396.0,45.50569602667407,13854.0,0.0,167.8735911846161
drtp_img88_cacheonly_1024mb_500,500,250,1,1.0,10.0,ilrsa_style,131,119,895.8625954198471,1436.1,1439.5999999999967,14396.0,0.0,14396.0,0.0,14052.0,0.0,254.92186844348907
drtp_img88_cacheonly_1024mb_500,500,250,1,1.0,30.0,registry,131,119,234.02646310432584,440.10000000000036,479.8666666666673,14396.0,0.0,14396.0,0.0,14063.0,0.0,106.62389546632767
drtp_img88_cacheonly_1024mb_500,500,250,1,1.0,30.0,dragonfly_style,131,119,153.98421489155447,246.31187499999984,276.366666666667,8200.0,6196.0,14396.0,43.03973325923868,13611.0,0.0,120.83456665277481
drtp_img88_cacheonly_1024mb_500,500,250,1,1.0,30.0,peersync_style,131,119,144.80390209014894,215.00247892857132,218.53454845238076,6231.0,8165.0,14396.0,56.71714365101417,12002.0,290.0,206.64509385824203
drtp_img88_cacheonly_1024mb_500,500,250,1,1.0,30.0,metapipe_reactive_style,131,119,142.95373049975987,232.5962744252331,262.9333333333334,7888.0,6508.0,14396.0,45.20700194498472,13082.0,290.0,170.121431350708
drtp_img88_cacheonly_1024mb_500,500,250,1,1.0,30.0,ilrsa_style,131,119,298.62086513994944,478.7000000000012,479.8666666666688,14396.0,0.0,14396.0,0.0,14052.0,0.0,253.4835934638977
drtp_img88_cacheonly_1024mb_500,500,250,1,1.0,100.0,registry,131,119,70.21735368956725,132.0299999999996,145.19333333333316,14396.0,0.0,14396.0,0.0,14063.0,0.0,107.08912461996078
drtp_img88_cacheonly_1024mb_500,500,250,1,1.0,100.0,dragonfly_style,131,119,48.41550168690401,83.15406477331352,89.78618753968249,8007.0,6389.0,14396.0,44.3803834398444,12864.0,290.0,126.52140855789185
drtp_img88_cacheonly_1024mb_500,500,250,1,1.0,100.0,peersync_style,131,119,46.80907537470973,79.78132894841276,87.95004439980161,6289.0,8107.0,14396.0,56.314253959433174,12460.0,290.0,212.38581091165543
drtp_img88_cacheonly_1024mb_500,500,250,1,1.0,100.0,metapipe_reactive_style,131,119,45.41007373971629,82.15637045127659,88.60687274099365,8084.0,6312.0,14396.0,43.845512642400664,12503.0,290.0,171.95866256952286
drtp_img88_cacheonly_1024mb_500,500,250,1,1.0,100.0,ilrsa_style,131,119,89.69226463104329,144.6100000000001,145.1933333333339,14396.0,0.0,14396.0,0.0,14052.0,0.0,253.70661914348602
drtp_img88_cacheonly_1024mb_500,500,250,1,2.0,10.0,registry,134,116,85.54850746268649,405.8999999999999,431.7999999999997,4318.0,0.0,4318.0,0.0,3303.0,0.0,50.32622814178467
drtp_img88_cacheonly_1024mb_500,500,250,1,2.0,10.0,dragonfly_style,134,116,63.595912797125465,322.8966666666664,334.6124999999998,3338.0,980.0,4318.0,22.69569245020843,3562.0,0.0,55.142760276794434
drtp_img88_cacheonly_1024mb_500,500,250,1,2.0,10.0,peersync_style,134,116,61.625510641238236,305.54333333333307,309.5999999999998,3096.0,1222.0,4318.0,28.300138953219083,4646.0,0.0,88.32091838121414
drtp_img88_cacheonly_1024mb_500,500,250,1,2.0,10.0,metapipe_reactive_style,134,116,61.14902126273396,332.031238095238,336.19999999999993,3362.0,956.0,4318.0,22.139879573876794,3610.0,0.0,67.8706094622612
drtp_img88_cacheonly_1024mb_500,500,250,1,2.0,10.0,ilrsa_style,134,116,115.56791044776122,425.1,431.8000000000001,4318.0,0.0,4318.0,0.0,5125.0,0.0,72.3685473203659
drtp_img88_cacheonly_1024mb_500,500,250,1,2.0,30.0,registry,134,116,28.51616915422887,135.30000000000004,143.9333333333333,4318.0,0.0,4318.0,0.0,3303.0,0.0,49.14344847202301
drtp_img88_cacheonly_1024mb_500,500,250,1,2.0,30.0,dragonfly_style,134,116,21.344775704809287,107.76333333333338,112.07916666666671,3338.0,980.0,4318.0,22.69569245020843,3562.0,0.0,55.63990771770477
drtp_img88_cacheonly_1024mb_500,500,250,1,2.0,30.0,peersync_style,134,116,20.69852943615256,101.9433333333333,103.19999999999996,3096.0,1222.0,4318.0,28.300138953219083,4657.0,0.0,90.66454321146011
drtp_img88_cacheonly_1024mb_500,500,250,1,2.0,30.0,metapipe_reactive_style,134,116,20.42391386792888,110.69885714285716,112.06666666666668,3362.0,956.0,4318.0,22.139879573876794,3610.0,0.0,66.97273254394531
drtp_img88_cacheonly_1024mb_500,500,250,1,2.0,30.0,ilrsa_style,134,116,38.522636815920386,141.69999999999987,143.93333333333317,4318.0,0.0,4318.0,0.0,5125.0,0.0,72.5741758942604
drtp_img88_cacheonly_1024mb_500,500,250,1,2.0,100.0,registry,134,116,8.555895522388063,40.59000000000002,43.320000000000014,4318.0,0.0,4318.0,0.0,3303.0,0.0,49.319423735141754
drtp_img88_cacheonly_1024mb_500,500,250,1,2.0,100.0,dragonfly_style,134,116,6.783142738687513,33.50833333333332,35.26499999999999,3440.0,878.0,4318.0,20.33348772579898,3664.0,0.0,55.29418587684631
drtp_img88_cacheonly_1024mb_500,500,250,1,2.0,100.0,peersync_style,134,116,6.373430629590138,30.645833333333304,31.051874999999978,3096.0,1222.0,4318.0,28.300138953219083,5242.0,0.0,88.84982764720917
drtp_img88_cacheonly_1024mb_500,500,250,1,2.0,100.0,metapipe_reactive_style,134,116,6.140944452254352,33.23244085833333,33.71688978541666,3362.0,956.0,4318.0,22.139879573876794,3610.0,0.0,65.49756228923798
drtp_img88_cacheonly_1024mb_500,500,250,1,2.0,100.0,ilrsa_style,134,116,11.55832089552239,42.51000000000001,43.32000000000003,4318.0,0.0,4318.0,0.0,5125.0,0.0,72.75885343551636
drtp_img88_cacheonly_1024mb_500,500,250,2,0.5,10.0,registry,131,119,864.0442748091589,1485.399999999998,1607.799999999998,16078.0,0.0,16078.0,0.0,10453.0,5541.0,88.03740888834
drtp_img88_cacheonly_1024mb_500,500,250,2,0.5,10.0,dragonfly_style,131,119,664.1218829516536,1227.9000000000008,1316.6000000000008,13166.0,2912.0,16078.0,18.111705435999504,10280.0,5791.0,98.93028438091278
drtp_img88_cacheonly_1024mb_500,500,250,2,0.5,10.0,peersync_style,131,119,613.5982703259423,1141.1000000000001,1229.8000000000002,12298.0,3780.0,16078.0,23.510386864037816,10533.0,5541.0,161.0850766301155
drtp_img88_cacheonly_1024mb_500,500,250,2,0.5,10.0,metapipe_reactive_style,131,119,558.9388620441047,1128.5,1305.9,13059.0,3019.0,16078.0,18.77721109590745,10473.0,5541.0,130.67802041769028
drtp_img88_cacheonly_1024mb_500,500,250,2,0.5,10.0,ilrsa_style,131,119,1034.6175572519078,1605.8999999999978,1607.7999999999963,16078.0,0.0,16078.0,0.0,10419.0,5541.0,189.5546168088913
drtp_img88_cacheonly_1024mb_500,500,250,2,0.5,30.0,registry,131,119,288.01475826972035,495.1333333333339,535.933333333334,16078.0,0.0,16078.0,0.0,10453.0,5541.0,86.40094846487045
drtp_img88_cacheonly_1024mb_500,500,250,2,0.5,30.0,dragonfly_style,131,119,227.74431252271916,419.89999999999975,449.4666666666664,13484.0,2594.0,16078.0,16.133847493469336,10118.0,5935.0,97.32738882303238
drtp_img88_cacheonly_1024mb_500,500,250,2,0.5,30.0,peersync_style,131,119,204.7580716103238,380.36666666666684,409.9333333333335,12298.0,3780.0,16078.0,23.510386864037816,10432.0,5541.0,160.55777668952942
drtp_img88_cacheonly_1024mb_500,500,250,2,0.5,30.0,metapipe_reactive_style,131,119,186.39142714423733,376.1666666666668,435.3000000000001,13059.0,3019.0,16078.0,18.77721109590745,10473.0,5541.0,132.27010518312454
drtp_img88_cacheonly_1024mb_500,500,250,2,0.5,30.0,ilrsa_style,131,119,344.87251908396956,535.2999999999997,535.9333333333326,16078.0,0.0,16078.0,0.0,10419.0,5541.0,190.45202434062958
drtp_img88_cacheonly_1024mb_500,500,250,2,0.5,100.0,registry,131,119,86.50340966921105,148.5400000000001,168.86000000000016,16078.0,0.0,16078.0,0.0,10453.0,5541.0,87.05461025238037
drtp_img88_cacheonly_1024mb_500,500,250,2,0.5,100.0,dragonfly_style,131,119,67.48003919029443,118.05526041666666,147.62192708333333,13384.0,2694.0,16078.0,16.755815399925364,10124.0,5759.0,98.24179857969284
drtp_img88_cacheonly_1024mb_500,500,250,2,0.5,100.0,peersync_style,131,119,63.11707900897996,108.39746913580258,137.96413580246926,12376.0,3702.0,16078.0,23.025251897002114,10537.0,5541.0,162.99037635326385
drtp_img88_cacheonly_1024mb_500,500,250,2,0.5,100.0,metapipe_reactive_style,131,119,59.5188949053263,119.57365049087302,149.1403171575397,13645.0,2433.0,16078.0,15.132479164075134,10628.0,5541.0,135.38795709609985
drtp_img88_cacheonly_1024mb_500,500,250,2,0.5,100.0,ilrsa_style,131,119,104.17804071246822,168.54333333333372,168.8600000000006,16078.0,0.0,16078.0,0.0,10419.0,5541.0,189.75000083446503
drtp_img88_cacheonly_1024mb_500,500,250,2,1.0,10.0,registry,133,117,635.9383458646622,1269.1000000000006,1330.2,13302.0,0.0,13302.0,0.0,13360.0,0.0,85.33702790737152
drtp_img88_cacheonly_1024mb_500,500,250,2,1.0,10.0,dragonfly_style,133,117,286.8634603174602,641.2477777777775,667.5999999999999,6676.0,6626.0,13302.0,49.81205833709217,13488.0,0.0,92.44728833436966
drtp_img88_cacheonly_1024mb_500,500,250,2,1.0,10.0,peersync_style,133,117,271.4759116541354,557.225071428572,590.9000000000011,5909.0,7393.0,13302.0,55.57810855510449,13523.0,0.0,183.96694213151932
drtp_img88_cacheonly_1024mb_500,500,250,2,1.0,10.0,metapipe_reactive_style,133,117,310.5731951291919,640.2516567460318,772.1000000000001,7721.0,5581.0,13302.0,41.95609682754473,12166.0,371.0,130.6522786617279
drtp_img88_cacheonly_1024mb_500,500,250,2,1.0,10.0,ilrsa_style,133,117,804.7872180451129,1328.1000000000008,1330.1999999999991,13302.0,0.0,13302.0,0.0,14091.0,0.0,203.8748934864998
drtp_img88_cacheonly_1024mb_500,500,250,2,1.0,30.0,registry,133,117,211.97944862155376,423.0333333333332,443.40000000000003,13302.0,0.0,13302.0,0.0,13360.0,0.0,84.77940410375595
drtp_img88_cacheonly_1024mb_500,500,250,2,1.0,30.0,dragonfly_style,133,117,96.98369970760226,211.05383888888846,222.5333333333329,6676.0,6626.0,13302.0,49.81205833709217,13505.0,0.0,92.52279251813889
drtp_img88_cacheonly_1024mb_500,500,250,2,1.0,30.0,peersync_style,133,117,92.69527658232886,187.88174920634907,200.38306931216914,5909.0,7393.0,13302.0,55.57810855510449,13590.0,0.0,182.20777809619904
drtp_img88_cacheonly_1024mb_500,500,250,2,1.0,30.0,metapipe_reactive_style,133,117,70.58669976104832,179.81512936714623,225.00000000000006,6750.0,6552.0,13302.0,49.25575101488498,14967.0,0.0,135.2253556251526
drtp_img88_cacheonly_1024mb_500,500,250,2,1.0,30.0,ilrsa_style,133,117,268.262406015038,442.70000000000044,443.40000000000094,13302.0,0.0,13302.0,0.0,14091.0,0.0,202.28920876979828
drtp_img88_cacheonly_1024mb_500,500,250,2,1.0,100.0,registry,133,117,63.61887218045103,126.90999999999988,134.3974999999998,13302.0,0.0,13302.0,0.0,13360.0,0.0,84.81038361787796
drtp_img88_cacheonly_1024mb_500,500,250,2,1.0,100.0,dragonfly_style,133,117,30.931346522695655,65.68573095238101,70.70265888095244,6688.0,6614.0,13302.0,49.721846338896405,12742.0,225.0,95.7440584897995
drtp_img88_cacheonly_1024mb_500,500,250,2,1.0,100.0,peersync_style,133,117,30.0513171296918,62.135618675595296,66.01061867559531,5909.0,7393.0,13302.0,55.57810855510449,12861.0,225.0,187.26693838834763
drtp_img88_cacheonly_1024mb_500,500,250,2,1.0,100.0,metapipe_reactive_style,133,117,23.224616588921087,58.8630027238758,74.03566902123256,7186.0,6116.0,13302.0,45.97804841377236,13143.0,371.0,136.74038648605347
drtp_img88_cacheonly_1024mb_500,500,250,2,1.0,100.0,ilrsa_style,133,117,80.59998120300754,134.13500000000013,134.39749999999992,13302.0,0.0,13302.0,0.0,14091.0,0.0,202.19078660011292
drtp_img88_cacheonly_1024mb_500,500,250,2,2.0,10.0,registry,131,119,132.85725190839696,558.7999999999997,691.9999999999994,6920.0,0.0,6920.0,0.0,5109.0,0.0,68.99503618478775
drtp_img88_cacheonly_1024mb_500,500,250,2,2.0,10.0,dragonfly_style,131,119,56.644730916030404,215.89999999999952,238.46666666666627,2380.0,4540.0,6920.0,65.60693641618496,5177.0,0.0,81.35209232568741
drtp_img88_cacheonly_1024mb_500,500,250,2,2.0,10.0,peersync_style,131,119,55.84678784987266,211.39999999999966,233.96666666666636,2335.0,4585.0,6920.0,66.25722543352602,5255.0,0.0,144.06927675008774
drtp_img88_cacheonly_1024mb_500,500,250,2,2.0,10.0,metapipe_reactive_style,131,119,50.98875824245729,243.014489021164,262.6333333333333,2590.0,4330.0,6920.0,62.57225433526011,5109.0,0.0,99.87863153219223
drtp_img88_cacheonly_1024mb_500,500,250,2,2.0,10.0,ilrsa_style,131,119,175.92824427480895,597.5999999999984,691.9999999999994,6920.0,0.0,6920.0,0.0,6657.0,0.0,127.78277695178986
drtp_img88_cacheonly_1024mb_500,500,250,2,2.0,30.0,registry,131,119,44.28575063613226,186.2666666666663,230.66666666666623,6920.0,0.0,6920.0,0.0,5109.0,0.0,67.26788729429245
drtp_img88_cacheonly_1024mb_500,500,250,2,2.0,30.0,dragonfly_style,131,119,19.363875636132338,73.66250000000011,81.47500000000011,2380.0,4540.0,6920.0,65.60693641618496,5177.0,0.0,81.42923563718796
drtp_img88_cacheonly_1024mb_500,500,250,2,2.0,30.0,peersync_style,131,119,19.107751272264654,73.05927083333346,79.34166666666677,2335.0,4585.0,6920.0,66.25722543352602,5432.0,0.0,147.66819775104523
drtp_img88_cacheonly_1024mb_500,500,250,2,2.0,30.0,metapipe_reactive_style,131,119,17.272582006158416,80.08427742504408,90.56666666666666,2608.0,4312.0,6920.0,62.3121387283237,5110.0,0.0,100.50550103187561
drtp_img88_cacheonly_1024mb_500,500,250,2,2.0,30.0,ilrsa_style,131,119,58.64274809160294,199.19999999999942,230.66666666666603,6920.0,0.0,6920.0,0.0,6657.0,0.0,128.58879566192627
drtp_img88_cacheonly_1024mb_500,500,250,2,2.0,100.0,registry,131,119,13.316221374045792,55.87999999999999,71.55000000000004,6920.0,0.0,6920.0,0.0,5109.0,0.0,67.65908002853394
drtp_img88_cacheonly_1024mb_500,500,250,2,2.0,100.0,dragonfly_style,131,119,6.6466377226463065,25.679999999999975,37.843583333333314,2484.0,4436.0,6920.0,64.10404624277457,5132.0,0.0,81.52025938034058
drtp_img88_cacheonly_1024mb_500,500,250,2,2.0,100.0,peersync_style,131,119,6.617543893129765,25.659999999999958,37.8060833333333,2335.0,4585.0,6920.0,66.25722543352602,5912.0,0.0,140.96733182668686
drtp_img88_cacheonly_1024mb_500,500,250,2,2.0,100.0,metapipe_reactive_style,131,119,5.617289347222753,26.67729553333333,36.53800807465277,2825.0,4095.0,6920.0,59.176300578034684,5074.0,0.0,104.08814251422882
drtp_img88_cacheonly_1024mb_500,500,250,2,2.0,100.0,ilrsa_style,131,119,17.682003816793905,59.760000000000055,71.55000000000017,6920.0,0.0,6920.0,0.0,6657.0,0.0,128.64458560943604
drtp_img88_cacheonly_1024mb_500,500,250,3,0.5,10.0,registry,126,124,834.1142857142859,1425.7000000000014,1468.800000000001,14688.0,0.0,14688.0,0.0,9926.0,4988.0,93.38194876909256
drtp_img88_cacheonly_1024mb_500,500,250,3,0.5,10.0,dragonfly_style,126,124,643.153976442429,1244.8,1244.8,12448.0,2240.0,14688.0,15.250544662309368,9588.0,4988.0,107.1215569972992
drtp_img88_cacheonly_1024mb_500,500,250,3,0.5,10.0,peersync_style,126,124,607.3051516439912,1184.8000000000006,1184.8000000000006,11848.0,2840.0,14688.0,19.335511982570807,9819.0,4988.0,182.9879805445671
drtp_img88_cacheonly_1024mb_500,500,250,3,0.5,10.0,metapipe_reactive_style,126,124,563.6560573507181,1100.8000000000002,1189.5000000000002,11895.0,2793.0,14688.0,19.015522875816995,10165.0,4988.0,151.45419538021088
drtp_img88_cacheonly_1024mb_500,500,250,3,0.5,10.0,ilrsa_style,126,124,992.3285714285711,1466.800000000001,1468.7999999999995,14688.0,0.0,14688.0,0.0,9797.0,4988.0,205.12812584638596
drtp_img88_cacheonly_1024mb_500,500,250,3,0.5,30.0,registry,126,124,278.0380952380958,475.23333333333454,489.60000000000133,14688.0,0.0,14688.0,0.0,9926.0,4988.0,91.95428341627121
drtp_img88_cacheonly_1024mb_500,500,250,3,0.5,30.0,dragonfly_style,126,124,214.48146730914587,414.86666666666673,414.86666666666673,12446.0,2242.0,14688.0,15.264161220043572,9338.0,5238.0,107.19814896583557
drtp_img88_cacheonly_1024mb_500,500,250,3,0.5,30.0,peersync_style,126,124,202.63078546233308,394.9333333333331,394.9333333333331,11848.0,2840.0,14688.0,19.335511982570807,9569.0,5238.0,185.07793545722961
drtp_img88_cacheonly_1024mb_500,500,250,3,0.5,30.0,metapipe_reactive_style,126,124,188.9545216610152,359.4333333333334,389.00000000000006,11670.0,3018.0,14688.0,20.547385620915033,10047.0,4988.0,152.28115022182465
drtp_img88_cacheonly_1024mb_500,500,250,3,0.5,30.0,ilrsa_style,126,124,330.7761904761902,488.93333333333277,489.5999999999999,14688.0,0.0,14688.0,0.0,9797.0,4988.0,205.8359757065773
drtp_img88_cacheonly_1024mb_500,500,250,3,0.5,100.0,registry,126,124,83.43103174603152,142.56999999999957,147.5524999999995,14688.0,0.0,14688.0,0.0,9926.0,4988.0,92.0783281326294
drtp_img88_cacheonly_1024mb_500,500,250,3,0.5,100.0,dragonfly_style,126,124,65.82880224867715,138.54763392857143,138.54763392857143,12446.0,2242.0,14688.0,15.264161220043572,9338.0,5238.0,108.06890577077866
drtp_img88_cacheonly_1024mb_500,500,250,3,0.5,100.0,peersync_style,126,124,62.21301898896127,132.52765376984124,132.52765376984124,11832.0,2856.0,14688.0,19.444444444444443,9648.0,5238.0,183.73960256576538
drtp_img88_cacheonly_1024mb_500,500,250,3,0.5,100.0,metapipe_reactive_style,126,124,59.73528661016779,135.64749999999995,135.64749999999995,11719.0,2969.0,14688.0,20.213779956427015,10159.0,4988.0,154.49924021959305
drtp_img88_cacheonly_1024mb_500,500,250,3,0.5,100.0,ilrsa_style,126,124,99.28805555555545,147.30249999999984,147.55249999999964,14688.0,0.0,14688.0,0.0,9797.0,4988.0,204.84467595815659
drtp_img88_cacheonly_1024mb_500,500,250,3,1.0,10.0,registry,131,119,643.5717557251904,1329.5000000000002,1431.0,14310.0,0.0,14310.0,0.0,14733.0,0.0,108.21852087974548
drtp_img88_cacheonly_1024mb_500,500,250,3,1.0,10.0,dragonfly_style,131,119,326.21882633587774,574.5929166666663,660.1125000000001,6587.0,7723.0,14310.0,53.96925227113906,14595.0,0.0,124.44639950990677
drtp_img88_cacheonly_1024mb_500,500,250,3,1.0,10.0,peersync_style,131,119,299.38351251060163,539.6729166666659,539.6729166666659,5235.0,9075.0,14310.0,63.41719077568134,13921.0,0.0,230.40349781513214
drtp_img88_cacheonly_1024mb_500,500,250,3,1.0,10.0,metapipe_reactive_style,131,119,342.1525887091556,601.8921884259253,694.2833333333325,6795.0,7515.0,14310.0,52.515723270440255,14572.0,225.0,181.9634586572647
drtp_img88_cacheonly_1024mb_500,500,250,3,1.0,10.0,ilrsa_style,131,119,769.221374045801,1429.5999999999985,1430.9999999999973,14310.0,0.0,14310.0,0.0,15011.0,0.0,272.57249504327774
drtp_img88_cacheonly_1024mb_500,500,250,3,1.0,30.0,registry,131,119,214.5239185750641,443.16666666666754,477.000000000001,14310.0,0.0,14310.0,0.0,14733.0,0.0,107.44868963956833
drtp_img88_cacheonly_1024mb_500,500,250,3,1.0,30.0,dragonfly_style,131,119,111.97340834393547,207.16067013888883,225.0731701388888,6248.0,8062.0,14310.0,56.3382250174703,14662.0,0.0,125.97139924764633
drtp_img88_cacheonly_1024mb_500,500,250,3,1.0,30.0,peersync_style,131,119,103.75766012275005,201.32509259259254,202.68199845679007,5235.0,9075.0,14310.0,63.41719077568134,13910.0,0.0,230.93358427286148
drtp_img88_cacheonly_1024mb_500,500,250,3,1.0,30.0,metapipe_reactive_style,131,119,116.25973156194038,211.95626369598753,241.9815325308642,6795.0,7515.0,14310.0,52.515723270440255,14572.0,225.0,183.0175742506981
drtp_img88_cacheonly_1024mb_500,500,250,3,1.0,30.0,ilrsa_style,131,119,256.40712468193374,476.5333333333339,477.00000000000097,14310.0,0.0,14310.0,0.0,15011.0,0.0,271.8088924884796
drtp_img88_cacheonly_1024mb_500,500,250,3,1.0,100.0,registry,131,119,64.44379134860037,132.9499999999998,147.53333333333333,14310.0,0.0,14310.0,0.0,14733.0,0.0,107.05717653036118
drtp_img88_cacheonly_1024mb_500,500,250,3,1.0,100.0,dragonfly_style,131,119,40.10930468314252,86.55815613888896,101.46962912500005,6537.0,7773.0,14310.0,54.318658280922435,14021.0,0.0,125.06763637065887
drtp_img88_cacheonly_1024mb_500,500,250,3,1.0,100.0,peersync_style,131,119,35.94119030432569,80.67868383752902,88.96014598427863,5235.0,9075.0,14310.0,63.41719077568134,14642.0,0.0,235.73067039251328
drtp_img88_cacheonly_1024mb_500,500,250,3,1.0,100.0,metapipe_reactive_style,131,119,38.02246536452772,79.38723506517012,91.48656285852886,6795.0,7515.0,14310.0,52.515723270440255,14572.0,225.0,184.0016469359398
drtp_img88_cacheonly_1024mb_500,500,250,3,1.0,100.0,ilrsa_style,131,119,77.19969465648867,147.30000000000064,147.53333333333416,14310.0,0.0,14310.0,0.0,15011.0,0.0,272.3840996623039
drtp_img88_cacheonly_1024mb_500,500,250,3,2.0,10.0,registry,131,119,94.5412213740458,491.4000000000002,545.9000000000003,5459.0,0.0,5459.0,0.0,4820.0,0.0,65.37504494190216
drtp_img88_cacheonly_1024mb_500,500,250,3,2.0,10.0,dragonfly_style,131,119,43.780136616987804,222.1716666666669,229.10000000000022,2291.0,3168.0,5459.0,58.03260670452464,4865.0,0.0,73.90215992927551
drtp_img88_cacheonly_1024mb_500,500,250,3,2.0,10.0,peersync_style,131,119,42.949947594814056,216.37166666666704,223.30000000000035,2233.0,3226.0,5459.0,59.09507235757465,5756.0,0.0,129.6480968594551
drtp_img88_cacheonly_1024mb_500,500,250,3,2.0,10.0,metapipe_reactive_style,131,119,44.249968805282926,227.40550000000002,234.5,2345.0,3114.0,5459.0,57.043414544788426,4932.0,0.0,89.98634666204453
drtp_img88_cacheonly_1024mb_500,500,250,3,2.0,10.0,ilrsa_style,131,119,114.51603053435097,532.3999999999992,545.8999999999996,5459.0,0.0,5459.0,0.0,6223.0,0.0,118.3786615729332
drtp_img88_cacheonly_1024mb_500,500,250,3,2.0,30.0,registry,131,119,31.513740458015274,163.79999999999993,181.96666666666655,5459.0,0.0,5459.0,0.0,4820.0,0.0,64.33366239070892
drtp_img88_cacheonly_1024mb_500,500,250,3,2.0,30.0,dragonfly_style,131,119,15.169219253604744,76.2016,80.72741111111111,2291.0,3168.0,5459.0,58.03260670452464,4848.0,0.0,75.64041763544083
drtp_img88_cacheonly_1024mb_500,500,250,3,2.0,30.0,peersync_style,131,119,14.957239270568277,74.26826666666665,79.82839999999997,2233.0,3226.0,5459.0,59.09507235757465,6138.0,0.0,134.75213944911957
drtp_img88_cacheonly_1024mb_500,500,250,3,2.0,30.0,metapipe_reactive_style,131,119,15.11669180903914,78.16666666666666,82.80031084656085,2345.0,3114.0,5459.0,57.043414544788426,4936.0,0.0,90.3719961643219
drtp_img88_cacheonly_1024mb_500,500,250,3,2.0,30.0,ilrsa_style,131,119,38.17201017811707,177.46666666666667,181.96666666666664,5459.0,0.0,5459.0,0.0,6223.0,0.0,117.76555329561234
drtp_img88_cacheonly_1024mb_500,500,250,3,2.0,100.0,registry,131,119,9.458969465648853,49.140000000000015,54.907500000000034,5459.0,0.0,5459.0,0.0,4820.0,0.0,64.3996149301529
drtp_img88_cacheonly_1024mb_500,500,250,3,2.0,100.0,dragonfly_style,131,119,5.18080979643766,25.645333333333333,31.72249999999999,2294.0,3165.0,5459.0,57.977651584539295,4976.0,0.0,75.02342015504837
drtp_img88_cacheonly_1024mb_500,500,250,3,2.0,100.0,peersync_style,131,119,5.1468220101781155,25.109733333333313,30.73999999999997,2233.0,3226.0,5459.0,59.09507235757465,5654.0,0.0,129.4413059949875
drtp_img88_cacheonly_1024mb_500,500,250,3,2.0,100.0,metapipe_reactive_style,131,119,4.8997064602209734,23.716241393849206,32.79759192570546,2345.0,3114.0,5459.0,57.043414544788426,4936.0,0.0,91.3209468126297
drtp_img88_cacheonly_1024mb_500,500,250,3,2.0,100.0,ilrsa_style,131,119,11.461011450381688,53.24000000000009,54.90750000000013,5459.0,0.0,5459.0,0.0,6223.0,0.0,116.90360307693481
drtp_img88_cacheonly_1024mb_500,500,250,4,0.5,10.0,registry,132,118,864.7969696969692,1521.4999999999995,1642.8999999999999,16429.0,0.0,16429.0,0.0,10790.0,5541.0,93.06539595127106
drtp_img88_cacheonly_1024mb_500,500,250,4,0.5,10.0,dragonfly_style,132,118,701.8443281024523,1310.0999999999992,1398.7999999999993,13988.0,2441.0,16429.0,14.857873272871142,10810.0,5541.0,103.1980961561203
drtp_img88_cacheonly_1024mb_500,500,250,4,0.5,10.0,peersync_style,132,118,653.805253201659,1214.2999999999993,1302.9999999999993,13030.0,3399.0,16429.0,20.68902550368251,10935.0,5541.0,163.00857812166214
drtp_img88_cacheonly_1024mb_500,500,250,4,0.5,10.0,metapipe_reactive_style,132,118,595.7728610509862,1296.4000000000005,1385.1000000000006,13851.0,2578.0,16429.0,15.691764562663582,11120.0,5541.0,141.27236604690552
drtp_img88_cacheonly_1024mb_500,500,250,4,0.5,10.0,ilrsa_style,132,118,1078.4606060606056,1610.9000000000003,1642.899999999999,16429.0,0.0,16429.0,0.0,10757.0,5541.0,203.91404628753662
drtp_img88_cacheonly_1024mb_500,500,250,4,0.5,30.0,registry,132,118,288.26565656565657,507.1666666666671,547.6333333333338,16429.0,0.0,16429.0,0.0,10790.0,5541.0,92.26930886507034
drtp_img88_cacheonly_1024mb_500,500,250,4,0.5,30.0,dragonfly_style,132,118,232.11298566017356,436.7000000000006,466.2666666666673,13988.0,2441.0,16429.0,14.857873272871142,10828.0,5541.0,103.12303900718689
drtp_img88_cacheonly_1024mb_500,500,250,4,0.5,30.0,peersync_style,132,118,218.15264777236678,404.7666666666669,434.33333333333354,13030.0,3399.0,16429.0,20.68902550368251,10856.0,5541.0,162.56197541952133
drtp_img88_cacheonly_1024mb_500,500,250,4,0.5,30.0,metapipe_reactive_style,132,118,198.9993240440116,434.29999999999995,463.8666666666666,13916.0,2513.0,16429.0,15.296122709842352,11284.0,5541.0,141.33131504058838
drtp_img88_cacheonly_1024mb_500,500,250,4,0.5,30.0,ilrsa_style,132,118,359.48686868686855,536.9666666666673,547.6333333333336,16429.0,0.0,16429.0,0.0,10757.0,5541.0,203.84728908538818
drtp_img88_cacheonly_1024mb_500,500,250,4,0.5,100.0,registry,132,118,86.4863446969695,152.1499999999996,165.08499999999958,16429.0,0.0,16429.0,0.0,10790.0,5541.0,92.37941354513168
drtp_img88_cacheonly_1024mb_500,500,250,4,0.5,100.0,dragonfly_style,132,118,69.30646713323699,140.3174404761903,151.40494047619032,13815.0,2614.0,16429.0,15.910889281149187,10691.0,5541.0,103.71313244104385
drtp_img88_cacheonly_1024mb_500,500,250,4,0.5,100.0,peersync_style,132,118,66.46311147611031,132.6254087301588,143.7129087301588,12959.0,3470.0,16429.0,21.12118814291801,11115.0,5541.0,166.3404330611229
drtp_img88_cacheonly_1024mb_500,500,250,4,0.5,100.0,metapipe_reactive_style,132,118,59.00271502834812,139.87127779478465,150.95877779478465,13629.0,2800.0,16429.0,17.04303365999148,11085.0,5541.0,142.69118756055832
drtp_img88_cacheonly_1024mb_500,500,250,4,0.5,100.0,ilrsa_style,132,118,107.87573863636364,161.09000000000006,165.0849999999999,16429.0,0.0,16429.0,0.0,10757.0,5541.0,204.7482281923294
drtp_img88_cacheonly_1024mb_500,500,250,4,1.0,10.0,registry,131,119,757.9335877862592,1474.3999999999999,1604.6999999999998,16047.0,0.0,16047.0,0.0,15058.0,0.0,92.11298078298569
drtp_img88_cacheonly_1024mb_500,500,250,4,1.0,10.0,dragonfly_style,131,119,418.59898846631467,657.03821329365,777.4999999999998,7775.0,8272.0,16047.0,51.548576057830125,15233.0,0.0,110.67356169223785
drtp_img88_cacheonly_1024mb_500,500,250,4,1.0,10.0,peersync_style,131,119,403.9156124969704,634.923121031745,708.5999999999988,7086.0,8961.0,16047.0,55.84221349785007,14967.0,0.0,191.08489900827408
drtp_img88_cacheonly_1024mb_500,500,250,4,1.0,10.0,metapipe_reactive_style,131,119,409.91173990771046,781.39523478836,833.2833333333334,8185.0,7862.0,16047.0,48.99358135477036,14919.0,0.0,145.94584703445435
drtp_img88_cacheonly_1024mb_500,500,250,4,1.0,10.0,ilrsa_style,131,119,930.0610687022894,1574.7999999999988,1604.6999999999975,16047.0,0.0,16047.0,0.0,14301.0,0.0,211.61091327667236
drtp_img88_cacheonly_1024mb_500,500,250,4,1.0,30.0,registry,131,119,252.6445292620865,491.46666666666715,534.9000000000005,16047.0,0.0,16047.0,0.0,15058.0,0.0,91.40624105930328
drtp_img88_cacheonly_1024mb_500,500,250,4,1.0,30.0,dragonfly_style,131,119,141.77032000737069,231.57877976190426,259.1666666666661,7775.0,8272.0,16047.0,51.548576057830125,15142.0,0.0,112.92895674705505
drtp_img88_cacheonly_1024mb_500,500,250,4,1.0,30.0,peersync_style,131,119,137.16144898875137,223.1106078042325,236.9999999999997,7110.0,8937.0,16047.0,55.6926528323051,14958.0,0.0,192.6766186952591
drtp_img88_cacheonly_1024mb_500,500,250,4,1.0,30.0,metapipe_reactive_style,131,119,138.74581549759515,262.9888957993827,284.26666666666665,7984.0,8063.0,16047.0,50.246151928709416,14938.0,0.0,145.47980576753616
drtp_img88_cacheonly_1024mb_500,500,250,4,1.0,30.0,ilrsa_style,131,119,310.02035623409677,524.9333333333352,534.9000000000017,16047.0,0.0,16047.0,0.0,14301.0,0.0,211.0140025615692
drtp_img88_cacheonly_1024mb_500,500,250,4,1.0,100.0,registry,131,119,75.80837150127215,147.43999999999988,162.4366666666666,16047.0,0.0,16047.0,0.0,15058.0,0.0,91.32304787635803
drtp_img88_cacheonly_1024mb_500,500,250,4,1.0,100.0,dragonfly_style,131,119,48.68220978019778,90.60510978835983,105.11154012345682,8034.0,8013.0,16047.0,49.93456720882408,14522.0,309.0,112.15636134147644
drtp_img88_cacheonly_1024mb_500,500,250,4,1.0,100.0,peersync_style,131,119,45.511512599164256,85.95262838955027,100.59027857694002,7334.0,8713.0,16047.0,54.29675328721879,14599.0,309.0,190.2744024991989
drtp_img88_cacheonly_1024mb_500,500,250,4,1.0,100.0,metapipe_reactive_style,131,119,44.02762832989736,81.72120845887518,101.78281650221102,8185.0,7862.0,16047.0,48.99358135477036,13876.0,564.0,149.15241301059723
drtp_img88_cacheonly_1024mb_500,500,250,4,1.0,100.0,ilrsa_style,131,119,93.06503816793888,157.4800000000002,162.4366666666671,16047.0,0.0,16047.0,0.0,14301.0,0.0,211.13794296979904
drtp_img88_cacheonly_1024mb_500,500,250,4,2.0,10.0,registry,132,118,107.43030303030295,522.8999999999993,558.6999999999996,5587.0,0.0,5587.0,0.0,4874.0,0.0,66.16391241550446
drtp_img88_cacheonly_1024mb_500,500,250,4,2.0,10.0,dragonfly_style,132,118,58.73075366762868,246.93021825396846,289.4333333333336,2886.0,2701.0,5587.0,48.34437086092715,4849.0,0.0,74.74135607481003
drtp_img88_cacheonly_1024mb_500,500,250,4,2.0,10.0,peersync_style,132,118,55.51022456709959,230.57827380952395,259.53333333333353,2587.0,3000.0,5587.0,53.69608018614641,5153.0,0.0,109.49990153312683
drtp_img88_cacheonly_1024mb_500,500,250,4,2.0,10.0,metapipe_reactive_style,132,118,43.53829635813324,228.05021339561284,262.09999999999997,2621.0,2966.0,5587.0,53.08752461070342,4846.0,0.0,95.51337361335754
drtp_img88_cacheonly_1024mb_500,500,250,4,2.0,10.0,ilrsa_style,132,118,149.91515151515134,541.0999999999996,558.7000000000002,5587.0,0.0,5587.0,0.0,6297.0,0.0,108.74806344509125
drtp_img88_cacheonly_1024mb_500,500,250,4,2.0,30.0,registry,132,118,35.810101010101,174.2999999999999,186.23333333333318,5587.0,0.0,5587.0,0.0,4874.0,0.0,65.0482028722763
drtp_img88_cacheonly_1024mb_500,500,250,4,2.0,30.0,dragonfly_style,132,118,20.540580770502658,93.11507936507948,99.9666666666668,2974.0,2613.0,5587.0,46.76928584213353,4840.0,0.0,75.4237025976181
drtp_img88_cacheonly_1024mb_500,500,250,4,2.0,30.0,peersync_style,132,118,18.760702054022378,78.6121279761905,87.06666666666668,2587.0,3000.0,5587.0,53.69608018614641,5013.0,0.0,108.21274667978287
drtp_img88_cacheonly_1024mb_500,500,250,4,2.0,30.0,metapipe_reactive_style,132,118,14.562912725643452,74.89370236315824,87.36666666666667,2621.0,2966.0,5587.0,53.08752461070342,4846.0,0.0,97.25655615329742
drtp_img88_cacheonly_1024mb_500,500,250,4,2.0,30.0,ilrsa_style,132,118,49.97171717171699,180.36666666666576,186.23333333333238,5587.0,0.0,5587.0,0.0,6297.0,0.0,108.43702405691147
drtp_img88_cacheonly_1024mb_500,500,250,4,2.0,100.0,registry,132,118,10.760252525252529,52.29000000000002,57.03000000000004,5587.0,0.0,5587.0,0.0,4874.0,0.0,65.18040597438812
drtp_img88_cacheonly_1024mb_500,500,250,4,2.0,100.0,dragonfly_style,132,118,6.22515484873537,28.055937400793646,30.137625932539674,2810.0,2777.0,5587.0,49.704671558976194,5081.0,0.0,78.10619473457336
drtp_img88_cacheonly_1024mb_500,500,250,4,2.0,100.0,peersync_style,132,118,5.898214425434233,26.1259759259259,28.573728946031718,2587.0,3000.0,5587.0,53.69608018614641,5090.0,0.0,111.72996461391449
drtp_img88_cacheonly_1024mb_500,500,250,4,2.0,100.0,metapipe_reactive_style,132,118,4.346220726744201,22.70605030728885,27.982644244878614,2621.0,2966.0,5587.0,53.08752461070342,4923.0,0.0,100.03899037837982
drtp_img88_cacheonly_1024mb_500,500,250,4,2.0,100.0,ilrsa_style,132,118,15.034949494949498,54.11000000000007,57.03000000000004,5587.0,0.0,5587.0,0.0,6297.0,0.0,108.99658501148224
drtp_img88_cacheonly_1024mb_500,500,250,5,0.5,10.0,registry,133,117,806.9609022556381,1469.9999999999975,1650.299999999998,16503.0,0.0,16503.0,0.0,12187.0,4101.0,98.7108051776886
drtp_img88_cacheonly_1024mb_500,500,250,5,0.5,10.0,dragonfly_style,133,117,692.5590028046313,1288.900000000001,1377.600000000001,13776.0,2727.0,16503.0,16.524268314851845,12182.0,4101.0,115.27004837989807
drtp_img88_cacheonly_1024mb_500,500,250,5,0.5,10.0,peersync_style,133,117,662.9383912459729,1238.5000000000016,1327.2000000000016,13272.0,3231.0,16503.0,19.578258498454826,12247.0,4101.0,179.1999712586403
drtp_img88_cacheonly_1024mb_500,500,250,5,0.5,10.0,metapipe_reactive_style,133,117,627.6425742935855,1227.3000000000006,1316.0000000000007,13160.0,3343.0,16503.0,20.256922983699933,12510.0,4101.0,161.3774225115776
drtp_img88_cacheonly_1024mb_500,500,250,5,0.5,10.0,ilrsa_style,133,117,989.3676691729319,1648.7000000000003,1650.2999999999988,16503.0,0.0,16503.0,0.0,12193.0,4101.0,233.8486909866333
drtp_img88_cacheonly_1024mb_500,500,250,5,0.5,30.0,registry,133,117,268.98696741854627,489.9999999999999,550.1,16503.0,0.0,16503.0,0.0,12187.0,4101.0,97.5266844034195
drtp_img88_cacheonly_1024mb_500,500,250,5,0.5,30.0,dragonfly_style,133,117,230.72639694474296,429.63333333333327,459.19999999999993,13776.0,2727.0,16503.0,16.524268314851845,11788.0,4495.0,115.81005156040192
drtp_img88_cacheonly_1024mb_500,500,250,5,0.5,30.0,peersync_style,133,117,220.8646813362772,412.83333333333354,442.4000000000002,13272.0,3231.0,16503.0,19.578258498454826,12239.0,4101.0,179.7361671924591
drtp_img88_cacheonly_1024mb_500,500,250,5,0.5,30.0,metapipe_reactive_style,133,117,209.1292501961769,409.1000000000001,438.66666666666674,13160.0,3343.0,16503.0,20.256922983699933,12646.0,4101.0,163.06596249341965
drtp_img88_cacheonly_1024mb_500,500,250,5,0.5,30.0,ilrsa_style,133,117,329.78922305764456,549.5666666666696,550.1000000000024,16503.0,0.0,16503.0,0.0,12193.0,4101.0,234.35023427009583
drtp_img88_cacheonly_1024mb_500,500,250,5,0.5,100.0,registry,133,117,80.73152882205503,146.9999999999998,168.6899999999999,16503.0,0.0,16503.0,0.0,12187.0,4101.0,97.4261462688446
drtp_img88_cacheonly_1024mb_500,500,250,5,0.5,100.0,dragonfly_style,133,117,69.41040187340042,131.5013521208112,146.41927253086413,14000.0,2503.0,16503.0,15.166939344361632,12182.0,4101.0,116.02403968572617
drtp_img88_cacheonly_1024mb_500,500,250,5,0.5,100.0,peersync_style,133,117,66.1701857724668,124.94186289682521,139.72519623015856,13271.0,3232.0,16503.0,19.584318002787374,12414.0,4101.0,177.35988646745682
drtp_img88_cacheonly_1024mb_500,500,250,5,0.5,100.0,metapipe_reactive_style,133,117,61.909760457053075,121.67809053747271,136.46142387080604,12942.0,3561.0,16503.0,21.577894928194873,12402.0,4101.0,167.46913641691208
drtp_img88_cacheonly_1024mb_500,500,250,5,0.5,100.0,ilrsa_style,133,117,99.15040100250631,168.42333333333377,168.69000000000065,16503.0,0.0,16503.0,0.0,12193.0,4101.0,235.67088693380356
drtp_img88_cacheonly_1024mb_500,500,250,5,1.0,10.0,registry,131,119,629.670229007634,1289.5000000000018,1394.200000000002,13942.0,0.0,13942.0,0.0,15700.0,0.0,83.9858204126358
drtp_img88_cacheonly_1024mb_500,500,250,5,1.0,10.0,dragonfly_style,131,119,344.3253635849593,611.0818296296304,696.9666666666676,6904.0,7038.0,13942.0,50.48056232965141,13691.0,0.0,99.5187908411026
drtp_img88_cacheonly_1024mb_500,500,250,5,1.0,10.0,peersync_style,131,119,306.6494240882104,565.6909259259261,617.9333333333333,6152.0,7790.0,13942.0,55.8743365370822,13107.0,553.0,198.20468872785568
drtp_img88_cacheonly_1024mb_500,500,250,5,1.0,10.0,metapipe_reactive_style,131,119,332.49074126378247,682.9417333333331,721.1599999999995,7101.0,6841.0,13942.0,49.06756562903457,14260.0,0.0,133.35181027650833
drtp_img88_cacheonly_1024mb_500,500,250,5,1.0,10.0,ilrsa_style,131,119,741.3473282442742,1391.6999999999991,1394.1999999999969,13942.0,0.0,13942.0,0.0,14548.0,0.0,191.55526906251907
drtp_img88_cacheonly_1024mb_500,500,250,5,1.0,30.0,registry,131,119,209.8900763358779,429.8333333333334,464.73333333333346,13942.0,0.0,13942.0,0.0,15700.0,0.0,83.46511423587799
drtp_img88_cacheonly_1024mb_500,500,250,5,1.0,30.0,dragonfly_style,131,119,120.01392387616609,220.1115277777775,254.36666666666636,7434.0,6508.0,13942.0,46.679099124946205,12688.0,553.0,101.69574618339539
drtp_img88_cacheonly_1024mb_500,500,250,5,1.0,30.0,peersync_style,131,119,107.39268023748934,204.76666666666685,223.0740972222224,5897.0,8045.0,13942.0,57.703342418591305,12749.0,553.0,198.13022017478943
drtp_img88_cacheonly_1024mb_500,500,250,5,1.0,30.0,metapipe_reactive_style,131,119,113.31815627815732,236.56666666666672,247.74474730004945,7097.0,6845.0,13942.0,49.09625591737197,14266.0,0.0,134.3504711985588
drtp_img88_cacheonly_1024mb_500,500,250,5,1.0,30.0,ilrsa_style,131,119,247.11577608142514,463.90000000000055,464.73333333333454,13942.0,0.0,13942.0,0.0,14548.0,0.0,191.38580560684204
drtp_img88_cacheonly_1024mb_500,500,250,5,1.0,100.0,registry,131,119,62.99109414758262,128.94999999999993,141.18666666666672,13942.0,0.0,13942.0,0.0,15700.0,0.0,82.87838846445084
drtp_img88_cacheonly_1024mb_500,500,250,5,1.0,100.0,dragonfly_style,131,119,41.10895069974551,86.6223611111111,101.64504629629629,7434.0,6508.0,13942.0,46.679099124946205,12688.0,553.0,102.02083736658096
drtp_img88_cacheonly_1024mb_500,500,250,5,1.0,100.0,peersync_style,131,119,37.925915182357926,84.30972222222225,98.56879629629631,5897.0,8045.0,13942.0,57.703342418591305,12860.0,553.0,199.9381184577942
drtp_img88_cacheonly_1024mb_500,500,250,5,1.0,100.0,metapipe_reactive_style,131,119,37.8478052181007,85.24486628652261,100.85261046124828,7650.0,6292.0,13942.0,45.12982355472673,13255.0,553.0,134.67401266098022
drtp_img88_cacheonly_1024mb_500,500,250,5,1.0,100.0,ilrsa_style,131,119,74.22567430025448,140.7700000000003,141.1866666666673,13942.0,0.0,13942.0,0.0,14548.0,0.0,190.92053174972534
drtp_img88_cacheonly_1024mb_500,500,250,5,2.0,10.0,registry,132,118,96.7075757575758,537.2000000000003,626.1000000000004,6261.0,0.0,6261.0,0.0,5299.0,0.0,56.12719804048538
drtp_img88_cacheonly_1024mb_500,500,250,5,2.0,10.0,dragonfly_style,132,118,45.742738696488715,301.17708333333354,332.3000000000002,3323.0,2938.0,6261.0,46.925411276153966,4896.0,0.0,62.088772654533386
drtp_img88_cacheonly_1024mb_500,500,250,5,2.0,10.0,peersync_style,132,118,34.88837121212122,212.97500000000008,274.5250000000001,2687.0,3574.0,6261.0,57.08353298195176,6676.0,0.0,100.54025053977966
drtp_img88_cacheonly_1024mb_500,500,250,5,2.0,10.0,metapipe_reactive_style,132,118,37.6480237037037,209.47303333333335,294.6,2946.0,3315.0,6261.0,52.94681360804983,4799.0,0.0,82.76182413101196
drtp_img88_cacheonly_1024mb_500,500,250,5,2.0,10.0,ilrsa_style,132,118,116.70833333333326,597.0999999999985,626.0999999999993,6261.0,0.0,6261.0,0.0,5753.0,0.0,86.80693060159683
drtp_img88_cacheonly_1024mb_500,500,250,5,2.0,30.0,registry,132,118,32.235858585858566,179.0666666666665,208.69999999999976,6261.0,0.0,6261.0,0.0,5299.0,0.0,55.829912424087524
drtp_img88_cacheonly_1024mb_500,500,250,5,2.0,30.0,dragonfly_style,132,118,15.515156625781636,100.72583333333341,110.76666666666674,3323.0,2938.0,6261.0,46.925411276153966,4896.0,0.0,62.84892559051514
drtp_img88_cacheonly_1024mb_500,500,250,5,2.0,30.0,peersync_style,132,118,12.082108585858585,71.84166666666668,95.39166666666667,2687.0,3574.0,6261.0,57.08353298195176,7151.0,0.0,104.71639782190323
drtp_img88_cacheonly_1024mb_500,500,250,5,2.0,30.0,metapipe_reactive_style,132,118,12.9007235003367,73.07574333333334,98.2,2946.0,3315.0,6261.0,52.94681360804983,4806.0,0.0,82.83160626888275
drtp_img88_cacheonly_1024mb_500,500,250,5,2.0,30.0,ilrsa_style,132,118,38.90277777777772,199.03333333333285,208.69999999999945,6261.0,0.0,6261.0,0.0,5753.0,0.0,86.6384506225586
drtp_img88_cacheonly_1024mb_500,500,250,5,2.0,100.0,registry,132,118,9.672481060606064,53.72000000000003,62.83750000000003,6261.0,0.0,6261.0,0.0,5299.0,0.0,55.43150007724762
drtp_img88_cacheonly_1024mb_500,500,250,5,2.0,100.0,dragonfly_style,132,118,4.948406565656563,30.793999999999972,37.06833333333332,3323.0,2938.0,6261.0,46.925411276153966,4896.0,0.0,63.74814361333847
drtp_img88_cacheonly_1024mb_500,500,250,5,2.0,100.0,peersync_style,132,118,4.092235243055556,22.350000000000005,32.70523437500001,2687.0,3574.0,6261.0,57.08353298195176,6723.0,0.0,103.97383570671082
drtp_img88_cacheonly_1024mb_500,500,250,5,2.0,100.0,metapipe_reactive_style,132,118,4.249117624936867,20.94689658333333,31.773099583333327,2946.0,3315.0,6261.0,52.94681360804983,4818.0,0.0,84.79942381381989
drtp_img88_cacheonly_1024mb_500,500,250,5,2.0,100.0,ilrsa_style,132,118,11.675776515151517,59.710000000000015,62.837500000000084,6261.0,0.0,6261.0,0.0,5753.0,0.0,86.5737795829773
drtp_img88_cacheonly_1024mb_500,500,250,6,0.5,10.0,registry,125,125,842.5479999999994,1369.6999999999987,1468.6999999999994,14687.0,0.0,14687.0,0.0,9812.0,4654.0,92.62565523386002
drtp_img88_cacheonly_1024mb_500,500,250,6,0.5,10.0,dragonfly_style,125,125,667.582845079365,1144.0000000000005,1232.7000000000005,12327.0,2360.0,14687.0,16.06863212364676,9818.0,4654.0,104.90306466817856
drtp_img88_cacheonly_1024mb_500,500,250,6,0.5,10.0,peersync_style,125,125,627.6851867301592,1087.8000000000009,1176.500000000001,11765.0,2922.0,14687.0,19.89514536665078,9945.0,4654.0,171.39353603124619
drtp_img88_cacheonly_1024mb_500,500,250,6,0.5,10.0,metapipe_reactive_style,125,125,588.472198284668,1140.8,1229.5,12295.0,2392.0,14687.0,16.28651188125553,10163.0,5025.0,144.61048692464828
drtp_img88_cacheonly_1024mb_500,500,250,6,0.5,10.0,ilrsa_style,125,125,1048.3272000000006,1447.2000000000041,1468.7000000000019,14687.0,0.0,14687.0,0.0,10172.0,4654.0,207.36099034547806
drtp_img88_cacheonly_1024mb_500,500,250,6,0.5,30.0,registry,125,125,280.84933333333396,456.5666666666675,489.5666666666676,14687.0,0.0,14687.0,0.0,9812.0,4654.0,92.05321967601776
drtp_img88_cacheonly_1024mb_500,500,250,6,0.5,30.0,dragonfly_style,125,125,224.89117396825407,383.5666666666668,413.13333333333344,12394.0,2293.0,14687.0,15.6124463811534,9818.0,4654.0,103.43173146247864
drtp_img88_cacheonly_1024mb_500,500,250,6,0.5,30.0,peersync_style,125,125,209.50031095238103,357.99999999999994,387.5666666666666,11627.0,3060.0,14687.0,20.8347518213386,10032.0,4654.0,172.2652018070221
drtp_img88_cacheonly_1024mb_500,500,250,6,0.5,30.0,metapipe_reactive_style,125,125,196.2292895122223,380.26666666666677,409.8333333333334,12295.0,2392.0,14687.0,16.28651188125553,10163.0,5025.0,144.87268030643463
drtp_img88_cacheonly_1024mb_500,500,250,6,0.5,30.0,ilrsa_style,125,125,349.4424000000002,482.40000000000083,489.56666666666814,14687.0,0.0,14687.0,0.0,10172.0,4654.0,207.3098048567772
drtp_img88_cacheonly_1024mb_500,500,250,6,0.5,100.0,registry,125,125,84.30813333333316,136.96999999999986,150.20333333333318,14687.0,0.0,14687.0,0.0,9812.0,4654.0,93.65040063858032
drtp_img88_cacheonly_1024mb_500,500,250,6,0.5,100.0,dragonfly_style,125,125,68.06957152204575,121.09147266313919,135.87480599647253,12506.0,2181.0,14687.0,14.849867229522706,9817.0,4654.0,105.24655133485794
drtp_img88_cacheonly_1024mb_500,500,250,6,0.5,100.0,peersync_style,125,125,64.20280579012345,114.54480599647266,129.328139329806,11751.0,2936.0,14687.0,19.990467760604616,9968.0,4654.0,171.24231159687042
drtp_img88_cacheonly_1024mb_500,500,250,6,0.5,100.0,metapipe_reactive_style,125,125,60.37510052723251,122.80216048696845,137.5854938203018,12666.0,2021.0,14687.0,13.760468441478858,10527.0,4654.0,146.58275991678238
drtp_img88_cacheonly_1024mb_500,500,250,6,0.5,100.0,ilrsa_style,125,125,105.05335999999991,146.61999999999992,150.20333333333357,14687.0,0.0,14687.0,0.0,10172.0,4654.0,208.27554911375046
drtp_img88_cacheonly_1024mb_500,500,250,6,1.0,10.0,registry,127,123,550.7204724409445,1150.500000000001,1270.300000000001,12703.0,0.0,12703.0,0.0,13274.0,0.0,82.05606788396835
drtp_img88_cacheonly_1024mb_500,500,250,6,1.0,10.0,dragonfly_style,127,123,326.93626093613295,575.1499999999995,611.1999999999999,6112.0,6591.0,12703.0,51.885381405967095,12052.0,0.0,92.19790250062943
drtp_img88_cacheonly_1024mb_500,500,250,6,1.0,10.0,peersync_style,127,123,308.48767935258087,535.260555555555,556.0999999999996,5561.0,7142.0,12703.0,56.22293946311895,11910.0,225.0,180.47026544809341
drtp_img88_cacheonly_1024mb_500,500,250,6,1.0,10.0,metapipe_reactive_style,127,123,346.5733522545795,635.6240961199297,672.3000000000002,6723.0,5980.0,12703.0,47.07549397780052,11086.0,887.0,119.96762454509735
drtp_img88_cacheonly_1024mb_500,500,250,6,1.0,10.0,ilrsa_style,127,123,697.0275590551191,1225.9000000000017,1270.3000000000013,12703.0,0.0,12703.0,0.0,11895.0,0.0,189.2918199300766
drtp_img88_cacheonly_1024mb_500,500,250,6,1.0,30.0,registry,127,123,183.57349081364876,383.50000000000057,423.43333333333396,12703.0,0.0,12703.0,0.0,13274.0,0.0,81.27511292695999
drtp_img88_cacheonly_1024mb_500,500,250,6,1.0,30.0,dragonfly_style,127,123,113.43212051618548,204.768333333333,204.768333333333,6112.0,6591.0,12703.0,51.885381405967095,11282.0,427.0,93.66891533136368
drtp_img88_cacheonly_1024mb_500,500,250,6,1.0,30.0,peersync_style,127,123,107.7515608595799,200.3808333333331,200.3808333333331,5561.0,7142.0,12703.0,56.22293946311895,11075.0,427.0,180.15079200267792
drtp_img88_cacheonly_1024mb_500,500,250,6,1.0,30.0,metapipe_reactive_style,127,123,117.50215917454754,221.81646384479677,236.12417107583752,6723.0,5980.0,12703.0,47.07549397780052,12084.0,0.0,120.53883820772171
drtp_img88_cacheonly_1024mb_500,500,250,6,1.0,30.0,ilrsa_style,127,123,232.34251968503955,408.6333333333339,423.4333333333341,12703.0,0.0,12703.0,0.0,11895.0,0.0,189.77732211351395
drtp_img88_cacheonly_1024mb_500,500,250,6,1.0,100.0,registry,127,123,55.0947244094488,115.04999999999997,129.90999999999997,12703.0,0.0,12703.0,0.0,13274.0,0.0,81.43670111894608
drtp_img88_cacheonly_1024mb_500,500,250,6,1.0,100.0,dragonfly_style,127,123,38.819738188976366,85.40025000000004,85.40025000000004,6093.0,6610.0,12703.0,52.03495237345509,11261.0,427.0,95.69241106510162
drtp_img88_cacheonly_1024mb_500,500,250,6,1.0,100.0,peersync_style,127,123,37.116390868241446,83.17183140000003,83.17183140000003,5561.0,7142.0,12703.0,56.22293946311895,10880.0,427.0,182.37929046154022
drtp_img88_cacheonly_1024mb_500,500,250,6,1.0,100.0,metapipe_reactive_style,127,123,37.392357713387646,83.35787125220449,98.14120458553782,6770.0,5933.0,12703.0,46.70550263717232,12069.0,0.0,122.242771089077
drtp_img88_cacheonly_1024mb_500,500,250,6,1.0,100.0,ilrsa_style,127,123,69.81456692913375,122.58999999999983,129.90999999999988,12703.0,0.0,12703.0,0.0,11895.0,0.0,189.32852149009705
drtp_img88_cacheonly_1024mb_500,500,250,6,2.0,10.0,registry,128,122,90.93359375000006,427.80000000000035,516.5000000000005,5165.0,0.0,5165.0,0.0,5754.0,0.0,54.12545055150986
drtp_img88_cacheonly_1024mb_500,500,250,6,2.0,10.0,dragonfly_style,128,122,47.861987692212296,258.3443452380953,263.0,2630.0,2535.0,5165.0,49.08034849951597,5592.0,0.0,59.53960865736008
drtp_img88_cacheonly_1024mb_500,500,250,6,2.0,10.0,peersync_style,128,122,47.39231429811506,254.0694444444445,259.4,2594.0,2571.0,5165.0,49.777347531461764,4359.0,0.0,98.35603833198547
drtp_img88_cacheonly_1024mb_500,500,250,6,2.0,10.0,metapipe_reactive_style,128,122,41.87620132688493,260.4607142857143,265.7999999999999,2658.0,2507.0,5165.0,48.53823814133592,5763.0,0.0,71.35923206806183
drtp_img88_cacheonly_1024mb_500,500,250,6,2.0,10.0,ilrsa_style,128,122,111.09140625000002,487.0999999999999,516.5000000000003,5165.0,0.0,5165.0,0.0,5632.0,0.0,70.37178426980972
drtp_img88_cacheonly_1024mb_500,500,250,6,2.0,30.0,registry,128,122,30.311197916666686,142.60000000000005,172.16666666666669,5165.0,0.0,5165.0,0.0,5754.0,0.0,53.77645045518875
drtp_img88_cacheonly_1024mb_500,500,250,6,2.0,30.0,dragonfly_style,128,122,16.27612684461805,87.06681547619034,87.66666666666654,2630.0,2535.0,5165.0,49.08034849951597,5590.0,0.0,59.78633463382721
drtp_img88_cacheonly_1024mb_500,500,250,6,2.0,30.0,peersync_style,128,122,16.1511449032738,85.53526785714277,86.46666666666657,2594.0,2571.0,5165.0,49.777347531461764,4676.0,0.0,104.7234833240509
drtp_img88_cacheonly_1024mb_500,500,250,6,2.0,30.0,metapipe_reactive_style,128,122,14.552980117394181,92.66434854497355,94.9,2847.0,2318.0,5165.0,44.878993223620526,5635.0,0.0,69.00995224714279
drtp_img88_cacheonly_1024mb_500,500,250,6,2.0,30.0,ilrsa_style,128,122,37.03046875000002,162.36666666666667,172.16666666666663,5165.0,0.0,5165.0,0.0,5632.0,0.0,70.20682841539383
drtp_img88_cacheonly_1024mb_500,500,250,6,2.0,100.0,registry,128,122,9.106425781249996,42.77999999999999,52.38500000000001,5165.0,0.0,5165.0,0.0,5754.0,0.0,53.47875505685806
drtp_img88_cacheonly_1024mb_500,500,250,6,2.0,100.0,dragonfly_style,128,122,5.337423060825896,25.947796666666683,30.413050833333344,2848.0,2317.0,5165.0,44.85963213939981,5619.0,0.0,61.521679162979126
drtp_img88_cacheonly_1024mb_500,500,250,6,2.0,100.0,peersync_style,128,122,5.167591133742561,24.18247291666668,27.534298333333336,2594.0,2571.0,5165.0,49.777347531461764,4718.0,0.0,111.05649173259735
drtp_img88_cacheonly_1024mb_500,500,250,6,2.0,100.0,metapipe_reactive_style,128,122,4.675722692464193,25.65964808035715,30.397587979910718,2847.0,2318.0,5165.0,44.878993223620526,5635.0,0.0,72.78607040643692
drtp_img88_cacheonly_1024mb_500,500,250,6,2.0,100.0,ilrsa_style,128,122,11.141308593749997,48.710000000000015,52.385000000000076,5165.0,0.0,5165.0,0.0,5632.0,0.0,70.19130140542984
drtp_img88_cacheonly_1024mb_500,500,250,7,0.5,10.0,registry,130,120,822.1138461538443,1461.8999999999985,1559.499999999998,15595.0,0.0,15595.0,0.0,11257.0,4988.0,101.51646286249161
drtp_img88_cacheonly_1024mb_500,500,250,7,0.5,10.0,dragonfly_style,130,120,643.6385796703302,1146.3999999999999,1323.8,13238.0,2357.0,15595.0,15.113818531580636,11243.0,4988.0,117.1480119228363
drtp_img88_cacheonly_1024mb_500,500,250,7,0.5,10.0,peersync_style,130,120,594.2884632478635,1017.2000000000003,1194.6000000000004,11946.0,3649.0,15595.0,23.39852516832318,11025.0,4988.0,196.58147543668747
drtp_img88_cacheonly_1024mb_500,500,250,7,0.5,10.0,metapipe_reactive_style,130,120,570.1538775641026,1307.3000000000002,1307.3000000000002,13073.0,2522.0,15595.0,16.171849951907664,10665.0,4988.0,169.8797196149826
drtp_img88_cacheonly_1024mb_500,500,250,7,0.5,10.0,ilrsa_style,130,120,1044.0669230769226,1557.4999999999989,1559.499999999997,15595.0,0.0,15595.0,0.0,10473.0,4988.0,254.89431619644165
drtp_img88_cacheonly_1024mb_500,500,250,7,0.5,30.0,registry,130,120,274.0379487179492,487.30000000000126,519.8333333333347,15595.0,0.0,15595.0,0.0,11257.0,4988.0,100.99893808364868
drtp_img88_cacheonly_1024mb_500,500,250,7,0.5,30.0,dragonfly_style,130,120,215.55612912087918,391.80000000000024,450.93333333333356,13528.0,2067.0,15595.0,13.254248156460404,11292.0,4988.0,117.40533262491226
drtp_img88_cacheonly_1024mb_500,500,250,7,0.5,30.0,peersync_style,130,120,198.50127939560446,340.26666666666654,399.39999999999986,11982.0,3613.0,15595.0,23.16768194934274,11003.0,4988.0,197.67606258392334
drtp_img88_cacheonly_1024mb_500,500,250,7,0.5,30.0,metapipe_reactive_style,130,120,190.0182269044227,435.7666666666664,435.7666666666664,13073.0,2522.0,15595.0,16.171849951907664,10665.0,4988.0,171.7577874660492
drtp_img88_cacheonly_1024mb_500,500,250,7,0.5,30.0,ilrsa_style,130,120,348.022307692308,519.1666666666684,519.8333333333345,15595.0,0.0,15595.0,0.0,10473.0,4988.0,254.5645833015442
drtp_img88_cacheonly_1024mb_500,500,250,7,0.5,100.0,registry,130,120,82.2125384615384,146.1899999999999,156.09999999999994,15595.0,0.0,15595.0,0.0,11257.0,4988.0,100.54627805948257
drtp_img88_cacheonly_1024mb_500,500,250,7,0.5,100.0,dragonfly_style,130,120,64.2396620115995,117.09569444444442,142.96652777777774,13157.0,2438.0,15595.0,15.633215774286631,11042.0,5238.0,118.52507293224335
drtp_img88_cacheonly_1024mb_500,500,250,7,0.5,100.0,peersync_style,130,120,60.197153922466434,107.12988888888896,133.0007222222223,11721.0,3874.0,15595.0,24.841295286950945,10963.0,4988.0,205.94678819179535
drtp_img88_cacheonly_1024mb_500,500,250,7,0.5,100.0,metapipe_reactive_style,130,120,58.49971611383824,144.2391666666667,144.2391666666667,13118.0,2477.0,15595.0,15.88329592818211,10665.0,4988.0,174.99272525310516
drtp_img88_cacheonly_1024mb_500,500,250,7,0.5,100.0,ilrsa_style,130,120,104.41563461538468,155.8500000000003,156.10000000000008,15595.0,0.0,15595.0,0.0,10473.0,4988.0,255.11915981769562
drtp_img88_cacheonly_1024mb_500,500,250,7,1.0,10.0,registry,132,118,659.655303030303,1404.6000000000015,1527.1000000000004,15271.0,0.0,15271.0,0.0,14504.0,0.0,106.47687315940857
drtp_img88_cacheonly_1024mb_500,500,250,7,1.0,10.0,dragonfly_style,132,118,417.08362193362257,694.0483333333339,787.0391666666675,7771.0,7500.0,15271.0,49.112697269334035,14130.0,0.0,123.6870214343071
drtp_img88_cacheonly_1024mb_500,500,250,7,1.0,10.0,peersync_style,132,118,387.3473232323232,609.7487500000013,625.9691071428581,6185.0,9086.0,15271.0,59.498395651889204,13660.0,0.0,231.99673742055893
drtp_img88_cacheonly_1024mb_500,500,250,7,1.0,10.0,metapipe_reactive_style,132,118,384.86120686026914,677.2841190476192,772.6833333333335,7579.0,7692.0,15271.0,50.369982319428985,13866.0,0.0,176.3877123594284
drtp_img88_cacheonly_1024mb_500,500,250,7,1.0,10.0,ilrsa_style,132,118,877.3886363636366,1525.2999999999993,1527.0999999999976,15271.0,0.0,15271.0,0.0,14889.0,0.0,271.95368707180023
drtp_img88_cacheonly_1024mb_500,500,250,7,1.0,30.0,registry,132,118,219.8851010101014,468.20000000000084,509.03333333333455,15271.0,0.0,15271.0,0.0,14504.0,0.0,106.01813346147537
drtp_img88_cacheonly_1024mb_500,500,250,7,1.0,30.0,dragonfly_style,132,118,140.06401550224427,237.2101322751317,264.2083134920632,7768.0,7503.0,15271.0,49.132342348241764,13701.0,0.0,125.80449134111404
drtp_img88_cacheonly_1024mb_500,500,250,7,1.0,30.0,peersync_style,132,118,132.03169237012952,222.13538095238036,228.69958333333255,6185.0,9086.0,15271.0,59.498395651889204,14349.0,0.0,232.90884494781494
drtp_img88_cacheonly_1024mb_500,500,250,7,1.0,30.0,metapipe_reactive_style,132,118,130.52316776753423,230.85146521116084,265.43335029656305,7603.0,7668.0,15271.0,50.21282168816711,13866.0,0.0,176.73859745264053
drtp_img88_cacheonly_1024mb_500,500,250,7,1.0,30.0,ilrsa_style,132,118,292.4628787878793,508.43333333333555,509.03333333333603,15271.0,0.0,15271.0,0.0,14889.0,0.0,272.8211060166359
drtp_img88_cacheonly_1024mb_500,500,250,7,1.0,100.0,registry,132,118,66.00011363636362,140.4599999999999,154.77749999999975,15271.0,0.0,15271.0,0.0,14504.0,0.0,106.08332604169846
drtp_img88_cacheonly_1024mb_500,500,250,7,1.0,100.0,dragonfly_style,132,118,48.636647819750316,98.57732219852304,112.12851684510044,8520.0,6751.0,15271.0,44.20797590203654,14484.0,0.0,125.51887333393097
drtp_img88_cacheonly_1024mb_500,500,250,7,1.0,100.0,peersync_style,132,118,44.30199384321609,89.78234588477368,102.60734588477371,6185.0,9086.0,15271.0,59.498395651889204,14146.0,0.0,228.17247360944748
drtp_img88_cacheonly_1024mb_500,500,250,7,1.0,100.0,metapipe_reactive_style,132,118,40.39021257653493,74.77898268990583,89.56231602323916,7185.0,8086.0,15271.0,52.950036015978,13945.0,0.0,180.7253211736679
drtp_img88_cacheonly_1024mb_500,500,250,7,1.0,100.0,ilrsa_style,132,118,87.97217803030303,154.55249999999984,154.77749999999963,15271.0,0.0,15271.0,0.0,14889.0,0.0,272.64662832021713
drtp_img88_cacheonly_1024mb_500,500,250,7,2.0,10.0,registry,134,116,103.61641791044775,519.3,667.8000000000002,6678.0,0.0,6678.0,0.0,5100.0,0.0,60.83673983812332
drtp_img88_cacheonly_1024mb_500,500,250,7,2.0,10.0,dragonfly_style,134,116,41.173721570717824,180.14791666666656,188.20736111111106,1771.0,4907.0,6678.0,73.48008385744235,5060.0,0.0,67.39673763513565
drtp_img88_cacheonly_1024mb_500,500,250,7,2.0,10.0,peersync_style,134,116,41.12957977967305,180.0479166666666,187.66666666666666,1769.0,4909.0,6678.0,73.51003294399521,6275.0,0.0,115.0469034910202
drtp_img88_cacheonly_1024mb_500,500,250,7,2.0,10.0,metapipe_reactive_style,134,116,35.02741219497749,175.39202380952375,185.62031746031744,1769.0,4909.0,6678.0,73.51003294399521,5141.0,0.0,84.120012819767
drtp_img88_cacheonly_1024mb_500,500,250,7,2.0,10.0,ilrsa_style,134,116,135.05671641791045,666.6000000000006,667.8000000000009,6678.0,0.0,6678.0,0.0,6046.0,0.0,110.89443415403366
drtp_img88_cacheonly_1024mb_500,500,250,7,2.0,30.0,registry,134,116,34.53880597014926,173.09999999999997,222.59999999999997,6678.0,0.0,6678.0,0.0,5100.0,0.0,59.86142158508301
drtp_img88_cacheonly_1024mb_500,500,250,7,2.0,30.0,dragonfly_style,134,116,15.003487552317782,67.0576388888889,82.03263888888891,1995.0,4683.0,6678.0,70.12578616352201,5090.0,0.0,68.0834949016571
drtp_img88_cacheonly_1024mb_500,500,250,7,2.0,30.0,peersync_style,134,116,14.772733060886047,66.14930555555559,76.68680555555557,1769.0,4909.0,6678.0,73.51003294399521,6836.0,0.0,114.13538455963135
drtp_img88_cacheonly_1024mb_500,500,250,7,2.0,30.0,metapipe_reactive_style,134,116,12.780234158572213,66.46666666666667,77.19089682539683,1994.0,4684.0,6678.0,70.14076070679845,5097.0,0.0,85.35656332969666
drtp_img88_cacheonly_1024mb_500,500,250,7,2.0,30.0,ilrsa_style,134,116,45.01890547263679,222.19999999999973,222.5999999999997,6678.0,0.0,6678.0,0.0,6046.0,0.0,111.20329797267914
drtp_img88_cacheonly_1024mb_500,500,250,7,2.0,100.0,registry,134,116,10.41576492537313,51.92999999999999,68.6625,6678.0,0.0,6678.0,0.0,5100.0,0.0,60.30096113681793
drtp_img88_cacheonly_1024mb_500,500,250,7,2.0,100.0,dragonfly_style,134,116,5.495852881426206,26.978894444444446,37.943749999999994,1995.0,4683.0,6678.0,70.12578616352201,5090.0,0.0,69.41787898540497
drtp_img88_cacheonly_1024mb_500,500,250,7,2.0,100.0,peersync_style,134,116,5.493282234660033,26.969694444444432,37.93374999999998,1769.0,4909.0,6678.0,73.51003294399521,6977.0,0.0,116.95746332406998
drtp_img88_cacheonly_1024mb_500,500,250,7,2.0,100.0,metapipe_reactive_style,134,116,4.892986001367172,28.213684552469132,39.452280179122575,2365.0,4313.0,6678.0,64.58520515124289,5069.0,0.0,86.56975626945496
drtp_img88_cacheonly_1024mb_500,500,250,7,2.0,100.0,ilrsa_style,134,116,13.630223880597011,68.51250000000002,68.66250000000005,6678.0,0.0,6678.0,0.0,6046.0,0.0,110.98212748765945
drtp_img88_cacheonly_1024mb_500,500,250,8,0.5,10.0,registry,125,125,1090.330399999998,1779.7999999999959,1881.4999999999961,18815.0,0.0,18815.0,0.0,12326.0,6762.0,99.10672903060913
drtp_img88_cacheonly_1024mb_500,500,250,8,0.5,10.0,dragonfly_style,125,125,748.0224584126985,1484.6000000000008,1484.6000000000008,14846.0,3969.0,18815.0,21.094871113473292,12193.0,6762.0,116.24597758054733
drtp_img88_cacheonly_1024mb_500,500,250,8,0.5,10.0,peersync_style,125,125,716.9236354111111,1424.7000000000003,1424.7000000000003,14247.0,4568.0,18815.0,24.27850119585437,11873.0,6762.0,189.80304151773453
drtp_img88_cacheonly_1024mb_500,500,250,8,0.5,10.0,metapipe_reactive_style,125,125,624.9157642377256,1296.2199999999998,1384.9199999999998,13849.0,4966.0,18815.0,26.393834706351317,11935.0,6762.0,156.6634401679039
drtp_img88_cacheonly_1024mb_500,500,250,8,0.5,10.0,ilrsa_style,125,125,1439.130399999999,1873.8999999999994,1881.4999999999989,18815.0,0.0,18815.0,0.0,11747.0,6762.0,206.92551881074905
drtp_img88_cacheonly_1024mb_500,500,250,8,0.5,30.0,registry,125,125,363.44346666666615,593.2666666666659,627.1666666666658,18815.0,0.0,18815.0,0.0,12326.0,6762.0,98.49964082241058
drtp_img88_cacheonly_1024mb_500,500,250,8,0.5,30.0,dragonfly_style,125,125,250.00013340603152,494.86666666666673,494.86666666666673,14846.0,3969.0,18815.0,21.094871113473292,12284.0,6762.0,116.38931930065155
drtp_img88_cacheonly_1024mb_500,500,250,8,0.5,30.0,peersync_style,125,125,239.7615718634924,474.9,474.9,14247.0,4568.0,18815.0,24.27850119585437,11827.0,6762.0,190.71096181869507
drtp_img88_cacheonly_1024mb_500,500,250,8,0.5,30.0,metapipe_reactive_style,125,125,206.03014449008575,424.12000000000006,453.6866666666667,13610.0,5205.0,18815.0,27.664097794313047,11935.0,6762.0,157.91765600442886
drtp_img88_cacheonly_1024mb_500,500,250,8,0.5,30.0,ilrsa_style,125,125,479.71013333333315,624.6333333333341,627.1666666666673,18815.0,0.0,18815.0,0.0,11747.0,6762.0,207.91295915842056
drtp_img88_cacheonly_1024mb_500,500,250,8,0.5,100.0,registry,125,125,109.03709333333333,177.98000000000027,188.65666666666687,18815.0,0.0,18815.0,0.0,12326.0,6762.0,97.87261486053467
drtp_img88_cacheonly_1024mb_500,500,250,8,0.5,100.0,dragonfly_style,125,125,78.3224132915874,170.2416666666668,170.2416666666668,14870.0,3945.0,18815.0,20.967313313845334,11862.0,6901.0,116.66228622198105
drtp_img88_cacheonly_1024mb_500,500,250,8,0.5,100.0,peersync_style,125,125,75.01638911297177,164.35333333333338,164.35333333333338,14247.0,4568.0,18815.0,24.27850119585437,11750.0,6901.0,190.93966484069824
drtp_img88_cacheonly_1024mb_500,500,250,8,0.5,100.0,metapipe_reactive_style,125,125,64.50557360193199,143.8627766576579,158.64610999099122,13608.0,5207.0,18815.0,27.67472761094871,12090.0,6762.0,162.38612681627274
drtp_img88_cacheonly_1024mb_500,500,250,8,0.5,100.0,ilrsa_style,125,125,143.9282400000002,187.3900000000004,188.65666666666715,18815.0,0.0,18815.0,0.0,11747.0,6762.0,207.25081115961075
drtp_img88_cacheonly_1024mb_500,500,250,8,1.0,10.0,registry,126,124,590.2396825396834,1232.6999999999991,1371.499999999999,13715.0,0.0,13715.0,0.0,15126.0,0.0,83.76955986022949
drtp_img88_cacheonly_1024mb_500,500,250,8,1.0,10.0,dragonfly_style,126,124,189.9042076640841,612.8999999999996,680.6999999999999,6807.0,6908.0,13715.0,50.36820998906307,15143.0,0.0,88.86881172657013
drtp_img88_cacheonly_1024mb_500,500,250,8,1.0,10.0,peersync_style,126,124,169.10124721907275,559.7999999999998,627.0999999999999,6270.0,7445.0,13715.0,54.28363106088224,14915.0,0.0,168.05759072303772
drtp_img88_cacheonly_1024mb_500,500,250,8,1.0,10.0,metapipe_reactive_style,126,124,249.3854702947847,646.5942099206349,695.372028174603,6809.0,6906.0,13715.0,50.35362741523879,14303.0,0.0,127.73691117763519
drtp_img88_cacheonly_1024mb_500,500,250,8,1.0,10.0,ilrsa_style,126,124,708.3738095238098,1367.1000000000006,1371.4999999999984,13715.0,0.0,13715.0,0.0,14853.0,0.0,182.68480151891708
drtp_img88_cacheonly_1024mb_500,500,250,8,1.0,30.0,registry,126,124,196.74656084656104,410.90000000000106,457.16666666666794,13715.0,0.0,13715.0,0.0,15126.0,0.0,82.32174813747406
drtp_img88_cacheonly_1024mb_500,500,250,8,1.0,30.0,dragonfly_style,126,124,69.65917695237044,212.56666666666646,235.1666666666664,7055.0,6660.0,13715.0,48.55997083485235,15219.0,475.0,89.86303210258484
drtp_img88_cacheonly_1024mb_500,500,250,8,1.0,30.0,peersync_style,126,124,62.0831836377761,193.63333333333318,216.13333333333324,6481.0,7234.0,13715.0,52.74516952242071,15217.0,475.0,169.10293698310852
drtp_img88_cacheonly_1024mb_500,500,250,8,1.0,30.0,metapipe_reactive_style,126,124,65.75097958713489,217.22313457218706,244.07333333333347,6790.0,6925.0,13715.0,50.49216186656945,15960.0,151.0,128.47348302602768
drtp_img88_cacheonly_1024mb_500,500,250,8,1.0,30.0,ilrsa_style,126,124,236.12460317460352,455.7000000000008,457.1666666666681,13715.0,0.0,13715.0,0.0,14853.0,0.0,183.7005317211151
drtp_img88_cacheonly_1024mb_500,500,250,8,1.0,100.0,registry,126,124,59.02629629629627,123.2699999999999,137.44333333333321,13715.0,0.0,13715.0,0.0,15126.0,0.0,82.19187706708908
drtp_img88_cacheonly_1024mb_500,500,250,8,1.0,100.0,dragonfly_style,126,124,26.002220017636688,63.25372530864202,73.93204031635806,5791.0,7924.0,13715.0,57.7761574917973,14095.0,1112.0,94.10522878170013
drtp_img88_cacheonly_1024mb_500,500,250,8,1.0,100.0,peersync_style,126,124,25.98917935630184,62.996417052469155,72.73107445987661,5581.0,8134.0,13715.0,59.307327743346704,13888.0,1112.0,176.07425153255463
drtp_img88_cacheonly_1024mb_500,500,250,8,1.0,100.0,metapipe_reactive_style,126,124,21.190547780551277,64.48021321190741,98.60911336368981,6813.0,6902.0,13715.0,50.32446226759023,16506.0,0.0,133.44106823205948
drtp_img88_cacheonly_1024mb_500,500,250,8,1.0,100.0,ilrsa_style,126,124,70.849126984127,136.71000000000032,137.44333333333398,13715.0,0.0,13715.0,0.0,14853.0,0.0,183.0420345067978
drtp_img88_cacheonly_1024mb_500,500,250,8,2.0,10.0,registry,127,123,89.41259842519683,478.2999999999999,569.3999999999999,5694.0,0.0,5694.0,0.0,5381.0,0.0,53.185880184173584
drtp_img88_cacheonly_1024mb_500,500,250,8,2.0,10.0,dragonfly_style,127,123,12.7167782152231,125.10777777777781,155.86666666666667,1554.0,4140.0,5694.0,72.70811380400421,5532.0,0.0,59.51940268278122
drtp_img88_cacheonly_1024mb_500,500,250,8,2.0,10.0,peersync_style,127,123,12.688836395450569,124.32861111111116,155.5666666666667,1551.0,4143.0,5694.0,72.76080084299262,6245.0,0.0,103.45311462879181
drtp_img88_cacheonly_1024mb_500,500,250,8,2.0,10.0,metapipe_reactive_style,127,123,17.701585267466566,133.97802698412698,158.88333333333335,1551.0,4143.0,5694.0,72.76080084299262,5521.0,0.0,76.35896652936935
drtp_img88_cacheonly_1024mb_500,500,250,8,2.0,10.0,ilrsa_style,127,123,110.14330708661414,566.5000000000002,569.4000000000004,5694.0,0.0,5694.0,0.0,6257.0,0.0,82.30845630168915
drtp_img88_cacheonly_1024mb_500,500,250,8,2.0,30.0,registry,127,123,29.80419947506563,159.4333333333334,189.79999999999995,5694.0,0.0,5694.0,0.0,5381.0,0.0,51.89267545938492
drtp_img88_cacheonly_1024mb_500,500,250,8,2.0,30.0,dragonfly_style,127,123,4.9734944590259555,32.857870370370385,51.75000000000004,1551.0,4143.0,5694.0,72.76080084299262,5529.0,0.0,61.28370016813278
drtp_img88_cacheonly_1024mb_500,500,250,8,2.0,30.0,peersync_style,127,123,5.011691637503648,35.521643518518545,52.16666666666673,1551.0,4143.0,5694.0,72.76080084299262,6376.0,0.0,108.76301676034927
drtp_img88_cacheonly_1024mb_500,500,250,8,2.0,30.0,metapipe_reactive_style,127,123,6.550035538381777,50.55971733539095,54.34305066872428,1551.0,4143.0,5694.0,72.76080084299262,5521.0,0.0,77.04370468854904
drtp_img88_cacheonly_1024mb_500,500,250,8,2.0,30.0,ilrsa_style,127,123,36.714435695537986,188.83333333333292,189.79999999999953,5694.0,0.0,5694.0,0.0,6257.0,0.0,82.32706785202026
drtp_img88_cacheonly_1024mb_500,500,250,8,2.0,100.0,registry,127,123,8.94645669291339,47.82999999999999,57.417500000000054,5694.0,0.0,5694.0,0.0,5381.0,0.0,52.53215134143829
drtp_img88_cacheonly_1024mb_500,500,250,8,2.0,100.0,dragonfly_style,127,123,2.7601197506561665,13.614999999999993,21.84499999999999,1724.0,3970.0,5694.0,69.72251492799438,5501.0,0.0,60.52912771701813
drtp_img88_cacheonly_1024mb_500,500,250,8,2.0,100.0,peersync_style,127,123,2.8135662729658786,14.912499999999998,22.909999999999993,1551.0,4143.0,5694.0,72.76080084299262,6440.0,0.0,110.10727286338806
drtp_img88_cacheonly_1024mb_500,500,250,8,2.0,100.0,metapipe_reactive_style,127,123,2.7911647044119476,15.323220734126979,25.23099007936507,1551.0,4143.0,5694.0,72.76080084299262,5521.0,0.0,77.79902964830399
drtp_img88_cacheonly_1024mb_500,500,250,8,2.0,100.0,ilrsa_style,127,123,11.038070866141728,57.05500000000003,57.41750000000007,5694.0,0.0,5694.0,0.0,6257.0,0.0,82.6483890414238
drtp_img88_cacheonly_1024mb_500,500,250,9,0.5,10.0,registry,131,119,876.9793893129753,1401.599999999997,1541.8999999999962,15419.0,0.0,15419.0,0.0,10063.0,5541.0,92.05521643161774
drtp_img88_cacheonly_1024mb_500,500,250,9,0.5,10.0,dragonfly_style,131,119,696.2413502665715,1147.9591269841303,1403.1000000000033,14031.0,1388.0,15419.0,9.001880796420002,10085.0,5541.0,107.91663825511932
drtp_img88_cacheonly_1024mb_500,500,250,9,0.5,10.0,peersync_style,131,119,642.8715675360486,1027.0257936507962,1291.5000000000027,12915.0,2504.0,15419.0,16.239704260976715,10100.0,5541.0,169.31120306253433
drtp_img88_cacheonly_1024mb_500,500,250,9,0.5,10.0,metapipe_reactive_style,131,119,575.8925581606694,1156.8680952380955,1398.8000000000004,13988.0,1431.0,15419.0,9.280757506971918,10369.0,5541.0,151.18132531642914
drtp_img88_cacheonly_1024mb_500,500,250,9,0.5,10.0,ilrsa_style,131,119,1094.330534351144,1539.8999999999974,1541.8999999999955,15419.0,0.0,15419.0,0.0,9741.0,5541.0,220.57215124368668
drtp_img88_cacheonly_1024mb_500,500,250,9,0.5,30.0,registry,131,119,292.32646310432574,467.20000000000033,513.9666666666673,15419.0,0.0,15419.0,0.0,10063.0,5541.0,91.54310077428818
drtp_img88_cacheonly_1024mb_500,500,250,9,0.5,30.0,dragonfly_style,131,119,231.89508527202193,382.75912698412645,467.6999999999995,14031.0,1388.0,15419.0,9.001880796420002,10085.0,5541.0,107.82875865697861
drtp_img88_cacheonly_1024mb_500,500,250,9,0.5,30.0,peersync_style,131,119,214.48317074094237,343.69246031745985,430.4999999999995,12915.0,2504.0,15419.0,16.239704260976715,10107.0,5541.0,168.31976175308228
drtp_img88_cacheonly_1024mb_500,500,250,9,0.5,30.0,metapipe_reactive_style,131,119,191.92917908639285,386.13476190476206,466.2666666666668,13988.0,1431.0,15419.0,9.280757506971918,10343.0,5541.0,151.23796463012695
drtp_img88_cacheonly_1024mb_500,500,250,9,0.5,30.0,ilrsa_style,131,119,364.77684478371515,513.3000000000008,513.9666666666668,15419.0,0.0,15419.0,0.0,9741.0,5541.0,220.55241465568542
drtp_img88_cacheonly_1024mb_500,500,250,9,0.5,100.0,registry,131,119,87.76328244274788,140.15999999999968,156.95249999999956,15419.0,0.0,15419.0,0.0,10063.0,5541.0,90.87397903203964
drtp_img88_cacheonly_1024mb_500,500,250,9,0.5,100.0,dragonfly_style,131,119,69.67815150551309,114.97912698412695,150.38855158730155,14035.0,1384.0,15419.0,8.975938776833777,10085.0,5541.0,108.37433487176895
drtp_img88_cacheonly_1024mb_500,500,250,9,0.5,100.0,peersync_style,131,119,64.99306868714402,104.52579365079357,139.93521825396817,12915.0,2504.0,15419.0,16.239704260976715,10314.0,5541.0,168.87663304805756
drtp_img88_cacheonly_1024mb_500,500,250,9,0.5,100.0,metapipe_reactive_style,131,119,57.96033780229303,114.79348061092925,149.84746318060104,13988.0,1431.0,15419.0,9.280757506971918,10187.0,5541.0,155.40970116853714
drtp_img88_cacheonly_1024mb_500,500,250,9,0.5,100.0,ilrsa_style,131,119,109.65879770992363,156.70249999999993,156.9524999999997,15419.0,0.0,15419.0,0.0,9741.0,5541.0,221.057191491127
drtp_img88_cacheonly_1024mb_500,500,250,9,1.0,10.0,registry,131,119,703.1114503816784,1422.599999999998,1491.3999999999974,14914.0,0.0,14914.0,0.0,14973.0,0.0,102.04014927148819
drtp_img88_cacheonly_1024mb_500,500,250,9,1.0,10.0,dragonfly_style,131,119,344.41377975988553,599.1030470679009,646.15,6461.0,8453.0,14914.0,56.67828885610835,14758.0,371.0,122.45050817728043
drtp_img88_cacheonly_1024mb_500,500,250,9,1.0,10.0,peersync_style,131,119,298.08264582273137,535.8761281966492,535.8761281966492,5320.0,9594.0,14914.0,64.32881855974253,13599.0,371.0,220.24253755807877
drtp_img88_cacheonly_1024mb_500,500,250,9,1.0,10.0,metapipe_reactive_style,131,119,355.6367437174362,665.8318325396824,742.5125,7356.0,7558.0,14914.0,50.67721603862143,14277.0,0.0,177.07139998674393
drtp_img88_cacheonly_1024mb_500,500,250,9,1.0,10.0,ilrsa_style,131,119,870.9671755725175,1490.199999999994,1491.3999999999928,14914.0,0.0,14914.0,0.0,14990.0,0.0,260.01378893852234
drtp_img88_cacheonly_1024mb_500,500,250,9,1.0,30.0,registry,131,119,234.37048346055983,474.1999999999999,497.13333333333355,14914.0,0.0,14914.0,0.0,14973.0,0.0,101.25532001256943
drtp_img88_cacheonly_1024mb_500,500,250,9,1.0,30.0,dragonfly_style,131,119,116.86685631487525,204.3677202380947,215.41666666666612,6461.0,8453.0,14914.0,56.67828885610835,14010.0,371.0,124.38569962978363
drtp_img88_cacheonly_1024mb_500,500,250,9,1.0,30.0,peersync_style,131,119,102.13071487135996,186.59012281745996,186.59012281745996,5320.0,9594.0,14914.0,64.32881855974253,13630.0,371.0,223.109632730484
drtp_img88_cacheonly_1024mb_500,500,250,9,1.0,30.0,metapipe_reactive_style,131,119,129.41441618199778,274.98750000000007,274.98750000000007,7917.0,6997.0,14914.0,46.91564972509052,13390.0,887.0,178.9122074842453
drtp_img88_cacheonly_1024mb_500,500,250,9,1.0,30.0,ilrsa_style,131,119,290.32239185750626,496.73333333333426,497.1333333333346,14914.0,0.0,14914.0,0.0,14990.0,0.0,258.47142189741135
drtp_img88_cacheonly_1024mb_500,500,250,9,1.0,100.0,registry,131,119,70.3343129770992,142.2599999999999,150.29499999999985,14914.0,0.0,14914.0,0.0,14973.0,0.0,102.05052047967911
drtp_img88_cacheonly_1024mb_500,500,250,9,1.0,100.0,dragonfly_style,131,119,36.16767998953916,66.8284895925926,70.54610970370373,6460.0,8454.0,14914.0,56.68499396540164,13828.0,371.0,128.16495448350906
drtp_img88_cacheonly_1024mb_500,500,250,9,1.0,100.0,peersync_style,131,119,33.495419174312026,64.07360807484575,64.07360807484575,5537.0,9377.0,14914.0,62.873809843100446,13571.0,371.0,221.49363905191422
drtp_img88_cacheonly_1024mb_500,500,250,9,1.0,100.0,metapipe_reactive_style,131,119,37.901947703717155,73.09871641684154,81.80563487612272,7030.0,7884.0,14914.0,52.86308166823119,12350.0,1494.0,183.14047902822495
drtp_img88_cacheonly_1024mb_500,500,250,9,1.0,100.0,ilrsa_style,131,119,87.1807824427481,150.14500000000007,150.29499999999993,14914.0,0.0,14914.0,0.0,14990.0,0.0,259.9772587418556
drtp_img88_cacheonly_1024mb_500,500,250,9,2.0,10.0,registry,131,119,156.06564885496192,687.8999999999997,833.6999999999998,8337.0,0.0,8337.0,0.0,7534.0,0.0,76.32613927125931
drtp_img88_cacheonly_1024mb_500,500,250,9,2.0,10.0,dragonfly_style,131,119,42.56847830081991,227.53119907407415,251.96869907407412,2516.0,5821.0,8337.0,69.82127863739954,7526.0,0.0,91.51023626327515
drtp_img88_cacheonly_1024mb_500,500,250,9,2.0,10.0,peersync_style,131,119,41.92611146451794,225.79726851851842,249.8847685185184,2454.0,5883.0,8337.0,70.5649514213746,8885.0,0.0,174.24918711185455
drtp_img88_cacheonly_1024mb_500,500,250,9,2.0,10.0,metapipe_reactive_style,131,119,51.519807384708585,246.49456349206343,276.34999999999997,2679.0,5658.0,8337.0,67.86613889888449,8358.0,0.0,109.44918543100357
drtp_img88_cacheonly_1024mb_500,500,250,9,2.0,10.0,ilrsa_style,131,119,218.34122137404572,830.9999999999995,833.7000000000002,8337.0,0.0,8337.0,0.0,9712.0,0.0,141.9045701622963
drtp_img88_cacheonly_1024mb_500,500,250,9,2.0,30.0,registry,131,119,52.021882951653915,229.29999999999973,277.8999999999998,8337.0,0.0,8337.0,0.0,7534.0,0.0,75.77361166477203
drtp_img88_cacheonly_1024mb_500,500,250,9,2.0,30.0,dragonfly_style,131,119,14.856877268871928,76.96044999999997,88.50416666666666,2516.0,5821.0,8337.0,69.82127863739954,7526.0,0.0,92.52893924713135
drtp_img88_cacheonly_1024mb_500,500,250,9,2.0,30.0,peersync_style,131,119,14.55061482188296,73.69241666666666,86.4875,2454.0,5883.0,8337.0,70.5649514213746,7862.0,0.0,177.3359775543213
drtp_img88_cacheonly_1024mb_500,500,250,9,2.0,30.0,metapipe_reactive_style,131,119,17.42353574464841,80.38149546494708,100.91666666666666,2774.0,5563.0,8337.0,66.72664027827756,8453.0,0.0,110.98790913820267
drtp_img88_cacheonly_1024mb_500,500,250,9,2.0,30.0,ilrsa_style,131,119,72.78040712468191,277.0000000000001,277.90000000000083,8337.0,0.0,8337.0,0.0,9712.0,0.0,141.81622862815857
drtp_img88_cacheonly_1024mb_500,500,250,9,2.0,100.0,registry,131,119,15.608358778625924,68.78999999999988,83.60499999999989,8337.0,0.0,8337.0,0.0,7534.0,0.0,74.7973620891571
drtp_img88_cacheonly_1024mb_500,500,250,9,2.0,100.0,dragonfly_style,131,119,5.02835884930732,24.599999999999977,33.71787037037035,2454.0,5883.0,8337.0,70.5649514213746,8417.0,0.0,92.337466776371
drtp_img88_cacheonly_1024mb_500,500,250,9,2.0,100.0,peersync_style,131,119,5.197782000106019,23.443333333333314,38.578517361111096,2454.0,5883.0,8337.0,70.5649514213746,7641.0,0.0,170.5048307776451
drtp_img88_cacheonly_1024mb_500,500,250,9,2.0,100.0,metapipe_reactive_style,131,119,5.580292914758272,25.661784444444454,37.17306322222223,2550.0,5787.0,8337.0,69.41345807844549,8439.0,0.0,114.80769515037537
drtp_img88_cacheonly_1024mb_500,500,250,9,2.0,100.0,ilrsa_style,131,119,21.845267175572523,83.26750000000001,83.60500000000009,8337.0,0.0,8337.0,0.0,9712.0,0.0,142.34571903944016
drtp_img88_cacheonly_1024mb_500,500,250,10,0.5,10.0,registry,130,120,828.2115384615385,1463.800000000001,1574.8000000000009,15748.0,0.0,15748.0,0.0,10125.0,5875.0,107.41054266691208
drtp_img88_cacheonly_1024mb_500,500,250,10,0.5,10.0,dragonfly_style,130,120,663.2644679487186,1211.800000000001,1389.2000000000012,13892.0,1856.0,15748.0,11.785623571247143,10162.0,5875.0,128.4077763557434
drtp_img88_cacheonly_1024mb_500,500,250,10,0.5,10.0,peersync_style,130,120,590.3007924297929,1100.1000000000001,1277.5000000000002,12775.0,2973.0,15748.0,18.878587757175513,10383.0,5875.0,215.30821919441223
drtp_img88_cacheonly_1024mb_500,500,250,10,0.5,10.0,metapipe_reactive_style,130,120,582.6058669413918,1188.3999999999999,1365.8,13658.0,2090.0,15748.0,13.271526543053087,10263.0,5875.0,176.54892802238464
drtp_img88_cacheonly_1024mb_500,500,250,10,0.5,10.0,ilrsa_style,130,120,1173.2638461538465,1572.8999999999992,1574.7999999999984,15748.0,0.0,15748.0,0.0,10015.0,5875.0,266.83270931243896
drtp_img88_cacheonly_1024mb_500,500,250,10,0.5,30.0,registry,130,120,276.07051282051293,487.9333333333335,524.933333333334,15748.0,0.0,15748.0,0.0,10125.0,5875.0,107.78014361858368
drtp_img88_cacheonly_1024mb_500,500,250,10,0.5,30.0,dragonfly_style,130,120,221.16215893365828,403.9333333333324,463.06666666666575,13892.0,1856.0,15748.0,11.785623571247143,10162.0,5875.0,129.01140749454498
drtp_img88_cacheonly_1024mb_500,500,250,10,0.5,30.0,peersync_style,130,120,197.21629169719122,366.6999999999995,425.8333333333328,12775.0,2973.0,15748.0,18.878587757175513,10383.0,5875.0,216.81015193462372
drtp_img88_cacheonly_1024mb_500,500,250,10,0.5,30.0,metapipe_reactive_style,130,120,194.21352614766963,396.1333333333333,455.26666666666665,13658.0,2090.0,15748.0,13.271526543053087,10263.0,5875.0,180.02288043498993
drtp_img88_cacheonly_1024mb_500,500,250,10,0.5,30.0,ilrsa_style,130,120,391.0879487179491,524.3000000000023,524.9333333333354,15748.0,0.0,15748.0,0.0,10015.0,5875.0,267.2913298010826
drtp_img88_cacheonly_1024mb_500,500,250,10,0.5,100.0,registry,130,120,82.82479487179468,146.37999999999948,157.95333333333286,15748.0,0.0,15748.0,0.0,10125.0,5875.0,107.18179494142532
drtp_img88_cacheonly_1024mb_500,500,250,10,0.5,100.0,dragonfly_style,130,120,64.1456501417505,119.8058333333333,145.67666666666665,13498.0,2250.0,15748.0,14.28752857505715,10162.0,5875.0,130.5275708436966
drtp_img88_cacheonly_1024mb_500,500,250,10,0.5,100.0,peersync_style,130,120,60.272665275340316,113.11418279196107,138.9850161252944,12804.0,2944.0,15748.0,18.69443738887478,10249.0,5875.0,220.4662561416626
drtp_img88_cacheonly_1024mb_500,500,250,10,0.5,100.0,metapipe_reactive_style,130,120,58.625221698067556,125.56324398264292,151.43407731597625,13492.0,2256.0,15748.0,14.325628651257302,10263.0,5875.0,184.08603966236115
drtp_img88_cacheonly_1024mb_500,500,250,10,0.5,100.0,ilrsa_style,130,120,117.36007692307702,157.63666666666725,157.95333333333406,15748.0,0.0,15748.0,0.0,10015.0,5875.0,266.8028473854065
drtp_img88_cacheonly_1024mb_500,500,250,10,1.0,10.0,registry,128,122,707.4796875000013,1303.200000000003,1352.0000000000023,13520.0,0.0,13520.0,0.0,14017.0,0.0,99.59397464990616
drtp_img88_cacheonly_1024mb_500,500,250,10,1.0,10.0,dragonfly_style,128,122,387.63446889209246,617.8549702380953,689.0500000000005,6881.0,6639.0,13520.0,49.10502958579882,12610.0,0.0,114.51345682144165
drtp_img88_cacheonly_1024mb_500,500,250,10,1.0,10.0,peersync_style,128,122,375.8404034297498,583.57800082672,618.2250000000008,6122.0,7398.0,13520.0,54.718934911242606,12878.0,0.0,219.36379373073578
drtp_img88_cacheonly_1024mb_500,500,250,10,1.0,10.0,metapipe_reactive_style,128,122,373.68512720595675,579.8497901058203,646.1625,6366.0,7154.0,13520.0,52.914201183431956,11884.0,218.0,157.00430423021317
drtp_img88_cacheonly_1024mb_500,500,250,10,1.0,10.0,ilrsa_style,128,122,831.1742187500004,1349.6999999999998,1351.9999999999977,13520.0,0.0,13520.0,0.0,12342.0,0.0,230.0957664847374
drtp_img88_cacheonly_1024mb_500,500,250,10,1.0,30.0,registry,128,122,235.82656250000028,434.40000000000083,450.66666666666765,13520.0,0.0,13520.0,0.0,14017.0,0.0,98.3666479587555
drtp_img88_cacheonly_1024mb_500,500,250,10,1.0,30.0,dragonfly_style,128,122,135.1214862960894,215.05473875661357,232.62026124338598,6962.0,6558.0,13520.0,48.505917159763314,12127.0,0.0,116.35471880435944
drtp_img88_cacheonly_1024mb_500,500,250,10,1.0,30.0,peersync_style,128,122,130.86706777825998,207.42684417989392,214.50131728395044,5974.0,7546.0,13520.0,55.81360946745562,12166.0,0.0,217.77629852294922
drtp_img88_cacheonly_1024mb_500,500,250,10,1.0,30.0,metapipe_reactive_style,128,122,128.31971265787334,208.62678461199306,218.90202309578933,6278.0,7242.0,13520.0,53.56508875739645,11021.0,468.0,158.69979560375214
drtp_img88_cacheonly_1024mb_500,500,250,10,1.0,30.0,ilrsa_style,128,122,277.058072916667,449.9000000000011,450.6666666666684,13520.0,0.0,13520.0,0.0,12342.0,0.0,229.94866222143173
drtp_img88_cacheonly_1024mb_500,500,250,10,1.0,100.0,registry,128,122,70.7696874999999,130.32,136.2899999999999,13520.0,0.0,13520.0,0.0,14017.0,0.0,98.84048253297806
drtp_img88_cacheonly_1024mb_500,500,250,10,1.0,100.0,dragonfly_style,128,122,45.96733095047995,85.56577229332012,89.27194513282629,6911.0,6609.0,13520.0,48.883136094674555,12076.0,0.0,118.80287528038025
drtp_img88_cacheonly_1024mb_500,500,250,10,1.0,100.0,peersync_style,128,122,45.5449707940641,85.37279335317454,89.04038594576714,5974.0,7546.0,13520.0,55.81360946745562,12214.0,0.0,217.8458496928215
drtp_img88_cacheonly_1024mb_500,500,250,10,1.0,100.0,metapipe_reactive_style,128,122,41.16656006164108,77.5206047340834,88.60810473408341,6278.0,7242.0,13520.0,53.56508875739645,11021.0,468.0,161.63147240877151
drtp_img88_cacheonly_1024mb_500,500,250,10,1.0,100.0,ilrsa_style,128,122,83.19171874999998,136.00250000000003,136.28999999999976,13520.0,0.0,13520.0,0.0,12342.0,0.0,229.22060638666153
drtp_img88_cacheonly_1024mb_500,500,250,10,2.0,10.0,registry,127,123,183.97322834645686,681.3000000000003,744.4000000000005,7444.0,0.0,7444.0,0.0,6036.0,0.0,61.62174046039581
drtp_img88_cacheonly_1024mb_500,500,250,10,2.0,10.0,dragonfly_style,127,123,23.639446944131983,159.79845238095243,228.94999999999996,2282.0,5162.0,7444.0,69.34443847393874,6004.0,0.0,70.2926442027092
drtp_img88_cacheonly_1024mb_500,500,250,10,2.0,10.0,peersync_style,127,123,17.896126512831728,97.42363095238092,158.9749999999999,1582.0,5862.0,7444.0,78.74798495432563,7876.0,0.0,122.86058068275452
drtp_img88_cacheonly_1024mb_500,500,250,10,2.0,10.0,metapipe_reactive_style,127,123,33.06767229096365,167.90000000000003,200.89948412698413,1906.0,5538.0,7444.0,74.39548629768942,6331.0,0.0,88.84460479021072
drtp_img88_cacheonly_1024mb_500,500,250,10,2.0,10.0,ilrsa_style,127,123,239.13070866141717,742.099999999999,744.3999999999994,7444.0,0.0,7444.0,0.0,7862.0,0.0,106.0146763920784
drtp_img88_cacheonly_1024mb_500,500,250,10,2.0,30.0,registry,127,123,61.32440944881888,227.0999999999998,248.13333333333307,7444.0,0.0,7444.0,0.0,6036.0,0.0,60.394562780857086
drtp_img88_cacheonly_1024mb_500,500,250,10,2.0,30.0,dragonfly_style,127,123,8.127788713910764,39.85599537037038,65.36666666666669,1909.0,5535.0,7444.0,74.35518538420204,6045.0,0.0,73.21619987487793
drtp_img88_cacheonly_1024mb_500,500,250,10,2.0,30.0,peersync_style,127,123,7.539427584572765,33.198819444444474,54.491666666666724,1582.0,5862.0,7444.0,78.74798495432563,7933.0,0.0,130.40714710950851
drtp_img88_cacheonly_1024mb_500,500,250,10,2.0,30.0,metapipe_reactive_style,127,123,12.36612106090905,55.96666666666664,73.93986375661373,1906.0,5538.0,7444.0,74.39548629768942,6331.0,0.0,88.18342536687851
drtp_img88_cacheonly_1024mb_500,500,250,10,2.0,30.0,ilrsa_style,127,123,79.71023622047231,247.36666666666605,248.13333333333267,7444.0,0.0,7444.0,0.0,7862.0,0.0,106.69154673814774
drtp_img88_cacheonly_1024mb_500,500,250,10,2.0,100.0,registry,127,123,18.431948818897638,68.12999999999998,75.98750000000001,7444.0,0.0,7444.0,0.0,6036.0,0.0,60.56588143110275
drtp_img88_cacheonly_1024mb_500,500,250,10,2.0,100.0,dragonfly_style,127,123,5.465822543015454,21.702240740740713,30.222499999999982,1619.0,5825.0,7444.0,78.25094035464804,6198.0,0.0,72.76411354541779
drtp_img88_cacheonly_1024mb_500,500,250,10,2.0,100.0,peersync_style,127,123,5.276965660542433,21.189361111111104,26.35590277777777,1582.0,5862.0,7444.0,78.74798495432563,6551.0,0.0,125.05984306335449
drtp_img88_cacheonly_1024mb_500,500,250,10,2.0,100.0,metapipe_reactive_style,127,123,5.209540616374778,21.748021081349215,30.468007991622585,1728.0,5716.0,7444.0,76.7866738312735,6055.0,0.0,91.00840985774994
drtp_img88_cacheonly_1024mb_500,500,250,10,2.0,100.0,ilrsa_style,127,123,24.01844488188975,75.69999999999995,75.9875,7444.0,0.0,7444.0,0.0,7862.0,0.0,106.90498352050781
drtp_img88_cacheonly_1024mb_500,500,250,11,0.5,10.0,registry,134,116,827.8679104477613,1368.2999999999977,1475.499999999996,14755.0,0.0,14755.0,0.0,11117.0,4101.0,98.6630767583847
drtp_img88_cacheonly_1024mb_500,500,250,11,0.5,10.0,dragonfly_style,134,116,628.867268123668,1128.3999999999992,1217.0999999999992,12171.0,2584.0,14755.0,17.51270755676042,11288.0,4101.0,116.45627021789551
drtp_img88_cacheonly_1024mb_500,500,250,11,0.5,10.0,peersync_style,134,116,621.1174073086951,1069.600000000001,1158.300000000001,11583.0,3172.0,14755.0,21.497797356828194,11232.0,4101.0,182.5728788971901
drtp_img88_cacheonly_1024mb_500,500,250,11,0.5,10.0,metapipe_reactive_style,134,116,521.4383440434726,1018.4000000000002,1107.1000000000001,11071.0,3684.0,14755.0,24.967807522873603,11171.0,4101.0,167.5928831100464
drtp_img88_cacheonly_1024mb_500,500,250,11,0.5,10.0,ilrsa_style,134,116,1038.6022388059696,1473.399999999999,1475.499999999997,14755.0,0.0,14755.0,0.0,10812.0,4101.0,244.13511157035828
drtp_img88_cacheonly_1024mb_500,500,250,11,0.5,30.0,registry,134,116,275.9559701492539,456.1000000000009,491.83333333333456,14755.0,0.0,14755.0,0.0,11117.0,4101.0,98.59389066696167
drtp_img88_cacheonly_1024mb_500,500,250,11,0.5,30.0,dragonfly_style,134,116,197.7119192578772,364.09999999999934,393.666666666666,11810.0,2945.0,14755.0,19.959335818366654,10905.0,4495.0,116.38611555099487
drtp_img88_cacheonly_1024mb_500,500,250,11,0.5,30.0,peersync_style,134,116,191.7669204868513,342.33333333333275,371.8999999999994,11157.0,3598.0,14755.0,24.384954252795662,10697.0,4495.0,181.14635348320007
drtp_img88_cacheonly_1024mb_500,500,250,11,0.5,30.0,metapipe_reactive_style,134,116,173.48690887526675,339.46666666666664,369.0333333333333,11071.0,3684.0,14755.0,24.967807522873603,11171.0,4101.0,169.14819180965424
drtp_img88_cacheonly_1024mb_500,500,250,11,0.5,30.0,ilrsa_style,134,116,346.2007462686568,491.1333333333342,491.83333333333474,14755.0,0.0,14755.0,0.0,10812.0,4101.0,244.7662353515625
drtp_img88_cacheonly_1024mb_500,500,250,11,0.5,100.0,registry,134,116,82.90728855721385,136.82999999999973,152.54999999999993,14755.0,0.0,14755.0,0.0,11117.0,4101.0,98.64428639411926
drtp_img88_cacheonly_1024mb_500,500,250,11,0.5,100.0,dragonfly_style,134,116,60.237352325673285,110.53604497354522,121.62354497354522,11417.0,3338.0,14755.0,22.62283971535073,10510.0,4722.0,118.79289150238037
drtp_img88_cacheonly_1024mb_500,500,250,11,0.5,100.0,peersync_style,134,116,58.46453483930789,104.48942551587314,115.57692551587314,10787.0,3968.0,14755.0,26.892578786851914,10255.0,4722.0,184.31875854730606
drtp_img88_cacheonly_1024mb_500,500,250,11,0.5,100.0,metapipe_reactive_style,134,116,54.76221518214086,103.85968948168319,118.64302281501652,11103.0,3652.0,14755.0,24.750931887495764,10837.0,4101.0,174.58059638738632
drtp_img88_cacheonly_1024mb_500,500,250,11,0.5,100.0,ilrsa_style,134,116,104.14624378109453,152.2000000000003,152.55000000000058,14755.0,0.0,14755.0,0.0,10812.0,4101.0,245.3199401497841
drtp_img88_cacheonly_1024mb_500,500,250,11,1.0,10.0,registry,133,117,567.2924812030068,1078.199999999997,1177.7999999999954,11778.0,0.0,11778.0,0.0,10797.0,0.0,106.2333956360817
drtp_img88_cacheonly_1024mb_500,500,250,11,1.0,10.0,dragonfly_style,133,117,338.4180975504238,558.4324305555565,629.150000000001,6252.0,5526.0,11778.0,46.917982679572084,9992.0,0.0,121.94233387708664
drtp_img88_cacheonly_1024mb_500,500,250,11,1.0,10.0,peersync_style,133,117,316.9711978688821,535.5100000000001,535.5100000000001,5089.0,6689.0,11778.0,56.792324673119374,10078.0,0.0,222.15639799833298
drtp_img88_cacheonly_1024mb_500,500,250,11,1.0,10.0,metapipe_reactive_style,133,117,313.6921455424278,550.5434821428573,597.8608630952382,5763.0,6015.0,11778.0,51.0697911360163,10843.0,0.0,175.8219450712204
drtp_img88_cacheonly_1024mb_500,500,250,11,1.0,10.0,ilrsa_style,133,117,665.8413533834582,1175.1999999999987,1177.7999999999963,11778.0,0.0,11778.0,0.0,10495.0,0.0,272.39811420440674
drtp_img88_cacheonly_1024mb_500,500,250,11,1.0,30.0,registry,133,117,189.09749373433655,359.40000000000185,392.6000000000023,11778.0,0.0,11778.0,0.0,10797.0,0.0,105.53207993507385
drtp_img88_cacheonly_1024mb_500,500,250,11,1.0,30.0,dragonfly_style,133,117,115.22233251780233,200.6990972222219,226.11576388888855,6252.0,5526.0,11778.0,46.917982679572084,9979.0,0.0,123.18810820579529
drtp_img88_cacheonly_1024mb_500,500,250,11,1.0,30.0,peersync_style,133,117,107.58099764307556,194.1082298142635,198.53340234604642,5089.0,6689.0,11778.0,56.792324673119374,9852.0,0.0,215.96602350473404
drtp_img88_cacheonly_1024mb_500,500,250,11,1.0,30.0,metapipe_reactive_style,133,117,105.45519383776907,192.01495039682547,212.2820800264551,5763.0,6015.0,11778.0,51.0697911360163,10816.0,0.0,177.7188703417778
drtp_img88_cacheonly_1024mb_500,500,250,11,1.0,30.0,ilrsa_style,133,117,221.94711779448653,391.73333333333443,392.6000000000018,11778.0,0.0,11778.0,0.0,10495.0,0.0,273.16105365753174
drtp_img88_cacheonly_1024mb_500,500,250,11,1.0,100.0,registry,133,117,56.83185463659135,107.81999999999981,122.88666666666641,11778.0,0.0,11778.0,0.0,10797.0,0.0,105.60828447341919
drtp_img88_cacheonly_1024mb_500,500,250,11,1.0,100.0,dragonfly_style,133,117,38.264416970004305,78.37398148148137,92.10731481481466,6211.0,5567.0,11778.0,47.26608931906945,10008.0,0.0,124.53722208738327
drtp_img88_cacheonly_1024mb_500,500,250,11,1.0,100.0,peersync_style,133,117,35.31071807163411,74.53129636978248,86.28129636978245,5369.0,6409.0,11778.0,54.41501103752759,10560.0,0.0,213.53331208229065
drtp_img88_cacheonly_1024mb_500,500,250,11,1.0,100.0,metapipe_reactive_style,133,117,33.44704730724795,68.62990950121252,83.0470286618166,5763.0,6015.0,11778.0,51.0697911360163,10366.0,0.0,182.11805820465088
drtp_img88_cacheonly_1024mb_500,500,250,11,1.0,100.0,ilrsa_style,133,117,66.91511278195483,122.45333333333305,122.88666666666636,11778.0,0.0,11778.0,0.0,10495.0,0.0,272.7953568100929
drtp_img88_cacheonly_1024mb_500,500,250,11,2.0,10.0,registry,134,116,106.71791044776108,462.4999999999995,501.8999999999995,5019.0,0.0,5019.0,0.0,5008.0,0.0,64.79815393686295
drtp_img88_cacheonly_1024mb_500,500,250,11,2.0,10.0,dragonfly_style,134,116,65.32261567164174,252.1332539682538,292.7666666666665,2881.0,2138.0,5019.0,42.59812711695557,5814.0,0.0,71.2241381406784
drtp_img88_cacheonly_1024mb_500,500,250,11,2.0,10.0,peersync_style,134,116,62.81608688699354,239.4404285714283,256.9666666666663,2565.0,2454.0,5019.0,48.89420203227735,4378.0,0.0,109.0795248746872
drtp_img88_cacheonly_1024mb_500,500,250,11,2.0,10.0,metapipe_reactive_style,134,116,61.63274237998993,236.7190438988095,280.09999999999997,2801.0,2218.0,5019.0,44.19207013349273,5150.0,0.0,95.05753964185715
drtp_img88_cacheonly_1024mb_500,500,250,11,2.0,10.0,ilrsa_style,134,116,147.23582089552252,491.8,501.8999999999998,5019.0,0.0,5019.0,0.0,5716.0,0.0,106.10136389732361
drtp_img88_cacheonly_1024mb_500,500,250,11,2.0,30.0,registry,134,116,35.5726368159204,154.16666666666666,167.29999999999995,5019.0,0.0,5019.0,0.0,5008.0,0.0,63.976943492889404
drtp_img88_cacheonly_1024mb_500,500,250,11,2.0,30.0,dragonfly_style,134,116,22.052326166785132,84.06658730158742,100.70000000000007,2881.0,2138.0,5019.0,42.59812711695557,5814.0,0.0,71.72227650880814
drtp_img88_cacheonly_1024mb_500,500,250,11,2.0,30.0,peersync_style,134,116,21.2694770196636,79.81468253968269,85.96666666666682,2565.0,2454.0,5019.0,48.89420203227735,4354.0,0.0,111.27966642379761
drtp_img88_cacheonly_1024mb_500,500,250,11,2.0,30.0,metapipe_reactive_style,134,116,20.633620606149968,79.00440651317238,93.36666666666663,2801.0,2218.0,5019.0,44.19207013349273,5174.0,0.0,96.22372686862946
drtp_img88_cacheonly_1024mb_500,500,250,11,2.0,30.0,ilrsa_style,134,116,49.078606965174025,163.93333333333266,167.29999999999927,5019.0,0.0,5019.0,0.0,5716.0,0.0,106.26046359539032
drtp_img88_cacheonly_1024mb_500,500,250,11,2.0,100.0,registry,134,116,10.681791044776126,46.250000000000014,50.63666666666669,5019.0,0.0,5019.0,0.0,5008.0,0.0,63.663676381111145
drtp_img88_cacheonly_1024mb_500,500,250,11,2.0,100.0,dragonfly_style,134,116,6.801182312643132,24.892777777777773,32.13702777777777,2711.0,2308.0,5019.0,45.98525602709703,4977.0,0.0,73.7026110291481
drtp_img88_cacheonly_1024mb_500,500,250,11,2.0,100.0,peersync_style,134,116,6.686316833491273,23.961111111111098,31.048069444444433,2565.0,2454.0,5019.0,48.89420203227735,4352.0,0.0,113.69343101978302
drtp_img88_cacheonly_1024mb_500,500,250,11,2.0,100.0,metapipe_reactive_style,134,116,6.333515527114556,24.186349446129302,30.143592446724547,2803.0,2216.0,5019.0,44.1522215580793,5811.0,0.0,96.98554128408432
drtp_img88_cacheonly_1024mb_500,500,250,11,2.0,100.0,ilrsa_style,134,116,14.733582089552243,49.18000000000008,50.6366666666668,5019.0,0.0,5019.0,0.0,5716.0,0.0,106.51853680610657
drtp_img88_cacheonly_1024mb_500,500,250,12,0.5,10.0,registry,130,120,923.7723076923075,1499.700000000001,1526.8000000000004,15268.0,0.0,15268.0,0.0,9890.0,5875.0,94.83008086681366
drtp_img88_cacheonly_1024mb_500,500,250,12,0.5,10.0,dragonfly_style,130,120,733.1409945818073,1324.1999999999998,1324.1999999999998,13242.0,2026.0,15268.0,13.269583442494106,9885.0,5875.0,113.90569806098938
drtp_img88_cacheonly_1024mb_500,500,250,12,0.5,10.0,peersync_style,130,120,688.4363361568983,1231.9000000000003,1231.9000000000003,12319.0,2949.0,15268.0,19.31490699502227,9787.0,5875.0,185.55109202861786
drtp_img88_cacheonly_1024mb_500,500,250,12,0.5,10.0,metapipe_reactive_style,130,120,568.9151317185593,1127.0000000000002,1215.7000000000003,12157.0,3111.0,15268.0,20.37594969871627,9967.0,5875.0,157.07899630069733
drtp_img88_cacheonly_1024mb_500,500,250,12,0.5,10.0,ilrsa_style,130,120,1129.9438461538448,1523.9999999999939,1526.7999999999913,15268.0,0.0,15268.0,0.0,9923.0,5875.0,230.63404858112335
drtp_img88_cacheonly_1024mb_500,500,250,12,0.5,30.0,registry,130,120,307.924102564103,499.90000000000055,508.9333333333342,15268.0,0.0,15268.0,0.0,9890.0,5875.0,94.1670686006546
drtp_img88_cacheonly_1024mb_500,500,250,12,0.5,30.0,dragonfly_style,130,120,244.67687667887623,441.3999999999992,441.3999999999992,13242.0,2026.0,15268.0,13.269583442494106,9885.0,5875.0,112.00859397649765
drtp_img88_cacheonly_1024mb_500,500,250,12,0.5,30.0,peersync_style,130,120,229.76554708485924,410.6333333333327,410.6333333333327,12319.0,2949.0,15268.0,19.31490699502227,9787.0,5875.0,184.4571977853775
drtp_img88_cacheonly_1024mb_500,500,250,12,0.5,30.0,metapipe_reactive_style,130,120,192.5494951141989,387.29999999999995,416.8666666666666,12506.0,2762.0,15268.0,18.0901231333508,9967.0,5875.0,158.62738341093063
drtp_img88_cacheonly_1024mb_500,500,250,12,0.5,30.0,ilrsa_style,130,120,376.6479487179486,508.0000000000005,508.9333333333346,15268.0,0.0,15268.0,0.0,9923.0,5875.0,229.168139398098
drtp_img88_cacheonly_1024mb_500,500,250,12,0.5,100.0,registry,130,120,92.38186538461524,149.9699999999998,153.02249999999987,15268.0,0.0,15268.0,0.0,9890.0,5875.0,94.07550096511841
drtp_img88_cacheonly_1024mb_500,500,250,12,0.5,100.0,dragonfly_style,130,120,76.31586704441399,144.60826636904773,144.60826636904773,13264.0,2004.0,15268.0,13.125491223473933,9884.0,5875.0,112.38734424114227
drtp_img88_cacheonly_1024mb_500,500,250,12,0.5,100.0,peersync_style,130,120,71.98891499821936,135.85469295634925,135.85469295634925,12336.0,2932.0,15268.0,19.20356300759759,9698.0,5875.0,179.97924983501434
drtp_img88_cacheonly_1024mb_500,500,250,12,0.5,100.0,metapipe_reactive_style,130,120,58.33163913497214,124.36257840355151,139.14591173688484,12340.0,2928.0,15268.0,19.177364422321194,10094.0,5875.0,162.063866853714
drtp_img88_cacheonly_1024mb_500,500,250,12,0.5,100.0,ilrsa_style,130,120,113.0194807692308,152.67249999999984,153.02249999999952,15268.0,0.0,15268.0,0.0,9923.0,5875.0,229.44894433021545
drtp_img88_cacheonly_1024mb_500,500,250,12,1.0,10.0,registry,131,119,661.769465648854,1318.5999999999988,1406.099999999999,14061.0,0.0,14061.0,0.0,15003.0,0.0,97.93543070554733
drtp_img88_cacheonly_1024mb_500,500,250,12,1.0,10.0,dragonfly_style,131,119,344.2565292923782,624.0202430555546,680.3333333333322,6799.0,7262.0,14061.0,51.64639783799161,13465.0,0.0,116.9668361544609
drtp_img88_cacheonly_1024mb_500,500,250,12,1.0,10.0,peersync_style,131,119,320.92802596025626,529.9999999999987,557.3874999999988,5461.0,8600.0,14061.0,61.162079510703364,13285.0,1072.0,219.83829885721207
drtp_img88_cacheonly_1024mb_500,500,250,12,1.0,10.0,metapipe_reactive_style,131,119,322.7481025536167,614.1256706349208,677.0125000000002,6745.0,7316.0,14061.0,52.03043880236114,13684.0,0.0,165.4537096619606
drtp_img88_cacheonly_1024mb_500,500,250,12,1.0,10.0,ilrsa_style,131,119,833.0969465648851,1403.8000000000004,1406.0999999999988,14061.0,0.0,14061.0,0.0,13725.0,0.0,230.0405129790306
drtp_img88_cacheonly_1024mb_500,500,250,12,1.0,30.0,registry,131,119,220.58982188295204,439.5333333333339,468.70000000000056,14061.0,0.0,14061.0,0.0,15003.0,0.0,97.8708565235138
drtp_img88_cacheonly_1024mb_500,500,250,12,1.0,30.0,dragonfly_style,131,119,124.22986845692482,219.1764930555553,236.69999999999973,7094.0,6967.0,14061.0,49.54839627338027,12871.0,555.0,119.68748271465302
drtp_img88_cacheonly_1024mb_500,500,250,12,1.0,30.0,peersync_style,131,119,112.49564858738233,192.158074074074,203.77325925925916,5442.0,8619.0,14061.0,61.29720503520375,12428.0,1322.0,224.4284227490425
drtp_img88_cacheonly_1024mb_500,500,250,12,1.0,30.0,metapipe_reactive_style,131,119,112.35565382480432,208.18944412220748,223.29044123015865,6690.0,7371.0,14061.0,52.42159163644122,13129.0,949.0,169.09564286470413
drtp_img88_cacheonly_1024mb_500,500,250,12,1.0,30.0,ilrsa_style,131,119,277.698982188295,467.93333333333277,468.69999999999993,14061.0,0.0,14061.0,0.0,13725.0,0.0,229.8784777522087
drtp_img88_cacheonly_1024mb_500,500,250,12,1.0,100.0,registry,131,119,66.17734732824421,131.85999999999984,140.66249999999994,14061.0,0.0,14061.0,0.0,15003.0,0.0,97.41419553756714
drtp_img88_cacheonly_1024mb_500,500,250,12,1.0,100.0,dragonfly_style,131,119,44.67494279145969,85.01785254629635,90.35535254629636,7214.0,6847.0,14061.0,48.694971908114645,12425.0,1322.0,122.84937500953674
drtp_img88_cacheonly_1024mb_500,500,250,12,1.0,100.0,peersync_style,131,119,41.60014735591104,80.63148123456804,85.96898123456805,5692.0,8369.0,14061.0,59.51923760756703,11923.0,1322.0,221.33126854896545
drtp_img88_cacheonly_1024mb_500,500,250,12,1.0,100.0,metapipe_reactive_style,131,119,38.807654722159235,77.92855033029453,89.01605033029453,6766.0,7295.0,14061.0,51.88108953843965,11630.0,1322.0,172.25707322359085
drtp_img88_cacheonly_1024mb_500,500,250,12,1.0,100.0,ilrsa_style,131,119,83.31076335877846,140.3799999999996,140.6624999999994,14061.0,0.0,14061.0,0.0,13725.0,0.0,230.55041581392288
drtp_img88_cacheonly_1024mb_500,500,250,12,2.0,10.0,registry,132,118,97.60454545454542,477.39999999999947,574.8999999999999,5749.0,0.0,5749.0,0.0,5176.0,0.0,50.012774765491486
drtp_img88_cacheonly_1024mb_500,500,250,12,2.0,10.0,dragonfly_style,132,118,23.559252886002888,161.29469841269844,218.23333333333343,2159.0,3590.0,5749.0,62.445642720473124,5181.0,0.0,57.06143379211426
drtp_img88_cacheonly_1024mb_500,500,250,12,2.0,10.0,peersync_style,132,118,22.826765392015407,161.29642063492068,185.18691269841298,1768.0,3981.0,5749.0,69.24682553487563,6008.0,0.0,94.42056715488434
drtp_img88_cacheonly_1024mb_500,500,250,12,2.0,10.0,metapipe_reactive_style,132,118,24.14497234247234,166.54193121693123,183.01666666666668,1768.0,3981.0,5749.0,69.24682553487563,4851.0,0.0,70.93226164579391
drtp_img88_cacheonly_1024mb_500,500,250,12,2.0,10.0,ilrsa_style,132,118,99.74924242424245,564.4999999999995,574.9000000000003,5749.0,0.0,5749.0,0.0,6593.0,0.0,87.73929625749588
drtp_img88_cacheonly_1024mb_500,500,250,12,2.0,30.0,registry,132,118,32.53484848484849,159.1333333333334,191.63333333333335,5749.0,0.0,5749.0,0.0,5176.0,0.0,48.86490851640701
drtp_img88_cacheonly_1024mb_500,500,250,12,2.0,30.0,dragonfly_style,132,118,8.845465909090908,50.707677777777775,75.13333333333331,2159.0,3590.0,5749.0,62.445642720473124,5176.0,0.0,57.21154063940048
drtp_img88_cacheonly_1024mb_500,500,250,12,2.0,30.0,peersync_style,132,118,8.702272306397306,50.682744444444445,68.61666666666665,1768.0,3981.0,5749.0,69.24682553487563,6066.0,0.0,95.37791460752487
drtp_img88_cacheonly_1024mb_500,500,250,12,2.0,30.0,metapipe_reactive_style,132,118,8.449160223932445,51.16419858906523,65.14999999999996,1768.0,3981.0,5749.0,69.24682553487563,4850.0,0.0,71.08930498361588
drtp_img88_cacheonly_1024mb_500,500,250,12,2.0,30.0,ilrsa_style,132,118,33.24974747474747,188.16666666666657,191.63333333333316,5749.0,0.0,5749.0,0.0,6593.0,0.0,87.44283765554428
drtp_img88_cacheonly_1024mb_500,500,250,12,2.0,100.0,registry,132,118,9.896414141414143,47.73999999999999,63.643333333333324,5749.0,0.0,5749.0,0.0,5176.0,0.0,48.52733761072159
drtp_img88_cacheonly_1024mb_500,500,250,12,2.0,100.0,dragonfly_style,132,118,4.145452441077441,19.266666666666662,37.64999999999998,2190.0,3559.0,5749.0,61.906418507566535,5212.0,0.0,56.99864774942398
drtp_img88_cacheonly_1024mb_500,500,250,12,2.0,100.0,peersync_style,132,118,4.143853114478112,19.256666666666664,37.63333333333331,1768.0,3981.0,5749.0,69.24682553487563,6053.0,0.0,92.89927035570145
drtp_img88_cacheonly_1024mb_500,500,250,12,2.0,100.0,metapipe_reactive_style,132,118,3.4442147768191185,19.141309876543215,38.37464320987655,1969.0,3780.0,5749.0,65.75056531570708,4830.0,0.0,73.0220302939415
drtp_img88_cacheonly_1024mb_500,500,250,12,2.0,100.0,ilrsa_style,132,118,10.292398989898999,61.910000000000075,63.64333333333338,5749.0,0.0,5749.0,0.0,6593.0,0.0,88.26284855604172
drtp_img88_cacheonly_1024mb_500,500,250,13,0.5,10.0,registry,133,117,743.9947368421041,1305.4999999999975,1414.2999999999975,14143.0,0.0,14143.0,0.0,9049.0,4988.0,87.5978097319603
drtp_img88_cacheonly_1024mb_500,500,250,13,0.5,10.0,dragonfly_style,133,117,633.7739552750932,1198.0000000000007,1198.0000000000007,11980.0,2163.0,14143.0,15.293784911263522,9436.0,4988.0,101.3966053724289
drtp_img88_cacheonly_1024mb_500,500,250,13,0.5,10.0,peersync_style,133,117,599.9497368421054,1128.0,1128.0,11280.0,2863.0,14143.0,20.243229866364985,9311.0,4988.0,171.92447930574417
drtp_img88_cacheonly_1024mb_500,500,250,13,0.5,10.0,metapipe_reactive_style,133,117,534.4455560031031,1167.8999999999999,1167.8999999999999,11679.0,2464.0,14143.0,17.42204624195715,9349.0,4988.0,137.48688995838165
drtp_img88_cacheonly_1024mb_500,500,250,13,0.5,10.0,ilrsa_style,133,117,982.3097744360897,1413.7999999999972,1414.2999999999968,14143.0,0.0,14143.0,0.0,8854.0,4988.0,209.2113122344017
drtp_img88_cacheonly_1024mb_500,500,250,13,0.5,30.0,registry,133,117,247.9982456140351,435.1666666666669,471.4333333333338,14143.0,0.0,14143.0,0.0,9049.0,4988.0,87.19085156917572
drtp_img88_cacheonly_1024mb_500,500,250,13,0.5,30.0,dragonfly_style,133,117,211.7280563014682,400.70000000000005,400.70000000000005,12021.0,2122.0,14143.0,15.003888849607579,9431.0,4988.0,101.51601582765579
drtp_img88_cacheonly_1024mb_500,500,250,13,0.5,30.0,peersync_style,133,117,200.16185578032383,375.9999999999999,375.9999999999999,11280.0,2863.0,14143.0,20.243229866364985,9311.0,4988.0,172.7951094508171
drtp_img88_cacheonly_1024mb_500,500,250,13,0.5,30.0,metapipe_reactive_style,133,117,178.04043553825048,389.2999999999999,389.2999999999999,11679.0,2464.0,14143.0,17.42204624195715,9321.0,4988.0,137.40308582782745
drtp_img88_cacheonly_1024mb_500,500,250,13,0.5,30.0,ilrsa_style,133,117,327.4365914786969,471.2666666666677,471.4333333333345,14143.0,0.0,14143.0,0.0,8854.0,4988.0,209.8548635840416
drtp_img88_cacheonly_1024mb_500,500,250,13,0.5,100.0,registry,133,117,74.4125563909773,130.54999999999976,142.29999999999978,14143.0,0.0,14143.0,0.0,9049.0,4988.0,86.20695769786835
drtp_img88_cacheonly_1024mb_500,500,250,13,0.5,100.0,dragonfly_style,133,117,64.1077071398735,125.93263227513226,125.93263227513226,11909.0,2234.0,14143.0,15.795800042423814,9201.0,4988.0,102.98974066972733
drtp_img88_cacheonly_1024mb_500,500,250,13,0.5,100.0,peersync_style,133,117,60.82246138076143,120.61314075634925,120.61314075634925,11280.0,2863.0,14143.0,20.243229866364985,9125.0,4988.0,169.98331993818283
drtp_img88_cacheonly_1024mb_500,500,250,13,0.5,100.0,metapipe_reactive_style,133,117,53.886789567580756,128.39787032627865,128.39787032627865,11650.0,2493.0,14143.0,17.627094675811357,9349.0,4988.0,142.3770859837532
drtp_img88_cacheonly_1024mb_500,500,250,13,0.5,100.0,ilrsa_style,133,117,98.30507518796985,142.23749999999987,142.2999999999998,14143.0,0.0,14143.0,0.0,8854.0,4988.0,209.19591933488846
drtp_img88_cacheonly_1024mb_500,500,250,13,1.0,10.0,registry,131,119,718.2312977099233,1532.9,1595.6999999999994,15957.0,0.0,15957.0,0.0,18172.0,0.0,99.2550179362297
drtp_img88_cacheonly_1024mb_500,500,250,13,1.0,10.0,dragonfly_style,131,119,330.89553788016497,576.7876121031746,652.175,6519.0,9438.0,15957.0,59.14645610077082,17167.0,360.0,121.4781105518341
drtp_img88_cacheonly_1024mb_500,500,250,13,1.0,10.0,peersync_style,131,119,298.3305325437216,497.34099999999967,535.3125000000006,5336.0,10621.0,15957.0,66.56013035031647,15928.0,472.0,228.995643556118
drtp_img88_cacheonly_1024mb_500,500,250,13,1.0,10.0,metapipe_reactive_style,131,119,326.59644172793725,642.7200000000003,642.7200000000003,6250.0,9707.0,15957.0,60.83223663595914,15727.0,202.0,160.28271615505219
drtp_img88_cacheonly_1024mb_500,500,250,13,1.0,10.0,ilrsa_style,131,119,878.359541984732,1593.6999999999994,1595.6999999999975,15957.0,0.0,15957.0,0.0,16513.0,0.0,239.57819491624832
drtp_img88_cacheonly_1024mb_500,500,250,13,1.0,30.0,registry,131,119,239.41043256997466,510.96666666666766,531.9000000000011,15957.0,0.0,15957.0,0.0,18172.0,0.0,99.12604093551636
drtp_img88_cacheonly_1024mb_500,500,250,13,1.0,30.0,dragonfly_style,131,119,119.20895485278076,212.76920317460272,230.302536507936,6280.0,9677.0,15957.0,60.64423137181174,16187.0,650.0,123.38835000991821
drtp_img88_cacheonly_1024mb_500,500,250,13,1.0,30.0,peersync_style,131,119,108.0279066016398,196.9128338624336,205.75616587301553,5410.0,10547.0,15957.0,66.09638403208623,16259.0,650.0,234.00425165891647
drtp_img88_cacheonly_1024mb_500,500,250,13,1.0,30.0,metapipe_reactive_style,131,119,115.76876174900273,247.66588378467736,249.72000000000006,6250.0,9707.0,15957.0,60.83223663595914,15727.0,202.0,165.2880683541298
drtp_img88_cacheonly_1024mb_500,500,250,13,1.0,30.0,ilrsa_style,131,119,292.78651399491133,531.233333333335,531.9000000000011,15957.0,0.0,15957.0,0.0,16513.0,0.0,243.15646290779114
drtp_img88_cacheonly_1024mb_500,500,250,13,1.0,100.0,registry,131,119,71.87844783715003,153.28999999999994,163.18333333333348,15957.0,0.0,15957.0,0.0,18172.0,0.0,102.53424197435379
drtp_img88_cacheonly_1024mb_500,500,250,13,1.0,100.0,dragonfly_style,131,119,45.29357939682291,99.01859724537044,108.36255479497359,6192.0,9765.0,15957.0,61.19571347997744,16015.0,650.0,126.50418281555176
drtp_img88_cacheonly_1024mb_500,500,250,13,1.0,100.0,peersync_style,131,119,43.46216542131847,95.6837206492505,105.77144068599361,5387.0,10570.0,15957.0,66.24052140126591,15755.0,650.0,236.11732572317123
drtp_img88_cacheonly_1024mb_500,500,250,13,1.0,100.0,metapipe_reactive_style,131,119,37.34310997705489,99.26532070747517,99.26532070747517,6265.0,9692.0,15957.0,60.738234003885445,15788.0,202.0,174.4745448231697
drtp_img88_cacheonly_1024mb_500,500,250,13,1.0,100.0,ilrsa_style,131,119,88.12699745547079,162.8500000000004,163.183333333334,15957.0,0.0,15957.0,0.0,16513.0,0.0,247.11791425943375
drtp_img88_cacheonly_1024mb_500,500,250,13,2.0,10.0,registry,132,118,163.9477272727272,689.7999999999997,788.5999999999999,7886.0,0.0,7886.0,0.0,6225.0,0.0,69.11560148000717
drtp_img88_cacheonly_1024mb_500,500,250,13,2.0,10.0,dragonfly_style,132,118,38.835437342171716,175.38750000000002,196.5374999999999,1830.0,6056.0,7886.0,76.79431904641136,6061.0,0.0,76.20353996753693
drtp_img88_cacheonly_1024mb_500,500,250,13,2.0,10.0,peersync_style,132,118,37.69652041245791,170.08749999999998,191.23749999999987,1777.0,6109.0,7886.0,77.46639614506721,6338.0,0.0,147.0031961798668
drtp_img88_cacheonly_1024mb_500,500,250,13,2.0,10.0,metapipe_reactive_style,132,118,38.66374323593076,166.30097222222224,190.62500000000006,1778.0,6108.0,7886.0,77.45371544509257,6024.0,0.0,95.04057466983795
drtp_img88_cacheonly_1024mb_500,500,250,13,2.0,10.0,ilrsa_style,132,118,181.64924242424263,788.1000000000015,788.6000000000016,7886.0,0.0,7886.0,0.0,6636.0,0.0,113.88503760099411
drtp_img88_cacheonly_1024mb_500,500,250,13,2.0,30.0,registry,132,118,54.64924242424242,229.93333333333325,262.8666666666667,7886.0,0.0,7886.0,0.0,6225.0,0.0,68.6514601111412
drtp_img88_cacheonly_1024mb_500,500,250,13,2.0,30.0,dragonfly_style,132,118,14.122252348484844,65.85416666666666,74.5375,1830.0,6056.0,7886.0,76.79431904641136,6061.0,0.0,76.56828314065933
drtp_img88_cacheonly_1024mb_500,500,250,13,2.0,30.0,peersync_style,132,118,13.860637626262626,64.0875,72.77083333333334,1777.0,6109.0,7886.0,77.46639614506721,6305.0,0.0,145.8183228969574
drtp_img88_cacheonly_1024mb_500,500,250,13,2.0,30.0,metapipe_reactive_style,132,118,14.61031557765152,55.52818229166668,72.09166666666667,1778.0,6108.0,7886.0,77.45371544509257,6008.0,0.0,97.2629189491272
drtp_img88_cacheonly_1024mb_500,500,250,13,2.0,30.0,ilrsa_style,132,118,60.54974747474743,262.69999999999965,262.86666666666645,7886.0,0.0,7886.0,0.0,6636.0,0.0,113.32420259714127
drtp_img88_cacheonly_1024mb_500,500,250,13,2.0,100.0,registry,132,118,16.40321969696969,68.98,79.47999999999998,7886.0,0.0,7886.0,0.0,6225.0,0.0,68.0990219116211
drtp_img88_cacheonly_1024mb_500,500,250,13,2.0,100.0,dragonfly_style,132,118,5.446957004945288,23.39342013888889,31.439739583333328,1830.0,6056.0,7886.0,76.79431904641136,6059.0,0.0,79.91723716259003
drtp_img88_cacheonly_1024mb_500,500,250,13,2.0,100.0,peersync_style,132,118,5.460815830176768,23.350576388888882,31.865233333333318,1777.0,6109.0,7886.0,77.46639614506721,6295.0,0.0,150.7008746266365
drtp_img88_cacheonly_1024mb_500,500,250,13,2.0,100.0,metapipe_reactive_style,132,118,5.702043656026411,29.068174635416664,34.874554861111115,1778.0,6108.0,7886.0,77.45371544509257,6109.0,0.0,97.4026769399643
drtp_img88_cacheonly_1024mb_500,500,250,13,2.0,100.0,ilrsa_style,132,118,18.197367424242426,79.41749999999993,79.47999999999995,7886.0,0.0,7886.0,0.0,6636.0,0.0,113.20748925209045
drtp_img88_cacheonly_1024mb_500,500,250,14,0.5,10.0,registry,134,116,839.753731343282,1592.7999999999972,1668.5999999999967,16686.0,0.0,16686.0,0.0,11927.0,4654.0,122.73694574832916
drtp_img88_cacheonly_1024mb_500,500,250,14,0.5,10.0,dragonfly_style,134,116,695.5123279436159,1302.7000000000005,1302.7000000000005,13027.0,3659.0,16686.0,21.928562867074195,11830.0,4654.0,144.6424350142479
drtp_img88_cacheonly_1024mb_500,500,250,14,0.5,10.0,peersync_style,134,116,654.3759417658032,1233.5999999999992,1233.5999999999992,12336.0,4350.0,16686.0,26.06975907946782,11659.0,4654.0,214.6768867969513
drtp_img88_cacheonly_1024mb_500,500,250,14,0.5,10.0,metapipe_reactive_style,134,116,603.0449508410325,1178.1999999999998,1266.8999999999999,12669.0,4017.0,16686.0,24.074074074074073,12013.0,4654.0,190.9331977367401
drtp_img88_cacheonly_1024mb_500,500,250,14,0.5,10.0,ilrsa_style,134,116,1101.7671641791048,1666.5000000000018,1668.6000000000001,16686.0,0.0,16686.0,0.0,11565.0,4654.0,286.406546831131
drtp_img88_cacheonly_1024mb_500,500,250,14,0.5,30.0,registry,134,116,279.9179104477613,530.9333333333336,556.2000000000008,16686.0,0.0,16686.0,0.0,11927.0,4654.0,117.63966083526611
drtp_img88_cacheonly_1024mb_500,500,250,14,0.5,30.0,dragonfly_style,134,116,240.80526841240209,448.43333333333317,448.43333333333317,13453.0,3233.0,16686.0,19.37552439170562,11435.0,5048.0,139.7181823849678
drtp_img88_cacheonly_1024mb_500,500,250,14,0.5,30.0,peersync_style,134,116,225.43830212775404,423.53333333333353,423.53333333333353,12706.0,3980.0,16686.0,23.85233129569699,11043.0,5419.0,213.94266933202744
drtp_img88_cacheonly_1024mb_500,500,250,14,0.5,30.0,metapipe_reactive_style,134,116,200.80550364496955,391.33333333333314,420.8999999999998,12627.0,4059.0,16686.0,24.325782092772386,12082.0,4654.0,191.3781613111496
drtp_img88_cacheonly_1024mb_500,500,250,14,0.5,30.0,ilrsa_style,134,116,367.2557213930342,555.4999999999995,556.199999999999,16686.0,0.0,16686.0,0.0,11565.0,4654.0,285.64760088920593
drtp_img88_cacheonly_1024mb_500,500,250,14,0.5,100.0,registry,134,116,83.97794776119393,159.2800000000001,167.1950000000001,16686.0,0.0,16686.0,0.0,11927.0,4654.0,117.70240217447281
drtp_img88_cacheonly_1024mb_500,500,250,14,0.5,100.0,dragonfly_style,134,116,68.76364362710243,135.10402910052886,146.19152910052887,14022.0,2664.0,16686.0,15.965480043149945,11790.0,4854.0,136.20323687791824
drtp_img88_cacheonly_1024mb_500,500,250,14,0.5,100.0,peersync_style,134,116,62.748114962686515,122.63991164021145,133.72741164021144,12607.0,4079.0,16686.0,24.445643054057292,11489.0,4854.0,208.79989862442017
drtp_img88_cacheonly_1024mb_500,500,250,14,0.5,100.0,metapipe_reactive_style,134,116,61.89498413376152,125.57757293876591,136.66507293876592,13019.0,3667.0,16686.0,21.976507251588156,12235.0,4654.0,194.71272826194763
drtp_img88_cacheonly_1024mb_500,500,250,14,0.5,100.0,ilrsa_style,134,116,110.19485074626871,166.93250000000046,167.19500000000025,16686.0,0.0,16686.0,0.0,11565.0,4654.0,285.7591137290001
drtp_img88_cacheonly_1024mb_500,500,250,14,1.0,10.0,registry,133,117,599.2879699248124,1392.499999999999,1461.3999999999985,14614.0,0.0,14614.0,0.0,15197.0,0.0,111.31235212087631
drtp_img88_cacheonly_1024mb_500,500,250,14,1.0,10.0,dragonfly_style,133,117,244.91092903389443,619.6798015873015,658.0000000000002,6580.0,8034.0,14614.0,54.97468181196113,15188.0,0.0,118.92099678516388
drtp_img88_cacheonly_1024mb_500,500,250,14,1.0,10.0,peersync_style,133,117,231.6344840971473,538.5363055555545,569.5833333333321,5685.0,8929.0,14614.0,61.0989462159573,15020.0,0.0,220.5858752131462
drtp_img88_cacheonly_1024mb_500,500,250,14,1.0,10.0,metapipe_reactive_style,133,117,248.3651952881542,708.0000000000002,725.7400000000002,7080.0,7534.0,14614.0,51.5533050499521,14938.0,0.0,176.74484848976135
drtp_img88_cacheonly_1024mb_500,500,250,14,1.0,10.0,ilrsa_style,133,117,747.2142857142856,1440.5,1461.3999999999976,14614.0,0.0,14614.0,0.0,15343.0,0.0,271.26822620630264
drtp_img88_cacheonly_1024mb_500,500,250,14,1.0,30.0,registry,133,117,199.7626566416042,464.1666666666674,487.1333333333345,14614.0,0.0,14614.0,0.0,15197.0,0.0,111.02767288684845
drtp_img88_cacheonly_1024mb_500,500,250,14,1.0,30.0,dragonfly_style,133,117,80.72674132951423,206.32252976190463,218.43333333333314,6553.0,8061.0,14614.0,55.159436157109624,15163.0,0.0,122.69003689289093
drtp_img88_cacheonly_1024mb_500,500,250,14,1.0,30.0,peersync_style,133,117,77.17026154672392,185.33955952380975,192.91908333333362,5685.0,8929.0,14614.0,61.0989462159573,14959.0,0.0,218.37923675775528
drtp_img88_cacheonly_1024mb_500,500,250,14,1.0,30.0,metapipe_reactive_style,133,117,81.59580072055147,233.24954339726634,249.6733333333334,6958.0,7656.0,14614.0,52.3881209798823,13530.0,887.0,179.7696128487587
drtp_img88_cacheonly_1024mb_500,500,250,14,1.0,30.0,ilrsa_style,133,117,249.071428571429,480.1666666666683,487.13333333333566,14614.0,0.0,14614.0,0.0,15343.0,0.0,271.30041271448135
drtp_img88_cacheonly_1024mb_500,500,250,14,1.0,100.0,registry,133,117,59.95421052631566,139.24999999999986,147.5333333333333,14614.0,0.0,14614.0,0.0,15197.0,0.0,110.17152667045593
drtp_img88_cacheonly_1024mb_500,500,250,14,1.0,100.0,dragonfly_style,133,117,25.7714852715121,69.5587314236111,76.65974607204856,7102.0,7512.0,14614.0,51.402764472423705,14237.0,1343.0,125.79470127820969
drtp_img88_cacheonly_1024mb_500,500,250,14,1.0,100.0,peersync_style,133,117,23.80516292782469,59.801426472118074,66.15277389525464,5752.0,8862.0,14614.0,60.64048172984809,14241.0,1343.0,225.8174791932106
drtp_img88_cacheonly_1024mb_500,500,250,14,1.0,100.0,metapipe_reactive_style,133,117,23.79759260523848,63.440746523094944,81.89198066982112,6420.0,8194.0,14614.0,56.06952237580402,13232.0,1258.0,183.98750573396683
drtp_img88_cacheonly_1024mb_500,500,250,14,1.0,100.0,ilrsa_style,133,117,74.78137844611533,144.05000000000032,147.533333333334,14614.0,0.0,14614.0,0.0,15343.0,0.0,271.5941444039345
drtp_img88_cacheonly_1024mb_500,500,250,14,2.0,10.0,registry,133,117,126.30601503759412,705.200000000001,817.2000000000008,8172.0,0.0,8172.0,0.0,8414.0,0.0,74.36162978410721
drtp_img88_cacheonly_1024mb_500,500,250,14,2.0,10.0,dragonfly_style,133,117,54.13011860007163,270.1962500000001,302.3499999999999,2998.0,5174.0,8172.0,63.31375428291728,8329.0,0.0,85.22442728281021
drtp_img88_cacheonly_1024mb_500,500,250,14,2.0,10.0,peersync_style,133,117,49.56525698174011,245.40208333333356,253.51958333333354,2459.0,5713.0,8172.0,69.90944689182575,7327.0,0.0,145.42769640684128
drtp_img88_cacheonly_1024mb_500,500,250,14,2.0,10.0,metapipe_reactive_style,133,117,50.42996943847714,261.6849206349206,312.0,3120.0,5052.0,8172.0,61.8208516886931,8642.0,0.0,105.17124831676483
drtp_img88_cacheonly_1024mb_500,500,250,14,2.0,10.0,ilrsa_style,133,117,201.01729323308294,803.700000000001,817.2000000000016,8172.0,0.0,8172.0,0.0,7582.0,0.0,128.49099189043045
drtp_img88_cacheonly_1024mb_500,500,250,14,2.0,30.0,registry,133,117,42.10200501253129,235.06666666666638,272.39999999999975,8172.0,0.0,8172.0,0.0,8414.0,0.0,73.96110147237778
drtp_img88_cacheonly_1024mb_500,500,250,14,2.0,30.0,dragonfly_style,133,117,18.75462003222342,92.29500000000007,113.86666666666672,3330.0,4842.0,8172.0,59.25110132158591,7530.0,0.0,85.60928702354431
drtp_img88_cacheonly_1024mb_500,500,250,14,2.0,30.0,peersync_style,133,117,17.018511407486965,83.46720899470894,90.10111111111105,2459.0,5713.0,8172.0,69.90944689182575,7325.0,0.0,150.39075165987015
drtp_img88_cacheonly_1024mb_500,500,250,14,2.0,30.0,metapipe_reactive_style,133,117,17.40310596606119,91.06647905643737,110.69999999999999,3321.0,4851.0,8172.0,59.36123348017621,7956.0,0.0,107.52357542514801
drtp_img88_cacheonly_1024mb_500,500,250,14,2.0,30.0,ilrsa_style,133,117,67.00576441102749,267.8999999999996,272.40000000000026,8172.0,0.0,8172.0,0.0,7582.0,0.0,128.91767919063568
drtp_img88_cacheonly_1024mb_500,500,250,14,2.0,100.0,registry,133,117,12.637368421052617,70.51999999999994,82.61999999999998,8172.0,0.0,8172.0,0.0,8414.0,0.0,73.11216741800308
drtp_img88_cacheonly_1024mb_500,500,250,14,2.0,100.0,dragonfly_style,133,117,5.961126757563221,28.86119047619047,38.897146587654355,3279.0,4893.0,8172.0,59.87518355359765,7672.0,0.0,87.6726508140564
drtp_img88_cacheonly_1024mb_500,500,250,14,2.0,100.0,peersync_style,133,117,5.757364528583366,29.15960376984127,38.40181837301588,2459.0,5713.0,8172.0,69.90944689182575,9532.0,0.0,146.6699093580246
drtp_img88_cacheonly_1024mb_500,500,250,14,2.0,100.0,metapipe_reactive_style,133,117,5.265897618451327,28.363614875258598,34.546948208591935,3172.0,5000.0,8172.0,61.18453255017132,7947.0,0.0,112.096406519413
drtp_img88_cacheonly_1024mb_500,500,250,14,2.0,100.0,ilrsa_style,133,117,20.14077694235593,80.3700000000002,82.62000000000019,8172.0,0.0,8172.0,0.0,7582.0,0.0,128.54178994894028
drtp_img88_cacheonly_1024mb_500,500,250,15,0.5,10.0,registry,131,119,905.559541984732,1550.7999999999997,1693.8999999999992,16939.0,0.0,16939.0,0.0,11008.0,6428.0,89.00485187768936
drtp_img88_cacheonly_1024mb_500,500,250,15,0.5,10.0,dragonfly_style,131,119,753.6786464770391,1459.1000000000013,1459.1000000000013,14591.0,2348.0,16939.0,13.861503040321152,10669.0,6428.0,103.94314676523209
drtp_img88_cacheonly_1024mb_500,500,250,15,0.5,10.0,peersync_style,131,119,689.1012416696974,1299.3000000000013,1299.3000000000013,12993.0,3946.0,16939.0,23.29535391699628,10545.0,6428.0,182.49929696321487
drtp_img88_cacheonly_1024mb_500,500,250,15,0.5,10.0,metapipe_reactive_style,131,119,616.4725178386309,1286.8999999999999,1375.6,13756.0,3183.0,16939.0,18.790955782513727,10859.0,6428.0,145.42576670646667
drtp_img88_cacheonly_1024mb_500,500,250,15,0.5,10.0,ilrsa_style,131,119,1170.0053435114505,1693.299999999998,1693.8999999999974,16939.0,0.0,16939.0,0.0,10643.0,6428.0,210.42270213365555
drtp_img88_cacheonly_1024mb_500,500,250,15,0.5,30.0,registry,131,119,301.8531806615774,516.9333333333338,564.6333333333342,16939.0,0.0,16939.0,0.0,11008.0,6428.0,88.17916363477707
drtp_img88_cacheonly_1024mb_500,500,250,15,0.5,30.0,dragonfly_style,131,119,252.30312204652833,489.59999999999997,489.59999999999997,14688.0,2251.0,16939.0,13.288860027156266,10669.0,6428.0,104.77957874536514
drtp_img88_cacheonly_1024mb_500,500,250,15,0.5,30.0,peersync_style,131,119,229.0301512076416,433.1,433.1,12993.0,3946.0,16939.0,23.29535391699628,10516.0,6428.0,178.4536838531494
drtp_img88_cacheonly_1024mb_500,500,250,15,0.5,30.0,metapipe_reactive_style,131,119,202.9078065633964,421.70000000000005,451.2666666666667,13538.0,3401.0,16939.0,20.07792667808017,10890.0,6428.0,145.7713544368744
drtp_img88_cacheonly_1024mb_500,500,250,15,0.5,30.0,ilrsa_style,131,119,390.00178117048347,564.433333333334,564.6333333333338,16939.0,0.0,16939.0,0.0,10643.0,6428.0,210.9854221343994
drtp_img88_cacheonly_1024mb_500,500,250,15,0.5,100.0,registry,131,119,90.56782442748084,155.07999999999984,170.48749999999987,16939.0,0.0,16939.0,0.0,11008.0,6428.0,88.0371704697609
drtp_img88_cacheonly_1024mb_500,500,250,15,0.5,100.0,dragonfly_style,131,119,76.99666945353215,158.14547619047627,158.14547619047627,14631.0,2308.0,16939.0,13.625361591593364,10722.0,6428.0,103.85114699602127
drtp_img88_cacheonly_1024mb_500,500,250,15,0.5,100.0,peersync_style,131,119,70.05623437435084,144.75331274801587,144.75331274801587,13108.0,3831.0,16939.0,22.61644725190389,10808.0,6428.0,182.92153626680374
drtp_img88_cacheonly_1024mb_500,500,250,15,0.5,100.0,metapipe_reactive_style,131,119,61.751978043288524,131.37802158597407,146.1613549193074,13479.0,3460.0,16939.0,20.426235314953658,10778.0,6428.0,149.717316031456
drtp_img88_cacheonly_1024mb_500,500,250,15,0.5,100.0,ilrsa_style,131,119,117.06692748091601,170.41249999999974,170.48749999999967,16939.0,0.0,16939.0,0.0,10643.0,6428.0,210.05237102508545
drtp_img88_cacheonly_1024mb_500,500,250,15,1.0,10.0,registry,127,123,812.1141732283462,1454.8000000000004,1539.3,15393.0,0.0,15393.0,0.0,14577.0,0.0,87.6687541604042
drtp_img88_cacheonly_1024mb_500,500,250,15,1.0,10.0,dragonfly_style,127,123,450.3250576490436,682.9316468253973,741.0000000000006,7410.0,7983.0,15393.0,51.861235626583515,13600.0,0.0,105.7686135172844
drtp_img88_cacheonly_1024mb_500,500,250,15,1.0,10.0,peersync_style,127,123,426.0186756967889,623.8209404761914,623.8209404761914,6085.0,9308.0,15393.0,60.469044370817905,12745.0,151.0,206.95700496435165
drtp_img88_cacheonly_1024mb_500,500,250,15,1.0,10.0,metapipe_reactive_style,127,123,442.1112567960257,680.8346230158728,813.8666666666666,8073.0,7320.0,15393.0,47.55408302475151,13402.0,0.0,138.85192573070526
drtp_img88_cacheonly_1024mb_500,500,250,15,1.0,10.0,ilrsa_style,127,123,939.8047244094492,1521.1000000000022,1539.3,15393.0,0.0,15393.0,0.0,13742.0,0.0,198.45209270715714
drtp_img88_cacheonly_1024mb_500,500,250,15,1.0,30.0,registry,127,123,270.7047244094489,484.9333333333335,513.1000000000003,15393.0,0.0,15393.0,0.0,14577.0,0.0,87.10291981697083
drtp_img88_cacheonly_1024mb_500,500,250,15,1.0,30.0,dragonfly_style,127,123,156.79438733595796,245.93905238095192,250.8372666666662,7190.0,8203.0,15393.0,53.2904567010979,12876.0,151.0,109.61156338453293
drtp_img88_cacheonly_1024mb_500,500,250,15,1.0,30.0,peersync_style,127,123,148.37236854549408,235.06968696428538,235.06968696428538,6085.0,9308.0,15393.0,60.469044370817905,12745.0,151.0,208.80578458309174
drtp_img88_cacheonly_1024mb_500,500,250,15,1.0,30.0,metapipe_reactive_style,127,123,154.01262864214291,250.4097304979213,251.38303175453507,7126.0,8267.0,15393.0,53.706230104593,12707.0,468.0,139.32102918624878
drtp_img88_cacheonly_1024mb_500,500,250,15,1.0,30.0,ilrsa_style,127,123,313.2682414698164,507.03333333333376,513.0999999999998,15393.0,0.0,15393.0,0.0,13742.0,0.0,197.5933089852333
drtp_img88_cacheonly_1024mb_500,500,250,15,1.0,100.0,registry,127,123,81.22364829396311,145.4799999999997,155.48333333333315,15393.0,0.0,15393.0,0.0,14577.0,0.0,86.91249787807465
drtp_img88_cacheonly_1024mb_500,500,250,15,1.0,100.0,dragonfly_style,127,123,53.62801403382909,100.04540244444446,102.21842096296298,7272.0,8121.0,15393.0,52.75774702786981,12857.0,151.0,110.9595000743866
drtp_img88_cacheonly_1024mb_500,500,250,15,1.0,100.0,peersync_style,127,123,50.66042187375848,96.38501999841273,97.00543726031749,6132.0,9261.0,15393.0,60.16371077762619,13010.0,151.0,211.17516607046127
drtp_img88_cacheonly_1024mb_500,500,250,15,1.0,100.0,metapipe_reactive_style,127,123,52.29747206923423,96.39813510372228,106.97827729948948,7326.0,8067.0,15393.0,52.406938218670824,13348.0,468.0,143.5759961605072
drtp_img88_cacheonly_1024mb_500,500,250,15,1.0,100.0,ilrsa_style,127,123,94.04587926509181,152.4499999999999,155.4833333333336,15393.0,0.0,15393.0,0.0,13742.0,0.0,197.70220667123795
drtp_img88_cacheonly_1024mb_500,500,250,15,2.0,10.0,registry,132,118,107.04545454545469,416.1000000000006,525.1000000000007,5251.0,0.0,5251.0,0.0,4389.0,0.0,51.901139318943024
drtp_img88_cacheonly_1024mb_500,500,250,15,2.0,10.0,dragonfly_style,132,118,52.19988636363633,276.39999999999986,283.3124999999999,2764.0,2487.0,5251.0,47.36240716054085,5258.0,0.0,56.56541883945465
drtp_img88_cacheonly_1024mb_500,500,250,15,2.0,10.0,peersync_style,132,118,49.16955439814809,262.39999999999964,269.31249999999966,2624.0,2627.0,5251.0,50.028565987430966,5455.0,0.0,112.73886263370514
drtp_img88_cacheonly_1024mb_500,500,250,15,2.0,10.0,metapipe_reactive_style,132,118,42.35753509800383,262.3999999999999,269.31249999999994,2624.0,2627.0,5251.0,50.028565987430966,5203.0,0.0,69.81318444013596
drtp_img88_cacheonly_1024mb_500,500,250,15,2.0,10.0,ilrsa_style,132,118,138.64848484848488,522.6999999999999,525.1000000000005,5251.0,0.0,5251.0,0.0,6735.0,0.0,73.42339307069778
drtp_img88_cacheonly_1024mb_500,500,250,15,2.0,30.0,registry,132,118,35.681818181818166,138.6999999999999,175.03333333333322,5251.0,0.0,5251.0,0.0,4389.0,0.0,50.85954815149307
drtp_img88_cacheonly_1024mb_500,500,250,15,2.0,30.0,dragonfly_style,132,118,17.906386316872442,92.1333333333334,99.04583333333339,2764.0,2487.0,5251.0,47.36240716054085,5258.0,0.0,56.65472894906998
drtp_img88_cacheonly_1024mb_500,500,250,15,2.0,30.0,peersync_style,132,118,16.908084806397312,87.46666666666671,94.3791666666667,2624.0,2627.0,5251.0,50.028565987430966,5455.0,0.0,112.95773088932037
drtp_img88_cacheonly_1024mb_500,500,250,15,2.0,30.0,metapipe_reactive_style,132,118,14.49837526242084,87.46666666666667,94.37916666666666,2624.0,2627.0,5251.0,50.028565987430966,5203.0,0.0,71.75077497959137
drtp_img88_cacheonly_1024mb_500,500,250,15,2.0,30.0,ilrsa_style,132,118,46.21616161616153,174.23333333333292,175.03333333333288,5251.0,0.0,5251.0,0.0,6735.0,0.0,73.15585017204285
drtp_img88_cacheonly_1024mb_500,500,250,15,2.0,100.0,registry,132,118,10.709810606060605,41.61000000000001,52.907500000000034,5251.0,0.0,5251.0,0.0,4389.0,0.0,51.24364793300629
drtp_img88_cacheonly_1024mb_500,500,250,15,2.0,100.0,dragonfly_style,132,118,5.696411160213245,26.20333333333333,33.11583333333333,2723.0,2528.0,5251.0,48.14321081698724,5236.0,0.0,57.481639087200165
drtp_img88_cacheonly_1024mb_500,500,250,15,2.0,100.0,peersync_style,132,118,5.550119138432939,25.349826388888875,32.26232638888887,2624.0,2627.0,5251.0,50.028565987430966,6270.0,0.0,115.91304838657379
drtp_img88_cacheonly_1024mb_500,500,250,15,2.0,100.0,metapipe_reactive_style,132,118,4.8072104517396195,26.385,33.2975,2624.0,2627.0,5251.0,50.028565987430966,5243.0,0.0,73.96755367517471
drtp_img88_cacheonly_1024mb_500,500,250,15,2.0,100.0,ilrsa_style,132,118,13.894034090909106,52.607500000000094,52.90750000000015,5251.0,0.0,5251.0,0.0,6735.0,0.0,73.49348068237305
drtp_img88_cacheonly_1024mb_500,500,250,16,0.5,10.0,registry,130,120,1045.288461538461,1833.6999999999982,1948.9999999999973,19490.0,0.0,19490.0,0.0,12749.0,6762.0,113.72494697570801
drtp_img88_cacheonly_1024mb_500,500,250,16,0.5,10.0,dragonfly_style,130,120,690.0615397100129,1526.1000000000017,1526.1000000000017,15261.0,4229.0,19490.0,21.698306824012313,12109.0,7067.0,137.4642625451088
drtp_img88_cacheonly_1024mb_500,500,250,16,0.5,10.0,peersync_style,130,120,648.7372854090361,1413.5000000000027,1413.5000000000027,14135.0,5355.0,19490.0,27.475628527449974,12133.0,7067.0,217.24813431501389
drtp_img88_cacheonly_1024mb_500,500,250,16,0.5,10.0,metapipe_reactive_style,130,120,652.8851314102563,1572.1000000000004,1572.1000000000004,15721.0,3769.0,19490.0,19.338122113904568,12287.0,7383.0,187.11964786052704
drtp_img88_cacheonly_1024mb_500,500,250,16,0.5,10.0,ilrsa_style,130,120,1346.75846153846,1947.7999999999947,1948.9999999999936,19490.0,0.0,19490.0,0.0,12561.0,6762.0,277.8590992093086
drtp_img88_cacheonly_1024mb_500,500,250,16,0.5,30.0,registry,130,120,348.42948717948684,611.2333333333323,649.6666666666654,19490.0,0.0,19490.0,0.0,12749.0,6762.0,111.7912158370018
drtp_img88_cacheonly_1024mb_500,500,250,16,0.5,30.0,dragonfly_style,130,120,234.8547873728121,521.3333333333326,521.3333333333326,15640.0,3850.0,19490.0,19.753719856336584,12509.0,6762.0,138.16993683576584
drtp_img88_cacheonly_1024mb_500,500,250,16,0.5,30.0,peersync_style,130,120,221.006721678198,487.3666666666659,487.3666666666659,14621.0,4869.0,19490.0,24.982042072857876,12668.0,6762.0,216.56794846057892
drtp_img88_cacheonly_1024mb_500,500,250,16,0.5,30.0,metapipe_reactive_style,130,120,216.71429339527367,522.5999999999999,522.5999999999999,15678.0,3812.0,19490.0,19.55874807593638,12287.0,7383.0,191.26399606466293
drtp_img88_cacheonly_1024mb_500,500,250,16,0.5,30.0,ilrsa_style,130,120,448.9194871794868,649.2666666666657,649.6666666666654,19490.0,0.0,19490.0,0.0,12561.0,6762.0,279.6199768781662
drtp_img88_cacheonly_1024mb_500,500,250,16,0.5,100.0,registry,130,120,104.5528076923078,183.37000000000023,196.45000000000016,19490.0,0.0,19490.0,0.0,12749.0,6762.0,111.7190271615982
drtp_img88_cacheonly_1024mb_500,500,250,16,0.5,100.0,dragonfly_style,130,120,72.43520387362643,176.22513158730177,176.22513158730177,15649.0,3841.0,19490.0,19.707542329399693,12272.0,6980.0,139.8903876543045
drtp_img88_cacheonly_1024mb_500,500,250,16,0.5,100.0,peersync_style,130,120,67.85897970164214,162.51221052836576,162.51221052836576,14512.0,4978.0,19490.0,25.541303232426884,12340.0,6980.0,218.57894212007523
drtp_img88_cacheonly_1024mb_500,500,250,16,0.5,100.0,metapipe_reactive_style,130,120,66.90011139271247,176.02033901571548,176.02033901571548,15678.0,3812.0,19490.0,19.55874807593638,12287.0,7383.0,196.597121655941
drtp_img88_cacheonly_1024mb_500,500,250,16,0.5,100.0,ilrsa_style,130,120,134.82228846153888,196.3000000000005,196.45000000000036,19490.0,0.0,19490.0,0.0,12561.0,6762.0,278.4107029438019
drtp_img88_cacheonly_1024mb_500,500,250,16,1.0,10.0,registry,128,122,660.7632812500007,1491.7000000000016,1528.8000000000002,15288.0,0.0,15288.0,0.0,16905.0,0.0,89.77245539426804
drtp_img88_cacheonly_1024mb_500,500,250,16,1.0,10.0,dragonfly_style,128,122,319.98486622643867,726.7000000000003,752.7000000000004,7527.0,7761.0,15288.0,50.765306122448976,15749.0,0.0,95.63356637954712
drtp_img88_cacheonly_1024mb_500,500,250,16,1.0,10.0,peersync_style,128,122,297.0556036861361,634.3375000000016,636.1100000000016,6252.0,9036.0,15288.0,59.10518053375196,14635.0,443.0,184.27874892950058
drtp_img88_cacheonly_1024mb_500,500,250,16,1.0,10.0,metapipe_reactive_style,128,122,316.62998974835455,682.767398313492,684.313048735119,6446.0,8842.0,15288.0,57.83621140763998,14724.0,305.0,132.87844508886337
drtp_img88_cacheonly_1024mb_500,500,250,16,1.0,10.0,ilrsa_style,128,122,924.9000000000009,1526.8000000000025,1528.8000000000006,15288.0,0.0,15288.0,0.0,15906.0,0.0,190.99419564008713
drtp_img88_cacheonly_1024mb_500,500,250,16,1.0,30.0,registry,128,122,220.25442708333358,497.23333333333363,509.60000000000076,15288.0,0.0,15288.0,0.0,16905.0,0.0,88.86954188346863
drtp_img88_cacheonly_1024mb_500,500,250,16,1.0,30.0,dragonfly_style,128,122,108.37688861503801,243.48333333333304,247.469669312169,7171.0,8117.0,15288.0,53.093929879644165,15157.0,443.0,97.2926914691925
drtp_img88_cacheonly_1024mb_500,500,250,16,1.0,30.0,peersync_style,128,122,101.67486421130938,218.40416666666613,230.6433333333328,6278.0,9010.0,15288.0,58.93511250654108,14544.0,443.0,186.59896403551102
drtp_img88_cacheonly_1024mb_500,500,250,16,1.0,30.0,metapipe_reactive_style,128,122,109.32507982804235,252.58524567901242,267.3685790123458,6647.0,8641.0,15288.0,56.52145473574045,14812.0,305.0,136.05931401252747
drtp_img88_cacheonly_1024mb_500,500,250,16,1.0,30.0,ilrsa_style,128,122,308.30000000000035,508.93333333333436,509.60000000000156,15288.0,0.0,15288.0,0.0,15906.0,0.0,191.62406772375107
drtp_img88_cacheonly_1024mb_500,500,250,16,1.0,100.0,registry,128,122,66.18221354166656,149.94999999999973,156.1333333333333,15288.0,0.0,15288.0,0.0,16905.0,0.0,88.6460617184639
drtp_img88_cacheonly_1024mb_500,500,250,16,1.0,100.0,dragonfly_style,128,122,31.878943589010365,76.73055330825618,91.65805330825617,7598.0,7690.0,15288.0,50.30088958660387,15062.0,601.0,100.37356615066528
drtp_img88_cacheonly_1024mb_500,500,250,16,1.0,100.0,peersync_style,128,122,29.140192633415342,64.7083775000001,70.61201094907418,6306.0,8982.0,15288.0,58.75196232339089,15808.0,819.0,190.22824615240097
drtp_img88_cacheonly_1024mb_500,500,250,16,1.0,100.0,metapipe_reactive_style,128,122,34.76557417391993,91.83758922579779,106.62092255913113,6819.0,8469.0,15288.0,55.39638932496075,14829.0,305.0,138.6389285326004
drtp_img88_cacheonly_1024mb_500,500,250,16,1.0,100.0,ilrsa_style,128,122,92.73484375000012,155.80000000000038,156.13333333333398,15288.0,0.0,15288.0,0.0,15906.0,0.0,191.91431999206543
drtp_img88_cacheonly_1024mb_500,500,250,16,2.0,10.0,registry,130,120,121.90846153846151,635.9,690.1000000000003,6901.0,0.0,6901.0,0.0,5527.0,0.0,52.257850766181946
drtp_img88_cacheonly_1024mb_500,500,250,16,2.0,10.0,dragonfly_style,130,120,25.767450549450547,183.0508333333333,200.09999999999997,2001.0,4900.0,6901.0,71.00420228952326,5526.0,0.0,59.868939220905304
drtp_img88_cacheonly_1024mb_500,500,250,16,2.0,10.0,peersync_style,130,120,25.528278388278377,182.85083333333336,195.59999999999988,1956.0,4945.0,6901.0,71.6562816983046,6260.0,0.0,102.76062786579132
drtp_img88_cacheonly_1024mb_500,500,250,16,2.0,10.0,metapipe_reactive_style,130,120,31.463933966727712,194.17570833333332,234.26666666666665,2157.0,4744.0,6901.0,68.74366033908129,5652.0,0.0,72.98891246318817
drtp_img88_cacheonly_1024mb_500,500,250,16,2.0,10.0,ilrsa_style,130,120,155.88153846153858,643.100000000001,690.1000000000012,6901.0,0.0,6901.0,0.0,5793.0,0.0,81.1944231390953
drtp_img88_cacheonly_1024mb_500,500,250,16,2.0,30.0,registry,130,120,40.63615384615383,211.96666666666647,230.03333333333308,6901.0,0.0,6901.0,0.0,5527.0,0.0,51.696158945560455
drtp_img88_cacheonly_1024mb_500,500,250,16,2.0,30.0,dragonfly_style,130,120,9.975539423076917,61.22845833333333,73.94787499999998,2202.0,4699.0,6901.0,68.09158093029995,5524.0,0.0,59.15001034736633
drtp_img88_cacheonly_1024mb_500,500,250,16,2.0,30.0,peersync_style,130,120,9.504265064102562,57.21323611111111,65.66666666666667,1956.0,4945.0,6901.0,71.6562816983046,7082.0,0.0,104.68455404043198
drtp_img88_cacheonly_1024mb_500,500,250,16,2.0,30.0,metapipe_reactive_style,130,120,11.164136942918194,66.07970734126984,90.46666666666667,2157.0,4744.0,6901.0,68.74366033908129,5652.0,0.0,73.40996712446213
drtp_img88_cacheonly_1024mb_500,500,250,16,2.0,30.0,ilrsa_style,130,120,51.96051282051273,214.36666666666613,230.03333333333276,6901.0,0.0,6901.0,0.0,5793.0,0.0,81.86642080545425
drtp_img88_cacheonly_1024mb_500,500,250,16,2.0,100.0,registry,130,120,12.237717948717945,63.590000000000025,72.14333333333335,6901.0,0.0,6901.0,0.0,5527.0,0.0,51.51376873254776
drtp_img88_cacheonly_1024mb_500,500,250,16,2.0,100.0,dragonfly_style,130,120,4.439111901709398,24.07649999999998,35.234111111111076,2159.0,4742.0,6901.0,68.71467903202435,5522.0,0.0,60.087330639362335
drtp_img88_cacheonly_1024mb_500,500,250,16,2.0,100.0,peersync_style,130,120,4.493427243589743,25.26033333333332,36.05866666666664,1956.0,4945.0,6901.0,71.6562816983046,7409.0,0.0,106.56880587339401
drtp_img88_cacheonly_1024mb_500,500,250,16,2.0,100.0,metapipe_reactive_style,130,120,3.9026971490893376,21.448077711640213,40.01474437830688,2183.0,4718.0,6901.0,68.36690334734097,5649.0,0.0,74.47303086519241
drtp_img88_cacheonly_1024mb_500,500,250,16,2.0,100.0,ilrsa_style,130,120,15.71384615384615,64.30999999999996,72.14333333333327,6901.0,0.0,6901.0,0.0,5793.0,0.0,81.10516518354416
drtp_img88_cacheonly_1024mb_500,500,250,17,0.5,10.0,registry,131,119,875.0221374045797,1587.1,1698.2999999999993,16983.0,0.0,16983.0,0.0,11902.0,4988.0,107.80323296785355
drtp_img88_cacheonly_1024mb_500,500,250,17,0.5,10.0,dragonfly_style,131,119,662.700954198475,1420.4000000000017,1420.4000000000017,14204.0,2779.0,16983.0,16.363422245775187,11922.0,4988.0,124.97275322675705
drtp_img88_cacheonly_1024mb_500,500,250,17,0.5,10.0,peersync_style,131,119,600.26745774264,1288.8000000000015,1288.8000000000015,12888.0,4095.0,16983.0,24.112347641759406,12007.0,4988.0,199.96440410614014
drtp_img88_cacheonly_1024mb_500,500,250,17,0.5,10.0,metapipe_reactive_style,131,119,629.4228512964979,1442.7,1442.7,14427.0,2556.0,16983.0,15.050344462109168,12041.0,4988.0,173.57981950044632
drtp_img88_cacheonly_1024mb_500,500,250,17,0.5,10.0,ilrsa_style,131,119,1131.9526717557242,1696.5999999999979,1698.2999999999963,16983.0,0.0,16983.0,0.0,11766.0,4988.0,261.55001670122147
drtp_img88_cacheonly_1024mb_500,500,250,17,0.5,30.0,registry,131,119,291.67404580152703,529.0333333333342,566.1000000000007,16983.0,0.0,16983.0,0.0,11902.0,4988.0,107.3027104139328
drtp_img88_cacheonly_1024mb_500,500,250,17,0.5,30.0,dragonfly_style,131,119,221.13470053818804,473.4666666666663,473.4666666666663,14204.0,2779.0,16983.0,16.363422245775187,11922.0,4988.0,125.40534883737564
drtp_img88_cacheonly_1024mb_500,500,250,17,0.5,30.0,peersync_style,131,119,200.53239216042613,429.7666666666659,429.7666666666659,12893.0,4090.0,16983.0,24.08290643584761,12007.0,4988.0,200.18873363733292
drtp_img88_cacheonly_1024mb_500,500,250,17,0.5,30.0,metapipe_reactive_style,131,119,209.40601694865094,480.0999999999999,480.0999999999999,14403.0,2580.0,16983.0,15.19166225048578,12041.0,4988.0,177.15272307395935
drtp_img88_cacheonly_1024mb_500,500,250,17,0.5,30.0,ilrsa_style,131,119,377.31755725190857,565.5333333333359,566.1000000000021,16983.0,0.0,16983.0,0.0,11766.0,4988.0,261.99971139431
drtp_img88_cacheonly_1024mb_500,500,250,17,0.5,100.0,registry,131,119,87.54284351145023,158.70999999999967,172.04499999999962,16983.0,0.0,16983.0,0.0,11902.0,4988.0,107.4170246720314
drtp_img88_cacheonly_1024mb_500,500,250,17,0.5,100.0,dragonfly_style,131,119,66.0640420892402,146.65163174603168,146.65163174603168,13906.0,3077.0,16983.0,18.11811811811812,11941.0,4988.0,125.31471997499466
drtp_img88_cacheonly_1024mb_500,500,250,17,0.5,100.0,peersync_style,131,119,61.226965032369925,136.20526593915355,136.20526593915355,12812.0,4171.0,16983.0,24.55985397161868,11904.0,4988.0,201.69900357723236
drtp_img88_cacheonly_1024mb_500,500,250,17,0.5,100.0,metapipe_reactive_style,131,119,63.385145551346255,153.00807607378252,153.00807607378252,14423.0,2560.0,16983.0,15.073897426838604,11512.0,5382.0,179.90344017744064
drtp_img88_cacheonly_1024mb_500,500,250,17,0.5,100.0,ilrsa_style,131,119,113.35541984732835,171.83250000000058,172.04500000000039,16983.0,0.0,16983.0,0.0,11766.0,4988.0,260.984905064106
drtp_img88_cacheonly_1024mb_500,500,250,17,1.0,10.0,registry,132,118,744.8522727272718,1477.699999999996,1631.8999999999946,16319.0,0.0,16319.0,0.0,17553.0,0.0,100.90440511703491
drtp_img88_cacheonly_1024mb_500,500,250,17,1.0,10.0,dragonfly_style,132,118,411.72819492043595,717.0431547619062,807.9875000000017,7969.0,8350.0,16319.0,51.16735094062136,15768.0,0.0,124.00611490011215
drtp_img88_cacheonly_1024mb_500,500,250,17,1.0,10.0,peersync_style,132,118,391.19568503111594,636.4840246775815,725.4693452380975,7083.0,9236.0,16319.0,56.59660518414118,15021.0,202.0,233.95249992609024
drtp_img88_cacheonly_1024mb_500,500,250,17,1.0,10.0,metapipe_reactive_style,132,118,363.98027460653606,698.6281164315106,707.6055921749459,6885.0,9434.0,16319.0,57.8099148232122,15469.0,0.0,169.1119745373726
drtp_img88_cacheonly_1024mb_500,500,250,17,1.0,10.0,ilrsa_style,132,118,1034.6204545454539,1629.7000000000007,1631.8999999999987,16319.0,0.0,16319.0,0.0,16601.0,0.0,240.0924265384674
drtp_img88_cacheonly_1024mb_500,500,250,17,1.0,30.0,registry,132,118,248.28409090909096,492.56666666666666,543.9666666666661,16319.0,0.0,16319.0,0.0,17553.0,0.0,100.45687109231949
drtp_img88_cacheonly_1024mb_500,500,250,17,1.0,30.0,dragonfly_style,132,118,140.02554848334535,245.49421031745993,272.38366964285706,7615.0,8704.0,16319.0,53.33660150744531,14956.0,202.0,127.90647894144058
drtp_img88_cacheonly_1024mb_500,500,250,17,1.0,30.0,peersync_style,132,118,137.62914822330427,244.51669047618995,266.58893253968193,6762.0,9557.0,16319.0,58.56363747778663,15622.0,202.0,236.61160469055176
drtp_img88_cacheonly_1024mb_500,500,250,17,1.0,30.0,metapipe_reactive_style,132,118,126.50419173242396,260.5878745013717,271.67537450137166,6885.0,9434.0,16319.0,57.8099148232122,15497.0,0.0,171.4344173669815
drtp_img88_cacheonly_1024mb_500,500,250,17,1.0,30.0,ilrsa_style,132,118,344.87348484848485,543.2333333333346,543.9666666666673,16319.0,0.0,16319.0,0.0,16601.0,0.0,240.004301071167
drtp_img88_cacheonly_1024mb_500,500,250,17,1.0,100.0,registry,132,118,74.51988636363632,147.76999999999998,165.01999999999987,16319.0,0.0,16319.0,0.0,17553.0,0.0,100.38729757070541
drtp_img88_cacheonly_1024mb_500,500,250,17,1.0,100.0,dragonfly_style,132,118,53.4290953561129,109.26137044091706,120.2800370943562,7992.0,8327.0,16319.0,51.0264109320424,15409.0,202.0,127.1589919924736
drtp_img88_cacheonly_1024mb_500,500,250,17,1.0,100.0,peersync_style,132,118,51.827457769009335,108.20528733509694,119.03439942960021,7081.0,9238.0,16319.0,56.608860837061094,16115.0,202.0,231.88987374305725
drtp_img88_cacheonly_1024mb_500,500,250,17,1.0,100.0,metapipe_reactive_style,132,118,40.874133209755676,101.93111523082797,102.24145221525677,7235.0,9084.0,16319.0,55.66517556222808,15445.0,0.0,176.17888748645782
drtp_img88_cacheonly_1024mb_500,500,250,17,1.0,100.0,ilrsa_style,132,118,103.6013257575758,164.7450000000002,165.01999999999995,16319.0,0.0,16319.0,0.0,16601.0,0.0,240.02805352210999
drtp_img88_cacheonly_1024mb_500,500,250,17,2.0,10.0,registry,132,118,204.5712121212122,819.3999999999993,886.5999999999997,8866.0,0.0,8866.0,0.0,7683.0,0.0,83.15414935350418
drtp_img88_cacheonly_1024mb_500,500,250,17,2.0,10.0,dragonfly_style,132,118,57.11843073593077,250.12472222222252,310.18333333333385,3097.0,5769.0,8866.0,65.06880216557636,9093.0,0.0,91.95668995380402
drtp_img88_cacheonly_1024mb_500,500,250,17,2.0,10.0,peersync_style,132,118,54.51969056637813,237.86273015873067,253.21666666666724,2488.0,6378.0,8866.0,71.93773967967516,8740.0,0.0,166.50374233722687
drtp_img88_cacheonly_1024mb_500,500,250,17,2.0,10.0,metapipe_reactive_style,132,118,69.25220613876864,338.68107142857144,417.5166666666667,4123.0,4743.0,8866.0,53.49650349650349,8430.0,0.0,113.9644905924797
drtp_img88_cacheonly_1024mb_500,500,250,17,2.0,10.0,ilrsa_style,132,118,269.4659090909092,885.0000000000016,886.600000000002,8866.0,0.0,8866.0,0.0,8204.0,0.0,156.50644898414612
drtp_img88_cacheonly_1024mb_500,500,250,17,2.0,30.0,registry,132,118,68.1904040404041,273.1333333333339,295.5333333333341,8866.0,0.0,8866.0,0.0,7683.0,0.0,82.78518915176392
drtp_img88_cacheonly_1024mb_500,500,250,17,2.0,30.0,dragonfly_style,132,118,20.679477828884075,85.71345734126976,111.29210317460306,3304.0,5562.0,8866.0,62.73404015339499,9024.0,0.0,92.78860688209534
drtp_img88_cacheonly_1024mb_500,500,250,17,2.0,30.0,peersync_style,132,118,19.192516714766708,84.41797222222216,92.67302380952371,2488.0,6378.0,8866.0,71.93773967967516,8709.0,0.0,165.0129109621048
drtp_img88_cacheonly_1024mb_500,500,250,17,2.0,30.0,metapipe_reactive_style,132,118,23.23728457190958,113.50000000000006,139.55000000000007,4030.0,4836.0,8866.0,54.54545454545455,8358.0,0.0,115.93049019575119
drtp_img88_cacheonly_1024mb_500,500,250,17,2.0,30.0,ilrsa_style,132,118,89.82196969696975,295.0000000000003,295.53333333333404,8866.0,0.0,8866.0,0.0,8204.0,0.0,156.2909483909607
drtp_img88_cacheonly_1024mb_500,500,250,17,2.0,100.0,registry,132,118,20.478585858585838,81.93999999999996,90.88666666666657,8866.0,0.0,8866.0,0.0,7683.0,0.0,82.38276839256287
drtp_img88_cacheonly_1024mb_500,500,250,17,2.0,100.0,dragonfly_style,132,118,7.629954395846484,35.5466953125,44.000409722222216,3472.0,5394.0,8866.0,60.83916083916084,8225.0,0.0,93.67921948432922
drtp_img88_cacheonly_1024mb_500,500,250,17,2.0,100.0,peersync_style,132,118,7.113914247392909,32.36288881172837,40.98002245370369,2488.0,6378.0,8866.0,71.93773967967516,7823.0,0.0,163.34466636180878
drtp_img88_cacheonly_1024mb_500,500,250,17,2.0,100.0,metapipe_reactive_style,132,118,7.424329605246913,37.714266921693124,50.63359035714286,4030.0,4836.0,8866.0,54.54545454545455,7721.0,0.0,118.55518072843552
drtp_img88_cacheonly_1024mb_500,500,250,17,2.0,100.0,ilrsa_style,132,118,27.12441919191921,90.61999999999998,90.88666666666663,8866.0,0.0,8866.0,0.0,8204.0,0.0,157.4418544769287
drtp_img88_cacheonly_1024mb_500,500,250,18,0.5,10.0,registry,135,115,809.893333333332,1401.0999999999951,1523.0999999999954,15231.0,0.0,15231.0,0.0,10594.0,4873.0,104.52990978956223
drtp_img88_cacheonly_1024mb_500,500,250,18,0.5,10.0,dragonfly_style,135,115,727.9387544091726,1282.1000000000026,1282.1000000000026,12821.0,2410.0,15231.0,15.822992580920491,10570.0,4873.0,123.95493686199188
drtp_img88_cacheonly_1024mb_500,500,250,18,0.5,10.0,peersync_style,135,115,684.6752990152867,1228.1000000000026,1228.1000000000026,12281.0,2950.0,15231.0,19.368393408180683,10791.0,4873.0,197.5870206952095
drtp_img88_cacheonly_1024mb_500,500,250,18,0.5,10.0,metapipe_reactive_style,135,115,624.1398365824034,1288.6000000000004,1288.6000000000004,12886.0,2345.0,15231.0,15.396231370231764,10424.0,4873.0,175.48155039548874
drtp_img88_cacheonly_1024mb_500,500,250,18,0.5,10.0,ilrsa_style,135,115,1172.3562962962949,1521.1999999999978,1523.099999999996,15231.0,0.0,15231.0,0.0,10344.0,4873.0,261.3679766654968
drtp_img88_cacheonly_1024mb_500,500,250,18,0.5,30.0,registry,135,115,269.9644444444444,467.03333333333273,507.6999999999994,15231.0,0.0,15231.0,0.0,10594.0,4873.0,104.24477607011795
drtp_img88_cacheonly_1024mb_500,500,250,18,0.5,30.0,dragonfly_style,135,115,246.39576969429694,434.13333333333253,434.13333333333253,13024.0,2207.0,15231.0,14.490184492154158,10570.0,4873.0,123.8190233707428
drtp_img88_cacheonly_1024mb_500,500,250,18,0.5,30.0,peersync_style,135,115,227.90525490520253,409.36666666666616,409.36666666666616,12281.0,2950.0,15231.0,19.368393408180683,10732.0,4873.0,196.85076922178268
drtp_img88_cacheonly_1024mb_500,500,250,18,0.5,30.0,metapipe_reactive_style,135,115,206.49835653733086,428.77699285714283,429.59999999999997,12888.0,2343.0,15231.0,15.383100256056727,10775.0,4873.0,177.15205997228622
drtp_img88_cacheonly_1024mb_500,500,250,18,0.5,30.0,ilrsa_style,135,115,390.78543209876545,507.0666666666673,507.7000000000011,15231.0,0.0,15231.0,0.0,10344.0,4873.0,261.7962956428528
drtp_img88_cacheonly_1024mb_500,500,250,18,0.5,100.0,registry,135,115,80.99372222222208,140.10999999999973,152.90249999999975,15231.0,0.0,15231.0,0.0,10594.0,4873.0,104.20110821723938
drtp_img88_cacheonly_1024mb_500,500,250,18,0.5,100.0,dragonfly_style,135,115,74.0856050852439,132.00158730158728,132.00158730158728,13029.0,2202.0,15231.0,14.457356706716565,10570.0,4873.0,124.38277155160904
drtp_img88_cacheonly_1024mb_500,500,250,18,0.5,100.0,peersync_style,135,115,67.22873766901819,120.64375396825403,120.64375396825403,11865.0,3366.0,15231.0,22.099665156588536,10464.0,4873.0,197.82104343175888
drtp_img88_cacheonly_1024mb_500,500,250,18,0.5,100.0,metapipe_reactive_style,135,115,61.88680273890902,128.42700913454863,128.42700913454863,12827.0,2404.0,15231.0,15.783599238395379,10424.0,4873.0,180.13454228639603
drtp_img88_cacheonly_1024mb_500,500,250,18,0.5,100.0,ilrsa_style,135,115,117.28444444444455,152.66500000000048,152.90250000000026,15231.0,0.0,15231.0,0.0,10344.0,4873.0,260.48092544078827
drtp_img88_cacheonly_1024mb_500,500,250,18,1.0,10.0,registry,134,116,626.841791044775,1343.999999999996,1386.4999999999952,13865.0,0.0,13865.0,0.0,14230.0,0.0,100.78496485948563
drtp_img88_cacheonly_1024mb_500,500,250,18,1.0,10.0,dragonfly_style,134,116,434.3123515236327,817.8675000000015,867.1000000000022,8671.0,5194.0,13865.0,37.461233321312655,13283.0,0.0,111.43139004707336
drtp_img88_cacheonly_1024mb_500,500,250,18,1.0,10.0,peersync_style,134,116,375.6220785951195,575.9873611111108,595.5666666666667,5955.0,7910.0,13865.0,57.0501262170934,12845.0,553.0,216.9601246714592
drtp_img88_cacheonly_1024mb_500,500,250,18,1.0,10.0,metapipe_reactive_style,134,116,367.9489888069581,704.7799732804236,831.5000000000006,8315.0,5550.0,13865.0,40.02884962134872,13146.0,0.0,159.43573415279388
drtp_img88_cacheonly_1024mb_500,500,250,18,1.0,10.0,ilrsa_style,134,116,891.8074626865667,1383.899999999999,1386.4999999999968,13865.0,0.0,13865.0,0.0,14015.0,0.0,230.73993623256683
drtp_img88_cacheonly_1024mb_500,500,250,18,1.0,30.0,registry,134,116,208.94726368159235,448.0000000000004,462.16666666666725,13865.0,0.0,13865.0,0.0,14230.0,0.0,98.99833798408508
drtp_img88_cacheonly_1024mb_500,500,250,18,1.0,30.0,dragonfly_style,134,116,146.04904994595452,269.43416666666656,282.31750000000017,8331.0,5534.0,13865.0,39.91345113595384,13264.0,0.0,112.70897835493088
drtp_img88_cacheonly_1024mb_500,500,250,18,1.0,30.0,peersync_style,134,116,128.22409277274338,206.28104513888877,206.28104513888877,5955.0,7910.0,13865.0,57.0501262170934,12144.0,553.0,219.84611451625824
drtp_img88_cacheonly_1024mb_500,500,250,18,1.0,30.0,metapipe_reactive_style,134,116,125.15338244314137,234.78315515873007,277.1666666666665,8315.0,5550.0,13865.0,40.02884962134872,13248.0,0.0,161.7918685078621
drtp_img88_cacheonly_1024mb_500,500,250,18,1.0,30.0,ilrsa_style,134,116,297.269154228856,461.3000000000008,462.1666666666681,13865.0,0.0,13865.0,0.0,14015.0,0.0,232.42223262786865
drtp_img88_cacheonly_1024mb_500,500,250,18,1.0,100.0,registry,134,116,62.69527985074625,134.39999999999992,139.3349999999999,13865.0,0.0,13865.0,0.0,14230.0,0.0,100.99110752344131
drtp_img88_cacheonly_1024mb_500,500,250,18,1.0,100.0,dragonfly_style,134,116,46.452398863651375,82.40514186507937,85.02300934193124,7614.0,6251.0,13865.0,45.08474576271186,12876.0,614.0,117.59842932224274
drtp_img88_cacheonly_1024mb_500,500,250,18,1.0,100.0,peersync_style,134,116,41.40234951137169,74.9515238095239,76.0553978174604,5955.0,7910.0,13865.0,57.0501262170934,12971.0,553.0,219.25973147153854
drtp_img88_cacheonly_1024mb_500,500,250,18,1.0,100.0,metapipe_reactive_style,134,116,39.805658545187484,81.90394628533222,82.77751744147197,7838.0,6027.0,13865.0,43.469166967183554,12448.0,524.0,162.0255634188652
drtp_img88_cacheonly_1024mb_500,500,250,18,1.0,100.0,ilrsa_style,134,116,89.25188432835824,139.01000000000028,139.335,13865.0,0.0,13865.0,0.0,14015.0,0.0,232.3390692472458
drtp_img88_cacheonly_1024mb_500,500,250,18,2.0,10.0,registry,137,113,229.430656934307,839.900000000002,916.7000000000028,9167.0,0.0,9167.0,0.0,9176.0,0.0,90.3833657503128
drtp_img88_cacheonly_1024mb_500,500,250,18,2.0,10.0,dragonfly_style,137,113,84.27504158942553,307.72812499999935,337.9999999999994,3380.0,5787.0,9167.0,63.128613504963454,8941.0,0.0,105.85862398147583
drtp_img88_cacheonly_1024mb_500,500,250,18,2.0,10.0,peersync_style,137,113,81.62906934306555,298.91241071428516,320.4999999999995,3205.0,5962.0,9167.0,65.03763499509108,8550.0,0.0,193.48236918449402
drtp_img88_cacheonly_1024mb_500,500,250,18,2.0,10.0,metapipe_reactive_style,137,113,87.86463115513844,332.36666666666656,390.19999999999993,3902.0,5265.0,9167.0,57.43427511726846,8949.0,0.0,130.257286131382
drtp_img88_cacheonly_1024mb_500,500,250,18,2.0,10.0,ilrsa_style,137,113,284.67956204379584,907.1000000000008,916.7000000000014,9167.0,0.0,9167.0,0.0,8960.0,0.0,192.96424835920334
drtp_img88_cacheonly_1024mb_500,500,250,18,2.0,30.0,registry,137,113,76.47688564476869,279.9666666666657,305.56666666666575,9167.0,0.0,9167.0,0.0,9176.0,0.0,90.38485586643219
drtp_img88_cacheonly_1024mb_500,500,250,18,2.0,30.0,dragonfly_style,137,113,28.235849351176018,101.70398958333344,115.45398958333342,3380.0,5787.0,9167.0,63.128613504963454,8941.0,0.0,107.21305757761002
drtp_img88_cacheonly_1024mb_500,500,250,18,2.0,30.0,peersync_style,137,113,27.703608700577888,99.15565388310203,106.8333333333335,3205.0,5962.0,9167.0,65.03763499509108,8658.0,0.0,194.29533928632736
drtp_img88_cacheonly_1024mb_500,500,250,18,2.0,30.0,metapipe_reactive_style,137,113,30.039068525997997,112.98641211640206,135.75696686596115,3992.0,5175.0,9167.0,56.4524926366314,8898.0,0.0,130.40778785943985
drtp_img88_cacheonly_1024mb_500,500,250,18,2.0,30.0,ilrsa_style,137,113,94.89318734793173,302.36666666666594,305.56666666666655,9167.0,0.0,9167.0,0.0,8960.0,0.0,193.29644739627838
drtp_img88_cacheonly_1024mb_500,500,250,18,2.0,100.0,registry,137,113,22.94656934306572,83.99000000000012,91.91000000000007,9167.0,0.0,9167.0,0.0,9176.0,0.0,90.27426689863205
drtp_img88_cacheonly_1024mb_500,500,250,18,2.0,100.0,dragonfly_style,137,113,8.952626263855091,31.96639351851849,41.60442592592589,3426.0,5741.0,9167.0,62.62681357041562,8986.0,0.0,108.583964407444
drtp_img88_cacheonly_1024mb_500,500,250,18,2.0,100.0,peersync_style,137,113,8.794448594214645,29.891599999999958,39.6426518518518,3205.0,5962.0,9167.0,65.03763499509108,7811.0,0.0,192.27063655853271
drtp_img88_cacheonly_1024mb_500,500,250,18,2.0,100.0,metapipe_reactive_style,137,113,9.62892029473233,38.796041126477704,46.20780970694634,3670.0,5497.0,9167.0,59.965092178466236,8887.0,0.0,139.688640832901
drtp_img88_cacheonly_1024mb_500,500,250,18,2.0,100.0,ilrsa_style,137,113,28.477645985401505,90.71000000000022,91.9100000000003,9167.0,0.0,9167.0,0.0,8960.0,0.0,193.37838888168335
drtp_img88_cacheonly_1024mb_500,500,250,19,0.5,10.0,registry,130,120,866.3023076923066,1559.2000000000003,1611.7999999999988,16118.0,0.0,16118.0,0.0,11651.0,5207.0,108.06811600923538
drtp_img88_cacheonly_1024mb_500,500,250,19,0.5,10.0,dragonfly_style,130,120,700.4127511065337,1348.600000000002,1348.600000000002,13486.0,2632.0,16118.0,16.329569425487033,11485.0,5207.0,122.84122407436371
drtp_img88_cacheonly_1024mb_500,500,250,19,0.5,10.0,peersync_style,130,120,634.5412377899884,1257.600000000001,1257.600000000001,12576.0,3542.0,16118.0,21.975431194937336,11633.0,5207.0,196.84594124555588
drtp_img88_cacheonly_1024mb_500,500,250,19,0.5,10.0,metapipe_reactive_style,130,120,596.2334529207486,1239.0999999999997,1239.0999999999997,12391.0,3727.0,16118.0,23.123216279935477,11652.0,5207.0,181.21013045310974
drtp_img88_cacheonly_1024mb_500,500,250,19,0.5,10.0,ilrsa_style,130,120,1136.0046153846147,1609.8999999999983,1611.7999999999965,16118.0,0.0,16118.0,0.0,10972.0,5207.0,262.4446079134941
drtp_img88_cacheonly_1024mb_500,500,250,19,0.5,30.0,registry,130,120,288.7674358974364,519.7333333333343,537.2666666666672,16118.0,0.0,16118.0,0.0,11651.0,5207.0,107.59767889976501
drtp_img88_cacheonly_1024mb_500,500,250,19,0.5,30.0,dragonfly_style,130,120,233.4251353785102,449.5333333333329,449.5333333333329,13486.0,2632.0,16118.0,16.329569425487033,11513.0,5207.0,122.19992280006409
drtp_img88_cacheonly_1024mb_500,500,250,19,0.5,30.0,peersync_style,130,120,211.27623771367504,418.13333333333276,418.13333333333276,12544.0,3574.0,16118.0,22.1739669934235,11427.0,5207.0,196.8907043337822
drtp_img88_cacheonly_1024mb_500,500,250,19,0.5,30.0,metapipe_reactive_style,130,120,199.18381394931967,413.0333333333335,413.0333333333335,12391.0,3727.0,16118.0,23.123216279935477,11652.0,5207.0,181.19754642248154
drtp_img88_cacheonly_1024mb_500,500,250,19,0.5,30.0,ilrsa_style,130,120,378.6682051282056,536.6333333333357,537.2666666666685,16118.0,0.0,16118.0,0.0,10972.0,5207.0,262.1788680553436
drtp_img88_cacheonly_1024mb_500,500,250,19,0.5,100.0,registry,130,120,86.64774999999993,155.91999999999973,162.22499999999957,16118.0,0.0,16118.0,0.0,11651.0,5207.0,107.70770162343979
drtp_img88_cacheonly_1024mb_500,500,250,19,0.5,100.0,dragonfly_style,130,120,70.4189645444502,140.52133895502644,140.52133895502644,13728.0,2390.0,16118.0,14.828142449435413,11166.0,5434.0,122.80400842428207
drtp_img88_cacheonly_1024mb_500,500,250,19,0.5,100.0,peersync_style,130,120,64.0368274354806,129.15310682502948,129.15310682502948,12584.0,3534.0,16118.0,21.925797245315795,11254.0,5207.0,198.02436232566833
drtp_img88_cacheonly_1024mb_500,500,250,19,0.5,100.0,metapipe_reactive_style,130,120,60.70939510630518,129.71715385299683,129.71715385299683,12619.0,3499.0,16118.0,21.708648715721555,11141.0,5434.0,188.7332946062088
drtp_img88_cacheonly_1024mb_500,500,250,19,0.5,100.0,ilrsa_style,130,120,113.71896153846153,161.98750000000013,162.2249999999999,16118.0,0.0,16118.0,0.0,10972.0,5207.0,261.8241086602211
drtp_img88_cacheonly_1024mb_500,500,250,19,1.0,10.0,registry,126,124,717.3531746031745,1322.199999999999,1356.899999999999,13569.0,0.0,13569.0,0.0,12851.0,0.0,101.94975882768631
drtp_img88_cacheonly_1024mb_500,500,250,19,1.0,10.0,dragonfly_style,126,124,334.723675610985,534.3714285714287,589.6000000000006,5896.0,7673.0,13569.0,56.548013855110916,12751.0,158.0,116.3473054766655
drtp_img88_cacheonly_1024mb_500,500,250,19,1.0,10.0,peersync_style,126,124,325.933878023432,519.9791666666666,567.0875000000009,5666.0,7903.0,13569.0,58.243054020193085,12281.0,158.0,225.1921072602272
drtp_img88_cacheonly_1024mb_500,500,250,19,1.0,10.0,metapipe_reactive_style,126,124,350.67760498236345,603.0807347883599,662.0000000000001,6620.0,6949.0,13569.0,51.21232220502616,12652.0,0.0,160.54008156061172
drtp_img88_cacheonly_1024mb_500,500,250,19,1.0,10.0,ilrsa_style,126,124,954.0436507936506,1352.9000000000005,1356.8999999999971,13569.0,0.0,13569.0,0.0,12993.0,0.0,258.2608088850975
drtp_img88_cacheonly_1024mb_500,500,250,19,1.0,30.0,registry,126,124,239.1177248677251,440.73333333333403,452.30000000000075,13569.0,0.0,13569.0,0.0,12851.0,0.0,100.01683235168457
drtp_img88_cacheonly_1024mb_500,500,250,19,1.0,30.0,dragonfly_style,126,124,114.261694685899,188.51230820105826,192.73333333333338,5782.0,7787.0,13569.0,57.38816419780382,11851.0,309.0,120.01855671405792
drtp_img88_cacheonly_1024mb_500,500,250,19,1.0,30.0,peersync_style,126,124,113.60967447719823,187.7658333333331,187.7658333333331,5554.0,8015.0,13569.0,59.06846488318963,11160.0,309.0,233.55644196271896
drtp_img88_cacheonly_1024mb_500,500,250,19,1.0,30.0,metapipe_reactive_style,126,124,119.87800048158144,224.178333311193,225.34212986760414,6207.0,7362.0,13569.0,54.25602476232589,11842.0,225.0,162.2670665383339
drtp_img88_cacheonly_1024mb_500,500,250,19,1.0,30.0,ilrsa_style,126,124,318.01455026455034,450.96666666666687,452.3000000000012,13569.0,0.0,13569.0,0.0,12993.0,0.0,258.2654133439064
drtp_img88_cacheonly_1024mb_500,500,250,19,1.0,100.0,registry,126,124,71.73607142857134,132.21999999999986,135.78499999999985,13569.0,0.0,13569.0,0.0,12851.0,0.0,99.99874234199524
drtp_img88_cacheonly_1024mb_500,500,250,19,1.0,100.0,dragonfly_style,126,124,40.00911087608037,79.84560401342969,79.89560401342969,5773.0,7796.0,13569.0,57.45449185643747,11803.0,309.0,121.5398758649826
drtp_img88_cacheonly_1024mb_500,500,250,19,1.0,100.0,peersync_style,126,124,39.81595362261851,79.41486144072122,79.46486144072122,5554.0,8015.0,13569.0,59.06846488318963,11290.0,309.0,232.5778231024742
drtp_img88_cacheonly_1024mb_500,500,250,19,1.0,100.0,metapipe_reactive_style,126,124,38.00252062170476,79.30600402797782,94.08933736131115,6140.0,7429.0,13569.0,54.74979733215417,11884.0,309.0,165.56905955076218
drtp_img88_cacheonly_1024mb_500,500,250,19,1.0,100.0,ilrsa_style,126,124,95.40755952380957,135.29000000000033,135.7849999999999,13569.0,0.0,13569.0,0.0,12993.0,0.0,259.03285294771194
drtp_img88_cacheonly_1024mb_500,500,250,19,2.0,10.0,registry,132,118,121.53787878787874,498.99999999999955,684.8000000000002,6848.0,0.0,6848.0,0.0,5689.0,0.0,51.87813937664032
drtp_img88_cacheonly_1024mb_500,500,250,19,2.0,10.0,dragonfly_style,132,118,72.69894954004326,284.9970833333333,310.2874999999998,2957.0,3891.0,6848.0,56.819509345794394,5671.0,0.0,56.57088756561279
drtp_img88_cacheonly_1024mb_500,500,250,19,2.0,10.0,peersync_style,132,118,71.42902687590185,263.55916666666644,274.8716666666664,2719.0,4129.0,6848.0,60.29497663551402,6212.0,0.0,115.8229112625122
drtp_img88_cacheonly_1024mb_500,500,250,19,2.0,10.0,metapipe_reactive_style,132,118,59.19673039923041,255.50621031746041,305.3875,2943.0,3905.0,6848.0,57.02394859813084,5657.0,0.0,74.18554276227951
drtp_img88_cacheonly_1024mb_500,500,250,19,2.0,10.0,ilrsa_style,132,118,171.90681818181812,681.9000000000001,684.8000000000005,6848.0,0.0,6848.0,0.0,7233.0,0.0,98.10388833284378
drtp_img88_cacheonly_1024mb_500,500,250,19,2.0,30.0,registry,132,118,40.51262626262629,166.33333333333343,228.2666666666667,6848.0,0.0,6848.0,0.0,5689.0,0.0,50.37010461091995
drtp_img88_cacheonly_1024mb_500,500,250,19,2.0,30.0,dragonfly_style,132,118,24.730053932178933,95.29500000000004,113.15416666666671,2957.0,3891.0,6848.0,56.819509345794394,5670.0,0.0,56.882187724113464
drtp_img88_cacheonly_1024mb_500,500,250,19,2.0,30.0,peersync_style,132,118,24.255920093795105,89.26666666666668,101.23591666666668,2719.0,4129.0,6848.0,60.29497663551402,6063.0,0.0,115.42151868343353
drtp_img88_cacheonly_1024mb_500,500,250,19,2.0,30.0,metapipe_reactive_style,132,118,20.065940325877815,85.03865079365076,109.18749999999999,2943.0,3905.0,6848.0,57.02394859813084,5657.0,0.0,75.06975531578064
drtp_img88_cacheonly_1024mb_500,500,250,19,2.0,30.0,ilrsa_style,132,118,57.30227272727271,227.2999999999998,228.26666666666642,6848.0,0.0,6848.0,0.0,7233.0,0.0,98.622627556324
drtp_img88_cacheonly_1024mb_500,500,250,19,2.0,100.0,registry,132,118,12.157935606060603,49.89999999999999,68.69,6848.0,0.0,6848.0,0.0,5689.0,0.0,50.340816378593445
drtp_img88_cacheonly_1024mb_500,500,250,19,2.0,100.0,dragonfly_style,132,118,8.288844178391052,34.48408333333332,46.599083333333375,2957.0,3891.0,6848.0,56.819509345794394,5670.0,0.0,56.94817751646042
drtp_img88_cacheonly_1024mb_500,500,250,19,2.0,100.0,peersync_style,132,118,8.293737170815296,35.14408333333333,46.23158333333339,2719.0,4129.0,6848.0,60.29497663551402,6170.0,0.0,107.72044211626053
drtp_img88_cacheonly_1024mb_500,500,250,19,2.0,100.0,metapipe_reactive_style,132,118,6.472043072089944,28.713785714285706,43.02911507936508,2943.0,3905.0,6848.0,57.02394859813084,5657.0,0.0,75.53146779537201
drtp_img88_cacheonly_1024mb_500,500,250,19,2.0,100.0,ilrsa_style,132,118,17.201571969696968,68.3275,68.69000000000005,6848.0,0.0,6848.0,0.0,7233.0,0.0,97.83218055963516
drtp_img88_cacheonly_1024mb_500,500,250,20,0.5,10.0,registry,128,122,961.8015624999994,1597.9999999999977,1696.3999999999971,16964.0,0.0,16964.0,0.0,10597.0,5875.0,94.87643092870712
drtp_img88_cacheonly_1024mb_500,500,250,20,0.5,10.0,dragonfly_style,128,122,706.718513609871,1258.7000000000003,1347.4000000000003,13474.0,3490.0,16964.0,20.57297807120962,10464.0,5875.0,116.30678921937943
drtp_img88_cacheonly_1024mb_500,500,250,20,0.5,10.0,peersync_style,128,122,667.0240690104164,1181.7999999999993,1270.4999999999993,12705.0,4259.0,16964.0,25.106107050224004,10965.0,5875.0,184.28459018468857
drtp_img88_cacheonly_1024mb_500,500,250,20,0.5,10.0,metapipe_reactive_style,128,122,646.8508189367868,1259.2000000000003,1347.9000000000003,13479.0,3485.0,16964.0,20.543503890591843,11000.0,5875.0,155.94948828220367
drtp_img88_cacheonly_1024mb_500,500,250,20,0.5,10.0,ilrsa_style,128,122,1104.3109375000001,1695.3000000000015,1696.4000000000005,16964.0,0.0,16964.0,0.0,10826.0,5875.0,224.5020717382431
drtp_img88_cacheonly_1024mb_500,500,250,20,0.5,30.0,registry,128,122,320.6005208333333,532.6666666666671,565.4666666666673,16964.0,0.0,16964.0,0.0,10597.0,5875.0,94.8420986533165
drtp_img88_cacheonly_1024mb_500,500,250,20,0.5,30.0,dragonfly_style,128,122,237.13264757564454,420.79999999999967,450.36666666666633,13511.0,3453.0,16964.0,20.354869134638058,10464.0,5875.0,115.63662439584732
drtp_img88_cacheonly_1024mb_500,500,250,20,0.5,30.0,peersync_style,128,122,223.02451474144308,393.9333333333328,423.4999999999995,12705.0,4259.0,16964.0,25.106107050224004,10923.0,5875.0,183.8935986161232
drtp_img88_cacheonly_1024mb_500,500,250,20,0.5,30.0,metapipe_reactive_style,128,122,210.0942287737382,405.8,435.3666666666667,13061.0,3903.0,16964.0,23.00754539023815,10782.0,5875.0,158.7081104516983
drtp_img88_cacheonly_1024mb_500,500,250,20,0.5,30.0,ilrsa_style,128,122,368.10364583333353,565.1000000000016,565.466666666668,16964.0,0.0,16964.0,0.0,10826.0,5875.0,224.89508241415024
drtp_img88_cacheonly_1024mb_500,500,250,20,0.5,100.0,registry,128,122,96.24036458333329,159.8,174.2400000000002,16964.0,0.0,16964.0,0.0,10597.0,5875.0,94.99064832925797
drtp_img88_cacheonly_1024mb_500,500,250,20,0.5,100.0,dragonfly_style,128,122,72.70212524284892,138.34165013227525,153.12498346560858,13524.0,3440.0,16964.0,20.278236265031833,10442.0,5875.0,116.56583100557327
drtp_img88_cacheonly_1024mb_500,500,250,20,0.5,100.0,peersync_style,128,122,68.25192148546573,130.25669172545562,145.04002505878896,12705.0,4259.0,16964.0,25.106107050224004,10828.0,5875.0,181.9511204957962
drtp_img88_cacheonly_1024mb_500,500,250,20,0.5,100.0,metapipe_reactive_style,128,122,64.85218742128556,135.267217969489,150.05055130282233,13145.0,3819.0,16964.0,22.512379155859467,11110.0,5875.0,160.81644594669342
drtp_img88_cacheonly_1024mb_500,500,250,20,0.5,100.0,ilrsa_style,128,122,110.82578124999988,174.05666666666676,174.24000000000024,16964.0,0.0,16964.0,0.0,10826.0,5875.0,224.63630139827728
drtp_img88_cacheonly_1024mb_500,500,250,20,1.0,10.0,registry,128,122,793.9804687499994,1452.2999999999993,1516.5999999999979,15166.0,0.0,15166.0,0.0,14294.0,0.0,97.43336588144302
drtp_img88_cacheonly_1024mb_500,500,250,20,1.0,10.0,dragonfly_style,128,122,515.3928182353671,780.4828571428558,823.6999999999988,8237.0,6929.0,15166.0,45.68772253725439,13863.0,0.0,114.58592861890793
drtp_img88_cacheonly_1024mb_500,500,250,20,1.0,10.0,peersync_style,128,122,500.4052782428078,689.0325555555552,746.65,7466.0,7700.0,15166.0,50.77146248186733,13608.0,202.0,197.58883863687515
drtp_img88_cacheonly_1024mb_500,500,250,20,1.0,10.0,metapipe_reactive_style,128,122,411.3140474950392,659.7613690476189,745.4999999999999,7455.0,7711.0,15166.0,50.84399314255572,13713.0,0.0,154.49780970811844
drtp_img88_cacheonly_1024mb_500,500,250,20,1.0,10.0,ilrsa_style,128,122,918.0367187499995,1512.9999999999984,1516.5999999999951,15166.0,0.0,15166.0,0.0,14220.0,0.0,213.5324850678444
drtp_img88_cacheonly_1024mb_500,500,250,20,1.0,30.0,registry,128,122,264.66015625000017,484.10000000000014,505.53333333333387,15166.0,0.0,15166.0,0.0,14294.0,0.0,96.53835743665695
drtp_img88_cacheonly_1024mb_500,500,250,20,1.0,30.0,dragonfly_style,128,122,176.49162721147493,255.1007195767197,267.6673862433868,7970.0,7196.0,15166.0,47.4482394830542,12186.0,1089.0,116.17650836706161
drtp_img88_cacheonly_1024mb_500,500,250,20,1.0,30.0,peersync_style,128,122,172.77905215567148,252.96083465608456,262.06083465608447,7216.0,7950.0,15166.0,52.41988658842147,13597.0,202.0,197.13762402534485
drtp_img88_cacheonly_1024mb_500,500,250,20,1.0,30.0,metapipe_reactive_style,128,122,144.7663232111855,241.03026507936502,244.2691432539682,7205.0,7961.0,15166.0,52.49241724910985,12004.0,1192.0,155.24093806743622
drtp_img88_cacheonly_1024mb_500,500,250,20,1.0,30.0,ilrsa_style,128,122,306.01223958333344,504.3333333333335,505.53333333333444,15166.0,0.0,15166.0,0.0,14220.0,0.0,213.0533754825592
drtp_img88_cacheonly_1024mb_500,500,250,20,1.0,100.0,registry,128,122,79.47799479166662,145.23000000000005,155.61333333333363,15166.0,0.0,15166.0,0.0,14294.0,0.0,96.56979143619537
drtp_img88_cacheonly_1024mb_500,500,250,20,1.0,100.0,dragonfly_style,128,122,60.27109940901028,104.87609303350978,115.17609303350974,7869.0,7297.0,15166.0,48.11420282210207,12937.0,202.0,115.57942628860474
drtp_img88_cacheonly_1024mb_500,500,250,20,1.0,100.0,peersync_style,128,122,60.25939757896199,103.86364144841266,116.29619730599642,7398.0,7768.0,15166.0,51.21983383885006,13036.0,202.0,190.21395593881607
drtp_img88_cacheonly_1024mb_500,500,250,20,1.0,100.0,metapipe_reactive_style,128,122,50.081737533546125,93.10736040127128,107.89069373460461,7377.0,7789.0,15166.0,51.35830146380061,13018.0,305.0,158.6851254105568
drtp_img88_cacheonly_1024mb_500,500,250,20,1.0,100.0,ilrsa_style,128,122,92.03132812500012,155.01333333333378,155.61333333333425,15166.0,0.0,15166.0,0.0,14220.0,0.0,213.34658563137054
drtp_img88_cacheonly_1024mb_500,500,250,20,2.0,10.0,registry,131,119,106.30763358778631,410.1000000000001,471.20000000000005,4712.0,0.0,4712.0,0.0,3306.0,0.0,53.75935882329941
drtp_img88_cacheonly_1024mb_500,500,250,20,2.0,10.0,dragonfly_style,131,119,74.81197261601834,333.53208333333293,342.79999999999956,3428.0,1284.0,4712.0,27.249575551782684,4047.0,0.0,60.31973659992218
drtp_img88_cacheonly_1024mb_500,500,250,20,2.0,10.0,peersync_style,131,119,72.0354640736701,329.0124999999995,329.0124999999995,3289.0,1423.0,4712.0,30.19949066213922,4715.0,0.0,110.3559136390686
drtp_img88_cacheonly_1024mb_500,500,250,20,2.0,10.0,metapipe_reactive_style,131,119,65.0946165939658,332.3999999999998,341.9315436507934,3419.0,1293.0,4712.0,27.44057724957555,4094.0,0.0,79.693503677845
drtp_img88_cacheonly_1024mb_500,500,250,20,2.0,10.0,ilrsa_style,131,119,128.66870229007642,469.2000000000002,471.20000000000067,4712.0,0.0,4712.0,0.0,6232.0,0.0,93.72629225254059
drtp_img88_cacheonly_1024mb_500,500,250,20,2.0,30.0,registry,131,119,35.43587786259542,136.69999999999993,157.06666666666658,4712.0,0.0,4712.0,0.0,3306.0,0.0,53.01160365343094
drtp_img88_cacheonly_1024mb_500,500,250,20,2.0,30.0,dragonfly_style,131,119,25.149388101296505,110.60083333333337,114.80416666666669,3428.0,1284.0,4712.0,27.249575551782684,4047.0,0.0,61.25940382480621
drtp_img88_cacheonly_1024mb_500,500,250,20,2.0,30.0,peersync_style,131,119,24.237163758633233,109.23648809523819,109.65279761904773,3289.0,1423.0,4712.0,30.19949066213922,4742.0,0.0,109.96317863464355
drtp_img88_cacheonly_1024mb_500,500,250,20,2.0,30.0,metapipe_reactive_style,131,119,21.81080039918145,110.79999999999997,115.79222398589063,3419.0,1293.0,4712.0,27.44057724957555,4094.0,0.0,79.75484430789948
drtp_img88_cacheonly_1024mb_500,500,250,20,2.0,30.0,ilrsa_style,131,119,42.889567430025444,156.39999999999992,157.06666666666655,4712.0,0.0,4712.0,0.0,6232.0,0.0,93.53695064783096
drtp_img88_cacheonly_1024mb_500,500,250,20,2.0,100.0,registry,131,119,10.632652671755723,41.01000000000001,47.36750000000005,4712.0,0.0,4712.0,0.0,3306.0,0.0,52.75050550699234
drtp_img88_cacheonly_1024mb_500,500,250,20,2.0,100.0,dragonfly_style,131,119,7.738812280382887,32.04599999999998,35.795166666666695,3428.0,1284.0,4712.0,27.249575551782684,4047.0,0.0,60.839563608169556
drtp_img88_cacheonly_1024mb_500,500,250,20,2.0,100.0,peersync_style,131,119,7.507434386233282,31.90108630952377,35.04035342261901,3289.0,1423.0,4712.0,30.19949066213922,5042.0,0.0,114.03501033782959
drtp_img88_cacheonly_1024mb_500,500,250,20,2.0,100.0,metapipe_reactive_style,131,119,6.6560010071739475,32.82267196619839,36.62504721663166,3421.0,1291.0,4712.0,27.3981324278438,4094.0,0.0,81.95547759532928
drtp_img88_cacheonly_1024mb_500,500,250,20,2.0,100.0,ilrsa_style,131,119,12.87856870229009,47.117500000000135,47.36750000000019,4712.0,0.0,4712.0,0.0,6232.0,0.0,93.19573640823364
