label,file,algo,cid,service_type,node_id,local_step,wait_time,pull_time,deploy_delay,completion_time,run_time,reuse_mb,downloaded_mb
baseline,result_500.json,FG-DSCR,c080,default,edge-3,1,0.0,719.4,719.4,736.4,17.0,0,7194
baseline,result_500.json,FG-DSCR,c290,default,edge-3,2,736.4,0.0,736.4,753.4,17.0,7194,0
baseline,result_500.json,FG-DSCR,c410,default,edge-3,3,753.4,0.0,753.4,770.4,17.0,7194,0
baseline,result_500.json,FG-DSCR,c320,default,edge-3,4,770.4,0.0,770.4,787.4,17.0,7194,0
baseline,result_500.json,FG-DSCR,c230,default,edge-3,5,787.4,0.0,787.4,804.4,17.0,7194,0
baseline,result_500.json,FG-DSCR,c140,default,edge-3,6,804.4,0.0,804.4,821.4,17.0,7194,0
baseline,result_500.json,FG-DSCR,c380,default,edge-3,7,821.4,0.0,821.4,838.4,17.0,7194,0
baseline,result_500.json,FG-DSCR,c260,default,edge-3,8,838.4,0.0,838.4,855.4,17.0,7194,0
baseline,result_500.json,FG-DSCR,c350,default,edge-3,9,855.4,0.0,855.4,872.4,17.0,7194,0
baseline,result_500.json,FG-DSCR,c050,default,edge-3,10,872.4,0.0,872.4,889.4,17.0,7194,0
baseline,result_500.json,FG-DSCR,c110,default,edge-3,11,889.4,0.0,889.4,906.4,17.0,7194,0
baseline,result_500.json,FG-DSCR,c020,default,edge-3,12,906.4,0.0,906.4,923.4,17.0,7194,0
baseline,result_500.json,FG-DSCR,c470,default,edge-3,13,923.4,0.0,923.4,940.4,17.0,7194,0
baseline,result_500.json,FG-DSCR,c500,default,edge-3,14,940.4,0.0,940.4,957.4,17.0,7194,0
baseline,result_500.json,FG-DSCR,c170,default,edge-3,15,957.4,0.0,957.4,974.4,17.0,7194,0
baseline,result_500.json,FG-DSCR,c200,default,edge-3,16,974.4,0.0,974.4,991.4,17.0,7194,0
baseline,result_500.json,FG-DSCR,c440,default,edge-3,17,991.4,0.0,991.4,1008.4,17.0,7194,0
baseline,result_500.json,FG-DSCR,c021,default,edge-3,18,1008.4,72.0,1080.4,1100.4,20.0,5694,720
baseline,result_500.json,FG-DSCR,c171,default,edge-3,19,1100.4,0.0,1100.4,1120.4,20.0,6414,0
baseline,result_500.json,FG-DSCR,c144,default,edge-3,20,1120.4,0.1,1120.5,1137.5,17.0,6410,1
baseline,result_500.json,FG-DSCR,c441,default,edge-3,21,1137.5,0.0,1137.5,1157.5,20.0,6414,0
baseline,result_500.json,FG-DSCR,c384,default,edge-3,22,1157.5,0.0,1157.5,1174.5,17.0,6411,0
baseline,result_500.json,FG-DSCR,c231,default,edge-3,23,1174.5,0.0,1174.5,1194.5,20.0,6414,0
baseline,result_500.json,FG-DSCR,c474,default,edge-3,24,1194.5,0.0,1194.5,1211.5,17.0,6411,0
baseline,result_500.json,FG-DSCR,c201,default,edge-3,25,1211.5,0.0,1211.5,1231.5,20.0,6414,0
baseline,result_500.json,FG-DSCR,c354,default,edge-3,26,1231.5,0.0,1231.5,1248.5,17.0,6411,0
baseline,result_500.json,FG-DSCR,c261,default,edge-3,27,1248.5,0.0,1248.5,1268.5,20.0,6414,0
baseline,result_500.json,FG-DSCR,c084,default,edge-3,28,1268.5,0.0,1268.5,1285.5,17.0,6411,0
baseline,result_500.json,FG-DSCR,c381,default,edge-3,29,1285.5,0.0,1285.5,1305.5,20.0,6414,0
baseline,result_500.json,FG-DSCR,c444,default,edge-3,30,1305.5,0.0,1305.5,1322.5,17.0,6411,0
baseline,result_500.json,FG-DSCR,c471,default,edge-3,31,1322.5,0.0,1322.5,1342.5,20.0,6414,0
baseline,result_500.json,FG-DSCR,c054,default,edge-3,32,1342.5,0.0,1342.5,1359.5,17.0,6411,0
baseline,result_500.json,FG-DSCR,c111,default,edge-3,33,1359.5,0.0,1359.5,1379.5,20.0,6414,0
baseline,result_500.json,FG-DSCR,c414,default,edge-3,34,1379.5,0.0,1379.5,1396.5,17.0,6411,0
baseline,result_500.json,FG-DSCR,c351,default,edge-3,35,1396.5,0.0,1396.5,1416.5,20.0,6414,0
baseline,result_500.json,FG-DSCR,c234,default,edge-3,36,1416.5,0.0,1416.5,1433.5,17.0,6411,0
baseline,result_500.json,FG-DSCR,c321,default,edge-3,37,1433.5,0.0,1433.5,1453.5,20.0,6414,0
baseline,result_500.json,FG-DSCR,c174,default,edge-3,38,1453.5,0.0,1453.5,1470.5,17.0,6411,0
baseline,result_500.json,FG-DSCR,c024,default,edge-3,39,1470.5,0.0,1470.5,1487.5,17.0,6411,0
baseline,result_500.json,FG-DSCR,c411,default,edge-3,40,1487.5,0.0,1487.5,1507.5,20.0,6414,0
baseline,result_500.json,FG-DSCR,c264,default,edge-3,41,1507.5,0.0,1507.5,1524.5,17.0,6411,0
baseline,result_500.json,FG-DSCR,c081,default,edge-3,42,1524.5,0.0,1524.5,1544.5,20.0,6414,0
baseline,result_500.json,FG-DSCR,c294,default,edge-3,43,1544.5,0.0,1544.5,1561.5,17.0,6411,0
baseline,result_500.json,FG-DSCR,c141,default,edge-3,44,1561.5,0.0,1561.5,1581.5,20.0,6414,0
baseline,result_500.json,FG-DSCR,c114,default,edge-3,45,1581.5,0.0,1581.5,1598.5,17.0,6411,0
baseline,result_500.json,FG-DSCR,c051,default,edge-3,46,1598.5,0.0,1598.5,1618.5,20.0,6414,0
baseline,result_500.json,FG-DSCR,c204,default,edge-3,47,1618.5,0.0,1618.5,1635.5,17.0,6411,0
baseline,result_500.json,FG-DSCR,c291,default,edge-3,48,1635.5,0.0,1635.5,1655.5,20.0,6414,0
baseline,result_500.json,FG-DSCR,c324,default,edge-3,49,1655.5,0.0,1655.5,1672.5,17.0,6411,0
baseline,result_500.json,FG-DSCR,c263,default,edge-3,50,1672.5,135.0,1807.5,1821.5,14.0,6410,1350
baseline,result_500.json,FG-DSCR,c293,default,edge-3,51,1821.5,0.0,1821.5,1835.5,14.0,7760,0
baseline,result_500.json,FG-DSCR,c353,default,edge-3,52,1835.5,0.0,1835.5,1849.5,14.0,7760,0
baseline,result_500.json,FG-DSCR,c173,default,edge-3,53,1849.5,0.0,1849.5,1863.5,14.0,7760,0
baseline,result_500.json,FG-DSCR,c023,default,edge-3,54,1863.5,0.0,1863.5,1877.5,14.0,7760,0
baseline,result_500.json,FG-DSCR,c233,default,edge-3,55,1877.5,0.0,1877.5,1891.5,14.0,7760,0
baseline,result_500.json,FG-DSCR,c203,default,edge-3,56,1891.5,0.0,1891.5,1905.5,14.0,7760,0
baseline,result_500.json,FG-DSCR,c053,default,edge-3,57,1905.5,0.0,1905.5,1919.5,14.0,7760,0
baseline,result_500.json,FG-DSCR,c443,default,edge-3,58,1919.5,0.0,1919.5,1933.5,14.0,7760,0
baseline,result_500.json,FG-DSCR,c473,default,edge-3,59,1933.5,0.0,1933.5,1947.5,14.0,7760,0
baseline,result_500.json,FG-DSCR,c323,default,edge-3,60,1947.5,0.0,1947.5,1961.5,14.0,7760,0
baseline,result_500.json,FG-DSCR,c143,default,edge-3,61,1961.5,0.0,1961.5,1975.5,14.0,7760,0
baseline,result_500.json,FG-DSCR,c413,default,edge-3,62,1975.5,0.0,1975.5,1989.5,14.0,7760,0
baseline,result_500.json,FG-DSCR,c383,default,edge-3,63,1989.5,0.0,1989.5,2003.5,14.0,7760,0
baseline,result_500.json,FG-DSCR,c083,default,edge-3,64,2003.5,0.0,2003.5,2017.5,14.0,7760,0
baseline,result_500.json,FG-DSCR,c113,default,edge-3,65,2017.5,0.0,2017.5,2031.5,14.0,7760,0
baseline,result_500.json,FG-DSCR,c409,default,edge-3,66,2031.5,90.0,2121.5,2135.5,14.0,5691,900
baseline,result_500.json,FG-DSCR,c499,default,edge-3,67,2135.5,0.0,2135.5,2149.5,14.0,6591,0
baseline,result_500.json,FG-DSCR,c079,default,edge-3,68,2149.5,0.0,2149.5,2163.5,14.0,6591,0
baseline,result_500.json,FG-DSCR,c019,default,edge-3,69,2163.5,0.0,2163.5,2177.5,14.0,6591,0
baseline,result_500.json,FG-DSCR,c382,default,edge-3,70,2177.5,0.0,2177.5,2200.5,23.0,6441,0
baseline,result_500.json,FG-DSCR,c349,default,edge-3,71,2200.5,0.0,2200.5,2214.5,14.0,6591,0
baseline,result_500.json,FG-DSCR,c412,default,edge-3,72,2214.5,0.0,2214.5,2237.5,23.0,6441,0
baseline,result_500.json,FG-DSCR,c322,default,edge-3,73,2237.5,0.0,2237.5,2260.5,23.0,6441,0
baseline,result_500.json,FG-DSCR,c469,default,edge-3,74,2260.5,0.0,2260.5,2274.5,14.0,6591,0
baseline,result_500.json,FG-DSCR,c292,default,edge-3,75,2274.5,0.0,2274.5,2297.5,23.0,6441,0
baseline,result_500.json,FG-DSCR,c139,default,edge-3,76,2297.5,0.0,2297.5,2311.5,14.0,6591,0
baseline,result_500.json,FG-DSCR,c262,default,edge-3,77,2311.5,0.0,2311.5,2334.5,23.0,6441,0
baseline,result_500.json,FG-DSCR,c109,default,edge-3,78,2334.5,0.0,2334.5,2348.5,14.0,6591,0
baseline,result_500.json,FG-DSCR,c082,default,edge-3,79,2348.5,0.0,2348.5,2371.5,23.0,6441,0
baseline,result_500.json,FG-DSCR,c229,default,edge-3,80,2371.5,0.0,2371.5,2385.5,14.0,6591,0
baseline,result_500.json,FG-DSCR,c442,default,edge-3,81,2385.5,0.0,2385.5,2408.5,23.0,6441,0
baseline,result_500.json,FG-DSCR,c439,default,edge-3,82,2408.5,0.0,2408.5,2422.5,14.0,6591,0
baseline,result_500.json,FG-DSCR,c472,default,edge-3,83,2422.5,0.0,2422.5,2445.5,23.0,6441,0
baseline,result_500.json,FG-DSCR,c379,default,edge-3,84,2445.5,0.0,2445.5,2459.5,14.0,6591,0
baseline,result_500.json,FG-DSCR,c172,default,edge-3,85,2459.5,0.0,2459.5,2482.5,23.0,6441,0
baseline,result_500.json,FG-DSCR,c319,default,edge-3,86,2482.5,0.0,2482.5,2496.5,14.0,6591,0
baseline,result_500.json,FG-DSCR,c352,default,edge-3,87,2496.5,0.0,2496.5,2519.5,23.0,6441,0
baseline,result_500.json,FG-DSCR,c289,default,edge-3,88,2519.5,0.0,2519.5,2533.5,14.0,6591,0
baseline,result_500.json,FG-DSCR,c202,default,edge-3,89,2533.5,0.0,2533.5,2556.5,23.0,6441,0
baseline,result_500.json,FG-DSCR,c259,default,edge-3,90,2556.5,0.0,2556.5,2570.5,14.0,6591,0
baseline,result_500.json,FG-DSCR,c052,default,edge-3,91,2570.5,0.0,2570.5,2593.5,23.0,6441,0
baseline,result_500.json,FG-DSCR,c232,default,edge-3,92,2593.5,0.0,2593.5,2616.5,23.0,6441,0
baseline,result_500.json,FG-DSCR,c199,default,edge-3,93,2616.5,0.0,2616.5,2630.5,14.0,6591,0
baseline,result_500.json,FG-DSCR,c142,default,edge-3,94,2630.5,0.0,2630.5,2653.5,23.0,6441,0
baseline,result_500.json,FG-DSCR,c049,default,edge-3,95,2653.5,0.0,2653.5,2667.5,14.0,6591,0
baseline,result_500.json,FG-DSCR,c112,default,edge-3,96,2667.5,0.0,2667.5,2690.5,23.0,6441,0
baseline,result_500.json,FG-DSCR,c169,default,edge-3,97,2690.5,0.0,2690.5,2704.5,14.0,6591,0
baseline,result_500.json,FG-DSCR,c022,default,edge-3,98,2704.5,0.0,2704.5,2727.5,23.0,6441,0
baseline,result_500.json,FG-DSCR,c431,default,edge-4,1,0.0,3049.0,3049.0,3089.0,40.0,0,30490
baseline,result_500.json,FG-DSCR,c341,default,edge-4,2,3089.0,0.0,3089.0,3129.0,40.0,30490,0
baseline,result_500.json,FG-DSCR,c101,default,edge-4,3,3129.0,0.0,3129.0,3169.0,40.0,30490,0
baseline,result_500.json,FG-DSCR,c491,default,edge-4,4,3169.0,0.0,3169.0,3209.0,40.0,30490,0
baseline,result_500.json,FG-DSCR,c371,default,edge-4,5,3209.0,0.0,3209.0,3249.0,40.0,30490,0
baseline,result_500.json,FG-DSCR,c311,default,edge-4,6,3249.0,0.0,3249.0,3289.0,40.0,30490,0
baseline,result_500.json,FG-DSCR,c281,default,edge-4,7,3289.0,0.0,3289.0,3329.0,40.0,30490,0
baseline,result_500.json,FG-DSCR,c221,default,edge-4,8,3329.0,0.0,3329.0,3369.0,40.0,30490,0
baseline,result_500.json,FG-DSCR,c461,default,edge-4,9,3369.0,0.0,3369.0,3409.0,40.0,30490,0
baseline,result_500.json,FG-DSCR,c191,default,edge-4,10,3409.0,0.0,3409.0,3449.0,40.0,30490,0
baseline,result_500.json,FG-DSCR,c401,default,edge-4,11,3449.0,0.0,3449.0,3489.0,40.0,30490,0
baseline,result_500.json,FG-DSCR,c041,default,edge-4,12,3489.0,0.0,3489.0,3529.0,40.0,30490,0
baseline,result_500.json,FG-DSCR,c251,default,edge-4,13,3529.0,0.0,3529.0,3569.0,40.0,30490,0
baseline,result_500.json,FG-DSCR,c071,default,edge-4,14,3569.0,0.0,3569.0,3609.0,40.0,30490,0
baseline,result_500.json,FG-DSCR,c131,default,edge-4,15,3609.0,0.0,3609.0,3649.0,40.0,30490,0
baseline,result_500.json,FG-DSCR,c011,default,edge-4,16,3649.0,0.0,3649.0,3689.0,40.0,30490,0
baseline,result_500.json,FG-DSCR,c161,default,edge-4,17,3689.0,0.0,3689.0,3729.0,40.0,30490,0
baseline,result_500.json,FG-DSCR,c282,default,edge-4,18,3729.0,940.0,4669.0,4712.0,43.0,23290,9400
baseline,result_500.json,FG-DSCR,c372,default,edge-4,19,4712.0,0.0,4712.0,4755.0,43.0,32690,0
baseline,result_500.json,FG-DSCR,c012,default,edge-4,20,4755.0,0.0,4755.0,4798.0,43.0,32690,0
baseline,result_500.json,FG-DSCR,c192,default,edge-4,21,4798.0,0.0,4798.0,4841.0,43.0,32690,0
baseline,result_500.json,FG-DSCR,c312,default,edge-4,22,4841.0,0.0,4841.0,4884.0,43.0,32690,0
baseline,result_500.json,FG-DSCR,c402,default,edge-4,23,4884.0,0.0,4884.0,4927.0,43.0,32690,0
baseline,result_500.json,FG-DSCR,c132,default,edge-4,24,4927.0,0.0,4927.0,4970.0,43.0,32690,0
baseline,result_500.json,FG-DSCR,c462,default,edge-4,25,4970.0,0.0,4970.0,5013.0,43.0,32690,0
baseline,result_500.json,FG-DSCR,c342,default,edge-4,26,5013.0,0.0,5013.0,5056.0,43.0,32690,0
baseline,result_500.json,FG-DSCR,c072,default,edge-4,27,5056.0,0.0,5056.0,5099.0,43.0,32690,0
baseline,result_500.json,FG-DSCR,c492,default,edge-4,28,5099.0,0.0,5099.0,5142.0,43.0,32690,0
baseline,result_500.json,FG-DSCR,c162,default,edge-4,29,5142.0,0.0,5142.0,5185.0,43.0,32690,0
baseline,result_500.json,FG-DSCR,c252,default,edge-4,30,5185.0,0.0,5185.0,5228.0,43.0,32690,0
baseline,result_500.json,FG-DSCR,c102,default,edge-4,31,5228.0,0.0,5228.0,5271.0,43.0,32690,0
baseline,result_500.json,FG-DSCR,c432,default,edge-4,32,5271.0,0.0,5271.0,5314.0,43.0,32690,0
baseline,result_500.json,FG-DSCR,c042,default,edge-4,33,5314.0,0.0,5314.0,5357.0,43.0,32690,0
baseline,result_500.json,FG-DSCR,c222,default,edge-4,34,5357.0,0.0,5357.0,5400.0,43.0,32690,0
baseline,result_500.json,FG-DSCR,c070,default,edge-4,35,5400.0,150.0,5550.0,5599.0,49.0,25090,1500
baseline,result_500.json,FG-DSCR,c490,default,edge-4,36,5599.0,0.0,5599.0,5648.0,49.0,26590,0
baseline,result_500.json,FG-DSCR,c220,default,edge-4,37,5648.0,0.0,5648.0,5697.0,49.0,26590,0
baseline,result_500.json,FG-DSCR,c430,default,edge-4,38,5697.0,0.0,5697.0,5746.0,49.0,26590,0
baseline,result_500.json,FG-DSCR,c160,default,edge-4,39,5746.0,0.0,5746.0,5795.0,49.0,26590,0
baseline,result_500.json,FG-DSCR,c310,default,edge-4,40,5795.0,0.0,5795.0,5844.0,49.0,26590,0
baseline,result_500.json,FG-DSCR,c460,default,edge-4,41,5844.0,0.0,5844.0,5893.0,49.0,26590,0
baseline,result_500.json,FG-DSCR,c250,default,edge-4,42,5893.0,0.0,5893.0,5942.0,49.0,26590,0
baseline,result_500.json,FG-DSCR,c400,default,edge-4,43,5942.0,0.0,5942.0,5991.0,49.0,26590,0
baseline,result_500.json,FG-DSCR,c217,default,edge-4,44,5991.0,962.0,6953.0,6993.0,40.0,20590,9620
baseline,result_500.json,FG-DSCR,c277,default,edge-4,45,6993.0,0.0,6993.0,7033.0,40.0,30210,0
baseline,result_500.json,FG-DSCR,c337,default,edge-4,46,7033.0,0.0,7033.0,7073.0,40.0,30210,0
baseline,result_500.json,FG-DSCR,c367,default,edge-4,47,7073.0,0.0,7073.0,7113.0,40.0,30210,0
baseline,result_500.json,FG-DSCR,c157,default,edge-4,48,7113.0,0.0,7113.0,7153.0,40.0,30210,0
baseline,result_500.json,FG-DSCR,c127,default,edge-4,49,7153.0,0.0,7153.0,7193.0,40.0,30210,0
baseline,result_500.json,FG-DSCR,c067,default,edge-4,50,7193.0,0.0,7193.0,7233.0,40.0,30210,0
baseline,result_500.json,FG-DSCR,c427,default,edge-4,51,7233.0,0.0,7233.0,7273.0,40.0,30210,0
baseline,result_500.json,FG-DSCR,c487,default,edge-4,52,7273.0,0.0,7273.0,7313.0,40.0,30210,0
baseline,result_500.json,FG-DSCR,c007,default,edge-4,53,7313.0,0.0,7313.0,7353.0,40.0,30210,0
baseline,result_500.json,FG-DSCR,c397,default,edge-4,54,7353.0,0.0,7353.0,7393.0,40.0,30210,0
baseline,result_500.json,FG-DSCR,c037,default,edge-4,55,7393.0,0.0,7393.0,7433.0,40.0,30210,0
baseline,result_500.json,FG-DSCR,c307,default,edge-4,56,7433.0,0.0,7433.0,7473.0,40.0,30210,0
baseline,result_500.json,FG-DSCR,c187,default,edge-4,57,7473.0,0.0,7473.0,7513.0,40.0,30210,0
baseline,result_500.json,FG-DSCR,c247,default,edge-4,58,7513.0,0.0,7513.0,7553.0,40.0,30210,0
baseline,result_500.json,FG-DSCR,c097,default,edge-4,59,7553.0,0.0,7553.0,7593.0,40.0,30210,0
baseline,result_500.json,FG-DSCR,c457,default,edge-4,60,7593.0,0.0,7593.0,7633.0,40.0,30210,0
baseline,result_500.json,FG-DSCR,c338,default,edge-4,61,7633.0,0.8,7633.8,7676.8,43.0,22610,8
baseline,result_500.json,FG-DSCR,c428,default,edge-4,62,7676.8,0.0,7676.8,7719.8,43.0,22618,0
baseline,result_500.json,FG-DSCR,c308,default,edge-4,63,7719.8,0.0,7719.8,7762.8,43.0,22618,0
baseline,result_500.json,FG-DSCR,c488,default,edge-4,64,7762.8,0.0,7762.8,7805.8,43.0,22618,0
baseline,result_500.json,FG-DSCR,c158,default,edge-4,65,7805.8,0.0,7805.8,7848.8,43.0,22618,0
baseline,result_500.json,FG-DSCR,c129,default,edge-4,66,7848.8,0.0,7848.8,7894.8,46.0,16118,0
baseline,result_500.json,FG-DSCR,c489,default,edge-4,67,7894.8,0.0,7894.8,7940.8,46.0,16118,0
baseline,result_500.json,FG-DSCR,c098,default,edge-4,68,7940.8,0.0,7940.8,7983.8,43.0,22618,0
baseline,result_500.json,FG-DSCR,c009,default,edge-4,69,7983.8,0.0,7983.8,8029.8,46.0,16118,0
baseline,result_500.json,FG-DSCR,c128,default,edge-4,70,8029.8,0.0,8029.8,8072.8,43.0,22618,0
baseline,result_500.json,FG-DSCR,c039,default,edge-4,71,8072.8,0.0,8072.8,8118.8,46.0,16118,0
baseline,result_500.json,FG-DSCR,c399,default,edge-4,72,8118.8,0.0,8118.8,8164.8,46.0,16118,0
baseline,result_500.json,FG-DSCR,c038,default,edge-4,73,8164.8,0.0,8164.8,8207.8,43.0,22618,0
baseline,result_500.json,FG-DSCR,c159,default,edge-4,74,8207.8,0.0,8207.8,8253.8,46.0,16118,0
baseline,result_500.json,FG-DSCR,c459,default,edge-4,75,8253.8,0.0,8253.8,8299.8,46.0,16118,0
baseline,result_500.json,FG-DSCR,c008,default,edge-4,76,8299.8,0.0,8299.8,8342.8,43.0,22618,0
baseline,result_500.json,FG-DSCR,c249,default,edge-4,77,8342.8,0.0,8342.8,8388.8,46.0,16118,0
baseline,result_500.json,FG-DSCR,c068,default,edge-4,78,8388.8,0.0,8388.8,8431.8,43.0,22618,0
baseline,result_500.json,FG-DSCR,c369,default,edge-4,79,8431.8,0.0,8431.8,8477.8,46.0,16118,0
baseline,result_500.json,FG-DSCR,c339,default,edge-4,80,8477.8,0.0,8477.8,8523.8,46.0,16118,0
baseline,result_500.json,FG-DSCR,c248,default,edge-4,81,8523.8,0.0,8523.8,8566.8,43.0,22618,0
baseline,result_500.json,FG-DSCR,c069,default,edge-4,82,8566.8,0.0,8566.8,8612.8,46.0,16118,0
baseline,result_500.json,FG-DSCR,c189,default,edge-4,83,8612.8,0.0,8612.8,8658.8,46.0,16118,0
baseline,result_500.json,FG-DSCR,c188,default,edge-4,84,8658.8,0.0,8658.8,8701.8,43.0,22618,0
baseline,result_500.json,FG-DSCR,c309,default,edge-4,85,8701.8,0.0,8701.8,8747.8,46.0,16118,0
baseline,result_500.json,FG-DSCR,c218,default,edge-4,86,8747.8,0.0,8747.8,8790.8,43.0,22618,0
baseline,result_500.json,FG-DSCR,c219,default,edge-4,87,8790.8,0.0,8790.8,8836.8,46.0,16118,0
baseline,result_500.json,FG-DSCR,c279,default,edge-4,88,8836.8,0.0,8836.8,8882.8,46.0,16118,0
baseline,result_500.json,FG-DSCR,c368,default,edge-4,89,8882.8,0.0,8882.8,8925.8,43.0,22618,0
baseline,result_500.json,FG-DSCR,c099,default,edge-4,90,8925.8,0.0,8925.8,8971.8,46.0,16118,0
baseline,result_500.json,FG-DSCR,c429,default,edge-4,91,8971.8,0.0,8971.8,9017.8,46.0,16118,0
baseline,result_500.json,FG-DSCR,c278,default,edge-4,92,9017.8,0.0,9017.8,9060.8,43.0,22618,0
baseline,result_500.json,FG-DSCR,c398,default,edge-4,93,9060.8,0.0,9060.8,9103.8,43.0,22618,0
baseline,result_500.json,FG-DSCR,c458,default,edge-4,94,9103.8,0.0,9103.8,9146.8,43.0,22618,0
baseline,result_500.json,FG-DSCR,c130,default,edge-4,95,9146.8,940.0,10086.8,10135.8,49.0,17190,9400
baseline,result_500.json,FG-DSCR,c340,default,edge-4,96,10135.8,0.0,10135.8,10184.8,49.0,26590,0
baseline,result_500.json,FG-DSCR,c010,default,edge-4,97,10184.8,0.0,10184.8,10233.8,49.0,26590,0
baseline,result_500.json,FG-DSCR,c040,default,edge-4,98,10233.8,0.0,10233.8,10282.8,49.0,26590,0
baseline,result_500.json,FG-DSCR,c190,default,edge-4,99,10282.8,0.0,10282.8,10331.8,49.0,26590,0
baseline,result_500.json,FG-DSCR,c370,default,edge-4,100,10331.8,0.0,10331.8,10380.8,49.0,26590,0
baseline,result_500.json,FG-DSCR,c280,default,edge-4,101,10380.8,0.0,10380.8,10429.8,49.0,26590,0
baseline,result_500.json,FG-DSCR,c100,default,edge-4,102,10429.8,0.0,10429.8,10478.8,49.0,26590,0
baseline,result_500.json,FG-DSCR,c076,default,edge-6,1,0.0,448.0,448.0,479.0,31.0,0,4480
baseline,result_500.json,FG-DSCR,c226,default,edge-6,2,479.0,0.0,479.0,510.0,31.0,4480,0
baseline,result_500.json,FG-DSCR,c016,default,edge-6,3,510.0,0.0,510.0,541.0,31.0,4480,0
baseline,result_500.json,FG-DSCR,c406,default,edge-6,4,541.0,0.0,541.0,572.0,31.0,4480,0
baseline,result_500.json,FG-DSCR,c376,default,edge-6,5,572.0,0.0,572.0,603.0,31.0,4480,0
baseline,result_500.json,FG-DSCR,c166,default,edge-6,6,603.0,0.0,603.0,634.0,31.0,4480,0
baseline,result_500.json,FG-DSCR,c196,default,edge-6,7,634.0,0.0,634.0,665.0,31.0,4480,0
baseline,result_500.json,FG-DSCR,c106,default,edge-6,8,665.0,0.0,665.0,696.0,31.0,4480,0
baseline,result_500.json,FG-DSCR,c346,default,edge-6,9,696.0,0.0,696.0,727.0,31.0,4480,0
baseline,result_500.json,FG-DSCR,c436,default,edge-6,10,727.0,0.0,727.0,758.0,31.0,4480,0
baseline,result_500.json,FG-DSCR,c466,default,edge-6,11,758.0,0.0,758.0,789.0,31.0,4480,0
baseline,result_500.json,FG-DSCR,c496,default,edge-6,12,789.0,0.0,789.0,820.0,31.0,4480,0
baseline,result_500.json,FG-DSCR,c136,default,edge-6,13,820.0,0.0,820.0,851.0,31.0,4480,0
baseline,result_500.json,FG-DSCR,c046,default,edge-6,14,851.0,0.0,851.0,882.0,31.0,4480,0
baseline,result_500.json,FG-DSCR,c286,default,edge-6,15,882.0,0.0,882.0,913.0,31.0,4480,0
baseline,result_500.json,FG-DSCR,c256,default,edge-6,16,913.0,0.0,913.0,944.0,31.0,4480,0
baseline,result_500.json,FG-DSCR,c316,default,edge-6,17,944.0,0.0,944.0,975.0,31.0,4480,0
baseline,result_500.json,FG-DSCR,c017,default,edge-6,18,975.0,180.0,1155.0,1177.0,22.0,4472,1800
baseline,result_500.json,FG-DSCR,c377,default,edge-6,19,1177.0,0.0,1177.0,1199.0,22.0,6272,0
baseline,result_500.json,FG-DSCR,c497,default,edge-6,20,1199.0,0.0,1199.0,1221.0,22.0,6272,0
baseline,result_500.json,FG-DSCR,c467,default,edge-6,21,1221.0,0.0,1221.0,1243.0,22.0,6272,0
baseline,result_500.json,FG-DSCR,c257,default,edge-6,22,1243.0,0.0,1243.0,1265.0,22.0,6272,0
baseline,result_500.json,FG-DSCR,c347,default,edge-6,23,1265.0,0.0,1265.0,1287.0,22.0,6272,0
baseline,result_500.json,FG-DSCR,c227,default,edge-6,24,1287.0,0.0,1287.0,1309.0,22.0,6272,0
baseline,result_500.json,FG-DSCR,c167,default,edge-6,25,1309.0,0.0,1309.0,1331.0,22.0,6272,0
baseline,result_500.json,FG-DSCR,c107,default,edge-6,26,1331.0,0.0,1331.0,1353.0,22.0,6272,0
baseline,result_500.json,FG-DSCR,c287,default,edge-6,27,1353.0,0.0,1353.0,1375.0,22.0,6272,0
baseline,result_500.json,FG-DSCR,c407,default,edge-6,28,1375.0,0.0,1375.0,1397.0,22.0,6272,0
baseline,result_500.json,FG-DSCR,c197,default,edge-6,29,1397.0,0.0,1397.0,1419.0,22.0,6272,0
baseline,result_500.json,FG-DSCR,c137,default,edge-6,30,1419.0,0.0,1419.0,1441.0,22.0,6272,0
baseline,result_500.json,FG-DSCR,c317,default,edge-6,31,1441.0,0.0,1441.0,1463.0,22.0,6272,0
baseline,result_500.json,FG-DSCR,c077,default,edge-6,32,1463.0,0.0,1463.0,1485.0,22.0,6272,0
baseline,result_500.json,FG-DSCR,c047,default,edge-6,33,1485.0,0.0,1485.0,1507.0,22.0,6272,0
baseline,result_500.json,FG-DSCR,c437,default,edge-6,34,1507.0,0.0,1507.0,1529.0,22.0,6272,0
baseline,result_500.json,FG-DSCR,c163,default,edge-6,35,1529.0,0.4,1529.4,1551.4,22.0,5628,4
baseline,result_500.json,FG-DSCR,c373,default,edge-6,36,1551.4,0.0,1551.4,1573.4,22.0,5632,0
baseline,result_500.json,FG-DSCR,c193,default,edge-6,37,1573.4,0.0,1573.4,1595.4,22.0,5632,0
baseline,result_500.json,FG-DSCR,c103,default,edge-6,38,1595.4,0.0,1595.4,1617.4,22.0,5632,0
baseline,result_500.json,FG-DSCR,c283,default,edge-6,39,1617.4,0.0,1617.4,1639.4,22.0,5632,0
baseline,result_500.json,FG-DSCR,c343,default,edge-6,40,1639.4,0.0,1639.4,1661.4,22.0,5632,0
baseline,result_500.json,FG-DSCR,c463,default,edge-6,41,1661.4,0.0,1661.4,1683.4,22.0,5632,0
baseline,result_500.json,FG-DSCR,c133,default,edge-6,42,1683.4,0.0,1683.4,1705.4,22.0,5632,0
baseline,result_500.json,FG-DSCR,c043,default,edge-6,43,1705.4,0.0,1705.4,1727.4,22.0,5632,0
baseline,result_500.json,FG-DSCR,c073,default,edge-6,44,1727.4,0.0,1727.4,1749.4,22.0,5632,0
baseline,result_500.json,FG-DSCR,c313,default,edge-6,45,1749.4,0.0,1749.4,1771.4,22.0,5632,0
baseline,result_500.json,FG-DSCR,c493,default,edge-6,46,1771.4,0.0,1771.4,1793.4,22.0,5632,0
baseline,result_500.json,FG-DSCR,c223,default,edge-6,47,1793.4,0.0,1793.4,1815.4,22.0,5632,0
baseline,result_500.json,FG-DSCR,c253,default,edge-6,48,1815.4,0.0,1815.4,1837.4,22.0,5632,0
baseline,result_500.json,FG-DSCR,c013,default,edge-6,49,1837.4,0.0,1837.4,1859.4,22.0,5632,0
baseline,result_500.json,FG-DSCR,c403,default,edge-6,50,1859.4,0.0,1859.4,1881.4,22.0,5632,0
baseline,result_500.json,FG-DSCR,c433,default,edge-6,51,1881.4,0.0,1881.4,1903.4,22.0,5632,0
baseline,result_500.json,FG-DSCR,c195,default,edge-6,52,1903.4,810.0,2713.4,2741.4,28.0,4474,8100
baseline,result_500.json,FG-DSCR,c495,default,edge-6,53,2741.4,0.0,2741.4,2769.4,28.0,12574,0
baseline,result_500.json,FG-DSCR,c285,default,edge-6,54,2769.4,0.0,2769.4,2797.4,28.0,12574,0
baseline,result_500.json,FG-DSCR,c315,default,edge-6,55,2797.4,0.0,2797.4,2825.4,28.0,12574,0
baseline,result_500.json,FG-DSCR,c375,default,edge-6,56,2825.4,0.0,2825.4,2853.4,28.0,12574,0
baseline,result_500.json,FG-DSCR,c345,default,edge-6,57,2853.4,0.0,2853.4,2881.4,28.0,12574,0
baseline,result_500.json,FG-DSCR,c225,default,edge-6,58,2881.4,0.0,2881.4,2909.4,28.0,12574,0
baseline,result_500.json,FG-DSCR,c465,default,edge-6,59,2909.4,0.0,2909.4,2937.4,28.0,12574,0
baseline,result_500.json,FG-DSCR,c075,default,edge-6,60,2937.4,0.0,2937.4,2965.4,28.0,12574,0
baseline,result_500.json,FG-DSCR,c255,default,edge-6,61,2965.4,0.0,2965.4,2993.4,28.0,12574,0
baseline,result_500.json,FG-DSCR,c405,default,edge-6,62,2993.4,0.0,2993.4,3021.4,28.0,12574,0
baseline,result_500.json,FG-DSCR,c135,default,edge-6,63,3021.4,0.0,3021.4,3049.4,28.0,12574,0
baseline,result_500.json,FG-DSCR,c435,default,edge-6,64,3049.4,0.0,3049.4,3077.4,28.0,12574,0
baseline,result_500.json,FG-DSCR,c165,default,edge-6,65,3077.4,0.0,3077.4,3105.4,28.0,12574,0
baseline,result_500.json,FG-DSCR,c015,default,edge-6,66,3105.4,0.0,3105.4,3133.4,28.0,12574,0
baseline,result_500.json,FG-DSCR,c045,default,edge-6,67,3133.4,0.0,3133.4,3161.4,28.0,12574,0
baseline,result_500.json,FG-DSCR,c105,default,edge-6,68,3161.4,0.0,3161.4,3189.4,28.0,12574,0
baseline,result_500.json,FG-DSCR,c074,default,edge-6,69,3189.4,832.0,4021.4,4046.4,25.0,11920,8320
baseline,result_500.json,FG-DSCR,c044,default,edge-6,70,4046.4,0.0,4046.4,4071.4,25.0,20240,0
baseline,result_500.json,FG-DSCR,c494,default,edge-6,71,4071.4,0.0,4071.4,4096.4,25.0,20240,0
baseline,result_500.json,FG-DSCR,c284,default,edge-6,72,4096.4,0.0,4096.4,4121.4,25.0,20240,0
baseline,result_500.json,FG-DSCR,c254,default,edge-6,73,4121.4,0.0,4121.4,4146.4,25.0,20240,0
baseline,result_500.json,FG-DSCR,c434,default,edge-6,74,4146.4,0.0,4146.4,4171.4,25.0,20240,0
baseline,result_500.json,FG-DSCR,c224,default,edge-6,75,4171.4,0.0,4171.4,4196.4,25.0,20240,0
baseline,result_500.json,FG-DSCR,c194,default,edge-6,76,4196.4,0.0,4196.4,4221.4,25.0,20240,0
baseline,result_500.json,FG-DSCR,c374,default,edge-6,77,4221.4,0.0,4221.4,4246.4,25.0,20240,0
baseline,result_500.json,FG-DSCR,c344,default,edge-6,78,4246.4,0.0,4246.4,4271.4,25.0,20240,0
baseline,result_500.json,FG-DSCR,c464,default,edge-6,79,4271.4,0.0,4271.4,4296.4,25.0,20240,0
baseline,result_500.json,FG-DSCR,c134,default,edge-6,80,4296.4,0.0,4296.4,4321.4,25.0,20240,0
baseline,result_500.json,FG-DSCR,c164,default,edge-6,81,4321.4,0.0,4321.4,4346.4,25.0,20240,0
baseline,result_500.json,FG-DSCR,c014,default,edge-6,82,4346.4,0.0,4346.4,4371.4,25.0,20240,0
baseline,result_500.json,FG-DSCR,c314,default,edge-6,83,4371.4,0.0,4371.4,4396.4,25.0,20240,0
baseline,result_500.json,FG-DSCR,c104,default,edge-6,84,4396.4,0.0,4396.4,4421.4,25.0,20240,0
baseline,result_500.json,FG-DSCR,c404,default,edge-6,85,4421.4,0.0,4421.4,4446.4,25.0,20240,0
baseline,result_500.json,FG-DSCR,c078,default,edge-6,86,4446.4,0.0,4446.4,4471.4,25.0,4552,0
baseline,result_500.json,FG-DSCR,c198,default,edge-6,87,4471.4,0.0,4471.4,4496.4,25.0,4552,0
baseline,result_500.json,FG-DSCR,c408,default,edge-6,88,4496.4,0.0,4496.4,4521.4,25.0,4552,0
baseline,result_500.json,FG-DSCR,c468,default,edge-6,89,4521.4,0.0,4521.4,4546.4,25.0,4552,0
baseline,result_500.json,FG-DSCR,c438,default,edge-6,90,4546.4,0.0,4546.4,4571.4,25.0,4552,0
baseline,result_500.json,FG-DSCR,c228,default,edge-6,91,4571.4,0.0,4571.4,4596.4,25.0,4552,0
baseline,result_500.json,FG-DSCR,c108,default,edge-6,92,4596.4,0.0,4596.4,4621.4,25.0,4552,0
baseline,result_500.json,FG-DSCR,c168,default,edge-6,93,4621.4,0.0,4621.4,4646.4,25.0,4552,0
baseline,result_500.json,FG-DSCR,c018,default,edge-6,94,4646.4,0.0,4646.4,4671.4,25.0,4552,0
baseline,result_500.json,FG-DSCR,c288,default,edge-6,95,4671.4,0.0,4671.4,4696.4,25.0,4552,0
baseline,result_500.json,FG-DSCR,c348,default,edge-6,96,4696.4,0.0,4696.4,4721.4,25.0,4552,0
baseline,result_500.json,FG-DSCR,c048,default,edge-6,97,4721.4,0.0,4721.4,4746.4,25.0,4552,0
baseline,result_500.json,FG-DSCR,c498,default,edge-6,98,4746.4,0.0,4746.4,4771.4,25.0,4552,0
baseline,result_500.json,FG-DSCR,c378,default,edge-6,99,4771.4,0.0,4771.4,4796.4,25.0,4552,0
baseline,result_500.json,FG-DSCR,c258,default,edge-6,100,4796.4,0.0,4796.4,4821.4,25.0,4552,0
baseline,result_500.json,FG-DSCR,c138,default,edge-6,101,4821.4,0.0,4821.4,4846.4,25.0,4552,0
baseline,result_500.json,FG-DSCR,c318,default,edge-6,102,4846.4,0.0,4846.4,4871.4,25.0,4552,0
baseline,result_500.json,FG-DSCR,c115,default,edge-7,1,0.0,634.2,634.2,652.2,18.0,0,6342
baseline,result_500.json,FG-DSCR,c055,default,edge-7,2,652.2,0.0,652.2,670.2,18.0,6342,0
baseline,result_500.json,FG-DSCR,c415,default,edge-7,3,670.2,0.0,670.2,688.2,18.0,6342,0
baseline,result_500.json,FG-DSCR,c025,default,edge-7,4,688.2,0.0,688.2,706.2,18.0,6342,0
baseline,result_500.json,FG-DSCR,c085,default,edge-7,5,706.2,0.0,706.2,724.2,18.0,6342,0
baseline,result_500.json,FG-DSCR,c295,default,edge-7,6,724.2,0.0,724.2,742.2,18.0,6342,0
baseline,result_500.json,FG-DSCR,c385,default,edge-7,7,742.2,0.0,742.2,760.2,18.0,6342,0
baseline,result_500.json,FG-DSCR,c325,default,edge-7,8,760.2,0.0,760.2,778.2,18.0,6342,0
baseline,result_500.json,FG-DSCR,c445,default,edge-7,9,778.2,0.0,778.2,796.2,18.0,6342,0
baseline,result_500.json,FG-DSCR,c475,default,edge-7,10,796.2,0.0,796.2,814.2,18.0,6342,0
baseline,result_500.json,FG-DSCR,c145,default,edge-7,11,814.2,0.0,814.2,832.2,18.0,6342,0
baseline,result_500.json,FG-DSCR,c235,default,edge-7,12,832.2,0.0,832.2,850.2,18.0,6342,0
baseline,result_500.json,FG-DSCR,c265,default,edge-7,13,850.2,0.0,850.2,868.2,18.0,6342,0
baseline,result_500.json,FG-DSCR,c205,default,edge-7,14,868.2,0.0,868.2,886.2,18.0,6342,0
baseline,result_500.json,FG-DSCR,c355,default,edge-7,15,886.2,0.0,886.2,904.2,18.0,6342,0
baseline,result_500.json,FG-DSCR,c175,default,edge-7,16,904.2,0.0,904.2,922.2,18.0,6342,0
baseline,result_500.json,FG-DSCR,c057,default,edge-7,17,922.2,65.0,987.2,1011.2,24.0,6340,650
baseline,result_500.json,FG-DSCR,c237,default,edge-7,18,1011.2,0.0,1011.2,1035.2,24.0,6990,0
baseline,result_500.json,FG-DSCR,c267,default,edge-7,19,1035.2,0.0,1035.2,1059.2,24.0,6990,0
baseline,result_500.json,FG-DSCR,c207,default,edge-7,20,1059.2,0.0,1059.2,1083.2,24.0,6990,0
baseline,result_500.json,FG-DSCR,c387,default,edge-7,21,1083.2,0.0,1083.2,1107.2,24.0,6990,0
baseline,result_500.json,FG-DSCR,c147,default,edge-7,22,1107.2,0.0,1107.2,1131.2,24.0,6990,0
baseline,result_500.json,FG-DSCR,c327,default,edge-7,23,1131.2,0.0,1131.2,1155.2,24.0,6990,0
baseline,result_500.json,FG-DSCR,c357,default,edge-7,24,1155.2,0.0,1155.2,1179.2,24.0,6990,0
baseline,result_500.json,FG-DSCR,c417,default,edge-7,25,1179.2,0.0,1179.2,1203.2,24.0,6990,0
baseline,result_500.json,FG-DSCR,c177,default,edge-7,26,1203.2,0.0,1203.2,1227.2,24.0,6990,0
baseline,result_500.json,FG-DSCR,c477,default,edge-7,27,1227.2,0.0,1227.2,1251.2,24.0,6990,0
baseline,result_500.json,FG-DSCR,c297,default,edge-7,28,1251.2,0.0,1251.2,1275.2,24.0,6990,0
baseline,result_500.json,FG-DSCR,c027,default,edge-7,29,1275.2,0.0,1275.2,1299.2,24.0,6990,0
baseline,result_500.json,FG-DSCR,c117,default,edge-7,30,1299.2,0.0,1299.2,1323.2,24.0,6990,0
baseline,result_500.json,FG-DSCR,c447,default,edge-7,31,1323.2,0.0,1323.2,1347.2,24.0,6990,0
baseline,result_500.json,FG-DSCR,c087,default,edge-7,32,1347.2,0.0,1347.2,1371.2,24.0,6990,0
baseline,result_500.json,FG-DSCR,c268,default,edge-7,33,1371.2,72.1,1443.3,1470.3,27.0,4540,721
baseline,result_500.json,FG-DSCR,c178,default,edge-7,34,1470.3,0.0,1470.3,1497.3,27.0,5261,0
baseline,result_500.json,FG-DSCR,c328,default,edge-7,35,1497.3,0.0,1497.3,1524.3,27.0,5261,0
baseline,result_500.json,FG-DSCR,c358,default,edge-7,36,1524.3,0.0,1524.3,1551.3,27.0,5261,0
baseline,result_500.json,FG-DSCR,c208,default,edge-7,37,1551.3,0.0,1551.3,1578.3,27.0,5261,0
baseline,result_500.json,FG-DSCR,c058,default,edge-7,38,1578.3,0.0,1578.3,1605.3,27.0,5261,0
baseline,result_500.json,FG-DSCR,c148,default,edge-7,39,1605.3,0.0,1605.3,1632.3,27.0,5261,0
baseline,result_500.json,FG-DSCR,c356,default,edge-7,40,1632.3,195.0,1827.3,1848.3,21.0,5960,1950
baseline,result_500.json,FG-DSCR,c326,default,edge-7,41,1848.3,0.0,1848.3,1869.3,21.0,7910,0
baseline,result_500.json,FG-DSCR,c446,default,edge-7,42,1869.3,0.0,1869.3,1890.3,21.0,7910,0
baseline,result_500.json,FG-DSCR,c026,default,edge-7,43,1890.3,0.0,1890.3,1911.3,21.0,7910,0
baseline,result_500.json,FG-DSCR,c266,default,edge-7,44,1911.3,0.0,1911.3,1932.3,21.0,7910,0
baseline,result_500.json,FG-DSCR,c386,default,edge-7,45,1932.3,0.0,1932.3,1953.3,21.0,7910,0
baseline,result_500.json,FG-DSCR,c296,default,edge-7,46,1953.3,0.0,1953.3,1974.3,21.0,7910,0
baseline,result_500.json,FG-DSCR,c416,default,edge-7,47,1974.3,0.0,1974.3,1995.3,21.0,7910,0
baseline,result_500.json,FG-DSCR,c176,default,edge-7,48,1995.3,0.0,1995.3,2016.3,21.0,7910,0
baseline,result_500.json,FG-DSCR,c146,default,edge-7,49,2016.3,0.0,2016.3,2037.3,21.0,7910,0
baseline,result_500.json,FG-DSCR,c056,default,edge-7,50,2037.3,0.0,2037.3,2058.3,21.0,7910,0
baseline,result_500.json,FG-DSCR,c086,default,edge-7,51,2058.3,0.0,2058.3,2079.3,21.0,7910,0
baseline,result_500.json,FG-DSCR,c236,default,edge-7,52,2079.3,0.0,2079.3,2100.3,21.0,7910,0
baseline,result_500.json,FG-DSCR,c116,default,edge-7,53,2100.3,0.0,2100.3,2121.3,21.0,7910,0
baseline,result_500.json,FG-DSCR,c476,default,edge-7,54,2121.3,0.0,2121.3,2142.3,21.0,7910,0
baseline,result_500.json,FG-DSCR,c206,default,edge-7,55,2142.3,0.0,2142.3,2163.3,21.0,7910,0
baseline,result_500.json,FG-DSCR,c238,default,edge-7,56,2163.3,0.0,2163.3,2190.3,27.0,5261,0
baseline,result_500.json,FG-DSCR,c448,default,edge-7,57,2190.3,0.0,2190.3,2217.3,27.0,5261,0
baseline,result_500.json,FG-DSCR,c418,default,edge-7,58,2217.3,0.0,2217.3,2244.3,27.0,5261,0
baseline,result_500.json,FG-DSCR,c478,default,edge-7,59,2244.3,0.0,2244.3,2271.3,27.0,5261,0
baseline,result_500.json,FG-DSCR,c118,default,edge-7,60,2271.3,0.0,2271.3,2298.3,27.0,5261,0
baseline,result_500.json,FG-DSCR,c298,default,edge-7,61,2298.3,0.0,2298.3,2325.3,27.0,5261,0
baseline,result_500.json,FG-DSCR,c028,default,edge-7,62,2325.3,0.0,2325.3,2352.3,27.0,5261,0
baseline,result_500.json,FG-DSCR,c088,default,edge-7,63,2352.3,0.0,2352.3,2379.3,27.0,5261,0
baseline,result_500.json,FG-DSCR,c388,default,edge-7,64,2379.3,0.0,2379.3,2406.3,27.0,5261,0
baseline,result_500.json,FG-DSCR,c060,default,edge-7,65,2406.3,165.0,2571.3,2592.3,21.0,6110,1650
baseline,result_500.json,FG-DSCR,c300,default,edge-7,66,2592.3,0.0,2592.3,2613.3,21.0,7760,0
baseline,result_500.json,FG-DSCR,c360,default,edge-7,67,2613.3,0.0,2613.3,2634.3,21.0,7760,0
baseline,result_500.json,FG-DSCR,c450,default,edge-7,68,2634.3,0.0,2634.3,2655.3,21.0,7760,0
baseline,result_500.json,FG-DSCR,c330,default,edge-7,69,2655.3,0.0,2655.3,2676.3,21.0,7760,0
baseline,result_500.json,FG-DSCR,c180,default,edge-7,70,2676.3,0.0,2676.3,2697.3,21.0,7760,0
baseline,result_500.json,FG-DSCR,c480,default,edge-7,71,2697.3,0.0,2697.3,2718.3,21.0,7760,0
baseline,result_500.json,FG-DSCR,c270,default,edge-7,72,2718.3,0.0,2718.3,2739.3,21.0,7760,0
baseline,result_500.json,FG-DSCR,c420,default,edge-7,73,2739.3,0.0,2739.3,2760.3,21.0,7760,0
baseline,result_500.json,FG-DSCR,c390,default,edge-7,74,2760.3,0.0,2760.3,2781.3,21.0,7760,0
baseline,result_500.json,FG-DSCR,c120,default,edge-7,75,2781.3,0.0,2781.3,2802.3,21.0,7760,0
baseline,result_500.json,FG-DSCR,c030,default,edge-7,76,2802.3,0.0,2802.3,2823.3,21.0,7760,0
baseline,result_500.json,FG-DSCR,c210,default,edge-7,77,2823.3,0.0,2823.3,2844.3,21.0,7760,0
baseline,result_500.json,FG-DSCR,c090,default,edge-7,78,2844.3,0.0,2844.3,2865.3,21.0,7760,0
baseline,result_500.json,FG-DSCR,c150,default,edge-7,79,2865.3,0.0,2865.3,2886.3,21.0,7760,0
baseline,result_500.json,FG-DSCR,c240,default,edge-7,80,2886.3,0.0,2886.3,2907.3,21.0,7760,0
baseline,result_500.json,FG-DSCR,c029,default,edge-7,81,2907.3,0.0,2907.3,2925.3,18.0,4543,0
baseline,result_500.json,FG-DSCR,c359,default,edge-7,82,2925.3,0.0,2925.3,2943.3,18.0,4543,0
baseline,result_500.json,FG-DSCR,c299,default,edge-7,83,2943.3,0.0,2943.3,2961.3,18.0,4543,0
baseline,result_500.json,FG-DSCR,c419,default,edge-7,84,2961.3,0.0,2961.3,2979.3,18.0,4543,0
baseline,result_500.json,FG-DSCR,c059,default,edge-7,85,2979.3,0.0,2979.3,2997.3,18.0,4543,0
baseline,result_500.json,FG-DSCR,c479,default,edge-7,86,2997.3,0.0,2997.3,3015.3,18.0,4543,0
baseline,result_500.json,FG-DSCR,c389,default,edge-7,87,3015.3,0.0,3015.3,3033.3,18.0,4543,0
baseline,result_500.json,FG-DSCR,c149,default,edge-7,88,3033.3,0.0,3033.3,3051.3,18.0,4543,0
baseline,result_500.json,FG-DSCR,c209,default,edge-7,89,3051.3,0.0,3051.3,3069.3,18.0,4543,0
baseline,result_500.json,FG-DSCR,c179,default,edge-7,90,3069.3,0.0,3069.3,3087.3,18.0,4543,0
baseline,result_500.json,FG-DSCR,c119,default,edge-7,91,3087.3,0.0,3087.3,3105.3,18.0,4543,0
baseline,result_500.json,FG-DSCR,c449,default,edge-7,92,3105.3,0.0,3105.3,3123.3,18.0,4543,0
baseline,result_500.json,FG-DSCR,c239,default,edge-7,93,3123.3,0.0,3123.3,3141.3,18.0,4543,0
baseline,result_500.json,FG-DSCR,c329,default,edge-7,94,3141.3,0.0,3141.3,3159.3,18.0,4543,0
baseline,result_500.json,FG-DSCR,c089,default,edge-7,95,3159.3,0.0,3159.3,3177.3,18.0,4543,0
baseline,result_500.json,FG-DSCR,c269,default,edge-7,96,3177.3,0.0,3177.3,3195.3,18.0,4543,0
baseline,result_500.json,FG-DSCR,c155,default,edge-8,1,0.0,702.4,702.4,728.4,26.0,0,7024
baseline,result_500.json,FG-DSCR,c425,default,edge-8,2,728.4,0.0,728.4,754.4,26.0,7024,0
baseline,result_500.json,FG-DSCR,c125,default,edge-8,3,754.4,0.0,754.4,780.4,26.0,7024,0
baseline,result_500.json,FG-DSCR,c215,default,edge-8,4,780.4,0.0,780.4,806.4,26.0,7024,0
baseline,result_500.json,FG-DSCR,c455,default,edge-8,5,806.4,0.0,806.4,832.4,26.0,7024,0
baseline,result_500.json,FG-DSCR,c335,default,edge-8,6,832.4,0.0,832.4,858.4,26.0,7024,0
baseline,result_500.json,FG-DSCR,c065,default,edge-8,7,858.4,0.0,858.4,884.4,26.0,7024,0
baseline,result_500.json,FG-DSCR,c395,default,edge-8,8,884.4,0.0,884.4,910.4,26.0,7024,0
baseline,result_500.json,FG-DSCR,c365,default,edge-8,9,910.4,0.0,910.4,936.4,26.0,7024,0
baseline,result_500.json,FG-DSCR,c245,default,edge-8,10,936.4,0.0,936.4,962.4,26.0,7024,0
baseline,result_500.json,FG-DSCR,c035,default,edge-8,11,962.4,0.0,962.4,988.4,26.0,7024,0
baseline,result_500.json,FG-DSCR,c185,default,edge-8,12,988.4,0.0,988.4,1014.4,26.0,7024,0
baseline,result_500.json,FG-DSCR,c095,default,edge-8,13,1014.4,0.0,1014.4,1040.4,26.0,7024,0
baseline,result_500.json,FG-DSCR,c305,default,edge-8,14,1040.4,0.0,1040.4,1066.4,26.0,7024,0
baseline,result_500.json,FG-DSCR,c275,default,edge-8,15,1066.4,0.0,1066.4,1092.4,26.0,7024,0
baseline,result_500.json,FG-DSCR,c005,default,edge-8,16,1092.4,0.0,1092.4,1118.4,26.0,7024,0
baseline,result_500.json,FG-DSCR,c485,default,edge-8,17,1118.4,0.0,1118.4,1144.4,26.0,7024,0
baseline,result_500.json,FG-DSCR,c422,default,edge-8,18,1144.4,165.0,1309.4,1338.4,29.0,5674,1650
baseline,result_500.json,FG-DSCR,c392,default,edge-8,19,1338.4,0.0,1338.4,1367.4,29.0,7324,0
baseline,result_500.json,FG-DSCR,c212,default,edge-8,20,1367.4,0.0,1367.4,1396.4,29.0,7324,0
baseline,result_500.json,FG-DSCR,c362,default,edge-8,21,1396.4,0.0,1396.4,1425.4,29.0,7324,0
baseline,result_500.json,FG-DSCR,c062,default,edge-8,22,1425.4,0.0,1425.4,1454.4,29.0,7324,0
baseline,result_500.json,FG-DSCR,c152,default,edge-8,23,1454.4,0.0,1454.4,1483.4,29.0,7324,0
baseline,result_500.json,FG-DSCR,c122,default,edge-8,24,1483.4,0.0,1483.4,1512.4,29.0,7324,0
baseline,result_500.json,FG-DSCR,c002,default,edge-8,25,1512.4,0.0,1512.4,1541.4,29.0,7324,0
baseline,result_500.json,FG-DSCR,c032,default,edge-8,26,1541.4,0.0,1541.4,1570.4,29.0,7324,0
baseline,result_500.json,FG-DSCR,c452,default,edge-8,27,1570.4,0.0,1570.4,1599.4,29.0,7324,0
baseline,result_500.json,FG-DSCR,c242,default,edge-8,28,1599.4,0.0,1599.4,1628.4,29.0,7324,0
baseline,result_500.json,FG-DSCR,c272,default,edge-8,29,1628.4,0.0,1628.4,1657.4,29.0,7324,0
baseline,result_500.json,FG-DSCR,c302,default,edge-8,30,1657.4,0.0,1657.4,1686.4,29.0,7324,0
baseline,result_500.json,FG-DSCR,c092,default,edge-8,31,1686.4,0.0,1686.4,1715.4,29.0,7324,0
baseline,result_500.json,FG-DSCR,c332,default,edge-8,32,1715.4,0.0,1715.4,1744.4,29.0,7324,0
baseline,result_500.json,FG-DSCR,c482,default,edge-8,33,1744.4,0.0,1744.4,1773.4,29.0,7324,0
baseline,result_500.json,FG-DSCR,c182,default,edge-8,34,1773.4,0.0,1773.4,1802.4,29.0,7324,0
baseline,result_500.json,FG-DSCR,c001,default,edge-8,35,1802.4,135.1,1937.5,1963.5,26.0,5670,1351
baseline,result_500.json,FG-DSCR,c151,default,edge-8,36,1963.5,0.0,1963.5,1989.5,26.0,7021,0
baseline,result_500.json,FG-DSCR,c271,default,edge-8,37,1989.5,0.0,1989.5,2015.5,26.0,7021,0
baseline,result_500.json,FG-DSCR,c091,default,edge-8,38,2015.5,0.0,2015.5,2041.5,26.0,7021,0
baseline,result_500.json,FG-DSCR,c331,default,edge-8,39,2041.5,0.0,2041.5,2067.5,26.0,7021,0
baseline,result_500.json,FG-DSCR,c121,default,edge-8,40,2067.5,0.0,2067.5,2093.5,26.0,7021,0
baseline,result_500.json,FG-DSCR,c061,default,edge-8,41,2093.5,0.0,2093.5,2119.5,26.0,7021,0
baseline,result_500.json,FG-DSCR,c031,default,edge-8,42,2119.5,0.0,2119.5,2145.5,26.0,7021,0
baseline,result_500.json,FG-DSCR,c481,default,edge-8,43,2145.5,0.0,2145.5,2171.5,26.0,7021,0
baseline,result_500.json,FG-DSCR,c391,default,edge-8,44,2171.5,0.0,2171.5,2197.5,26.0,7021,0
baseline,result_500.json,FG-DSCR,c241,default,edge-8,45,2197.5,0.0,2197.5,2223.5,26.0,7021,0
baseline,result_500.json,FG-DSCR,c451,default,edge-8,46,2223.5,0.0,2223.5,2249.5,26.0,7021,0
baseline,result_500.json,FG-DSCR,c211,default,edge-8,47,2249.5,0.0,2249.5,2275.5,26.0,7021,0
baseline,result_500.json,FG-DSCR,c421,default,edge-8,48,2275.5,0.0,2275.5,2301.5,26.0,7021,0
baseline,result_500.json,FG-DSCR,c181,default,edge-8,49,2301.5,0.0,2301.5,2327.5,26.0,7021,0
baseline,result_500.json,FG-DSCR,c301,default,edge-8,50,2327.5,0.0,2327.5,2353.5,26.0,7021,0
baseline,result_500.json,FG-DSCR,c361,default,edge-8,51,2353.5,0.0,2353.5,2379.5,26.0,7021,0
baseline,result_500.json,FG-DSCR,c063,default,edge-8,52,2379.5,110.0,2489.5,2521.5,32.0,5374,1100
baseline,result_500.json,FG-DSCR,c183,default,edge-8,53,2521.5,0.0,2521.5,2553.5,32.0,6474,0
baseline,result_500.json,FG-DSCR,c393,default,edge-8,54,2553.5,0.0,2553.5,2585.5,32.0,6474,0
baseline,result_500.json,FG-DSCR,c123,default,edge-8,55,2585.5,0.0,2585.5,2617.5,32.0,6474,0
baseline,result_500.json,FG-DSCR,c453,default,edge-8,56,2617.5,0.0,2617.5,2649.5,32.0,6474,0
baseline,result_500.json,FG-DSCR,c093,default,edge-8,57,2649.5,0.0,2649.5,2681.5,32.0,6474,0
baseline,result_500.json,FG-DSCR,c363,default,edge-8,58,2681.5,0.0,2681.5,2713.5,32.0,6474,0
baseline,result_500.json,FG-DSCR,c213,default,edge-8,59,2713.5,0.0,2713.5,2745.5,32.0,6474,0
baseline,result_500.json,FG-DSCR,c423,default,edge-8,60,2745.5,0.0,2745.5,2777.5,32.0,6474,0
baseline,result_500.json,FG-DSCR,c243,default,edge-8,61,2777.5,0.0,2777.5,2809.5,32.0,6474,0
baseline,result_500.json,FG-DSCR,c303,default,edge-8,62,2809.5,0.0,2809.5,2841.5,32.0,6474,0
baseline,result_500.json,FG-DSCR,c033,default,edge-8,63,2841.5,0.0,2841.5,2873.5,32.0,6474,0
baseline,result_500.json,FG-DSCR,c333,default,edge-8,64,2873.5,0.0,2873.5,2905.5,32.0,6474,0
baseline,result_500.json,FG-DSCR,c273,default,edge-8,65,2905.5,0.0,2905.5,2937.5,32.0,6474,0
baseline,result_500.json,FG-DSCR,c483,default,edge-8,66,2937.5,0.0,2937.5,2969.5,32.0,6474,0
baseline,result_500.json,FG-DSCR,c153,default,edge-8,67,2969.5,0.0,2969.5,3001.5,32.0,6474,0
baseline,result_500.json,FG-DSCR,c003,default,edge-8,68,3001.5,0.0,3001.5,3033.5,32.0,6474,0
baseline,result_500.json,FG-DSCR,c274,default,edge-8,69,3033.5,165.0,3198.5,3233.5,35.0,5671,1650
baseline,result_500.json,FG-DSCR,c484,default,edge-8,70,3233.5,0.0,3233.5,3268.5,35.0,7321,0
baseline,result_500.json,FG-DSCR,c424,default,edge-8,71,3268.5,0.0,3268.5,3303.5,35.0,7321,0
baseline,result_500.json,FG-DSCR,c154,default,edge-8,72,3303.5,0.0,3303.5,3338.5,35.0,7321,0
baseline,result_500.json,FG-DSCR,c214,default,edge-8,73,3338.5,0.0,3338.5,3373.5,35.0,7321,0
baseline,result_500.json,FG-DSCR,c334,default,edge-8,74,3373.5,0.0,3373.5,3408.5,35.0,7321,0
baseline,result_500.json,FG-DSCR,c124,default,edge-8,75,3408.5,0.0,3408.5,3443.5,35.0,7321,0
baseline,result_500.json,FG-DSCR,c034,default,edge-8,76,3443.5,0.0,3443.5,3478.5,35.0,7321,0
baseline,result_500.json,FG-DSCR,c394,default,edge-8,77,3478.5,0.0,3478.5,3513.5,35.0,7321,0
baseline,result_500.json,FG-DSCR,c004,default,edge-8,78,3513.5,0.0,3513.5,3548.5,35.0,7321,0
baseline,result_500.json,FG-DSCR,c454,default,edge-8,79,3548.5,0.0,3548.5,3583.5,35.0,7321,0
baseline,result_500.json,FG-DSCR,c184,default,edge-8,80,3583.5,0.0,3583.5,3618.5,35.0,7321,0
baseline,result_500.json,FG-DSCR,c094,default,edge-8,81,3618.5,0.0,3618.5,3653.5,35.0,7321,0
baseline,result_500.json,FG-DSCR,c364,default,edge-8,82,3653.5,0.0,3653.5,3688.5,35.0,7321,0
baseline,result_500.json,FG-DSCR,c244,default,edge-8,83,3688.5,0.0,3688.5,3723.5,35.0,7321,0
baseline,result_500.json,FG-DSCR,c064,default,edge-8,84,3723.5,0.0,3723.5,3758.5,35.0,7321,0
baseline,result_500.json,FG-DSCR,c304,default,edge-8,85,3758.5,0.0,3758.5,3793.5,35.0,7321,0
baseline,result_500.json,FG-DSCR,c096,default,edge-8,86,3793.5,180.0,3973.5,4002.5,29.0,5671,1800
baseline,result_500.json,FG-DSCR,c366,default,edge-8,87,4002.5,0.0,4002.5,4031.5,29.0,7471,0
baseline,result_500.json,FG-DSCR,c186,default,edge-8,88,4031.5,0.0,4031.5,4060.5,29.0,7471,0
baseline,result_500.json,FG-DSCR,c066,default,edge-8,89,4060.5,0.0,4060.5,4089.5,29.0,7471,0
baseline,result_500.json,FG-DSCR,c396,default,edge-8,90,4089.5,0.0,4089.5,4118.5,29.0,7471,0
baseline,result_500.json,FG-DSCR,c216,default,edge-8,91,4118.5,0.0,4118.5,4147.5,29.0,7471,0
baseline,result_500.json,FG-DSCR,c306,default,edge-8,92,4147.5,0.0,4147.5,4176.5,29.0,7471,0
baseline,result_500.json,FG-DSCR,c486,default,edge-8,93,4176.5,0.0,4176.5,4205.5,29.0,7471,0
baseline,result_500.json,FG-DSCR,c156,default,edge-8,94,4205.5,0.0,4205.5,4234.5,29.0,7471,0
baseline,result_500.json,FG-DSCR,c276,default,edge-8,95,4234.5,0.0,4234.5,4263.5,29.0,7471,0
baseline,result_500.json,FG-DSCR,c336,default,edge-8,96,4263.5,0.0,4263.5,4292.5,29.0,7471,0
baseline,result_500.json,FG-DSCR,c006,default,edge-8,97,4292.5,0.0,4292.5,4321.5,29.0,7471,0
baseline,result_500.json,FG-DSCR,c456,default,edge-8,98,4321.5,0.0,4321.5,4350.5,29.0,7471,0
baseline,result_500.json,FG-DSCR,c036,default,edge-8,99,4350.5,0.0,4350.5,4379.5,29.0,7471,0
baseline,result_500.json,FG-DSCR,c426,default,edge-8,100,4379.5,0.0,4379.5,4408.5,29.0,7471,0
baseline,result_500.json,FG-DSCR,c246,default,edge-8,101,4408.5,0.0,4408.5,4437.5,29.0,7471,0
baseline,result_500.json,FG-DSCR,c126,default,edge-8,102,4437.5,0.0,4437.5,4466.5,29.0,7471,0
light,result_500_light.json,FG-DSCR,c095,default,edge-2,1,0.0,1404.8,1404.8,1430.8,26.0,0,7024
light,result_500_light.json,FG-DSCR,c185,default,edge-2,2,1430.8,0.0,1430.8,1456.8,26.0,7024,0
light,result_500_light.json,FG-DSCR,c305,default,edge-2,3,1456.8,0.0,1456.8,1482.8,26.0,7024,0
light,result_500_light.json,FG-DSCR,c335,default,edge-2,4,1482.8,0.0,1482.8,1508.8,26.0,7024,0
light,result_500_light.json,FG-DSCR,c035,default,edge-2,5,1508.8,0.0,1508.8,1534.8,26.0,7024,0
light,result_500_light.json,FG-DSCR,c365,default,edge-2,6,1534.8,0.0,1534.8,1560.8,26.0,7024,0
light,result_500_light.json,FG-DSCR,c215,default,edge-2,7,1560.8,0.0,1560.8,1586.8,26.0,7024,0
light,result_500_light.json,FG-DSCR,c155,default,edge-2,8,1586.8,0.0,1586.8,1612.8,26.0,7024,0
light,result_500_light.json,FG-DSCR,c065,default,edge-2,9,1612.8,0.0,1612.8,1638.8,26.0,7024,0
light,result_500_light.json,FG-DSCR,c275,default,edge-2,10,1638.8,0.0,1638.8,1664.8,26.0,7024,0
light,result_500_light.json,FG-DSCR,c485,default,edge-2,11,1664.8,0.0,1664.8,1690.8,26.0,7024,0
light,result_500_light.json,FG-DSCR,c455,default,edge-2,12,1690.8,0.0,1690.8,1716.8,26.0,7024,0
light,result_500_light.json,FG-DSCR,c395,default,edge-2,13,1716.8,0.0,1716.8,1742.8,26.0,7024,0
light,result_500_light.json,FG-DSCR,c245,default,edge-2,14,1742.8,0.0,1742.8,1768.8,26.0,7024,0
light,result_500_light.json,FG-DSCR,c005,default,edge-2,15,1768.8,0.0,1768.8,1794.8,26.0,7024,0
light,result_500_light.json,FG-DSCR,c125,default,edge-2,16,1794.8,0.0,1794.8,1820.8,26.0,7024,0
light,result_500_light.json,FG-DSCR,c425,default,edge-2,17,1820.8,0.0,1820.8,1846.8,26.0,7024,0
light,result_500_light.json,FG-DSCR,c182,default,edge-2,18,1846.8,330.0,2176.8,2205.8,29.0,5674,1650
light,result_500_light.json,FG-DSCR,c032,default,edge-2,19,2205.8,0.0,2205.8,2234.8,29.0,7324,0
light,result_500_light.json,FG-DSCR,c062,default,edge-2,20,2234.8,0.0,2234.8,2263.8,29.0,7324,0
light,result_500_light.json,FG-DSCR,c122,default,edge-2,21,2263.8,0.0,2263.8,2292.8,29.0,7324,0
light,result_500_light.json,FG-DSCR,c002,default,edge-2,22,2292.8,0.0,2292.8,2321.8,29.0,7324,0
light,result_500_light.json,FG-DSCR,c422,default,edge-2,23,2321.8,0.0,2321.8,2350.8,29.0,7324,0
light,result_500_light.json,FG-DSCR,c332,default,edge-2,24,2350.8,0.0,2350.8,2379.8,29.0,7324,0
light,result_500_light.json,FG-DSCR,c272,default,edge-2,25,2379.8,0.0,2379.8,2408.8,29.0,7324,0
light,result_500_light.json,FG-DSCR,c452,default,edge-2,26,2408.8,0.0,2408.8,2437.8,29.0,7324,0
light,result_500_light.json,FG-DSCR,c392,default,edge-2,27,2437.8,0.0,2437.8,2466.8,29.0,7324,0
light,result_500_light.json,FG-DSCR,c302,default,edge-2,28,2466.8,0.0,2466.8,2495.8,29.0,7324,0
light,result_500_light.json,FG-DSCR,c482,default,edge-2,29,2495.8,0.0,2495.8,2524.8,29.0,7324,0
light,result_500_light.json,FG-DSCR,c242,default,edge-2,30,2524.8,0.0,2524.8,2553.8,29.0,7324,0
light,result_500_light.json,FG-DSCR,c092,default,edge-2,31,2553.8,0.0,2553.8,2582.8,29.0,7324,0
light,result_500_light.json,FG-DSCR,c152,default,edge-2,32,2582.8,0.0,2582.8,2611.8,29.0,7324,0
light,result_500_light.json,FG-DSCR,c212,default,edge-2,33,2611.8,0.0,2611.8,2640.8,29.0,7324,0
light,result_500_light.json,FG-DSCR,c362,default,edge-2,34,2640.8,0.0,2640.8,2669.8,29.0,7324,0
light,result_500_light.json,FG-DSCR,c063,default,edge-2,35,2669.8,220.0,2889.8,2921.8,32.0,5374,1100
light,result_500_light.json,FG-DSCR,c243,default,edge-2,36,2921.8,0.0,2921.8,2953.8,32.0,6474,0
light,result_500_light.json,FG-DSCR,c393,default,edge-2,37,2953.8,0.0,2953.8,2985.8,32.0,6474,0
light,result_500_light.json,FG-DSCR,c303,default,edge-2,38,2985.8,0.0,2985.8,3017.8,32.0,6474,0
light,result_500_light.json,FG-DSCR,c183,default,edge-2,39,3017.8,0.0,3017.8,3049.8,32.0,6474,0
light,result_500_light.json,FG-DSCR,c123,default,edge-2,40,3049.8,0.0,3049.8,3081.8,32.0,6474,0
light,result_500_light.json,FG-DSCR,c423,default,edge-2,41,3081.8,0.0,3081.8,3113.8,32.0,6474,0
light,result_500_light.json,FG-DSCR,c033,default,edge-2,42,3113.8,0.0,3113.8,3145.8,32.0,6474,0
light,result_500_light.json,FG-DSCR,c003,default,edge-2,43,3145.8,0.0,3145.8,3177.8,32.0,6474,0
light,result_500_light.json,FG-DSCR,c363,default,edge-2,44,3177.8,0.0,3177.8,3209.8,32.0,6474,0
light,result_500_light.json,FG-DSCR,c333,default,edge-2,45,3209.8,0.0,3209.8,3241.8,32.0,6474,0
light,result_500_light.json,FG-DSCR,c093,default,edge-2,46,3241.8,0.0,3241.8,3273.8,32.0,6474,0
light,result_500_light.json,FG-DSCR,c213,default,edge-2,47,3273.8,0.0,3273.8,3305.8,32.0,6474,0
light,result_500_light.json,FG-DSCR,c453,default,edge-2,48,3305.8,0.0,3305.8,3337.8,32.0,6474,0
light,result_500_light.json,FG-DSCR,c273,default,edge-2,49,3337.8,0.0,3337.8,3369.8,32.0,6474,0
light,result_500_light.json,FG-DSCR,c483,default,edge-2,50,3369.8,0.0,3369.8,3401.8,32.0,6474,0
light,result_500_light.json,FG-DSCR,c153,default,edge-2,51,3401.8,0.0,3401.8,3433.8,32.0,6474,0
light,result_500_light.json,FG-DSCR,c154,default,edge-2,52,3433.8,330.2,3764.0,3799.0,35.0,5670,1651
light,result_500_light.json,FG-DSCR,c334,default,edge-2,53,3799.0,0.0,3799.0,3834.0,35.0,7321,0
light,result_500_light.json,FG-DSCR,c214,default,edge-2,54,3834.0,0.0,3834.0,3869.0,35.0,7321,0
light,result_500_light.json,FG-DSCR,c274,default,edge-2,55,3869.0,0.0,3869.0,3904.0,35.0,7321,0
light,result_500_light.json,FG-DSCR,c394,default,edge-2,56,3904.0,0.0,3904.0,3939.0,35.0,7321,0
light,result_500_light.json,FG-DSCR,c064,default,edge-2,57,3939.0,0.0,3939.0,3974.0,35.0,7321,0
light,result_500_light.json,FG-DSCR,c094,default,edge-2,58,3974.0,0.0,3974.0,4009.0,35.0,7321,0
light,result_500_light.json,FG-DSCR,c184,default,edge-2,59,4009.0,0.0,4009.0,4044.0,35.0,7321,0
light,result_500_light.json,FG-DSCR,c424,default,edge-2,60,4044.0,0.0,4044.0,4079.0,35.0,7321,0
light,result_500_light.json,FG-DSCR,c304,default,edge-2,61,4079.0,0.0,4079.0,4114.0,35.0,7321,0
light,result_500_light.json,FG-DSCR,c124,default,edge-2,62,4114.0,0.0,4114.0,4149.0,35.0,7321,0
light,result_500_light.json,FG-DSCR,c034,default,edge-2,63,4149.0,0.0,4149.0,4184.0,35.0,7321,0
light,result_500_light.json,FG-DSCR,c484,default,edge-2,64,4184.0,0.0,4184.0,4219.0,35.0,7321,0
light,result_500_light.json,FG-DSCR,c004,default,edge-2,65,4219.0,0.0,4219.0,4254.0,35.0,7321,0
light,result_500_light.json,FG-DSCR,c364,default,edge-2,66,4254.0,0.0,4254.0,4289.0,35.0,7321,0
light,result_500_light.json,FG-DSCR,c244,default,edge-2,67,4289.0,0.0,4289.0,4324.0,35.0,7321,0
light,result_500_light.json,FG-DSCR,c454,default,edge-2,68,4324.0,0.0,4324.0,4359.0,35.0,7321,0
light,result_500_light.json,FG-DSCR,c066,default,edge-2,69,4359.0,360.0,4719.0,4748.0,29.0,5671,1800
light,result_500_light.json,FG-DSCR,c186,default,edge-2,70,4748.0,0.0,4748.0,4777.0,29.0,7471,0
light,result_500_light.json,FG-DSCR,c456,default,edge-2,71,4777.0,0.0,4777.0,4806.0,29.0,7471,0
light,result_500_light.json,FG-DSCR,c276,default,edge-2,72,4806.0,0.0,4806.0,4835.0,29.0,7471,0
light,result_500_light.json,FG-DSCR,c306,default,edge-2,73,4835.0,0.0,4835.0,4864.0,29.0,7471,0
light,result_500_light.json,FG-DSCR,c216,default,edge-2,74,4864.0,0.0,4864.0,4893.0,29.0,7471,0
light,result_500_light.json,FG-DSCR,c156,default,edge-2,75,4893.0,0.0,4893.0,4922.0,29.0,7471,0
light,result_500_light.json,FG-DSCR,c426,default,edge-2,76,4922.0,0.0,4922.0,4951.0,29.0,7471,0
light,result_500_light.json,FG-DSCR,c246,default,edge-2,77,4951.0,0.0,4951.0,4980.0,29.0,7471,0
light,result_500_light.json,FG-DSCR,c366,default,edge-2,78,4980.0,0.0,4980.0,5009.0,29.0,7471,0
light,result_500_light.json,FG-DSCR,c126,default,edge-2,79,5009.0,0.0,5009.0,5038.0,29.0,7471,0
light,result_500_light.json,FG-DSCR,c006,default,edge-2,80,5038.0,0.0,5038.0,5067.0,29.0,7471,0
light,result_500_light.json,FG-DSCR,c036,default,edge-2,81,5067.0,0.0,5067.0,5096.0,29.0,7471,0
light,result_500_light.json,FG-DSCR,c396,default,edge-2,82,5096.0,0.0,5096.0,5125.0,29.0,7471,0
light,result_500_light.json,FG-DSCR,c096,default,edge-2,83,5125.0,0.0,5125.0,5154.0,29.0,7471,0
light,result_500_light.json,FG-DSCR,c336,default,edge-2,84,5154.0,0.0,5154.0,5183.0,29.0,7471,0
light,result_500_light.json,FG-DSCR,c486,default,edge-2,85,5183.0,0.0,5183.0,5212.0,29.0,7471,0
light,result_500_light.json,FG-DSCR,c128,default,edge-3,1,0.0,2261.8,2261.8,2304.8,43.0,0,22618
light,result_500_light.json,FG-DSCR,c488,default,edge-3,2,2304.8,0.0,2304.8,2347.8,43.0,22618,0
light,result_500_light.json,FG-DSCR,c248,default,edge-3,3,2347.8,0.0,2347.8,2390.8,43.0,22618,0
light,result_500_light.json,FG-DSCR,c068,default,edge-3,4,2390.8,0.0,2390.8,2433.8,43.0,22618,0
light,result_500_light.json,FG-DSCR,c158,default,edge-3,5,2433.8,0.0,2433.8,2476.8,43.0,22618,0
light,result_500_light.json,FG-DSCR,c368,default,edge-3,6,2476.8,0.0,2476.8,2519.8,43.0,22618,0
light,result_500_light.json,FG-DSCR,c038,default,edge-3,7,2519.8,0.0,2519.8,2562.8,43.0,22618,0
light,result_500_light.json,FG-DSCR,c278,default,edge-3,8,2562.8,0.0,2562.8,2605.8,43.0,22618,0
light,result_500_light.json,FG-DSCR,c188,default,edge-3,9,2605.8,0.0,2605.8,2648.8,43.0,22618,0
light,result_500_light.json,FG-DSCR,c308,default,edge-3,10,2648.8,0.0,2648.8,2691.8,43.0,22618,0
light,result_500_light.json,FG-DSCR,c398,default,edge-3,11,2691.8,0.0,2691.8,2734.8,43.0,22618,0
light,result_500_light.json,FG-DSCR,c098,default,edge-3,12,2734.8,0.0,2734.8,2777.8,43.0,22618,0
light,result_500_light.json,FG-DSCR,c218,default,edge-3,13,2777.8,0.0,2777.8,2820.8,43.0,22618,0
light,result_500_light.json,FG-DSCR,c008,default,edge-3,14,2820.8,0.0,2820.8,2863.8,43.0,22618,0
light,result_500_light.json,FG-DSCR,c428,default,edge-3,15,2863.8,0.0,2863.8,2906.8,43.0,22618,0
light,result_500_light.json,FG-DSCR,c458,default,edge-3,16,2906.8,0.0,2906.8,2949.8,43.0,22618,0
light,result_500_light.json,FG-DSCR,c338,default,edge-3,17,2949.8,0.0,2949.8,2992.8,43.0,22618,0
light,result_500_light.json,FG-DSCR,c427,default,edge-3,18,2992.8,760.0,3752.8,3792.8,40.0,22610,7600
light,result_500_light.json,FG-DSCR,c457,default,edge-3,19,3792.8,0.0,3792.8,3832.8,40.0,30210,0
light,result_500_light.json,FG-DSCR,c367,default,edge-3,20,3832.8,0.0,3832.8,3872.8,40.0,30210,0
light,result_500_light.json,FG-DSCR,c157,default,edge-3,21,3872.8,0.0,3872.8,3912.8,40.0,30210,0
light,result_500_light.json,FG-DSCR,c307,default,edge-3,22,3912.8,0.0,3912.8,3952.8,40.0,30210,0
light,result_500_light.json,FG-DSCR,c007,default,edge-3,23,3952.8,0.0,3952.8,3992.8,40.0,30210,0
light,result_500_light.json,FG-DSCR,c127,default,edge-3,24,3992.8,0.0,3992.8,4032.8,40.0,30210,0
light,result_500_light.json,FG-DSCR,c217,default,edge-3,25,4032.8,0.0,4032.8,4072.8,40.0,30210,0
light,result_500_light.json,FG-DSCR,c097,default,edge-3,26,4072.8,0.0,4072.8,4112.8,40.0,30210,0
light,result_500_light.json,FG-DSCR,c067,default,edge-3,27,4112.8,0.0,4112.8,4152.8,40.0,30210,0
light,result_500_light.json,FG-DSCR,c187,default,edge-3,28,4152.8,0.0,4152.8,4192.8,40.0,30210,0
light,result_500_light.json,FG-DSCR,c277,default,edge-3,29,4192.8,0.0,4192.8,4232.8,40.0,30210,0
light,result_500_light.json,FG-DSCR,c337,default,edge-3,30,4232.8,0.0,4232.8,4272.8,40.0,30210,0
light,result_500_light.json,FG-DSCR,c037,default,edge-3,31,4272.8,0.0,4272.8,4312.8,40.0,30210,0
light,result_500_light.json,FG-DSCR,c247,default,edge-3,32,4312.8,0.0,4312.8,4352.8,40.0,30210,0
light,result_500_light.json,FG-DSCR,c397,default,edge-3,33,4352.8,0.0,4352.8,4392.8,40.0,30210,0
light,result_500_light.json,FG-DSCR,c487,default,edge-3,34,4392.8,0.0,4392.8,4432.8,40.0,30210,0
light,result_500_light.json,FG-DSCR,c070,default,edge-4,1,0.0,2659.0,2659.0,2708.0,49.0,0,26590
light,result_500_light.json,FG-DSCR,c490,default,edge-4,2,2708.0,0.0,2708.0,2757.0,49.0,26590,0
light,result_500_light.json,FG-DSCR,c310,default,edge-4,3,2757.0,0.0,2757.0,2806.0,49.0,26590,0
light,result_500_light.json,FG-DSCR,c160,default,edge-4,4,2806.0,0.0,2806.0,2855.0,49.0,26590,0
light,result_500_light.json,FG-DSCR,c130,default,edge-4,5,2855.0,0.0,2855.0,2904.0,49.0,26590,0
light,result_500_light.json,FG-DSCR,c040,default,edge-4,6,2904.0,0.0,2904.0,2953.0,49.0,26590,0
light,result_500_light.json,FG-DSCR,c400,default,edge-4,7,2953.0,0.0,2953.0,3002.0,49.0,26590,0
light,result_500_light.json,FG-DSCR,c250,default,edge-4,8,3002.0,0.0,3002.0,3051.0,49.0,26590,0
light,result_500_light.json,FG-DSCR,c340,default,edge-4,9,3051.0,0.0,3051.0,3100.0,49.0,26590,0
light,result_500_light.json,FG-DSCR,c190,default,edge-4,10,3100.0,0.0,3100.0,3149.0,49.0,26590,0
light,result_500_light.json,FG-DSCR,c460,default,edge-4,11,3149.0,0.0,3149.0,3198.0,49.0,26590,0
light,result_500_light.json,FG-DSCR,c010,default,edge-4,12,3198.0,0.0,3198.0,3247.0,49.0,26590,0
light,result_500_light.json,FG-DSCR,c280,default,edge-4,13,3247.0,0.0,3247.0,3296.0,49.0,26590,0
light,result_500_light.json,FG-DSCR,c220,default,edge-4,14,3296.0,0.0,3296.0,3345.0,49.0,26590,0
light,result_500_light.json,FG-DSCR,c100,default,edge-4,15,3345.0,0.0,3345.0,3394.0,49.0,26590,0
light,result_500_light.json,FG-DSCR,c370,default,edge-4,16,3394.0,0.0,3394.0,3443.0,49.0,26590,0
light,result_500_light.json,FG-DSCR,c430,default,edge-4,17,3443.0,0.0,3443.0,3492.0,49.0,26590,0
light,result_500_light.json,FG-DSCR,c222,default,edge-4,18,3492.0,760.0,4252.0,4295.0,43.0,25090,7600
light,result_500_light.json,FG-DSCR,c432,default,edge-4,19,4295.0,0.0,4295.0,4338.0,43.0,32690,0
light,result_500_light.json,FG-DSCR,c072,default,edge-4,20,4338.0,0.0,4338.0,4381.0,43.0,32690,0
light,result_500_light.json,FG-DSCR,c342,default,edge-4,21,4381.0,0.0,4381.0,4424.0,43.0,32690,0
light,result_500_light.json,FG-DSCR,c282,default,edge-4,22,4424.0,0.0,4424.0,4467.0,43.0,32690,0
light,result_500_light.json,FG-DSCR,c312,default,edge-4,23,4467.0,0.0,4467.0,4510.0,43.0,32690,0
light,result_500_light.json,FG-DSCR,c462,default,edge-4,24,4510.0,0.0,4510.0,4553.0,43.0,32690,0
light,result_500_light.json,FG-DSCR,c012,default,edge-4,25,4553.0,0.0,4553.0,4596.0,43.0,32690,0
light,result_500_light.json,FG-DSCR,c192,default,edge-4,26,4596.0,0.0,4596.0,4639.0,43.0,32690,0
light,result_500_light.json,FG-DSCR,c162,default,edge-4,27,4639.0,0.0,4639.0,4682.0,43.0,32690,0
light,result_500_light.json,FG-DSCR,c102,default,edge-4,28,4682.0,0.0,4682.0,4725.0,43.0,32690,0
light,result_500_light.json,FG-DSCR,c132,default,edge-4,29,4725.0,0.0,4725.0,4768.0,43.0,32690,0
light,result_500_light.json,FG-DSCR,c402,default,edge-4,30,4768.0,0.0,4768.0,4811.0,43.0,32690,0
light,result_500_light.json,FG-DSCR,c492,default,edge-4,31,4811.0,0.0,4811.0,4854.0,43.0,32690,0
light,result_500_light.json,FG-DSCR,c372,default,edge-4,32,4854.0,0.0,4854.0,4897.0,43.0,32690,0
light,result_500_light.json,FG-DSCR,c252,default,edge-4,33,4897.0,0.0,4897.0,4940.0,43.0,32690,0
light,result_500_light.json,FG-DSCR,c042,default,edge-4,34,4940.0,0.0,4940.0,4983.0,43.0,32690,0
light,result_500_light.json,FG-DSCR,c371,default,edge-4,35,4983.0,720.0,5703.0,5743.0,40.0,23290,7200
light,result_500_light.json,FG-DSCR,c161,default,edge-4,36,5743.0,0.0,5743.0,5783.0,40.0,30490,0
light,result_500_light.json,FG-DSCR,c341,default,edge-4,37,5783.0,0.0,5783.0,5823.0,40.0,30490,0
light,result_500_light.json,FG-DSCR,c461,default,edge-4,38,5823.0,0.0,5823.0,5863.0,40.0,30490,0
light,result_500_light.json,FG-DSCR,c011,default,edge-4,39,5863.0,0.0,5863.0,5903.0,40.0,30490,0
light,result_500_light.json,FG-DSCR,c071,default,edge-4,40,5903.0,0.0,5903.0,5943.0,40.0,30490,0
light,result_500_light.json,FG-DSCR,c251,default,edge-4,41,5943.0,0.0,5943.0,5983.0,40.0,30490,0
light,result_500_light.json,FG-DSCR,c131,default,edge-4,42,5983.0,0.0,5983.0,6023.0,40.0,30490,0
light,result_500_light.json,FG-DSCR,c311,default,edge-4,43,6023.0,0.0,6023.0,6063.0,40.0,30490,0
light,result_500_light.json,FG-DSCR,c101,default,edge-4,44,6063.0,0.0,6063.0,6103.0,40.0,30490,0
light,result_500_light.json,FG-DSCR,c041,default,edge-4,45,6103.0,0.0,6103.0,6143.0,40.0,30490,0
light,result_500_light.json,FG-DSCR,c491,default,edge-4,46,6143.0,0.0,6143.0,6183.0,40.0,30490,0
light,result_500_light.json,FG-DSCR,c191,default,edge-4,47,6183.0,0.0,6183.0,6223.0,40.0,30490,0
light,result_500_light.json,FG-DSCR,c431,default,edge-4,48,6223.0,0.0,6223.0,6263.0,40.0,30490,0
light,result_500_light.json,FG-DSCR,c281,default,edge-4,49,6263.0,0.0,6263.0,6303.0,40.0,30490,0
light,result_500_light.json,FG-DSCR,c221,default,edge-4,50,6303.0,0.0,6303.0,6343.0,40.0,30490,0
light,result_500_light.json,FG-DSCR,c401,default,edge-4,51,6343.0,0.0,6343.0,6383.0,40.0,30490,0
light,result_500_light.json,FG-DSCR,c219,default,edge-4,52,6383.0,72.8,6455.8,6501.8,46.0,15390,728
light,result_500_light.json,FG-DSCR,c489,default,edge-4,53,6501.8,0.0,6501.8,6547.8,46.0,16118,0
light,result_500_light.json,FG-DSCR,c279,default,edge-4,54,6547.8,0.0,6547.8,6593.8,46.0,16118,0
light,result_500_light.json,FG-DSCR,c309,default,edge-4,55,6593.8,0.0,6593.8,6639.8,46.0,16118,0
light,result_500_light.json,FG-DSCR,c189,default,edge-4,56,6639.8,0.0,6639.8,6685.8,46.0,16118,0
light,result_500_light.json,FG-DSCR,c099,default,edge-4,57,6685.8,0.0,6685.8,6731.8,46.0,16118,0
light,result_500_light.json,FG-DSCR,c129,default,edge-4,58,6731.8,0.0,6731.8,6777.8,46.0,16118,0
light,result_500_light.json,FG-DSCR,c429,default,edge-4,59,6777.8,0.0,6777.8,6823.8,46.0,16118,0
light,result_500_light.json,FG-DSCR,c039,default,edge-4,60,6823.8,0.0,6823.8,6869.8,46.0,16118,0
light,result_500_light.json,FG-DSCR,c009,default,edge-4,61,6869.8,0.0,6869.8,6915.8,46.0,16118,0
light,result_500_light.json,FG-DSCR,c159,default,edge-4,62,6915.8,0.0,6915.8,6961.8,46.0,16118,0
light,result_500_light.json,FG-DSCR,c459,default,edge-4,63,6961.8,0.0,6961.8,7007.8,46.0,16118,0
light,result_500_light.json,FG-DSCR,c339,default,edge-4,64,7007.8,0.0,7007.8,7053.8,46.0,16118,0
light,result_500_light.json,FG-DSCR,c369,default,edge-4,65,7053.8,0.0,7053.8,7099.8,46.0,16118,0
light,result_500_light.json,FG-DSCR,c399,default,edge-4,66,7099.8,0.0,7099.8,7145.8,46.0,16118,0
light,result_500_light.json,FG-DSCR,c069,default,edge-4,67,7145.8,0.0,7145.8,7191.8,46.0,16118,0
light,result_500_light.json,FG-DSCR,c249,default,edge-4,68,7191.8,0.0,7191.8,7237.8,46.0,16118,0
light,result_500_light.json,FG-DSCR,c106,default,edge-5,1,0.0,896.0,896.0,927.0,31.0,0,4480
light,result_500_light.json,FG-DSCR,c136,default,edge-5,2,927.0,0.0,927.0,958.0,31.0,4480,0
light,result_500_light.json,FG-DSCR,c406,default,edge-5,3,958.0,0.0,958.0,989.0,31.0,4480,0
light,result_500_light.json,FG-DSCR,c046,default,edge-5,4,989.0,0.0,989.0,1020.0,31.0,4480,0
light,result_500_light.json,FG-DSCR,c286,default,edge-5,5,1020.0,0.0,1020.0,1051.0,31.0,4480,0
light,result_500_light.json,FG-DSCR,c256,default,edge-5,6,1051.0,0.0,1051.0,1082.0,31.0,4480,0
light,result_500_light.json,FG-DSCR,c466,default,edge-5,7,1082.0,0.0,1082.0,1113.0,31.0,4480,0
light,result_500_light.json,FG-DSCR,c436,default,edge-5,8,1113.0,0.0,1113.0,1144.0,31.0,4480,0
light,result_500_light.json,FG-DSCR,c166,default,edge-5,9,1144.0,0.0,1144.0,1175.0,31.0,4480,0
light,result_500_light.json,FG-DSCR,c346,default,edge-5,10,1175.0,0.0,1175.0,1206.0,31.0,4480,0
light,result_500_light.json,FG-DSCR,c226,default,edge-5,11,1206.0,0.0,1206.0,1237.0,31.0,4480,0
light,result_500_light.json,FG-DSCR,c316,default,edge-5,12,1237.0,0.0,1237.0,1268.0,31.0,4480,0
light,result_500_light.json,FG-DSCR,c076,default,edge-5,13,1268.0,0.0,1268.0,1299.0,31.0,4480,0
light,result_500_light.json,FG-DSCR,c196,default,edge-5,14,1299.0,0.0,1299.0,1330.0,31.0,4480,0
light,result_500_light.json,FG-DSCR,c016,default,edge-5,15,1330.0,0.0,1330.0,1361.0,31.0,4480,0
light,result_500_light.json,FG-DSCR,c496,default,edge-5,16,1361.0,0.0,1361.0,1392.0,31.0,4480,0
light,result_500_light.json,FG-DSCR,c376,default,edge-5,17,1392.0,0.0,1392.0,1423.0,31.0,4480,0
light,result_500_light.json,FG-DSCR,c497,default,edge-5,18,1423.0,360.0,1783.0,1805.0,22.0,4472,1800
light,result_500_light.json,FG-DSCR,c197,default,edge-5,19,1805.0,0.0,1805.0,1827.0,22.0,6272,0
light,result_500_light.json,FG-DSCR,c137,default,edge-5,20,1827.0,0.0,1827.0,1849.0,22.0,6272,0
light,result_500_light.json,FG-DSCR,c317,default,edge-5,21,1849.0,0.0,1849.0,1871.0,22.0,6272,0
light,result_500_light.json,FG-DSCR,c167,default,edge-5,22,1871.0,0.0,1871.0,1893.0,22.0,6272,0
light,result_500_light.json,FG-DSCR,c287,default,edge-5,23,1893.0,0.0,1893.0,1915.0,22.0,6272,0
light,result_500_light.json,FG-DSCR,c257,default,edge-5,24,1915.0,0.0,1915.0,1937.0,22.0,6272,0
light,result_500_light.json,FG-DSCR,c017,default,edge-5,25,1937.0,0.0,1937.0,1959.0,22.0,6272,0
light,result_500_light.json,FG-DSCR,c107,default,edge-5,26,1959.0,0.0,1959.0,1981.0,22.0,6272,0
light,result_500_light.json,FG-DSCR,c377,default,edge-5,27,1981.0,0.0,1981.0,2003.0,22.0,6272,0
light,result_500_light.json,FG-DSCR,c437,default,edge-5,28,2003.0,0.0,2003.0,2025.0,22.0,6272,0
light,result_500_light.json,FG-DSCR,c047,default,edge-5,29,2025.0,0.0,2025.0,2047.0,22.0,6272,0
light,result_500_light.json,FG-DSCR,c227,default,edge-5,30,2047.0,0.0,2047.0,2069.0,22.0,6272,0
light,result_500_light.json,FG-DSCR,c347,default,edge-5,31,2069.0,0.0,2069.0,2091.0,22.0,6272,0
light,result_500_light.json,FG-DSCR,c407,default,edge-5,32,2091.0,0.0,2091.0,2113.0,22.0,6272,0
light,result_500_light.json,FG-DSCR,c467,default,edge-5,33,2113.0,0.0,2113.0,2135.0,22.0,6272,0
light,result_500_light.json,FG-DSCR,c077,default,edge-5,34,2135.0,0.0,2135.0,2157.0,22.0,6272,0
light,result_500_light.json,FG-DSCR,c433,default,edge-5,35,2157.0,0.8,2157.8,2179.8,22.0,5628,4
light,result_500_light.json,FG-DSCR,c463,default,edge-5,36,2179.8,0.0,2179.8,2201.8,22.0,5632,0
light,result_500_light.json,FG-DSCR,c043,default,edge-5,37,2201.8,0.0,2201.8,2223.8,22.0,5632,0
light,result_500_light.json,FG-DSCR,c253,default,edge-5,38,2223.8,0.0,2223.8,2245.8,22.0,5632,0
light,result_500_light.json,FG-DSCR,c103,default,edge-5,39,2245.8,0.0,2245.8,2267.8,22.0,5632,0
light,result_500_light.json,FG-DSCR,c013,default,edge-5,40,2267.8,0.0,2267.8,2289.8,22.0,5632,0
light,result_500_light.json,FG-DSCR,c313,default,edge-5,41,2289.8,0.0,2289.8,2311.8,22.0,5632,0
light,result_500_light.json,FG-DSCR,c223,default,edge-5,42,2311.8,0.0,2311.8,2333.8,22.0,5632,0
light,result_500_light.json,FG-DSCR,c073,default,edge-5,43,2333.8,0.0,2333.8,2355.8,22.0,5632,0
light,result_500_light.json,FG-DSCR,c343,default,edge-5,44,2355.8,0.0,2355.8,2377.8,22.0,5632,0
light,result_500_light.json,FG-DSCR,c493,default,edge-5,45,2377.8,0.0,2377.8,2399.8,22.0,5632,0
light,result_500_light.json,FG-DSCR,c163,default,edge-5,46,2399.8,0.0,2399.8,2421.8,22.0,5632,0
light,result_500_light.json,FG-DSCR,c373,default,edge-5,47,2421.8,0.0,2421.8,2443.8,22.0,5632,0
light,result_500_light.json,FG-DSCR,c283,default,edge-5,48,2443.8,0.0,2443.8,2465.8,22.0,5632,0
light,result_500_light.json,FG-DSCR,c193,default,edge-5,49,2465.8,0.0,2465.8,2487.8,22.0,5632,0
light,result_500_light.json,FG-DSCR,c133,default,edge-5,50,2487.8,0.0,2487.8,2509.8,22.0,5632,0
light,result_500_light.json,FG-DSCR,c403,default,edge-5,51,2509.8,0.0,2509.8,2531.8,22.0,5632,0
light,result_500_light.json,FG-DSCR,c018,default,edge-6,1,0.0,455.2,455.2,480.2,25.0,0,4552
light,result_500_light.json,FG-DSCR,c468,default,edge-6,2,480.2,0.0,480.2,505.2,25.0,4552,0
light,result_500_light.json,FG-DSCR,c078,default,edge-6,3,505.2,0.0,505.2,530.2,25.0,4552,0
light,result_500_light.json,FG-DSCR,c318,default,edge-6,4,530.2,0.0,530.2,555.2,25.0,4552,0
light,result_500_light.json,FG-DSCR,c438,default,edge-6,5,555.2,0.0,555.2,580.2,25.0,4552,0
light,result_500_light.json,FG-DSCR,c168,default,edge-6,6,580.2,0.0,580.2,605.2,25.0,4552,0
light,result_500_light.json,FG-DSCR,c378,default,edge-6,7,605.2,0.0,605.2,630.2,25.0,4552,0
light,result_500_light.json,FG-DSCR,c048,default,edge-6,8,630.2,0.0,630.2,655.2,25.0,4552,0
light,result_500_light.json,FG-DSCR,c288,default,edge-6,9,655.2,0.0,655.2,680.2,25.0,4552,0
light,result_500_light.json,FG-DSCR,c198,default,edge-6,10,680.2,0.0,680.2,705.2,25.0,4552,0
light,result_500_light.json,FG-DSCR,c258,default,edge-6,11,705.2,0.0,705.2,730.2,25.0,4552,0
light,result_500_light.json,FG-DSCR,c138,default,edge-6,12,730.2,0.0,730.2,755.2,25.0,4552,0
light,result_500_light.json,FG-DSCR,c348,default,edge-6,13,755.2,0.0,755.2,780.2,25.0,4552,0
light,result_500_light.json,FG-DSCR,c108,default,edge-6,14,780.2,0.0,780.2,805.2,25.0,4552,0
light,result_500_light.json,FG-DSCR,c228,default,edge-6,15,805.2,0.0,805.2,830.2,25.0,4552,0
light,result_500_light.json,FG-DSCR,c408,default,edge-6,16,830.2,0.0,830.2,855.2,25.0,4552,0
light,result_500_light.json,FG-DSCR,c498,default,edge-6,17,855.2,0.0,855.2,880.2,25.0,4552,0
light,result_500_light.json,FG-DSCR,c255,default,edge-6,18,880.2,875.0,1755.2,1783.2,28.0,3824,8750
light,result_500_light.json,FG-DSCR,c315,default,edge-6,19,1783.2,0.0,1783.2,1811.2,28.0,12574,0
light,result_500_light.json,FG-DSCR,c165,default,edge-6,20,1811.2,0.0,1811.2,1839.2,28.0,12574,0
light,result_500_light.json,FG-DSCR,c195,default,edge-6,21,1839.2,0.0,1839.2,1867.2,28.0,12574,0
light,result_500_light.json,FG-DSCR,c285,default,edge-6,22,1867.2,0.0,1867.2,1895.2,28.0,12574,0
light,result_500_light.json,FG-DSCR,c075,default,edge-6,23,1895.2,0.0,1895.2,1923.2,28.0,12574,0
light,result_500_light.json,FG-DSCR,c045,default,edge-6,24,1923.2,0.0,1923.2,1951.2,28.0,12574,0
light,result_500_light.json,FG-DSCR,c135,default,edge-6,25,1951.2,0.0,1951.2,1979.2,28.0,12574,0
light,result_500_light.json,FG-DSCR,c495,default,edge-6,26,1979.2,0.0,1979.2,2007.2,28.0,12574,0
light,result_500_light.json,FG-DSCR,c345,default,edge-6,27,2007.2,0.0,2007.2,2035.2,28.0,12574,0
light,result_500_light.json,FG-DSCR,c465,default,edge-6,28,2035.2,0.0,2035.2,2063.2,28.0,12574,0
light,result_500_light.json,FG-DSCR,c225,default,edge-6,29,2063.2,0.0,2063.2,2091.2,28.0,12574,0
light,result_500_light.json,FG-DSCR,c015,default,edge-6,30,2091.2,0.0,2091.2,2119.2,28.0,12574,0
light,result_500_light.json,FG-DSCR,c405,default,edge-6,31,2119.2,0.0,2119.2,2147.2,28.0,12574,0
light,result_500_light.json,FG-DSCR,c435,default,edge-6,32,2147.2,0.0,2147.2,2175.2,28.0,12574,0
light,result_500_light.json,FG-DSCR,c375,default,edge-6,33,2175.2,0.0,2175.2,2203.2,28.0,12574,0
light,result_500_light.json,FG-DSCR,c105,default,edge-6,34,2203.2,0.0,2203.2,2231.2,28.0,12574,0
light,result_500_light.json,FG-DSCR,c434,default,edge-6,35,2231.2,760.0,2991.2,3016.2,25.0,12640,7600
light,result_500_light.json,FG-DSCR,c194,default,edge-6,36,3016.2,0.0,3016.2,3041.2,25.0,20240,0
light,result_500_light.json,FG-DSCR,c014,default,edge-6,37,3041.2,0.0,3041.2,3066.2,25.0,20240,0
light,result_500_light.json,FG-DSCR,c224,default,edge-6,38,3066.2,0.0,3066.2,3091.2,25.0,20240,0
light,result_500_light.json,FG-DSCR,c374,default,edge-6,39,3091.2,0.0,3091.2,3116.2,25.0,20240,0
light,result_500_light.json,FG-DSCR,c254,default,edge-6,40,3116.2,0.0,3116.2,3141.2,25.0,20240,0
light,result_500_light.json,FG-DSCR,c164,default,edge-6,41,3141.2,0.0,3141.2,3166.2,25.0,20240,0
light,result_500_light.json,FG-DSCR,c104,default,edge-6,42,3166.2,0.0,3166.2,3191.2,25.0,20240,0
light,result_500_light.json,FG-DSCR,c134,default,edge-6,43,3191.2,0.0,3191.2,3216.2,25.0,20240,0
light,result_500_light.json,FG-DSCR,c284,default,edge-6,44,3216.2,0.0,3216.2,3241.2,25.0,20240,0
light,result_500_light.json,FG-DSCR,c314,default,edge-6,45,3241.2,0.0,3241.2,3266.2,25.0,20240,0
light,result_500_light.json,FG-DSCR,c464,default,edge-6,46,3266.2,0.0,3266.2,3291.2,25.0,20240,0
light,result_500_light.json,FG-DSCR,c404,default,edge-6,47,3291.2,0.0,3291.2,3316.2,25.0,20240,0
light,result_500_light.json,FG-DSCR,c494,default,edge-6,48,3316.2,0.0,3316.2,3341.2,25.0,20240,0
light,result_500_light.json,FG-DSCR,c344,default,edge-6,49,3341.2,0.0,3341.2,3366.2,25.0,20240,0
light,result_500_light.json,FG-DSCR,c074,default,edge-6,50,3366.2,0.0,3366.2,3391.2,25.0,20240,0
light,result_500_light.json,FG-DSCR,c044,default,edge-6,51,3391.2,0.0,3391.2,3416.2,25.0,20240,0
light,result_500_light.json,FG-DSCR,c085,default,edge-7,1,0.0,634.2,634.2,652.2,18.0,0,6342
light,result_500_light.json,FG-DSCR,c415,default,edge-7,2,652.2,0.0,652.2,670.2,18.0,6342,0
light,result_500_light.json,FG-DSCR,c295,default,edge-7,3,670.2,0.0,670.2,688.2,18.0,6342,0
light,result_500_light.json,FG-DSCR,c475,default,edge-7,4,688.2,0.0,688.2,706.2,18.0,6342,0
light,result_500_light.json,FG-DSCR,c235,default,edge-7,5,706.2,0.0,706.2,724.2,18.0,6342,0
light,result_500_light.json,FG-DSCR,c025,default,edge-7,6,724.2,0.0,724.2,742.2,18.0,6342,0
light,result_500_light.json,FG-DSCR,c385,default,edge-7,7,742.2,0.0,742.2,760.2,18.0,6342,0
light,result_500_light.json,FG-DSCR,c055,default,edge-7,8,760.2,0.0,760.2,778.2,18.0,6342,0
light,result_500_light.json,FG-DSCR,c355,default,edge-7,9,778.2,0.0,778.2,796.2,18.0,6342,0
light,result_500_light.json,FG-DSCR,c265,default,edge-7,10,796.2,0.0,796.2,814.2,18.0,6342,0
light,result_500_light.json,FG-DSCR,c445,default,edge-7,11,814.2,0.0,814.2,832.2,18.0,6342,0
light,result_500_light.json,FG-DSCR,c205,default,edge-7,12,832.2,0.0,832.2,850.2,18.0,6342,0
light,result_500_light.json,FG-DSCR,c115,default,edge-7,13,850.2,0.0,850.2,868.2,18.0,6342,0
light,result_500_light.json,FG-DSCR,c325,default,edge-7,14,868.2,0.0,868.2,886.2,18.0,6342,0
light,result_500_light.json,FG-DSCR,c145,default,edge-7,15,886.2,0.0,886.2,904.2,18.0,6342,0
light,result_500_light.json,FG-DSCR,c175,default,edge-7,16,904.2,0.0,904.2,922.2,18.0,6342,0
light,result_500_light.json,FG-DSCR,c147,default,edge-7,17,922.2,65.0,987.2,1011.2,24.0,6340,650
light,result_500_light.json,FG-DSCR,c327,default,edge-7,18,1011.2,0.0,1011.2,1035.2,24.0,6990,0
light,result_500_light.json,FG-DSCR,c057,default,edge-7,19,1035.2,0.0,1035.2,1059.2,24.0,6990,0
light,result_500_light.json,FG-DSCR,c477,default,edge-7,20,1059.2,0.0,1059.2,1083.2,24.0,6990,0
light,result_500_light.json,FG-DSCR,c207,default,edge-7,21,1083.2,0.0,1083.2,1107.2,24.0,6990,0
light,result_500_light.json,FG-DSCR,c387,default,edge-7,22,1107.2,0.0,1107.2,1131.2,24.0,6990,0
light,result_500_light.json,FG-DSCR,c447,default,edge-7,23,1131.2,0.0,1131.2,1155.2,24.0,6990,0
light,result_500_light.json,FG-DSCR,c087,default,edge-7,24,1155.2,0.0,1155.2,1179.2,24.0,6990,0
light,result_500_light.json,FG-DSCR,c417,default,edge-7,25,1179.2,0.0,1179.2,1203.2,24.0,6990,0
light,result_500_light.json,FG-DSCR,c237,default,edge-7,26,1203.2,0.0,1203.2,1227.2,24.0,6990,0
light,result_500_light.json,FG-DSCR,c027,default,edge-7,27,1227.2,0.0,1227.2,1251.2,24.0,6990,0
light,result_500_light.json,FG-DSCR,c177,default,edge-7,28,1251.2,0.0,1251.2,1275.2,24.0,6990,0
light,result_500_light.json,FG-DSCR,c267,default,edge-7,29,1275.2,0.0,1275.2,1299.2,24.0,6990,0
light,result_500_light.json,FG-DSCR,c357,default,edge-7,30,1299.2,0.0,1299.2,1323.2,24.0,6990,0
light,result_500_light.json,FG-DSCR,c297,default,edge-7,31,1323.2,0.0,1323.2,1347.2,24.0,6990,0
light,result_500_light.json,FG-DSCR,c117,default,edge-7,32,1347.2,0.0,1347.2,1371.2,24.0,6990,0
light,result_500_light.json,FG-DSCR,c328,default,edge-7,33,1371.2,72.1,1443.3,1470.3,27.0,4540,721
light,result_500_light.json,FG-DSCR,c298,default,edge-7,34,1470.3,0.0,1470.3,1497.3,27.0,5261,0
light,result_500_light.json,FG-DSCR,c058,default,edge-7,35,1497.3,0.0,1497.3,1524.3,27.0,5261,0
light,result_500_light.json,FG-DSCR,c208,default,edge-7,36,1524.3,0.0,1524.3,1551.3,27.0,5261,0
light,result_500_light.json,FG-DSCR,c268,default,edge-7,37,1551.3,0.0,1551.3,1578.3,27.0,5261,0
light,result_500_light.json,FG-DSCR,c088,default,edge-7,38,1578.3,0.0,1578.3,1605.3,27.0,5261,0
light,result_500_light.json,FG-DSCR,c118,default,edge-7,39,1605.3,0.0,1605.3,1632.3,27.0,5261,0
light,result_500_light.json,FG-DSCR,c236,default,edge-7,40,1632.3,195.0,1827.3,1848.3,21.0,5960,1950
light,result_500_light.json,FG-DSCR,c086,default,edge-7,41,1848.3,0.0,1848.3,1869.3,21.0,7910,0
light,result_500_light.json,FG-DSCR,c056,default,edge-7,42,1869.3,0.0,1869.3,1890.3,21.0,7910,0
light,result_500_light.json,FG-DSCR,c206,default,edge-7,43,1890.3,0.0,1890.3,1911.3,21.0,7910,0
light,result_500_light.json,FG-DSCR,c416,default,edge-7,44,1911.3,0.0,1911.3,1932.3,21.0,7910,0
light,result_500_light.json,FG-DSCR,c146,default,edge-7,45,1932.3,0.0,1932.3,1953.3,21.0,7910,0
light,result_500_light.json,FG-DSCR,c326,default,edge-7,46,1953.3,0.0,1953.3,1974.3,21.0,7910,0
light,result_500_light.json,FG-DSCR,c476,default,edge-7,47,1974.3,0.0,1974.3,1995.3,21.0,7910,0
light,result_500_light.json,FG-DSCR,c386,default,edge-7,48,1995.3,0.0,1995.3,2016.3,21.0,7910,0
light,result_500_light.json,FG-DSCR,c026,default,edge-7,49,2016.3,0.0,2016.3,2037.3,21.0,7910,0
light,result_500_light.json,FG-DSCR,c176,default,edge-7,50,2037.3,0.0,2037.3,2058.3,21.0,7910,0
light,result_500_light.json,FG-DSCR,c116,default,edge-7,51,2058.3,0.0,2058.3,2079.3,21.0,7910,0
light,result_500_light.json,FG-DSCR,c446,default,edge-7,52,2079.3,0.0,2079.3,2100.3,21.0,7910,0
light,result_500_light.json,FG-DSCR,c356,default,edge-7,53,2100.3,0.0,2100.3,2121.3,21.0,7910,0
light,result_500_light.json,FG-DSCR,c266,default,edge-7,54,2121.3,0.0,2121.3,2142.3,21.0,7910,0
light,result_500_light.json,FG-DSCR,c296,default,edge-7,55,2142.3,0.0,2142.3,2163.3,21.0,7910,0
light,result_500_light.json,FG-DSCR,c240,default,edge-7,56,2163.3,165.0,2328.3,2349.3,21.0,6110,1650
light,result_500_light.json,FG-DSCR,c330,default,edge-7,57,2349.3,0.0,2349.3,2370.3,21.0,7760,0
light,result_500_light.json,FG-DSCR,c090,default,edge-7,58,2370.3,0.0,2370.3,2391.3,21.0,7760,0
light,result_500_light.json,FG-DSCR,c480,default,edge-7,59,2391.3,0.0,2391.3,2412.3,21.0,7760,0
light,result_500_light.json,FG-DSCR,c300,default,edge-7,60,2412.3,0.0,2412.3,2433.3,21.0,7760,0
light,result_500_light.json,FG-DSCR,c060,default,edge-7,61,2433.3,0.0,2433.3,2454.3,21.0,7760,0
light,result_500_light.json,FG-DSCR,c030,default,edge-7,62,2454.3,0.0,2454.3,2475.3,21.0,7760,0
light,result_500_light.json,FG-DSCR,c270,default,edge-7,63,2475.3,0.0,2475.3,2496.3,21.0,7760,0
light,result_500_light.json,FG-DSCR,c120,default,edge-7,64,2496.3,0.0,2496.3,2517.3,21.0,7760,0
light,result_500_light.json,FG-DSCR,c450,default,edge-7,65,2517.3,0.0,2517.3,2538.3,21.0,7760,0
light,result_500_light.json,FG-DSCR,c360,default,edge-7,66,2538.3,0.0,2538.3,2559.3,21.0,7760,0
light,result_500_light.json,FG-DSCR,c390,default,edge-7,67,2559.3,0.0,2559.3,2580.3,21.0,7760,0
light,result_500_light.json,FG-DSCR,c180,default,edge-7,68,2580.3,0.0,2580.3,2601.3,21.0,7760,0
light,result_500_light.json,FG-DSCR,c150,default,edge-7,69,2601.3,0.0,2601.3,2622.3,21.0,7760,0
light,result_500_light.json,FG-DSCR,c210,default,edge-7,70,2622.3,0.0,2622.3,2643.3,21.0,7760,0
light,result_500_light.json,FG-DSCR,c420,default,edge-7,71,2643.3,0.0,2643.3,2664.3,21.0,7760,0
light,result_500_light.json,FG-DSCR,c448,default,edge-7,72,2664.3,0.0,2664.3,2691.3,27.0,5261,0
light,result_500_light.json,FG-DSCR,c178,default,edge-7,73,2691.3,0.0,2691.3,2718.3,27.0,5261,0
light,result_500_light.json,FG-DSCR,c418,default,edge-7,74,2718.3,0.0,2718.3,2745.3,27.0,5261,0
light,result_500_light.json,FG-DSCR,c388,default,edge-7,75,2745.3,0.0,2745.3,2772.3,27.0,5261,0
light,result_500_light.json,FG-DSCR,c478,default,edge-7,76,2772.3,0.0,2772.3,2799.3,27.0,5261,0
light,result_500_light.json,FG-DSCR,c358,default,edge-7,77,2799.3,0.0,2799.3,2826.3,27.0,5261,0
light,result_500_light.json,FG-DSCR,c238,default,edge-7,78,2826.3,0.0,2826.3,2853.3,27.0,5261,0
light,result_500_light.json,FG-DSCR,c148,default,edge-7,79,2853.3,0.0,2853.3,2880.3,27.0,5261,0
light,result_500_light.json,FG-DSCR,c028,default,edge-7,80,2880.3,0.0,2880.3,2907.3,27.0,5261,0
light,result_500_light.json,FG-DSCR,c149,default,edge-7,81,2907.3,0.0,2907.3,2925.3,18.0,4543,0
light,result_500_light.json,FG-DSCR,c329,default,edge-7,82,2925.3,0.0,2925.3,2943.3,18.0,4543,0
light,result_500_light.json,FG-DSCR,c389,default,edge-7,83,2943.3,0.0,2943.3,2961.3,18.0,4543,0
light,result_500_light.json,FG-DSCR,c179,default,edge-7,84,2961.3,0.0,2961.3,2979.3,18.0,4543,0
light,result_500_light.json,FG-DSCR,c269,default,edge-7,85,2979.3,0.0,2979.3,2997.3,18.0,4543,0
light,result_500_light.json,FG-DSCR,c449,default,edge-7,86,2997.3,0.0,2997.3,3015.3,18.0,4543,0
light,result_500_light.json,FG-DSCR,c089,default,edge-7,87,3015.3,0.0,3015.3,3033.3,18.0,4543,0
light,result_500_light.json,FG-DSCR,c239,default,edge-7,88,3033.3,0.0,3033.3,3051.3,18.0,4543,0
light,result_500_light.json,FG-DSCR,c299,default,edge-7,89,3051.3,0.0,3051.3,3069.3,18.0,4543,0
light,result_500_light.json,FG-DSCR,c479,default,edge-7,90,3069.3,0.0,3069.3,3087.3,18.0,4543,0
light,result_500_light.json,FG-DSCR,c059,default,edge-7,91,3087.3,0.0,3087.3,3105.3,18.0,4543,0
light,result_500_light.json,FG-DSCR,c119,default,edge-7,92,3105.3,0.0,3105.3,3123.3,18.0,4543,0
light,result_500_light.json,FG-DSCR,c209,default,edge-7,93,3123.3,0.0,3123.3,3141.3,18.0,4543,0
light,result_500_light.json,FG-DSCR,c419,default,edge-7,94,3141.3,0.0,3141.3,3159.3,18.0,4543,0
light,result_500_light.json,FG-DSCR,c029,default,edge-7,95,3159.3,0.0,3159.3,3177.3,18.0,4543,0
light,result_500_light.json,FG-DSCR,c359,default,edge-7,96,3177.3,0.0,3177.3,3195.3,18.0,4543,0
light,result_500_light.json,FG-DSCR,c091,default,edge-7,97,3195.3,330.0,3525.3,3551.3,26.0,3721,3300
light,result_500_light.json,FG-DSCR,c301,default,edge-7,98,3551.3,0.0,3551.3,3577.3,26.0,7021,0
light,result_500_light.json,FG-DSCR,c361,default,edge-7,99,3577.3,0.0,3577.3,3603.3,26.0,7021,0
light,result_500_light.json,FG-DSCR,c391,default,edge-7,100,3603.3,0.0,3603.3,3629.3,26.0,7021,0
light,result_500_light.json,FG-DSCR,c421,default,edge-7,101,3629.3,0.0,3629.3,3655.3,26.0,7021,0
light,result_500_light.json,FG-DSCR,c061,default,edge-7,102,3655.3,0.0,3655.3,3681.3,26.0,7021,0
light,result_500_light.json,FG-DSCR,c481,default,edge-7,103,3681.3,0.0,3681.3,3707.3,26.0,7021,0
light,result_500_light.json,FG-DSCR,c241,default,edge-7,104,3707.3,0.0,3707.3,3733.3,26.0,7021,0
light,result_500_light.json,FG-DSCR,c451,default,edge-7,105,3733.3,0.0,3733.3,3759.3,26.0,7021,0
light,result_500_light.json,FG-DSCR,c121,default,edge-7,106,3759.3,0.0,3759.3,3785.3,26.0,7021,0
light,result_500_light.json,FG-DSCR,c331,default,edge-7,107,3785.3,0.0,3785.3,3811.3,26.0,7021,0
light,result_500_light.json,FG-DSCR,c001,default,edge-7,108,3811.3,0.0,3811.3,3837.3,26.0,7021,0
light,result_500_light.json,FG-DSCR,c181,default,edge-7,109,3837.3,0.0,3837.3,3863.3,26.0,7021,0
light,result_500_light.json,FG-DSCR,c271,default,edge-7,110,3863.3,0.0,3863.3,3889.3,26.0,7021,0
light,result_500_light.json,FG-DSCR,c211,default,edge-7,111,3889.3,0.0,3889.3,3915.3,26.0,7021,0
light,result_500_light.json,FG-DSCR,c031,default,edge-7,112,3915.3,0.0,3915.3,3941.3,26.0,7021,0
light,result_500_light.json,FG-DSCR,c151,default,edge-7,113,3941.3,0.0,3941.3,3967.3,26.0,7021,0
light,result_500_light.json,FG-DSCR,c080,default,edge-8,1,0.0,719.4,719.4,736.4,17.0,0,7194
light,result_500_light.json,FG-DSCR,c320,default,edge-8,2,736.4,0.0,736.4,753.4,17.0,7194,0
light,result_500_light.json,FG-DSCR,c290,default,edge-8,3,753.4,0.0,753.4,770.4,17.0,7194,0
light,result_500_light.json,FG-DSCR,c020,default,edge-8,4,770.4,0.0,770.4,787.4,17.0,7194,0
light,result_500_light.json,FG-DSCR,c140,default,edge-8,5,787.4,0.0,787.4,804.4,17.0,7194,0
light,result_500_light.json,FG-DSCR,c200,default,edge-8,6,804.4,0.0,804.4,821.4,17.0,7194,0
light,result_500_light.json,FG-DSCR,c260,default,edge-8,7,821.4,0.0,821.4,838.4,17.0,7194,0
light,result_500_light.json,FG-DSCR,c470,default,edge-8,8,838.4,0.0,838.4,855.4,17.0,7194,0
light,result_500_light.json,FG-DSCR,c110,default,edge-8,9,855.4,0.0,855.4,872.4,17.0,7194,0
light,result_500_light.json,FG-DSCR,c230,default,edge-8,10,872.4,0.0,872.4,889.4,17.0,7194,0
light,result_500_light.json,FG-DSCR,c500,default,edge-8,11,889.4,0.0,889.4,906.4,17.0,7194,0
light,result_500_light.json,FG-DSCR,c170,default,edge-8,12,906.4,0.0,906.4,923.4,17.0,7194,0
light,result_500_light.json,FG-DSCR,c350,default,edge-8,13,923.4,0.0,923.4,940.4,17.0,7194,0
light,result_500_light.json,FG-DSCR,c410,default,edge-8,14,940.4,0.0,940.4,957.4,17.0,7194,0
light,result_500_light.json,FG-DSCR,c050,default,edge-8,15,957.4,0.0,957.4,974.4,17.0,7194,0
light,result_500_light.json,FG-DSCR,c440,default,edge-8,16,974.4,0.0,974.4,991.4,17.0,7194,0
light,result_500_light.json,FG-DSCR,c380,default,edge-8,17,991.4,0.0,991.4,1008.4,17.0,7194,0
light,result_500_light.json,FG-DSCR,c141,default,edge-8,18,1008.4,72.0,1080.4,1100.4,20.0,5694,720
light,result_500_light.json,FG-DSCR,c411,default,edge-8,19,1100.4,0.0,1100.4,1120.4,20.0,6414,0
light,result_500_light.json,FG-DSCR,c474,default,edge-8,20,1120.4,0.1,1120.5,1137.5,17.0,6410,1
light,result_500_light.json,FG-DSCR,c171,default,edge-8,21,1137.5,0.0,1137.5,1157.5,20.0,6414,0
light,result_500_light.json,FG-DSCR,c384,default,edge-8,22,1157.5,0.0,1157.5,1174.5,17.0,6411,0
light,result_500_light.json,FG-DSCR,c351,default,edge-8,23,1174.5,0.0,1174.5,1194.5,20.0,6414,0
light,result_500_light.json,FG-DSCR,c204,default,edge-8,24,1194.5,0.0,1194.5,1211.5,17.0,6411,0
light,result_500_light.json,FG-DSCR,c441,default,edge-8,25,1211.5,0.0,1211.5,1231.5,20.0,6414,0
light,result_500_light.json,FG-DSCR,c414,default,edge-8,26,1231.5,0.0,1231.5,1248.5,17.0,6411,0
light,result_500_light.json,FG-DSCR,c321,default,edge-8,27,1248.5,0.0,1248.5,1268.5,20.0,6414,0
light,result_500_light.json,FG-DSCR,c354,default,edge-8,28,1268.5,0.0,1268.5,1285.5,17.0,6411,0
light,result_500_light.json,FG-DSCR,c201,default,edge-8,29,1285.5,0.0,1285.5,1305.5,20.0,6414,0
light,result_500_light.json,FG-DSCR,c264,default,edge-8,30,1305.5,0.0,1305.5,1322.5,17.0,6411,0
light,result_500_light.json,FG-DSCR,c381,default,edge-8,31,1322.5,0.0,1322.5,1342.5,20.0,6414,0
light,result_500_light.json,FG-DSCR,c024,default,edge-8,32,1342.5,0.0,1342.5,1359.5,17.0,6411,0
light,result_500_light.json,FG-DSCR,c231,default,edge-8,33,1359.5,0.0,1359.5,1379.5,20.0,6414,0
light,result_500_light.json,FG-DSCR,c114,default,edge-8,34,1379.5,0.0,1379.5,1396.5,17.0,6411,0
light,result_500_light.json,FG-DSCR,c051,default,edge-8,35,1396.5,0.0,1396.5,1416.5,20.0,6414,0
light,result_500_light.json,FG-DSCR,c054,default,edge-8,36,1416.5,0.0,1416.5,1433.5,17.0,6411,0
light,result_500_light.json,FG-DSCR,c111,default,edge-8,37,1433.5,0.0,1433.5,1453.5,20.0,6414,0
light,result_500_light.json,FG-DSCR,c294,default,edge-8,38,1453.5,0.0,1453.5,1470.5,17.0,6411,0
light,result_500_light.json,FG-DSCR,c144,default,edge-8,39,1470.5,0.0,1470.5,1487.5,17.0,6411,0
light,result_500_light.json,FG-DSCR,c081,default,edge-8,40,1487.5,0.0,1487.5,1507.5,20.0,6414,0
light,result_500_light.json,FG-DSCR,c324,default,edge-8,41,1507.5,0.0,1507.5,1524.5,17.0,6411,0
light,result_500_light.json,FG-DSCR,c291,default,edge-8,42,1524.5,0.0,1524.5,1544.5,20.0,6414,0
light,result_500_light.json,FG-DSCR,c234,default,edge-8,43,1544.5,0.0,1544.5,1561.5,17.0,6411,0
light,result_500_light.json,FG-DSCR,c261,default,edge-8,44,1561.5,0.0,1561.5,1581.5,20.0,6414,0
light,result_500_light.json,FG-DSCR,c084,default,edge-8,45,1581.5,0.0,1581.5,1598.5,17.0,6411,0
light,result_500_light.json,FG-DSCR,c471,default,edge-8,46,1598.5,0.0,1598.5,1618.5,20.0,6414,0
light,result_500_light.json,FG-DSCR,c174,default,edge-8,47,1618.5,0.0,1618.5,1635.5,17.0,6411,0
light,result_500_light.json,FG-DSCR,c021,default,edge-8,48,1635.5,0.0,1635.5,1655.5,20.0,6414,0
light,result_500_light.json,FG-DSCR,c444,default,edge-8,49,1655.5,0.0,1655.5,1672.5,17.0,6411,0
light,result_500_light.json,FG-DSCR,c293,default,edge-8,50,1672.5,135.0,1807.5,1821.5,14.0,6410,1350
light,result_500_light.json,FG-DSCR,c473,default,edge-8,51,1821.5,0.0,1821.5,1835.5,14.0,7760,0
light,result_500_light.json,FG-DSCR,c233,default,edge-8,52,1835.5,0.0,1835.5,1849.5,14.0,7760,0
light,result_500_light.json,FG-DSCR,c083,default,edge-8,53,1849.5,0.0,1849.5,1863.5,14.0,7760,0
light,result_500_light.json,FG-DSCR,c443,default,edge-8,54,1863.5,0.0,1863.5,1877.5,14.0,7760,0
light,result_500_light.json,FG-DSCR,c413,default,edge-8,55,1877.5,0.0,1877.5,1891.5,14.0,7760,0
light,result_500_light.json,FG-DSCR,c353,default,edge-8,56,1891.5,0.0,1891.5,1905.5,14.0,7760,0
light,result_500_light.json,FG-DSCR,c023,default,edge-8,57,1905.5,0.0,1905.5,1919.5,14.0,7760,0
light,result_500_light.json,FG-DSCR,c173,default,edge-8,58,1919.5,0.0,1919.5,1933.5,14.0,7760,0
light,result_500_light.json,FG-DSCR,c113,default,edge-8,59,1933.5,0.0,1933.5,1947.5,14.0,7760,0
light,result_500_light.json,FG-DSCR,c323,default,edge-8,60,1947.5,0.0,1947.5,1961.5,14.0,7760,0
light,result_500_light.json,FG-DSCR,c383,default,edge-8,61,1961.5,0.0,1961.5,1975.5,14.0,7760,0
light,result_500_light.json,FG-DSCR,c143,default,edge-8,62,1975.5,0.0,1975.5,1989.5,14.0,7760,0
light,result_500_light.json,FG-DSCR,c203,default,edge-8,63,1989.5,0.0,1989.5,2003.5,14.0,7760,0
light,result_500_light.json,FG-DSCR,c053,default,edge-8,64,2003.5,0.0,2003.5,2017.5,14.0,7760,0
light,result_500_light.json,FG-DSCR,c263,default,edge-8,65,2017.5,0.0,2017.5,2031.5,14.0,7760,0
light,result_500_light.json,FG-DSCR,c499,default,edge-8,66,2031.5,90.0,2121.5,2135.5,14.0,5691,900
light,result_500_light.json,FG-DSCR,c079,default,edge-8,67,2135.5,0.0,2135.5,2149.5,14.0,6591,0
light,result_500_light.json,FG-DSCR,c469,default,edge-8,68,2149.5,0.0,2149.5,2163.5,14.0,6591,0
light,result_500_light.json,FG-DSCR,c319,default,edge-8,69,2163.5,0.0,2163.5,2177.5,14.0,6591,0
light,result_500_light.json,FG-DSCR,c412,default,edge-8,70,2177.5,0.0,2177.5,2200.5,23.0,6441,0
light,result_500_light.json,FG-DSCR,c439,default,edge-8,71,2200.5,0.0,2200.5,2214.5,14.0,6591,0
light,result_500_light.json,FG-DSCR,c052,default,edge-8,72,2214.5,0.0,2214.5,2237.5,23.0,6441,0
light,result_500_light.json,FG-DSCR,c142,default,edge-8,73,2237.5,0.0,2237.5,2260.5,23.0,6441,0
light,result_500_light.json,FG-DSCR,c379,default,edge-8,74,2260.5,0.0,2260.5,2274.5,14.0,6591,0
light,result_500_light.json,FG-DSCR,c082,default,edge-8,75,2274.5,0.0,2274.5,2297.5,23.0,6441,0
light,result_500_light.json,FG-DSCR,c199,default,edge-8,76,2297.5,0.0,2297.5,2311.5,14.0,6591,0
light,result_500_light.json,FG-DSCR,c022,default,edge-8,77,2311.5,0.0,2311.5,2334.5,23.0,6441,0
light,result_500_light.json,FG-DSCR,c259,default,edge-8,78,2334.5,0.0,2334.5,2348.5,14.0,6591,0
light,result_500_light.json,FG-DSCR,c202,default,edge-8,79,2348.5,0.0,2348.5,2371.5,23.0,6441,0
light,result_500_light.json,FG-DSCR,c289,default,edge-8,80,2371.5,0.0,2371.5,2385.5,14.0,6591,0
light,result_500_light.json,FG-DSCR,c472,default,edge-8,81,2385.5,0.0,2385.5,2408.5,23.0,6441,0
light,result_500_light.json,FG-DSCR,c169,default,edge-8,82,2408.5,0.0,2408.5,2422.5,14.0,6591,0
light,result_500_light.json,FG-DSCR,c262,default,edge-8,83,2422.5,0.0,2422.5,2445.5,23.0,6441,0
light,result_500_light.json,FG-DSCR,c349,default,edge-8,84,2445.5,0.0,2445.5,2459.5,14.0,6591,0
light,result_500_light.json,FG-DSCR,c442,default,edge-8,85,2459.5,0.0,2459.5,2482.5,23.0,6441,0
light,result_500_light.json,FG-DSCR,c049,default,edge-8,86,2482.5,0.0,2482.5,2496.5,14.0,6591,0
light,result_500_light.json,FG-DSCR,c232,default,edge-8,87,2496.5,0.0,2496.5,2519.5,23.0,6441,0
light,result_500_light.json,FG-DSCR,c139,default,edge-8,88,2519.5,0.0,2519.5,2533.5,14.0,6591,0
light,result_500_light.json,FG-DSCR,c382,default,edge-8,89,2533.5,0.0,2533.5,2556.5,23.0,6441,0
light,result_500_light.json,FG-DSCR,c109,default,edge-8,90,2556.5,0.0,2556.5,2570.5,14.0,6591,0
light,result_500_light.json,FG-DSCR,c172,default,edge-8,91,2570.5,0.0,2570.5,2593.5,23.0,6441,0
light,result_500_light.json,FG-DSCR,c322,default,edge-8,92,2593.5,0.0,2593.5,2616.5,23.0,6441,0
light,result_500_light.json,FG-DSCR,c229,default,edge-8,93,2616.5,0.0,2616.5,2630.5,14.0,6591,0
light,result_500_light.json,FG-DSCR,c112,default,edge-8,94,2630.5,0.0,2630.5,2653.5,23.0,6441,0
light,result_500_light.json,FG-DSCR,c409,default,edge-8,95,2653.5,0.0,2653.5,2667.5,14.0,6591,0
light,result_500_light.json,FG-DSCR,c352,default,edge-8,96,2667.5,0.0,2667.5,2690.5,23.0,6441,0
light,result_500_light.json,FG-DSCR,c019,default,edge-8,97,2690.5,0.0,2690.5,2704.5,14.0,6591,0
light,result_500_light.json,FG-DSCR,c292,default,edge-8,98,2704.5,0.0,2704.5,2727.5,23.0,6441,0
mid,result_500_mid.json,FG-DSCR,c035,default,edge-1,1,0.0,1404.8,1404.8,1430.8,26.0,0,7024
mid,result_500_mid.json,FG-DSCR,c455,default,edge-1,2,1430.8,0.0,1430.8,1456.8,26.0,7024,0
mid,result_500_mid.json,FG-DSCR,c395,default,edge-1,3,1456.8,0.0,1456.8,1482.8,26.0,7024,0
mid,result_500_mid.json,FG-DSCR,c215,default,edge-1,4,1482.8,0.0,1482.8,1508.8,26.0,7024,0
mid,result_500_mid.json,FG-DSCR,c305,default,edge-1,5,1508.8,0.0,1508.8,1534.8,26.0,7024,0
mid,result_500_mid.json,FG-DSCR,c485,default,edge-1,6,1534.8,0.0,1534.8,1560.8,26.0,7024,0
mid,result_500_mid.json,FG-DSCR,c095,default,edge-1,7,1560.8,0.0,1560.8,1586.8,26.0,7024,0
mid,result_500_mid.json,FG-DSCR,c275,default,edge-1,8,1586.8,0.0,1586.8,1612.8,26.0,7024,0
mid,result_500_mid.json,FG-DSCR,c065,default,edge-1,9,1612.8,0.0,1612.8,1638.8,26.0,7024,0
mid,result_500_mid.json,FG-DSCR,c185,default,edge-1,10,1638.8,0.0,1638.8,1664.8,26.0,7024,0
mid,result_500_mid.json,FG-DSCR,c335,default,edge-1,11,1664.8,0.0,1664.8,1690.8,26.0,7024,0
mid,result_500_mid.json,FG-DSCR,c005,default,edge-1,12,1690.8,0.0,1690.8,1716.8,26.0,7024,0
mid,result_500_mid.json,FG-DSCR,c125,default,edge-1,13,1716.8,0.0,1716.8,1742.8,26.0,7024,0
mid,result_500_mid.json,FG-DSCR,c155,default,edge-1,14,1742.8,0.0,1742.8,1768.8,26.0,7024,0
mid,result_500_mid.json,FG-DSCR,c365,default,edge-1,15,1768.8,0.0,1768.8,1794.8,26.0,7024,0
mid,result_500_mid.json,FG-DSCR,c425,default,edge-1,16,1794.8,0.0,1794.8,1820.8,26.0,7024,0
mid,result_500_mid.json,FG-DSCR,c245,default,edge-1,17,1820.8,0.0,1820.8,1846.8,26.0,7024,0
mid,result_500_mid.json,FG-DSCR,c153,default,edge-1,18,1846.8,220.0,2066.8,2098.8,32.0,5374,1100
mid,result_500_mid.json,FG-DSCR,c333,default,edge-1,19,2098.8,0.0,2098.8,2130.8,32.0,6474,0
mid,result_500_mid.json,FG-DSCR,c303,default,edge-1,20,2130.8,0.0,2130.8,2162.8,32.0,6474,0
mid,result_500_mid.json,FG-DSCR,c423,default,edge-1,21,2162.8,0.0,2162.8,2194.8,32.0,6474,0
mid,result_500_mid.json,FG-DSCR,c093,default,edge-1,22,2194.8,0.0,2194.8,2226.8,32.0,6474,0
mid,result_500_mid.json,FG-DSCR,c363,default,edge-1,23,2226.8,0.0,2226.8,2258.8,32.0,6474,0
mid,result_500_mid.json,FG-DSCR,c123,default,edge-1,24,2258.8,0.0,2258.8,2290.8,32.0,6474,0
mid,result_500_mid.json,FG-DSCR,c063,default,edge-1,25,2290.8,0.0,2290.8,2322.8,32.0,6474,0
mid,result_500_mid.json,FG-DSCR,c003,default,edge-1,26,2322.8,0.0,2322.8,2354.8,32.0,6474,0
mid,result_500_mid.json,FG-DSCR,c213,default,edge-1,27,2354.8,0.0,2354.8,2386.8,32.0,6474,0
mid,result_500_mid.json,FG-DSCR,c243,default,edge-1,28,2386.8,0.0,2386.8,2418.8,32.0,6474,0
mid,result_500_mid.json,FG-DSCR,c483,default,edge-1,29,2418.8,0.0,2418.8,2450.8,32.0,6474,0
mid,result_500_mid.json,FG-DSCR,c033,default,edge-1,30,2450.8,0.0,2450.8,2482.8,32.0,6474,0
mid,result_500_mid.json,FG-DSCR,c393,default,edge-1,31,2482.8,0.0,2482.8,2514.8,32.0,6474,0
mid,result_500_mid.json,FG-DSCR,c453,default,edge-1,32,2514.8,0.0,2514.8,2546.8,32.0,6474,0
mid,result_500_mid.json,FG-DSCR,c183,default,edge-1,33,2546.8,0.0,2546.8,2578.8,32.0,6474,0
mid,result_500_mid.json,FG-DSCR,c273,default,edge-1,34,2578.8,0.0,2578.8,2610.8,32.0,6474,0
mid,result_500_mid.json,FG-DSCR,c241,default,edge-1,35,2610.8,270.2,2881.0,2907.0,26.0,5670,1351
mid,result_500_mid.json,FG-DSCR,c121,default,edge-1,36,2907.0,0.0,2907.0,2933.0,26.0,7021,0
mid,result_500_mid.json,FG-DSCR,c181,default,edge-1,37,2933.0,0.0,2933.0,2959.0,26.0,7021,0
mid,result_500_mid.json,FG-DSCR,c421,default,edge-1,38,2959.0,0.0,2959.0,2985.0,26.0,7021,0
mid,result_500_mid.json,FG-DSCR,c031,default,edge-1,39,2985.0,0.0,2985.0,3011.0,26.0,7021,0
mid,result_500_mid.json,FG-DSCR,c061,default,edge-1,40,3011.0,0.0,3011.0,3037.0,26.0,7021,0
mid,result_500_mid.json,FG-DSCR,c151,default,edge-1,41,3037.0,0.0,3037.0,3063.0,26.0,7021,0
mid,result_500_mid.json,FG-DSCR,c211,default,edge-1,42,3063.0,0.0,3063.0,3089.0,26.0,7021,0
mid,result_500_mid.json,FG-DSCR,c091,default,edge-1,43,3089.0,0.0,3089.0,3115.0,26.0,7021,0
mid,result_500_mid.json,FG-DSCR,c001,default,edge-1,44,3115.0,0.0,3115.0,3141.0,26.0,7021,0
mid,result_500_mid.json,FG-DSCR,c391,default,edge-1,45,3141.0,0.0,3141.0,3167.0,26.0,7021,0
mid,result_500_mid.json,FG-DSCR,c361,default,edge-1,46,3167.0,0.0,3167.0,3193.0,26.0,7021,0
mid,result_500_mid.json,FG-DSCR,c271,default,edge-1,47,3193.0,0.0,3193.0,3219.0,26.0,7021,0
mid,result_500_mid.json,FG-DSCR,c451,default,edge-1,48,3219.0,0.0,3219.0,3245.0,26.0,7021,0
mid,result_500_mid.json,FG-DSCR,c481,default,edge-1,49,3245.0,0.0,3245.0,3271.0,26.0,7021,0
mid,result_500_mid.json,FG-DSCR,c301,default,edge-1,50,3271.0,0.0,3271.0,3297.0,26.0,7021,0
mid,result_500_mid.json,FG-DSCR,c331,default,edge-1,51,3297.0,0.0,3297.0,3323.0,26.0,7021,0
mid,result_500_mid.json,FG-DSCR,c002,default,edge-2,1,0.0,1464.8,1464.8,1493.8,29.0,0,7324
mid,result_500_mid.json,FG-DSCR,c242,default,edge-2,2,1493.8,0.0,1493.8,1522.8,29.0,7324,0
mid,result_500_mid.json,FG-DSCR,c152,default,edge-2,3,1522.8,0.0,1522.8,1551.8,29.0,7324,0
mid,result_500_mid.json,FG-DSCR,c392,default,edge-2,4,1551.8,0.0,1551.8,1580.8,29.0,7324,0
mid,result_500_mid.json,FG-DSCR,c452,default,edge-2,5,1580.8,0.0,1580.8,1609.8,29.0,7324,0
mid,result_500_mid.json,FG-DSCR,c482,default,edge-2,6,1609.8,0.0,1609.8,1638.8,29.0,7324,0
mid,result_500_mid.json,FG-DSCR,c212,default,edge-2,7,1638.8,0.0,1638.8,1667.8,29.0,7324,0
mid,result_500_mid.json,FG-DSCR,c332,default,edge-2,8,1667.8,0.0,1667.8,1696.8,29.0,7324,0
mid,result_500_mid.json,FG-DSCR,c092,default,edge-2,9,1696.8,0.0,1696.8,1725.8,29.0,7324,0
mid,result_500_mid.json,FG-DSCR,c122,default,edge-2,10,1725.8,0.0,1725.8,1754.8,29.0,7324,0
mid,result_500_mid.json,FG-DSCR,c182,default,edge-2,11,1754.8,0.0,1754.8,1783.8,29.0,7324,0
mid,result_500_mid.json,FG-DSCR,c362,default,edge-2,12,1783.8,0.0,1783.8,1812.8,29.0,7324,0
mid,result_500_mid.json,FG-DSCR,c032,default,edge-2,13,1812.8,0.0,1812.8,1841.8,29.0,7324,0
mid,result_500_mid.json,FG-DSCR,c422,default,edge-2,14,1841.8,0.0,1841.8,1870.8,29.0,7324,0
mid,result_500_mid.json,FG-DSCR,c272,default,edge-2,15,1870.8,0.0,1870.8,1899.8,29.0,7324,0
mid,result_500_mid.json,FG-DSCR,c302,default,edge-2,16,1899.8,0.0,1899.8,1928.8,29.0,7324,0
mid,result_500_mid.json,FG-DSCR,c062,default,edge-2,17,1928.8,0.0,1928.8,1957.8,29.0,7324,0
mid,result_500_mid.json,FG-DSCR,c094,default,edge-2,18,1957.8,330.2,2288.0,2323.0,35.0,5670,1651
mid,result_500_mid.json,FG-DSCR,c124,default,edge-2,19,2323.0,0.0,2323.0,2358.0,35.0,7321,0
mid,result_500_mid.json,FG-DSCR,c154,default,edge-2,20,2358.0,0.0,2358.0,2393.0,35.0,7321,0
mid,result_500_mid.json,FG-DSCR,c364,default,edge-2,21,2393.0,0.0,2393.0,2428.0,35.0,7321,0
mid,result_500_mid.json,FG-DSCR,c214,default,edge-2,22,2428.0,0.0,2428.0,2463.0,35.0,7321,0
mid,result_500_mid.json,FG-DSCR,c274,default,edge-2,23,2463.0,0.0,2463.0,2498.0,35.0,7321,0
mid,result_500_mid.json,FG-DSCR,c034,default,edge-2,24,2498.0,0.0,2498.0,2533.0,35.0,7321,0
mid,result_500_mid.json,FG-DSCR,c004,default,edge-2,25,2533.0,0.0,2533.0,2568.0,35.0,7321,0
mid,result_500_mid.json,FG-DSCR,c484,default,edge-2,26,2568.0,0.0,2568.0,2603.0,35.0,7321,0
mid,result_500_mid.json,FG-DSCR,c454,default,edge-2,27,2603.0,0.0,2603.0,2638.0,35.0,7321,0
mid,result_500_mid.json,FG-DSCR,c424,default,edge-2,28,2638.0,0.0,2638.0,2673.0,35.0,7321,0
mid,result_500_mid.json,FG-DSCR,c064,default,edge-2,29,2673.0,0.0,2673.0,2708.0,35.0,7321,0
mid,result_500_mid.json,FG-DSCR,c394,default,edge-2,30,2708.0,0.0,2708.0,2743.0,35.0,7321,0
mid,result_500_mid.json,FG-DSCR,c184,default,edge-2,31,2743.0,0.0,2743.0,2778.0,35.0,7321,0
mid,result_500_mid.json,FG-DSCR,c244,default,edge-2,32,2778.0,0.0,2778.0,2813.0,35.0,7321,0
mid,result_500_mid.json,FG-DSCR,c334,default,edge-2,33,2813.0,0.0,2813.0,2848.0,35.0,7321,0
mid,result_500_mid.json,FG-DSCR,c304,default,edge-2,34,2848.0,0.0,2848.0,2883.0,35.0,7321,0
mid,result_500_mid.json,FG-DSCR,c276,default,edge-2,35,2883.0,360.0,3243.0,3272.0,29.0,5671,1800
mid,result_500_mid.json,FG-DSCR,c126,default,edge-2,36,3272.0,0.0,3272.0,3301.0,29.0,7471,0
mid,result_500_mid.json,FG-DSCR,c486,default,edge-2,37,3301.0,0.0,3301.0,3330.0,29.0,7471,0
mid,result_500_mid.json,FG-DSCR,c336,default,edge-2,38,3330.0,0.0,3330.0,3359.0,29.0,7471,0
mid,result_500_mid.json,FG-DSCR,c396,default,edge-2,39,3359.0,0.0,3359.0,3388.0,29.0,7471,0
mid,result_500_mid.json,FG-DSCR,c366,default,edge-2,40,3388.0,0.0,3388.0,3417.0,29.0,7471,0
mid,result_500_mid.json,FG-DSCR,c426,default,edge-2,41,3417.0,0.0,3417.0,3446.0,29.0,7471,0
mid,result_500_mid.json,FG-DSCR,c216,default,edge-2,42,3446.0,0.0,3446.0,3475.0,29.0,7471,0
mid,result_500_mid.json,FG-DSCR,c306,default,edge-2,43,3475.0,0.0,3475.0,3504.0,29.0,7471,0
mid,result_500_mid.json,FG-DSCR,c456,default,edge-2,44,3504.0,0.0,3504.0,3533.0,29.0,7471,0
mid,result_500_mid.json,FG-DSCR,c156,default,edge-2,45,3533.0,0.0,3533.0,3562.0,29.0,7471,0
mid,result_500_mid.json,FG-DSCR,c096,default,edge-2,46,3562.0,0.0,3562.0,3591.0,29.0,7471,0
mid,result_500_mid.json,FG-DSCR,c036,default,edge-2,47,3591.0,0.0,3591.0,3620.0,29.0,7471,0
mid,result_500_mid.json,FG-DSCR,c006,default,edge-2,48,3620.0,0.0,3620.0,3649.0,29.0,7471,0
mid,result_500_mid.json,FG-DSCR,c246,default,edge-2,49,3649.0,0.0,3649.0,3678.0,29.0,7471,0
mid,result_500_mid.json,FG-DSCR,c186,default,edge-2,50,3678.0,0.0,3678.0,3707.0,29.0,7471,0
mid,result_500_mid.json,FG-DSCR,c066,default,edge-2,51,3707.0,0.0,3707.0,3736.0,29.0,7471,0
mid,result_500_mid.json,FG-DSCR,c008,default,edge-3,1,0.0,2261.8,2261.8,2304.8,43.0,0,22618
mid,result_500_mid.json,FG-DSCR,c248,default,edge-3,2,2304.8,0.0,2304.8,2347.8,43.0,22618,0
mid,result_500_mid.json,FG-DSCR,c218,default,edge-3,3,2347.8,0.0,2347.8,2390.8,43.0,22618,0
mid,result_500_mid.json,FG-DSCR,c338,default,edge-3,4,2390.8,0.0,2390.8,2433.8,43.0,22618,0
mid,result_500_mid.json,FG-DSCR,c398,default,edge-3,5,2433.8,0.0,2433.8,2476.8,43.0,22618,0
mid,result_500_mid.json,FG-DSCR,c368,default,edge-3,6,2476.8,0.0,2476.8,2519.8,43.0,22618,0
mid,result_500_mid.json,FG-DSCR,c308,default,edge-3,7,2519.8,0.0,2519.8,2562.8,43.0,22618,0
mid,result_500_mid.json,FG-DSCR,c278,default,edge-3,8,2562.8,0.0,2562.8,2605.8,43.0,22618,0
mid,result_500_mid.json,FG-DSCR,c098,default,edge-3,9,2605.8,0.0,2605.8,2648.8,43.0,22618,0
mid,result_500_mid.json,FG-DSCR,c038,default,edge-3,10,2648.8,0.0,2648.8,2691.8,43.0,22618,0
mid,result_500_mid.json,FG-DSCR,c158,default,edge-3,11,2691.8,0.0,2691.8,2734.8,43.0,22618,0
mid,result_500_mid.json,FG-DSCR,c428,default,edge-3,12,2734.8,0.0,2734.8,2777.8,43.0,22618,0
mid,result_500_mid.json,FG-DSCR,c458,default,edge-3,13,2777.8,0.0,2777.8,2820.8,43.0,22618,0
mid,result_500_mid.json,FG-DSCR,c188,default,edge-3,14,2820.8,0.0,2820.8,2863.8,43.0,22618,0
mid,result_500_mid.json,FG-DSCR,c488,default,edge-3,15,2863.8,0.0,2863.8,2906.8,43.0,22618,0
mid,result_500_mid.json,FG-DSCR,c068,default,edge-3,16,2906.8,0.0,2906.8,2949.8,43.0,22618,0
mid,result_500_mid.json,FG-DSCR,c128,default,edge-3,17,2949.8,0.0,2949.8,2992.8,43.0,22618,0
mid,result_500_mid.json,FG-DSCR,c097,default,edge-3,18,2992.8,760.0,3752.8,3792.8,40.0,22610,7600
mid,result_500_mid.json,FG-DSCR,c487,default,edge-3,19,3792.8,0.0,3792.8,3832.8,40.0,30210,0
mid,result_500_mid.json,FG-DSCR,c277,default,edge-3,20,3832.8,0.0,3832.8,3872.8,40.0,30210,0
mid,result_500_mid.json,FG-DSCR,c187,default,edge-3,21,3872.8,0.0,3872.8,3912.8,40.0,30210,0
mid,result_500_mid.json,FG-DSCR,c037,default,edge-3,22,3912.8,0.0,3912.8,3952.8,40.0,30210,0
mid,result_500_mid.json,FG-DSCR,c367,default,edge-3,23,3952.8,0.0,3952.8,3992.8,40.0,30210,0
mid,result_500_mid.json,FG-DSCR,c217,default,edge-3,24,3992.8,0.0,3992.8,4032.8,40.0,30210,0
mid,result_500_mid.json,FG-DSCR,c427,default,edge-3,25,4032.8,0.0,4032.8,4072.8,40.0,30210,0
mid,result_500_mid.json,FG-DSCR,c397,default,edge-3,26,4072.8,0.0,4072.8,4112.8,40.0,30210,0
mid,result_500_mid.json,FG-DSCR,c457,default,edge-3,27,4112.8,0.0,4112.8,4152.8,40.0,30210,0
mid,result_500_mid.json,FG-DSCR,c307,default,edge-3,28,4152.8,0.0,4152.8,4192.8,40.0,30210,0
mid,result_500_mid.json,FG-DSCR,c127,default,edge-3,29,4192.8,0.0,4192.8,4232.8,40.0,30210,0
mid,result_500_mid.json,FG-DSCR,c247,default,edge-3,30,4232.8,0.0,4232.8,4272.8,40.0,30210,0
mid,result_500_mid.json,FG-DSCR,c067,default,edge-3,31,4272.8,0.0,4272.8,4312.8,40.0,30210,0
mid,result_500_mid.json,FG-DSCR,c157,default,edge-3,32,4312.8,0.0,4312.8,4352.8,40.0,30210,0
mid,result_500_mid.json,FG-DSCR,c007,default,edge-3,33,4352.8,0.0,4352.8,4392.8,40.0,30210,0
mid,result_500_mid.json,FG-DSCR,c337,default,edge-3,34,4392.8,0.0,4392.8,4432.8,40.0,30210,0
mid,result_500_mid.json,FG-DSCR,c100,default,edge-4,1,0.0,2659.0,2659.0,2708.0,49.0,0,26590
mid,result_500_mid.json,FG-DSCR,c040,default,edge-4,2,2708.0,0.0,2708.0,2757.0,49.0,26590,0
mid,result_500_mid.json,FG-DSCR,c310,default,edge-4,3,2757.0,0.0,2757.0,2806.0,49.0,26590,0
mid,result_500_mid.json,FG-DSCR,c220,default,edge-4,4,2806.0,0.0,2806.0,2855.0,49.0,26590,0
mid,result_500_mid.json,FG-DSCR,c160,default,edge-4,5,2855.0,0.0,2855.0,2904.0,49.0,26590,0
mid,result_500_mid.json,FG-DSCR,c490,default,edge-4,6,2904.0,0.0,2904.0,2953.0,49.0,26590,0
mid,result_500_mid.json,FG-DSCR,c130,default,edge-4,7,2953.0,0.0,2953.0,3002.0,49.0,26590,0
mid,result_500_mid.json,FG-DSCR,c250,default,edge-4,8,3002.0,0.0,3002.0,3051.0,49.0,26590,0
mid,result_500_mid.json,FG-DSCR,c460,default,edge-4,9,3051.0,0.0,3051.0,3100.0,49.0,26590,0
mid,result_500_mid.json,FG-DSCR,c190,default,edge-4,10,3100.0,0.0,3100.0,3149.0,49.0,26590,0
mid,result_500_mid.json,FG-DSCR,c280,default,edge-4,11,3149.0,0.0,3149.0,3198.0,49.0,26590,0
mid,result_500_mid.json,FG-DSCR,c010,default,edge-4,12,3198.0,0.0,3198.0,3247.0,49.0,26590,0
mid,result_500_mid.json,FG-DSCR,c340,default,edge-4,13,3247.0,0.0,3247.0,3296.0,49.0,26590,0
mid,result_500_mid.json,FG-DSCR,c430,default,edge-4,14,3296.0,0.0,3296.0,3345.0,49.0,26590,0
mid,result_500_mid.json,FG-DSCR,c370,default,edge-4,15,3345.0,0.0,3345.0,3394.0,49.0,26590,0
mid,result_500_mid.json,FG-DSCR,c400,default,edge-4,16,3394.0,0.0,3394.0,3443.0,49.0,26590,0
mid,result_500_mid.json,FG-DSCR,c070,default,edge-4,17,3443.0,0.0,3443.0,3492.0,49.0,26590,0
mid,result_500_mid.json,FG-DSCR,c072,default,edge-4,18,3492.0,760.0,4252.0,4295.0,43.0,25090,7600
mid,result_500_mid.json,FG-DSCR,c012,default,edge-4,19,4295.0,0.0,4295.0,4338.0,43.0,32690,0
mid,result_500_mid.json,FG-DSCR,c192,default,edge-4,20,4338.0,0.0,4338.0,4381.0,43.0,32690,0
mid,result_500_mid.json,FG-DSCR,c372,default,edge-4,21,4381.0,0.0,4381.0,4424.0,43.0,32690,0
mid,result_500_mid.json,FG-DSCR,c462,default,edge-4,22,4424.0,0.0,4424.0,4467.0,43.0,32690,0
mid,result_500_mid.json,FG-DSCR,c402,default,edge-4,23,4467.0,0.0,4467.0,4510.0,43.0,32690,0
mid,result_500_mid.json,FG-DSCR,c252,default,edge-4,24,4510.0,0.0,4510.0,4553.0,43.0,32690,0
mid,result_500_mid.json,FG-DSCR,c102,default,edge-4,25,4553.0,0.0,4553.0,4596.0,43.0,32690,0
mid,result_500_mid.json,FG-DSCR,c132,default,edge-4,26,4596.0,0.0,4596.0,4639.0,43.0,32690,0
mid,result_500_mid.json,FG-DSCR,c162,default,edge-4,27,4639.0,0.0,4639.0,4682.0,43.0,32690,0
mid,result_500_mid.json,FG-DSCR,c312,default,edge-4,28,4682.0,0.0,4682.0,4725.0,43.0,32690,0
mid,result_500_mid.json,FG-DSCR,c042,default,edge-4,29,4725.0,0.0,4725.0,4768.0,43.0,32690,0
mid,result_500_mid.json,FG-DSCR,c492,default,edge-4,30,4768.0,0.0,4768.0,4811.0,43.0,32690,0
mid,result_500_mid.json,FG-DSCR,c222,default,edge-4,31,4811.0,0.0,4811.0,4854.0,43.0,32690,0
mid,result_500_mid.json,FG-DSCR,c342,default,edge-4,32,4854.0,0.0,4854.0,4897.0,43.0,32690,0
mid,result_500_mid.json,FG-DSCR,c282,default,edge-4,33,4897.0,0.0,4897.0,4940.0,43.0,32690,0
mid,result_500_mid.json,FG-DSCR,c432,default,edge-4,34,4940.0,0.0,4940.0,4983.0,43.0,32690,0
mid,result_500_mid.json,FG-DSCR,c221,default,edge-4,35,4983.0,720.0,5703.0,5743.0,40.0,23290,7200
mid,result_500_mid.json,FG-DSCR,c311,default,edge-4,36,5743.0,0.0,5743.0,5783.0,40.0,30490,0
mid,result_500_mid.json,FG-DSCR,c101,default,edge-4,37,5783.0,0.0,5783.0,5823.0,40.0,30490,0
mid,result_500_mid.json,FG-DSCR,c191,default,edge-4,38,5823.0,0.0,5823.0,5863.0,40.0,30490,0
mid,result_500_mid.json,FG-DSCR,c161,default,edge-4,39,5863.0,0.0,5863.0,5903.0,40.0,30490,0
mid,result_500_mid.json,FG-DSCR,c341,default,edge-4,40,5903.0,0.0,5903.0,5943.0,40.0,30490,0
mid,result_500_mid.json,FG-DSCR,c071,default,edge-4,41,5943.0,0.0,5943.0,5983.0,40.0,30490,0
mid,result_500_mid.json,FG-DSCR,c281,default,edge-4,42,5983.0,0.0,5983.0,6023.0,40.0,30490,0
mid,result_500_mid.json,FG-DSCR,c461,default,edge-4,43,6023.0,0.0,6023.0,6063.0,40.0,30490,0
mid,result_500_mid.json,FG-DSCR,c131,default,edge-4,44,6063.0,0.0,6063.0,6103.0,40.0,30490,0
mid,result_500_mid.json,FG-DSCR,c371,default,edge-4,45,6103.0,0.0,6103.0,6143.0,40.0,30490,0
mid,result_500_mid.json,FG-DSCR,c431,default,edge-4,46,6143.0,0.0,6143.0,6183.0,40.0,30490,0
mid,result_500_mid.json,FG-DSCR,c251,default,edge-4,47,6183.0,0.0,6183.0,6223.0,40.0,30490,0
mid,result_500_mid.json,FG-DSCR,c041,default,edge-4,48,6223.0,0.0,6223.0,6263.0,40.0,30490,0
mid,result_500_mid.json,FG-DSCR,c401,default,edge-4,49,6263.0,0.0,6263.0,6303.0,40.0,30490,0
mid,result_500_mid.json,FG-DSCR,c011,default,edge-4,50,6303.0,0.0,6303.0,6343.0,40.0,30490,0
mid,result_500_mid.json,FG-DSCR,c491,default,edge-4,51,6343.0,0.0,6343.0,6383.0,40.0,30490,0
mid,result_500_mid.json,FG-DSCR,c069,default,edge-4,52,6383.0,72.8,6455.8,6501.8,46.0,15390,728
mid,result_500_mid.json,FG-DSCR,c429,default,edge-4,53,6501.8,0.0,6501.8,6547.8,46.0,16118,0
mid,result_500_mid.json,FG-DSCR,c309,default,edge-4,54,6547.8,0.0,6547.8,6593.8,46.0,16118,0
mid,result_500_mid.json,FG-DSCR,c189,default,edge-4,55,6593.8,0.0,6593.8,6639.8,46.0,16118,0
mid,result_500_mid.json,FG-DSCR,c129,default,edge-4,56,6639.8,0.0,6639.8,6685.8,46.0,16118,0
mid,result_500_mid.json,FG-DSCR,c099,default,edge-4,57,6685.8,0.0,6685.8,6731.8,46.0,16118,0
mid,result_500_mid.json,FG-DSCR,c399,default,edge-4,58,6731.8,0.0,6731.8,6777.8,46.0,16118,0
mid,result_500_mid.json,FG-DSCR,c219,default,edge-4,59,6777.8,0.0,6777.8,6823.8,46.0,16118,0
mid,result_500_mid.json,FG-DSCR,c009,default,edge-4,60,6823.8,0.0,6823.8,6869.8,46.0,16118,0
mid,result_500_mid.json,FG-DSCR,c489,default,edge-4,61,6869.8,0.0,6869.8,6915.8,46.0,16118,0
mid,result_500_mid.json,FG-DSCR,c279,default,edge-4,62,6915.8,0.0,6915.8,6961.8,46.0,16118,0
mid,result_500_mid.json,FG-DSCR,c249,default,edge-4,63,6961.8,0.0,6961.8,7007.8,46.0,16118,0
mid,result_500_mid.json,FG-DSCR,c159,default,edge-4,64,7007.8,0.0,7007.8,7053.8,46.0,16118,0
mid,result_500_mid.json,FG-DSCR,c459,default,edge-4,65,7053.8,0.0,7053.8,7099.8,46.0,16118,0
mid,result_500_mid.json,FG-DSCR,c369,default,edge-4,66,7099.8,0.0,7099.8,7145.8,46.0,16118,0
mid,result_500_mid.json,FG-DSCR,c039,default,edge-4,67,7145.8,0.0,7145.8,7191.8,46.0,16118,0
mid,result_500_mid.json,FG-DSCR,c339,default,edge-4,68,7191.8,0.0,7191.8,7237.8,46.0,16118,0
mid,result_500_mid.json,FG-DSCR,c136,default,edge-5,1,0.0,896.0,896.0,927.0,31.0,0,4480
mid,result_500_mid.json,FG-DSCR,c436,default,edge-5,2,927.0,0.0,927.0,958.0,31.0,4480,0
mid,result_500_mid.json,FG-DSCR,c466,default,edge-5,3,958.0,0.0,958.0,989.0,31.0,4480,0
mid,result_500_mid.json,FG-DSCR,c316,default,edge-5,4,989.0,0.0,989.0,1020.0,31.0,4480,0
mid,result_500_mid.json,FG-DSCR,c376,default,edge-5,5,1020.0,0.0,1020.0,1051.0,31.0,4480,0
mid,result_500_mid.json,FG-DSCR,c046,default,edge-5,6,1051.0,0.0,1051.0,1082.0,31.0,4480,0
mid,result_500_mid.json,FG-DSCR,c286,default,edge-5,7,1082.0,0.0,1082.0,1113.0,31.0,4480,0
mid,result_500_mid.json,FG-DSCR,c256,default,edge-5,8,1113.0,0.0,1113.0,1144.0,31.0,4480,0
mid,result_500_mid.json,FG-DSCR,c076,default,edge-5,9,1144.0,0.0,1144.0,1175.0,31.0,4480,0
mid,result_500_mid.json,FG-DSCR,c166,default,edge-5,10,1175.0,0.0,1175.0,1206.0,31.0,4480,0
mid,result_500_mid.json,FG-DSCR,c016,default,edge-5,11,1206.0,0.0,1206.0,1237.0,31.0,4480,0
mid,result_500_mid.json,FG-DSCR,c346,default,edge-5,12,1237.0,0.0,1237.0,1268.0,31.0,4480,0
mid,result_500_mid.json,FG-DSCR,c406,default,edge-5,13,1268.0,0.0,1268.0,1299.0,31.0,4480,0
mid,result_500_mid.json,FG-DSCR,c106,default,edge-5,14,1299.0,0.0,1299.0,1330.0,31.0,4480,0
mid,result_500_mid.json,FG-DSCR,c196,default,edge-5,15,1330.0,0.0,1330.0,1361.0,31.0,4480,0
mid,result_500_mid.json,FG-DSCR,c496,default,edge-5,16,1361.0,0.0,1361.0,1392.0,31.0,4480,0
mid,result_500_mid.json,FG-DSCR,c226,default,edge-5,17,1392.0,0.0,1392.0,1423.0,31.0,4480,0
mid,result_500_mid.json,FG-DSCR,c347,default,edge-5,18,1423.0,360.0,1783.0,1805.0,22.0,4472,1800
mid,result_500_mid.json,FG-DSCR,c077,default,edge-5,19,1805.0,0.0,1805.0,1827.0,22.0,6272,0
mid,result_500_mid.json,FG-DSCR,c257,default,edge-5,20,1827.0,0.0,1827.0,1849.0,22.0,6272,0
mid,result_500_mid.json,FG-DSCR,c167,default,edge-5,21,1849.0,0.0,1849.0,1871.0,22.0,6272,0
mid,result_500_mid.json,FG-DSCR,c197,default,edge-5,22,1871.0,0.0,1871.0,1893.0,22.0,6272,0
mid,result_500_mid.json,FG-DSCR,c377,default,edge-5,23,1893.0,0.0,1893.0,1915.0,22.0,6272,0
mid,result_500_mid.json,FG-DSCR,c317,default,edge-5,24,1915.0,0.0,1915.0,1937.0,22.0,6272,0
mid,result_500_mid.json,FG-DSCR,c467,default,edge-5,25,1937.0,0.0,1937.0,1959.0,22.0,6272,0
mid,result_500_mid.json,FG-DSCR,c137,default,edge-5,26,1959.0,0.0,1959.0,1981.0,22.0,6272,0
mid,result_500_mid.json,FG-DSCR,c287,default,edge-5,27,1981.0,0.0,1981.0,2003.0,22.0,6272,0
mid,result_500_mid.json,FG-DSCR,c047,default,edge-5,28,2003.0,0.0,2003.0,2025.0,22.0,6272,0
mid,result_500_mid.json,FG-DSCR,c497,default,edge-5,29,2025.0,0.0,2025.0,2047.0,22.0,6272,0
mid,result_500_mid.json,FG-DSCR,c437,default,edge-5,30,2047.0,0.0,2047.0,2069.0,22.0,6272,0
mid,result_500_mid.json,FG-DSCR,c017,default,edge-5,31,2069.0,0.0,2069.0,2091.0,22.0,6272,0
mid,result_500_mid.json,FG-DSCR,c107,default,edge-5,32,2091.0,0.0,2091.0,2113.0,22.0,6272,0
mid,result_500_mid.json,FG-DSCR,c407,default,edge-5,33,2113.0,0.0,2113.0,2135.0,22.0,6272,0
mid,result_500_mid.json,FG-DSCR,c227,default,edge-5,34,2135.0,0.0,2135.0,2157.0,22.0,6272,0
mid,result_500_mid.json,FG-DSCR,c463,default,edge-5,35,2157.0,0.8,2157.8,2179.8,22.0,5628,4
mid,result_500_mid.json,FG-DSCR,c493,default,edge-5,36,2179.8,0.0,2179.8,2201.8,22.0,5632,0
mid,result_500_mid.json,FG-DSCR,c343,default,edge-5,37,2201.8,0.0,2201.8,2223.8,22.0,5632,0
mid,result_500_mid.json,FG-DSCR,c313,default,edge-5,38,2223.8,0.0,2223.8,2245.8,22.0,5632,0
mid,result_500_mid.json,FG-DSCR,c193,default,edge-5,39,2245.8,0.0,2245.8,2267.8,22.0,5632,0
mid,result_500_mid.json,FG-DSCR,c373,default,edge-5,40,2267.8,0.0,2267.8,2289.8,22.0,5632,0
mid,result_500_mid.json,FG-DSCR,c013,default,edge-5,41,2289.8,0.0,2289.8,2311.8,22.0,5632,0
mid,result_500_mid.json,FG-DSCR,c403,default,edge-5,42,2311.8,0.0,2311.8,2333.8,22.0,5632,0
mid,result_500_mid.json,FG-DSCR,c433,default,edge-5,43,2333.8,0.0,2333.8,2355.8,22.0,5632,0
mid,result_500_mid.json,FG-DSCR,c163,default,edge-5,44,2355.8,0.0,2355.8,2377.8,22.0,5632,0
mid,result_500_mid.json,FG-DSCR,c253,default,edge-5,45,2377.8,0.0,2377.8,2399.8,22.0,5632,0
mid,result_500_mid.json,FG-DSCR,c133,default,edge-5,46,2399.8,0.0,2399.8,2421.8,22.0,5632,0
mid,result_500_mid.json,FG-DSCR,c103,default,edge-5,47,2421.8,0.0,2421.8,2443.8,22.0,5632,0
mid,result_500_mid.json,FG-DSCR,c283,default,edge-5,48,2443.8,0.0,2443.8,2465.8,22.0,5632,0
mid,result_500_mid.json,FG-DSCR,c043,default,edge-5,49,2465.8,0.0,2465.8,2487.8,22.0,5632,0
mid,result_500_mid.json,FG-DSCR,c223,default,edge-5,50,2487.8,0.0,2487.8,2509.8,22.0,5632,0
mid,result_500_mid.json,FG-DSCR,c073,default,edge-5,51,2509.8,0.0,2509.8,2531.8,22.0,5632,0
mid,result_500_mid.json,FG-DSCR,c138,default,edge-6,1,0.0,455.2,455.2,480.2,25.0,0,4552
mid,result_500_mid.json,FG-DSCR,c288,default,edge-6,2,480.2,0.0,480.2,505.2,25.0,4552,0
mid,result_500_mid.json,FG-DSCR,c078,default,edge-6,3,505.2,0.0,505.2,530.2,25.0,4552,0
mid,result_500_mid.json,FG-DSCR,c408,default,edge-6,4,530.2,0.0,530.2,555.2,25.0,4552,0
mid,result_500_mid.json,FG-DSCR,c018,default,edge-6,5,555.2,0.0,555.2,580.2,25.0,4552,0
mid,result_500_mid.json,FG-DSCR,c048,default,edge-6,6,580.2,0.0,580.2,605.2,25.0,4552,0
mid,result_500_mid.json,FG-DSCR,c108,default,edge-6,7,605.2,0.0,605.2,630.2,25.0,4552,0
mid,result_500_mid.json,FG-DSCR,c258,default,edge-6,8,630.2,0.0,630.2,655.2,25.0,4552,0
mid,result_500_mid.json,FG-DSCR,c168,default,edge-6,9,655.2,0.0,655.2,680.2,25.0,4552,0
mid,result_500_mid.json,FG-DSCR,c498,default,edge-6,10,680.2,0.0,680.2,705.2,25.0,4552,0
mid,result_500_mid.json,FG-DSCR,c348,default,edge-6,11,705.2,0.0,705.2,730.2,25.0,4552,0
mid,result_500_mid.json,FG-DSCR,c468,default,edge-6,12,730.2,0.0,730.2,755.2,25.0,4552,0
mid,result_500_mid.json,FG-DSCR,c198,default,edge-6,13,755.2,0.0,755.2,780.2,25.0,4552,0
mid,result_500_mid.json,FG-DSCR,c228,default,edge-6,14,780.2,0.0,780.2,805.2,25.0,4552,0
mid,result_500_mid.json,FG-DSCR,c438,default,edge-6,15,805.2,0.0,805.2,830.2,25.0,4552,0
mid,result_500_mid.json,FG-DSCR,c378,default,edge-6,16,830.2,0.0,830.2,855.2,25.0,4552,0
mid,result_500_mid.json,FG-DSCR,c318,default,edge-6,17,855.2,0.0,855.2,880.2,25.0,4552,0
mid,result_500_mid.json,FG-DSCR,c195,default,edge-6,18,880.2,875.0,1755.2,1783.2,28.0,3824,8750
mid,result_500_mid.json,FG-DSCR,c495,default,edge-6,19,1783.2,0.0,1783.2,1811.2,28.0,12574,0
mid,result_500_mid.json,FG-DSCR,c225,default,edge-6,20,1811.2,0.0,1811.2,1839.2,28.0,12574,0
mid,result_500_mid.json,FG-DSCR,c435,default,edge-6,21,1839.2,0.0,1839.2,1867.2,28.0,12574,0
mid,result_500_mid.json,FG-DSCR,c375,default,edge-6,22,1867.2,0.0,1867.2,1895.2,28.0,12574,0
mid,result_500_mid.json,FG-DSCR,c285,default,edge-6,23,1895.2,0.0,1895.2,1923.2,28.0,12574,0
mid,result_500_mid.json,FG-DSCR,c465,default,edge-6,24,1923.2,0.0,1923.2,1951.2,28.0,12574,0
mid,result_500_mid.json,FG-DSCR,c315,default,edge-6,25,1951.2,0.0,1951.2,1979.2,28.0,12574,0
mid,result_500_mid.json,FG-DSCR,c045,default,edge-6,26,1979.2,0.0,1979.2,2007.2,28.0,12574,0
mid,result_500_mid.json,FG-DSCR,c015,default,edge-6,27,2007.2,0.0,2007.2,2035.2,28.0,12574,0
mid,result_500_mid.json,FG-DSCR,c105,default,edge-6,28,2035.2,0.0,2035.2,2063.2,28.0,12574,0
mid,result_500_mid.json,FG-DSCR,c255,default,edge-6,29,2063.2,0.0,2063.2,2091.2,28.0,12574,0
mid,result_500_mid.json,FG-DSCR,c345,default,edge-6,30,2091.2,0.0,2091.2,2119.2,28.0,12574,0
mid,result_500_mid.json,FG-DSCR,c135,default,edge-6,31,2119.2,0.0,2119.2,2147.2,28.0,12574,0
mid,result_500_mid.json,FG-DSCR,c075,default,edge-6,32,2147.2,0.0,2147.2,2175.2,28.0,12574,0
mid,result_500_mid.json,FG-DSCR,c405,default,edge-6,33,2175.2,0.0,2175.2,2203.2,28.0,12574,0
mid,result_500_mid.json,FG-DSCR,c165,default,edge-6,34,2203.2,0.0,2203.2,2231.2,28.0,12574,0
mid,result_500_mid.json,FG-DSCR,c104,default,edge-6,35,2231.2,760.0,2991.2,3016.2,25.0,12640,7600
mid,result_500_mid.json,FG-DSCR,c314,default,edge-6,36,3016.2,0.0,3016.2,3041.2,25.0,20240,0
mid,result_500_mid.json,FG-DSCR,c194,default,edge-6,37,3041.2,0.0,3041.2,3066.2,25.0,20240,0
mid,result_500_mid.json,FG-DSCR,c164,default,edge-6,38,3066.2,0.0,3066.2,3091.2,25.0,20240,0
mid,result_500_mid.json,FG-DSCR,c344,default,edge-6,39,3091.2,0.0,3091.2,3116.2,25.0,20240,0
mid,result_500_mid.json,FG-DSCR,c464,default,edge-6,40,3116.2,0.0,3116.2,3141.2,25.0,20240,0
mid,result_500_mid.json,FG-DSCR,c014,default,edge-6,41,3141.2,0.0,3141.2,3166.2,25.0,20240,0
mid,result_500_mid.json,FG-DSCR,c434,default,edge-6,42,3166.2,0.0,3166.2,3191.2,25.0,20240,0
mid,result_500_mid.json,FG-DSCR,c374,default,edge-6,43,3191.2,0.0,3191.2,3216.2,25.0,20240,0
mid,result_500_mid.json,FG-DSCR,c134,default,edge-6,44,3216.2,0.0,3216.2,3241.2,25.0,20240,0
mid,result_500_mid.json,FG-DSCR,c494,default,edge-6,45,3241.2,0.0,3241.2,3266.2,25.0,20240,0
mid,result_500_mid.json,FG-DSCR,c074,default,edge-6,46,3266.2,0.0,3266.2,3291.2,25.0,20240,0
mid,result_500_mid.json,FG-DSCR,c224,default,edge-6,47,3291.2,0.0,3291.2,3316.2,25.0,20240,0
mid,result_500_mid.json,FG-DSCR,c404,default,edge-6,48,3316.2,0.0,3316.2,3341.2,25.0,20240,0
mid,result_500_mid.json,FG-DSCR,c284,default,edge-6,49,3341.2,0.0,3341.2,3366.2,25.0,20240,0
mid,result_500_mid.json,FG-DSCR,c044,default,edge-6,50,3366.2,0.0,3366.2,3391.2,25.0,20240,0
mid,result_500_mid.json,FG-DSCR,c254,default,edge-6,51,3391.2,0.0,3391.2,3416.2,25.0,20240,0
mid,result_500_mid.json,FG-DSCR,c295,default,edge-7,1,0.0,634.2,634.2,652.2,18.0,0,6342
mid,result_500_mid.json,FG-DSCR,c445,default,edge-7,2,652.2,0.0,652.2,670.2,18.0,6342,0
mid,result_500_mid.json,FG-DSCR,c145,default,edge-7,3,670.2,0.0,670.2,688.2,18.0,6342,0
mid,result_500_mid.json,FG-DSCR,c055,default,edge-7,4,688.2,0.0,688.2,706.2,18.0,6342,0
mid,result_500_mid.json,FG-DSCR,c025,default,edge-7,5,706.2,0.0,706.2,724.2,18.0,6342,0
mid,result_500_mid.json,FG-DSCR,c115,default,edge-7,6,724.2,0.0,724.2,742.2,18.0,6342,0
mid,result_500_mid.json,FG-DSCR,c235,default,edge-7,7,742.2,0.0,742.2,760.2,18.0,6342,0
mid,result_500_mid.json,FG-DSCR,c475,default,edge-7,8,760.2,0.0,760.2,778.2,18.0,6342,0
mid,result_500_mid.json,FG-DSCR,c175,default,edge-7,9,778.2,0.0,778.2,796.2,18.0,6342,0
mid,result_500_mid.json,FG-DSCR,c415,default,edge-7,10,796.2,0.0,796.2,814.2,18.0,6342,0
mid,result_500_mid.json,FG-DSCR,c355,default,edge-7,11,814.2,0.0,814.2,832.2,18.0,6342,0
mid,result_500_mid.json,FG-DSCR,c385,default,edge-7,12,832.2,0.0,832.2,850.2,18.0,6342,0
mid,result_500_mid.json,FG-DSCR,c325,default,edge-7,13,850.2,0.0,850.2,868.2,18.0,6342,0
mid,result_500_mid.json,FG-DSCR,c085,default,edge-7,14,868.2,0.0,868.2,886.2,18.0,6342,0
mid,result_500_mid.json,FG-DSCR,c265,default,edge-7,15,886.2,0.0,886.2,904.2,18.0,6342,0
mid,result_500_mid.json,FG-DSCR,c205,default,edge-7,16,904.2,0.0,904.2,922.2,18.0,6342,0
mid,result_500_mid.json,FG-DSCR,c297,default,edge-7,17,922.2,65.0,987.2,1011.2,24.0,6340,650
mid,result_500_mid.json,FG-DSCR,c117,default,edge-7,18,1011.2,0.0,1011.2,1035.2,24.0,6990,0
mid,result_500_mid.json,FG-DSCR,c417,default,edge-7,19,1035.2,0.0,1035.2,1059.2,24.0,6990,0
mid,result_500_mid.json,FG-DSCR,c267,default,edge-7,20,1059.2,0.0,1059.2,1083.2,24.0,6990,0
mid,result_500_mid.json,FG-DSCR,c387,default,edge-7,21,1083.2,0.0,1083.2,1107.2,24.0,6990,0
mid,result_500_mid.json,FG-DSCR,c477,default,edge-7,22,1107.2,0.0,1107.2,1131.2,24.0,6990,0
mid,result_500_mid.json,FG-DSCR,c237,default,edge-7,23,1131.2,0.0,1131.2,1155.2,24.0,6990,0
mid,result_500_mid.json,FG-DSCR,c207,default,edge-7,24,1155.2,0.0,1155.2,1179.2,24.0,6990,0
mid,result_500_mid.json,FG-DSCR,c057,default,edge-7,25,1179.2,0.0,1179.2,1203.2,24.0,6990,0
mid,result_500_mid.json,FG-DSCR,c357,default,edge-7,26,1203.2,0.0,1203.2,1227.2,24.0,6990,0
mid,result_500_mid.json,FG-DSCR,c327,default,edge-7,27,1227.2,0.0,1227.2,1251.2,24.0,6990,0
mid,result_500_mid.json,FG-DSCR,c447,default,edge-7,28,1251.2,0.0,1251.2,1275.2,24.0,6990,0
mid,result_500_mid.json,FG-DSCR,c147,default,edge-7,29,1275.2,0.0,1275.2,1299.2,24.0,6990,0
mid,result_500_mid.json,FG-DSCR,c087,default,edge-7,30,1299.2,0.0,1299.2,1323.2,24.0,6990,0
mid,result_500_mid.json,FG-DSCR,c177,default,edge-7,31,1323.2,0.0,1323.2,1347.2,24.0,6990,0
mid,result_500_mid.json,FG-DSCR,c027,default,edge-7,32,1347.2,0.0,1347.2,1371.2,24.0,6990,0
mid,result_500_mid.json,FG-DSCR,c298,default,edge-7,33,1371.2,72.1,1443.3,1470.3,27.0,4540,721
mid,result_500_mid.json,FG-DSCR,c028,default,edge-7,34,1470.3,0.0,1470.3,1497.3,27.0,5261,0
mid,result_500_mid.json,FG-DSCR,c418,default,edge-7,35,1497.3,0.0,1497.3,1524.3,27.0,5261,0
mid,result_500_mid.json,FG-DSCR,c358,default,edge-7,36,1524.3,0.0,1524.3,1551.3,27.0,5261,0
mid,result_500_mid.json,FG-DSCR,c088,default,edge-7,37,1551.3,0.0,1551.3,1578.3,27.0,5261,0
mid,result_500_mid.json,FG-DSCR,c118,default,edge-7,38,1578.3,0.0,1578.3,1605.3,27.0,5261,0
mid,result_500_mid.json,FG-DSCR,c238,default,edge-7,39,1605.3,0.0,1605.3,1632.3,27.0,5261,0
mid,result_500_mid.json,FG-DSCR,c416,default,edge-7,40,1632.3,195.0,1827.3,1848.3,21.0,5960,1950
mid,result_500_mid.json,FG-DSCR,c266,default,edge-7,41,1848.3,0.0,1848.3,1869.3,21.0,7910,0
mid,result_500_mid.json,FG-DSCR,c086,default,edge-7,42,1869.3,0.0,1869.3,1890.3,21.0,7910,0
mid,result_500_mid.json,FG-DSCR,c386,default,edge-7,43,1890.3,0.0,1890.3,1911.3,21.0,7910,0
mid,result_500_mid.json,FG-DSCR,c206,default,edge-7,44,1911.3,0.0,1911.3,1932.3,21.0,7910,0
mid,result_500_mid.json,FG-DSCR,c056,default,edge-7,45,1932.3,0.0,1932.3,1953.3,21.0,7910,0
mid,result_500_mid.json,FG-DSCR,c446,default,edge-7,46,1953.3,0.0,1953.3,1974.3,21.0,7910,0
mid,result_500_mid.json,FG-DSCR,c236,default,edge-7,47,1974.3,0.0,1974.3,1995.3,21.0,7910,0
mid,result_500_mid.json,FG-DSCR,c176,default,edge-7,48,1995.3,0.0,1995.3,2016.3,21.0,7910,0
mid,result_500_mid.json,FG-DSCR,c146,default,edge-7,49,2016.3,0.0,2016.3,2037.3,21.0,7910,0
mid,result_500_mid.json,FG-DSCR,c116,default,edge-7,50,2037.3,0.0,2037.3,2058.3,21.0,7910,0
mid,result_500_mid.json,FG-DSCR,c326,default,edge-7,51,2058.3,0.0,2058.3,2079.3,21.0,7910,0
mid,result_500_mid.json,FG-DSCR,c026,default,edge-7,52,2079.3,0.0,2079.3,2100.3,21.0,7910,0
mid,result_500_mid.json,FG-DSCR,c296,default,edge-7,53,2100.3,0.0,2100.3,2121.3,21.0,7910,0
mid,result_500_mid.json,FG-DSCR,c476,default,edge-7,54,2121.3,0.0,2121.3,2142.3,21.0,7910,0
mid,result_500_mid.json,FG-DSCR,c356,default,edge-7,55,2142.3,0.0,2142.3,2163.3,21.0,7910,0
mid,result_500_mid.json,FG-DSCR,c208,default,edge-7,56,2163.3,0.0,2163.3,2190.3,27.0,5261,0
mid,result_500_mid.json,FG-DSCR,c058,default,edge-7,57,2190.3,0.0,2190.3,2217.3,27.0,5261,0
mid,result_500_mid.json,FG-DSCR,c148,default,edge-7,58,2217.3,0.0,2217.3,2244.3,27.0,5261,0
mid,result_500_mid.json,FG-DSCR,c448,default,edge-7,59,2244.3,0.0,2244.3,2271.3,27.0,5261,0
mid,result_500_mid.json,FG-DSCR,c388,default,edge-7,60,2271.3,0.0,2271.3,2298.3,27.0,5261,0
mid,result_500_mid.json,FG-DSCR,c268,default,edge-7,61,2298.3,0.0,2298.3,2325.3,27.0,5261,0
mid,result_500_mid.json,FG-DSCR,c478,default,edge-7,62,2325.3,0.0,2325.3,2352.3,27.0,5261,0
mid,result_500_mid.json,FG-DSCR,c328,default,edge-7,63,2352.3,0.0,2352.3,2379.3,27.0,5261,0
mid,result_500_mid.json,FG-DSCR,c178,default,edge-7,64,2379.3,0.0,2379.3,2406.3,27.0,5261,0
mid,result_500_mid.json,FG-DSCR,c090,default,edge-7,65,2406.3,165.0,2571.3,2592.3,21.0,6110,1650
mid,result_500_mid.json,FG-DSCR,c390,default,edge-7,66,2592.3,0.0,2592.3,2613.3,21.0,7760,0
mid,result_500_mid.json,FG-DSCR,c420,default,edge-7,67,2613.3,0.0,2613.3,2634.3,21.0,7760,0
mid,result_500_mid.json,FG-DSCR,c300,default,edge-7,68,2634.3,0.0,2634.3,2655.3,21.0,7760,0
mid,result_500_mid.json,FG-DSCR,c150,default,edge-7,69,2655.3,0.0,2655.3,2676.3,21.0,7760,0
mid,result_500_mid.json,FG-DSCR,c030,default,edge-7,70,2676.3,0.0,2676.3,2697.3,21.0,7760,0
mid,result_500_mid.json,FG-DSCR,c330,default,edge-7,71,2697.3,0.0,2697.3,2718.3,21.0,7760,0
mid,result_500_mid.json,FG-DSCR,c360,default,edge-7,72,2718.3,0.0,2718.3,2739.3,21.0,7760,0
mid,result_500_mid.json,FG-DSCR,c180,default,edge-7,73,2739.3,0.0,2739.3,2760.3,21.0,7760,0
mid,result_500_mid.json,FG-DSCR,c480,default,edge-7,74,2760.3,0.0,2760.3,2781.3,21.0,7760,0
mid,result_500_mid.json,FG-DSCR,c210,default,edge-7,75,2781.3,0.0,2781.3,2802.3,21.0,7760,0
mid,result_500_mid.json,FG-DSCR,c060,default,edge-7,76,2802.3,0.0,2802.3,2823.3,21.0,7760,0
mid,result_500_mid.json,FG-DSCR,c120,default,edge-7,77,2823.3,0.0,2823.3,2844.3,21.0,7760,0
mid,result_500_mid.json,FG-DSCR,c240,default,edge-7,78,2844.3,0.0,2844.3,2865.3,21.0,7760,0
mid,result_500_mid.json,FG-DSCR,c270,default,edge-7,79,2865.3,0.0,2865.3,2886.3,21.0,7760,0
mid,result_500_mid.json,FG-DSCR,c450,default,edge-7,80,2886.3,0.0,2886.3,2907.3,21.0,7760,0
mid,result_500_mid.json,FG-DSCR,c269,default,edge-7,81,2907.3,0.0,2907.3,2925.3,18.0,4543,0
mid,result_500_mid.json,FG-DSCR,c359,default,edge-7,82,2925.3,0.0,2925.3,2943.3,18.0,4543,0
mid,result_500_mid.json,FG-DSCR,c449,default,edge-7,83,2943.3,0.0,2943.3,2961.3,18.0,4543,0
mid,result_500_mid.json,FG-DSCR,c389,default,edge-7,84,2961.3,0.0,2961.3,2979.3,18.0,4543,0
mid,result_500_mid.json,FG-DSCR,c479,default,edge-7,85,2979.3,0.0,2979.3,2997.3,18.0,4543,0
mid,result_500_mid.json,FG-DSCR,c419,default,edge-7,86,2997.3,0.0,2997.3,3015.3,18.0,4543,0
mid,result_500_mid.json,FG-DSCR,c329,default,edge-7,87,3015.3,0.0,3015.3,3033.3,18.0,4543,0
mid,result_500_mid.json,FG-DSCR,c239,default,edge-7,88,3033.3,0.0,3033.3,3051.3,18.0,4543,0
mid,result_500_mid.json,FG-DSCR,c089,default,edge-7,89,3051.3,0.0,3051.3,3069.3,18.0,4543,0
mid,result_500_mid.json,FG-DSCR,c029,default,edge-7,90,3069.3,0.0,3069.3,3087.3,18.0,4543,0
mid,result_500_mid.json,FG-DSCR,c059,default,edge-7,91,3087.3,0.0,3087.3,3105.3,18.0,4543,0
mid,result_500_mid.json,FG-DSCR,c179,default,edge-7,92,3105.3,0.0,3105.3,3123.3,18.0,4543,0
mid,result_500_mid.json,FG-DSCR,c299,default,edge-7,93,3123.3,0.0,3123.3,3141.3,18.0,4543,0
mid,result_500_mid.json,FG-DSCR,c209,default,edge-7,94,3141.3,0.0,3141.3,3159.3,18.0,4543,0
mid,result_500_mid.json,FG-DSCR,c149,default,edge-7,95,3159.3,0.0,3159.3,3177.3,18.0,4543,0
mid,result_500_mid.json,FG-DSCR,c119,default,edge-7,96,3177.3,0.0,3177.3,3195.3,18.0,4543,0
mid,result_500_mid.json,FG-DSCR,c050,default,edge-8,1,0.0,719.4,719.4,736.4,17.0,0,7194
mid,result_500_mid.json,FG-DSCR,c410,default,edge-8,2,736.4,0.0,736.4,753.4,17.0,7194,0
mid,result_500_mid.json,FG-DSCR,c230,default,edge-8,3,753.4,0.0,753.4,770.4,17.0,7194,0
mid,result_500_mid.json,FG-DSCR,c200,default,edge-8,4,770.4,0.0,770.4,787.4,17.0,7194,0
mid,result_500_mid.json,FG-DSCR,c470,default,edge-8,5,787.4,0.0,787.4,804.4,17.0,7194,0
mid,result_500_mid.json,FG-DSCR,c260,default,edge-8,6,804.4,0.0,804.4,821.4,17.0,7194,0
mid,result_500_mid.json,FG-DSCR,c170,default,edge-8,7,821.4,0.0,821.4,838.4,17.0,7194,0
mid,result_500_mid.json,FG-DSCR,c320,default,edge-8,8,838.4,0.0,838.4,855.4,17.0,7194,0
mid,result_500_mid.json,FG-DSCR,c110,default,edge-8,9,855.4,0.0,855.4,872.4,17.0,7194,0
mid,result_500_mid.json,FG-DSCR,c440,default,edge-8,10,872.4,0.0,872.4,889.4,17.0,7194,0
mid,result_500_mid.json,FG-DSCR,c500,default,edge-8,11,889.4,0.0,889.4,906.4,17.0,7194,0
mid,result_500_mid.json,FG-DSCR,c140,default,edge-8,12,906.4,0.0,906.4,923.4,17.0,7194,0
mid,result_500_mid.json,FG-DSCR,c290,default,edge-8,13,923.4,0.0,923.4,940.4,17.0,7194,0
mid,result_500_mid.json,FG-DSCR,c080,default,edge-8,14,940.4,0.0,940.4,957.4,17.0,7194,0
mid,result_500_mid.json,FG-DSCR,c380,default,edge-8,15,957.4,0.0,957.4,974.4,17.0,7194,0
mid,result_500_mid.json,FG-DSCR,c020,default,edge-8,16,974.4,0.0,974.4,991.4,17.0,7194,0
mid,result_500_mid.json,FG-DSCR,c350,default,edge-8,17,991.4,0.0,991.4,1008.4,17.0,7194,0
mid,result_500_mid.json,FG-DSCR,c261,default,edge-8,18,1008.4,72.0,1080.4,1100.4,20.0,5694,720
mid,result_500_mid.json,FG-DSCR,c351,default,edge-8,19,1100.4,0.0,1100.4,1120.4,20.0,6414,0
mid,result_500_mid.json,FG-DSCR,c084,default,edge-8,20,1120.4,0.1,1120.5,1137.5,17.0,6410,1
mid,result_500_mid.json,FG-DSCR,c471,default,edge-8,21,1137.5,0.0,1137.5,1157.5,20.0,6414,0
mid,result_500_mid.json,FG-DSCR,c414,default,edge-8,22,1157.5,0.0,1157.5,1174.5,17.0,6411,0
mid,result_500_mid.json,FG-DSCR,c081,default,edge-8,23,1174.5,0.0,1174.5,1194.5,20.0,6414,0
mid,result_500_mid.json,FG-DSCR,c174,default,edge-8,24,1194.5,0.0,1194.5,1211.5,17.0,6411,0
mid,result_500_mid.json,FG-DSCR,c381,default,edge-8,25,1211.5,0.0,1211.5,1231.5,20.0,6414,0
mid,result_500_mid.json,FG-DSCR,c114,default,edge-8,26,1231.5,0.0,1231.5,1248.5,17.0,6411,0
mid,result_500_mid.json,FG-DSCR,c171,default,edge-8,27,1248.5,0.0,1248.5,1268.5,20.0,6414,0
mid,result_500_mid.json,FG-DSCR,c144,default,edge-8,28,1268.5,0.0,1268.5,1285.5,17.0,6411,0
mid,result_500_mid.json,FG-DSCR,c021,default,edge-8,29,1285.5,0.0,1285.5,1305.5,20.0,6414,0
mid,result_500_mid.json,FG-DSCR,c384,default,edge-8,30,1305.5,0.0,1305.5,1322.5,17.0,6411,0
mid,result_500_mid.json,FG-DSCR,c291,default,edge-8,31,1322.5,0.0,1322.5,1342.5,20.0,6414,0
mid,result_500_mid.json,FG-DSCR,c054,default,edge-8,32,1342.5,0.0,1342.5,1359.5,17.0,6411,0
mid,result_500_mid.json,FG-DSCR,c441,default,edge-8,33,1359.5,0.0,1359.5,1379.5,20.0,6414,0
mid,result_500_mid.json,FG-DSCR,c294,default,edge-8,34,1379.5,0.0,1379.5,1396.5,17.0,6411,0
mid,result_500_mid.json,FG-DSCR,c111,default,edge-8,35,1396.5,0.0,1396.5,1416.5,20.0,6414,0
mid,result_500_mid.json,FG-DSCR,c024,default,edge-8,36,1416.5,0.0,1416.5,1433.5,17.0,6411,0
mid,result_500_mid.json,FG-DSCR,c051,default,edge-8,37,1433.5,0.0,1433.5,1453.5,20.0,6414,0
mid,result_500_mid.json,FG-DSCR,c324,default,edge-8,38,1453.5,0.0,1453.5,1470.5,17.0,6411,0
mid,result_500_mid.json,FG-DSCR,c204,default,edge-8,39,1470.5,0.0,1470.5,1487.5,17.0,6411,0
mid,result_500_mid.json,FG-DSCR,c201,default,edge-8,40,1487.5,0.0,1487.5,1507.5,20.0,6414,0
mid,result_500_mid.json,FG-DSCR,c474,default,edge-8,41,1507.5,0.0,1507.5,1524.5,17.0,6411,0
mid,result_500_mid.json,FG-DSCR,c231,default,edge-8,42,1524.5,0.0,1524.5,1544.5,20.0,6414,0
mid,result_500_mid.json,FG-DSCR,c444,default,edge-8,43,1544.5,0.0,1544.5,1561.5,17.0,6411,0
mid,result_500_mid.json,FG-DSCR,c411,default,edge-8,44,1561.5,0.0,1561.5,1581.5,20.0,6414,0
mid,result_500_mid.json,FG-DSCR,c234,default,edge-8,45,1581.5,0.0,1581.5,1598.5,17.0,6411,0
mid,result_500_mid.json,FG-DSCR,c141,default,edge-8,46,1598.5,0.0,1598.5,1618.5,20.0,6414,0
mid,result_500_mid.json,FG-DSCR,c264,default,edge-8,47,1618.5,0.0,1618.5,1635.5,17.0,6411,0
mid,result_500_mid.json,FG-DSCR,c321,default,edge-8,48,1635.5,0.0,1635.5,1655.5,20.0,6414,0
mid,result_500_mid.json,FG-DSCR,c354,default,edge-8,49,1655.5,0.0,1655.5,1672.5,17.0,6411,0
mid,result_500_mid.json,FG-DSCR,c053,default,edge-8,50,1672.5,135.0,1807.5,1821.5,14.0,6410,1350
mid,result_500_mid.json,FG-DSCR,c383,default,edge-8,51,1821.5,0.0,1821.5,1835.5,14.0,7760,0
mid,result_500_mid.json,FG-DSCR,c353,default,edge-8,52,1835.5,0.0,1835.5,1849.5,14.0,7760,0
mid,result_500_mid.json,FG-DSCR,c143,default,edge-8,53,1849.5,0.0,1849.5,1863.5,14.0,7760,0
mid,result_500_mid.json,FG-DSCR,c083,default,edge-8,54,1863.5,0.0,1863.5,1877.5,14.0,7760,0
mid,result_500_mid.json,FG-DSCR,c233,default,edge-8,55,1877.5,0.0,1877.5,1891.5,14.0,7760,0
mid,result_500_mid.json,FG-DSCR,c293,default,edge-8,56,1891.5,0.0,1891.5,1905.5,14.0,7760,0
mid,result_500_mid.json,FG-DSCR,c113,default,edge-8,57,1905.5,0.0,1905.5,1919.5,14.0,7760,0
mid,result_500_mid.json,FG-DSCR,c263,default,edge-8,58,1919.5,0.0,1919.5,1933.5,14.0,7760,0
mid,result_500_mid.json,FG-DSCR,c173,default,edge-8,59,1933.5,0.0,1933.5,1947.5,14.0,7760,0
mid,result_500_mid.json,FG-DSCR,c203,default,edge-8,60,1947.5,0.0,1947.5,1961.5,14.0,7760,0
mid,result_500_mid.json,FG-DSCR,c323,default,edge-8,61,1961.5,0.0,1961.5,1975.5,14.0,7760,0
mid,result_500_mid.json,FG-DSCR,c443,default,edge-8,62,1975.5,0.0,1975.5,1989.5,14.0,7760,0
mid,result_500_mid.json,FG-DSCR,c023,default,edge-8,63,1989.5,0.0,1989.5,2003.5,14.0,7760,0
mid,result_500_mid.json,FG-DSCR,c473,default,edge-8,64,2003.5,0.0,2003.5,2017.5,14.0,7760,0
mid,result_500_mid.json,FG-DSCR,c413,default,edge-8,65,2017.5,0.0,2017.5,2031.5,14.0,7760,0
mid,result_500_mid.json,FG-DSCR,c229,default,edge-8,66,2031.5,90.0,2121.5,2135.5,14.0,5691,900
mid,result_500_mid.json,FG-DSCR,c349,default,edge-8,67,2135.5,0.0,2135.5,2149.5,14.0,6591,0
mid,result_500_mid.json,FG-DSCR,c499,default,edge-8,68,2149.5,0.0,2149.5,2163.5,14.0,6591,0
mid,result_500_mid.json,FG-DSCR,c169,default,edge-8,69,2163.5,0.0,2163.5,2177.5,14.0,6591,0
mid,result_500_mid.json,FG-DSCR,c202,default,edge-8,70,2177.5,0.0,2177.5,2200.5,23.0,6441,0
mid,result_500_mid.json,FG-DSCR,c079,default,edge-8,71,2200.5,0.0,2200.5,2214.5,14.0,6591,0
mid,result_500_mid.json,FG-DSCR,c382,default,edge-8,72,2214.5,0.0,2214.5,2237.5,23.0,6441,0
mid,result_500_mid.json,FG-DSCR,c352,default,edge-8,73,2237.5,0.0,2237.5,2260.5,23.0,6441,0
mid,result_500_mid.json,FG-DSCR,c199,default,edge-8,74,2260.5,0.0,2260.5,2274.5,14.0,6591,0
mid,result_500_mid.json,FG-DSCR,c022,default,edge-8,75,2274.5,0.0,2274.5,2297.5,23.0,6441,0
mid,result_500_mid.json,FG-DSCR,c379,default,edge-8,76,2297.5,0.0,2297.5,2311.5,14.0,6591,0
mid,result_500_mid.json,FG-DSCR,c292,default,edge-8,77,2311.5,0.0,2311.5,2334.5,23.0,6441,0
mid,result_500_mid.json,FG-DSCR,c019,default,edge-8,78,2334.5,0.0,2334.5,2348.5,14.0,6591,0
mid,result_500_mid.json,FG-DSCR,c112,default,edge-8,79,2348.5,0.0,2348.5,2371.5,23.0,6441,0
mid,result_500_mid.json,FG-DSCR,c409,default,edge-8,80,2371.5,0.0,2371.5,2385.5,14.0,6591,0
mid,result_500_mid.json,FG-DSCR,c232,default,edge-8,81,2385.5,0.0,2385.5,2408.5,23.0,6441,0
mid,result_500_mid.json,FG-DSCR,c259,default,edge-8,82,2408.5,0.0,2408.5,2422.5,14.0,6591,0
mid,result_500_mid.json,FG-DSCR,c472,default,edge-8,83,2422.5,0.0,2422.5,2445.5,23.0,6441,0
mid,result_500_mid.json,FG-DSCR,c469,default,edge-8,84,2445.5,0.0,2445.5,2459.5,14.0,6591,0
mid,result_500_mid.json,FG-DSCR,c442,default,edge-8,85,2459.5,0.0,2459.5,2482.5,23.0,6441,0
mid,result_500_mid.json,FG-DSCR,c109,default,edge-8,86,2482.5,0.0,2482.5,2496.5,14.0,6591,0
mid,result_500_mid.json,FG-DSCR,c052,default,edge-8,87,2496.5,0.0,2496.5,2519.5,23.0,6441,0
mid,result_500_mid.json,FG-DSCR,c049,default,edge-8,88,2519.5,0.0,2519.5,2533.5,14.0,6591,0
mid,result_500_mid.json,FG-DSCR,c322,default,edge-8,89,2533.5,0.0,2533.5,2556.5,23.0,6441,0
mid,result_500_mid.json,FG-DSCR,c319,default,edge-8,90,2556.5,0.0,2556.5,2570.5,14.0,6591,0
mid,result_500_mid.json,FG-DSCR,c412,default,edge-8,91,2570.5,0.0,2570.5,2593.5,23.0,6441,0
mid,result_500_mid.json,FG-DSCR,c082,default,edge-8,92,2593.5,0.0,2593.5,2616.5,23.0,6441,0
mid,result_500_mid.json,FG-DSCR,c139,default,edge-8,93,2616.5,0.0,2616.5,2630.5,14.0,6591,0
mid,result_500_mid.json,FG-DSCR,c172,default,edge-8,94,2630.5,0.0,2630.5,2653.5,23.0,6441,0
mid,result_500_mid.json,FG-DSCR,c289,default,edge-8,95,2653.5,0.0,2653.5,2667.5,14.0,6591,0
mid,result_500_mid.json,FG-DSCR,c262,default,edge-8,96,2667.5,0.0,2667.5,2690.5,23.0,6441,0
mid,result_500_mid.json,FG-DSCR,c439,default,edge-8,97,2690.5,0.0,2690.5,2704.5,14.0,6591,0
mid,result_500_mid.json,FG-DSCR,c142,default,edge-8,98,2704.5,0.0,2704.5,2727.5,23.0,6441,0
mid2,result_500_mid2.json,FG-DSCR,c481,default,edge-1,1,0.0,1404.2,1404.2,1430.2,26.0,0,7021
mid2,result_500_mid2.json,FG-DSCR,c151,default,edge-1,2,1430.2,0.0,1430.2,1456.2,26.0,7021,0
mid2,result_500_mid2.json,FG-DSCR,c331,default,edge-1,3,1456.2,0.0,1456.2,1482.2,26.0,7021,0
mid2,result_500_mid2.json,FG-DSCR,c301,default,edge-1,4,1482.2,0.0,1482.2,1508.2,26.0,7021,0
mid2,result_500_mid2.json,FG-DSCR,c241,default,edge-1,5,1508.2,0.0,1508.2,1534.2,26.0,7021,0
mid2,result_500_mid2.json,FG-DSCR,c361,default,edge-1,6,1534.2,0.0,1534.2,1560.2,26.0,7021,0
mid2,result_500_mid2.json,FG-DSCR,c271,default,edge-1,7,1560.2,0.0,1560.2,1586.2,26.0,7021,0
mid2,result_500_mid2.json,FG-DSCR,c391,default,edge-1,8,1586.2,0.0,1586.2,1612.2,26.0,7021,0
mid2,result_500_mid2.json,FG-DSCR,c001,default,edge-1,9,1612.2,0.0,1612.2,1638.2,26.0,7021,0
mid2,result_500_mid2.json,FG-DSCR,c181,default,edge-1,10,1638.2,0.0,1638.2,1664.2,26.0,7021,0
mid2,result_500_mid2.json,FG-DSCR,c061,default,edge-1,11,1664.2,0.0,1664.2,1690.2,26.0,7021,0
mid2,result_500_mid2.json,FG-DSCR,c031,default,edge-1,12,1690.2,0.0,1690.2,1716.2,26.0,7021,0
mid2,result_500_mid2.json,FG-DSCR,c211,default,edge-1,13,1716.2,0.0,1716.2,1742.2,26.0,7021,0
mid2,result_500_mid2.json,FG-DSCR,c091,default,edge-1,14,1742.2,0.0,1742.2,1768.2,26.0,7021,0
mid2,result_500_mid2.json,FG-DSCR,c451,default,edge-1,15,1768.2,0.0,1768.2,1794.2,26.0,7021,0
mid2,result_500_mid2.json,FG-DSCR,c121,default,edge-1,16,1794.2,0.0,1794.2,1820.2,26.0,7021,0
mid2,result_500_mid2.json,FG-DSCR,c421,default,edge-1,17,1820.2,0.0,1820.2,1846.2,26.0,7021,0
mid2,result_500_mid2.json,FG-DSCR,c152,default,edge-2,1,0.0,1464.8,1464.8,1493.8,29.0,0,7324
mid2,result_500_mid2.json,FG-DSCR,c062,default,edge-2,2,1493.8,0.0,1493.8,1522.8,29.0,7324,0
mid2,result_500_mid2.json,FG-DSCR,c182,default,edge-2,3,1522.8,0.0,1522.8,1551.8,29.0,7324,0
mid2,result_500_mid2.json,FG-DSCR,c032,default,edge-2,4,1551.8,0.0,1551.8,1580.8,29.0,7324,0
mid2,result_500_mid2.json,FG-DSCR,c242,default,edge-2,5,1580.8,0.0,1580.8,1609.8,29.0,7324,0
mid2,result_500_mid2.json,FG-DSCR,c392,default,edge-2,6,1609.8,0.0,1609.8,1638.8,29.0,7324,0
mid2,result_500_mid2.json,FG-DSCR,c452,default,edge-2,7,1638.8,0.0,1638.8,1667.8,29.0,7324,0
mid2,result_500_mid2.json,FG-DSCR,c092,default,edge-2,8,1667.8,0.0,1667.8,1696.8,29.0,7324,0
mid2,result_500_mid2.json,FG-DSCR,c482,default,edge-2,9,1696.8,0.0,1696.8,1725.8,29.0,7324,0
mid2,result_500_mid2.json,FG-DSCR,c332,default,edge-2,10,1725.8,0.0,1725.8,1754.8,29.0,7324,0
mid2,result_500_mid2.json,FG-DSCR,c302,default,edge-2,11,1754.8,0.0,1754.8,1783.8,29.0,7324,0
mid2,result_500_mid2.json,FG-DSCR,c422,default,edge-2,12,1783.8,0.0,1783.8,1812.8,29.0,7324,0
mid2,result_500_mid2.json,FG-DSCR,c002,default,edge-2,13,1812.8,0.0,1812.8,1841.8,29.0,7324,0
mid2,result_500_mid2.json,FG-DSCR,c212,default,edge-2,14,1841.8,0.0,1841.8,1870.8,29.0,7324,0
mid2,result_500_mid2.json,FG-DSCR,c362,default,edge-2,15,1870.8,0.0,1870.8,1899.8,29.0,7324,0
mid2,result_500_mid2.json,FG-DSCR,c122,default,edge-2,16,1899.8,0.0,1899.8,1928.8,29.0,7324,0
mid2,result_500_mid2.json,FG-DSCR,c272,default,edge-2,17,1928.8,0.0,1928.8,1957.8,29.0,7324,0
mid2,result_500_mid2.json,FG-DSCR,c275,default,edge-2,18,1957.8,270.0,2227.8,2253.8,26.0,5674,1350
mid2,result_500_mid2.json,FG-DSCR,c155,default,edge-2,19,2253.8,0.0,2253.8,2279.8,26.0,7024,0
mid2,result_500_mid2.json,FG-DSCR,c485,default,edge-2,20,2279.8,0.0,2279.8,2305.8,26.0,7024,0
mid2,result_500_mid2.json,FG-DSCR,c065,default,edge-2,21,2305.8,0.0,2305.8,2331.8,26.0,7024,0
mid2,result_500_mid2.json,FG-DSCR,c335,default,edge-2,22,2331.8,0.0,2331.8,2357.8,26.0,7024,0
mid2,result_500_mid2.json,FG-DSCR,c095,default,edge-2,23,2357.8,0.0,2357.8,2383.8,26.0,7024,0
mid2,result_500_mid2.json,FG-DSCR,c245,default,edge-2,24,2383.8,0.0,2383.8,2409.8,26.0,7024,0
mid2,result_500_mid2.json,FG-DSCR,c455,default,edge-2,25,2409.8,0.0,2409.8,2435.8,26.0,7024,0
mid2,result_500_mid2.json,FG-DSCR,c365,default,edge-2,26,2435.8,0.0,2435.8,2461.8,26.0,7024,0
mid2,result_500_mid2.json,FG-DSCR,c125,default,edge-2,27,2461.8,0.0,2461.8,2487.8,26.0,7024,0
mid2,result_500_mid2.json,FG-DSCR,c005,default,edge-2,28,2487.8,0.0,2487.8,2513.8,26.0,7024,0
mid2,result_500_mid2.json,FG-DSCR,c395,default,edge-2,29,2513.8,0.0,2513.8,2539.8,26.0,7024,0
mid2,result_500_mid2.json,FG-DSCR,c215,default,edge-2,30,2539.8,0.0,2539.8,2565.8,26.0,7024,0
mid2,result_500_mid2.json,FG-DSCR,c185,default,edge-2,31,2565.8,0.0,2565.8,2591.8,26.0,7024,0
mid2,result_500_mid2.json,FG-DSCR,c035,default,edge-2,32,2591.8,0.0,2591.8,2617.8,26.0,7024,0
mid2,result_500_mid2.json,FG-DSCR,c305,default,edge-2,33,2617.8,0.0,2617.8,2643.8,26.0,7024,0
mid2,result_500_mid2.json,FG-DSCR,c425,default,edge-2,34,2643.8,0.0,2643.8,2669.8,26.0,7024,0
mid2,result_500_mid2.json,FG-DSCR,c034,default,edge-2,35,2669.8,330.2,3000.0,3035.0,35.0,5670,1651
mid2,result_500_mid2.json,FG-DSCR,c334,default,edge-2,36,3035.0,0.0,3035.0,3070.0,35.0,7321,0
mid2,result_500_mid2.json,FG-DSCR,c244,default,edge-2,37,3070.0,0.0,3070.0,3105.0,35.0,7321,0
mid2,result_500_mid2.json,FG-DSCR,c394,default,edge-2,38,3105.0,0.0,3105.0,3140.0,35.0,7321,0
mid2,result_500_mid2.json,FG-DSCR,c004,default,edge-2,39,3140.0,0.0,3140.0,3175.0,35.0,7321,0
mid2,result_500_mid2.json,FG-DSCR,c454,default,edge-2,40,3175.0,0.0,3175.0,3210.0,35.0,7321,0
mid2,result_500_mid2.json,FG-DSCR,c484,default,edge-2,41,3210.0,0.0,3210.0,3245.0,35.0,7321,0
mid2,result_500_mid2.json,FG-DSCR,c274,default,edge-2,42,3245.0,0.0,3245.0,3280.0,35.0,7321,0
mid2,result_500_mid2.json,FG-DSCR,c424,default,edge-2,43,3280.0,0.0,3280.0,3315.0,35.0,7321,0
mid2,result_500_mid2.json,FG-DSCR,c184,default,edge-2,44,3315.0,0.0,3315.0,3350.0,35.0,7321,0
mid2,result_500_mid2.json,FG-DSCR,c094,default,edge-2,45,3350.0,0.0,3350.0,3385.0,35.0,7321,0
mid2,result_500_mid2.json,FG-DSCR,c124,default,edge-2,46,3385.0,0.0,3385.0,3420.0,35.0,7321,0
mid2,result_500_mid2.json,FG-DSCR,c364,default,edge-2,47,3420.0,0.0,3420.0,3455.0,35.0,7321,0
mid2,result_500_mid2.json,FG-DSCR,c154,default,edge-2,48,3455.0,0.0,3455.0,3490.0,35.0,7321,0
mid2,result_500_mid2.json,FG-DSCR,c304,default,edge-2,49,3490.0,0.0,3490.0,3525.0,35.0,7321,0
mid2,result_500_mid2.json,FG-DSCR,c064,default,edge-2,50,3525.0,0.0,3525.0,3560.0,35.0,7321,0
mid2,result_500_mid2.json,FG-DSCR,c214,default,edge-2,51,3560.0,0.0,3560.0,3595.0,35.0,7321,0
mid2,result_500_mid2.json,FG-DSCR,c396,default,edge-2,52,3595.0,360.0,3955.0,3984.0,29.0,5671,1800
mid2,result_500_mid2.json,FG-DSCR,c486,default,edge-2,53,3984.0,0.0,3984.0,4013.0,29.0,7471,0
mid2,result_500_mid2.json,FG-DSCR,c186,default,edge-2,54,4013.0,0.0,4013.0,4042.0,29.0,7471,0
mid2,result_500_mid2.json,FG-DSCR,c306,default,edge-2,55,4042.0,0.0,4042.0,4071.0,29.0,7471,0
mid2,result_500_mid2.json,FG-DSCR,c456,default,edge-2,56,4071.0,0.0,4071.0,4100.0,29.0,7471,0
mid2,result_500_mid2.json,FG-DSCR,c036,default,edge-2,57,4100.0,0.0,4100.0,4129.0,29.0,7471,0
mid2,result_500_mid2.json,FG-DSCR,c276,default,edge-2,58,4129.0,0.0,4129.0,4158.0,29.0,7471,0
mid2,result_500_mid2.json,FG-DSCR,c156,default,edge-2,59,4158.0,0.0,4158.0,4187.0,29.0,7471,0
mid2,result_500_mid2.json,FG-DSCR,c006,default,edge-2,60,4187.0,0.0,4187.0,4216.0,29.0,7471,0
mid2,result_500_mid2.json,FG-DSCR,c426,default,edge-2,61,4216.0,0.0,4216.0,4245.0,29.0,7471,0
mid2,result_500_mid2.json,FG-DSCR,c126,default,edge-2,62,4245.0,0.0,4245.0,4274.0,29.0,7471,0
mid2,result_500_mid2.json,FG-DSCR,c066,default,edge-2,63,4274.0,0.0,4274.0,4303.0,29.0,7471,0
mid2,result_500_mid2.json,FG-DSCR,c336,default,edge-2,64,4303.0,0.0,4303.0,4332.0,29.0,7471,0
mid2,result_500_mid2.json,FG-DSCR,c096,default,edge-2,65,4332.0,0.0,4332.0,4361.0,29.0,7471,0
mid2,result_500_mid2.json,FG-DSCR,c216,default,edge-2,66,4361.0,0.0,4361.0,4390.0,29.0,7471,0
mid2,result_500_mid2.json,FG-DSCR,c366,default,edge-2,67,4390.0,0.0,4390.0,4419.0,29.0,7471,0
mid2,result_500_mid2.json,FG-DSCR,c246,default,edge-2,68,4419.0,0.0,4419.0,4448.0,29.0,7471,0
mid2,result_500_mid2.json,FG-DSCR,c488,default,edge-3,1,0.0,2261.8,2261.8,2304.8,43.0,0,22618
mid2,result_500_mid2.json,FG-DSCR,c098,default,edge-3,2,2304.8,0.0,2304.8,2347.8,43.0,22618,0
mid2,result_500_mid2.json,FG-DSCR,c218,default,edge-3,3,2347.8,0.0,2347.8,2390.8,43.0,22618,0
mid2,result_500_mid2.json,FG-DSCR,c068,default,edge-3,4,2390.8,0.0,2390.8,2433.8,43.0,22618,0
mid2,result_500_mid2.json,FG-DSCR,c188,default,edge-3,5,2433.8,0.0,2433.8,2476.8,43.0,22618,0
mid2,result_500_mid2.json,FG-DSCR,c248,default,edge-3,6,2476.8,0.0,2476.8,2519.8,43.0,22618,0
mid2,result_500_mid2.json,FG-DSCR,c458,default,edge-3,7,2519.8,0.0,2519.8,2562.8,43.0,22618,0
mid2,result_500_mid2.json,FG-DSCR,c158,default,edge-3,8,2562.8,0.0,2562.8,2605.8,43.0,22618,0
mid2,result_500_mid2.json,FG-DSCR,c278,default,edge-3,9,2605.8,0.0,2605.8,2648.8,43.0,22618,0
mid2,result_500_mid2.json,FG-DSCR,c128,default,edge-3,10,2648.8,0.0,2648.8,2691.8,43.0,22618,0
mid2,result_500_mid2.json,FG-DSCR,c308,default,edge-3,11,2691.8,0.0,2691.8,2734.8,43.0,22618,0
mid2,result_500_mid2.json,FG-DSCR,c368,default,edge-3,12,2734.8,0.0,2734.8,2777.8,43.0,22618,0
mid2,result_500_mid2.json,FG-DSCR,c338,default,edge-3,13,2777.8,0.0,2777.8,2820.8,43.0,22618,0
mid2,result_500_mid2.json,FG-DSCR,c428,default,edge-3,14,2820.8,0.0,2820.8,2863.8,43.0,22618,0
mid2,result_500_mid2.json,FG-DSCR,c008,default,edge-3,15,2863.8,0.0,2863.8,2906.8,43.0,22618,0
mid2,result_500_mid2.json,FG-DSCR,c398,default,edge-3,16,2906.8,0.0,2906.8,2949.8,43.0,22618,0
mid2,result_500_mid2.json,FG-DSCR,c038,default,edge-3,17,2949.8,0.0,2949.8,2992.8,43.0,22618,0
mid2,result_500_mid2.json,FG-DSCR,c127,default,edge-3,18,2992.8,760.0,3752.8,3792.8,40.0,22610,7600
mid2,result_500_mid2.json,FG-DSCR,c277,default,edge-3,19,3792.8,0.0,3792.8,3832.8,40.0,30210,0
mid2,result_500_mid2.json,FG-DSCR,c487,default,edge-3,20,3832.8,0.0,3832.8,3872.8,40.0,30210,0
mid2,result_500_mid2.json,FG-DSCR,c247,default,edge-3,21,3872.8,0.0,3872.8,3912.8,40.0,30210,0
mid2,result_500_mid2.json,FG-DSCR,c097,default,edge-3,22,3912.8,0.0,3912.8,3952.8,40.0,30210,0
mid2,result_500_mid2.json,FG-DSCR,c397,default,edge-3,23,3952.8,0.0,3952.8,3992.8,40.0,30210,0
mid2,result_500_mid2.json,FG-DSCR,c007,default,edge-3,24,3992.8,0.0,3992.8,4032.8,40.0,30210,0
mid2,result_500_mid2.json,FG-DSCR,c217,default,edge-3,25,4032.8,0.0,4032.8,4072.8,40.0,30210,0
mid2,result_500_mid2.json,FG-DSCR,c307,default,edge-3,26,4072.8,0.0,4072.8,4112.8,40.0,30210,0
mid2,result_500_mid2.json,FG-DSCR,c067,default,edge-3,27,4112.8,0.0,4112.8,4152.8,40.0,30210,0
mid2,result_500_mid2.json,FG-DSCR,c367,default,edge-3,28,4152.8,0.0,4152.8,4192.8,40.0,30210,0
mid2,result_500_mid2.json,FG-DSCR,c037,default,edge-3,29,4192.8,0.0,4192.8,4232.8,40.0,30210,0
mid2,result_500_mid2.json,FG-DSCR,c157,default,edge-3,30,4232.8,0.0,4232.8,4272.8,40.0,30210,0
mid2,result_500_mid2.json,FG-DSCR,c337,default,edge-3,31,4272.8,0.0,4272.8,4312.8,40.0,30210,0
mid2,result_500_mid2.json,FG-DSCR,c457,default,edge-3,32,4312.8,0.0,4312.8,4352.8,40.0,30210,0
mid2,result_500_mid2.json,FG-DSCR,c187,default,edge-3,33,4352.8,0.0,4352.8,4392.8,40.0,30210,0
mid2,result_500_mid2.json,FG-DSCR,c427,default,edge-3,34,4392.8,0.0,4392.8,4432.8,40.0,30210,0
mid2,result_500_mid2.json,FG-DSCR,c250,default,edge-4,1,0.0,2659.0,2659.0,2708.0,49.0,0,26590
mid2,result_500_mid2.json,FG-DSCR,c460,default,edge-4,2,2708.0,0.0,2708.0,2757.0,49.0,26590,0
mid2,result_500_mid2.json,FG-DSCR,c010,default,edge-4,3,2757.0,0.0,2757.0,2806.0,49.0,26590,0
mid2,result_500_mid2.json,FG-DSCR,c490,default,edge-4,4,2806.0,0.0,2806.0,2855.0,49.0,26590,0
mid2,result_500_mid2.json,FG-DSCR,c130,default,edge-4,5,2855.0,0.0,2855.0,2904.0,49.0,26590,0
mid2,result_500_mid2.json,FG-DSCR,c040,default,edge-4,6,2904.0,0.0,2904.0,2953.0,49.0,26590,0
mid2,result_500_mid2.json,FG-DSCR,c070,default,edge-4,7,2953.0,0.0,2953.0,3002.0,49.0,26590,0
mid2,result_500_mid2.json,FG-DSCR,c280,default,edge-4,8,3002.0,0.0,3002.0,3051.0,49.0,26590,0
mid2,result_500_mid2.json,FG-DSCR,c310,default,edge-4,9,3051.0,0.0,3051.0,3100.0,49.0,26590,0
mid2,result_500_mid2.json,FG-DSCR,c160,default,edge-4,10,3100.0,0.0,3100.0,3149.0,49.0,26590,0
mid2,result_500_mid2.json,FG-DSCR,c190,default,edge-4,11,3149.0,0.0,3149.0,3198.0,49.0,26590,0
mid2,result_500_mid2.json,FG-DSCR,c430,default,edge-4,12,3198.0,0.0,3198.0,3247.0,49.0,26590,0
mid2,result_500_mid2.json,FG-DSCR,c370,default,edge-4,13,3247.0,0.0,3247.0,3296.0,49.0,26590,0
mid2,result_500_mid2.json,FG-DSCR,c100,default,edge-4,14,3296.0,0.0,3296.0,3345.0,49.0,26590,0
mid2,result_500_mid2.json,FG-DSCR,c220,default,edge-4,15,3345.0,0.0,3345.0,3394.0,49.0,26590,0
mid2,result_500_mid2.json,FG-DSCR,c340,default,edge-4,16,3394.0,0.0,3394.0,3443.0,49.0,26590,0
mid2,result_500_mid2.json,FG-DSCR,c400,default,edge-4,17,3443.0,0.0,3443.0,3492.0,49.0,26590,0
mid2,result_500_mid2.json,FG-DSCR,c462,default,edge-4,18,3492.0,760.0,4252.0,4295.0,43.0,25090,7600
mid2,result_500_mid2.json,FG-DSCR,c192,default,edge-4,19,4295.0,0.0,4295.0,4338.0,43.0,32690,0
mid2,result_500_mid2.json,FG-DSCR,c102,default,edge-4,20,4338.0,0.0,4338.0,4381.0,43.0,32690,0
mid2,result_500_mid2.json,FG-DSCR,c162,default,edge-4,21,4381.0,0.0,4381.0,4424.0,43.0,32690,0
mid2,result_500_mid2.json,FG-DSCR,c072,default,edge-4,22,4424.0,0.0,4424.0,4467.0,43.0,32690,0
mid2,result_500_mid2.json,FG-DSCR,c012,default,edge-4,23,4467.0,0.0,4467.0,4510.0,43.0,32690,0
mid2,result_500_mid2.json,FG-DSCR,c492,default,edge-4,24,4510.0,0.0,4510.0,4553.0,43.0,32690,0
mid2,result_500_mid2.json,FG-DSCR,c312,default,edge-4,25,4553.0,0.0,4553.0,4596.0,43.0,32690,0
mid2,result_500_mid2.json,FG-DSCR,c372,default,edge-4,26,4596.0,0.0,4596.0,4639.0,43.0,32690,0
mid2,result_500_mid2.json,FG-DSCR,c252,default,edge-4,27,4639.0,0.0,4639.0,4682.0,43.0,32690,0
mid2,result_500_mid2.json,FG-DSCR,c042,default,edge-4,28,4682.0,0.0,4682.0,4725.0,43.0,32690,0
mid2,result_500_mid2.json,FG-DSCR,c282,default,edge-4,29,4725.0,0.0,4725.0,4768.0,43.0,32690,0
mid2,result_500_mid2.json,FG-DSCR,c222,default,edge-4,30,4768.0,0.0,4768.0,4811.0,43.0,32690,0
mid2,result_500_mid2.json,FG-DSCR,c132,default,edge-4,31,4811.0,0.0,4811.0,4854.0,43.0,32690,0
mid2,result_500_mid2.json,FG-DSCR,c342,default,edge-4,32,4854.0,0.0,4854.0,4897.0,43.0,32690,0
mid2,result_500_mid2.json,FG-DSCR,c402,default,edge-4,33,4897.0,0.0,4897.0,4940.0,43.0,32690,0
mid2,result_500_mid2.json,FG-DSCR,c432,default,edge-4,34,4940.0,0.0,4940.0,4983.0,43.0,32690,0
mid2,result_500_mid2.json,FG-DSCR,c071,default,edge-4,35,4983.0,720.0,5703.0,5743.0,40.0,23290,7200
mid2,result_500_mid2.json,FG-DSCR,c341,default,edge-4,36,5743.0,0.0,5743.0,5783.0,40.0,30490,0
mid2,result_500_mid2.json,FG-DSCR,c191,default,edge-4,37,5783.0,0.0,5783.0,5823.0,40.0,30490,0
mid2,result_500_mid2.json,FG-DSCR,c161,default,edge-4,38,5823.0,0.0,5823.0,5863.0,40.0,30490,0
mid2,result_500_mid2.json,FG-DSCR,c221,default,edge-4,39,5863.0,0.0,5863.0,5903.0,40.0,30490,0
mid2,result_500_mid2.json,FG-DSCR,c101,default,edge-4,40,5903.0,0.0,5903.0,5943.0,40.0,30490,0
mid2,result_500_mid2.json,FG-DSCR,c491,default,edge-4,41,5943.0,0.0,5943.0,5983.0,40.0,30490,0
mid2,result_500_mid2.json,FG-DSCR,c281,default,edge-4,42,5983.0,0.0,5983.0,6023.0,40.0,30490,0
mid2,result_500_mid2.json,FG-DSCR,c041,default,edge-4,43,6023.0,0.0,6023.0,6063.0,40.0,30490,0
mid2,result_500_mid2.json,FG-DSCR,c431,default,edge-4,44,6063.0,0.0,6063.0,6103.0,40.0,30490,0
mid2,result_500_mid2.json,FG-DSCR,c311,default,edge-4,45,6103.0,0.0,6103.0,6143.0,40.0,30490,0
mid2,result_500_mid2.json,FG-DSCR,c251,default,edge-4,46,6143.0,0.0,6143.0,6183.0,40.0,30490,0
mid2,result_500_mid2.json,FG-DSCR,c461,default,edge-4,47,6183.0,0.0,6183.0,6223.0,40.0,30490,0
mid2,result_500_mid2.json,FG-DSCR,c371,default,edge-4,48,6223.0,0.0,6223.0,6263.0,40.0,30490,0
mid2,result_500_mid2.json,FG-DSCR,c131,default,edge-4,49,6263.0,0.0,6263.0,6303.0,40.0,30490,0
mid2,result_500_mid2.json,FG-DSCR,c011,default,edge-4,50,6303.0,0.0,6303.0,6343.0,40.0,30490,0
mid2,result_500_mid2.json,FG-DSCR,c401,default,edge-4,51,6343.0,0.0,6343.0,6383.0,40.0,30490,0
mid2,result_500_mid2.json,FG-DSCR,c189,default,edge-4,52,6383.0,72.8,6455.8,6501.8,46.0,15390,728
mid2,result_500_mid2.json,FG-DSCR,c279,default,edge-4,53,6501.8,0.0,6501.8,6547.8,46.0,16118,0
mid2,result_500_mid2.json,FG-DSCR,c309,default,edge-4,54,6547.8,0.0,6547.8,6593.8,46.0,16118,0
mid2,result_500_mid2.json,FG-DSCR,c489,default,edge-4,55,6593.8,0.0,6593.8,6639.8,46.0,16118,0
mid2,result_500_mid2.json,FG-DSCR,c039,default,edge-4,56,6639.8,0.0,6639.8,6685.8,46.0,16118,0
mid2,result_500_mid2.json,FG-DSCR,c009,default,edge-4,57,6685.8,0.0,6685.8,6731.8,46.0,16118,0
mid2,result_500_mid2.json,FG-DSCR,c459,default,edge-4,58,6731.8,0.0,6731.8,6777.8,46.0,16118,0
mid2,result_500_mid2.json,FG-DSCR,c069,default,edge-4,59,6777.8,0.0,6777.8,6823.8,46.0,16118,0
mid2,result_500_mid2.json,FG-DSCR,c129,default,edge-4,60,6823.8,0.0,6823.8,6869.8,46.0,16118,0
mid2,result_500_mid2.json,FG-DSCR,c369,default,edge-4,61,6869.8,0.0,6869.8,6915.8,46.0,16118,0
mid2,result_500_mid2.json,FG-DSCR,c339,default,edge-4,62,6915.8,0.0,6915.8,6961.8,46.0,16118,0
mid2,result_500_mid2.json,FG-DSCR,c219,default,edge-4,63,6961.8,0.0,6961.8,7007.8,46.0,16118,0
mid2,result_500_mid2.json,FG-DSCR,c429,default,edge-4,64,7007.8,0.0,7007.8,7053.8,46.0,16118,0
mid2,result_500_mid2.json,FG-DSCR,c399,default,edge-4,65,7053.8,0.0,7053.8,7099.8,46.0,16118,0
mid2,result_500_mid2.json,FG-DSCR,c249,default,edge-4,66,7099.8,0.0,7099.8,7145.8,46.0,16118,0
mid2,result_500_mid2.json,FG-DSCR,c159,default,edge-4,67,7145.8,0.0,7145.8,7191.8,46.0,16118,0
mid2,result_500_mid2.json,FG-DSCR,c099,default,edge-4,68,7191.8,0.0,7191.8,7237.8,46.0,16118,0
mid2,result_500_mid2.json,FG-DSCR,c333,default,edge-5,1,0.0,1294.8,1294.8,1326.8,32.0,0,6474
mid2,result_500_mid2.json,FG-DSCR,c093,default,edge-5,2,1326.8,0.0,1326.8,1358.8,32.0,6474,0
mid2,result_500_mid2.json,FG-DSCR,c183,default,edge-5,3,1358.8,0.0,1358.8,1390.8,32.0,6474,0
mid2,result_500_mid2.json,FG-DSCR,c453,default,edge-5,4,1390.8,0.0,1390.8,1422.8,32.0,6474,0
mid2,result_500_mid2.json,FG-DSCR,c243,default,edge-5,5,1422.8,0.0,1422.8,1454.8,32.0,6474,0
mid2,result_500_mid2.json,FG-DSCR,c213,default,edge-5,6,1454.8,0.0,1454.8,1486.8,32.0,6474,0
mid2,result_500_mid2.json,FG-DSCR,c003,default,edge-5,7,1486.8,0.0,1486.8,1518.8,32.0,6474,0
mid2,result_500_mid2.json,FG-DSCR,c033,default,edge-5,8,1518.8,0.0,1518.8,1550.8,32.0,6474,0
mid2,result_500_mid2.json,FG-DSCR,c483,default,edge-5,9,1550.8,0.0,1550.8,1582.8,32.0,6474,0
mid2,result_500_mid2.json,FG-DSCR,c153,default,edge-5,10,1582.8,0.0,1582.8,1614.8,32.0,6474,0
mid2,result_500_mid2.json,FG-DSCR,c063,default,edge-5,11,1614.8,0.0,1614.8,1646.8,32.0,6474,0
mid2,result_500_mid2.json,FG-DSCR,c393,default,edge-5,12,1646.8,0.0,1646.8,1678.8,32.0,6474,0
mid2,result_500_mid2.json,FG-DSCR,c363,default,edge-5,13,1678.8,0.0,1678.8,1710.8,32.0,6474,0
mid2,result_500_mid2.json,FG-DSCR,c423,default,edge-5,14,1710.8,0.0,1710.8,1742.8,32.0,6474,0
mid2,result_500_mid2.json,FG-DSCR,c273,default,edge-5,15,1742.8,0.0,1742.8,1774.8,32.0,6474,0
mid2,result_500_mid2.json,FG-DSCR,c303,default,edge-5,16,1774.8,0.0,1774.8,1806.8,32.0,6474,0
mid2,result_500_mid2.json,FG-DSCR,c123,default,edge-5,17,1806.8,0.0,1806.8,1838.8,32.0,6474,0
mid2,result_500_mid2.json,FG-DSCR,c406,default,edge-6,1,0.0,448.0,448.0,479.0,31.0,0,4480
mid2,result_500_mid2.json,FG-DSCR,c286,default,edge-6,2,479.0,0.0,479.0,510.0,31.0,4480,0
mid2,result_500_mid2.json,FG-DSCR,c226,default,edge-6,3,510.0,0.0,510.0,541.0,31.0,4480,0
mid2,result_500_mid2.json,FG-DSCR,c436,default,edge-6,4,541.0,0.0,541.0,572.0,31.0,4480,0
mid2,result_500_mid2.json,FG-DSCR,c166,default,edge-6,5,572.0,0.0,572.0,603.0,31.0,4480,0
mid2,result_500_mid2.json,FG-DSCR,c316,default,edge-6,6,603.0,0.0,603.0,634.0,31.0,4480,0
mid2,result_500_mid2.json,FG-DSCR,c076,default,edge-6,7,634.0,0.0,634.0,665.0,31.0,4480,0
mid2,result_500_mid2.json,FG-DSCR,c496,default,edge-6,8,665.0,0.0,665.0,696.0,31.0,4480,0
mid2,result_500_mid2.json,FG-DSCR,c046,default,edge-6,9,696.0,0.0,696.0,727.0,31.0,4480,0
mid2,result_500_mid2.json,FG-DSCR,c196,default,edge-6,10,727.0,0.0,727.0,758.0,31.0,4480,0
mid2,result_500_mid2.json,FG-DSCR,c136,default,edge-6,11,758.0,0.0,758.0,789.0,31.0,4480,0
mid2,result_500_mid2.json,FG-DSCR,c106,default,edge-6,12,789.0,0.0,789.0,820.0,31.0,4480,0
mid2,result_500_mid2.json,FG-DSCR,c016,default,edge-6,13,820.0,0.0,820.0,851.0,31.0,4480,0
mid2,result_500_mid2.json,FG-DSCR,c376,default,edge-6,14,851.0,0.0,851.0,882.0,31.0,4480,0
mid2,result_500_mid2.json,FG-DSCR,c466,default,edge-6,15,882.0,0.0,882.0,913.0,31.0,4480,0
mid2,result_500_mid2.json,FG-DSCR,c346,default,edge-6,16,913.0,0.0,913.0,944.0,31.0,4480,0
mid2,result_500_mid2.json,FG-DSCR,c256,default,edge-6,17,944.0,0.0,944.0,975.0,31.0,4480,0
mid2,result_500_mid2.json,FG-DSCR,c107,default,edge-6,18,975.0,180.0,1155.0,1177.0,22.0,4472,1800
mid2,result_500_mid2.json,FG-DSCR,c077,default,edge-6,19,1177.0,0.0,1177.0,1199.0,22.0,6272,0
mid2,result_500_mid2.json,FG-DSCR,c167,default,edge-6,20,1199.0,0.0,1199.0,1221.0,22.0,6272,0
mid2,result_500_mid2.json,FG-DSCR,c407,default,edge-6,21,1221.0,0.0,1221.0,1243.0,22.0,6272,0
mid2,result_500_mid2.json,FG-DSCR,c017,default,edge-6,22,1243.0,0.0,1243.0,1265.0,22.0,6272,0
mid2,result_500_mid2.json,FG-DSCR,c257,default,edge-6,23,1265.0,0.0,1265.0,1287.0,22.0,6272,0
mid2,result_500_mid2.json,FG-DSCR,c197,default,edge-6,24,1287.0,0.0,1287.0,1309.0,22.0,6272,0
mid2,result_500_mid2.json,FG-DSCR,c317,default,edge-6,25,1309.0,0.0,1309.0,1331.0,22.0,6272,0
mid2,result_500_mid2.json,FG-DSCR,c347,default,edge-6,26,1331.0,0.0,1331.0,1353.0,22.0,6272,0
mid2,result_500_mid2.json,FG-DSCR,c377,default,edge-6,27,1353.0,0.0,1353.0,1375.0,22.0,6272,0
mid2,result_500_mid2.json,FG-DSCR,c497,default,edge-6,28,1375.0,0.0,1375.0,1397.0,22.0,6272,0
mid2,result_500_mid2.json,FG-DSCR,c467,default,edge-6,29,1397.0,0.0,1397.0,1419.0,22.0,6272,0
mid2,result_500_mid2.json,FG-DSCR,c287,default,edge-6,30,1419.0,0.0,1419.0,1441.0,22.0,6272,0
mid2,result_500_mid2.json,FG-DSCR,c227,default,edge-6,31,1441.0,0.0,1441.0,1463.0,22.0,6272,0
mid2,result_500_mid2.json,FG-DSCR,c437,default,edge-6,32,1463.0,0.0,1463.0,1485.0,22.0,6272,0
mid2,result_500_mid2.json,FG-DSCR,c047,default,edge-6,33,1485.0,0.0,1485.0,1507.0,22.0,6272,0
mid2,result_500_mid2.json,FG-DSCR,c137,default,edge-6,34,1507.0,0.0,1507.0,1529.0,22.0,6272,0
mid2,result_500_mid2.json,FG-DSCR,c373,default,edge-6,35,1529.0,0.4,1529.4,1551.4,22.0,5628,4
mid2,result_500_mid2.json,FG-DSCR,c073,default,edge-6,36,1551.4,0.0,1551.4,1573.4,22.0,5632,0
mid2,result_500_mid2.json,FG-DSCR,c313,default,edge-6,37,1573.4,0.0,1573.4,1595.4,22.0,5632,0
mid2,result_500_mid2.json,FG-DSCR,c223,default,edge-6,38,1595.4,0.0,1595.4,1617.4,22.0,5632,0
mid2,result_500_mid2.json,FG-DSCR,c463,default,edge-6,39,1617.4,0.0,1617.4,1639.4,22.0,5632,0
mid2,result_500_mid2.json,FG-DSCR,c163,default,edge-6,40,1639.4,0.0,1639.4,1661.4,22.0,5632,0
mid2,result_500_mid2.json,FG-DSCR,c103,default,edge-6,41,1661.4,0.0,1661.4,1683.4,22.0,5632,0
mid2,result_500_mid2.json,FG-DSCR,c493,default,edge-6,42,1683.4,0.0,1683.4,1705.4,22.0,5632,0
mid2,result_500_mid2.json,FG-DSCR,c043,default,edge-6,43,1705.4,0.0,1705.4,1727.4,22.0,5632,0
mid2,result_500_mid2.json,FG-DSCR,c013,default,edge-6,44,1727.4,0.0,1727.4,1749.4,22.0,5632,0
mid2,result_500_mid2.json,FG-DSCR,c343,default,edge-6,45,1749.4,0.0,1749.4,1771.4,22.0,5632,0
mid2,result_500_mid2.json,FG-DSCR,c253,default,edge-6,46,1771.4,0.0,1771.4,1793.4,22.0,5632,0
mid2,result_500_mid2.json,FG-DSCR,c403,default,edge-6,47,1793.4,0.0,1793.4,1815.4,22.0,5632,0
mid2,result_500_mid2.json,FG-DSCR,c283,default,edge-6,48,1815.4,0.0,1815.4,1837.4,22.0,5632,0
mid2,result_500_mid2.json,FG-DSCR,c193,default,edge-6,49,1837.4,0.0,1837.4,1859.4,22.0,5632,0
mid2,result_500_mid2.json,FG-DSCR,c433,default,edge-6,50,1859.4,0.0,1859.4,1881.4,22.0,5632,0
mid2,result_500_mid2.json,FG-DSCR,c133,default,edge-6,51,1881.4,0.0,1881.4,1903.4,22.0,5632,0
mid2,result_500_mid2.json,FG-DSCR,c285,default,edge-6,52,1903.4,810.0,2713.4,2741.4,28.0,4474,8100
mid2,result_500_mid2.json,FG-DSCR,c225,default,edge-6,53,2741.4,0.0,2741.4,2769.4,28.0,12574,0
mid2,result_500_mid2.json,FG-DSCR,c255,default,edge-6,54,2769.4,0.0,2769.4,2797.4,28.0,12574,0
mid2,result_500_mid2.json,FG-DSCR,c405,default,edge-6,55,2797.4,0.0,2797.4,2825.4,28.0,12574,0
mid2,result_500_mid2.json,FG-DSCR,c135,default,edge-6,56,2825.4,0.0,2825.4,2853.4,28.0,12574,0
mid2,result_500_mid2.json,FG-DSCR,c105,default,edge-6,57,2853.4,0.0,2853.4,2881.4,28.0,12574,0
mid2,result_500_mid2.json,FG-DSCR,c495,default,edge-6,58,2881.4,0.0,2881.4,2909.4,28.0,12574,0
mid2,result_500_mid2.json,FG-DSCR,c165,default,edge-6,59,2909.4,0.0,2909.4,2937.4,28.0,12574,0
mid2,result_500_mid2.json,FG-DSCR,c465,default,edge-6,60,2937.4,0.0,2937.4,2965.4,28.0,12574,0
mid2,result_500_mid2.json,FG-DSCR,c345,default,edge-6,61,2965.4,0.0,2965.4,2993.4,28.0,12574,0
mid2,result_500_mid2.json,FG-DSCR,c375,default,edge-6,62,2993.4,0.0,2993.4,3021.4,28.0,12574,0
mid2,result_500_mid2.json,FG-DSCR,c075,default,edge-6,63,3021.4,0.0,3021.4,3049.4,28.0,12574,0
mid2,result_500_mid2.json,FG-DSCR,c315,default,edge-6,64,3049.4,0.0,3049.4,3077.4,28.0,12574,0
mid2,result_500_mid2.json,FG-DSCR,c195,default,edge-6,65,3077.4,0.0,3077.4,3105.4,28.0,12574,0
mid2,result_500_mid2.json,FG-DSCR,c435,default,edge-6,66,3105.4,0.0,3105.4,3133.4,28.0,12574,0
mid2,result_500_mid2.json,FG-DSCR,c045,default,edge-6,67,3133.4,0.0,3133.4,3161.4,28.0,12574,0
mid2,result_500_mid2.json,FG-DSCR,c015,default,edge-6,68,3161.4,0.0,3161.4,3189.4,28.0,12574,0
mid2,result_500_mid2.json,FG-DSCR,c224,default,edge-6,69,3189.4,832.0,4021.4,4046.4,25.0,11920,8320
mid2,result_500_mid2.json,FG-DSCR,c404,default,edge-6,70,4046.4,0.0,4046.4,4071.4,25.0,20240,0
mid2,result_500_mid2.json,FG-DSCR,c374,default,edge-6,71,4071.4,0.0,4071.4,4096.4,25.0,20240,0
mid2,result_500_mid2.json,FG-DSCR,c014,default,edge-6,72,4096.4,0.0,4096.4,4121.4,25.0,20240,0
mid2,result_500_mid2.json,FG-DSCR,c434,default,edge-6,73,4121.4,0.0,4121.4,4146.4,25.0,20240,0
mid2,result_500_mid2.json,FG-DSCR,c344,default,edge-6,74,4146.4,0.0,4146.4,4171.4,25.0,20240,0
mid2,result_500_mid2.json,FG-DSCR,c134,default,edge-6,75,4171.4,0.0,4171.4,4196.4,25.0,20240,0
mid2,result_500_mid2.json,FG-DSCR,c494,default,edge-6,76,4196.4,0.0,4196.4,4221.4,25.0,20240,0
mid2,result_500_mid2.json,FG-DSCR,c164,default,edge-6,77,4221.4,0.0,4221.4,4246.4,25.0,20240,0
mid2,result_500_mid2.json,FG-DSCR,c284,default,edge-6,78,4246.4,0.0,4246.4,4271.4,25.0,20240,0
mid2,result_500_mid2.json,FG-DSCR,c104,default,edge-6,79,4271.4,0.0,4271.4,4296.4,25.0,20240,0
mid2,result_500_mid2.json,FG-DSCR,c074,default,edge-6,80,4296.4,0.0,4296.4,4321.4,25.0,20240,0
mid2,result_500_mid2.json,FG-DSCR,c314,default,edge-6,81,4321.4,0.0,4321.4,4346.4,25.0,20240,0
mid2,result_500_mid2.json,FG-DSCR,c464,default,edge-6,82,4346.4,0.0,4346.4,4371.4,25.0,20240,0
mid2,result_500_mid2.json,FG-DSCR,c254,default,edge-6,83,4371.4,0.0,4371.4,4396.4,25.0,20240,0
mid2,result_500_mid2.json,FG-DSCR,c044,default,edge-6,84,4396.4,0.0,4396.4,4421.4,25.0,20240,0
mid2,result_500_mid2.json,FG-DSCR,c194,default,edge-6,85,4421.4,0.0,4421.4,4446.4,25.0,20240,0
mid2,result_500_mid2.json,FG-DSCR,c108,default,edge-6,86,4446.4,0.0,4446.4,4471.4,25.0,4552,0
mid2,result_500_mid2.json,FG-DSCR,c048,default,edge-6,87,4471.4,0.0,4471.4,4496.4,25.0,4552,0
mid2,result_500_mid2.json,FG-DSCR,c168,default,edge-6,88,4496.4,0.0,4496.4,4521.4,25.0,4552,0
mid2,result_500_mid2.json,FG-DSCR,c348,default,edge-6,89,4521.4,0.0,4521.4,4546.4,25.0,4552,0
mid2,result_500_mid2.json,FG-DSCR,c258,default,edge-6,90,4546.4,0.0,4546.4,4571.4,25.0,4552,0
mid2,result_500_mid2.json,FG-DSCR,c378,default,edge-6,91,4571.4,0.0,4571.4,4596.4,25.0,4552,0
mid2,result_500_mid2.json,FG-DSCR,c198,default,edge-6,92,4596.4,0.0,4596.4,4621.4,25.0,4552,0
mid2,result_500_mid2.json,FG-DSCR,c138,default,edge-6,93,4621.4,0.0,4621.4,4646.4,25.0,4552,0
mid2,result_500_mid2.json,FG-DSCR,c468,default,edge-6,94,4646.4,0.0,4646.4,4671.4,25.0,4552,0
mid2,result_500_mid2.json,FG-DSCR,c498,default,edge-6,95,4671.4,0.0,4671.4,4696.4,25.0,4552,0
mid2,result_500_mid2.json,FG-DSCR,c228,default,edge-6,96,4696.4,0.0,4696.4,4721.4,25.0,4552,0
mid2,result_500_mid2.json,FG-DSCR,c018,default,edge-6,97,4721.4,0.0,4721.4,4746.4,25.0,4552,0
mid2,result_500_mid2.json,FG-DSCR,c288,default,edge-6,98,4746.4,0.0,4746.4,4771.4,25.0,4552,0
mid2,result_500_mid2.json,FG-DSCR,c438,default,edge-6,99,4771.4,0.0,4771.4,4796.4,25.0,4552,0
mid2,result_500_mid2.json,FG-DSCR,c318,default,edge-6,100,4796.4,0.0,4796.4,4821.4,25.0,4552,0
mid2,result_500_mid2.json,FG-DSCR,c408,default,edge-6,101,4821.4,0.0,4821.4,4846.4,25.0,4552,0
mid2,result_500_mid2.json,FG-DSCR,c078,default,edge-6,102,4846.4,0.0,4846.4,4871.4,25.0,4552,0
mid2,result_500_mid2.json,FG-DSCR,c205,default,edge-7,1,0.0,634.2,634.2,652.2,18.0,0,6342
mid2,result_500_mid2.json,FG-DSCR,c025,default,edge-7,2,652.2,0.0,652.2,670.2,18.0,6342,0
mid2,result_500_mid2.json,FG-DSCR,c085,default,edge-7,3,670.2,0.0,670.2,688.2,18.0,6342,0
mid2,result_500_mid2.json,FG-DSCR,c475,default,edge-7,4,688.2,0.0,688.2,706.2,18.0,6342,0
mid2,result_500_mid2.json,FG-DSCR,c055,default,edge-7,5,706.2,0.0,706.2,724.2,18.0,6342,0
mid2,result_500_mid2.json,FG-DSCR,c175,default,edge-7,6,724.2,0.0,724.2,742.2,18.0,6342,0
mid2,result_500_mid2.json,FG-DSCR,c445,default,edge-7,7,742.2,0.0,742.2,760.2,18.0,6342,0
mid2,result_500_mid2.json,FG-DSCR,c355,default,edge-7,8,760.2,0.0,760.2,778.2,18.0,6342,0
mid2,result_500_mid2.json,FG-DSCR,c295,default,edge-7,9,778.2,0.0,778.2,796.2,18.0,6342,0
mid2,result_500_mid2.json,FG-DSCR,c115,default,edge-7,10,796.2,0.0,796.2,814.2,18.0,6342,0
mid2,result_500_mid2.json,FG-DSCR,c415,default,edge-7,11,814.2,0.0,814.2,832.2,18.0,6342,0
mid2,result_500_mid2.json,FG-DSCR,c325,default,edge-7,12,832.2,0.0,832.2,850.2,18.0,6342,0
mid2,result_500_mid2.json,FG-DSCR,c145,default,edge-7,13,850.2,0.0,850.2,868.2,18.0,6342,0
mid2,result_500_mid2.json,FG-DSCR,c385,default,edge-7,14,868.2,0.0,868.2,886.2,18.0,6342,0
mid2,result_500_mid2.json,FG-DSCR,c235,default,edge-7,15,886.2,0.0,886.2,904.2,18.0,6342,0
mid2,result_500_mid2.json,FG-DSCR,c265,default,edge-7,16,904.2,0.0,904.2,922.2,18.0,6342,0
mid2,result_500_mid2.json,FG-DSCR,c327,default,edge-7,17,922.2,65.0,987.2,1011.2,24.0,6340,650
mid2,result_500_mid2.json,FG-DSCR,c177,default,edge-7,18,1011.2,0.0,1011.2,1035.2,24.0,6990,0
mid2,result_500_mid2.json,FG-DSCR,c117,default,edge-7,19,1035.2,0.0,1035.2,1059.2,24.0,6990,0
mid2,result_500_mid2.json,FG-DSCR,c477,default,edge-7,20,1059.2,0.0,1059.2,1083.2,24.0,6990,0
mid2,result_500_mid2.json,FG-DSCR,c387,default,edge-7,21,1083.2,0.0,1083.2,1107.2,24.0,6990,0
mid2,result_500_mid2.json,FG-DSCR,c267,default,edge-7,22,1107.2,0.0,1107.2,1131.2,24.0,6990,0
mid2,result_500_mid2.json,FG-DSCR,c357,default,edge-7,23,1131.2,0.0,1131.2,1155.2,24.0,6990,0
mid2,result_500_mid2.json,FG-DSCR,c027,default,edge-7,24,1155.2,0.0,1155.2,1179.2,24.0,6990,0
mid2,result_500_mid2.json,FG-DSCR,c057,default,edge-7,25,1179.2,0.0,1179.2,1203.2,24.0,6990,0
mid2,result_500_mid2.json,FG-DSCR,c237,default,edge-7,26,1203.2,0.0,1203.2,1227.2,24.0,6990,0
mid2,result_500_mid2.json,FG-DSCR,c297,default,edge-7,27,1227.2,0.0,1227.2,1251.2,24.0,6990,0
mid2,result_500_mid2.json,FG-DSCR,c147,default,edge-7,28,1251.2,0.0,1251.2,1275.2,24.0,6990,0
mid2,result_500_mid2.json,FG-DSCR,c207,default,edge-7,29,1275.2,0.0,1275.2,1299.2,24.0,6990,0
mid2,result_500_mid2.json,FG-DSCR,c087,default,edge-7,30,1299.2,0.0,1299.2,1323.2,24.0,6990,0
mid2,result_500_mid2.json,FG-DSCR,c417,default,edge-7,31,1323.2,0.0,1323.2,1347.2,24.0,6990,0
mid2,result_500_mid2.json,FG-DSCR,c447,default,edge-7,32,1347.2,0.0,1347.2,1371.2,24.0,6990,0
mid2,result_500_mid2.json,FG-DSCR,c328,default,edge-7,33,1371.2,72.1,1443.3,1470.3,27.0,4540,721
mid2,result_500_mid2.json,FG-DSCR,c148,default,edge-7,34,1470.3,0.0,1470.3,1497.3,27.0,5261,0
mid2,result_500_mid2.json,FG-DSCR,c418,default,edge-7,35,1497.3,0.0,1497.3,1524.3,27.0,5261,0
mid2,result_500_mid2.json,FG-DSCR,c298,default,edge-7,36,1524.3,0.0,1524.3,1551.3,27.0,5261,0
mid2,result_500_mid2.json,FG-DSCR,c448,default,edge-7,37,1551.3,0.0,1551.3,1578.3,27.0,5261,0
mid2,result_500_mid2.json,FG-DSCR,c358,default,edge-7,38,1578.3,0.0,1578.3,1605.3,27.0,5261,0
mid2,result_500_mid2.json,FG-DSCR,c178,default,edge-7,39,1605.3,0.0,1605.3,1632.3,27.0,5261,0
mid2,result_500_mid2.json,FG-DSCR,c416,default,edge-7,40,1632.3,195.0,1827.3,1848.3,21.0,5960,1950
mid2,result_500_mid2.json,FG-DSCR,c356,default,edge-7,41,1848.3,0.0,1848.3,1869.3,21.0,7910,0
mid2,result_500_mid2.json,FG-DSCR,c326,default,edge-7,42,1869.3,0.0,1869.3,1890.3,21.0,7910,0
mid2,result_500_mid2.json,FG-DSCR,c086,default,edge-7,43,1890.3,0.0,1890.3,1911.3,21.0,7910,0
mid2,result_500_mid2.json,FG-DSCR,c176,default,edge-7,44,1911.3,0.0,1911.3,1932.3,21.0,7910,0
mid2,result_500_mid2.json,FG-DSCR,c446,default,edge-7,45,1932.3,0.0,1932.3,1953.3,21.0,7910,0
mid2,result_500_mid2.json,FG-DSCR,c266,default,edge-7,46,1953.3,0.0,1953.3,1974.3,21.0,7910,0
mid2,result_500_mid2.json,FG-DSCR,c116,default,edge-7,47,1974.3,0.0,1974.3,1995.3,21.0,7910,0
mid2,result_500_mid2.json,FG-DSCR,c206,default,edge-7,48,1995.3,0.0,1995.3,2016.3,21.0,7910,0
mid2,result_500_mid2.json,FG-DSCR,c386,default,edge-7,49,2016.3,0.0,2016.3,2037.3,21.0,7910,0
mid2,result_500_mid2.json,FG-DSCR,c476,default,edge-7,50,2037.3,0.0,2037.3,2058.3,21.0,7910,0
mid2,result_500_mid2.json,FG-DSCR,c296,default,edge-7,51,2058.3,0.0,2058.3,2079.3,21.0,7910,0
mid2,result_500_mid2.json,FG-DSCR,c236,default,edge-7,52,2079.3,0.0,2079.3,2100.3,21.0,7910,0
mid2,result_500_mid2.json,FG-DSCR,c146,default,edge-7,53,2100.3,0.0,2100.3,2121.3,21.0,7910,0
mid2,result_500_mid2.json,FG-DSCR,c056,default,edge-7,54,2121.3,0.0,2121.3,2142.3,21.0,7910,0
mid2,result_500_mid2.json,FG-DSCR,c026,default,edge-7,55,2142.3,0.0,2142.3,2163.3,21.0,7910,0
mid2,result_500_mid2.json,FG-DSCR,c238,default,edge-7,56,2163.3,0.0,2163.3,2190.3,27.0,5261,0
mid2,result_500_mid2.json,FG-DSCR,c088,default,edge-7,57,2190.3,0.0,2190.3,2217.3,27.0,5261,0
mid2,result_500_mid2.json,FG-DSCR,c268,default,edge-7,58,2217.3,0.0,2217.3,2244.3,27.0,5261,0
mid2,result_500_mid2.json,FG-DSCR,c208,default,edge-7,59,2244.3,0.0,2244.3,2271.3,27.0,5261,0
mid2,result_500_mid2.json,FG-DSCR,c118,default,edge-7,60,2271.3,0.0,2271.3,2298.3,27.0,5261,0
mid2,result_500_mid2.json,FG-DSCR,c388,default,edge-7,61,2298.3,0.0,2298.3,2325.3,27.0,5261,0
mid2,result_500_mid2.json,FG-DSCR,c478,default,edge-7,62,2325.3,0.0,2325.3,2352.3,27.0,5261,0
mid2,result_500_mid2.json,FG-DSCR,c028,default,edge-7,63,2352.3,0.0,2352.3,2379.3,27.0,5261,0
mid2,result_500_mid2.json,FG-DSCR,c058,default,edge-7,64,2379.3,0.0,2379.3,2406.3,27.0,5261,0
mid2,result_500_mid2.json,FG-DSCR,c300,default,edge-7,65,2406.3,165.0,2571.3,2592.3,21.0,6110,1650
mid2,result_500_mid2.json,FG-DSCR,c120,default,edge-7,66,2592.3,0.0,2592.3,2613.3,21.0,7760,0
mid2,result_500_mid2.json,FG-DSCR,c270,default,edge-7,67,2613.3,0.0,2613.3,2634.3,21.0,7760,0
mid2,result_500_mid2.json,FG-DSCR,c030,default,edge-7,68,2634.3,0.0,2634.3,2655.3,21.0,7760,0
mid2,result_500_mid2.json,FG-DSCR,c390,default,edge-7,69,2655.3,0.0,2655.3,2676.3,21.0,7760,0
mid2,result_500_mid2.json,FG-DSCR,c210,default,edge-7,70,2676.3,0.0,2676.3,2697.3,21.0,7760,0
mid2,result_500_mid2.json,FG-DSCR,c450,default,edge-7,71,2697.3,0.0,2697.3,2718.3,21.0,7760,0
mid2,result_500_mid2.json,FG-DSCR,c330,default,edge-7,72,2718.3,0.0,2718.3,2739.3,21.0,7760,0
mid2,result_500_mid2.json,FG-DSCR,c090,default,edge-7,73,2739.3,0.0,2739.3,2760.3,21.0,7760,0
mid2,result_500_mid2.json,FG-DSCR,c360,default,edge-7,74,2760.3,0.0,2760.3,2781.3,21.0,7760,0
mid2,result_500_mid2.json,FG-DSCR,c060,default,edge-7,75,2781.3,0.0,2781.3,2802.3,21.0,7760,0
mid2,result_500_mid2.json,FG-DSCR,c180,default,edge-7,76,2802.3,0.0,2802.3,2823.3,21.0,7760,0
mid2,result_500_mid2.json,FG-DSCR,c150,default,edge-7,77,2823.3,0.0,2823.3,2844.3,21.0,7760,0
mid2,result_500_mid2.json,FG-DSCR,c420,default,edge-7,78,2844.3,0.0,2844.3,2865.3,21.0,7760,0
mid2,result_500_mid2.json,FG-DSCR,c240,default,edge-7,79,2865.3,0.0,2865.3,2886.3,21.0,7760,0
mid2,result_500_mid2.json,FG-DSCR,c480,default,edge-7,80,2886.3,0.0,2886.3,2907.3,21.0,7760,0
mid2,result_500_mid2.json,FG-DSCR,c059,default,edge-7,81,2907.3,0.0,2907.3,2925.3,18.0,4543,0
mid2,result_500_mid2.json,FG-DSCR,c239,default,edge-7,82,2925.3,0.0,2925.3,2943.3,18.0,4543,0
mid2,result_500_mid2.json,FG-DSCR,c029,default,edge-7,83,2943.3,0.0,2943.3,2961.3,18.0,4543,0
mid2,result_500_mid2.json,FG-DSCR,c269,default,edge-7,84,2961.3,0.0,2961.3,2979.3,18.0,4543,0
mid2,result_500_mid2.json,FG-DSCR,c209,default,edge-7,85,2979.3,0.0,2979.3,2997.3,18.0,4543,0
mid2,result_500_mid2.json,FG-DSCR,c179,default,edge-7,86,2997.3,0.0,2997.3,3015.3,18.0,4543,0
mid2,result_500_mid2.json,FG-DSCR,c449,default,edge-7,87,3015.3,0.0,3015.3,3033.3,18.0,4543,0
mid2,result_500_mid2.json,FG-DSCR,c149,default,edge-7,88,3033.3,0.0,3033.3,3051.3,18.0,4543,0
mid2,result_500_mid2.json,FG-DSCR,c329,default,edge-7,89,3051.3,0.0,3051.3,3069.3,18.0,4543,0
mid2,result_500_mid2.json,FG-DSCR,c119,default,edge-7,90,3069.3,0.0,3069.3,3087.3,18.0,4543,0
mid2,result_500_mid2.json,FG-DSCR,c419,default,edge-7,91,3087.3,0.0,3087.3,3105.3,18.0,4543,0
mid2,result_500_mid2.json,FG-DSCR,c389,default,edge-7,92,3105.3,0.0,3105.3,3123.3,18.0,4543,0
mid2,result_500_mid2.json,FG-DSCR,c359,default,edge-7,93,3123.3,0.0,3123.3,3141.3,18.0,4543,0
mid2,result_500_mid2.json,FG-DSCR,c299,default,edge-7,94,3141.3,0.0,3141.3,3159.3,18.0,4543,0
mid2,result_500_mid2.json,FG-DSCR,c479,default,edge-7,95,3159.3,0.0,3159.3,3177.3,18.0,4543,0
mid2,result_500_mid2.json,FG-DSCR,c089,default,edge-7,96,3177.3,0.0,3177.3,3195.3,18.0,4543,0
mid2,result_500_mid2.json,FG-DSCR,c170,default,edge-8,1,0.0,719.4,719.4,736.4,17.0,0,7194
mid2,result_500_mid2.json,FG-DSCR,c020,default,edge-8,2,736.4,0.0,736.4,753.4,17.0,7194,0
mid2,result_500_mid2.json,FG-DSCR,c140,default,edge-8,3,753.4,0.0,753.4,770.4,17.0,7194,0
mid2,result_500_mid2.json,FG-DSCR,c260,default,edge-8,4,770.4,0.0,770.4,787.4,17.0,7194,0
mid2,result_500_mid2.json,FG-DSCR,c230,default,edge-8,5,787.4,0.0,787.4,804.4,17.0,7194,0
mid2,result_500_mid2.json,FG-DSCR,c080,default,edge-8,6,804.4,0.0,804.4,821.4,17.0,7194,0
mid2,result_500_mid2.json,FG-DSCR,c200,default,edge-8,7,821.4,0.0,821.4,838.4,17.0,7194,0
mid2,result_500_mid2.json,FG-DSCR,c410,default,edge-8,8,838.4,0.0,838.4,855.4,17.0,7194,0
mid2,result_500_mid2.json,FG-DSCR,c290,default,edge-8,9,855.4,0.0,855.4,872.4,17.0,7194,0
mid2,result_500_mid2.json,FG-DSCR,c050,default,edge-8,10,872.4,0.0,872.4,889.4,17.0,7194,0
mid2,result_500_mid2.json,FG-DSCR,c440,default,edge-8,11,889.4,0.0,889.4,906.4,17.0,7194,0
mid2,result_500_mid2.json,FG-DSCR,c470,default,edge-8,12,906.4,0.0,906.4,923.4,17.0,7194,0
mid2,result_500_mid2.json,FG-DSCR,c350,default,edge-8,13,923.4,0.0,923.4,940.4,17.0,7194,0
mid2,result_500_mid2.json,FG-DSCR,c380,default,edge-8,14,940.4,0.0,940.4,957.4,17.0,7194,0
mid2,result_500_mid2.json,FG-DSCR,c110,default,edge-8,15,957.4,0.0,957.4,974.4,17.0,7194,0
mid2,result_500_mid2.json,FG-DSCR,c500,default,edge-8,16,974.4,0.0,974.4,991.4,17.0,7194,0
mid2,result_500_mid2.json,FG-DSCR,c320,default,edge-8,17,991.4,0.0,991.4,1008.4,17.0,7194,0
mid2,result_500_mid2.json,FG-DSCR,c141,default,edge-8,18,1008.4,72.0,1080.4,1100.4,20.0,5694,720
mid2,result_500_mid2.json,FG-DSCR,c471,default,edge-8,19,1100.4,0.0,1100.4,1120.4,20.0,6414,0
mid2,result_500_mid2.json,FG-DSCR,c204,default,edge-8,20,1120.4,0.1,1120.5,1137.5,17.0,6410,1
mid2,result_500_mid2.json,FG-DSCR,c441,default,edge-8,21,1137.5,0.0,1137.5,1157.5,20.0,6414,0
mid2,result_500_mid2.json,FG-DSCR,c384,default,edge-8,22,1157.5,0.0,1157.5,1174.5,17.0,6411,0
mid2,result_500_mid2.json,FG-DSCR,c261,default,edge-8,23,1174.5,0.0,1174.5,1194.5,20.0,6414,0
mid2,result_500_mid2.json,FG-DSCR,c324,default,edge-8,24,1194.5,0.0,1194.5,1211.5,17.0,6411,0
mid2,result_500_mid2.json,FG-DSCR,c081,default,edge-8,25,1211.5,0.0,1211.5,1231.5,20.0,6414,0
mid2,result_500_mid2.json,FG-DSCR,c144,default,edge-8,26,1231.5,0.0,1231.5,1248.5,17.0,6411,0
mid2,result_500_mid2.json,FG-DSCR,c381,default,edge-8,27,1248.5,0.0,1248.5,1268.5,20.0,6414,0
mid2,result_500_mid2.json,FG-DSCR,c444,default,edge-8,28,1268.5,0.0,1268.5,1285.5,17.0,6411,0
mid2,result_500_mid2.json,FG-DSCR,c231,default,edge-8,29,1285.5,0.0,1285.5,1305.5,20.0,6414,0
mid2,result_500_mid2.json,FG-DSCR,c114,default,edge-8,30,1305.5,0.0,1305.5,1322.5,17.0,6411,0
mid2,result_500_mid2.json,FG-DSCR,c351,default,edge-8,31,1322.5,0.0,1322.5,1342.5,20.0,6414,0
mid2,result_500_mid2.json,FG-DSCR,c234,default,edge-8,32,1342.5,0.0,1342.5,1359.5,17.0,6411,0
mid2,result_500_mid2.json,FG-DSCR,c291,default,edge-8,33,1359.5,0.0,1359.5,1379.5,20.0,6414,0
mid2,result_500_mid2.json,FG-DSCR,c174,default,edge-8,34,1379.5,0.0,1379.5,1396.5,17.0,6411,0
mid2,result_500_mid2.json,FG-DSCR,c051,default,edge-8,35,1396.5,0.0,1396.5,1416.5,20.0,6414,0
mid2,result_500_mid2.json,FG-DSCR,c354,default,edge-8,36,1416.5,0.0,1416.5,1433.5,17.0,6411,0
mid2,result_500_mid2.json,FG-DSCR,c021,default,edge-8,37,1433.5,0.0,1433.5,1453.5,20.0,6414,0
mid2,result_500_mid2.json,FG-DSCR,c474,default,edge-8,38,1453.5,0.0,1453.5,1470.5,17.0,6411,0
mid2,result_500_mid2.json,FG-DSCR,c084,default,edge-8,39,1470.5,0.0,1470.5,1487.5,17.0,6411,0
mid2,result_500_mid2.json,FG-DSCR,c321,default,edge-8,40,1487.5,0.0,1487.5,1507.5,20.0,6414,0
mid2,result_500_mid2.json,FG-DSCR,c024,default,edge-8,41,1507.5,0.0,1507.5,1524.5,17.0,6411,0
mid2,result_500_mid2.json,FG-DSCR,c171,default,edge-8,42,1524.5,0.0,1524.5,1544.5,20.0,6414,0
mid2,result_500_mid2.json,FG-DSCR,c054,default,edge-8,43,1544.5,0.0,1544.5,1561.5,17.0,6411,0
mid2,result_500_mid2.json,FG-DSCR,c201,default,edge-8,44,1561.5,0.0,1561.5,1581.5,20.0,6414,0
mid2,result_500_mid2.json,FG-DSCR,c294,default,edge-8,45,1581.5,0.0,1581.5,1598.5,17.0,6411,0
mid2,result_500_mid2.json,FG-DSCR,c411,default,edge-8,46,1598.5,0.0,1598.5,1618.5,20.0,6414,0
mid2,result_500_mid2.json,FG-DSCR,c414,default,edge-8,47,1618.5,0.0,1618.5,1635.5,17.0,6411,0
mid2,result_500_mid2.json,FG-DSCR,c111,default,edge-8,48,1635.5,0.0,1635.5,1655.5,20.0,6414,0
mid2,result_500_mid2.json,FG-DSCR,c264,default,edge-8,49,1655.5,0.0,1655.5,1672.5,17.0,6411,0
mid2,result_500_mid2.json,FG-DSCR,c053,default,edge-8,50,1672.5,135.0,1807.5,1821.5,14.0,6410,1350
mid2,result_500_mid2.json,FG-DSCR,c203,default,edge-8,51,1821.5,0.0,1821.5,1835.5,14.0,7760,0
mid2,result_500_mid2.json,FG-DSCR,c443,default,edge-8,52,1835.5,0.0,1835.5,1849.5,14.0,7760,0
mid2,result_500_mid2.json,FG-DSCR,c293,default,edge-8,53,1849.5,0.0,1849.5,1863.5,14.0,7760,0
mid2,result_500_mid2.json,FG-DSCR,c173,default,edge-8,54,1863.5,0.0,1863.5,1877.5,14.0,7760,0
mid2,result_500_mid2.json,FG-DSCR,c143,default,edge-8,55,1877.5,0.0,1877.5,1891.5,14.0,7760,0
mid2,result_500_mid2.json,FG-DSCR,c113,default,edge-8,56,1891.5,0.0,1891.5,1905.5,14.0,7760,0
mid2,result_500_mid2.json,FG-DSCR,c323,default,edge-8,57,1905.5,0.0,1905.5,1919.5,14.0,7760,0
mid2,result_500_mid2.json,FG-DSCR,c353,default,edge-8,58,1919.5,0.0,1919.5,1933.5,14.0,7760,0
mid2,result_500_mid2.json,FG-DSCR,c413,default,edge-8,59,1933.5,0.0,1933.5,1947.5,14.0,7760,0
mid2,result_500_mid2.json,FG-DSCR,c083,default,edge-8,60,1947.5,0.0,1947.5,1961.5,14.0,7760,0
mid2,result_500_mid2.json,FG-DSCR,c263,default,edge-8,61,1961.5,0.0,1961.5,1975.5,14.0,7760,0
mid2,result_500_mid2.json,FG-DSCR,c383,default,edge-8,62,1975.5,0.0,1975.5,1989.5,14.0,7760,0
mid2,result_500_mid2.json,FG-DSCR,c023,default,edge-8,63,1989.5,0.0,1989.5,2003.5,14.0,7760,0
mid2,result_500_mid2.json,FG-DSCR,c473,default,edge-8,64,2003.5,0.0,2003.5,2017.5,14.0,7760,0
mid2,result_500_mid2.json,FG-DSCR,c233,default,edge-8,65,2017.5,0.0,2017.5,2031.5,14.0,7760,0
mid2,result_500_mid2.json,FG-DSCR,c409,default,edge-8,66,2031.5,90.0,2121.5,2135.5,14.0,5691,900
mid2,result_500_mid2.json,FG-DSCR,c289,default,edge-8,67,2135.5,0.0,2135.5,2149.5,14.0,6591,0
mid2,result_500_mid2.json,FG-DSCR,c079,default,edge-8,68,2149.5,0.0,2149.5,2163.5,14.0,6591,0
mid2,result_500_mid2.json,FG-DSCR,c319,default,edge-8,69,2163.5,0.0,2163.5,2177.5,14.0,6591,0
mid2,result_500_mid2.json,FG-DSCR,c412,default,edge-8,70,2177.5,0.0,2177.5,2200.5,23.0,6441,0
mid2,result_500_mid2.json,FG-DSCR,c049,default,edge-8,71,2200.5,0.0,2200.5,2214.5,14.0,6591,0
mid2,result_500_mid2.json,FG-DSCR,c172,default,edge-8,72,2214.5,0.0,2214.5,2237.5,23.0,6441,0
mid2,result_500_mid2.json,FG-DSCR,c322,default,edge-8,73,2237.5,0.0,2237.5,2260.5,23.0,6441,0
mid2,result_500_mid2.json,FG-DSCR,c499,default,edge-8,74,2260.5,0.0,2260.5,2274.5,14.0,6591,0
mid2,result_500_mid2.json,FG-DSCR,c112,default,edge-8,75,2274.5,0.0,2274.5,2297.5,23.0,6441,0
mid2,result_500_mid2.json,FG-DSCR,c169,default,edge-8,76,2297.5,0.0,2297.5,2311.5,14.0,6591,0
mid2,result_500_mid2.json,FG-DSCR,c142,default,edge-8,77,2311.5,0.0,2311.5,2334.5,23.0,6441,0
mid2,result_500_mid2.json,FG-DSCR,c109,default,edge-8,78,2334.5,0.0,2334.5,2348.5,14.0,6591,0
mid2,result_500_mid2.json,FG-DSCR,c202,default,edge-8,79,2348.5,0.0,2348.5,2371.5,23.0,6441,0
mid2,result_500_mid2.json,FG-DSCR,c199,default,edge-8,80,2371.5,0.0,2371.5,2385.5,14.0,6591,0
mid2,result_500_mid2.json,FG-DSCR,c472,default,edge-8,81,2385.5,0.0,2385.5,2408.5,23.0,6441,0
mid2,result_500_mid2.json,FG-DSCR,c139,default,edge-8,82,2408.5,0.0,2408.5,2422.5,14.0,6591,0
mid2,result_500_mid2.json,FG-DSCR,c052,default,edge-8,83,2422.5,0.0,2422.5,2445.5,23.0,6441,0
mid2,result_500_mid2.json,FG-DSCR,c349,default,edge-8,84,2445.5,0.0,2445.5,2459.5,14.0,6591,0
mid2,result_500_mid2.json,FG-DSCR,c352,default,edge-8,85,2459.5,0.0,2459.5,2482.5,23.0,6441,0
mid2,result_500_mid2.json,FG-DSCR,c439,default,edge-8,86,2482.5,0.0,2482.5,2496.5,14.0,6591,0
mid2,result_500_mid2.json,FG-DSCR,c442,default,edge-8,87,2496.5,0.0,2496.5,2519.5,23.0,6441,0
mid2,result_500_mid2.json,FG-DSCR,c469,default,edge-8,88,2519.5,0.0,2519.5,2533.5,14.0,6591,0
mid2,result_500_mid2.json,FG-DSCR,c382,default,edge-8,89,2533.5,0.0,2533.5,2556.5,23.0,6441,0
mid2,result_500_mid2.json,FG-DSCR,c019,default,edge-8,90,2556.5,0.0,2556.5,2570.5,14.0,6591,0
mid2,result_500_mid2.json,FG-DSCR,c292,default,edge-8,91,2570.5,0.0,2570.5,2593.5,23.0,6441,0
mid2,result_500_mid2.json,FG-DSCR,c082,default,edge-8,92,2593.5,0.0,2593.5,2616.5,23.0,6441,0
mid2,result_500_mid2.json,FG-DSCR,c229,default,edge-8,93,2616.5,0.0,2616.5,2630.5,14.0,6591,0
mid2,result_500_mid2.json,FG-DSCR,c232,default,edge-8,94,2630.5,0.0,2630.5,2653.5,23.0,6441,0
mid2,result_500_mid2.json,FG-DSCR,c379,default,edge-8,95,2653.5,0.0,2653.5,2667.5,14.0,6591,0
mid2,result_500_mid2.json,FG-DSCR,c262,default,edge-8,96,2667.5,0.0,2667.5,2690.5,23.0,6441,0
mid2,result_500_mid2.json,FG-DSCR,c259,default,edge-8,97,2690.5,0.0,2690.5,2704.5,14.0,6591,0
mid2,result_500_mid2.json,FG-DSCR,c022,default,edge-8,98,2704.5,0.0,2704.5,2727.5,23.0,6441,0
tuned,result_500_tuned.json,FG-DSCR,c209,default,edge-1,1,0.0,908.6,908.6,926.6,18.0,0,4543
tuned,result_500_tuned.json,FG-DSCR,c449,default,edge-1,2,926.6,0.0,926.6,944.6,18.0,4543,0
tuned,result_500_tuned.json,FG-DSCR,c479,default,edge-1,3,944.6,0.0,944.6,962.6,18.0,4543,0
tuned,result_500_tuned.json,FG-DSCR,c059,default,edge-1,4,962.6,0.0,962.6,980.6,18.0,4543,0
tuned,result_500_tuned.json,FG-DSCR,c329,default,edge-1,5,980.6,0.0,980.6,998.6,18.0,4543,0
tuned,result_500_tuned.json,FG-DSCR,c089,default,edge-1,6,998.6,0.0,998.6,1016.6,18.0,4543,0
tuned,result_500_tuned.json,FG-DSCR,c359,default,edge-1,7,1016.6,0.0,1016.6,1034.6,18.0,4543,0
tuned,result_500_tuned.json,FG-DSCR,c299,default,edge-1,8,1034.6,0.0,1034.6,1052.6,18.0,4543,0
tuned,result_500_tuned.json,FG-DSCR,c029,default,edge-1,9,1052.6,0.0,1052.6,1070.6,18.0,4543,0
tuned,result_500_tuned.json,FG-DSCR,c119,default,edge-1,10,1070.6,0.0,1070.6,1088.6,18.0,4543,0
tuned,result_500_tuned.json,FG-DSCR,c149,default,edge-1,11,1088.6,0.0,1088.6,1106.6,18.0,4543,0
tuned,result_500_tuned.json,FG-DSCR,c269,default,edge-1,12,1106.6,0.0,1106.6,1124.6,18.0,4543,0
tuned,result_500_tuned.json,FG-DSCR,c239,default,edge-1,13,1124.6,0.0,1124.6,1142.6,18.0,4543,0
tuned,result_500_tuned.json,FG-DSCR,c419,default,edge-1,14,1142.6,0.0,1142.6,1160.6,18.0,4543,0
tuned,result_500_tuned.json,FG-DSCR,c389,default,edge-1,15,1160.6,0.0,1160.6,1178.6,18.0,4543,0
tuned,result_500_tuned.json,FG-DSCR,c179,default,edge-1,16,1178.6,0.0,1178.6,1196.6,18.0,4543,0
tuned,result_500_tuned.json,FG-DSCR,c328,default,edge-1,17,1196.6,144.0,1340.6,1367.6,27.0,4541,720
tuned,result_500_tuned.json,FG-DSCR,c118,default,edge-1,18,1367.6,0.0,1367.6,1394.6,27.0,5261,0
tuned,result_500_tuned.json,FG-DSCR,c418,default,edge-1,19,1394.6,0.0,1394.6,1421.6,27.0,5261,0
tuned,result_500_tuned.json,FG-DSCR,c298,default,edge-1,20,1421.6,0.0,1421.6,1448.6,27.0,5261,0
tuned,result_500_tuned.json,FG-DSCR,c088,default,edge-1,21,1448.6,0.0,1448.6,1475.6,27.0,5261,0
tuned,result_500_tuned.json,FG-DSCR,c178,default,edge-1,22,1475.6,0.0,1475.6,1502.6,27.0,5261,0
tuned,result_500_tuned.json,FG-DSCR,c388,default,edge-1,23,1502.6,0.0,1502.6,1529.6,27.0,5261,0
tuned,result_500_tuned.json,FG-DSCR,c238,default,edge-1,24,1529.6,0.0,1529.6,1556.6,27.0,5261,0
tuned,result_500_tuned.json,FG-DSCR,c208,default,edge-1,25,1556.6,0.0,1556.6,1583.6,27.0,5261,0
tuned,result_500_tuned.json,FG-DSCR,c058,default,edge-1,26,1583.6,0.0,1583.6,1610.6,27.0,5261,0
tuned,result_500_tuned.json,FG-DSCR,c358,default,edge-1,27,1610.6,0.0,1610.6,1637.6,27.0,5261,0
tuned,result_500_tuned.json,FG-DSCR,c028,default,edge-1,28,1637.6,0.0,1637.6,1664.6,27.0,5261,0
tuned,result_500_tuned.json,FG-DSCR,c148,default,edge-1,29,1664.6,0.0,1664.6,1691.6,27.0,5261,0
tuned,result_500_tuned.json,FG-DSCR,c448,default,edge-1,30,1691.6,0.0,1691.6,1718.6,27.0,5261,0
tuned,result_500_tuned.json,FG-DSCR,c478,default,edge-1,31,1718.6,0.0,1718.6,1745.6,27.0,5261,0
tuned,result_500_tuned.json,FG-DSCR,c268,default,edge-1,32,1745.6,0.0,1745.6,1772.6,27.0,5261,0
tuned,result_500_tuned.json,FG-DSCR,c486,default,edge-1,33,1772.6,1080.0,2852.6,2881.6,29.0,2071,5400
tuned,result_500_tuned.json,FG-DSCR,c456,default,edge-1,34,2881.6,0.0,2881.6,2910.6,29.0,7471,0
tuned,result_500_tuned.json,FG-DSCR,c306,default,edge-1,35,2910.6,0.0,2910.6,2939.6,29.0,7471,0
tuned,result_500_tuned.json,FG-DSCR,c006,default,edge-1,36,2939.6,0.0,2939.6,2968.6,29.0,7471,0
tuned,result_500_tuned.json,FG-DSCR,c066,default,edge-1,37,2968.6,0.0,2968.6,2997.6,29.0,7471,0
tuned,result_500_tuned.json,FG-DSCR,c276,default,edge-1,38,2997.6,0.0,2997.6,3026.6,29.0,7471,0
tuned,result_500_tuned.json,FG-DSCR,c366,default,edge-1,39,3026.6,0.0,3026.6,3055.6,29.0,7471,0
tuned,result_500_tuned.json,FG-DSCR,c426,default,edge-1,40,3055.6,0.0,3055.6,3084.6,29.0,7471,0
tuned,result_500_tuned.json,FG-DSCR,c156,default,edge-1,41,3084.6,0.0,3084.6,3113.6,29.0,7471,0
tuned,result_500_tuned.json,FG-DSCR,c396,default,edge-1,42,3113.6,0.0,3113.6,3142.6,29.0,7471,0
tuned,result_500_tuned.json,FG-DSCR,c096,default,edge-1,43,3142.6,0.0,3142.6,3171.6,29.0,7471,0
tuned,result_500_tuned.json,FG-DSCR,c126,default,edge-1,44,3171.6,0.0,3171.6,3200.6,29.0,7471,0
tuned,result_500_tuned.json,FG-DSCR,c186,default,edge-1,45,3200.6,0.0,3200.6,3229.6,29.0,7471,0
tuned,result_500_tuned.json,FG-DSCR,c336,default,edge-1,46,3229.6,0.0,3229.6,3258.6,29.0,7471,0
tuned,result_500_tuned.json,FG-DSCR,c036,default,edge-1,47,3258.6,0.0,3258.6,3287.6,29.0,7471,0
tuned,result_500_tuned.json,FG-DSCR,c246,default,edge-1,48,3287.6,0.0,3287.6,3316.6,29.0,7471,0
tuned,result_500_tuned.json,FG-DSCR,c216,default,edge-1,49,3316.6,0.0,3316.6,3345.6,29.0,7471,0
tuned,result_500_tuned.json,FG-DSCR,c441,default,edge-2,1,0.0,1282.8,1282.8,1302.8,20.0,0,6414
tuned,result_500_tuned.json,FG-DSCR,c471,default,edge-2,2,1302.8,0.0,1302.8,1322.8,20.0,6414,0
tuned,result_500_tuned.json,FG-DSCR,c411,default,edge-2,3,1322.8,0.0,1322.8,1342.8,20.0,6414,0
tuned,result_500_tuned.json,FG-DSCR,c291,default,edge-2,4,1342.8,0.0,1342.8,1362.8,20.0,6414,0
tuned,result_500_tuned.json,FG-DSCR,c201,default,edge-2,5,1362.8,0.0,1362.8,1382.8,20.0,6414,0
tuned,result_500_tuned.json,FG-DSCR,c381,default,edge-2,6,1382.8,0.0,1382.8,1402.8,20.0,6414,0
tuned,result_500_tuned.json,FG-DSCR,c261,default,edge-2,7,1402.8,0.0,1402.8,1422.8,20.0,6414,0
tuned,result_500_tuned.json,FG-DSCR,c051,default,edge-2,8,1422.8,0.0,1422.8,1442.8,20.0,6414,0
tuned,result_500_tuned.json,FG-DSCR,c231,default,edge-2,9,1442.8,0.0,1442.8,1462.8,20.0,6414,0
tuned,result_500_tuned.json,FG-DSCR,c351,default,edge-2,10,1462.8,0.0,1462.8,1482.8,20.0,6414,0
tuned,result_500_tuned.json,FG-DSCR,c321,default,edge-2,11,1482.8,0.0,1482.8,1502.8,20.0,6414,0
tuned,result_500_tuned.json,FG-DSCR,c141,default,edge-2,12,1502.8,0.0,1502.8,1522.8,20.0,6414,0
tuned,result_500_tuned.json,FG-DSCR,c081,default,edge-2,13,1522.8,0.0,1522.8,1542.8,20.0,6414,0
tuned,result_500_tuned.json,FG-DSCR,c021,default,edge-2,14,1542.8,0.0,1542.8,1562.8,20.0,6414,0
tuned,result_500_tuned.json,FG-DSCR,c171,default,edge-2,15,1562.8,0.0,1562.8,1582.8,20.0,6414,0
tuned,result_500_tuned.json,FG-DSCR,c111,default,edge-2,16,1582.8,0.0,1582.8,1602.8,20.0,6414,0
tuned,result_500_tuned.json,FG-DSCR,c080,default,edge-2,17,1602.8,300.0,1902.8,1919.8,17.0,5694,1500
tuned,result_500_tuned.json,FG-DSCR,c230,default,edge-2,18,1919.8,0.0,1919.8,1936.8,17.0,7194,0
tuned,result_500_tuned.json,FG-DSCR,c380,default,edge-2,19,1936.8,0.0,1936.8,1953.8,17.0,7194,0
tuned,result_500_tuned.json,FG-DSCR,c470,default,edge-2,20,1953.8,0.0,1953.8,1970.8,17.0,7194,0
tuned,result_500_tuned.json,FG-DSCR,c440,default,edge-2,21,1970.8,0.0,1970.8,1987.8,17.0,7194,0
tuned,result_500_tuned.json,FG-DSCR,c200,default,edge-2,22,1987.8,0.0,1987.8,2004.8,17.0,7194,0
tuned,result_500_tuned.json,FG-DSCR,c050,default,edge-2,23,2004.8,0.0,2004.8,2021.8,17.0,7194,0
tuned,result_500_tuned.json,FG-DSCR,c500,default,edge-2,24,2021.8,0.0,2021.8,2038.8,17.0,7194,0
tuned,result_500_tuned.json,FG-DSCR,c410,default,edge-2,25,2038.8,0.0,2038.8,2055.8,17.0,7194,0
tuned,result_500_tuned.json,FG-DSCR,c140,default,edge-2,26,2055.8,0.0,2055.8,2072.8,17.0,7194,0
tuned,result_500_tuned.json,FG-DSCR,c020,default,edge-2,27,2072.8,0.0,2072.8,2089.8,17.0,7194,0
tuned,result_500_tuned.json,FG-DSCR,c170,default,edge-2,28,2089.8,0.0,2089.8,2106.8,17.0,7194,0
tuned,result_500_tuned.json,FG-DSCR,c350,default,edge-2,29,2106.8,0.0,2106.8,2123.8,17.0,7194,0
tuned,result_500_tuned.json,FG-DSCR,c290,default,edge-2,30,2123.8,0.0,2123.8,2140.8,17.0,7194,0
tuned,result_500_tuned.json,FG-DSCR,c110,default,edge-2,31,2140.8,0.0,2140.8,2157.8,17.0,7194,0
tuned,result_500_tuned.json,FG-DSCR,c260,default,edge-2,32,2157.8,0.0,2157.8,2174.8,17.0,7194,0
tuned,result_500_tuned.json,FG-DSCR,c320,default,edge-2,33,2174.8,0.0,2174.8,2191.8,17.0,7194,0
tuned,result_500_tuned.json,FG-DSCR,c084,default,edge-2,34,2191.8,0.2,2192.0,2209.0,17.0,6410,1
tuned,result_500_tuned.json,FG-DSCR,c144,default,edge-2,35,2209.0,0.0,2209.0,2226.0,17.0,6411,0
tuned,result_500_tuned.json,FG-DSCR,c414,default,edge-2,36,2226.0,0.0,2226.0,2243.0,17.0,6411,0
tuned,result_500_tuned.json,FG-DSCR,c294,default,edge-2,37,2243.0,0.0,2243.0,2260.0,17.0,6411,0
tuned,result_500_tuned.json,FG-DSCR,c234,default,edge-2,38,2260.0,0.0,2260.0,2277.0,17.0,6411,0
tuned,result_500_tuned.json,FG-DSCR,c024,default,edge-2,39,2277.0,0.0,2277.0,2294.0,17.0,6411,0
tuned,result_500_tuned.json,FG-DSCR,c384,default,edge-2,40,2294.0,0.0,2294.0,2311.0,17.0,6411,0
tuned,result_500_tuned.json,FG-DSCR,c174,default,edge-2,41,2311.0,0.0,2311.0,2328.0,17.0,6411,0
tuned,result_500_tuned.json,FG-DSCR,c204,default,edge-2,42,2328.0,0.0,2328.0,2345.0,17.0,6411,0
tuned,result_500_tuned.json,FG-DSCR,c264,default,edge-2,43,2345.0,0.0,2345.0,2362.0,17.0,6411,0
tuned,result_500_tuned.json,FG-DSCR,c354,default,edge-2,44,2362.0,0.0,2362.0,2379.0,17.0,6411,0
tuned,result_500_tuned.json,FG-DSCR,c114,default,edge-2,45,2379.0,0.0,2379.0,2396.0,17.0,6411,0
tuned,result_500_tuned.json,FG-DSCR,c054,default,edge-2,46,2396.0,0.0,2396.0,2413.0,17.0,6411,0
tuned,result_500_tuned.json,FG-DSCR,c444,default,edge-2,47,2413.0,0.0,2413.0,2430.0,17.0,6411,0
tuned,result_500_tuned.json,FG-DSCR,c324,default,edge-2,48,2430.0,0.0,2430.0,2447.0,17.0,6411,0
tuned,result_500_tuned.json,FG-DSCR,c474,default,edge-2,49,2447.0,0.0,2447.0,2464.0,17.0,6411,0
tuned,result_500_tuned.json,FG-DSCR,c169,default,edge-2,50,2464.0,180.0,2644.0,2658.0,14.0,5691,900
tuned,result_500_tuned.json,FG-DSCR,c289,default,edge-2,51,2658.0,0.0,2658.0,2672.0,14.0,6591,0
tuned,result_500_tuned.json,FG-DSCR,c259,default,edge-2,52,2672.0,0.0,2672.0,2686.0,14.0,6591,0
tuned,result_500_tuned.json,FG-DSCR,c079,default,edge-2,53,2686.0,0.0,2686.0,2700.0,14.0,6591,0
tuned,result_500_tuned.json,FG-DSCR,c199,default,edge-2,54,2700.0,0.0,2700.0,2714.0,14.0,6591,0
tuned,result_500_tuned.json,FG-DSCR,c349,default,edge-2,55,2714.0,0.0,2714.0,2728.0,14.0,6591,0
tuned,result_500_tuned.json,FG-DSCR,c409,default,edge-2,56,2728.0,0.0,2728.0,2742.0,14.0,6591,0
tuned,result_500_tuned.json,FG-DSCR,c019,default,edge-2,57,2742.0,0.0,2742.0,2756.0,14.0,6591,0
tuned,result_500_tuned.json,FG-DSCR,c469,default,edge-2,58,2756.0,0.0,2756.0,2770.0,14.0,6591,0
tuned,result_500_tuned.json,FG-DSCR,c109,default,edge-2,59,2770.0,0.0,2770.0,2784.0,14.0,6591,0
tuned,result_500_tuned.json,FG-DSCR,c379,default,edge-2,60,2784.0,0.0,2784.0,2798.0,14.0,6591,0
tuned,result_500_tuned.json,FG-DSCR,c139,default,edge-2,61,2798.0,0.0,2798.0,2812.0,14.0,6591,0
tuned,result_500_tuned.json,FG-DSCR,c439,default,edge-2,62,2812.0,0.0,2812.0,2826.0,14.0,6591,0
tuned,result_500_tuned.json,FG-DSCR,c319,default,edge-2,63,2826.0,0.0,2826.0,2840.0,14.0,6591,0
tuned,result_500_tuned.json,FG-DSCR,c049,default,edge-2,64,2840.0,0.0,2840.0,2854.0,14.0,6591,0
tuned,result_500_tuned.json,FG-DSCR,c229,default,edge-2,65,2854.0,0.0,2854.0,2868.0,14.0,6591,0
tuned,result_500_tuned.json,FG-DSCR,c499,default,edge-2,66,2868.0,0.0,2868.0,2882.0,14.0,6591,0
tuned,result_500_tuned.json,FG-DSCR,c173,default,edge-2,67,2882.0,270.0,3152.0,3166.0,14.0,6410,1350
tuned,result_500_tuned.json,FG-DSCR,c413,default,edge-2,68,3166.0,0.0,3166.0,3180.0,14.0,7760,0
tuned,result_500_tuned.json,FG-DSCR,c293,default,edge-2,69,3180.0,0.0,3180.0,3194.0,14.0,7760,0
tuned,result_500_tuned.json,FG-DSCR,c323,default,edge-2,70,3194.0,0.0,3194.0,3208.0,14.0,7760,0
tuned,result_500_tuned.json,FG-DSCR,c023,default,edge-2,71,3208.0,0.0,3208.0,3222.0,14.0,7760,0
tuned,result_500_tuned.json,FG-DSCR,c143,default,edge-2,72,3222.0,0.0,3222.0,3236.0,14.0,7760,0
tuned,result_500_tuned.json,FG-DSCR,c203,default,edge-2,73,3236.0,0.0,3236.0,3250.0,14.0,7760,0
tuned,result_500_tuned.json,FG-DSCR,c233,default,edge-2,74,3250.0,0.0,3250.0,3264.0,14.0,7760,0
tuned,result_500_tuned.json,FG-DSCR,c083,default,edge-2,75,3264.0,0.0,3264.0,3278.0,14.0,7760,0
tuned,result_500_tuned.json,FG-DSCR,c473,default,edge-2,76,3278.0,0.0,3278.0,3292.0,14.0,7760,0
tuned,result_500_tuned.json,FG-DSCR,c353,default,edge-2,77,3292.0,0.0,3292.0,3306.0,14.0,7760,0
tuned,result_500_tuned.json,FG-DSCR,c113,default,edge-2,78,3306.0,0.0,3306.0,3320.0,14.0,7760,0
tuned,result_500_tuned.json,FG-DSCR,c053,default,edge-2,79,3320.0,0.0,3320.0,3334.0,14.0,7760,0
tuned,result_500_tuned.json,FG-DSCR,c262,default,edge-2,80,3334.0,0.0,3334.0,3357.0,23.0,6441,0
tuned,result_500_tuned.json,FG-DSCR,c263,default,edge-2,81,3357.0,0.0,3357.0,3371.0,14.0,7760,0
tuned,result_500_tuned.json,FG-DSCR,c232,default,edge-2,82,3371.0,0.0,3371.0,3394.0,23.0,6441,0
tuned,result_500_tuned.json,FG-DSCR,c172,default,edge-2,83,3394.0,0.0,3394.0,3417.0,23.0,6441,0
tuned,result_500_tuned.json,FG-DSCR,c383,default,edge-2,84,3417.0,0.0,3417.0,3431.0,14.0,7760,0
tuned,result_500_tuned.json,FG-DSCR,c442,default,edge-2,85,3431.0,0.0,3431.0,3454.0,23.0,6441,0
tuned,result_500_tuned.json,FG-DSCR,c322,default,edge-2,86,3454.0,0.0,3454.0,3477.0,23.0,6441,0
tuned,result_500_tuned.json,FG-DSCR,c472,default,edge-2,87,3477.0,0.0,3477.0,3500.0,23.0,6441,0
tuned,result_500_tuned.json,FG-DSCR,c443,default,edge-2,88,3500.0,0.0,3500.0,3514.0,14.0,7760,0
tuned,result_500_tuned.json,FG-DSCR,c142,default,edge-2,89,3514.0,0.0,3514.0,3537.0,23.0,6441,0
tuned,result_500_tuned.json,FG-DSCR,c412,default,edge-2,90,3537.0,0.0,3537.0,3560.0,23.0,6441,0
tuned,result_500_tuned.json,FG-DSCR,c082,default,edge-2,91,3560.0,0.0,3560.0,3583.0,23.0,6441,0
tuned,result_500_tuned.json,FG-DSCR,c022,default,edge-2,92,3583.0,0.0,3583.0,3606.0,23.0,6441,0
tuned,result_500_tuned.json,FG-DSCR,c382,default,edge-2,93,3606.0,0.0,3606.0,3629.0,23.0,6441,0
tuned,result_500_tuned.json,FG-DSCR,c352,default,edge-2,94,3629.0,0.0,3629.0,3652.0,23.0,6441,0
tuned,result_500_tuned.json,FG-DSCR,c052,default,edge-2,95,3652.0,0.0,3652.0,3675.0,23.0,6441,0
tuned,result_500_tuned.json,FG-DSCR,c202,default,edge-2,96,3675.0,0.0,3675.0,3698.0,23.0,6441,0
tuned,result_500_tuned.json,FG-DSCR,c292,default,edge-2,97,3698.0,0.0,3698.0,3721.0,23.0,6441,0
tuned,result_500_tuned.json,FG-DSCR,c112,default,edge-2,98,3721.0,0.0,3721.0,3744.0,23.0,6441,0
tuned,result_500_tuned.json,FG-DSCR,c188,default,edge-3,1,0.0,2261.8,2261.8,2304.8,43.0,0,22618
tuned,result_500_tuned.json,FG-DSCR,c278,default,edge-3,2,2304.8,0.0,2304.8,2347.8,43.0,22618,0
tuned,result_500_tuned.json,FG-DSCR,c128,default,edge-3,3,2347.8,0.0,2347.8,2390.8,43.0,22618,0
tuned,result_500_tuned.json,FG-DSCR,c098,default,edge-3,4,2390.8,0.0,2390.8,2433.8,43.0,22618,0
tuned,result_500_tuned.json,FG-DSCR,c068,default,edge-3,5,2433.8,0.0,2433.8,2476.8,43.0,22618,0
tuned,result_500_tuned.json,FG-DSCR,c458,default,edge-3,6,2476.8,0.0,2476.8,2519.8,43.0,22618,0
tuned,result_500_tuned.json,FG-DSCR,c158,default,edge-3,7,2519.8,0.0,2519.8,2562.8,43.0,22618,0
tuned,result_500_tuned.json,FG-DSCR,c398,default,edge-3,8,2562.8,0.0,2562.8,2605.8,43.0,22618,0
tuned,result_500_tuned.json,FG-DSCR,c368,default,edge-3,9,2605.8,0.0,2605.8,2648.8,43.0,22618,0
tuned,result_500_tuned.json,FG-DSCR,c488,default,edge-3,10,2648.8,0.0,2648.8,2691.8,43.0,22618,0
tuned,result_500_tuned.json,FG-DSCR,c308,default,edge-3,11,2691.8,0.0,2691.8,2734.8,43.0,22618,0
tuned,result_500_tuned.json,FG-DSCR,c338,default,edge-3,12,2734.8,0.0,2734.8,2777.8,43.0,22618,0
tuned,result_500_tuned.json,FG-DSCR,c008,default,edge-3,13,2777.8,0.0,2777.8,2820.8,43.0,22618,0
tuned,result_500_tuned.json,FG-DSCR,c248,default,edge-3,14,2820.8,0.0,2820.8,2863.8,43.0,22618,0
tuned,result_500_tuned.json,FG-DSCR,c038,default,edge-3,15,2863.8,0.0,2863.8,2906.8,43.0,22618,0
tuned,result_500_tuned.json,FG-DSCR,c218,default,edge-3,16,2906.8,0.0,2906.8,2949.8,43.0,22618,0
tuned,result_500_tuned.json,FG-DSCR,c428,default,edge-3,17,2949.8,0.0,2949.8,2992.8,43.0,22618,0
tuned,result_500_tuned.json,FG-DSCR,c487,default,edge-3,18,2992.8,760.0,3752.8,3792.8,40.0,22610,7600
tuned,result_500_tuned.json,FG-DSCR,c037,default,edge-3,19,3792.8,0.0,3792.8,3832.8,40.0,30210,0
tuned,result_500_tuned.json,FG-DSCR,c307,default,edge-3,20,3832.8,0.0,3832.8,3872.8,40.0,30210,0
tuned,result_500_tuned.json,FG-DSCR,c247,default,edge-3,21,3872.8,0.0,3872.8,3912.8,40.0,30210,0
tuned,result_500_tuned.json,FG-DSCR,c367,default,edge-3,22,3912.8,0.0,3912.8,3952.8,40.0,30210,0
tuned,result_500_tuned.json,FG-DSCR,c277,default,edge-3,23,3952.8,0.0,3952.8,3992.8,40.0,30210,0
tuned,result_500_tuned.json,FG-DSCR,c187,default,edge-3,24,3992.8,0.0,3992.8,4032.8,40.0,30210,0
tuned,result_500_tuned.json,FG-DSCR,c427,default,edge-3,25,4032.8,0.0,4032.8,4072.8,40.0,30210,0
tuned,result_500_tuned.json,FG-DSCR,c007,default,edge-3,26,4072.8,0.0,4072.8,4112.8,40.0,30210,0
tuned,result_500_tuned.json,FG-DSCR,c127,default,edge-3,27,4112.8,0.0,4112.8,4152.8,40.0,30210,0
tuned,result_500_tuned.json,FG-DSCR,c067,default,edge-3,28,4152.8,0.0,4152.8,4192.8,40.0,30210,0
tuned,result_500_tuned.json,FG-DSCR,c397,default,edge-3,29,4192.8,0.0,4192.8,4232.8,40.0,30210,0
tuned,result_500_tuned.json,FG-DSCR,c157,default,edge-3,30,4232.8,0.0,4232.8,4272.8,40.0,30210,0
tuned,result_500_tuned.json,FG-DSCR,c097,default,edge-3,31,4272.8,0.0,4272.8,4312.8,40.0,30210,0
tuned,result_500_tuned.json,FG-DSCR,c337,default,edge-3,32,4312.8,0.0,4312.8,4352.8,40.0,30210,0
tuned,result_500_tuned.json,FG-DSCR,c457,default,edge-3,33,4352.8,0.0,4352.8,4392.8,40.0,30210,0
tuned,result_500_tuned.json,FG-DSCR,c217,default,edge-3,34,4392.8,0.0,4392.8,4432.8,40.0,30210,0
tuned,result_500_tuned.json,FG-DSCR,c340,default,edge-4,1,0.0,2659.0,2659.0,2708.0,49.0,0,26590
tuned,result_500_tuned.json,FG-DSCR,c370,default,edge-4,2,2708.0,0.0,2708.0,2757.0,49.0,26590,0
tuned,result_500_tuned.json,FG-DSCR,c310,default,edge-4,3,2757.0,0.0,2757.0,2806.0,49.0,26590,0
tuned,result_500_tuned.json,FG-DSCR,c040,default,edge-4,4,2806.0,0.0,2806.0,2855.0,49.0,26590,0
tuned,result_500_tuned.json,FG-DSCR,c280,default,edge-4,5,2855.0,0.0,2855.0,2904.0,49.0,26590,0
tuned,result_500_tuned.json,FG-DSCR,c430,default,edge-4,6,2904.0,0.0,2904.0,2953.0,49.0,26590,0
tuned,result_500_tuned.json,FG-DSCR,c250,default,edge-4,7,2953.0,0.0,2953.0,3002.0,49.0,26590,0
tuned,result_500_tuned.json,FG-DSCR,c460,default,edge-4,8,3002.0,0.0,3002.0,3051.0,49.0,26590,0
tuned,result_500_tuned.json,FG-DSCR,c220,default,edge-4,9,3051.0,0.0,3051.0,3100.0,49.0,26590,0
tuned,result_500_tuned.json,FG-DSCR,c070,default,edge-4,10,3100.0,0.0,3100.0,3149.0,49.0,26590,0
tuned,result_500_tuned.json,FG-DSCR,c490,default,edge-4,11,3149.0,0.0,3149.0,3198.0,49.0,26590,0
tuned,result_500_tuned.json,FG-DSCR,c160,default,edge-4,12,3198.0,0.0,3198.0,3247.0,49.0,26590,0
tuned,result_500_tuned.json,FG-DSCR,c010,default,edge-4,13,3247.0,0.0,3247.0,3296.0,49.0,26590,0
tuned,result_500_tuned.json,FG-DSCR,c130,default,edge-4,14,3296.0,0.0,3296.0,3345.0,49.0,26590,0
tuned,result_500_tuned.json,FG-DSCR,c100,default,edge-4,15,3345.0,0.0,3345.0,3394.0,49.0,26590,0
tuned,result_500_tuned.json,FG-DSCR,c190,default,edge-4,16,3394.0,0.0,3394.0,3443.0,49.0,26590,0
tuned,result_500_tuned.json,FG-DSCR,c400,default,edge-4,17,3443.0,0.0,3443.0,3492.0,49.0,26590,0
tuned,result_500_tuned.json,FG-DSCR,c012,default,edge-4,18,3492.0,760.0,4252.0,4295.0,43.0,25090,7600
tuned,result_500_tuned.json,FG-DSCR,c462,default,edge-4,19,4295.0,0.0,4295.0,4338.0,43.0,32690,0
tuned,result_500_tuned.json,FG-DSCR,c042,default,edge-4,20,4338.0,0.0,4338.0,4381.0,43.0,32690,0
tuned,result_500_tuned.json,FG-DSCR,c162,default,edge-4,21,4381.0,0.0,4381.0,4424.0,43.0,32690,0
tuned,result_500_tuned.json,FG-DSCR,c192,default,edge-4,22,4424.0,0.0,4424.0,4467.0,43.0,32690,0
tuned,result_500_tuned.json,FG-DSCR,c252,default,edge-4,23,4467.0,0.0,4467.0,4510.0,43.0,32690,0
tuned,result_500_tuned.json,FG-DSCR,c492,default,edge-4,24,4510.0,0.0,4510.0,4553.0,43.0,32690,0
tuned,result_500_tuned.json,FG-DSCR,c432,default,edge-4,25,4553.0,0.0,4553.0,4596.0,43.0,32690,0
tuned,result_500_tuned.json,FG-DSCR,c102,default,edge-4,26,4596.0,0.0,4596.0,4639.0,43.0,32690,0
tuned,result_500_tuned.json,FG-DSCR,c282,default,edge-4,27,4639.0,0.0,4639.0,4682.0,43.0,32690,0
tuned,result_500_tuned.json,FG-DSCR,c372,default,edge-4,28,4682.0,0.0,4682.0,4725.0,43.0,32690,0
tuned,result_500_tuned.json,FG-DSCR,c072,default,edge-4,29,4725.0,0.0,4725.0,4768.0,43.0,32690,0
tuned,result_500_tuned.json,FG-DSCR,c312,default,edge-4,30,4768.0,0.0,4768.0,4811.0,43.0,32690,0
tuned,result_500_tuned.json,FG-DSCR,c402,default,edge-4,31,4811.0,0.0,4811.0,4854.0,43.0,32690,0
tuned,result_500_tuned.json,FG-DSCR,c222,default,edge-4,32,4854.0,0.0,4854.0,4897.0,43.0,32690,0
tuned,result_500_tuned.json,FG-DSCR,c342,default,edge-4,33,4897.0,0.0,4897.0,4940.0,43.0,32690,0
tuned,result_500_tuned.json,FG-DSCR,c132,default,edge-4,34,4940.0,0.0,4940.0,4983.0,43.0,32690,0
tuned,result_500_tuned.json,FG-DSCR,c011,default,edge-4,35,4983.0,720.0,5703.0,5743.0,40.0,23290,7200
tuned,result_500_tuned.json,FG-DSCR,c281,default,edge-4,36,5743.0,0.0,5743.0,5783.0,40.0,30490,0
tuned,result_500_tuned.json,FG-DSCR,c041,default,edge-4,37,5783.0,0.0,5783.0,5823.0,40.0,30490,0
tuned,result_500_tuned.json,FG-DSCR,c401,default,edge-4,38,5823.0,0.0,5823.0,5863.0,40.0,30490,0
tuned,result_500_tuned.json,FG-DSCR,c491,default,edge-4,39,5863.0,0.0,5863.0,5903.0,40.0,30490,0
tuned,result_500_tuned.json,FG-DSCR,c191,default,edge-4,40,5903.0,0.0,5903.0,5943.0,40.0,30490,0
tuned,result_500_tuned.json,FG-DSCR,c431,default,edge-4,41,5943.0,0.0,5943.0,5983.0,40.0,30490,0
tuned,result_500_tuned.json,FG-DSCR,c311,default,edge-4,42,5983.0,0.0,5983.0,6023.0,40.0,30490,0
tuned,result_500_tuned.json,FG-DSCR,c371,default,edge-4,43,6023.0,0.0,6023.0,6063.0,40.0,30490,0
tuned,result_500_tuned.json,FG-DSCR,c461,default,edge-4,44,6063.0,0.0,6063.0,6103.0,40.0,30490,0
tuned,result_500_tuned.json,FG-DSCR,c071,default,edge-4,45,6103.0,0.0,6103.0,6143.0,40.0,30490,0
tuned,result_500_tuned.json,FG-DSCR,c101,default,edge-4,46,6143.0,0.0,6143.0,6183.0,40.0,30490,0
tuned,result_500_tuned.json,FG-DSCR,c131,default,edge-4,47,6183.0,0.0,6183.0,6223.0,40.0,30490,0
tuned,result_500_tuned.json,FG-DSCR,c161,default,edge-4,48,6223.0,0.0,6223.0,6263.0,40.0,30490,0
tuned,result_500_tuned.json,FG-DSCR,c251,default,edge-4,49,6263.0,0.0,6263.0,6303.0,40.0,30490,0
tuned,result_500_tuned.json,FG-DSCR,c221,default,edge-4,50,6303.0,0.0,6303.0,6343.0,40.0,30490,0
tuned,result_500_tuned.json,FG-DSCR,c341,default,edge-4,51,6343.0,0.0,6343.0,6383.0,40.0,30490,0
tuned,result_500_tuned.json,FG-DSCR,c309,default,edge-4,52,6383.0,72.8,6455.8,6501.8,46.0,15390,728
tuned,result_500_tuned.json,FG-DSCR,c219,default,edge-4,53,6501.8,0.0,6501.8,6547.8,46.0,16118,0
tuned,result_500_tuned.json,FG-DSCR,c159,default,edge-4,54,6547.8,0.0,6547.8,6593.8,46.0,16118,0
tuned,result_500_tuned.json,FG-DSCR,c039,default,edge-4,55,6593.8,0.0,6593.8,6639.8,46.0,16118,0
tuned,result_500_tuned.json,FG-DSCR,c249,default,edge-4,56,6639.8,0.0,6639.8,6685.8,46.0,16118,0
tuned,result_500_tuned.json,FG-DSCR,c189,default,edge-4,57,6685.8,0.0,6685.8,6731.8,46.0,16118,0
tuned,result_500_tuned.json,FG-DSCR,c399,default,edge-4,58,6731.8,0.0,6731.8,6777.8,46.0,16118,0
tuned,result_500_tuned.json,FG-DSCR,c009,default,edge-4,59,6777.8,0.0,6777.8,6823.8,46.0,16118,0
tuned,result_500_tuned.json,FG-DSCR,c459,default,edge-4,60,6823.8,0.0,6823.8,6869.8,46.0,16118,0
tuned,result_500_tuned.json,FG-DSCR,c339,default,edge-4,61,6869.8,0.0,6869.8,6915.8,46.0,16118,0
tuned,result_500_tuned.json,FG-DSCR,c129,default,edge-4,62,6915.8,0.0,6915.8,6961.8,46.0,16118,0
tuned,result_500_tuned.json,FG-DSCR,c099,default,edge-4,63,6961.8,0.0,6961.8,7007.8,46.0,16118,0
tuned,result_500_tuned.json,FG-DSCR,c069,default,edge-4,64,7007.8,0.0,7007.8,7053.8,46.0,16118,0
tuned,result_500_tuned.json,FG-DSCR,c489,default,edge-4,65,7053.8,0.0,7053.8,7099.8,46.0,16118,0
tuned,result_500_tuned.json,FG-DSCR,c429,default,edge-4,66,7099.8,0.0,7099.8,7145.8,46.0,16118,0
tuned,result_500_tuned.json,FG-DSCR,c279,default,edge-4,67,7145.8,0.0,7145.8,7191.8,46.0,16118,0
tuned,result_500_tuned.json,FG-DSCR,c369,default,edge-4,68,7191.8,0.0,7191.8,7237.8,46.0,16118,0
tuned,result_500_tuned.json,FG-DSCR,c184,default,edge-5,1,0.0,1464.2,1464.2,1499.2,35.0,0,7321
tuned,result_500_tuned.json,FG-DSCR,c364,default,edge-5,2,1499.2,0.0,1499.2,1534.2,35.0,7321,0
tuned,result_500_tuned.json,FG-DSCR,c124,default,edge-5,3,1534.2,0.0,1534.2,1569.2,35.0,7321,0
tuned,result_500_tuned.json,FG-DSCR,c064,default,edge-5,4,1569.2,0.0,1569.2,1604.2,35.0,7321,0
tuned,result_500_tuned.json,FG-DSCR,c394,default,edge-5,5,1604.2,0.0,1604.2,1639.2,35.0,7321,0
tuned,result_500_tuned.json,FG-DSCR,c034,default,edge-5,6,1639.2,0.0,1639.2,1674.2,35.0,7321,0
tuned,result_500_tuned.json,FG-DSCR,c244,default,edge-5,7,1674.2,0.0,1674.2,1709.2,35.0,7321,0
tuned,result_500_tuned.json,FG-DSCR,c214,default,edge-5,8,1709.2,0.0,1709.2,1744.2,35.0,7321,0
tuned,result_500_tuned.json,FG-DSCR,c274,default,edge-5,9,1744.2,0.0,1744.2,1779.2,35.0,7321,0
tuned,result_500_tuned.json,FG-DSCR,c334,default,edge-5,10,1779.2,0.0,1779.2,1814.2,35.0,7321,0
tuned,result_500_tuned.json,FG-DSCR,c154,default,edge-5,11,1814.2,0.0,1814.2,1849.2,35.0,7321,0
tuned,result_500_tuned.json,FG-DSCR,c094,default,edge-5,12,1849.2,0.0,1849.2,1884.2,35.0,7321,0
tuned,result_500_tuned.json,FG-DSCR,c004,default,edge-5,13,1884.2,0.0,1884.2,1919.2,35.0,7321,0
tuned,result_500_tuned.json,FG-DSCR,c304,default,edge-5,14,1919.2,0.0,1919.2,1954.2,35.0,7321,0
tuned,result_500_tuned.json,FG-DSCR,c424,default,edge-5,15,1954.2,0.0,1954.2,1989.2,35.0,7321,0
tuned,result_500_tuned.json,FG-DSCR,c484,default,edge-5,16,1989.2,0.0,1989.2,2024.2,35.0,7321,0
tuned,result_500_tuned.json,FG-DSCR,c454,default,edge-5,17,2024.2,0.0,2024.2,2059.2,35.0,7321,0
tuned,result_500_tuned.json,FG-DSCR,c482,default,edge-5,18,2059.2,330.8,2390.0,2419.0,29.0,5670,1654
tuned,result_500_tuned.json,FG-DSCR,c212,default,edge-5,19,2419.0,0.0,2419.0,2448.0,29.0,7324,0
tuned,result_500_tuned.json,FG-DSCR,c092,default,edge-5,20,2448.0,0.0,2448.0,2477.0,29.0,7324,0
tuned,result_500_tuned.json,FG-DSCR,c152,default,edge-5,21,2477.0,0.0,2477.0,2506.0,29.0,7324,0
tuned,result_500_tuned.json,FG-DSCR,c182,default,edge-5,22,2506.0,0.0,2506.0,2535.0,29.0,7324,0
tuned,result_500_tuned.json,FG-DSCR,c362,default,edge-5,23,2535.0,0.0,2535.0,2564.0,29.0,7324,0
tuned,result_500_tuned.json,FG-DSCR,c422,default,edge-5,24,2564.0,0.0,2564.0,2593.0,29.0,7324,0
tuned,result_500_tuned.json,FG-DSCR,c002,default,edge-5,25,2593.0,0.0,2593.0,2622.0,29.0,7324,0
tuned,result_500_tuned.json,FG-DSCR,c242,default,edge-5,26,2622.0,0.0,2622.0,2651.0,29.0,7324,0
tuned,result_500_tuned.json,FG-DSCR,c302,default,edge-5,27,2651.0,0.0,2651.0,2680.0,29.0,7324,0
tuned,result_500_tuned.json,FG-DSCR,c332,default,edge-5,28,2680.0,0.0,2680.0,2709.0,29.0,7324,0
tuned,result_500_tuned.json,FG-DSCR,c392,default,edge-5,29,2709.0,0.0,2709.0,2738.0,29.0,7324,0
tuned,result_500_tuned.json,FG-DSCR,c452,default,edge-5,30,2738.0,0.0,2738.0,2767.0,29.0,7324,0
tuned,result_500_tuned.json,FG-DSCR,c272,default,edge-5,31,2767.0,0.0,2767.0,2796.0,29.0,7324,0
tuned,result_500_tuned.json,FG-DSCR,c062,default,edge-5,32,2796.0,0.0,2796.0,2825.0,29.0,7324,0
tuned,result_500_tuned.json,FG-DSCR,c122,default,edge-5,33,2825.0,0.0,2825.0,2854.0,29.0,7324,0
tuned,result_500_tuned.json,FG-DSCR,c032,default,edge-5,34,2854.0,0.0,2854.0,2883.0,29.0,7324,0
tuned,result_500_tuned.json,FG-DSCR,c496,default,edge-6,1,0.0,448.0,448.0,479.0,31.0,0,4480
tuned,result_500_tuned.json,FG-DSCR,c016,default,edge-6,2,479.0,0.0,479.0,510.0,31.0,4480,0
tuned,result_500_tuned.json,FG-DSCR,c076,default,edge-6,3,510.0,0.0,510.0,541.0,31.0,4480,0
tuned,result_500_tuned.json,FG-DSCR,c376,default,edge-6,4,541.0,0.0,541.0,572.0,31.0,4480,0
tuned,result_500_tuned.json,FG-DSCR,c046,default,edge-6,5,572.0,0.0,572.0,603.0,31.0,4480,0
tuned,result_500_tuned.json,FG-DSCR,c166,default,edge-6,6,603.0,0.0,603.0,634.0,31.0,4480,0
tuned,result_500_tuned.json,FG-DSCR,c226,default,edge-6,7,634.0,0.0,634.0,665.0,31.0,4480,0
tuned,result_500_tuned.json,FG-DSCR,c196,default,edge-6,8,665.0,0.0,665.0,696.0,31.0,4480,0
tuned,result_500_tuned.json,FG-DSCR,c256,default,edge-6,9,696.0,0.0,696.0,727.0,31.0,4480,0
tuned,result_500_tuned.json,FG-DSCR,c346,default,edge-6,10,727.0,0.0,727.0,758.0,31.0,4480,0
tuned,result_500_tuned.json,FG-DSCR,c286,default,edge-6,11,758.0,0.0,758.0,789.0,31.0,4480,0
tuned,result_500_tuned.json,FG-DSCR,c466,default,edge-6,12,789.0,0.0,789.0,820.0,31.0,4480,0
tuned,result_500_tuned.json,FG-DSCR,c106,default,edge-6,13,820.0,0.0,820.0,851.0,31.0,4480,0
tuned,result_500_tuned.json,FG-DSCR,c316,default,edge-6,14,851.0,0.0,851.0,882.0,31.0,4480,0
tuned,result_500_tuned.json,FG-DSCR,c406,default,edge-6,15,882.0,0.0,882.0,913.0,31.0,4480,0
tuned,result_500_tuned.json,FG-DSCR,c136,default,edge-6,16,913.0,0.0,913.0,944.0,31.0,4480,0
tuned,result_500_tuned.json,FG-DSCR,c436,default,edge-6,17,944.0,0.0,944.0,975.0,31.0,4480,0
tuned,result_500_tuned.json,FG-DSCR,c167,default,edge-6,18,975.0,180.0,1155.0,1177.0,22.0,4472,1800
tuned,result_500_tuned.json,FG-DSCR,c047,default,edge-6,19,1177.0,0.0,1177.0,1199.0,22.0,6272,0
tuned,result_500_tuned.json,FG-DSCR,c287,default,edge-6,20,1199.0,0.0,1199.0,1221.0,22.0,6272,0
tuned,result_500_tuned.json,FG-DSCR,c077,default,edge-6,21,1221.0,0.0,1221.0,1243.0,22.0,6272,0
tuned,result_500_tuned.json,FG-DSCR,c227,default,edge-6,22,1243.0,0.0,1243.0,1265.0,22.0,6272,0
tuned,result_500_tuned.json,FG-DSCR,c497,default,edge-6,23,1265.0,0.0,1265.0,1287.0,22.0,6272,0
tuned,result_500_tuned.json,FG-DSCR,c107,default,edge-6,24,1287.0,0.0,1287.0,1309.0,22.0,6272,0
tuned,result_500_tuned.json,FG-DSCR,c407,default,edge-6,25,1309.0,0.0,1309.0,1331.0,22.0,6272,0
tuned,result_500_tuned.json,FG-DSCR,c317,default,edge-6,26,1331.0,0.0,1331.0,1353.0,22.0,6272,0
tuned,result_500_tuned.json,FG-DSCR,c017,default,edge-6,27,1353.0,0.0,1353.0,1375.0,22.0,6272,0
tuned,result_500_tuned.json,FG-DSCR,c137,default,edge-6,28,1375.0,0.0,1375.0,1397.0,22.0,6272,0
tuned,result_500_tuned.json,FG-DSCR,c467,default,edge-6,29,1397.0,0.0,1397.0,1419.0,22.0,6272,0
tuned,result_500_tuned.json,FG-DSCR,c377,default,edge-6,30,1419.0,0.0,1419.0,1441.0,22.0,6272,0
tuned,result_500_tuned.json,FG-DSCR,c437,default,edge-6,31,1441.0,0.0,1441.0,1463.0,22.0,6272,0
tuned,result_500_tuned.json,FG-DSCR,c347,default,edge-6,32,1463.0,0.0,1463.0,1485.0,22.0,6272,0
tuned,result_500_tuned.json,FG-DSCR,c257,default,edge-6,33,1485.0,0.0,1485.0,1507.0,22.0,6272,0
tuned,result_500_tuned.json,FG-DSCR,c197,default,edge-6,34,1507.0,0.0,1507.0,1529.0,22.0,6272,0
tuned,result_500_tuned.json,FG-DSCR,c463,default,edge-6,35,1529.0,0.4,1529.4,1551.4,22.0,5628,4
tuned,result_500_tuned.json,FG-DSCR,c193,default,edge-6,36,1551.4,0.0,1551.4,1573.4,22.0,5632,0
tuned,result_500_tuned.json,FG-DSCR,c163,default,edge-6,37,1573.4,0.0,1573.4,1595.4,22.0,5632,0
tuned,result_500_tuned.json,FG-DSCR,c433,default,edge-6,38,1595.4,0.0,1595.4,1617.4,22.0,5632,0
tuned,result_500_tuned.json,FG-DSCR,c253,default,edge-6,39,1617.4,0.0,1617.4,1639.4,22.0,5632,0
tuned,result_500_tuned.json,FG-DSCR,c013,default,edge-6,40,1639.4,0.0,1639.4,1661.4,22.0,5632,0
tuned,result_500_tuned.json,FG-DSCR,c493,default,edge-6,41,1661.4,0.0,1661.4,1683.4,22.0,5632,0
tuned,result_500_tuned.json,FG-DSCR,c103,default,edge-6,42,1683.4,0.0,1683.4,1705.4,22.0,5632,0
tuned,result_500_tuned.json,FG-DSCR,c313,default,edge-6,43,1705.4,0.0,1705.4,1727.4,22.0,5632,0
tuned,result_500_tuned.json,FG-DSCR,c223,default,edge-6,44,1727.4,0.0,1727.4,1749.4,22.0,5632,0
tuned,result_500_tuned.json,FG-DSCR,c343,default,edge-6,45,1749.4,0.0,1749.4,1771.4,22.0,5632,0
tuned,result_500_tuned.json,FG-DSCR,c373,default,edge-6,46,1771.4,0.0,1771.4,1793.4,22.0,5632,0
tuned,result_500_tuned.json,FG-DSCR,c133,default,edge-6,47,1793.4,0.0,1793.4,1815.4,22.0,5632,0
tuned,result_500_tuned.json,FG-DSCR,c073,default,edge-6,48,1815.4,0.0,1815.4,1837.4,22.0,5632,0
tuned,result_500_tuned.json,FG-DSCR,c283,default,edge-6,49,1837.4,0.0,1837.4,1859.4,22.0,5632,0
tuned,result_500_tuned.json,FG-DSCR,c043,default,edge-6,50,1859.4,0.0,1859.4,1881.4,22.0,5632,0
tuned,result_500_tuned.json,FG-DSCR,c403,default,edge-6,51,1881.4,0.0,1881.4,1903.4,22.0,5632,0
tuned,result_500_tuned.json,FG-DSCR,c375,default,edge-6,52,1903.4,810.0,2713.4,2741.4,28.0,4474,8100
tuned,result_500_tuned.json,FG-DSCR,c135,default,edge-6,53,2741.4,0.0,2741.4,2769.4,28.0,12574,0
tuned,result_500_tuned.json,FG-DSCR,c075,default,edge-6,54,2769.4,0.0,2769.4,2797.4,28.0,12574,0
tuned,result_500_tuned.json,FG-DSCR,c405,default,edge-6,55,2797.4,0.0,2797.4,2825.4,28.0,12574,0
tuned,result_500_tuned.json,FG-DSCR,c345,default,edge-6,56,2825.4,0.0,2825.4,2853.4,28.0,12574,0
tuned,result_500_tuned.json,FG-DSCR,c015,default,edge-6,57,2853.4,0.0,2853.4,2881.4,28.0,12574,0
tuned,result_500_tuned.json,FG-DSCR,c315,default,edge-6,58,2881.4,0.0,2881.4,2909.4,28.0,12574,0
tuned,result_500_tuned.json,FG-DSCR,c435,default,edge-6,59,2909.4,0.0,2909.4,2937.4,28.0,12574,0
tuned,result_500_tuned.json,FG-DSCR,c495,default,edge-6,60,2937.4,0.0,2937.4,2965.4,28.0,12574,0
tuned,result_500_tuned.json,FG-DSCR,c225,default,edge-6,61,2965.4,0.0,2965.4,2993.4,28.0,12574,0
tuned,result_500_tuned.json,FG-DSCR,c105,default,edge-6,62,2993.4,0.0,2993.4,3021.4,28.0,12574,0
tuned,result_500_tuned.json,FG-DSCR,c255,default,edge-6,63,3021.4,0.0,3021.4,3049.4,28.0,12574,0
tuned,result_500_tuned.json,FG-DSCR,c285,default,edge-6,64,3049.4,0.0,3049.4,3077.4,28.0,12574,0
tuned,result_500_tuned.json,FG-DSCR,c165,default,edge-6,65,3077.4,0.0,3077.4,3105.4,28.0,12574,0
tuned,result_500_tuned.json,FG-DSCR,c195,default,edge-6,66,3105.4,0.0,3105.4,3133.4,28.0,12574,0
tuned,result_500_tuned.json,FG-DSCR,c465,default,edge-6,67,3133.4,0.0,3133.4,3161.4,28.0,12574,0
tuned,result_500_tuned.json,FG-DSCR,c045,default,edge-6,68,3161.4,0.0,3161.4,3189.4,28.0,12574,0
tuned,result_500_tuned.json,FG-DSCR,c224,default,edge-6,69,3189.4,832.0,4021.4,4046.4,25.0,11920,8320
tuned,result_500_tuned.json,FG-DSCR,c464,default,edge-6,70,4046.4,0.0,4046.4,4071.4,25.0,20240,0
tuned,result_500_tuned.json,FG-DSCR,c344,default,edge-6,71,4071.4,0.0,4071.4,4096.4,25.0,20240,0
tuned,result_500_tuned.json,FG-DSCR,c044,default,edge-6,72,4096.4,0.0,4096.4,4121.4,25.0,20240,0
tuned,result_500_tuned.json,FG-DSCR,c284,default,edge-6,73,4121.4,0.0,4121.4,4146.4,25.0,20240,0
tuned,result_500_tuned.json,FG-DSCR,c134,default,edge-6,74,4146.4,0.0,4146.4,4171.4,25.0,20240,0
tuned,result_500_tuned.json,FG-DSCR,c374,default,edge-6,75,4171.4,0.0,4171.4,4196.4,25.0,20240,0
tuned,result_500_tuned.json,FG-DSCR,c194,default,edge-6,76,4196.4,0.0,4196.4,4221.4,25.0,20240,0
tuned,result_500_tuned.json,FG-DSCR,c434,default,edge-6,77,4221.4,0.0,4221.4,4246.4,25.0,20240,0
tuned,result_500_tuned.json,FG-DSCR,c494,default,edge-6,78,4246.4,0.0,4246.4,4271.4,25.0,20240,0
tuned,result_500_tuned.json,FG-DSCR,c104,default,edge-6,79,4271.4,0.0,4271.4,4296.4,25.0,20240,0
tuned,result_500_tuned.json,FG-DSCR,c404,default,edge-6,80,4296.4,0.0,4296.4,4321.4,25.0,20240,0
tuned,result_500_tuned.json,FG-DSCR,c074,default,edge-6,81,4321.4,0.0,4321.4,4346.4,25.0,20240,0
tuned,result_500_tuned.json,FG-DSCR,c164,default,edge-6,82,4346.4,0.0,4346.4,4371.4,25.0,20240,0
tuned,result_500_tuned.json,FG-DSCR,c014,default,edge-6,83,4371.4,0.0,4371.4,4396.4,25.0,20240,0
tuned,result_500_tuned.json,FG-DSCR,c314,default,edge-6,84,4396.4,0.0,4396.4,4421.4,25.0,20240,0
tuned,result_500_tuned.json,FG-DSCR,c254,default,edge-6,85,4421.4,0.0,4421.4,4446.4,25.0,20240,0
tuned,result_500_tuned.json,FG-DSCR,c348,default,edge-6,86,4446.4,0.0,4446.4,4471.4,25.0,4552,0
tuned,result_500_tuned.json,FG-DSCR,c168,default,edge-6,87,4471.4,0.0,4471.4,4496.4,25.0,4552,0
tuned,result_500_tuned.json,FG-DSCR,c378,default,edge-6,88,4496.4,0.0,4496.4,4521.4,25.0,4552,0
tuned,result_500_tuned.json,FG-DSCR,c438,default,edge-6,89,4521.4,0.0,4521.4,4546.4,25.0,4552,0
tuned,result_500_tuned.json,FG-DSCR,c078,default,edge-6,90,4546.4,0.0,4546.4,4571.4,25.0,4552,0
tuned,result_500_tuned.json,FG-DSCR,c198,default,edge-6,91,4571.4,0.0,4571.4,4596.4,25.0,4552,0
tuned,result_500_tuned.json,FG-DSCR,c288,default,edge-6,92,4596.4,0.0,4596.4,4621.4,25.0,4552,0
tuned,result_500_tuned.json,FG-DSCR,c258,default,edge-6,93,4621.4,0.0,4621.4,4646.4,25.0,4552,0
tuned,result_500_tuned.json,FG-DSCR,c018,default,edge-6,94,4646.4,0.0,4646.4,4671.4,25.0,4552,0
tuned,result_500_tuned.json,FG-DSCR,c408,default,edge-6,95,4671.4,0.0,4671.4,4696.4,25.0,4552,0
tuned,result_500_tuned.json,FG-DSCR,c498,default,edge-6,96,4696.4,0.0,4696.4,4721.4,25.0,4552,0
tuned,result_500_tuned.json,FG-DSCR,c108,default,edge-6,97,4721.4,0.0,4721.4,4746.4,25.0,4552,0
tuned,result_500_tuned.json,FG-DSCR,c318,default,edge-6,98,4746.4,0.0,4746.4,4771.4,25.0,4552,0
tuned,result_500_tuned.json,FG-DSCR,c048,default,edge-6,99,4771.4,0.0,4771.4,4796.4,25.0,4552,0
tuned,result_500_tuned.json,FG-DSCR,c138,default,edge-6,100,4796.4,0.0,4796.4,4821.4,25.0,4552,0
tuned,result_500_tuned.json,FG-DSCR,c228,default,edge-6,101,4821.4,0.0,4821.4,4846.4,25.0,4552,0
tuned,result_500_tuned.json,FG-DSCR,c468,default,edge-6,102,4846.4,0.0,4846.4,4871.4,25.0,4552,0
tuned,result_500_tuned.json,FG-DSCR,c265,default,edge-7,1,0.0,634.2,634.2,652.2,18.0,0,6342
tuned,result_500_tuned.json,FG-DSCR,c205,default,edge-7,2,652.2,0.0,652.2,670.2,18.0,6342,0
tuned,result_500_tuned.json,FG-DSCR,c475,default,edge-7,3,670.2,0.0,670.2,688.2,18.0,6342,0
tuned,result_500_tuned.json,FG-DSCR,c025,default,edge-7,4,688.2,0.0,688.2,706.2,18.0,6342,0
tuned,result_500_tuned.json,FG-DSCR,c445,default,edge-7,5,706.2,0.0,706.2,724.2,18.0,6342,0
tuned,result_500_tuned.json,FG-DSCR,c415,default,edge-7,6,724.2,0.0,724.2,742.2,18.0,6342,0
tuned,result_500_tuned.json,FG-DSCR,c055,default,edge-7,7,742.2,0.0,742.2,760.2,18.0,6342,0
tuned,result_500_tuned.json,FG-DSCR,c385,default,edge-7,8,760.2,0.0,760.2,778.2,18.0,6342,0
tuned,result_500_tuned.json,FG-DSCR,c115,default,edge-7,9,778.2,0.0,778.2,796.2,18.0,6342,0
tuned,result_500_tuned.json,FG-DSCR,c145,default,edge-7,10,796.2,0.0,796.2,814.2,18.0,6342,0
tuned,result_500_tuned.json,FG-DSCR,c175,default,edge-7,11,814.2,0.0,814.2,832.2,18.0,6342,0
tuned,result_500_tuned.json,FG-DSCR,c325,default,edge-7,12,832.2,0.0,832.2,850.2,18.0,6342,0
tuned,result_500_tuned.json,FG-DSCR,c085,default,edge-7,13,850.2,0.0,850.2,868.2,18.0,6342,0
tuned,result_500_tuned.json,FG-DSCR,c235,default,edge-7,14,868.2,0.0,868.2,886.2,18.0,6342,0
tuned,result_500_tuned.json,FG-DSCR,c295,default,edge-7,15,886.2,0.0,886.2,904.2,18.0,6342,0
tuned,result_500_tuned.json,FG-DSCR,c355,default,edge-7,16,904.2,0.0,904.2,922.2,18.0,6342,0
tuned,result_500_tuned.json,FG-DSCR,c327,default,edge-7,17,922.2,65.0,987.2,1011.2,24.0,6340,650
tuned,result_500_tuned.json,FG-DSCR,c297,default,edge-7,18,1011.2,0.0,1011.2,1035.2,24.0,6990,0
tuned,result_500_tuned.json,FG-DSCR,c447,default,edge-7,19,1035.2,0.0,1035.2,1059.2,24.0,6990,0
tuned,result_500_tuned.json,FG-DSCR,c117,default,edge-7,20,1059.2,0.0,1059.2,1083.2,24.0,6990,0
tuned,result_500_tuned.json,FG-DSCR,c357,default,edge-7,21,1083.2,0.0,1083.2,1107.2,24.0,6990,0
tuned,result_500_tuned.json,FG-DSCR,c027,default,edge-7,22,1107.2,0.0,1107.2,1131.2,24.0,6990,0
tuned,result_500_tuned.json,FG-DSCR,c237,default,edge-7,23,1131.2,0.0,1131.2,1155.2,24.0,6990,0
tuned,result_500_tuned.json,FG-DSCR,c417,default,edge-7,24,1155.2,0.0,1155.2,1179.2,24.0,6990,0
tuned,result_500_tuned.json,FG-DSCR,c177,default,edge-7,25,1179.2,0.0,1179.2,1203.2,24.0,6990,0
tuned,result_500_tuned.json,FG-DSCR,c477,default,edge-7,26,1203.2,0.0,1203.2,1227.2,24.0,6990,0
tuned,result_500_tuned.json,FG-DSCR,c207,default,edge-7,27,1227.2,0.0,1227.2,1251.2,24.0,6990,0
tuned,result_500_tuned.json,FG-DSCR,c057,default,edge-7,28,1251.2,0.0,1251.2,1275.2,24.0,6990,0
tuned,result_500_tuned.json,FG-DSCR,c387,default,edge-7,29,1275.2,0.0,1275.2,1299.2,24.0,6990,0
tuned,result_500_tuned.json,FG-DSCR,c147,default,edge-7,30,1299.2,0.0,1299.2,1323.2,24.0,6990,0
tuned,result_500_tuned.json,FG-DSCR,c267,default,edge-7,31,1323.2,0.0,1323.2,1347.2,24.0,6990,0
tuned,result_500_tuned.json,FG-DSCR,c087,default,edge-7,32,1347.2,0.0,1347.2,1371.2,24.0,6990,0
tuned,result_500_tuned.json,FG-DSCR,c026,default,edge-7,33,1371.2,267.0,1638.2,1659.2,21.0,5240,2670
tuned,result_500_tuned.json,FG-DSCR,c266,default,edge-7,34,1659.2,0.0,1659.2,1680.2,21.0,7910,0
tuned,result_500_tuned.json,FG-DSCR,c206,default,edge-7,35,1680.2,0.0,1680.2,1701.2,21.0,7910,0
tuned,result_500_tuned.json,FG-DSCR,c386,default,edge-7,36,1701.2,0.0,1701.2,1722.2,21.0,7910,0
tuned,result_500_tuned.json,FG-DSCR,c176,default,edge-7,37,1722.2,0.0,1722.2,1743.2,21.0,7910,0
tuned,result_500_tuned.json,FG-DSCR,c296,default,edge-7,38,1743.2,0.0,1743.2,1764.2,21.0,7910,0
tuned,result_500_tuned.json,FG-DSCR,c326,default,edge-7,39,1764.2,0.0,1764.2,1785.2,21.0,7910,0
tuned,result_500_tuned.json,FG-DSCR,c146,default,edge-7,40,1785.2,0.0,1785.2,1806.2,21.0,7910,0
tuned,result_500_tuned.json,FG-DSCR,c116,default,edge-7,41,1806.2,0.0,1806.2,1827.2,21.0,7910,0
tuned,result_500_tuned.json,FG-DSCR,c476,default,edge-7,42,1827.2,0.0,1827.2,1848.2,21.0,7910,0
tuned,result_500_tuned.json,FG-DSCR,c236,default,edge-7,43,1848.2,0.0,1848.2,1869.2,21.0,7910,0
tuned,result_500_tuned.json,FG-DSCR,c446,default,edge-7,44,1869.2,0.0,1869.2,1890.2,21.0,7910,0
tuned,result_500_tuned.json,FG-DSCR,c420,default,edge-7,45,1890.2,165.0,2055.2,2076.2,21.0,6110,1650
tuned,result_500_tuned.json,FG-DSCR,c480,default,edge-7,46,2076.2,0.0,2076.2,2097.2,21.0,7760,0
tuned,result_500_tuned.json,FG-DSCR,c270,default,edge-7,47,2097.2,0.0,2097.2,2118.2,21.0,7760,0
tuned,result_500_tuned.json,FG-DSCR,c150,default,edge-7,48,2118.2,0.0,2118.2,2139.2,21.0,7760,0
tuned,result_500_tuned.json,FG-DSCR,c330,default,edge-7,49,2139.2,0.0,2139.2,2160.2,21.0,7760,0
tuned,result_500_tuned.json,FG-DSCR,c210,default,edge-7,50,2160.2,0.0,2160.2,2181.2,21.0,7760,0
tuned,result_500_tuned.json,FG-DSCR,c300,default,edge-7,51,2181.2,0.0,2181.2,2202.2,21.0,7760,0
tuned,result_500_tuned.json,FG-DSCR,c090,default,edge-7,52,2202.2,0.0,2202.2,2223.2,21.0,7760,0
tuned,result_500_tuned.json,FG-DSCR,c390,default,edge-7,53,2223.2,0.0,2223.2,2244.2,21.0,7760,0
tuned,result_500_tuned.json,FG-DSCR,c240,default,edge-7,54,2244.2,0.0,2244.2,2265.2,21.0,7760,0
tuned,result_500_tuned.json,FG-DSCR,c120,default,edge-7,55,2265.2,0.0,2265.2,2286.2,21.0,7760,0
tuned,result_500_tuned.json,FG-DSCR,c450,default,edge-7,56,2286.2,0.0,2286.2,2307.2,21.0,7760,0
tuned,result_500_tuned.json,FG-DSCR,c360,default,edge-7,57,2307.2,0.0,2307.2,2328.2,21.0,7760,0
tuned,result_500_tuned.json,FG-DSCR,c180,default,edge-7,58,2328.2,0.0,2328.2,2349.2,21.0,7760,0
tuned,result_500_tuned.json,FG-DSCR,c275,default,edge-8,1,0.0,702.4,702.4,728.4,26.0,0,7024
tuned,result_500_tuned.json,FG-DSCR,c305,default,edge-8,2,728.4,0.0,728.4,754.4,26.0,7024,0
tuned,result_500_tuned.json,FG-DSCR,c185,default,edge-8,3,754.4,0.0,754.4,780.4,26.0,7024,0
tuned,result_500_tuned.json,FG-DSCR,c335,default,edge-8,4,780.4,0.0,780.4,806.4,26.0,7024,0
tuned,result_500_tuned.json,FG-DSCR,c455,default,edge-8,5,806.4,0.0,806.4,832.4,26.0,7024,0
tuned,result_500_tuned.json,FG-DSCR,c125,default,edge-8,6,832.4,0.0,832.4,858.4,26.0,7024,0
tuned,result_500_tuned.json,FG-DSCR,c005,default,edge-8,7,858.4,0.0,858.4,884.4,26.0,7024,0
tuned,result_500_tuned.json,FG-DSCR,c095,default,edge-8,8,884.4,0.0,884.4,910.4,26.0,7024,0
tuned,result_500_tuned.json,FG-DSCR,c035,default,edge-8,9,910.4,0.0,910.4,936.4,26.0,7024,0
tuned,result_500_tuned.json,FG-DSCR,c425,default,edge-8,10,936.4,0.0,936.4,962.4,26.0,7024,0
tuned,result_500_tuned.json,FG-DSCR,c485,default,edge-8,11,962.4,0.0,962.4,988.4,26.0,7024,0
tuned,result_500_tuned.json,FG-DSCR,c215,default,edge-8,12,988.4,0.0,988.4,1014.4,26.0,7024,0
tuned,result_500_tuned.json,FG-DSCR,c245,default,edge-8,13,1014.4,0.0,1014.4,1040.4,26.0,7024,0
tuned,result_500_tuned.json,FG-DSCR,c155,default,edge-8,14,1040.4,0.0,1040.4,1066.4,26.0,7024,0
tuned,result_500_tuned.json,FG-DSCR,c065,default,edge-8,15,1066.4,0.0,1066.4,1092.4,26.0,7024,0
tuned,result_500_tuned.json,FG-DSCR,c365,default,edge-8,16,1092.4,0.0,1092.4,1118.4,26.0,7024,0
tuned,result_500_tuned.json,FG-DSCR,c395,default,edge-8,17,1118.4,0.0,1118.4,1144.4,26.0,7024,0
tuned,result_500_tuned.json,FG-DSCR,c481,default,edge-8,18,1144.4,135.1,1279.5,1305.5,26.0,5670,1351
tuned,result_500_tuned.json,FG-DSCR,c421,default,edge-8,19,1305.5,0.0,1305.5,1331.5,26.0,7021,0
tuned,result_500_tuned.json,FG-DSCR,c301,default,edge-8,20,1331.5,0.0,1331.5,1357.5,26.0,7021,0
tuned,result_500_tuned.json,FG-DSCR,c391,default,edge-8,21,1357.5,0.0,1357.5,1383.5,26.0,7021,0
tuned,result_500_tuned.json,FG-DSCR,c211,default,edge-8,22,1383.5,0.0,1383.5,1409.5,26.0,7021,0
tuned,result_500_tuned.json,FG-DSCR,c121,default,edge-8,23,1409.5,0.0,1409.5,1435.5,26.0,7021,0
tuned,result_500_tuned.json,FG-DSCR,c241,default,edge-8,24,1435.5,0.0,1435.5,1461.5,26.0,7021,0
tuned,result_500_tuned.json,FG-DSCR,c151,default,edge-8,25,1461.5,0.0,1461.5,1487.5,26.0,7021,0
tuned,result_500_tuned.json,FG-DSCR,c331,default,edge-8,26,1487.5,0.0,1487.5,1513.5,26.0,7021,0
tuned,result_500_tuned.json,FG-DSCR,c361,default,edge-8,27,1513.5,0.0,1513.5,1539.5,26.0,7021,0
tuned,result_500_tuned.json,FG-DSCR,c451,default,edge-8,28,1539.5,0.0,1539.5,1565.5,26.0,7021,0
tuned,result_500_tuned.json,FG-DSCR,c001,default,edge-8,29,1565.5,0.0,1565.5,1591.5,26.0,7021,0
tuned,result_500_tuned.json,FG-DSCR,c091,default,edge-8,30,1591.5,0.0,1591.5,1617.5,26.0,7021,0
tuned,result_500_tuned.json,FG-DSCR,c271,default,edge-8,31,1617.5,0.0,1617.5,1643.5,26.0,7021,0
tuned,result_500_tuned.json,FG-DSCR,c031,default,edge-8,32,1643.5,0.0,1643.5,1669.5,26.0,7021,0
tuned,result_500_tuned.json,FG-DSCR,c181,default,edge-8,33,1669.5,0.0,1669.5,1695.5,26.0,7021,0
tuned,result_500_tuned.json,FG-DSCR,c061,default,edge-8,34,1695.5,0.0,1695.5,1721.5,26.0,7021,0
tuned,result_500_tuned.json,FG-DSCR,c483,default,edge-8,35,1721.5,110.0,1831.5,1863.5,32.0,5374,1100
tuned,result_500_tuned.json,FG-DSCR,c243,default,edge-8,36,1863.5,0.0,1863.5,1895.5,32.0,6474,0
tuned,result_500_tuned.json,FG-DSCR,c123,default,edge-8,37,1895.5,0.0,1895.5,1927.5,32.0,6474,0
tuned,result_500_tuned.json,FG-DSCR,c183,default,edge-8,38,1927.5,0.0,1927.5,1959.5,32.0,6474,0
tuned,result_500_tuned.json,FG-DSCR,c453,default,edge-8,39,1959.5,0.0,1959.5,1991.5,32.0,6474,0
tuned,result_500_tuned.json,FG-DSCR,c333,default,edge-8,40,1991.5,0.0,1991.5,2023.5,32.0,6474,0
tuned,result_500_tuned.json,FG-DSCR,c393,default,edge-8,41,2023.5,0.0,2023.5,2055.5,32.0,6474,0
tuned,result_500_tuned.json,FG-DSCR,c213,default,edge-8,42,2055.5,0.0,2055.5,2087.5,32.0,6474,0
tuned,result_500_tuned.json,FG-DSCR,c363,default,edge-8,43,2087.5,0.0,2087.5,2119.5,32.0,6474,0
tuned,result_500_tuned.json,FG-DSCR,c063,default,edge-8,44,2119.5,0.0,2119.5,2151.5,32.0,6474,0
tuned,result_500_tuned.json,FG-DSCR,c423,default,edge-8,45,2151.5,0.0,2151.5,2183.5,32.0,6474,0
tuned,result_500_tuned.json,FG-DSCR,c303,default,edge-8,46,2183.5,0.0,2183.5,2215.5,32.0,6474,0
tuned,result_500_tuned.json,FG-DSCR,c153,default,edge-8,47,2215.5,0.0,2215.5,2247.5,32.0,6474,0
tuned,result_500_tuned.json,FG-DSCR,c033,default,edge-8,48,2247.5,0.0,2247.5,2279.5,32.0,6474,0
tuned,result_500_tuned.json,FG-DSCR,c273,default,edge-8,49,2279.5,0.0,2279.5,2311.5,32.0,6474,0
tuned,result_500_tuned.json,FG-DSCR,c093,default,edge-8,50,2311.5,0.0,2311.5,2343.5,32.0,6474,0
tuned,result_500_tuned.json,FG-DSCR,c003,default,edge-8,51,2343.5,0.0,2343.5,2375.5,32.0,6474,0
tuned,result_500_tuned.json,FG-DSCR,c030,default,edge-8,52,2375.5,404.0,2779.5,2800.5,21.0,3720,4040
tuned,result_500_tuned.json,FG-DSCR,c060,default,edge-8,53,2800.5,0.0,2800.5,2821.5,21.0,7760,0
tuned,result_500_tuned.json,FG-DSCR,c356,default,edge-8,54,2821.5,180.0,3001.5,3022.5,21.0,6110,1800
tuned,result_500_tuned.json,FG-DSCR,c416,default,edge-8,55,3022.5,0.0,3022.5,3043.5,21.0,7910,0
tuned,result_500_tuned.json,FG-DSCR,c086,default,edge-8,56,3043.5,0.0,3043.5,3064.5,21.0,7910,0
tuned,result_500_tuned.json,FG-DSCR,c056,default,edge-8,57,3064.5,0.0,3064.5,3085.5,21.0,7910,0
