nohup: ignoring input
[FIG1] method=fg_orig req=200
{
  "summary": {
    "algo": "FG-DSCR-GC-K8s-orig",
    "num_containers": 200,
    "num_assigned": 92,
    "num_failed": 108,
    "fail_rate": 0.54,
    "num_nodes": 8,
    "ACT": 120.60855978260872,
    "AMS": 213.18541666666664,
    "downloaded_mb": 10832,
    "reused_mb": 67795,
    "reuse_rate": 0.8622356188077887,
    "objective_base": 166.89698822463768,
    "fail_penalty": 540.0,
    "lambda_fail": 1000.0,
    "objective": 706.8969882246377
  },
  "assignment": {
    "edge-1": [
      "c117",
      "c122",
      "c170",
      "c006",
      "c010",
      "c030",
      "c051",
      "c052",
      "c060",
      "c119",
      "c176",
      "c188",
      "c003",
      "c155",
      "c177"
    ],
    "edge-2": [
      "c166",
      "c019",
      "c074",
      "c129",
      "c157",
      "c172",
      "c004",
      "c049",
      "c082"
    ],
    "edge-3": [
      "c053",
      "c190",
      "c076",
      "c088",
      "c109",
      "c180",
      "c149",
      "c097",
      "c156",
      "c130",
      "c152",
      "c092"
    ],
    "edge-4": [
      "c078",
      "c086",
      "c115",
      "c160",
      "c165",
      "c199",
      "c016",
      "c017",
      "c047",
      "c072",
      "c098",
      "c121"
    ],
    "edge-5": [
      "c034",
      "c178",
      "c147",
      "c144",
      "c182",
      "c196",
      "c027",
      "c025",
      "c058",
      "c091",
      "c022"
    ],
    "edge-6": [
      "c123",
      "c128",
      "c142",
      "c168",
      "c173",
      "c198",
      "c012",
      "c029",
      "c036",
      "c057",
      "c079",
      "c093"
    ],
    "edge-7": [
      "c061",
      "c067",
      "c071",
      "c126",
      "c007",
      "c134",
      "c105",
      "c107",
      "c020"
    ],
    "edge-8": [
      "c095",
      "c099",
      "c106",
      "c108",
      "c111",
      "c164",
      "c002",
      "c037",
      "c063",
      "c066",
      "c069",
      "c084"
    ]
  },
  "ordered_queues": {
    "edge-1": [
      "c003",
      "c006",
      "c010",
      "c030",
      "c051",
      "c052",
      "c060",
      "c117",
      "c119",
      "c122",
      "c155",
      "c170",
      "c176",
      "c188",
      "c177"
    ],
    "edge-2": [
      "c004",
      "c019",
      "c049",
      "c074",
      "c082",
      "c129",
      "c157",
      "c166",
      "c172"
    ],
    "edge-3": [
      "c076",
      "c088",
      "c097",
      "c109",
      "c149",
      "c180",
      "c092",
      "c130",
      "c152",
      "c156",
      "c190",
      "c053"
    ],
    "edge-4": [
      "c016",
      "c017",
      "c047",
      "c072",
      "c078",
      "c086",
      "c098",
      "c115",
      "c121",
      "c160",
      "c165",
      "c199"
    ],
    "edge-5": [
      "c025",
      "c027",
      "c034",
      "c058",
      "c144",
      "c147",
      "c178",
      "c182",
      "c196",
      "c022",
      "c091"
    ],
    "edge-6": [
      "c012",
      "c029",
      "c036",
      "c057",
      "c079",
      "c093",
      "c123",
      "c128",
      "c142",
      "c168",
      "c173",
      "c198"
    ],
    "edge-7": [
      "c007",
      "c105",
      "c126",
      "c134",
      "c061",
      "c067",
      "c071",
      "c020",
      "c107"
    ],
    "edge-8": [
      "c002",
      "c037",
      "c063",
      "c066",
      "c069",
      "c084",
      "c095",
      "c099",
      "c106",
      "c108",
      "c111",
      "c164"
    ]
  }
}
[FIG1] method=fg req=200
{
  "summary": {
    "algo": "FG-DSCR-GC-K8s-selected",
    "num_containers": 200,
    "num_assigned": 124,
    "num_failed": 76,
    "fail_rate": 0.38,
    "num_nodes": 8,
    "ACT": 150.43061155913978,
    "AMS": 272.00364583333334,
    "downloaded_mb": 17307,
    "reused_mb": 51359,
    "reuse_rate": 0.747953863629744,
    "objective_base": 211.21712869623656,
    "fail_penalty": 380.0,
    "lambda_fail": 1000.0,
    "objective": 591.2171286962366
  },
  "assignment": {
    "edge-1": [
      "c070",
      "c153",
      "c016",
      "c072",
      "c123",
      "c168",
      "c084",
      "c117",
      "c099",
      "c121",
      "c165",
      "c060",
      "c176",
      "c188",
      "c047",
      "c049"
    ],
    "edge-2": [
      "c135",
      "c053",
      "c059",
      "c113",
      "c179",
      "c051",
      "c159",
      "c003",
      "c155",
      "c090",
      "c002",
      "c119",
      "c175",
      "c063",
      "c005",
      "c187",
      "c006",
      "c010",
      "c079",
      "c131",
      "c199",
      "c095"
    ],
    "edge-3": [
      "c177",
      "c048",
      "c045",
      "c050",
      "c192",
      "c141",
      "c056",
      "c133",
      "c140",
      "c077",
      "c139",
      "c167"
    ],
    "edge-4": [
      "c097",
      "c149",
      "c184",
      "c020",
      "c001",
      "c109",
      "c076",
      "c174",
      "c062",
      "c150",
      "c052",
      "c111",
      "c128",
      "c160",
      "c082",
      "c035"
    ],
    "edge-5": [
      "c021",
      "c073",
      "c058",
      "c067",
      "c071",
      "c025",
      "c185",
      "c081",
      "c143",
      "c061",
      "c110",
      "c088",
      "c181",
      "c182",
      "c196"
    ],
    "edge-6": [
      "c124",
      "c094",
      "c039",
      "c120",
      "c092",
      "c022",
      "c154",
      "c186",
      "c193",
      "c125",
      "c089",
      "c112",
      "c200",
      "c183",
      "c152"
    ],
    "edge-7": [
      "c043",
      "c137",
      "c114",
      "c014",
      "c026",
      "c033",
      "c012",
      "c057",
      "c066",
      "c170",
      "c029",
      "c198",
      "c108",
      "c142"
    ],
    "edge-8": [
      "c195",
      "c031",
      "c044",
      "c136",
      "c162",
      "c148",
      "c054",
      "c118",
      "c127",
      "c009",
      "c151",
      "c158",
      "c103",
      "c138"
    ]
  },
  "ordered_queues": {
    "edge-1": [
      "c016",
      "c047",
      "c049",
      "c060",
      "c072",
      "c084",
      "c099",
      "c117",
      "c121",
      "c123",
      "c165",
      "c168",
      "c176",
      "c188",
      "c070",
      "c153"
    ],
    "edge-2": [
      "c002",
      "c003",
      "c006",
      "c010",
      "c051",
      "c053",
      "c063",
      "c079",
      "c095",
      "c119",
      "c155",
      "c199",
      "c059",
      "c113",
      "c005",
      "c175",
      "c090",
      "c135",
      "c159",
      "c179",
      "c187",
      "c131"
    ],
    "edge-3": [
      "c050",
      "c048",
      "c045",
      "c140",
      "c167",
      "c177",
      "c141",
      "c192",
      "c077",
      "c056",
      "c139",
      "c133"
    ],
    "edge-4": [
      "c020",
      "c076",
      "c097",
      "c109",
      "c149",
      "c052",
      "c082",
      "c111",
      "c128",
      "c160",
      "c184",
      "c174",
      "c062",
      "c150",
      "c001",
      "c035"
    ],
    "edge-5": [
      "c025",
      "c058",
      "c061",
      "c067",
      "c071",
      "c182",
      "c196",
      "c110",
      "c185",
      "c081",
      "c143",
      "c021",
      "c073",
      "c181",
      "c088"
    ],
    "edge-6": [
      "c124",
      "c039",
      "c094",
      "c112",
      "c200",
      "c022",
      "c089",
      "c092",
      "c152",
      "c120",
      "c154",
      "c193",
      "c125",
      "c186",
      "c183"
    ],
    "edge-7": [
      "c012",
      "c029",
      "c057",
      "c066",
      "c108",
      "c142",
      "c170",
      "c198",
      "c026",
      "c033",
      "c137",
      "c014",
      "c043",
      "c114"
    ],
    "edge-8": [
      "c148",
      "c054",
      "c138",
      "c158",
      "c195",
      "c103",
      "c044",
      "c118",
      "c162",
      "c031",
      "c127",
      "c136",
      "c009",
      "c151"
    ]
  }
}
[FIG1] method=wo_frag req=200
{
  "summary": {
    "algo": "FG-DSCR-GC-w-o-frag-K8s",
    "num_containers": 200,
    "num_assigned": 91,
    "num_failed": 109,
    "fail_rate": 0.545,
    "num_nodes": 8,
    "ACT": 119.30865384615385,
    "AMS": 203.70208333333332,
    "downloaded_mb": 7720,
    "reused_mb": 70440,
    "reuse_rate": 0.9012282497441146,
    "objective_base": 161.50536858974357,
    "fail_penalty": 545.0,
    "lambda_fail": 1000.0,
    "objective": 706.5053685897435
  },
  "assignment": {
    "edge-1": [
      "c034",
      "c178",
      "c147",
      "c144",
      "c182",
      "c196",
      "c027",
      "c025",
      "c058",
      "c061",
      "c067",
      "c071"
    ],
    "edge-2": [
      "c166",
      "c019",
      "c074",
      "c129",
      "c157",
      "c172",
      "c004",
      "c049",
      "c047"
    ],
    "edge-3": [
      "c126",
      "c007",
      "c134",
      "c105",
      "c190",
      "c089"
    ],
    "edge-4": [
      "c078",
      "c086",
      "c115",
      "c160",
      "c165",
      "c199",
      "c016",
      "c017",
      "c072",
      "c082",
      "c098",
      "c121"
    ],
    "edge-5": [
      "c117",
      "c122",
      "c170",
      "c006",
      "c010",
      "c030",
      "c051",
      "c052",
      "c060",
      "c119",
      "c176",
      "c188",
      "c003",
      "c155",
      "c053"
    ],
    "edge-6": [
      "c123",
      "c128",
      "c142",
      "c168",
      "c173",
      "c198",
      "c012",
      "c029",
      "c036",
      "c057",
      "c079",
      "c093"
    ],
    "edge-7": [
      "c107",
      "c020",
      "c076",
      "c088",
      "c109",
      "c180",
      "c149",
      "c097",
      "c091",
      "c156",
      "c022",
      "c130",
      "c152"
    ],
    "edge-8": [
      "c095",
      "c099",
      "c106",
      "c108",
      "c111",
      "c164",
      "c002",
      "c037",
      "c063",
      "c066",
      "c069",
      "c084"
    ]
  },
  "ordered_queues": {
    "edge-1": [
      "c025",
      "c027",
      "c034",
      "c058",
      "c061",
      "c067",
      "c071",
      "c144",
      "c147",
      "c178",
      "c182",
      "c196"
    ],
    "edge-2": [
      "c004",
      "c019",
      "c047",
      "c049",
      "c074",
      "c129",
      "c157",
      "c166",
      "c172"
    ],
    "edge-3": [
      "c007",
      "c105",
      "c126",
      "c134",
      "c190",
      "c089"
    ],
    "edge-4": [
      "c016",
      "c017",
      "c072",
      "c078",
      "c082",
      "c086",
      "c098",
      "c115",
      "c121",
      "c160",
      "c165",
      "c199"
    ],
    "edge-5": [
      "c003",
      "c006",
      "c010",
      "c030",
      "c051",
      "c052",
      "c053",
      "c060",
      "c117",
      "c119",
      "c122",
      "c155",
      "c170",
      "c176",
      "c188"
    ],
    "edge-6": [
      "c012",
      "c029",
      "c036",
      "c057",
      "c079",
      "c093",
      "c123",
      "c128",
      "c142",
      "c168",
      "c173",
      "c198"
    ],
    "edge-7": [
      "c020",
      "c076",
      "c088",
      "c097",
      "c107",
      "c109",
      "c149",
      "c180",
      "c022",
      "c091",
      "c130",
      "c152",
      "c156"
    ],
    "edge-8": [
      "c002",
      "c037",
      "c063",
      "c066",
      "c069",
      "c084",
      "c095",
      "c099",
      "c106",
      "c108",
      "c111",
      "c164"
    ]
  }
}
[FIG1] method=fg_orig req=300
{
  "summary": {
    "algo": "FG-DSCR-GC-K8s-orig",
    "num_containers": 300,
    "num_assigned": 92,
    "num_failed": 208,
    "fail_rate": 0.6933333333333334,
    "num_nodes": 8,
    "ACT": 122.86114130434783,
    "AMS": 213.08124999999998,
    "downloaded_mb": 11142,
    "reused_mb": 79534,
    "reuse_rate": 0.8771229432264326,
    "objective_base": 167.9711956521739,
    "fail_penalty": 693.3333333333334,
    "lambda_fail": 1000.0,
    "objective": 861.3045289855072
  },
  "assignment": {
    "edge-1": [
      "c166",
      "c191",
      "c211",
      "c245",
      "c260",
      "c267",
      "c277",
      "c292",
      "c294",
      "c297",
      "c005",
      "c280"
    ],
    "edge-2": [
      "c296",
      "c028",
      "c043",
      "c088",
      "c143",
      "c174",
      "c180",
      "c003",
      "c022",
      "c049",
      "c159"
    ],
    "edge-3": [
      "c041",
      "c095",
      "c129",
      "c158",
      "c175",
      "c205",
      "c230",
      "c240",
      "c241",
      "c251",
      "c252",
      "c272",
      "c281",
      "c009"
    ],
    "edge-4": [
      "c078",
      "c136",
      "c155",
      "c239",
      "c261",
      "c265",
      "c266",
      "c032",
      "c033",
      "c044",
      "c198"
    ],
    "edge-5": [
      "c012",
      "c053",
      "c083",
      "c132",
      "c171",
      "c183",
      "c189",
      "c200",
      "c203",
      "c217",
      "c219",
      "c068",
      "c154",
      "c179"
    ],
    "edge-6": [
      "c051",
      "c116",
      "c156",
      "c169",
      "c185",
      "c187",
      "c199",
      "c214",
      "c262"
    ],
    "edge-7": [
      "c264",
      "c283",
      "c071",
      "c020",
      "c109",
      "c065",
      "c037",
      "c148",
      "c153",
      "c177"
    ],
    "edge-8": [
      "c220",
      "c285",
      "c050",
      "c062",
      "c073",
      "c087",
      "c101",
      "c112",
      "c114",
      "c151",
      "c015"
    ]
  },
  "ordered_queues": {
    "edge-1": [
      "c005",
      "c166",
      "c191",
      "c211",
      "c245",
      "c260",
      "c267",
      "c277",
      "c280",
      "c292",
      "c294",
      "c297"
    ],
    "edge-2": [
      "c003",
      "c022",
      "c028",
      "c043",
      "c049",
      "c088",
      "c143",
      "c159",
      "c174",
      "c180",
      "c296"
    ],
    "edge-3": [
      "c009",
      "c041",
      "c095",
      "c129",
      "c158",
      "c175",
      "c205",
      "c230",
      "c240",
      "c241",
      "c251",
      "c252",
      "c272",
      "c281"
    ],
    "edge-4": [
      "c032",
      "c033",
      "c044",
      "c078",
      "c136",
      "c155",
      "c198",
      "c239",
      "c261",
      "c265",
      "c266"
    ],
    "edge-5": [
      "c012",
      "c053",
      "c068",
      "c083",
      "c132",
      "c154",
      "c171",
      "c183",
      "c189",
      "c200",
      "c203",
      "c217",
      "c219",
      "c179"
    ],
    "edge-6": [
      "c051",
      "c116",
      "c156",
      "c169",
      "c185",
      "c187",
      "c199",
      "c214",
      "c262"
    ],
    "edge-7": [
      "c020",
      "c037",
      "c065",
      "c109",
      "c148",
      "c153",
      "c177",
      "c071",
      "c264",
      "c283"
    ],
    "edge-8": [
      "c015",
      "c050",
      "c062",
      "c073",
      "c087",
      "c101",
      "c112",
      "c114",
      "c151",
      "c220",
      "c285"
    ]
  }
}
[FIG1] method=fg req=300
{
  "summary": {
    "algo": "FG-DSCR-GC-K8s-selected",
    "num_containers": 300,
    "num_assigned": 138,
    "num_failed": 162,
    "fail_rate": 0.54,
    "num_nodes": 8,
    "ACT": 171.97829106280196,
    "AMS": 326.11145833333336,
    "downloaded_mb": 24385,
    "reused_mb": 44564,
    "reuse_rate": 0.6463327967048108,
    "objective_base": 249.04487469806764,
    "fail_penalty": 540.0,
    "lambda_fail": 1000.0,
    "objective": 789.0448746980676
  },
  "assignment": {
    "edge-1": [
      "c025",
      "c235",
      "c126",
      "c272",
      "c292",
      "c032",
      "c159",
      "c185",
      "c015",
      "c205",
      "c240",
      "c252",
      "c112",
      "c216",
      "c137",
      "c209"
    ],
    "edge-2": [
      "c091",
      "c286",
      "c228",
      "c075",
      "c023",
      "c162",
      "c273",
      "c077",
      "c072",
      "c215",
      "c165",
      "c118",
      "c190",
      "c206",
      "c146",
      "c064",
      "c168",
      "c173"
    ],
    "edge-3": [
      "c085",
      "c110",
      "c057",
      "c290",
      "c202",
      "c141",
      "c270",
      "c079",
      "c030",
      "c225",
      "c246",
      "c008",
      "c253",
      "c017",
      "c026",
      "c103"
    ],
    "edge-4": [
      "c167",
      "c237",
      "c299",
      "c250",
      "c182",
      "c176",
      "c139",
      "c284",
      "c108",
      "c232",
      "c016",
      "c113",
      "c039",
      "c171",
      "c133",
      "c010"
    ],
    "edge-5": [
      "c024",
      "c213",
      "c269",
      "c259",
      "c069",
      "c244",
      "c157",
      "c239",
      "c265",
      "c070",
      "c227",
      "c132",
      "c200",
      "c063",
      "c247",
      "c095"
    ],
    "edge-6": [
      "c161",
      "c256",
      "c031",
      "c282",
      "c243",
      "c295",
      "c210",
      "c288",
      "c144",
      "c130",
      "c067",
      "c212",
      "c114",
      "c198",
      "c283",
      "c224",
      "c094",
      "c140"
    ],
    "edge-7": [
      "c138",
      "c042",
      "c046",
      "c257",
      "c002",
      "c080",
      "c179",
      "c233",
      "c105",
      "c178",
      "c217",
      "c006",
      "c249",
      "c149",
      "c275",
      "c003"
    ],
    "edge-8": [
      "c071",
      "c083",
      "c068",
      "c154",
      "c264",
      "c055",
      "c007",
      "c041",
      "c053",
      "c189",
      "c203",
      "c230",
      "c280",
      "c142",
      "c158",
      "c211",
      "c102",
      "c145",
      "c115",
      "c056",
      "c251",
      "c258"
    ]
  },
  "ordered_queues": {
    "edge-1": [
      "c015",
      "c032",
      "c112",
      "c159",
      "c185",
      "c205",
      "c240",
      "c252",
      "c272",
      "c292",
      "c025",
      "c126",
      "c209",
      "c235",
      "c216",
      "c137"
    ],
    "edge-2": [
      "c023",
      "c118",
      "c146",
      "c165",
      "c286",
      "c091",
      "c228",
      "c190",
      "c206",
      "c075",
      "c077",
      "c162",
      "c168",
      "c273",
      "c072",
      "c215",
      "c173",
      "c064"
    ],
    "edge-3": [
      "c008",
      "c017",
      "c026",
      "c057",
      "c110",
      "c202",
      "c290",
      "c253",
      "c079",
      "c141",
      "c030",
      "c270",
      "c085",
      "c225",
      "c103",
      "c246"
    ],
    "edge-4": [
      "c108",
      "c113",
      "c139",
      "c237",
      "c250",
      "c016",
      "c167",
      "c299",
      "c133",
      "c182",
      "c232",
      "c039",
      "c176",
      "c284",
      "c010",
      "c171"
    ],
    "edge-5": [
      "c063",
      "c070",
      "c095",
      "c132",
      "c200",
      "c239",
      "c265",
      "c244",
      "c024",
      "c069",
      "c213",
      "c227",
      "c157",
      "c259",
      "c269",
      "c247"
    ],
    "edge-6": [
      "c144",
      "c224",
      "c243",
      "c288",
      "c295",
      "c210",
      "c212",
      "c067",
      "c130",
      "c256",
      "c031",
      "c161",
      "c282",
      "c094",
      "c114",
      "c198",
      "c140",
      "c283"
    ],
    "edge-7": [
      "c006",
      "c257",
      "c233",
      "c249",
      "c042",
      "c046",
      "c105",
      "c138",
      "c179",
      "c002",
      "c080",
      "c149",
      "c275",
      "c178",
      "c003",
      "c217"
    ],
    "edge-8": [
      "c041",
      "c053",
      "c068",
      "c071",
      "c083",
      "c154",
      "c158",
      "c189",
      "c203",
      "c211",
      "c230",
      "c251",
      "c264",
      "c280",
      "c102",
      "c145",
      "c142",
      "c007",
      "c055",
      "c115",
      "c258",
      "c056"
    ]
  }
}
[FIG1] method=wo_frag req=300
{
  "summary": {
    "algo": "FG-DSCR-GC-w-o-frag-K8s",
    "num_containers": 300,
    "num_assigned": 92,
    "num_failed": 208,
    "fail_rate": 0.6933333333333334,
    "num_nodes": 8,
    "ACT": 121.76911231884056,
    "AMS": 209.99999999999997,
    "downloaded_mb": 9663,
    "reused_mb": 81013,
    "reuse_rate": 0.8934337641713354,
    "objective_base": 165.88455615942027,
    "fail_penalty": 693.3333333333334,
    "lambda_fail": 1000.0,
    "objective": 859.2178894927537
  },
  "assignment": {
    "edge-1": [
      "c012",
      "c053",
      "c083",
      "c132",
      "c171",
      "c183",
      "c189",
      "c200",
      "c203",
      "c217",
      "c219",
      "c280",
      "c068",
      "c154"
    ],
    "edge-2": [
      "c296",
      "c028",
      "c043",
      "c088",
      "c143",
      "c174",
      "c180",
      "c003",
      "c022",
      "c049",
      "c041"
    ],
    "edge-3": [
      "c283",
      "c071",
      "c020",
      "c109",
      "c065",
      "c037",
      "c148",
      "c153",
      "c177",
      "c179"
    ],
    "edge-4": [
      "c078",
      "c136",
      "c155",
      "c239",
      "c261",
      "c265",
      "c266",
      "c032",
      "c033",
      "c044",
      "c114"
    ],
    "edge-5": [
      "c166",
      "c191",
      "c198",
      "c211",
      "c245",
      "c260",
      "c267",
      "c277",
      "c292",
      "c294",
      "c297",
      "c005"
    ],
    "edge-6": [
      "c051",
      "c116",
      "c156",
      "c159",
      "c169",
      "c185",
      "c187",
      "c199",
      "c214",
      "c015"
    ],
    "edge-7": [
      "c095",
      "c129",
      "c158",
      "c175",
      "c205",
      "c230",
      "c240",
      "c241",
      "c251",
      "c252",
      "c272",
      "c281",
      "c009",
      "c264"
    ],
    "edge-8": [
      "c220",
      "c262",
      "c285",
      "c050",
      "c062",
      "c073",
      "c087",
      "c101",
      "c112",
      "c151"
    ]
  },
  "ordered_queues": {
    "edge-1": [
      "c012",
      "c053",
      "c068",
      "c083",
      "c132",
      "c154",
      "c171",
      "c183",
      "c189",
      "c200",
      "c203",
      "c217",
      "c219",
      "c280"
    ],
    "edge-2": [
      "c003",
      "c022",
      "c028",
      "c041",
      "c043",
      "c049",
      "c088",
      "c143",
      "c174",
      "c180",
      "c296"
    ],
    "edge-3": [
      "c020",
      "c037",
      "c065",
      "c109",
      "c148",
      "c153",
      "c177",
      "c179",
      "c071",
      "c283"
    ],
    "edge-4": [
      "c032",
      "c033",
      "c044",
      "c078",
      "c114",
      "c136",
      "c155",
      "c239",
      "c261",
      "c265",
      "c266"
    ],
    "edge-5": [
      "c005",
      "c166",
      "c191",
      "c198",
      "c211",
      "c245",
      "c260",
      "c267",
      "c277",
      "c292",
      "c294",
      "c297"
    ],
    "edge-6": [
      "c015",
      "c051",
      "c116",
      "c156",
      "c159",
      "c169",
      "c185",
      "c187",
      "c199",
      "c214"
    ],
    "edge-7": [
      "c009",
      "c095",
      "c129",
      "c158",
      "c175",
      "c205",
      "c230",
      "c240",
      "c241",
      "c251",
      "c252",
      "c264",
      "c272",
      "c281"
    ],
    "edge-8": [
      "c050",
      "c062",
      "c073",
      "c087",
      "c101",
      "c112",
      "c151",
      "c220",
      "c262",
      "c285"
    ]
  }
}
[FIG1] method=fg_orig req=400
{
  "summary": {
    "algo": "FG-DSCR-GC-K8s-orig",
    "num_containers": 400,
    "num_assigned": 90,
    "num_failed": 310,
    "fail_rate": 0.775,
    "num_nodes": 8,
    "ACT": 118.53333333333333,
    "AMS": 198.91875,
    "downloaded_mb": 8184,
    "reused_mb": 83886,
    "reuse_rate": 0.9111111111111111,
    "objective_base": 158.72604166666667,
    "fail_penalty": 775.0,
    "lambda_fail": 1000.0,
    "objective": 933.7260416666667
  },
  "assignment": {
    "edge-1": [
      "c220",
      "c285",
      "c327",
      "c356",
      "c050",
      "c062",
      "c073",
      "c087",
      "c101",
      "c114",
      "c015"
    ],
    "edge-2": [
      "c296",
      "c363",
      "c028",
      "c043",
      "c088",
      "c143",
      "c174",
      "c180",
      "c321"
    ],
    "edge-3": [
      "c151",
      "c166",
      "c191",
      "c198",
      "c211",
      "c245",
      "c260",
      "c267",
      "c277",
      "c292",
      "c294",
      "c297"
    ],
    "edge-4": [
      "c322",
      "c343",
      "c003",
      "c022",
      "c049",
      "c078",
      "c136",
      "c155",
      "c239",
      "c261",
      "c265"
    ],
    "edge-5": [
      "c304",
      "c307",
      "c308",
      "c310",
      "c315",
      "c316",
      "c317",
      "c361",
      "c381",
      "c383",
      "c005",
      "c041",
      "c341"
    ],
    "edge-6": [
      "c266",
      "c323",
      "c325",
      "c328",
      "c330",
      "c367",
      "c032",
      "c033",
      "c044",
      "c262"
    ],
    "edge-7": [
      "c095",
      "c129",
      "c158",
      "c175",
      "c205",
      "c230",
      "c240",
      "c241",
      "c251",
      "c252",
      "c272",
      "c281",
      "c302",
      "c351"
    ],
    "edge-8": [
      "c051",
      "c116",
      "c156",
      "c159",
      "c169",
      "c185",
      "c187",
      "c199",
      "c214",
      "c112"
    ]
  },
  "ordered_queues": {
    "edge-1": [
      "c015",
      "c050",
      "c062",
      "c073",
      "c087",
      "c101",
      "c114",
      "c220",
      "c285",
      "c327",
      "c356"
    ],
    "edge-2": [
      "c028",
      "c043",
      "c088",
      "c143",
      "c174",
      "c180",
      "c296",
      "c321",
      "c363"
    ],
    "edge-3": [
      "c151",
      "c166",
      "c191",
      "c198",
      "c211",
      "c245",
      "c260",
      "c267",
      "c277",
      "c292",
      "c294",
      "c297"
    ],
    "edge-4": [
      "c003",
      "c022",
      "c049",
      "c078",
      "c136",
      "c155",
      "c239",
      "c261",
      "c265",
      "c322",
      "c343"
    ],
    "edge-5": [
      "c005",
      "c041",
      "c304",
      "c307",
      "c308",
      "c310",
      "c315",
      "c316",
      "c317",
      "c341",
      "c361",
      "c381",
      "c383"
    ],
    "edge-6": [
      "c032",
      "c033",
      "c044",
      "c262",
      "c266",
      "c323",
      "c325",
      "c328",
      "c330",
      "c367"
    ],
    "edge-7": [
      "c095",
      "c129",
      "c158",
      "c175",
      "c205",
      "c230",
      "c240",
      "c241",
      "c251",
      "c252",
      "c272",
      "c281",
      "c302",
      "c351"
    ],
    "edge-8": [
      "c051",
      "c112",
      "c116",
      "c156",
      "c159",
      "c169",
      "c185",
      "c187",
      "c199",
      "c214"
    ]
  }
}
[FIG1] method=fg req=400
{
  "summary": {
    "algo": "FG-DSCR-GC-K8s-selected",
    "num_containers": 400,
    "num_assigned": 156,
    "num_failed": 244,
    "fail_rate": 0.61,
    "num_nodes": 8,
    "ACT": 190.9451923076923,
    "AMS": 368.6838541666667,
    "downloaded_mb": 29028,
    "reused_mb": 51165,
    "reuse_rate": 0.638023268863866,
    "objective_base": 279.8145232371795,
    "fail_penalty": 610.0,
    "lambda_fail": 1000.0,
    "objective": 889.8145232371795
  },
  "assignment": {
    "edge-1": [
      "c286",
      "c023",
      "c007",
      "c395",
      "c145",
      "c056",
      "c301",
      "c390",
      "c176",
      "c252",
      "c112",
      "c114",
      "c198",
      "c304",
      "c132",
      "c200",
      "c079",
      "c016"
    ],
    "edge-2": [
      "c091",
      "c369",
      "c071",
      "c336",
      "c364",
      "c083",
      "c350",
      "c380",
      "c162",
      "c068",
      "c154",
      "c264",
      "c273",
      "c041",
      "c053",
      "c189",
      "c203",
      "c230",
      "c280",
      "c378",
      "c142",
      "c158",
      "c351",
      "c211"
    ],
    "edge-3": [
      "c161",
      "c031",
      "c103",
      "c282",
      "c299",
      "c314",
      "c182",
      "c212",
      "c284",
      "c003",
      "c239",
      "c265",
      "c323",
      "c070",
      "c387",
      "c332",
      "c105",
      "c283",
      "c032"
    ],
    "edge-4": [
      "c360",
      "c398",
      "c235",
      "c333",
      "c344",
      "c243",
      "c295",
      "c210",
      "c310",
      "c315",
      "c126",
      "c288",
      "c372",
      "c144",
      "c251",
      "c272",
      "c233",
      "c190",
      "c206",
      "c232"
    ],
    "edge-5": [
      "c228",
      "c085",
      "c237",
      "c374",
      "c250",
      "c102",
      "c376",
      "c115",
      "c389",
      "c072",
      "c139",
      "c215",
      "c157",
      "c179",
      "c319",
      "c039",
      "c178",
      "c217",
      "c391"
    ],
    "edge-6": [
      "c167",
      "c024",
      "c055",
      "c213",
      "c269",
      "c259",
      "c069",
      "c292",
      "c377",
      "c159",
      "c185",
      "c015",
      "c205",
      "c240",
      "c108",
      "c306",
      "c338",
      "c227",
      "c171"
    ],
    "edge-7": [
      "c025",
      "c075",
      "c110",
      "c057",
      "c290",
      "c382",
      "c202",
      "c257",
      "c141",
      "c077",
      "c337",
      "c270",
      "c165",
      "c118",
      "c368",
      "c146",
      "c064",
      "c246"
    ],
    "edge-8": [
      "c375",
      "c138",
      "c256",
      "c042",
      "c046",
      "c318",
      "c130",
      "c002",
      "c244",
      "c067",
      "c303",
      "c355",
      "c080",
      "c317",
      "c370",
      "c063",
      "c030",
      "c225",
      "c113"
    ]
  },
  "ordered_queues": {
    "edge-1": [
      "c112",
      "c114",
      "c132",
      "c198",
      "c200",
      "c252",
      "c304",
      "c145",
      "c079",
      "c016",
      "c056",
      "c176",
      "c301",
      "c390",
      "c007",
      "c023",
      "c286",
      "c395"
    ],
    "edge-2": [
      "c041",
      "c053",
      "c068",
      "c071",
      "c083",
      "c154",
      "c158",
      "c189",
      "c203",
      "c211",
      "c230",
      "c264",
      "c280",
      "c336",
      "c351",
      "c378",
      "c350",
      "c091",
      "c142",
      "c162",
      "c273",
      "c364",
      "c369",
      "c380"
    ],
    "edge-3": [
      "c070",
      "c003",
      "c032",
      "c239",
      "c265",
      "c283",
      "c323",
      "c031",
      "c103",
      "c161",
      "c282",
      "c332",
      "c299",
      "c182",
      "c314",
      "c212",
      "c284",
      "c387",
      "c105"
    ],
    "edge-4": [
      "c144",
      "c243",
      "c288",
      "c295",
      "c398",
      "c210",
      "c372",
      "c233",
      "c360",
      "c126",
      "c235",
      "c333",
      "c344",
      "c190",
      "c206",
      "c251",
      "c272",
      "c232",
      "c310",
      "c315"
    ],
    "edge-5": [
      "c102",
      "c228",
      "c376",
      "c374",
      "c139",
      "c237",
      "c250",
      "c389",
      "c085",
      "c115",
      "c039",
      "c157",
      "c319",
      "c072",
      "c215",
      "c178",
      "c179",
      "c217",
      "c391"
    ],
    "edge-6": [
      "c015",
      "c159",
      "c171",
      "c185",
      "c205",
      "c240",
      "c292",
      "c108",
      "c024",
      "c069",
      "c213",
      "c227",
      "c055",
      "c259",
      "c269",
      "c377",
      "c167",
      "c306",
      "c338"
    ],
    "edge-7": [
      "c057",
      "c110",
      "c202",
      "c290",
      "c368",
      "c382",
      "c257",
      "c141",
      "c025",
      "c075",
      "c077",
      "c270",
      "c118",
      "c146",
      "c165",
      "c337",
      "c064",
      "c246"
    ],
    "edge-8": [
      "c067",
      "c130",
      "c256",
      "c375",
      "c225",
      "c318",
      "c370",
      "c063",
      "c030",
      "c244",
      "c042",
      "c046",
      "c355",
      "c002",
      "c080",
      "c113",
      "c138",
      "c303",
      "c317"
    ]
  }
}
[FIG1] method=wo_frag req=400
{
  "summary": {
    "algo": "FG-DSCR-GC-w-o-frag-K8s",
    "num_containers": 400,
    "num_assigned": 90,
    "num_failed": 310,
    "fail_rate": 0.775,
    "num_nodes": 8,
    "ACT": 118.26666666666667,
    "AMS": 198.91875,
    "downloaded_mb": 8184,
    "reused_mb": 83886,
    "reuse_rate": 0.9111111111111111,
    "objective_base": 158.59270833333332,
    "fail_penalty": 775.0,
    "lambda_fail": 1000.0,
    "objective": 933.5927083333333
  },
  "assignment": {
    "edge-1": [
      "c151",
      "c166",
      "c191",
      "c198",
      "c211",
      "c245",
      "c260",
      "c267",
      "c277",
      "c292",
      "c294",
      "c297"
    ],
    "edge-2": [
      "c296",
      "c363",
      "c028",
      "c043",
      "c088",
      "c143",
      "c174",
      "c180",
      "c321"
    ],
    "edge-3": [
      "c307",
      "c308",
      "c310",
      "c315",
      "c316",
      "c317",
      "c361",
      "c381",
      "c383",
      "c005",
      "c015",
      "c041",
      "c095"
    ],
    "edge-4": [
      "c322",
      "c343",
      "c003",
      "c022",
      "c049",
      "c078",
      "c136",
      "c155",
      "c239",
      "c261",
      "c265"
    ],
    "edge-5": [
      "c129",
      "c158",
      "c175",
      "c205",
      "c230",
      "c240",
      "c241",
      "c251",
      "c252",
      "c272",
      "c281",
      "c302",
      "c341",
      "c351"
    ],
    "edge-6": [
      "c266",
      "c323",
      "c325",
      "c328",
      "c330",
      "c367",
      "c032",
      "c033",
      "c044",
      "c101"
    ],
    "edge-7": [
      "c220",
      "c262",
      "c285",
      "c327",
      "c356",
      "c050",
      "c062",
      "c073",
      "c087",
      "c112",
      "c304"
    ],
    "edge-8": [
      "c051",
      "c116",
      "c156",
      "c159",
      "c169",
      "c185",
      "c187",
      "c199",
      "c214",
      "c114"
    ]
  },
  "ordered_queues": {
    "edge-1": [
      "c151",
      "c166",
      "c191",
      "c198",
      "c211",
      "c245",
      "c260",
      "c267",
      "c277",
      "c292",
      "c294",
      "c297"
    ],
    "edge-2": [
      "c028",
      "c043",
      "c088",
      "c143",
      "c174",
      "c180",
      "c296",
      "c321",
      "c363"
    ],
    "edge-3": [
      "c005",
      "c015",
      "c041",
      "c095",
      "c307",
      "c308",
      "c310",
      "c315",
      "c316",
      "c317",
      "c361",
      "c381",
      "c383"
    ],
    "edge-4": [
      "c003",
      "c022",
      "c049",
      "c078",
      "c136",
      "c155",
      "c239",
      "c261",
      "c265",
      "c322",
      "c343"
    ],
    "edge-5": [
      "c129",
      "c158",
      "c175",
      "c205",
      "c230",
      "c240",
      "c241",
      "c251",
      "c252",
      "c272",
      "c281",
      "c302",
      "c341",
      "c351"
    ],
    "edge-6": [
      "c032",
      "c033",
      "c044",
      "c101",
      "c266",
      "c323",
      "c325",
      "c328",
      "c330",
      "c367"
    ],
    "edge-7": [
      "c050",
      "c062",
      "c073",
      "c087",
      "c112",
      "c220",
      "c262",
      "c285",
      "c304",
      "c327",
      "c356"
    ],
    "edge-8": [
      "c051",
      "c114",
      "c116",
      "c156",
      "c159",
      "c169",
      "c185",
      "c187",
      "c199",
      "c214"
    ]
  }
}
[FIG1] method=fg_orig req=500
{
  "summary": {
    "algo": "FG-DSCR-GC-K8s-orig",
    "num_containers": 500,
    "num_assigned": 81,
    "num_failed": 419,
    "fail_rate": 0.838,
    "num_nodes": 8,
    "ACT": 109.62145061728394,
    "AMS": 180.41875,
    "downloaded_mb": 8184,
    "reused_mb": 74679,
    "reuse_rate": 0.9012345679012346,
    "objective_base": 145.02010030864196,
    "fail_penalty": 838.0,
    "lambda_fail": 1000.0,
    "objective": 983.020100308642
  },
  "assignment": {
    "edge-1": [
      "c087",
      "c108",
      "c113",
      "c121",
      "c122",
      "c147",
      "c165",
      "c181",
      "c185",
      "c224",
      "c296"
    ],
    "edge-2": [
      "c078",
      "c270",
      "c041",
      "c063",
      "c090",
      "c173",
      "c186",
      "c273",
      "c146"
    ],
    "edge-3": [
      "c196",
      "c197",
      "c207",
      "c226",
      "c235",
      "c242",
      "c262",
      "c280",
      "c282",
      "c287",
      "c179"
    ],
    "edge-4": [
      "c292",
      "c354",
      "c363",
      "c370",
      "c019",
      "c021",
      "c043",
      "c055",
      "c311"
    ],
    "edge-5": [
      "c302",
      "c303",
      "c305",
      "c315",
      "c319",
      "c329",
      "c339",
      "c344",
      "c357",
      "c369",
      "c421",
      "c274"
    ],
    "edge-6": [
      "c136",
      "c142",
      "c170",
      "c193",
      "c245",
      "c256",
      "c265",
      "c312",
      "c020"
    ],
    "edge-7": [
      "c441",
      "c443",
      "c453",
      "c461",
      "c062",
      "c093",
      "c103",
      "c106",
      "c157",
      "c387"
    ],
    "edge-8": [
      "c331",
      "c345",
      "c349",
      "c385",
      "c493",
      "c500",
      "c002",
      "c003",
      "c015",
      "c067"
    ]
  },
  "ordered_queues": {
    "edge-1": [
      "c087",
      "c108",
      "c113",
      "c121",
      "c122",
      "c147",
      "c165",
      "c181",
      "c185",
      "c224",
      "c296"
    ],
    "edge-2": [
      "c041",
      "c063",
      "c078",
      "c090",
      "c146",
      "c173",
      "c186",
      "c270",
      "c273"
    ],
    "edge-3": [
      "c179",
      "c196",
      "c197",
      "c207",
      "c226",
      "c235",
      "c242",
      "c262",
      "c280",
      "c282",
      "c287"
    ],
    "edge-4": [
      "c019",
      "c021",
      "c043",
      "c055",
      "c292",
      "c311",
      "c354",
      "c363",
      "c370"
    ],
    "edge-5": [
      "c274",
      "c302",
      "c303",
      "c305",
      "c315",
      "c319",
      "c329",
      "c339",
      "c344",
      "c357",
      "c369",
      "c421"
    ],
    "edge-6": [
      "c020",
      "c136",
      "c142",
      "c170",
      "c193",
      "c245",
      "c256",
      "c265",
      "c312"
    ],
    "edge-7": [
      "c062",
      "c093",
      "c103",
      "c106",
      "c157",
      "c387",
      "c441",
      "c443",
      "c453",
      "c461"
    ],
    "edge-8": [
      "c002",
      "c003",
      "c015",
      "c067",
      "c331",
      "c345",
      "c349",
      "c385",
      "c493",
      "c500"
    ]
  }
}
[FIG1] method=fg req=500
{
  "summary": {
    "algo": "FG-DSCR-GC-K8s-selected",
    "num_containers": 500,
    "num_assigned": 153,
    "num_failed": 347,
    "fail_rate": 0.694,
    "num_nodes": 8,
    "ACT": 176.3371732026144,
    "AMS": 347.72760416666665,
    "downloaded_mb": 25370,
    "reused_mb": 51655,
    "reuse_rate": 0.6706264199935086,
    "objective_base": 262.0323886846405,
    "fail_penalty": 694.0,
    "lambda_fail": 1000.0,
    "objective": 956.0323886846405
  },
  "assignment": {
    "edge-1": [
      "c470",
      "c183",
      "c401",
      "c433",
      "c092",
      "c156",
      "c192",
      "c120",
      "c420",
      "c174",
      "c191",
      "c069",
      "c027",
      "c035",
      "c056",
      "c115",
      "c411",
      "c162"
    ],
    "edge-2": [
      "c390",
      "c377",
      "c278",
      "c432",
      "c116",
      "c384",
      "c415",
      "c097",
      "c246",
      "c128",
      "c298",
      "c481",
      "c487",
      "c479",
      "c261",
      "c029",
      "c375",
      "c445",
      "c047",
      "c077",
      "c290",
      "c404",
      "c436",
      "c030"
    ],
    "edge-3": [
      "c416",
      "c364",
      "c152",
      "c163",
      "c075",
      "c361",
      "c095",
      "c313",
      "c205",
      "c020",
      "c108",
      "c197",
      "c305",
      "c339",
      "c362",
      "c494",
      "c439",
      "c177"
    ],
    "edge-4": [
      "c328",
      "c297",
      "c409",
      "c306",
      "c268",
      "c010",
      "c253",
      "c348",
      "c356",
      "c387",
      "c437",
      "c491",
      "c232",
      "c403",
      "c465",
      "c486",
      "c496",
      "c379",
      "c455"
    ],
    "edge-5": [
      "c406",
      "c213",
      "c038",
      "c139",
      "c214",
      "c250",
      "c158",
      "c430",
      "c089",
      "c395",
      "c025",
      "c325",
      "c260",
      "c111",
      "c360",
      "c414",
      "c236",
      "c474"
    ],
    "edge-6": [
      "c444",
      "c052",
      "c218",
      "c033",
      "c013",
      "c143",
      "c017",
      "c310",
      "c396",
      "c204",
      "c034",
      "c124",
      "c123",
      "c153",
      "c082",
      "c212",
      "c134",
      "c251",
      "c330"
    ],
    "edge-7": [
      "c168",
      "c223",
      "c222",
      "c373",
      "c065",
      "c255",
      "c472",
      "c438",
      "c434",
      "c346",
      "c045",
      "c258",
      "c352",
      "c407",
      "c466",
      "c179",
      "c274",
      "c294"
    ],
    "edge-8": [
      "c057",
      "c388",
      "c400",
      "c084",
      "c423",
      "c393",
      "c211",
      "c107",
      "c161",
      "c006",
      "c074",
      "c130",
      "c225",
      "c135",
      "c005",
      "c490",
      "c389",
      "c469",
      "c291"
    ]
  },
  "ordered_queues": {
    "edge-1": [
      "c192",
      "c174",
      "c092",
      "c120",
      "c191",
      "c401",
      "c420",
      "c470",
      "c162",
      "c156",
      "c433",
      "c183",
      "c027",
      "c035",
      "c056",
      "c069",
      "c115",
      "c411"
    ],
    "edge-2": [
      "c029",
      "c030",
      "c047",
      "c077",
      "c116",
      "c128",
      "c278",
      "c290",
      "c298",
      "c384",
      "c404",
      "c415",
      "c436",
      "c481",
      "c487",
      "c097",
      "c390",
      "c246",
      "c479",
      "c261",
      "c375",
      "c432",
      "c445",
      "c377"
    ],
    "edge-3": [
      "c020",
      "c108",
      "c177",
      "c197",
      "c305",
      "c339",
      "c362",
      "c494",
      "c075",
      "c095",
      "c152",
      "c163",
      "c313",
      "c416",
      "c205",
      "c361",
      "c364",
      "c439"
    ],
    "edge-4": [
      "c253",
      "c348",
      "c356",
      "c387",
      "c437",
      "c486",
      "c491",
      "c496",
      "c232",
      "c268",
      "c328",
      "c403",
      "c409",
      "c465",
      "c010",
      "c297",
      "c306",
      "c379",
      "c455"
    ],
    "edge-5": [
      "c038",
      "c139",
      "c158",
      "c213",
      "c325",
      "c395",
      "c025",
      "c214",
      "c236",
      "c250",
      "c360",
      "c406",
      "c430",
      "c474",
      "c260",
      "c089",
      "c111",
      "c414"
    ],
    "edge-6": [
      "c013",
      "c082",
      "c212",
      "c218",
      "c444",
      "c310",
      "c204",
      "c330",
      "c143",
      "c017",
      "c396",
      "c034",
      "c153",
      "c033",
      "c052",
      "c124",
      "c123",
      "c134",
      "c251"
    ],
    "edge-7": [
      "c065",
      "c168",
      "c223",
      "c255",
      "c352",
      "c373",
      "c438",
      "c472",
      "c434",
      "c294",
      "c407",
      "c045",
      "c222",
      "c258",
      "c346",
      "c466",
      "c179",
      "c274"
    ],
    "edge-8": [
      "c005",
      "c084",
      "c107",
      "c400",
      "c423",
      "c135",
      "c490",
      "c393",
      "c161",
      "c389",
      "c006",
      "c211",
      "c130",
      "c057",
      "c074",
      "c225",
      "c388",
      "c469",
      "c291"
    ]
  }
}
[FIG1] method=wo_frag req=500
{
  "summary": {
    "algo": "FG-DSCR-GC-w-o-frag-K8s",
    "num_containers": 500,
    "num_assigned": 81,
    "num_failed": 419,
    "fail_rate": 0.838,
    "num_nodes": 8,
    "ACT": 109.71373456790124,
    "AMS": 180.41875,
    "downloaded_mb": 8184,
    "reused_mb": 74679,
    "reuse_rate": 0.9012345679012346,
    "objective_base": 145.0662422839506,
    "fail_penalty": 838.0,
    "lambda_fail": 1000.0,
    "objective": 983.0662422839506
  },
  "assignment": {
    "edge-1": [
      "c067",
      "c087",
      "c108",
      "c113",
      "c121",
      "c122",
      "c147",
      "c165",
      "c181",
      "c185"
    ],
    "edge-2": [
      "c078",
      "c270",
      "c041",
      "c063",
      "c090",
      "c173",
      "c186",
      "c273",
      "c280"
    ],
    "edge-3": [
      "c302",
      "c303",
      "c305",
      "c315",
      "c319",
      "c329",
      "c339",
      "c344",
      "c357",
      "c369",
      "c421",
      "c274"
    ],
    "edge-4": [
      "c292",
      "c354",
      "c363",
      "c370",
      "c019",
      "c021",
      "c043",
      "c055",
      "c312"
    ],
    "edge-5": [
      "c441",
      "c443",
      "c453",
      "c461",
      "c062",
      "c093",
      "c103",
      "c106",
      "c157",
      "c179"
    ],
    "edge-6": [
      "c136",
      "c142",
      "c146",
      "c170",
      "c193",
      "c245",
      "c256",
      "c265",
      "c311"
    ],
    "edge-7": [
      "c196",
      "c197",
      "c207",
      "c224",
      "c226",
      "c235",
      "c242",
      "c262",
      "c282",
      "c287"
    ],
    "edge-8": [
      "c331",
      "c345",
      "c349",
      "c385",
      "c493",
      "c500",
      "c002",
      "c003",
      "c015",
      "c020",
      "c296",
      "c387"
    ]
  },
  "ordered_queues": {
    "edge-1": [
      "c067",
      "c087",
      "c108",
      "c113",
      "c121",
      "c122",
      "c147",
      "c165",
      "c181",
      "c185"
    ],
    "edge-2": [
      "c041",
      "c063",
      "c078",
      "c090",
      "c173",
      "c186",
      "c270",
      "c273",
      "c280"
    ],
    "edge-3": [
      "c274",
      "c302",
      "c303",
      "c305",
      "c315",
      "c319",
      "c329",
      "c339",
      "c344",
      "c357",
      "c369",
      "c421"
    ],
    "edge-4": [
      "c019",
      "c021",
      "c043",
      "c055",
      "c292",
      "c312",
      "c354",
      "c363",
      "c370"
    ],
    "edge-5": [
      "c062",
      "c093",
      "c103",
      "c106",
      "c157",
      "c179",
      "c441",
      "c443",
      "c453",
      "c461"
    ],
    "edge-6": [
      "c136",
      "c142",
      "c146",
      "c170",
      "c193",
      "c245",
      "c256",
      "c265",
      "c311"
    ],
    "edge-7": [
      "c196",
      "c197",
      "c207",
      "c224",
      "c226",
      "c235",
      "c242",
      "c262",
      "c282",
      "c287"
    ],
    "edge-8": [
      "c002",
      "c003",
      "c015",
      "c020",
      "c296",
      "c331",
      "c345",
      "c349",
      "c385",
      "c387",
      "c493",
      "c500"
    ]
  }
}
[FIG1] method=fg_orig req=600
{
  "summary": {
    "algo": "FG-DSCR-GC-K8s-orig",
    "num_containers": 600,
    "num_assigned": 82,
    "num_failed": 518,
    "fail_rate": 0.8633333333333333,
    "num_nodes": 8,
    "ACT": 109.26341463414634,
    "AMS": 182.41875,
    "downloaded_mb": 8184,
    "reused_mb": 75702,
    "reuse_rate": 0.9024390243902439,
    "objective_base": 145.84108231707316,
    "fail_penalty": 863.3333333333333,
    "lambda_fail": 1000.0,
    "objective": 1009.1744156504064
  },
  "assignment": {
    "edge-1": [
      "c579",
      "c590",
      "c032",
      "c033",
      "c044",
      "c051",
      "c116",
      "c156",
      "c159",
      "c262"
    ],
    "edge-2": [
      "c296",
      "c363",
      "c428",
      "c553",
      "c028",
      "c043",
      "c088",
      "c143",
      "c174"
    ],
    "edge-3": [
      "c169",
      "c185",
      "c187",
      "c199",
      "c214",
      "c220",
      "c285",
      "c327",
      "c356",
      "c474"
    ],
    "edge-4": [
      "c180",
      "c321",
      "c322",
      "c343",
      "c449",
      "c493",
      "c501",
      "c508",
      "c323"
    ],
    "edge-5": [
      "c424",
      "c439",
      "c521",
      "c534",
      "c550",
      "c560",
      "c566",
      "c575",
      "c050",
      "c062"
    ],
    "edge-6": [
      "c528",
      "c003",
      "c022",
      "c049",
      "c078",
      "c136",
      "c155",
      "c239",
      "c261",
      "c265",
      "c266",
      "c304"
    ],
    "edge-7": [
      "c073",
      "c087",
      "c101",
      "c112",
      "c114",
      "c151",
      "c166",
      "c191",
      "c198",
      "c211",
      "c245",
      "c292"
    ],
    "edge-8": [
      "c325",
      "c328",
      "c330",
      "c367",
      "c408",
      "c467",
      "c479",
      "c531",
      "c567",
      "c588"
    ]
  },
  "ordered_queues": {
    "edge-1": [
      "c032",
      "c033",
      "c044",
      "c051",
      "c116",
      "c156",
      "c159",
      "c262",
      "c579",
      "c590"
    ],
    "edge-2": [
      "c028",
      "c043",
      "c088",
      "c143",
      "c174",
      "c296",
      "c363",
      "c428",
      "c553"
    ],
    "edge-3": [
      "c169",
      "c185",
      "c187",
      "c199",
      "c214",
      "c220",
      "c285",
      "c327",
      "c356",
      "c474"
    ],
    "edge-4": [
      "c180",
      "c321",
      "c322",
      "c323",
      "c343",
      "c449",
      "c493",
      "c501",
      "c508"
    ],
    "edge-5": [
      "c050",
      "c062",
      "c424",
      "c439",
      "c521",
      "c534",
      "c550",
      "c560",
      "c566",
      "c575"
    ],
    "edge-6": [
      "c003",
      "c022",
      "c049",
      "c078",
      "c136",
      "c155",
      "c239",
      "c261",
      "c265",
      "c266",
      "c304",
      "c528"
    ],
    "edge-7": [
      "c073",
      "c087",
      "c101",
      "c112",
      "c114",
      "c151",
      "c166",
      "c191",
      "c198",
      "c211",
      "c245",
      "c292"
    ],
    "edge-8": [
      "c325",
      "c328",
      "c330",
      "c367",
      "c408",
      "c467",
      "c479",
      "c531",
      "c567",
      "c588"
    ]
  }
}
[FIG1] method=fg req=600
{
  "summary": {
    "algo": "FG-DSCR-GC-K8s-selected",
    "num_containers": 600,
    "num_assigned": 166,
    "num_failed": 434,
    "fail_rate": 0.7233333333333334,
    "num_nodes": 8,
    "ACT": 196.23122489959837,
    "AMS": 382.8875,
    "downloaded_mb": 24834,
    "reused_mb": 53336,
    "reuse_rate": 0.6823077907125495,
    "objective_base": 289.5593624497992,
    "fail_penalty": 723.3333333333334,
    "lambda_fail": 1000.0,
    "objective": 1012.8926957831326
  },
  "assignment": {
    "edge-1": [
      "c580",
      "c398",
      "c540",
      "c484",
      "c243",
      "c295",
      "c483",
      "c351",
      "c468",
      "c210",
      "c211",
      "c310",
      "c315",
      "c503",
      "c056",
      "c301",
      "c390",
      "c550",
      "c244",
      "c070"
    ],
    "edge-2": [
      "c091",
      "c071",
      "c336",
      "c083",
      "c401",
      "c589",
      "c068",
      "c154",
      "c264",
      "c459",
      "c562",
      "c473",
      "c007",
      "c041",
      "c053",
      "c189",
      "c203",
      "c230",
      "c280",
      "c378",
      "c537",
      "c572",
      "c591",
      "c158"
    ],
    "edge-3": [
      "c375",
      "c075",
      "c235",
      "c256",
      "c333",
      "c344",
      "c491",
      "c318",
      "c126",
      "c251",
      "c272",
      "c130",
      "c292",
      "c077",
      "c176",
      "c072",
      "c487",
      "c212",
      "c565"
    ],
    "edge-4": [
      "c360",
      "c443",
      "c286",
      "c228",
      "c025",
      "c138",
      "c023",
      "c437",
      "c350",
      "c380",
      "c482",
      "c472",
      "c407",
      "c462",
      "c273",
      "c395",
      "c042",
      "c422",
      "c046",
      "c418",
      "c552",
      "c454",
      "c032"
    ],
    "edge-5": [
      "c161",
      "c532",
      "c031",
      "c103",
      "c282",
      "c269",
      "c582",
      "c259",
      "c102",
      "c376",
      "c288",
      "c402",
      "c372",
      "c144",
      "c478",
      "c546",
      "c480",
      "c303",
      "c233"
    ],
    "edge-6": [
      "c369",
      "c568",
      "c435",
      "c471",
      "c494",
      "c237",
      "c364",
      "c509",
      "c162",
      "c055",
      "c525",
      "c142",
      "c374",
      "c299",
      "c250",
      "c145",
      "c541",
      "c115",
      "c545",
      "c159",
      "c185",
      "c534"
    ],
    "edge-7": [
      "c167",
      "c024",
      "c592",
      "c110",
      "c213",
      "c057",
      "c290",
      "c382",
      "c202",
      "c412",
      "c444",
      "c069",
      "c389",
      "c481",
      "c257",
      "c141",
      "c002",
      "c139",
      "c337",
      "c416"
    ],
    "edge-8": [
      "c551",
      "c085",
      "c504",
      "c426",
      "c570",
      "c583",
      "c559",
      "c512",
      "c597",
      "c548",
      "c465",
      "c536",
      "c314",
      "c182",
      "c523",
      "c476",
      "c377",
      "c419",
      "c067"
    ]
  },
  "ordered_queues": {
    "edge-1": [
      "c211",
      "c310",
      "c315",
      "c351",
      "c468",
      "c503",
      "c550",
      "c070",
      "c580",
      "c210",
      "c484",
      "c243",
      "c295",
      "c398",
      "c483",
      "c244",
      "c056",
      "c301",
      "c390",
      "c540"
    ],
    "edge-2": [
      "c041",
      "c053",
      "c068",
      "c071",
      "c083",
      "c154",
      "c158",
      "c189",
      "c203",
      "c230",
      "c264",
      "c280",
      "c336",
      "c378",
      "c401",
      "c459",
      "c537",
      "c562",
      "c572",
      "c589",
      "c591",
      "c091",
      "c473",
      "c007"
    ],
    "edge-3": [
      "c126",
      "c235",
      "c333",
      "c344",
      "c487",
      "c491",
      "c565",
      "c075",
      "c077",
      "c130",
      "c256",
      "c375",
      "c318",
      "c176",
      "c212",
      "c072",
      "c251",
      "c272",
      "c292"
    ],
    "edge-4": [
      "c042",
      "c046",
      "c138",
      "c418",
      "c437",
      "c454",
      "c360",
      "c380",
      "c422",
      "c443",
      "c350",
      "c228",
      "c407",
      "c023",
      "c286",
      "c395",
      "c472",
      "c025",
      "c462",
      "c273",
      "c482",
      "c552",
      "c032"
    ],
    "edge-5": [
      "c376",
      "c478",
      "c102",
      "c233",
      "c031",
      "c103",
      "c161",
      "c282",
      "c546",
      "c259",
      "c269",
      "c532",
      "c582",
      "c372",
      "c144",
      "c288",
      "c402",
      "c480",
      "c303"
    ],
    "edge-6": [
      "c162",
      "c364",
      "c369",
      "c435",
      "c471",
      "c494",
      "c509",
      "c568",
      "c525",
      "c145",
      "c541",
      "c142",
      "c374",
      "c055",
      "c115",
      "c237",
      "c250",
      "c299",
      "c159",
      "c185",
      "c534",
      "c545"
    ],
    "edge-7": [
      "c057",
      "c110",
      "c202",
      "c290",
      "c382",
      "c412",
      "c444",
      "c481",
      "c257",
      "c141",
      "c167",
      "c416",
      "c139",
      "c389",
      "c024",
      "c069",
      "c213",
      "c592",
      "c002",
      "c337"
    ],
    "edge-8": [
      "c182",
      "c314",
      "c548",
      "c559",
      "c570",
      "c419",
      "c426",
      "c551",
      "c465",
      "c512",
      "c597",
      "c085",
      "c504",
      "c523",
      "c583",
      "c377",
      "c067",
      "c536",
      "c476"
    ]
  }
}
[FIG1] method=wo_frag req=600
{
  "summary": {
    "algo": "FG-DSCR-GC-w-o-frag-K8s",
    "num_containers": 600,
    "num_assigned": 83,
    "num_failed": 517,
    "fail_rate": 0.8616666666666667,
    "num_nodes": 8,
    "ACT": 110.1765060240964,
    "AMS": 185.41875,
    "downloaded_mb": 8184,
    "reused_mb": 76725,
    "reuse_rate": 0.9036144578313253,
    "objective_base": 147.7976280120482,
    "fail_penalty": 861.6666666666667,
    "lambda_fail": 1000.0,
    "objective": 1009.464294678715
  },
  "assignment": {
    "edge-1": [
      "c579",
      "c588",
      "c590",
      "c032",
      "c033",
      "c044",
      "c051",
      "c116",
      "c156",
      "c159",
      "c304"
    ],
    "edge-2": [
      "c296",
      "c363",
      "c428",
      "c553",
      "c028",
      "c043",
      "c088",
      "c143",
      "c174"
    ],
    "edge-3": [
      "c169",
      "c185",
      "c187",
      "c199",
      "c214",
      "c220",
      "c262",
      "c285",
      "c327",
      "c356"
    ],
    "edge-4": [
      "c180",
      "c321",
      "c322",
      "c343",
      "c449",
      "c493",
      "c501",
      "c508",
      "c323"
    ],
    "edge-5": [
      "c424",
      "c439",
      "c474",
      "c521",
      "c534",
      "c550",
      "c560",
      "c566",
      "c575",
      "c050",
      "c292"
    ],
    "edge-6": [
      "c528",
      "c003",
      "c022",
      "c049",
      "c078",
      "c136",
      "c155",
      "c239",
      "c261",
      "c265",
      "c266",
      "c310"
    ],
    "edge-7": [
      "c062",
      "c073",
      "c087",
      "c101",
      "c112",
      "c114",
      "c151",
      "c166",
      "c191",
      "c211",
      "c260"
    ],
    "edge-8": [
      "c325",
      "c328",
      "c330",
      "c367",
      "c408",
      "c467",
      "c479",
      "c531",
      "c567",
      "c198"
    ]
  },
  "ordered_queues": {
    "edge-1": [
      "c032",
      "c033",
      "c044",
      "c051",
      "c116",
      "c156",
      "c159",
      "c304",
      "c579",
      "c588",
      "c590"
    ],
    "edge-2": [
      "c028",
      "c043",
      "c088",
      "c143",
      "c174",
      "c296",
      "c363",
      "c428",
      "c553"
    ],
    "edge-3": [
      "c169",
      "c185",
      "c187",
      "c199",
      "c214",
      "c220",
      "c262",
      "c285",
      "c327",
      "c356"
    ],
    "edge-4": [
      "c180",
      "c321",
      "c322",
      "c323",
      "c343",
      "c449",
      "c493",
      "c501",
      "c508"
    ],
    "edge-5": [
      "c050",
      "c292",
      "c424",
      "c439",
      "c474",
      "c521",
      "c534",
      "c550",
      "c560",
      "c566",
      "c575"
    ],
    "edge-6": [
      "c003",
      "c022",
      "c049",
      "c078",
      "c136",
      "c155",
      "c239",
      "c261",
      "c265",
      "c266",
      "c310",
      "c528"
    ],
    "edge-7": [
      "c062",
      "c073",
      "c087",
      "c101",
      "c112",
      "c114",
      "c151",
      "c166",
      "c191",
      "c211",
      "c260"
    ],
    "edge-8": [
      "c198",
      "c325",
      "c328",
      "c330",
      "c367",
      "c408",
      "c467",
      "c479",
      "c531",
      "c567"
    ]
  }
}
[FIG1] method=fg_orig req=700
{
  "summary": {
    "algo": "FG-DSCR-GC-K8s-orig",
    "num_containers": 700,
    "num_assigned": 80,
    "num_failed": 620,
    "fail_rate": 0.8857142857142857,
    "num_nodes": 8,
    "ACT": 106.02203125000001,
    "AMS": 177.41874999999996,
    "downloaded_mb": 8184,
    "reused_mb": 73656,
    "reuse_rate": 0.9,
    "objective_base": 141.720390625,
    "fail_penalty": 885.7142857142857,
    "lambda_fail": 1000.0,
    "objective": 1027.4346763392857
  },
  "assignment": {
    "edge-1": [
      "c051",
      "c116",
      "c156",
      "c159",
      "c169",
      "c185",
      "c187",
      "c199",
      "c214",
      "c112"
    ],
    "edge-2": [
      "c296",
      "c363",
      "c428",
      "c553",
      "c656",
      "c028",
      "c043",
      "c088",
      "c143"
    ],
    "edge-3": [
      "c566",
      "c575",
      "c610",
      "c639",
      "c687",
      "c050",
      "c062",
      "c073",
      "c101"
    ],
    "edge-4": [
      "c174",
      "c180",
      "c321",
      "c322",
      "c343",
      "c449",
      "c493",
      "c501",
      "c239"
    ],
    "edge-5": [
      "c262",
      "c285",
      "c327",
      "c356",
      "c424",
      "c439",
      "c474",
      "c521",
      "c534",
      "c550",
      "c560",
      "c632"
    ],
    "edge-6": [
      "c508",
      "c528",
      "c601",
      "c003",
      "c022",
      "c049",
      "c078",
      "c136",
      "c155",
      "c261",
      "c265"
    ],
    "edge-7": [
      "c567",
      "c579",
      "c588",
      "c590",
      "c624",
      "c644",
      "c032",
      "c033",
      "c044",
      "c220"
    ],
    "edge-8": [
      "c266",
      "c323",
      "c325",
      "c328",
      "c330",
      "c367",
      "c408",
      "c467",
      "c479",
      "c531"
    ]
  },
  "ordered_queues": {
    "edge-1": [
      "c051",
      "c112",
      "c116",
      "c156",
      "c159",
      "c169",
      "c185",
      "c187",
      "c199",
      "c214"
    ],
    "edge-2": [
      "c028",
      "c043",
      "c088",
      "c143",
      "c296",
      "c363",
      "c428",
      "c553",
      "c656"
    ],
    "edge-3": [
      "c050",
      "c062",
      "c073",
      "c101",
      "c566",
      "c575",
      "c610",
      "c639",
      "c687"
    ],
    "edge-4": [
      "c174",
      "c180",
      "c239",
      "c321",
      "c322",
      "c343",
      "c449",
      "c493",
      "c501"
    ],
    "edge-5": [
      "c262",
      "c285",
      "c327",
      "c356",
      "c424",
      "c439",
      "c474",
      "c521",
      "c534",
      "c550",
      "c560",
      "c632"
    ],
    "edge-6": [
      "c003",
      "c022",
      "c049",
      "c078",
      "c136",
      "c155",
      "c261",
      "c265",
      "c508",
      "c528",
      "c601"
    ],
    "edge-7": [
      "c032",
      "c033",
      "c044",
      "c220",
      "c567",
      "c579",
      "c588",
      "c590",
      "c624",
      "c644"
    ],
    "edge-8": [
      "c266",
      "c323",
      "c325",
      "c328",
      "c330",
      "c367",
      "c408",
      "c467",
      "c479",
      "c531"
    ]
  }
}
[FIG1] method=fg req=700
{
  "summary": {
    "algo": "FG-DSCR-GC-K8s-selected",
    "num_containers": 700,
    "num_assigned": 171,
    "num_failed": 529,
    "fail_rate": 0.7557142857142857,
    "num_nodes": 8,
    "ACT": 200.30470272904483,
    "AMS": 386.321875,
    "downloaded_mb": 21803,
    "reused_mb": 55525,
    "reuse_rate": 0.7180452100144837,
    "objective_base": 293.3132888645224,
    "fail_penalty": 755.7142857142857,
    "lambda_fail": 1000.0,
    "objective": 1049.027574578808
  },
  "assignment": {
    "edge-1": [
      "c580",
      "c690",
      "c532",
      "c630",
      "c693",
      "c269",
      "c582",
      "c351",
      "c468",
      "c259",
      "c211",
      "c310",
      "c315",
      "c503",
      "c115",
      "c536",
      "c647",
      "c377",
      "c002",
      "c176"
    ],
    "edge-2": [
      "c091",
      "c161",
      "c237",
      "c540",
      "c031",
      "c103",
      "c282",
      "c041",
      "c053",
      "c189",
      "c203",
      "c230",
      "c280",
      "c378",
      "c537",
      "c572",
      "c591",
      "c678",
      "c250",
      "c158",
      "c653",
      "c292",
      "c641",
      "c024"
    ],
    "edge-3": [
      "c375",
      "c138",
      "c437",
      "c256",
      "c659",
      "c661",
      "c689",
      "c042",
      "c142",
      "c299",
      "c684",
      "c046",
      "c318",
      "c418",
      "c523",
      "c478",
      "c664",
      "c130",
      "c389",
      "c674"
    ],
    "edge-4": [
      "c360",
      "c443",
      "c504",
      "c235",
      "c380",
      "c583",
      "c462",
      "c333",
      "c344",
      "c491",
      "c636",
      "c422",
      "c126",
      "c056",
      "c301",
      "c390",
      "c602",
      "c072",
      "c552",
      "c454"
    ],
    "edge-5": [
      "c286",
      "c075",
      "c023",
      "c472",
      "c407",
      "c473",
      "c007",
      "c395",
      "c673",
      "c102",
      "c145",
      "c541",
      "c288",
      "c402",
      "c372",
      "c144",
      "c251",
      "c077",
      "c700",
      "c233"
    ],
    "edge-6": [
      "c369",
      "c568",
      "c676",
      "c071",
      "c336",
      "c228",
      "c435",
      "c471",
      "c494",
      "c364",
      "c509",
      "c083",
      "c401",
      "c589",
      "c629",
      "c350",
      "c162",
      "c482",
      "c154",
      "c264",
      "c459",
      "c562",
      "c273",
      "c272"
    ],
    "edge-7": [
      "c167",
      "c025",
      "c398",
      "c110",
      "c484",
      "c057",
      "c290",
      "c382",
      "c243",
      "c295",
      "c483",
      "c637",
      "c512",
      "c597",
      "c210",
      "c202",
      "c412",
      "c444",
      "c465",
      "c257",
      "c141",
      "c697"
    ],
    "edge-8": [
      "c551",
      "c085",
      "c592",
      "c426",
      "c570",
      "c055",
      "c559",
      "c213",
      "c525",
      "c374",
      "c670",
      "c548",
      "c376",
      "c314",
      "c069",
      "c545",
      "c182",
      "c476",
      "c481",
      "c546",
      "c068"
    ]
  },
  "ordered_queues": {
    "edge-1": [
      "c580",
      "c211",
      "c310",
      "c315",
      "c351",
      "c468",
      "c503",
      "c630",
      "c259",
      "c269",
      "c377",
      "c532",
      "c582",
      "c115",
      "c693",
      "c002",
      "c536",
      "c647",
      "c690",
      "c176"
    ],
    "edge-2": [
      "c041",
      "c053",
      "c158",
      "c189",
      "c203",
      "c230",
      "c280",
      "c292",
      "c378",
      "c537",
      "c572",
      "c591",
      "c678",
      "c031",
      "c103",
      "c161",
      "c282",
      "c653",
      "c091",
      "c641",
      "c237",
      "c250",
      "c540",
      "c024"
    ],
    "edge-3": [
      "c130",
      "c256",
      "c375",
      "c659",
      "c661",
      "c689",
      "c478",
      "c142",
      "c299",
      "c684",
      "c042",
      "c046",
      "c138",
      "c418",
      "c437",
      "c318",
      "c664",
      "c389",
      "c674",
      "c523"
    ],
    "edge-4": [
      "c126",
      "c235",
      "c333",
      "c344",
      "c491",
      "c360",
      "c380",
      "c422",
      "c443",
      "c462",
      "c602",
      "c636",
      "c056",
      "c301",
      "c390",
      "c072",
      "c504",
      "c583",
      "c552",
      "c454"
    ],
    "edge-5": [
      "c145",
      "c541",
      "c102",
      "c407",
      "c233",
      "c023",
      "c286",
      "c395",
      "c472",
      "c673",
      "c473",
      "c075",
      "c077",
      "c007",
      "c700",
      "c372",
      "c144",
      "c288",
      "c402",
      "c251"
    ],
    "edge-6": [
      "c071",
      "c083",
      "c154",
      "c264",
      "c272",
      "c336",
      "c401",
      "c459",
      "c562",
      "c589",
      "c629",
      "c162",
      "c273",
      "c364",
      "c369",
      "c435",
      "c471",
      "c482",
      "c494",
      "c509",
      "c568",
      "c676",
      "c350",
      "c228"
    ],
    "edge-7": [
      "c057",
      "c110",
      "c202",
      "c290",
      "c382",
      "c412",
      "c444",
      "c637",
      "c697",
      "c210",
      "c484",
      "c243",
      "c295",
      "c398",
      "c483",
      "c257",
      "c465",
      "c512",
      "c597",
      "c025",
      "c167",
      "c141"
    ],
    "edge-8": [
      "c182",
      "c314",
      "c548",
      "c559",
      "c570",
      "c525",
      "c376",
      "c374",
      "c055",
      "c426",
      "c551",
      "c085",
      "c069",
      "c213",
      "c592",
      "c476",
      "c670",
      "c481",
      "c546",
      "c068",
      "c545"
    ]
  }
}
[FIG1] method=wo_frag req=700
{
  "summary": {
    "algo": "FG-DSCR-GC-w-o-frag-K8s",
    "num_containers": 700,
    "num_assigned": 80,
    "num_failed": 620,
    "fail_rate": 0.8857142857142857,
    "num_nodes": 8,
    "ACT": 105.57203125000001,
    "AMS": 177.41875,
    "downloaded_mb": 8184,
    "reused_mb": 73656,
    "reuse_rate": 0.9,
    "objective_base": 141.495390625,
    "fail_penalty": 885.7142857142857,
    "lambda_fail": 1000.0,
    "objective": 1027.2096763392856
  },
  "assignment": {
    "edge-1": [
      "c116",
      "c156",
      "c159",
      "c169",
      "c185",
      "c187",
      "c199",
      "c214",
      "c220",
      "c550"
    ],
    "edge-2": [
      "c296",
      "c363",
      "c428",
      "c553",
      "c656",
      "c028",
      "c043",
      "c088",
      "c143"
    ],
    "edge-3": [
      "c262",
      "c285",
      "c327",
      "c356",
      "c424",
      "c439",
      "c474",
      "c521",
      "c534",
      "c560",
      "c101"
    ],
    "edge-4": [
      "c174",
      "c180",
      "c321",
      "c322",
      "c343",
      "c449",
      "c493",
      "c501",
      "c265"
    ],
    "edge-5": [
      "c567",
      "c579",
      "c588",
      "c590",
      "c624",
      "c644",
      "c032",
      "c033",
      "c044",
      "c051"
    ],
    "edge-6": [
      "c508",
      "c528",
      "c601",
      "c003",
      "c022",
      "c049",
      "c078",
      "c136",
      "c155",
      "c239",
      "c261"
    ],
    "edge-7": [
      "c566",
      "c575",
      "c610",
      "c632",
      "c639",
      "c687",
      "c050",
      "c062",
      "c073",
      "c112"
    ],
    "edge-8": [
      "c266",
      "c323",
      "c325",
      "c328",
      "c330",
      "c367",
      "c408",
      "c467",
      "c479",
      "c531"
    ]
  },
  "ordered_queues": {
    "edge-1": [
      "c116",
      "c156",
      "c159",
      "c169",
      "c185",
      "c187",
      "c199",
      "c214",
      "c220",
      "c550"
    ],
    "edge-2": [
      "c028",
      "c043",
      "c088",
      "c143",
      "c296",
      "c363",
      "c428",
      "c553",
      "c656"
    ],
    "edge-3": [
      "c101",
      "c262",
      "c285",
      "c327",
      "c356",
      "c424",
      "c439",
      "c474",
      "c521",
      "c534",
      "c560"
    ],
    "edge-4": [
      "c174",
      "c180",
      "c265",
      "c321",
      "c322",
      "c343",
      "c449",
      "c493",
      "c501"
    ],
    "edge-5": [
      "c032",
      "c033",
      "c044",
      "c051",
      "c567",
      "c579",
      "c588",
      "c590",
      "c624",
      "c644"
    ],
    "edge-6": [
      "c003",
      "c022",
      "c049",
      "c078",
      "c136",
      "c155",
      "c239",
      "c261",
      "c508",
      "c528",
      "c601"
    ],
    "edge-7": [
      "c050",
      "c062",
      "c073",
      "c112",
      "c566",
      "c575",
      "c610",
      "c632",
      "c639",
      "c687"
    ],
    "edge-8": [
      "c266",
      "c323",
      "c325",
      "c328",
      "c330",
      "c367",
      "c408",
      "c467",
      "c479",
      "c531"
    ]
  }
}
[FIG1] method=fg_orig req=800
{
  "summary": {
    "algo": "FG-DSCR-GC-K8s-orig",
    "num_containers": 800,
    "num_assigned": 79,
    "num_failed": 721,
    "fail_rate": 0.90125,
    "num_nodes": 8,
    "ACT": 105.22420886075949,
    "AMS": 175.91874999999996,
    "downloaded_mb": 8184,
    "reused_mb": 72633,
    "reuse_rate": 0.8987341772151899,
    "objective_base": 140.57147943037972,
    "fail_penalty": 901.25,
    "lambda_fail": 1000.0,
    "objective": 1041.8214794303797
  },
  "assignment": {
    "edge-1": [
      "c367",
      "c467",
      "c479",
      "c531",
      "c567",
      "c579",
      "c588",
      "c590",
      "c624",
      "c644"
    ],
    "edge-2": [
      "c296",
      "c363",
      "c428",
      "c553",
      "c656",
      "c716",
      "c739",
      "c028",
      "c159"
    ],
    "edge-3": [
      "c708",
      "c737",
      "c799",
      "c800",
      "c032",
      "c033",
      "c044",
      "c051",
      "c116",
      "c534"
    ],
    "edge-4": [
      "c043",
      "c088",
      "c143",
      "c174",
      "c180",
      "c321",
      "c322",
      "c343",
      "c449"
    ],
    "edge-5": [
      "c156",
      "c169",
      "c185",
      "c187",
      "c199",
      "c214",
      "c220",
      "c262",
      "c285",
      "c632"
    ],
    "edge-6": [
      "c493",
      "c501",
      "c508",
      "c528",
      "c601",
      "c724",
      "c003",
      "c022",
      "c049",
      "c078"
    ],
    "edge-7": [
      "c327",
      "c356",
      "c424",
      "c439",
      "c474",
      "c521",
      "c550",
      "c560",
      "c566",
      "c575"
    ],
    "edge-8": [
      "c136",
      "c155",
      "c239",
      "c261",
      "c265",
      "c266",
      "c323",
      "c325",
      "c328",
      "c330",
      "c408"
    ]
  },
  "ordered_queues": {
    "edge-1": [
      "c367",
      "c467",
      "c479",
      "c531",
      "c567",
      "c579",
      "c588",
      "c590",
      "c624",
      "c644"
    ],
    "edge-2": [
      "c028",
      "c159",
      "c296",
      "c363",
      "c428",
      "c553",
      "c656",
      "c716",
      "c739"
    ],
    "edge-3": [
      "c032",
      "c033",
      "c044",
      "c051",
      "c116",
      "c534",
      "c708",
      "c737",
      "c799",
      "c800"
    ],
    "edge-4": [
      "c043",
      "c088",
      "c143",
      "c174",
      "c180",
      "c321",
      "c322",
      "c343",
      "c449"
    ],
    "edge-5": [
      "c156",
      "c169",
      "c185",
      "c187",
      "c199",
      "c214",
      "c220",
      "c262",
      "c285",
      "c632"
    ],
    "edge-6": [
      "c003",
      "c022",
      "c049",
      "c078",
      "c493",
      "c501",
      "c508",
      "c528",
      "c601",
      "c724"
    ],
    "edge-7": [
      "c327",
      "c356",
      "c424",
      "c439",
      "c474",
      "c521",
      "c550",
      "c560",
      "c566",
      "c575"
    ],
    "edge-8": [
      "c136",
      "c155",
      "c239",
      "c261",
      "c265",
      "c266",
      "c323",
      "c325",
      "c328",
      "c330",
      "c408"
    ]
  }
}
[FIG1] method=fg req=800
{
  "summary": {
    "algo": "FG-DSCR-GC-K8s-selected",
    "num_containers": 800,
    "num_assigned": 178,
    "num_failed": 622,
    "fail_rate": 0.7775,
    "num_nodes": 8,
    "ACT": 204.34337546816477,
    "AMS": 408.1015625,
    "downloaded_mb": 27248,
    "reused_mb": 55788,
    "reuse_rate": 0.6718531721181175,
    "objective_base": 306.2224689840824,
    "fail_penalty": 777.5,
    "lambda_fail": 1000.0,
    "objective": 1083.7224689840823
  },
  "assignment": {
    "edge-1": [
      "c580",
      "c690",
      "c235",
      "c333",
      "c344",
      "c491",
      "c754",
      "c203",
      "c230",
      "c280",
      "c378",
      "c537",
      "c572",
      "c591",
      "c678",
      "c761",
      "c766",
      "c158",
      "c351",
      "c468",
      "c390",
      "c288",
      "c233"
    ],
    "edge-2": [
      "c091",
      "c286",
      "c138",
      "c725",
      "c023",
      "c437",
      "c472",
      "c110",
      "c395",
      "c673",
      "c057",
      "c290",
      "c382",
      "c042",
      "c637",
      "c046",
      "c787",
      "c202",
      "c412",
      "c444",
      "c545",
      "c272",
      "c478",
      "c435"
    ],
    "edge-3": [
      "c375",
      "c504",
      "c583",
      "c462",
      "c256",
      "c659",
      "c661",
      "c689",
      "c636",
      "c512",
      "c597",
      "c318",
      "c785",
      "c102",
      "c145",
      "c541",
      "c465",
      "c602",
      "c182",
      "c372"
    ],
    "edge-4": [
      "c360",
      "c443",
      "c024",
      "c592",
      "c380",
      "c712",
      "c473",
      "c055",
      "c693",
      "c213",
      "c374",
      "c422",
      "c732",
      "c736",
      "c748",
      "c548",
      "c418",
      "c115",
      "c126",
      "c664",
      "c130",
      "c389"
    ],
    "edge-5": [
      "c161",
      "c532",
      "c790",
      "c031",
      "c103",
      "c282",
      "c525",
      "c142",
      "c299",
      "c684",
      "c269",
      "c582",
      "c259",
      "c211",
      "c310",
      "c315",
      "c503",
      "c775",
      "c301",
      "c771",
      "c674",
      "c697"
    ],
    "edge-6": [
      "c369",
      "c568",
      "c676",
      "c777",
      "c228",
      "c025",
      "c085",
      "c471",
      "c494",
      "c075",
      "c237",
      "c738",
      "c364",
      "c509",
      "c350",
      "c162",
      "c482",
      "c570",
      "c630",
      "c407",
      "c559",
      "c273",
      "c250",
      "c069"
    ],
    "edge-7": [
      "c167",
      "c398",
      "c540",
      "c795",
      "c484",
      "c715",
      "c670",
      "c243",
      "c295",
      "c483",
      "c210",
      "c723",
      "c376",
      "c536",
      "c647",
      "c314",
      "c056",
      "c402",
      "c565"
    ],
    "edge-8": [
      "c551",
      "c071",
      "c336",
      "c426",
      "c083",
      "c401",
      "c589",
      "c629",
      "c730",
      "c753",
      "c068",
      "c154",
      "c264",
      "c459",
      "c562",
      "c782",
      "c007",
      "c041",
      "c053",
      "c189",
      "c758",
      "c144",
      "c523",
      "c251"
    ]
  },
  "ordered_queues": {
    "edge-1": [
      "c158",
      "c203",
      "c230",
      "c280",
      "c351",
      "c378",
      "c468",
      "c537",
      "c572",
      "c591",
      "c678",
      "c761",
      "c580",
      "c235",
      "c333",
      "c344",
      "c491",
      "c754",
      "c766",
      "c233",
      "c690",
      "c390",
      "c288"
    ],
    "edge-2": [
      "c057",
      "c110",
      "c202",
      "c290",
      "c382",
      "c412",
      "c444",
      "c637",
      "c091",
      "c023",
      "c286",
      "c395",
      "c472",
      "c673",
      "c042",
      "c046",
      "c138",
      "c437",
      "c725",
      "c478",
      "c435",
      "c272",
      "c545",
      "c787"
    ],
    "edge-3": [
      "c145",
      "c541",
      "c785",
      "c102",
      "c256",
      "c375",
      "c659",
      "c661",
      "c689",
      "c465",
      "c512",
      "c597",
      "c462",
      "c602",
      "c636",
      "c318",
      "c182",
      "c504",
      "c583",
      "c372"
    ],
    "edge-4": [
      "c360",
      "c380",
      "c422",
      "c443",
      "c732",
      "c374",
      "c055",
      "c748",
      "c115",
      "c693",
      "c473",
      "c024",
      "c213",
      "c592",
      "c712",
      "c389",
      "c664",
      "c130",
      "c548",
      "c736",
      "c126",
      "c418"
    ],
    "edge-5": [
      "c525",
      "c697",
      "c031",
      "c103",
      "c161",
      "c282",
      "c771",
      "c790",
      "c142",
      "c259",
      "c269",
      "c532",
      "c582",
      "c299",
      "c684",
      "c211",
      "c310",
      "c315",
      "c301",
      "c674",
      "c503",
      "c775"
    ],
    "edge-6": [
      "c162",
      "c273",
      "c364",
      "c369",
      "c471",
      "c482",
      "c494",
      "c509",
      "c568",
      "c676",
      "c777",
      "c630",
      "c350",
      "c228",
      "c407",
      "c237",
      "c250",
      "c738",
      "c085",
      "c025",
      "c075",
      "c559",
      "c570",
      "c069"
    ],
    "edge-7": [
      "c243",
      "c295",
      "c398",
      "c402",
      "c483",
      "c723",
      "c795",
      "c210",
      "c484",
      "c565",
      "c376",
      "c167",
      "c056",
      "c540",
      "c715",
      "c536",
      "c647",
      "c314",
      "c670"
    ],
    "edge-8": [
      "c041",
      "c053",
      "c068",
      "c071",
      "c083",
      "c154",
      "c189",
      "c251",
      "c264",
      "c336",
      "c401",
      "c459",
      "c562",
      "c589",
      "c629",
      "c730",
      "c753",
      "c782",
      "c426",
      "c551",
      "c007",
      "c758",
      "c144",
      "c523"
    ]
  }
}
[FIG1] method=wo_frag req=800
{
  "summary": {
    "algo": "FG-DSCR-GC-w-o-frag-K8s",
    "num_containers": 800,
    "num_assigned": 81,
    "num_failed": 719,
    "fail_rate": 0.89875,
    "num_nodes": 8,
    "ACT": 107.68904320987654,
    "AMS": 180.91875,
    "downloaded_mb": 8184,
    "reused_mb": 74679,
    "reuse_rate": 0.9012345679012346,
    "objective_base": 144.30389660493827,
    "fail_penalty": 898.75,
    "lambda_fail": 1000.0,
    "objective": 1043.0538966049382
  },
  "assignment": {
    "edge-1": [
      "c367",
      "c408",
      "c467",
      "c479",
      "c531",
      "c567",
      "c579",
      "c588",
      "c590",
      "c624",
      "c112"
    ],
    "edge-2": [
      "c296",
      "c363",
      "c428",
      "c553",
      "c656",
      "c716",
      "c739",
      "c028",
      "c550"
    ],
    "edge-3": [
      "c116",
      "c156",
      "c159",
      "c169",
      "c185",
      "c187",
      "c199",
      "c214",
      "c220",
      "c632"
    ],
    "edge-4": [
      "c043",
      "c088",
      "c143",
      "c174",
      "c180",
      "c321",
      "c322",
      "c343",
      "c449"
    ],
    "edge-5": [
      "c285",
      "c327",
      "c356",
      "c424",
      "c439",
      "c474",
      "c521",
      "c534",
      "c560",
      "c566",
      "c114"
    ],
    "edge-6": [
      "c493",
      "c501",
      "c508",
      "c528",
      "c601",
      "c724",
      "c003",
      "c022",
      "c049",
      "c078"
    ],
    "edge-7": [
      "c644",
      "c708",
      "c737",
      "c799",
      "c800",
      "c032",
      "c033",
      "c044",
      "c051",
      "c751"
    ],
    "edge-8": [
      "c136",
      "c155",
      "c239",
      "c261",
      "c265",
      "c266",
      "c323",
      "c325",
      "c328",
      "c330",
      "c262"
    ]
  },
  "ordered_queues": {
    "edge-1": [
      "c112",
      "c367",
      "c408",
      "c467",
      "c479",
      "c531",
      "c567",
      "c579",
      "c588",
      "c590",
      "c624"
    ],
    "edge-2": [
      "c028",
      "c296",
      "c363",
      "c428",
      "c550",
      "c553",
      "c656",
      "c716",
      "c739"
    ],
    "edge-3": [
      "c116",
      "c156",
      "c159",
      "c169",
      "c185",
      "c187",
      "c199",
      "c214",
      "c220",
      "c632"
    ],
    "edge-4": [
      "c043",
      "c088",
      "c143",
      "c174",
      "c180",
      "c321",
      "c322",
      "c343",
      "c449"
    ],
    "edge-5": [
      "c114",
      "c285",
      "c327",
      "c356",
      "c424",
      "c439",
      "c474",
      "c521",
      "c534",
      "c560",
      "c566"
    ],
    "edge-6": [
      "c003",
      "c022",
      "c049",
      "c078",
      "c493",
      "c501",
      "c508",
      "c528",
      "c601",
      "c724"
    ],
    "edge-7": [
      "c032",
      "c033",
      "c044",
      "c051",
      "c644",
      "c708",
      "c737",
      "c751",
      "c799",
      "c800"
    ],
    "edge-8": [
      "c136",
      "c155",
      "c239",
      "c261",
      "c262",
      "c265",
      "c266",
      "c323",
      "c325",
      "c328",
      "c330"
    ]
  }
}
[FIG1] method=fg_orig req=900
{
  "summary": {
    "algo": "FG-DSCR-GC-K8s-orig",
    "num_containers": 900,
    "num_assigned": 78,
    "num_failed": 822,
    "fail_rate": 0.9133333333333333,
    "num_nodes": 8,
    "ACT": 103.79391025641026,
    "AMS": 175.41875,
    "downloaded_mb": 8184,
    "reused_mb": 71610,
    "reuse_rate": 0.8974358974358975,
    "objective_base": 139.60633012820512,
    "fail_penalty": 913.3333333333334,
    "lambda_fail": 1000.0,
    "objective": 1052.9396634615384
  },
  "assignment": {
    "edge-1": [
      "c325",
      "c328",
      "c330",
      "c367",
      "c408",
      "c467",
      "c479",
      "c531",
      "c567",
      "c588"
    ],
    "edge-2": [
      "c296",
      "c363",
      "c428",
      "c553",
      "c656",
      "c716",
      "c739",
      "c816"
    ],
    "edge-3": [
      "c579",
      "c590",
      "c624",
      "c644",
      "c708",
      "c737",
      "c799",
      "c800",
      "c829",
      "c848"
    ],
    "edge-4": [
      "c851",
      "c855",
      "c028",
      "c043",
      "c088",
      "c143",
      "c174",
      "c180",
      "c321"
    ],
    "edge-5": [
      "c890",
      "c032",
      "c033",
      "c044",
      "c051",
      "c116",
      "c156",
      "c159",
      "c169",
      "c185"
    ],
    "edge-6": [
      "c322",
      "c343",
      "c449",
      "c493",
      "c501",
      "c508",
      "c528",
      "c601",
      "c724"
    ],
    "edge-7": [
      "c187",
      "c199",
      "c214",
      "c220",
      "c262",
      "c285",
      "c327",
      "c356",
      "c424",
      "c534"
    ],
    "edge-8": [
      "c841",
      "c003",
      "c022",
      "c049",
      "c078",
      "c136",
      "c155",
      "c239",
      "c261",
      "c265",
      "c266",
      "c323"
    ]
  },
  "ordered_queues": {
    "edge-1": [
      "c325",
      "c328",
      "c330",
      "c367",
      "c408",
      "c467",
      "c479",
      "c531",
      "c567",
      "c588"
    ],
    "edge-2": [
      "c296",
      "c363",
      "c428",
      "c553",
      "c656",
      "c716",
      "c739",
      "c816"
    ],
    "edge-3": [
      "c579",
      "c590",
      "c624",
      "c644",
      "c708",
      "c737",
      "c799",
      "c800",
      "c829",
      "c848"
    ],
    "edge-4": [
      "c028",
      "c043",
      "c088",
      "c143",
      "c174",
      "c180",
      "c321",
      "c851",
      "c855"
    ],
    "edge-5": [
      "c032",
      "c033",
      "c044",
      "c051",
      "c116",
      "c156",
      "c159",
      "c169",
      "c185",
      "c890"
    ],
    "edge-6": [
      "c322",
      "c343",
      "c449",
      "c493",
      "c501",
      "c508",
      "c528",
      "c601",
      "c724"
    ],
    "edge-7": [
      "c187",
      "c199",
      "c214",
      "c220",
      "c262",
      "c285",
      "c327",
      "c356",
      "c424",
      "c534"
    ],
    "edge-8": [
      "c003",
      "c022",
      "c049",
      "c078",
      "c136",
      "c155",
      "c239",
      "c261",
      "c265",
      "c266",
      "c323",
      "c841"
    ]
  }
}
[FIG1] method=fg req=900
{
  "summary": {
    "algo": "FG-DSCR-GC-K8s-selected",
    "num_containers": 900,
    "num_assigned": 181,
    "num_failed": 719,
    "fail_rate": 0.7988888888888889,
    "num_nodes": 8,
    "ACT": 207.84926335174956,
    "AMS": 403.18177083333336,
    "downloaded_mb": 23151,
    "reused_mb": 63130,
    "reuse_rate": 0.7316790486897463,
    "objective_base": 305.5155170925415,
    "fail_penalty": 798.8888888888889,
    "lambda_fail": 1000.0,
    "objective": 1104.4044059814305
  },
  "assignment": {
    "edge-1": [
      "c167",
      "c690",
      "c235",
      "c862",
      "c333",
      "c344",
      "c491",
      "c754",
      "c142",
      "c374",
      "c422",
      "c732",
      "c766",
      "c468",
      "c787",
      "c211",
      "c310",
      "c315",
      "c503",
      "c126",
      "c545",
      "c697",
      "c364"
    ],
    "edge-2": [
      "c091",
      "c286",
      "c138",
      "c725",
      "c023",
      "c437",
      "c876",
      "c472",
      "c462",
      "c395",
      "c673",
      "c042",
      "c591",
      "c678",
      "c761",
      "c805",
      "c636",
      "c046",
      "c158",
      "c351",
      "c145",
      "c541",
      "c376"
    ],
    "edge-3": [
      "c161",
      "c532",
      "c790",
      "c693",
      "c031",
      "c103",
      "c282",
      "c525",
      "c250",
      "c269",
      "c582",
      "c874",
      "c875",
      "c259",
      "c785",
      "c102",
      "c115",
      "c536",
      "c647"
    ],
    "edge-4": [
      "c360",
      "c443",
      "c580",
      "c075",
      "c237",
      "c738",
      "c380",
      "c630",
      "c407",
      "c473",
      "c055",
      "c041",
      "c053",
      "c189",
      "c203",
      "c230",
      "c280",
      "c378",
      "c537",
      "c572",
      "c402",
      "c069",
      "c771",
      "c888"
    ],
    "edge-5": [
      "c085",
      "c398",
      "c540",
      "c795",
      "c484",
      "c715",
      "c299",
      "c684",
      "c670",
      "c243",
      "c295",
      "c483",
      "c512",
      "c597",
      "c748",
      "c210",
      "c867",
      "c775",
      "c801",
      "c465",
      "c056",
      "c233"
    ],
    "edge-6": [
      "c369",
      "c833",
      "c568",
      "c676",
      "c777",
      "c228",
      "c025",
      "c435",
      "c471",
      "c494",
      "c024",
      "c592",
      "c509",
      "c835",
      "c350",
      "c162",
      "c482",
      "c570",
      "c712",
      "c110",
      "c559",
      "c273",
      "c213",
      "c723"
    ],
    "edge-7": [
      "c375",
      "c504",
      "c583",
      "c256",
      "c659",
      "c661",
      "c689",
      "c057",
      "c290",
      "c382",
      "c736",
      "c637",
      "c318",
      "c548",
      "c202",
      "c412",
      "c444",
      "c845",
      "c418",
      "c314",
      "c602",
      "c898"
    ],
    "edge-8": [
      "c551",
      "c071",
      "c336",
      "c426",
      "c083",
      "c401",
      "c589",
      "c629",
      "c730",
      "c753",
      "c068",
      "c154",
      "c264",
      "c459",
      "c562",
      "c782",
      "c844",
      "c871",
      "c007",
      "c843",
      "c301",
      "c390",
      "c288",
      "c873"
    ]
  },
  "ordered_queues": {
    "edge-1": [
      "c211",
      "c310",
      "c315",
      "c468",
      "c503",
      "c545",
      "c787",
      "c126",
      "c235",
      "c333",
      "c344",
      "c491",
      "c754",
      "c766",
      "c697",
      "c142",
      "c374",
      "c167",
      "c422",
      "c732",
      "c690",
      "c862",
      "c364"
    ],
    "edge-2": [
      "c158",
      "c351",
      "c591",
      "c678",
      "c761",
      "c805",
      "c042",
      "c046",
      "c138",
      "c437",
      "c725",
      "c876",
      "c023",
      "c286",
      "c395",
      "c472",
      "c673",
      "c091",
      "c145",
      "c541",
      "c376",
      "c462",
      "c636"
    ],
    "edge-3": [
      "c525",
      "c102",
      "c785",
      "c693",
      "c874",
      "c115",
      "c259",
      "c269",
      "c532",
      "c582",
      "c031",
      "c103",
      "c161",
      "c282",
      "c790",
      "c250",
      "c875",
      "c536",
      "c647"
    ],
    "edge-4": [
      "c041",
      "c053",
      "c189",
      "c203",
      "c230",
      "c280",
      "c378",
      "c537",
      "c572",
      "c580",
      "c630",
      "c360",
      "c380",
      "c443",
      "c407",
      "c473",
      "c075",
      "c055",
      "c237",
      "c738",
      "c771",
      "c888",
      "c402",
      "c069"
    ],
    "edge-5": [
      "c243",
      "c295",
      "c398",
      "c483",
      "c795",
      "c210",
      "c484",
      "c233",
      "c465",
      "c512",
      "c597",
      "c299",
      "c684",
      "c748",
      "c085",
      "c056",
      "c540",
      "c715",
      "c867",
      "c670",
      "c775",
      "c801"
    ],
    "edge-6": [
      "c162",
      "c273",
      "c369",
      "c435",
      "c471",
      "c482",
      "c494",
      "c509",
      "c568",
      "c676",
      "c777",
      "c833",
      "c835",
      "c350",
      "c228",
      "c024",
      "c213",
      "c592",
      "c712",
      "c025",
      "c559",
      "c570",
      "c723",
      "c110"
    ],
    "edge-7": [
      "c057",
      "c202",
      "c290",
      "c382",
      "c412",
      "c444",
      "c637",
      "c845",
      "c256",
      "c375",
      "c659",
      "c661",
      "c689",
      "c318",
      "c314",
      "c548",
      "c736",
      "c602",
      "c898",
      "c504",
      "c583",
      "c418"
    ],
    "edge-8": [
      "c068",
      "c071",
      "c083",
      "c154",
      "c264",
      "c336",
      "c401",
      "c459",
      "c562",
      "c589",
      "c629",
      "c730",
      "c753",
      "c782",
      "c844",
      "c871",
      "c426",
      "c551",
      "c007",
      "c843",
      "c301",
      "c390",
      "c288",
      "c873"
    ]
  }
}
[FIG1] method=wo_frag req=900
{
  "summary": {
    "algo": "FG-DSCR-GC-w-o-frag-K8s",
    "num_containers": 900,
    "num_assigned": 78,
    "num_failed": 822,
    "fail_rate": 0.9133333333333333,
    "num_nodes": 8,
    "ACT": 103.3323717948718,
    "AMS": 175.41875000000002,
    "downloaded_mb": 8184,
    "reused_mb": 71610,
    "reuse_rate": 0.8974358974358975,
    "objective_base": 139.37556089743592,
    "fail_penalty": 913.3333333333334,
    "lambda_fail": 1000.0,
    "objective": 1052.7088942307694
  },
  "assignment": {
    "edge-1": [
      "c325",
      "c328",
      "c330",
      "c367",
      "c408",
      "c467",
      "c479",
      "c531",
      "c567",
      "c848"
    ],
    "edge-2": [
      "c296",
      "c363",
      "c428",
      "c553",
      "c656",
      "c716",
      "c739",
      "c816"
    ],
    "edge-3": [
      "c890",
      "c032",
      "c033",
      "c044",
      "c051",
      "c116",
      "c156",
      "c159",
      "c169",
      "c185"
    ],
    "edge-4": [
      "c851",
      "c855",
      "c028",
      "c043",
      "c088",
      "c143",
      "c174",
      "c180",
      "c321"
    ],
    "edge-5": [
      "c579",
      "c588",
      "c590",
      "c624",
      "c644",
      "c708",
      "c737",
      "c799",
      "c800",
      "c829"
    ],
    "edge-6": [
      "c322",
      "c343",
      "c449",
      "c493",
      "c501",
      "c508",
      "c528",
      "c601",
      "c724"
    ],
    "edge-7": [
      "c187",
      "c199",
      "c214",
      "c220",
      "c262",
      "c285",
      "c327",
      "c356",
      "c424",
      "c534"
    ],
    "edge-8": [
      "c841",
      "c003",
      "c022",
      "c049",
      "c078",
      "c136",
      "c155",
      "c239",
      "c261",
      "c265",
      "c266",
      "c323"
    ]
  },
  "ordered_queues": {
    "edge-1": [
      "c325",
      "c328",
      "c330",
      "c367",
      "c408",
      "c467",
      "c479",
      "c531",
      "c567",
      "c848"
    ],
    "edge-2": [
      "c296",
      "c363",
      "c428",
      "c553",
      "c656",
      "c716",
      "c739",
      "c816"
    ],
    "edge-3": [
      "c032",
      "c033",
      "c044",
      "c051",
      "c116",
      "c156",
      "c159",
      "c169",
      "c185",
      "c890"
    ],
    "edge-4": [
      "c028",
      "c043",
      "c088",
      "c143",
      "c174",
      "c180",
      "c321",
      "c851",
      "c855"
    ],
    "edge-5": [
      "c579",
      "c588",
      "c590",
      "c624",
      "c644",
      "c708",
      "c737",
      "c799",
      "c800",
      "c829"
    ],
    "edge-6": [
      "c322",
      "c343",
      "c449",
      "c493",
      "c501",
      "c508",
      "c528",
      "c601",
      "c724"
    ],
    "edge-7": [
      "c187",
      "c199",
      "c214",
      "c220",
      "c262",
      "c285",
      "c327",
      "c356",
      "c424",
      "c534"
    ],
    "edge-8": [
      "c003",
      "c022",
      "c049",
      "c078",
      "c136",
      "c155",
      "c239",
      "c261",
      "c265",
      "c266",
      "c323",
      "c841"
    ]
  }
}
[FIG1] method=fg_orig req=1000
{
  "summary": {
    "algo": "FG-DSCR-GC-K8s-orig",
    "num_containers": 1000,
    "num_assigned": 78,
    "num_failed": 922,
    "fail_rate": 0.922,
    "num_nodes": 8,
    "ACT": 104.51858974358976,
    "AMS": 174.91875,
    "downloaded_mb": 8184,
    "reused_mb": 71610,
    "reuse_rate": 0.8974358974358975,
    "objective_base": 139.71866987179487,
    "fail_penalty": 922.0,
    "lambda_fail": 1000.0,
    "objective": 1061.7186698717949
  },
  "assignment": {
    "edge-1": [
      "c239",
      "c261",
      "c265",
      "c266",
      "c323",
      "c325",
      "c328",
      "c330",
      "c367",
      "c408",
      "c467",
      "c550"
    ],
    "edge-2": [
      "c296",
      "c363",
      "c428",
      "c553",
      "c656",
      "c716",
      "c739",
      "c816"
    ],
    "edge-3": [
      "c479",
      "c531",
      "c567",
      "c579",
      "c588",
      "c590",
      "c624",
      "c644",
      "c708",
      "c737"
    ],
    "edge-4": [
      "c851",
      "c855",
      "c028",
      "c043",
      "c088",
      "c143",
      "c174",
      "c180",
      "c321"
    ],
    "edge-5": [
      "c799",
      "c800",
      "c829",
      "c848",
      "c890",
      "c943",
      "c032",
      "c033",
      "c044",
      "c262"
    ],
    "edge-6": [
      "c322",
      "c343",
      "c449",
      "c493",
      "c501",
      "c508",
      "c528",
      "c601",
      "c724"
    ],
    "edge-7": [
      "c051",
      "c116",
      "c156",
      "c159",
      "c169",
      "c185",
      "c187",
      "c199",
      "c214",
      "c534"
    ],
    "edge-8": [
      "c841",
      "c944",
      "c961",
      "c965",
      "c003",
      "c022",
      "c049",
      "c078",
      "c136",
      "c155"
    ]
  },
  "ordered_queues": {
    "edge-1": [
      "c239",
      "c261",
      "c265",
      "c266",
      "c323",
      "c325",
      "c328",
      "c330",
      "c367",
      "c408",
      "c467",
      "c550"
    ],
    "edge-2": [
      "c296",
      "c363",
      "c428",
      "c553",
      "c656",
      "c716",
      "c739",
      "c816"
    ],
    "edge-3": [
      "c479",
      "c531",
      "c567",
      "c579",
      "c588",
      "c590",
      "c624",
      "c644",
      "c708",
      "c737"
    ],
    "edge-4": [
      "c028",
      "c043",
      "c088",
      "c143",
      "c174",
      "c180",
      "c321",
      "c851",
      "c855"
    ],
    "edge-5": [
      "c032",
      "c033",
      "c044",
      "c262",
      "c799",
      "c800",
      "c829",
      "c848",
      "c890",
      "c943"
    ],
    "edge-6": [
      "c322",
      "c343",
      "c449",
      "c493",
      "c501",
      "c508",
      "c528",
      "c601",
      "c724"
    ],
    "edge-7": [
      "c051",
      "c116",
      "c156",
      "c159",
      "c169",
      "c185",
      "c187",
      "c199",
      "c214",
      "c534"
    ],
    "edge-8": [
      "c003",
      "c022",
      "c049",
      "c078",
      "c136",
      "c155",
      "c841",
      "c944",
      "c961",
      "c965"
    ]
  }
}
[FIG1] method=fg req=1000
{
  "summary": {
    "algo": "FG-DSCR-GC-K8s-selected",
    "num_containers": 1000,
    "num_assigned": 188,
    "num_failed": 812,
    "fail_rate": 0.812,
    "num_nodes": 8,
    "ACT": 213.48175975177304,
    "AMS": 408.3197916666667,
    "downloaded_mb": 17975,
    "reused_mb": 74415,
    "reuse_rate": 0.8054443121549951,
    "objective_base": 310.90077570921983,
    "fail_penalty": 812.0,
    "lambda_fail": 1000.0,
    "objective": 1122.90077570922
  },
  "assignment": {
    "edge-1": [
      "c167",
      "c025",
      "c085",
      "c075",
      "c532",
      "c693",
      "c761",
      "c805",
      "c992",
      "c269",
      "c582",
      "c158",
      "c351",
      "c468",
      "c787",
      "c926",
      "c903",
      "c874",
      "c259",
      "c541",
      "c376",
      "c465"
    ],
    "edge-2": [
      "c091",
      "c976",
      "c024",
      "c592",
      "c540",
      "c712",
      "c110",
      "c754",
      "c715",
      "c213",
      "c057",
      "c382",
      "c299",
      "c684",
      "c766",
      "c873",
      "c637",
      "c318",
      "c548",
      "c412",
      "c444",
      "c845",
      "c126"
    ],
    "edge-3": [
      "c375",
      "c690",
      "c871",
      "c256",
      "c659",
      "c661",
      "c689",
      "c978",
      "c862",
      "c041",
      "c053",
      "c189",
      "c203",
      "c230",
      "c280",
      "c378",
      "c537",
      "c572",
      "c591",
      "c678",
      "c775",
      "c801",
      "c909",
      "c785"
    ],
    "edge-4": [
      "c360",
      "c443",
      "c987",
      "c928",
      "c504",
      "c918",
      "c570",
      "c583",
      "c462",
      "c559",
      "c988",
      "c525",
      "c142",
      "c374",
      "c982",
      "c636",
      "c422",
      "c732",
      "c736",
      "c875",
      "c867",
      "c920",
      "c202",
      "c290"
    ],
    "edge-5": [
      "c580",
      "c071",
      "c336",
      "c981",
      "c930",
      "c959",
      "c984",
      "c083",
      "c401",
      "c589",
      "c629",
      "c730",
      "c753",
      "c068",
      "c154",
      "c264",
      "c459",
      "c562",
      "c782",
      "c844",
      "c211",
      "c310",
      "c315",
      "c503"
    ],
    "edge-6": [
      "c369",
      "c833",
      "c568",
      "c676",
      "c777",
      "c161",
      "c925",
      "c228",
      "c435",
      "c471",
      "c494",
      "c235",
      "c364",
      "c509",
      "c835",
      "c790",
      "c350",
      "c380",
      "c162",
      "c482",
      "c921",
      "c333",
      "c344",
      "c491"
    ],
    "edge-7": [
      "c935",
      "c398",
      "c237",
      "c738",
      "c795",
      "c630",
      "c407",
      "c473",
      "c055",
      "c484",
      "c031",
      "c103",
      "c282",
      "c250",
      "c243",
      "c295",
      "c483",
      "c942",
      "c748",
      "c210",
      "c115",
      "c536",
      "c647"
    ],
    "edge-8": [
      "c551",
      "c286",
      "c138",
      "c725",
      "c426",
      "c023",
      "c437",
      "c876",
      "c472",
      "c007",
      "c843",
      "c273",
      "c395",
      "c673",
      "c972",
      "c042",
      "c670",
      "c046",
      "c512",
      "c597",
      "c418",
      "c723",
      "c102",
      "c145"
    ]
  },
  "ordered_queues": {
    "edge-1": [
      "c158",
      "c351",
      "c468",
      "c761",
      "c787",
      "c805",
      "c926",
      "c992",
      "c541",
      "c376",
      "c693",
      "c874",
      "c903",
      "c259",
      "c269",
      "c532",
      "c582",
      "c085",
      "c025",
      "c167",
      "c465",
      "c075"
    ],
    "edge-2": [
      "c057",
      "c110",
      "c382",
      "c412",
      "c444",
      "c637",
      "c845",
      "c091",
      "c024",
      "c213",
      "c592",
      "c712",
      "c873",
      "c299",
      "c684",
      "c126",
      "c754",
      "c766",
      "c540",
      "c715",
      "c976",
      "c318",
      "c548"
    ],
    "edge-3": [
      "c041",
      "c053",
      "c189",
      "c203",
      "c230",
      "c280",
      "c378",
      "c537",
      "c572",
      "c591",
      "c678",
      "c775",
      "c801",
      "c871",
      "c909",
      "c256",
      "c375",
      "c659",
      "c661",
      "c689",
      "c978",
      "c785",
      "c690",
      "c862"
    ],
    "edge-4": [
      "c360",
      "c422",
      "c443",
      "c732",
      "c928",
      "c525",
      "c987",
      "c142",
      "c374",
      "c559",
      "c570",
      "c736",
      "c918",
      "c462",
      "c636",
      "c875",
      "c504",
      "c583",
      "c988",
      "c982",
      "c202",
      "c290",
      "c867",
      "c920"
    ],
    "edge-5": [
      "c068",
      "c071",
      "c083",
      "c154",
      "c211",
      "c264",
      "c310",
      "c315",
      "c336",
      "c401",
      "c459",
      "c503",
      "c562",
      "c589",
      "c629",
      "c730",
      "c753",
      "c782",
      "c844",
      "c930",
      "c959",
      "c981",
      "c984",
      "c580"
    ],
    "edge-6": [
      "c162",
      "c364",
      "c369",
      "c435",
      "c471",
      "c482",
      "c494",
      "c509",
      "c568",
      "c676",
      "c777",
      "c833",
      "c835",
      "c350",
      "c228",
      "c235",
      "c333",
      "c344",
      "c491",
      "c921",
      "c161",
      "c790",
      "c925",
      "c380"
    ],
    "edge-7": [
      "c243",
      "c295",
      "c398",
      "c483",
      "c795",
      "c935",
      "c210",
      "c484",
      "c630",
      "c407",
      "c055",
      "c748",
      "c237",
      "c250",
      "c738",
      "c473",
      "c115",
      "c031",
      "c103",
      "c282",
      "c942",
      "c536",
      "c647"
    ],
    "edge-8": [
      "c042",
      "c046",
      "c138",
      "c418",
      "c437",
      "c725",
      "c876",
      "c023",
      "c286",
      "c395",
      "c472",
      "c673",
      "c972",
      "c102",
      "c145",
      "c426",
      "c551",
      "c512",
      "c597",
      "c007",
      "c843",
      "c273",
      "c670",
      "c723"
    ]
  }
}
[FIG1] method=wo_frag req=1000
{
  "summary": {
    "algo": "FG-DSCR-GC-w-o-frag-K8s",
    "num_containers": 1000,
    "num_assigned": 78,
    "num_failed": 922,
    "fail_rate": 0.922,
    "num_nodes": 8,
    "ACT": 104.51858974358976,
    "AMS": 174.91875,
    "downloaded_mb": 8184,
    "reused_mb": 71610,
    "reuse_rate": 0.8974358974358975,
    "objective_base": 139.71866987179487,
    "fail_penalty": 922.0,
    "lambda_fail": 1000.0,
    "objective": 1061.7186698717949
  },
  "assignment": {
    "edge-1": [
      "c239",
      "c261",
      "c265",
      "c266",
      "c323",
      "c325",
      "c328",
      "c330",
      "c367",
      "c408",
      "c467",
      "c550"
    ],
    "edge-2": [
      "c296",
      "c363",
      "c428",
      "c553",
      "c656",
      "c716",
      "c739",
      "c816"
    ],
    "edge-3": [
      "c479",
      "c531",
      "c567",
      "c579",
      "c588",
      "c590",
      "c624",
      "c644",
      "c708",
      "c737"
    ],
    "edge-4": [
      "c851",
      "c855",
      "c028",
      "c043",
      "c088",
      "c143",
      "c174",
      "c180",
      "c321"
    ],
    "edge-5": [
      "c799",
      "c800",
      "c829",
      "c848",
      "c890",
      "c943",
      "c032",
      "c033",
      "c044",
      "c262"
    ],
    "edge-6": [
      "c322",
      "c343",
      "c449",
      "c493",
      "c501",
      "c508",
      "c528",
      "c601",
      "c724"
    ],
    "edge-7": [
      "c051",
      "c116",
      "c156",
      "c159",
      "c169",
      "c185",
      "c187",
      "c199",
      "c214",
      "c534"
    ],
    "edge-8": [
      "c841",
      "c944",
      "c961",
      "c965",
      "c003",
      "c022",
      "c049",
      "c078",
      "c136",
      "c155"
    ]
  },
  "ordered_queues": {
    "edge-1": [
      "c239",
      "c261",
      "c265",
      "c266",
      "c323",
      "c325",
      "c328",
      "c330",
      "c367",
      "c408",
      "c467",
      "c550"
    ],
    "edge-2": [
      "c296",
      "c363",
      "c428",
      "c553",
      "c656",
      "c716",
      "c739",
      "c816"
    ],
    "edge-3": [
      "c479",
      "c531",
      "c567",
      "c579",
      "c588",
      "c590",
      "c624",
      "c644",
      "c708",
      "c737"
    ],
    "edge-4": [
      "c028",
      "c043",
      "c088",
      "c143",
      "c174",
      "c180",
      "c321",
      "c851",
      "c855"
    ],
    "edge-5": [
      "c032",
      "c033",
      "c044",
      "c262",
      "c799",
      "c800",
      "c829",
      "c848",
      "c890",
      "c943"
    ],
    "edge-6": [
      "c322",
      "c343",
      "c449",
      "c493",
      "c501",
      "c508",
      "c528",
      "c601",
      "c724"
    ],
    "edge-7": [
      "c051",
      "c116",
      "c156",
      "c159",
      "c169",
      "c185",
      "c187",
      "c199",
      "c214",
      "c534"
    ],
    "edge-8": [
      "c003",
      "c022",
      "c049",
      "c078",
      "c136",
      "c155",
      "c841",
      "c944",
      "c961",
      "c965"
    ]
  }
}
