iter,progress,container_id,chosen_node,raw_delay,raw_frag,raw_aff,raw_load,delay_term,frag_term,aff_reward_term,aff_contrib_to_phi,load_term,phi_total
1,0.0011111111111111111,c001,edge-6,456.0125,0.041666666666666664,0.0,1.0,456.0125,0.041666666666666664,0.0,-0.0,1.0,457.0541666666667
2,0.0022222222222222222,c002,edge-7,2451.2791666666667,0.04976851851851852,0.0,2.0,2451.2791666666667,0.04976851851851852,0.0,-0.0,2.0,2453.3289351851854
3,0.0033333333333333335,c003,edge-2,15532.891666666666,0.06481481481481481,0.0,3.0,15532.891666666666,0.06481481481481481,0.0,-0.0,3.0,15535.956481481482
4,0.0044444444444444444,c004,edge-5,17448.24166666667,0.0810185185185185,0.0,4.0,17448.24166666667,0.0810185185185185,0.0,-0.0,4.0,17452.322685185187
5,0.005555555555555556,c005,edge-4,30529.854166666664,0.12268518518518516,0.0,5.0,30529.854166666664,0.12268518518518516,0.0,-0.0,5.0,30534.97685185185
6,0.006666666666666667,c006,edge-8,30561.104166666664,0.14236111111111108,0.0,6.0,30561.104166666664,0.14236111111111108,0.0,-0.0,6.0,30567.246527777774
7,0.0077777777777777776,c007,edge-6,30732.291666666664,0.1435185185185185,191.0,9.0,30732.291666666664,0.1435185185185185,38.2,-38.2,9.0,30703.23518518518
8,0.008888888888888889,c008,edge-2,31066.879166666666,0.14930555555555555,191.0,12.0,31066.879166666666,0.14930555555555555,38.2,-38.2,12.0,31040.82847222222
9,0.01,c009,edge-4,31066.879166666666,0.19270833333333331,1214.0,15.0,31066.879166666666,0.19270833333333331,242.8,-242.8,15.0,30839.271875
10,0.011111111111111112,c010,edge-5,38033.19583333333,0.21064814814814814,1214.0,18.0,38033.19583333333,0.21064814814814814,242.8,-242.8,18.0,37808.606481481474
11,0.012222222222222223,c011,edge-5,44575.59583333333,0.24016203703703703,1214.0,23.0,44575.59583333333,0.24016203703703703,242.8,-242.8,23.0,44356.03599537037
12,0.013333333333333334,c012,edge-4,44575.59583333333,0.2835648148148148,2237.0,28.0,44575.59583333333,0.2835648148148148,447.40000000000003,-447.40000000000003,28.0,44156.47939814815
13,0.014444444444444444,c013,edge-5,44575.59583333333,0.2835648148148148,2469.0,35.0,44575.59583333333,0.2835648148148148,493.8,-493.8,35.0,44117.07939814815
14,0.015555555555555555,c014,edge-3,48809.19583333334,0.30902777777777773,2469.0,36.0,48809.19583333334,0.30902777777777773,493.8,-493.8,36.0,48351.70486111112
15,0.016666666666666666,c015,edge-4,48809.19583333334,0.30497685185185186,3492.0,43.0,48809.19583333334,0.30497685185185186,698.4000000000001,-698.4000000000001,43.0,48154.10081018519
16,0.017777777777777778,c016,edge-1,49154.79583333334,0.3263888888888889,3492.0,44.0,49154.79583333334,0.3263888888888889,698.4000000000001,-698.4000000000001,44.0,48500.722222222226
17,0.01888888888888889,c017,edge-7,58148.59583333333,0.3425925925925926,3493.0,47.0,58148.59583333333,0.3425925925925926,698.6,-698.6,47.0,57497.338425925926
18,0.02,c018,edge-3,62627.14583333333,0.3576388888888889,3493.0,50.0,62627.14583333333,0.3576388888888889,698.6,-698.6,50.0,61978.90347222222
19,0.021111111111111112,c019,edge-1,63945.8125,0.3993055555555556,3493.0,53.0,63945.8125,0.3993055555555556,698.6,-698.6,53.0,63300.611805555556
20,0.022222222222222223,c020,edge-8,69082.675,0.4288194444444445,3493.0,56.0,69082.675,0.4288194444444445,698.6,-698.6,56.0,68440.50381944444
21,0.023333333333333334,c021,edge-7,78113.875,0.4583333333333333,3493.0,61.0,78113.875,0.4583333333333333,698.6,-698.6,61.0,77476.73333333332
22,0.024444444444444446,c022,edge-2,78113.875,0.4768518518518519,4516.0,66.0,78113.875,0.4768518518518519,903.2,-903.2,66.0,77277.15185185186
23,0.025555555555555557,c023,edge-7,92942.20833333333,0.4797453703703704,4563.0,73.0,92942.20833333333,0.4797453703703704,912.6,-912.6,73.0,92103.08807870369
24,0.02666666666666667,c024,edge-8,102005.20833333333,0.484375,4564.0,78.0,102005.20833333333,0.484375,912.8000000000001,-912.8000000000001,78.0,101170.89270833333
25,0.027777777777777776,c025,edge-3,106111.87499999999,0.48668981481481477,4564.0,83.0,106111.87499999999,0.48668981481481477,912.8000000000001,-912.8000000000001,83.0,105282.5616898148
26,0.028888888888888888,c026,edge-7,106111.87499999999,0.5046296296296297,5031.0,92.0,106111.87499999999,0.5046296296296297,1006.2,-1006.2,92.0,105198.17962962962
27,0.03,c027,edge-5,112347.80833333333,0.5393518518518519,5060.0,101.0,112347.80833333333,0.5393518518518519,1012.0,-1012.0,101.0,111437.34768518519
28,0.03111111111111111,c028,edge-2,112347.80833333333,0.5543981481481481,6083.0,108.0,112347.80833333333,0.5543981481481481,1216.6000000000001,-1216.6000000000001,108.0,111239.76273148147
29,0.03222222222222222,c029,edge-3,113727.80833333333,0.5694444444444444,6083.0,115.0,113727.80833333333,0.5694444444444444,1216.6000000000001,-1216.6000000000001,115.0,112626.77777777777
30,0.03333333333333333,c030,edge-6,113727.80833333333,0.5908564814814815,6274.0,120.0,113727.80833333333,0.5908564814814815,1254.8000000000002,-1254.8000000000002,120.0,112593.5991898148
31,0.034444444444444444,c031,edge-3,113727.80833333333,0.5966435185185185,6778.0,129.0,113727.80833333333,0.5966435185185185,1355.6000000000001,-1355.6000000000001,129.0,112501.80497685185
32,0.035555555555555556,c032,edge-2,113727.80833333333,0.5989583333333334,7801.0,138.0,113727.80833333333,0.5989583333333334,1560.2,-1560.2,138.0,112306.20729166667
33,0.03666666666666667,c033,edge-2,113727.80833333333,0.6128472222222222,8824.0,149.0,113727.80833333333,0.6128472222222222,1764.8000000000002,-1764.8000000000002,149.0,112112.62118055555
34,0.03777777777777778,c034,edge-8,124242.30833333333,0.654513888888889,8851.0,156.0,124242.30833333333,0.654513888888889,1770.2,-1770.2,156.0,122628.76284722223
35,0.03888888888888889,c035,edge-5,124893.12499999999,0.666087962962963,9213.0,167.0,124893.12499999999,0.666087962962963,1842.6000000000001,-1842.6000000000001,167.0,123218.19108796294
36,0.04,c036,edge-7,133892.59166666665,0.6822916666666667,9214.0,178.0,133892.59166666665,0.6822916666666667,1842.8000000000002,-1842.8000000000002,178.0,132228.4739583333
37,0.04111111111111111,c037,edge-8,133892.59166666665,0.7152777777777778,9807.0,187.0,133892.59166666665,0.7152777777777778,1961.4,-1961.4,187.0,132118.90694444443
38,0.042222222222222223,c038,edge-8,133892.59166666665,0.748263888888889,10232.0,198.0,133892.59166666665,0.748263888888889,2046.4,-2046.4,198.0,132044.93993055553
39,0.043333333333333335,c039,edge-5,133892.59166666665,0.7650462962962965,10571.0,211.0,133892.59166666665,0.7650462962962965,2114.2000000000003,-2114.2000000000003,211.0,131990.15671296293
40,0.044444444444444446,c040,edge-8,133892.59166666665,0.7795138888888891,10938.0,224.0,133892.59166666665,0.7795138888888891,2187.6,-2187.6,224.0,131929.77118055552
41,0.04555555555555556,c041,edge-4,133892.59166666665,0.7806712962962964,11961.0,233.0,133892.59166666665,0.7806712962962964,2392.2000000000003,-2392.2000000000003,233.0,131734.17233796293
42,0.04666666666666667,c042,edge-8,133892.59166666665,0.7818287037037038,12554.0,248.0,133892.59166666665,0.7818287037037038,2510.8,-2510.8,248.0,131630.57349537036
43,0.04777777777777778,c043,edge-2,133892.59166666665,0.7968750000000001,13577.0,261.0,133892.59166666665,0.7968750000000001,2715.4,-2715.4,261.0,131438.98854166665
44,0.04888888888888889,c044,edge-2,133892.59166666665,0.8200231481481483,14600.0,276.0,133892.59166666665,0.8200231481481483,2920.0,-2920.0,276.0,131249.4116898148
45,0.05,c045,edge-1,138228.32499999998,0.8495370370370371,14600.0,281.0,138228.32499999998,0.8495370370370371,2920.0,-2920.0,281.0,135590.17453703703
46,0.051111111111111114,c046,edge-8,138228.32499999998,0.8489583333333334,15193.0,298.0,138228.32499999998,0.8489583333333334,3038.6000000000004,-3038.6000000000004,298.0,135488.57395833332
47,0.052222222222222225,c047,edge-7,138228.32499999998,0.8836805555555556,15660.0,311.0,138228.32499999998,0.8836805555555556,3132.0,-3132.0,311.0,135408.20868055554
48,0.05333333333333334,c048,edge-7,139590.40833333333,0.9253472222222222,15751.0,326.0,139590.40833333333,0.9253472222222222,3150.2000000000003,-3150.2000000000003,326.0,136767.13368055553
49,0.05444444444444444,c049,edge-2,139590.40833333333,0.9415509259259259,16774.0,343.0,139590.40833333333,0.9415509259259259,3354.8,-3354.8,343.0,136579.54988425926
50,0.05555555555555555,c050,edge-2,139590.40833333333,0.967013888888889,17797.0,362.0,139590.40833333333,0.967013888888889,3559.4,-3559.4,362.0,136393.9753472222
51,0.056666666666666664,c051,edge-2,139590.40833333333,0.9890046296296297,18820.0,383.0,139590.40833333333,0.9890046296296297,3764.0,-3764.0,383.0,136210.39733796296
52,0.057777777777777775,c052,edge-8,139590.40833333333,1.0185185185185186,19245.0,402.0,139590.40833333333,1.0185185185185186,3849.0,-3849.0,402.0,136144.42685185184
53,0.058888888888888886,c053,edge-4,139590.40833333333,1.019675925925926,20268.0,413.0,139590.40833333333,1.019675925925926,4053.6000000000004,-4053.6000000000004,413.0,135950.82800925925
54,0.06,c054,edge-3,139590.40833333333,1.050925925925926,20772.0,424.0,139590.40833333333,1.050925925925926,4154.400000000001,-4154.400000000001,424.0,135861.05925925926
55,0.06111111111111111,c055,edge-7,147722.275,1.0520833333333335,20801.0,441.0,147722.275,1.0520833333333335,4160.2,-4160.2,441.0,144004.12708333333
56,0.06222222222222222,c056,edge-1,157663.675,1.0515046296296298,20802.0,448.0,157663.675,1.0515046296296298,4160.400000000001,-4160.400000000001,448.0,153952.32650462963
57,0.06333333333333334,c057,edge-7,157663.675,1.052662037037037,21269.0,467.0,157663.675,1.052662037037037,4253.8,-4253.8,467.0,153877.92766203705
58,0.06444444444444444,c058,edge-5,157663.675,1.0410879629629628,21501.0,482.0,157663.675,1.0410879629629628,4300.2,-4300.2,482.0,153846.51608796293
59,0.06555555555555556,c059,edge-3,157663.675,1.066550925925926,22005.0,495.0,157663.675,1.066550925925926,4401.0,-4401.0,495.0,153758.74155092592
60,0.06666666666666667,c060,edge-7,157663.675,1.1030092592592593,22402.0,516.0,157663.675,1.1030092592592593,4480.400000000001,-4480.400000000001,516.0,153700.37800925926
61,0.06777777777777778,c061,edge-3,167066.525,1.1307870370370372,22402.0,531.0,167066.525,1.1307870370370372,4480.400000000001,-4480.400000000001,531.0,163118.25578703705
62,0.06888888888888889,c062,edge-2,167066.525,1.1689814814814814,23425.0,554.0,167066.525,1.1689814814814814,4685.0,-4685.0,554.0,162936.69398148148
63,0.07,c063,edge-6,167935.775,1.1903935185185186,23453.0,561.0,167935.775,1.1903935185185186,4690.6,-4690.6,561.0,163807.3653935185
64,0.07111111111111111,c064,edge-8,167935.775,1.2118055555555556,23878.0,582.0,167935.775,1.2118055555555556,4775.6,-4775.6,582.0,163743.38680555555
65,0.07222222222222222,c065,edge-8,167935.775,1.2228009259259258,24471.0,605.0,167935.775,1.2228009259259258,4894.2,-4894.2,605.0,163647.7978009259
66,0.07333333333333333,c066,edge-1,172014.64166666666,1.2042824074074072,24498.0,614.0,172014.64166666666,1.2042824074074072,4899.6,-4899.6,614.0,167730.24594907407
67,0.07444444444444444,c067,edge-3,172014.64166666666,1.220486111111111,24765.0,631.0,172014.64166666666,1.220486111111111,4953.0,-4953.0,631.0,167693.8621527778
68,0.07555555555555556,c068,edge-6,189552.64166666666,1.2233796296296295,24900.0,640.0,189552.64166666666,1.2233796296296295,4980.0,-4980.0,640.0,185213.8650462963
69,0.07666666666666666,c069,edge-8,189552.64166666666,1.2228009259259258,25325.0,665.0,189552.64166666666,1.2228009259259258,5065.0,-5065.0,665.0,185153.8644675926
70,0.07777777777777778,c070,edge-1,195366.125,1.2476851851851851,25326.0,676.0,195366.125,1.2476851851851851,5065.200000000001,-5065.200000000001,676.0,190978.17268518519
71,0.07888888888888888,c071,edge-6,195366.125,1.254050925925926,26349.0,687.0,195366.125,1.254050925925926,5269.8,-5269.8,687.0,190784.57905092594
72,0.08,c072,edge-5,217500.125,1.2482638888888888,26350.0,704.0,217500.125,1.2482638888888888,5270.0,-5270.0,704.0,212935.37326388888
73,0.0811111111111111,c073,edge-2,217500.125,1.2881944444444446,27373.0,729.0,217500.125,1.2881944444444446,5474.6,-5474.6,729.0,212755.81319444443
74,0.08222222222222222,c074,edge-6,230106.6875,1.3229166666666665,27373.0,742.0,230106.6875,1.3229166666666665,5474.6,-5474.6,742.0,225375.41041666665
75,0.08333333333333333,c075,edge-6,237450.125,1.3258101851851851,27401.0,757.0,237450.125,1.3258101851851851,5480.200000000001,-5480.200000000001,757.0,232728.25081018519
76,0.08444444444444445,c076,edge-5,237450.125,1.3431712962962963,27633.0,776.0,237450.125,1.3431712962962963,5526.6,-5526.6,776.0,232700.8681712963
77,0.08555555555555555,c077,edge-6,237450.125,1.3373842592592595,27836.0,793.0,237450.125,1.3373842592592595,5567.200000000001,-5567.200000000001,793.0,232677.26238425926
78,0.08666666666666667,c078,edge-2,237450.125,1.3686342592592595,28859.0,820.0,237450.125,1.3686342592592595,5771.8,-5771.8,820.0,232499.69363425928
79,0.08777777777777777,c079,edge-2,239269.125,1.3900462962962967,28859.0,849.0,239269.125,1.3900462962962967,5771.8,-5771.8,849.0,234347.7150462963
80,0.08888888888888889,c080,edge-7,239269.125,1.3842592592592595,29205.0,872.0,239269.125,1.3842592592592595,5841.0,-5841.0,872.0,234301.50925925927
81,0.09,c081,edge-5,239269.125,1.3865740740740744,29437.0,893.0,239269.125,1.3865740740740744,5887.400000000001,-5887.400000000001,893.0,234276.11157407408
82,0.09111111111111111,c082,edge-7,239269.125,1.3993055555555558,29904.0,918.0,239269.125,1.3993055555555558,5980.8,-5980.8,918.0,234207.72430555557
83,0.09222222222222222,c083,edge-4,239269.125,1.402199074074074,30927.0,931.0,239269.125,1.402199074074074,6185.400000000001,-6185.400000000001,931.0,234016.12719907408
84,0.09333333333333334,c084,edge-5,249849.125,1.4166666666666665,30972.0,954.0,249849.125,1.4166666666666665,6194.400000000001,-6194.400000000001,954.0,244610.14166666666
85,0.09444444444444444,c085,edge-7,249849.125,1.4212962962962963,31149.0,981.0,249849.125,1.4212962962962963,6229.8,-6229.8,981.0,244601.7462962963
86,0.09555555555555556,c086,edge-8,249849.125,1.4340277777777777,31516.0,1008.0,249849.125,1.4340277777777777,6303.200000000001,-6303.200000000001,1008.0,244555.35902777777
87,0.09666666666666666,c087,edge-2,249849.125,1.4739583333333333,32539.0,1039.0,249849.125,1.4739583333333333,6507.8,-6507.8,1039.0,244381.79895833335
88,0.09777777777777778,c088,edge-2,249849.125,1.4832175925925923,33562.0,1072.0,249849.125,1.4832175925925923,6712.400000000001,-6712.400000000001,1072.0,244210.2082175926
89,0.09888888888888889,c089,edge-6,249849.125,1.5109953703703702,33765.0,1091.0,249849.125,1.5109953703703702,6753.0,-6753.0,1091.0,244188.63599537036
90,0.1,c090,edge-1,249849.125,1.5167824074074074,33910.0,1104.0,249849.125,1.5167824074074074,6782.0,-6782.0,1104.0,244172.64178240742
91,0.10111111111111111,c091,edge-2,250631.72499999998,1.5266203703703705,33910.0,1139.0,250631.72499999998,1.5266203703703705,6782.0,-6782.0,1139.0,244990.25162037034
92,0.10222222222222223,c092,edge-7,250631.72499999998,1.5578703703703705,34377.0,1168.0,250631.72499999998,1.5578703703703705,6875.400000000001,-6875.400000000001,1168.0,244925.88287037035
93,0.10333333333333333,c093,edge-1,278737.99166666664,1.587962962962963,34377.0,1183.0,278737.99166666664,1.587962962962963,6875.400000000001,-6875.400000000001,1183.0,273047.1796296296
94,0.10444444444444445,c094,edge-7,278737.99166666664,1.607638888888889,34844.0,1214.0,278737.99166666664,1.607638888888889,6968.8,-6968.8,1214.0,272984.7993055555
95,0.10555555555555556,c095,edge-4,278737.99166666664,1.625578703703704,35867.0,1229.0,278737.99166666664,1.625578703703704,7173.400000000001,-7173.400000000001,1229.0,272795.2172453703
96,0.10666666666666667,c096,edge-7,286771.99166666664,1.6579861111111112,35895.0,1262.0,286771.99166666664,1.6579861111111112,7179.0,-7179.0,1262.0,280856.64965277776
97,0.10777777777777778,c097,edge-7,286771.99166666664,1.6961805555555556,36292.0,1297.0,286771.99166666664,1.6961805555555556,7258.400000000001,-7258.400000000001,1297.0,280812.2878472222
98,0.10888888888888888,c098,edge-7,286771.99166666664,1.7089120370370372,36576.0,1334.0,286771.99166666664,1.7089120370370372,7315.200000000001,-7315.200000000001,1334.0,280792.50057870365
99,0.11,c099,edge-6,286771.99166666664,1.7523148148148149,36767.0,1355.0,286771.99166666664,1.7523148148148149,7353.400000000001,-7353.400000000001,1355.0,280775.34398148145
100,0.1111111111111111,c100,edge-2,288724.20416666666,1.7800925925925926,36767.0,1392.0,288724.20416666666,1.7800925925925926,7353.400000000001,-7353.400000000001,1392.0,282764.5842592592
101,0.11222222222222222,c101,edge-2,288724.20416666666,1.7962962962962963,37790.0,1431.0,288724.20416666666,1.7962962962962963,7558.0,-7558.0,1431.0,282599.00046296295
102,0.11333333333333333,c102,edge-8,290259.8416666667,1.7957175925925926,37790.0,1460.0,290259.8416666667,1.7957175925925926,7558.0,-7558.0,1460.0,284163.63738425926
103,0.11444444444444445,c103,edge-3,290259.8416666667,1.791087962962963,38294.0,1479.0,290259.8416666667,1.791087962962963,7658.8,-7658.8,1479.0,284081.83275462966
104,0.11555555555555555,c104,edge-5,290259.8416666667,1.7974537037037037,38523.0,1504.0,290259.8416666667,1.7974537037037037,7704.6,-7704.6,1504.0,284061.0391203704
105,0.11666666666666667,c105,edge-8,290259.8416666667,1.8223379629629628,39116.0,1535.0,290259.8416666667,1.8223379629629628,7823.200000000001,-7823.200000000001,1535.0,283973.46400462964
106,0.11777777777777777,c106,edge-3,290259.8416666667,1.8466435185185186,39620.0,1556.0,290259.8416666667,1.8466435185185186,7924.0,-7924.0,1556.0,283893.6883101852
107,0.11888888888888889,c107,edge-8,291916.4041666667,1.8813657407407407,39621.0,1589.0,291916.4041666667,1.8813657407407407,7924.200000000001,-7924.200000000001,1589.0,285583.0855324074
108,0.12,c108,edge-8,291916.4041666667,1.904513888888889,39671.0,1624.0,291916.4041666667,1.904513888888889,7934.200000000001,-7934.200000000001,1624.0,285608.10868055554
109,0.12111111111111111,c109,edge-8,291916.4041666667,1.934027777777778,40264.0,1661.0,291916.4041666667,1.934027777777778,8052.8,-8052.8,1661.0,285526.53819444444
110,0.12222222222222222,c110,edge-7,291916.4041666667,1.9369212962962963,40731.0,1700.0,291916.4041666667,1.9369212962962963,8146.200000000001,-8146.200000000001,1700.0,285472.14108796295
111,0.12333333333333334,c111,edge-1,291916.4041666667,1.9832175925925926,41285.0,1717.0,291916.4041666667,1.9832175925925926,8257.0,-8257.0,1717.0,285378.38738425926
112,0.12444444444444444,c112,edge-2,291916.4041666667,1.9774305555555556,42308.0,1758.0,291916.4041666667,1.9774305555555556,8461.6,-8461.6,1758.0,285214.78159722226
113,0.12555555555555556,c113,edge-8,301910.64166666666,1.9988425925925926,42337.0,1797.0,301910.64166666666,1.9988425925925926,8467.4,-8467.4,1797.0,295242.2405092592
114,0.12666666666666668,c114,edge-6,301910.64166666666,1.9930555555555554,43360.0,1820.0,301910.64166666666,1.9930555555555554,8672.0,-8672.0,1820.0,295060.6347222222
115,0.12777777777777777,c115,edge-7,313754.89166666666,1.9924768518518519,43389.0,1861.0,313754.89166666666,1.9924768518518519,8677.800000000001,-8677.800000000001,1861.0,306940.0841435185
116,0.1288888888888889,c116,edge-2,313754.89166666666,2.030671296296296,44412.0,1904.0,313754.89166666666,2.030671296296296,8882.4,-8882.4,1904.0,306778.52233796293
117,0.13,c117,edge-6,313754.89166666666,2.065393518518518,44769.0,1929.0,313754.89166666666,2.065393518518518,8953.800000000001,-8953.800000000001,1929.0,306732.1570601852
118,0.13111111111111112,c118,edge-7,313754.89166666666,2.056134259259259,45166.0,1972.0,313754.89166666666,2.056134259259259,9033.2,-9033.2,1972.0,306695.7478009259
119,0.1322222222222222,c119,edge-5,313754.89166666666,2.054976851851852,45398.0,1999.0,313754.89166666666,2.054976851851852,9079.6,-9079.6,1999.0,306676.34664351854
120,0.13333333333333333,c120,edge-3,313754.89166666666,2.0775462962962963,45902.0,2022.0,313754.89166666666,2.0775462962962963,9180.4,-9180.4,2022.0,306598.56921296293
121,0.13444444444444445,c121,edge-4,314533.39166666666,2.1140046296296298,45902.0,2039.0,314533.39166666666,2.1140046296296298,9180.4,-9180.4,2039.0,307394.10567129625
122,0.13555555555555557,c122,edge-2,315938.69166666665,2.126736111111111,45902.0,2084.0,315938.69166666665,2.126736111111111,9180.4,-9180.4,2084.0,308844.41840277775
123,0.13666666666666666,c123,edge-3,315938.69166666665,2.1597222222222223,46406.0,2109.0,315938.69166666665,2.1597222222222223,9281.2,-9281.2,2109.0,308768.6513888889
124,0.13777777777777778,c124,edge-8,315938.69166666665,2.197916666666667,46682.0,2150.0,315938.69166666665,2.197916666666667,9336.4,-9336.4,2150.0,308754.4895833333
125,0.1388888888888889,c125,edge-1,315938.69166666665,2.2141203703703702,47061.0,2169.0,315938.69166666665,2.2141203703703702,9412.2,-9412.2,2169.0,308697.70578703703
126,0.14,c126,edge-6,315938.69166666665,2.213541666666667,47418.0,2196.0,315938.69166666665,2.213541666666667,9483.6,-9483.6,2196.0,308653.30520833336
127,0.1411111111111111,c127,edge-5,315938.69166666665,2.2297453703703702,47809.0,2225.0,315938.69166666665,2.2297453703703702,9561.800000000001,-9561.800000000001,2225.0,308604.12141203706
128,0.14222222222222222,c128,edge-6,315938.69166666665,2.273148148148148,48033.0,2254.0,315938.69166666665,2.273148148148148,9606.6,-9606.6,2254.0,308588.3648148148
129,0.14333333333333334,c129,edge-4,315938.69166666665,2.314814814814815,49056.0,2273.0,315938.69166666665,2.314814814814815,9811.2,-9811.2,2273.0,308402.8064814815
130,0.14444444444444443,c130,edge-3,315938.69166666665,2.310763888888889,49323.0,2300.0,315938.69166666665,2.310763888888889,9864.6,-9864.6,2300.0,308376.40243055555
131,0.14555555555555555,c131,edge-6,315938.69166666665,2.345486111111111,49514.0,2331.0,315938.69166666665,2.345486111111111,9902.800000000001,-9902.800000000001,2331.0,308369.2371527778
132,0.14666666666666667,c132,edge-4,315938.69166666665,2.3686342592592595,50537.0,2352.0,315938.69166666665,2.3686342592592595,10107.400000000001,-10107.400000000001,2352.0,308185.6603009259
133,0.14777777777777779,c133,edge-8,315938.69166666665,2.386574074074074,50904.0,2395.0,315938.69166666665,2.386574074074074,10180.800000000001,-10180.800000000001,2395.0,308155.27824074076
134,0.14888888888888888,c134,edge-6,315938.69166666665,2.3958333333333335,51261.0,2428.0,315938.69166666665,2.3958333333333335,10252.2,-10252.2,2428.0,308116.88749999995
135,0.15,c135,edge-8,315938.69166666665,2.439236111111111,51854.0,2473.0,315938.69166666665,2.439236111111111,10370.800000000001,-10370.800000000001,2473.0,308043.3309027778
136,0.1511111111111111,c136,edge-2,315938.69166666665,2.470486111111111,52877.0,2520.0,315938.69166666665,2.470486111111111,10575.400000000001,-10575.400000000001,2520.0,307885.76215277775
137,0.15222222222222223,c137,edge-3,328597.44166666665,2.491898148148148,52878.0,2549.0,328597.44166666665,2.491898148148148,10575.6,-10575.6,2549.0,320573.3335648148
138,0.15333333333333332,c138,edge-8,328597.44166666665,2.4965277777777777,53471.0,2596.0,328597.44166666665,2.4965277777777777,10694.2,-10694.2,2596.0,320501.7381944444
139,0.15444444444444444,c139,edge-8,328597.44166666665,2.4924768518518516,53747.0,2645.0,328597.44166666665,2.4924768518518516,10749.400000000001,-10749.400000000001,2645.0,320495.5341435185
140,0.15555555555555556,c140,edge-8,328597.44166666665,2.5121527777777777,54340.0,2696.0,328597.44166666665,2.5121527777777777,10868.0,-10868.0,2696.0,320427.9538194444
141,0.15666666666666668,c141,edge-1,338684.0916666666,2.5098379629629632,54368.0,2717.0,338684.0916666666,2.5098379629629632,10873.6,-10873.6,2717.0,330530.0015046296
142,0.15777777777777777,c142,edge-4,340420.0916666666,2.5092592592592595,54368.0,2740.0,340420.0916666666,2.5092592592592595,10873.6,-10873.6,2740.0,332289.0009259259
143,0.15888888888888889,c143,edge-6,340420.0916666666,2.5405092592592595,55391.0,2775.0,340420.0916666666,2.5405092592592595,11078.2,-11078.2,2775.0,332119.4321759259
144,0.16,c144,edge-5,340420.0916666666,2.5381944444444446,55782.0,2806.0,340420.0916666666,2.5381944444444446,11156.400000000001,-11156.400000000001,2806.0,332072.22986111103
145,0.16111111111111112,c145,edge-4,341643.9791666666,2.5376157407407414,55786.0,2831.0,341643.9791666666,2.5376157407407414,11157.2,-11157.2,2831.0,333320.31678240735
146,0.1622222222222222,c146,edge-7,341643.9791666666,2.559027777777778,56183.0,2876.0,341643.9791666666,2.559027777777778,11236.6,-11236.6,2876.0,333285.9381944444
147,0.16333333333333333,c147,edge-7,352424.12916666665,2.5920138888888893,56183.0,2923.0,352424.12916666665,2.5920138888888893,11236.6,-11236.6,2923.0,344113.12118055555
148,0.16444444444444445,c148,edge-8,352424.12916666665,2.6250000000000004,56776.0,2976.0,352424.12916666665,2.6250000000000004,11355.2,-11355.2,2976.0,344047.55416666664
149,0.16555555555555557,c149,edge-7,352424.12916666665,2.6446759259259265,57122.0,3025.0,352424.12916666665,2.6446759259259265,11424.400000000001,-11424.400000000001,3025.0,344027.3738425925
150,0.16666666666666666,c150,edge-5,352424.12916666665,2.6695601851851856,57461.0,3058.0,352424.12916666665,2.6695601851851856,11492.2,-11492.2,3058.0,343992.5987268518
151,0.16777777777777778,c151,edge-6,352424.12916666665,2.706018518518519,58484.0,3095.0,352424.12916666665,2.706018518518519,11696.800000000001,-11696.800000000001,3095.0,343825.0351851852
152,0.1688888888888889,c152,edge-5,352424.12916666665,2.7210648148148153,58691.0,3130.0,352424.12916666665,2.7210648148148153,11738.2,-11738.2,3130.0,343818.6502314815
153,0.17,c153,edge-8,352424.12916666665,2.7575231481481484,59284.0,3185.0,352424.12916666665,2.7575231481481484,11856.800000000001,-11856.800000000001,3185.0,343755.0866898148
154,0.1711111111111111,c154,edge-6,352424.12916666665,2.760416666666667,60307.0,3224.0,352424.12916666665,2.760416666666667,12061.400000000001,-12061.400000000001,3224.0,343589.4895833333
155,0.17222222222222222,c155,edge-2,352424.12916666665,2.795138888888889,61330.0,3273.0,352424.12916666665,2.795138888888889,12266.0,-12266.0,3273.0,343433.9243055555
156,0.17333333333333334,c156,edge-2,352424.12916666665,2.828125,62353.0,3324.0,352424.12916666665,2.828125,12470.6,-12470.6,3324.0,343280.3572916667
157,0.17444444444444446,c157,edge-5,352424.12916666665,2.837384259259259,62692.0,3361.0,352424.12916666665,2.837384259259259,12538.400000000001,-12538.400000000001,3361.0,343249.5665509259
158,0.17555555555555555,c158,edge-4,352424.12916666665,2.836805555555556,63715.0,3388.0,352424.12916666665,2.836805555555556,12743.0,-12743.0,3388.0,343071.9659722222
159,0.17666666666666667,c159,edge-2,352424.12916666665,2.8310185185185186,64738.0,3441.0,352424.12916666665,2.8310185185185186,12947.6,-12947.6,3441.0,342920.3601851852
160,0.17777777777777778,c160,edge-7,352424.12916666665,2.8420138888888884,65205.0,3492.0,352424.12916666665,2.8420138888888884,13041.0,-13041.0,3492.0,342877.9711805555
161,0.17888888888888888,c161,edge-3,352424.12916666665,2.8478009259259256,65709.0,3523.0,352424.12916666665,2.8478009259259256,13141.800000000001,-13141.800000000001,3523.0,342808.17696759256
162,0.18,c162,edge-3,370765.37916666665,2.860532407407407,65755.0,3556.0,370765.37916666665,2.860532407407407,13151.0,-13151.0,3556.0,361173.23969907407
163,0.1811111111111111,c163,edge-5,370765.37916666665,2.860532407407407,65987.0,3595.0,370765.37916666665,2.860532407407407,13197.400000000001,-13197.400000000001,3595.0,361165.83969907404
164,0.18222222222222223,c164,edge-3,370765.37916666665,2.887731481481481,66491.0,3630.0,370765.37916666665,2.887731481481481,13298.2,-13298.2,3630.0,361100.0668981481
165,0.18333333333333332,c165,edge-7,370765.37916666665,2.880208333333333,66888.0,3683.0,370765.37916666665,2.880208333333333,13377.6,-13377.6,3683.0,361073.659375
166,0.18444444444444444,c166,edge-6,370765.37916666665,2.9166666666666665,67911.0,3724.0,370765.37916666665,2.9166666666666665,13582.2,-13582.2,3724.0,360910.0958333333
167,0.18555555555555556,c167,edge-1,379331.5291666667,2.9224537037037033,67938.0,3747.0,379331.5291666667,2.9224537037037033,13587.6,-13587.6,3747.0,369493.8516203704
168,0.18666666666666668,c168,edge-3,379331.5291666667,2.9421296296296293,68319.0,3784.0,379331.5291666667,2.9421296296296293,13663.800000000001,-13663.800000000001,3784.0,369454.6712962963
169,0.18777777777777777,c169,edge-2,379331.5291666667,2.9768518518518516,69342.0,3839.0,379331.5291666667,2.9768518518518516,13868.400000000001,-13868.400000000001,3839.0,369305.1060185185
170,0.18888888888888888,c170,edge-2,383008.26666666666,3.0127314814814814,69342.0,3896.0,383008.26666666666,3.0127314814814814,13868.400000000001,-13868.400000000001,3896.0,373038.8793981481
171,0.19,c171,edge-4,383008.26666666666,3.0341435185185186,70365.0,3925.0,383008.26666666666,3.0341435185185186,14073.0,-14073.0,3925.0,372863.3008101852
172,0.19111111111111112,c172,edge-7,383008.26666666666,3.0723379629629632,70711.0,3980.0,383008.26666666666,3.0723379629629632,14142.2,-14142.2,3980.0,372849.13900462963
173,0.1922222222222222,c173,edge-5,383008.26666666666,3.0978009259259265,71102.0,4021.0,383008.26666666666,3.0978009259259265,14220.400000000001,-14220.400000000001,4021.0,372811.96446759254
174,0.19333333333333333,c174,edge-6,383008.26666666666,3.127314814814815,72125.0,4064.0,383008.26666666666,3.127314814814815,14425.0,-14425.0,4064.0,372650.3939814815
175,0.19444444444444445,c175,edge-4,383008.26666666666,3.1672453703703707,73148.0,4095.0,383008.26666666666,3.1672453703703707,14629.6,-14629.6,4095.0,372476.8339120371
176,0.19555555555555557,c176,edge-1,383008.26666666666,3.169560185185185,73527.0,4120.0,383008.26666666666,3.169560185185185,14705.400000000001,-14705.400000000001,4120.0,372426.0362268518
177,0.19666666666666666,c177,edge-8,383008.26666666666,3.2042824074074074,74120.0,4177.0,383008.26666666666,3.2042824074074074,14824.0,-14824.0,4177.0,372364.4709490741
178,0.19777777777777777,c178,edge-5,383008.26666666666,3.222800925925926,74511.0,4220.0,383008.26666666666,3.222800925925926,14902.2,-14902.2,4220.0,372329.28946759255
179,0.1988888888888889,c179,edge-8,383008.26666666666,3.2152777777777777,75104.0,4279.0,383008.26666666666,3.2152777777777777,15020.800000000001,-15020.800000000001,4279.0,372269.6819444444
180,0.2,c180,edge-6,383008.26666666666,3.246527777777778,76127.0,4324.0,383008.26666666666,3.246527777777778,15225.400000000001,-15225.400000000001,4324.0,372110.1131944444
181,0.2011111111111111,c181,edge-5,383008.26666666666,3.271990740740741,76604.0,4369.0,383008.26666666666,3.271990740740741,15320.800000000001,-15320.800000000001,4369.0,372059.7386574074
182,0.20222222222222222,c182,edge-8,383008.26666666666,3.2696759259259265,76971.0,4430.0,383008.26666666666,3.2696759259259265,15394.2,-15394.2,4430.0,372047.33634259255
183,0.20333333333333334,c183,edge-4,383008.26666666666,3.313078703703704,77994.0,4463.0,383008.26666666666,3.313078703703704,15598.800000000001,-15598.800000000001,4463.0,371875.7797453704
184,0.20444444444444446,c184,edge-7,383008.26666666666,3.3512731481481484,78171.0,4520.0,383008.26666666666,3.3512731481481484,15634.2,-15634.2,4520.0,371897.4179398148
185,0.20555555555555555,c185,edge-2,383008.26666666666,3.345486111111111,79194.0,4579.0,383008.26666666666,3.345486111111111,15838.800000000001,-15838.800000000001,4579.0,371751.8121527778
186,0.20666666666666667,c186,edge-1,402144.05000000005,3.367476851851852,79194.0,4606.0,402144.05000000005,3.367476851851852,15838.800000000001,-15838.800000000001,4606.0,390914.6174768519
187,0.20777777777777778,c187,edge-2,402144.05000000005,3.4056712962962967,80217.0,4667.0,402144.05000000005,3.4056712962962967,16043.400000000001,-16043.400000000001,4667.0,390771.0556712963
188,0.2088888888888889,c188,edge-8,402144.05000000005,3.4438657407407414,80642.0,4730.0,402144.05000000005,3.4438657407407414,16128.400000000001,-16128.400000000001,4730.0,390749.09386574075
189,0.21,c189,edge-4,402144.05000000005,3.445023148148149,81665.0,4765.0,402144.05000000005,3.445023148148149,16333.0,-16333.0,4765.0,390579.4950231482
190,0.2111111111111111,c190,edge-7,402144.05000000005,3.4681712962962967,81949.0,4824.0,402144.05000000005,3.4681712962962967,16389.8,-16389.8,4824.0,390581.71817129635
191,0.21222222222222223,c191,edge-6,402144.05000000005,3.484375,82972.0,4871.0,402144.05000000005,3.484375,16594.4,-16594.4,4871.0,390424.134375
192,0.21333333333333335,c192,edge-7,402144.05000000005,3.515625,83318.0,4932.0,402144.05000000005,3.515625,16663.600000000002,-16663.600000000002,4932.0,390415.96562500007
193,0.21444444444444444,c193,edge-2,404868.2,3.517939814814815,83346.0,4995.0,404868.2,3.517939814814815,16669.2,-16669.2,4995.0,393197.51793981483
194,0.21555555555555556,c194,edge-3,404868.2,3.534143518518518,83632.0,5034.0,404868.2,3.534143518518518,16726.4,-16726.4,5034.0,393179.3341435185
195,0.21666666666666667,c195,edge-1,404868.2,3.578125,84186.0,5063.0,404868.2,3.578125,16837.2,-16837.2,5063.0,393097.578125
196,0.21777777777777776,c196,edge-1,404868.2,3.598958333333333,84740.0,5094.0,404868.2,3.598958333333333,16948.0,-16948.0,5094.0,393017.7989583333
197,0.21888888888888888,c197,edge-3,404868.2,3.608796296296296,84959.0,5135.0,404868.2,3.608796296296296,16991.8,-16991.8,5135.0,393015.0087962963
198,0.22,c198,edge-6,404868.2,3.6030092592592595,85982.0,5184.0,404868.2,3.6030092592592595,17196.4,-17196.4,5184.0,392859.40300925926
199,0.22111111111111112,c199,edge-2,404868.2,3.637731481481482,87005.0,5249.0,404868.2,3.637731481481482,17401.0,-17401.0,5249.0,392719.8377314815
200,0.2222222222222222,c200,edge-4,404868.2,3.6608796296296298,88028.0,5286.0,404868.2,3.6608796296296298,17605.600000000002,-17605.600000000002,5286.0,392552.26087962964
201,0.22333333333333333,c201,edge-3,404868.2,3.6984953703703702,88247.0,5329.0,404868.2,3.6984953703703702,17649.4,-17649.4,5329.0,392551.4984953704
202,0.22444444444444445,c202,edge-7,404868.2,3.6961805555555562,88714.0,5392.0,404868.2,3.6961805555555562,17742.8,-17742.8,5392.0,392521.0961805556
203,0.22555555555555556,c203,edge-4,404868.2,3.697337962962963,89737.0,5431.0,404868.2,3.697337962962963,17947.4,-17947.4,5431.0,392355.49733796297
204,0.22666666666666666,c204,edge-8,404868.2,3.7372685185185186,90162.0,5496.0,404868.2,3.7372685185185186,18032.4,-18032.4,5496.0,392335.5372685185
205,0.22777777777777777,c205,edge-4,404868.2,3.733217592592593,91185.0,5537.0,404868.2,3.733217592592593,18237.0,-18237.0,5537.0,392171.9332175926
206,0.2288888888888889,c206,edge-7,404868.2,3.756365740740741,91469.0,5602.0,404868.2,3.756365740740741,18293.8,-18293.8,5602.0,392180.15636574075
207,0.23,c207,edge-5,404868.2,3.7783564814814814,91848.0,5649.0,404868.2,3.7783564814814814,18369.600000000002,-18369.600000000002,5649.0,392151.3783564815
208,0.2311111111111111,c208,edge-6,404868.2,3.8165509259259256,92051.0,5700.0,404868.2,3.8165509259259256,18410.2,-18410.2,5700.0,392161.8165509259
209,0.23222222222222222,c209,edge-6,404868.2,3.8344907407407405,92408.0,5753.0,404868.2,3.8344907407407405,18481.600000000002,-18481.600000000002,5753.0,392143.43449074076
210,0.23333333333333334,c210,edge-5,404868.2,3.8333333333333335,92787.0,5802.0,404868.2,3.8333333333333335,18557.4,-18557.4,5802.0,392116.6333333333
211,0.23444444444444446,c211,edge-6,404868.2,3.8310185185185186,93810.0,5857.0,404868.2,3.8310185185185186,18762.0,-18762.0,5857.0,391967.03101851855
212,0.23555555555555555,c212,edge-5,404868.2,3.8472222222222223,94189.0,5908.0,404868.2,3.8472222222222223,18837.8,-18837.8,5908.0,391942.2472222223
213,0.23666666666666666,c213,edge-8,404868.2,3.8483796296296298,94614.0,5975.0,404868.2,3.8483796296296298,18922.8,-18922.8,5975.0,391924.24837962963
214,0.23777777777777778,c214,edge-2,404868.2,3.886574074074074,95637.0,6042.0,404868.2,3.886574074074074,19127.4,-19127.4,6042.0,391786.6865740741
215,0.2388888888888889,c215,edge-5,404868.2,3.8993055555555554,96114.0,6095.0,404868.2,3.8993055555555554,19222.8,-19222.8,6095.0,391744.2993055556
216,0.24,c216,edge-6,415733.8625,3.9172453703703702,96114.0,6152.0,415733.8625,3.9172453703703702,19222.8,-19222.8,6152.0,402666.9797453704
217,0.2411111111111111,c217,edge-4,415733.8625,3.9386574074074074,97137.0,6195.0,415733.8625,3.9386574074074074,19427.4,-19427.4,6195.0,402505.4011574074
218,0.24222222222222223,c218,edge-5,415733.8625,3.966435185185185,97516.0,6250.0,415733.8625,3.966435185185185,19503.2,-19503.2,6250.0,402484.62893518514
219,0.24333333333333335,c219,edge-4,415733.8625,4.009837962962963,98539.0,6295.0,415733.8625,4.009837962962963,19707.800000000003,-19707.800000000003,6295.0,402325.072337963
220,0.24444444444444444,c220,edge-2,415733.8625,4.046296296296296,99562.0,6364.0,415733.8625,4.046296296296296,19912.4,-19912.4,6364.0,402189.50879629626
221,0.24555555555555555,c221,edge-1,415733.8625,4.06712962962963,100116.0,6397.0,415733.8625,4.06712962962963,20023.2,-20023.2,6397.0,402111.7296296296
222,0.24666666666666667,c222,edge-1,415733.8625,4.082175925925926,100288.0,6432.0,415733.8625,4.082175925925926,20057.600000000002,-20057.600000000002,6432.0,402112.3446759259
223,0.2477777777777778,c223,edge-3,415733.8625,4.094907407407407,100555.0,6477.0,415733.8625,4.094907407407407,20111.0,-20111.0,6477.0,402103.9574074074
224,0.24888888888888888,c224,edge-5,415733.8625,4.109953703703704,100946.0,6534.0,415733.8625,4.109953703703704,20189.2,-20189.2,6534.0,402082.7724537037
225,0.25,c225,edge-1,415733.8625,4.128472222222222,101205.0,6571.0,415733.8625,4.128472222222222,20241.0,-20241.0,6571.0,402067.99097222224
226,0.2511111111111111,c226,edge-5,415733.8625,4.15625,101682.0,6630.0,415733.8625,4.15625,20336.4,-20336.4,6630.0,402031.61874999997
227,0.25222222222222224,c227,edge-8,415733.8625,4.179398148148149,102107.0,6699.0,415733.8625,4.179398148148149,20421.4,-20421.4,6699.0,402015.6418981481
228,0.25333333333333335,c228,edge-2,415733.8625,4.184027777777778,102153.0,6770.0,415733.8625,4.184027777777778,20430.600000000002,-20430.600000000002,6770.0,402077.44652777776
229,0.2544444444444444,c229,edge-2,418421.175,4.211805555555555,102153.0,6843.0,418421.175,4.211805555555555,20430.600000000002,-20430.600000000002,6843.0,404837.7868055556
230,0.25555555555555554,c230,edge-4,418421.175,4.212962962962963,103176.0,6890.0,418421.175,4.212962962962963,20635.2,-20635.2,6890.0,404680.18796296295
231,0.25666666666666665,c231,edge-1,418421.175,4.244212962962963,103555.0,6929.0,418421.175,4.244212962962963,20711.0,-20711.0,6929.0,404643.41921296297
232,0.2577777777777778,c232,edge-8,418421.175,4.267361111111111,103922.0,7000.0,418421.175,4.267361111111111,20784.4,-20784.4,7000.0,404641.0423611111
233,0.2588888888888889,c233,edge-3,418723.2583333333,4.293981481481481,103989.0,7047.0,418723.2583333333,4.293981481481481,20797.800000000003,-20797.800000000003,7047.0,404976.7523148148
234,0.26,c234,edge-1,418723.2583333333,4.311342592592593,104368.0,7088.0,418723.2583333333,4.311342592592593,20873.600000000002,-20873.600000000002,7088.0,404941.9696759259
235,0.2611111111111111,c235,edge-6,418723.2583333333,4.314236111111111,104725.0,7147.0,418723.2583333333,4.314236111111111,20945.0,-20945.0,7147.0,404929.5725694444
236,0.26222222222222225,c236,edge-1,418723.2583333333,4.351273148148148,105279.0,7190.0,418723.2583333333,4.351273148148148,21055.800000000003,-21055.800000000003,7190.0,404861.80960648146
237,0.2633333333333333,c237,edge-6,433397.9458333333,4.354166666666666,105280.0,7251.0,433397.9458333333,4.354166666666666,21056.0,-21056.0,7251.0,419597.3
238,0.2644444444444444,c238,edge-7,433397.9458333333,4.387152777777778,105486.0,7318.0,433397.9458333333,4.387152777777778,21097.2,-21097.2,7318.0,419623.13298611104
239,0.26555555555555554,c239,edge-2,433397.9458333333,4.377893518518518,106509.0,7393.0,433397.9458333333,4.377893518518518,21301.800000000003,-21301.800000000003,7393.0,419493.52372685185
240,0.26666666666666666,c240,edge-4,433397.9458333333,4.373842592592593,107532.0,7442.0,433397.9458333333,4.373842592592593,21506.4,-21506.4,7442.0,419337.91967592586
241,0.2677777777777778,c241,edge-4,433397.9458333333,4.391782407407407,108555.0,7493.0,433397.9458333333,4.391782407407407,21711.0,-21711.0,7493.0,419184.3376157407
242,0.2688888888888889,c242,edge-4,433397.9458333333,4.40625,108602.0,7546.0,433397.9458333333,4.40625,21720.4,-21720.4,7546.0,419227.9520833333
243,0.27,c243,edge-5,433397.9458333333,4.408564814814815,108993.0,7607.0,433397.9458333333,4.408564814814815,21798.600000000002,-21798.600000000002,7607.0,419210.75439814816
244,0.27111111111111114,c244,edge-2,438023.54583333334,4.404513888888889,108993.0,7684.0,438023.54583333334,4.404513888888889,21798.600000000002,-21798.600000000002,7684.0,423913.35034722224
245,0.2722222222222222,c245,edge-6,438023.54583333334,4.442708333333333,110016.0,7747.0,438023.54583333334,4.442708333333333,22003.2,-22003.2,7747.0,423771.78854166664
246,0.2733333333333333,c246,edge-3,438023.54583333334,4.46412037037037,110520.0,7796.0,438023.54583333334,4.46412037037037,22104.0,-22104.0,7796.0,423720.00995370373
247,0.27444444444444444,c247,edge-8,438023.54583333334,4.482060185185185,111113.0,7869.0,438023.54583333334,4.482060185185185,22222.600000000002,-22222.600000000002,7869.0,423674.4278935185
248,0.27555555555555555,c248,edge-2,438023.54583333334,4.496527777777778,111181.0,7948.0,438023.54583333334,4.496527777777778,22236.2,-22236.2,7948.0,423739.8423611111
249,0.27666666666666667,c249,edge-1,448636.3458333333,4.5115740740740735,111182.0,7993.0,448636.3458333333,4.5115740740740735,22236.4,-22236.4,7993.0,434397.4574074074
250,0.2777777777777778,c250,edge-8,448636.3458333333,4.51099537037037,111458.0,8068.0,448636.3458333333,4.51099537037037,22291.600000000002,-22291.600000000002,8068.0,434417.25682870374
251,0.2788888888888889,c251,edge-4,448636.3458333333,4.508680555555555,112481.0,8123.0,448636.3458333333,4.508680555555555,22496.2,-22496.2,8123.0,434267.6545138889
252,0.28,c252,edge-4,448636.3458333333,4.504629629629629,113504.0,8180.0,448636.3458333333,4.504629629629629,22700.800000000003,-22700.800000000003,8180.0,434120.05046296294
253,0.2811111111111111,c253,edge-4,448636.3458333333,4.524305555555555,113551.0,8239.0,448636.3458333333,4.524305555555555,22710.2,-22710.2,8239.0,434169.6701388889
254,0.2822222222222222,c254,edge-2,448636.3458333333,4.555555555555555,113669.0,8320.0,448636.3458333333,4.555555555555555,22733.800000000003,-22733.800000000003,8320.0,434227.1013888889
255,0.2833333333333333,c255,edge-4,449221.3458333333,4.586805555555555,113674.0,8381.0,449221.3458333333,4.586805555555555,22734.800000000003,-22734.800000000003,8381.0,434872.1326388889
256,0.28444444444444444,c256,edge-3,449221.3458333333,4.587962962962963,113941.0,8432.0,449221.3458333333,4.587962962962963,22788.2,-22788.2,8432.0,434869.7337962963
257,0.28555555555555556,c257,edge-2,451833.48333333334,4.582175925925926,113941.0,8515.0,451833.48333333334,4.582175925925926,22788.2,-22788.2,8515.0,437564.8655092592
258,0.2866666666666667,c258,edge-1,451833.48333333334,4.586805555555555,114200.0,8562.0,451833.48333333334,4.586805555555555,22840.0,-22840.0,8562.0,437560.0701388889
259,0.2877777777777778,c259,edge-5,451833.48333333334,4.585648148148148,114539.0,8625.0,451833.48333333334,4.585648148148148,22907.800000000003,-22907.800000000003,8625.0,437555.2689814815
260,0.28888888888888886,c260,edge-6,451833.48333333334,4.601851851851852,115562.0,8690.0,451833.48333333334,4.601851851851852,23112.4,-23112.4,8690.0,437415.68518518517
261,0.29,c261,edge-2,451833.48333333334,4.612847222222222,116585.0,8775.0,451833.48333333334,4.612847222222222,23317.0,-23317.0,8775.0,437296.0961805556
262,0.2911111111111111,c262,edge-2,451833.48333333334,4.629050925925926,117608.0,8862.0,451833.48333333334,4.629050925925926,23521.600000000002,-23521.600000000002,8862.0,437178.51238425926
263,0.2922222222222222,c263,edge-3,451833.48333333334,4.640046296296296,117875.0,8915.0,451833.48333333334,4.640046296296296,23575.0,-23575.0,8915.0,437178.12337962963
264,0.29333333333333333,c264,edge-6,451833.48333333334,4.642939814814815,118898.0,8982.0,451833.48333333334,4.642939814814815,23779.600000000002,-23779.600000000002,8982.0,437040.5262731482
265,0.29444444444444445,c265,edge-2,451833.48333333334,4.633680555555555,119921.0,9071.0,451833.48333333334,4.633680555555555,23984.2,-23984.2,9071.0,436924.9170138889
266,0.29555555555555557,c266,edge-2,451833.48333333334,4.668402777777778,120944.0,9162.0,451833.48333333334,4.668402777777778,24188.800000000003,-24188.800000000003,9162.0,436811.3517361111
267,0.2966666666666667,c267,edge-6,451833.48333333334,4.686342592592593,121967.0,9231.0,451833.48333333334,4.686342592592593,24393.4,-24393.4,9231.0,436675.7696759259
268,0.29777777777777775,c268,edge-8,451833.48333333334,4.724537037037037,122560.0,9308.0,451833.48333333334,4.724537037037037,24512.0,-24512.0,9308.0,436634.20787037036
269,0.29888888888888887,c269,edge-5,451833.48333333334,4.726851851851852,122899.0,9373.0,451833.48333333334,4.726851851851852,24579.800000000003,-24579.800000000003,9373.0,436631.4101851852
270,0.3,c270,edge-6,451833.48333333334,4.719328703703704,123090.0,9444.0,451833.48333333334,4.719328703703704,24618.0,-24618.0,9444.0,436664.20266203705
271,0.3011111111111111,c271,edge-1,451833.48333333334,4.765625,123644.0,9493.0,451833.48333333334,4.765625,24728.800000000003,-24728.800000000003,9493.0,436602.44895833335
272,0.3022222222222222,c272,edge-4,451833.48333333334,4.763310185185185,124667.0,9556.0,451833.48333333334,4.763310185185185,24933.4,-24933.4,9556.0,436460.8466435185
273,0.30333333333333334,c273,edge-3,451833.48333333334,4.764467592592593,125048.0,9611.0,451833.48333333334,4.764467592592593,25009.600000000002,-25009.600000000002,9611.0,436439.64780092594
274,0.30444444444444446,c274,edge-7,451833.48333333334,4.778935185185185,125394.0,9680.0,451833.48333333334,4.778935185185185,25078.800000000003,-25078.800000000003,9680.0,436439.4622685185
275,0.3055555555555556,c275,edge-1,451833.48333333334,4.793981481481482,125773.0,9731.0,451833.48333333334,4.793981481481482,25154.600000000002,-25154.600000000002,9731.0,436414.6773148148
276,0.30666666666666664,c276,edge-6,451833.48333333334,4.803240740740741,125997.0,9804.0,451833.48333333334,4.803240740740741,25199.4,-25199.4,9804.0,436442.88657407404
277,0.30777777777777776,c277,edge-6,451833.48333333334,4.821180555555555,127020.0,9879.0,451833.48333333334,4.821180555555555,25404.0,-25404.0,9879.0,436313.3045138889
278,0.3088888888888889,c278,edge-6,451833.48333333334,4.852430555555555,127377.0,9956.0,451833.48333333334,4.852430555555555,25475.4,-25475.4,9956.0,436318.9357638889
279,0.31,c279,edge-1,451833.48333333334,4.859375,127522.0,10009.0,451833.48333333334,4.859375,25504.4,-25504.4,10009.0,436342.9427083333
280,0.3111111111111111,c280,edge-4,451833.48333333334,4.860532407407407,128545.0,10074.0,451833.48333333334,4.860532407407407,25709.0,-25709.0,10074.0,436203.34386574075
281,0.31222222222222223,c281,edge-4,451833.48333333334,4.902199074074074,129568.0,10141.0,451833.48333333334,4.902199074074074,25913.600000000002,-25913.600000000002,10141.0,436065.78553240746
282,0.31333333333333335,c282,edge-3,451833.48333333334,4.903356481481482,130072.0,10198.0,451833.48333333334,4.903356481481482,26014.4,-26014.4,10198.0,436021.9866898148
283,0.31444444444444447,c283,edge-6,451833.48333333334,4.928240740740741,131095.0,10277.0,451833.48333333334,4.928240740740741,26219.0,-26219.0,10277.0,435896.41157407407
284,0.31555555555555553,c284,edge-1,451833.48333333334,4.9375,131474.0,10332.0,451833.48333333334,4.9375,26294.800000000003,-26294.800000000003,10332.0,435875.62083333335
285,0.31666666666666665,c285,edge-2,451833.48333333334,4.950231481481481,132497.0,10425.0,451833.48333333334,4.950231481481481,26499.4,-26499.4,10425.0,435764.0335648148
286,0.31777777777777777,c286,edge-7,451833.48333333334,4.956597222222221,132894.0,10496.0,451833.48333333334,4.956597222222221,26578.800000000003,-26578.800000000003,10496.0,435755.6399305556
287,0.3188888888888889,c287,edge-1,451833.48333333334,4.97974537037037,133448.0,10553.0,451833.48333333334,4.97974537037037,26689.600000000002,-26689.600000000002,10553.0,435701.86307870375
288,0.32,c288,edge-5,451833.48333333334,4.992476851851851,133839.0,10620.0,451833.48333333334,4.992476851851851,26767.800000000003,-26767.800000000003,10620.0,435690.6758101852
289,0.3211111111111111,c289,edge-1,451833.48333333334,5.020254629629629,134218.0,10679.0,451833.48333333334,5.020254629629629,26843.600000000002,-26843.600000000002,10679.0,435673.90358796297
290,0.32222222222222224,c290,edge-7,451833.48333333334,5.021412037037036,134685.0,10752.0,451833.48333333334,5.021412037037036,26937.0,-26937.0,10752.0,435653.50474537036
291,0.3233333333333333,c291,edge-1,451833.48333333334,5.044560185185185,135239.0,10813.0,451833.48333333334,5.044560185185185,27047.800000000003,-27047.800000000003,10813.0,435603.7278935185
292,0.3244444444444444,c292,edge-4,451833.48333333334,5.0405092592592595,136262.0,10882.0,451833.48333333334,5.0405092592592595,27252.4,-27252.4,10882.0,435468.1238425926
293,0.32555555555555554,c293,edge-7,451833.48333333334,5.068287037037037,136659.0,10957.0,451833.48333333334,5.068287037037037,27331.800000000003,-27331.800000000003,10957.0,435463.75162037037
294,0.32666666666666666,c294,edge-6,451833.48333333334,5.0844907407407405,137682.0,11038.0,451833.48333333334,5.0844907407407405,27536.4,-27536.4,11038.0,435340.16782407404
295,0.3277777777777778,c295,edge-5,451833.48333333334,5.086805555555555,138073.0,11107.0,451833.48333333334,5.086805555555555,27614.600000000002,-27614.600000000002,11107.0,435330.9701388889
296,0.3288888888888889,c296,edge-6,451833.48333333334,5.114583333333333,139096.0,11190.0,451833.48333333334,5.114583333333333,27819.2,-27819.2,11190.0,435209.39791666664
297,0.33,c297,edge-4,451833.48333333334,5.132523148148148,140119.0,11261.0,451833.48333333334,5.132523148148148,28023.800000000003,-28023.800000000003,11261.0,435075.8158564815
298,0.33111111111111113,c298,edge-8,451833.48333333334,5.163773148148148,140486.0,11340.0,451833.48333333334,5.163773148148148,28097.2,-28097.2,11340.0,435081.4471064815
299,0.3322222222222222,c299,edge-1,451833.48333333334,5.166087962962963,140658.0,11403.0,451833.48333333334,5.166087962962963,28131.600000000002,-28131.600000000002,11403.0,435110.04942129634
300,0.3333333333333333,c300,edge-8,451833.48333333334,5.195601851851851,141025.0,11484.0,451833.48333333334,5.195601851851851,28205.0,-28205.0,11484.0,435117.6789351852
301,0.33444444444444443,c301,edge-1,451833.48333333334,5.208333333333334,141404.0,11549.0,451833.48333333334,5.208333333333334,28280.800000000003,-28280.800000000003,11549.0,435106.89166666666
302,0.33555555555555555,c302,edge-4,451833.48333333334,5.25,142427.0,11622.0,451833.48333333334,5.25,28485.4,-28485.4,11622.0,434975.3333333333
303,0.33666666666666667,c303,edge-8,451833.48333333334,5.2459490740740735,143020.0,11705.0,451833.48333333334,5.2459490740740735,28604.0,-28604.0,11705.0,434939.72928240744
304,0.3377777777777778,c304,edge-4,451833.48333333334,5.240162037037036,144043.0,11780.0,451833.48333333334,5.240162037037036,28808.600000000002,-28808.600000000002,11780.0,434810.1234953704
305,0.3388888888888889,c305,edge-5,451833.48333333334,5.251736111111111,144520.0,11851.0,451833.48333333334,5.251736111111111,28904.0,-28904.0,11851.0,434785.73506944446
306,0.34,c306,edge-6,451833.48333333334,5.274884259259259,144751.0,11936.0,451833.48333333334,5.274884259259259,28950.2,-28950.2,11936.0,434824.5582175926
307,0.3411111111111111,c307,edge-6,451833.48333333334,5.294560185185184,145774.0,12023.0,451833.48333333334,5.294560185185184,29154.800000000003,-29154.800000000003,12023.0,434706.9778935185
308,0.3422222222222222,c308,edge-4,451833.48333333334,5.309027777777778,146797.0,12100.0,451833.48333333334,5.309027777777778,29359.4,-29359.4,12100.0,434579.39236111107
309,0.3433333333333333,c309,edge-2,453241.3458333333,5.34375,146801.0,12195.0,453241.3458333333,5.34375,29360.2,-29360.2,12195.0,436081.4895833333
310,0.34444444444444444,c310,edge-4,453241.3458333333,5.341435185185185,147824.0,12274.0,453241.3458333333,5.341435185185185,29564.800000000003,-29564.800000000003,12274.0,435955.8872685185
311,0.34555555555555556,c311,edge-1,453241.3458333333,5.358796296296296,148083.0,12341.0,453241.3458333333,5.358796296296296,29616.600000000002,-29616.600000000002,12341.0,435971.10462962964
312,0.3466666666666667,c312,edge-5,453241.3458333333,5.377314814814815,148422.0,12414.0,453241.3458333333,5.377314814814815,29684.4,-29684.4,12414.0,435976.32314814813
313,0.3477777777777778,c313,edge-7,453241.3458333333,5.41724537037037,148706.0,12491.0,453241.3458333333,5.41724537037037,29741.2,-29741.2,12491.0,435996.5630787037
314,0.3488888888888889,c314,edge-8,453241.3458333333,5.416666666666667,149073.0,12576.0,453241.3458333333,5.416666666666667,29814.600000000002,-29814.600000000002,12576.0,436008.16250000003
315,0.35,c315,edge-4,453241.3458333333,5.414351851851852,150096.0,12657.0,453241.3458333333,5.414351851851852,30019.2,-30019.2,12657.0,435884.56018518517
316,0.3511111111111111,c316,edge-4,453241.3458333333,5.434027777777778,151119.0,12740.0,453241.3458333333,5.434027777777778,30223.800000000003,-30223.800000000003,12740.0,435762.9798611111
317,0.3522222222222222,c317,edge-4,453241.3458333333,5.4282407407407405,152142.0,12825.0,453241.3458333333,5.4282407407407405,30428.4,-30428.4,12825.0,435643.37407407403
318,0.35333333333333333,c318,edge-1,453241.3458333333,5.427083333333333,152401.0,12894.0,453241.3458333333,5.427083333333333,30480.2,-30480.2,12894.0,435660.5729166666
319,0.35444444444444445,c319,edge-5,453241.3458333333,5.44212962962963,152740.0,12969.0,453241.3458333333,5.44212962962963,30548.0,-30548.0,12969.0,435667.78796296293
320,0.35555555555555557,c320,edge-8,453241.3458333333,5.483796296296296,153107.0,13056.0,453241.3458333333,5.483796296296296,30621.4,-30621.4,13056.0,435681.4296296296
321,0.3566666666666667,c321,edge-6,453241.3458333333,5.515046296296296,154130.0,13145.0,453241.3458333333,5.515046296296296,30826.0,-30826.0,13145.0,435565.8608796296
322,0.35777777777777775,c322,edge-6,453241.3458333333,5.544560185185185,155153.0,13236.0,453241.3458333333,5.544560185185185,31030.600000000002,-31030.600000000002,13236.0,435452.2903935185
323,0.35888888888888887,c323,edge-2,453241.3458333333,5.535300925925926,156176.0,13333.0,453241.3458333333,5.535300925925926,31235.2,-31235.2,13333.0,435344.6811342592
324,0.36,c324,edge-8,453241.3458333333,5.566550925925926,156769.0,13422.0,453241.3458333333,5.566550925925926,31353.800000000003,-31353.800000000003,13422.0,435315.11238425924
325,0.3611111111111111,c325,edge-2,453241.3458333333,5.5792824074074066,157792.0,13521.0,453241.3458333333,5.5792824074074066,31558.4,-31558.4,13521.0,435209.5251157407
326,0.3622222222222222,c326,edge-6,460956.74583333335,5.6186342592592595,157820.0,13614.0,460956.74583333335,5.6186342592592595,31564.0,-31564.0,13614.0,443012.3644675926
327,0.36333333333333334,c327,edge-2,460956.74583333335,5.633101851851853,158843.0,13715.0,460956.74583333335,5.633101851851853,31768.600000000002,-31768.600000000002,13715.0,442908.7789351852
328,0.36444444444444446,c328,edge-2,460956.74583333335,5.664351851851853,159866.0,13818.0,460956.74583333335,5.664351851851853,31973.2,-31973.2,13818.0,442807.2101851852
329,0.3655555555555556,c329,edge-1,460956.74583333335,5.675925925925926,160245.0,13889.0,460956.74583333335,5.675925925925926,32049.0,-32049.0,13889.0,442802.42175925925
330,0.36666666666666664,c330,edge-2,460956.74583333335,5.707175925925926,161268.0,13994.0,460956.74583333335,5.707175925925926,32253.600000000002,-32253.600000000002,13994.0,442702.85300925927
331,0.36777777777777776,c331,edge-5,460956.74583333335,5.7280092592592595,161607.0,14071.0,460956.74583333335,5.7280092592592595,32321.4,-32321.4,14071.0,442712.0738425926
332,0.3688888888888889,c332,edge-3,460956.74583333335,5.752893518518519,162111.0,14130.0,460956.74583333335,5.752893518518519,32422.2,-32422.2,14130.0,442670.2987268519
333,0.37,c333,edge-6,460956.74583333335,5.754050925925926,162468.0,14225.0,460956.74583333335,5.754050925925926,32493.600000000002,-32493.600000000002,14225.0,442693.89988425927
334,0.3711111111111111,c334,edge-4,460956.74583333335,5.775462962962964,163491.0,14312.0,460956.74583333335,5.775462962962964,32698.2,-32698.2,14312.0,442576.3212962963
335,0.37222222222222223,c335,edge-3,460956.74583333335,5.789930555555555,163872.0,14373.0,460956.74583333335,5.789930555555555,32774.4,-32774.4,14373.0,442561.1357638889
336,0.37333333333333335,c336,edge-6,460956.74583333335,5.796296296296298,164895.0,14470.0,460956.74583333335,5.796296296296298,32979.0,-32979.0,14470.0,442453.54212962964
337,0.37444444444444447,c337,edge-6,460956.74583333335,5.792245370370372,165252.0,14569.0,460956.74583333335,5.792245370370372,33050.4,-33050.4,14569.0,442481.1380787037
338,0.37555555555555553,c338,edge-5,460956.74583333335,5.8142361111111125,165643.0,14648.0,460956.74583333335,5.8142361111111125,33128.6,-33128.6,14648.0,442481.9600694445
339,0.37666666666666665,c339,edge-7,460956.74583333335,5.854166666666668,166040.0,14727.0,460956.74583333335,5.854166666666668,33208.0,-33208.0,14727.0,442481.60000000003
340,0.37777777777777777,c340,edge-4,462462.99583333335,5.897569444444445,166045.0,14816.0,462462.99583333335,5.897569444444445,33209.0,-33209.0,14816.0,444075.8934027778
341,0.3788888888888889,c341,edge-4,462462.99583333335,5.91724537037037,167068.0,14907.0,462462.99583333335,5.91724537037037,33413.6,-33413.6,14907.0,443962.31307870377
342,0.38,c342,edge-6,462462.99583333335,5.9519675925925934,167425.0,15008.0,462462.99583333335,5.9519675925925934,33485.0,-33485.0,15008.0,443991.94780092593
343,0.3811111111111111,c343,edge-6,462462.99583333335,5.9832175925925934,168448.0,15111.0,462462.99583333335,5.9832175925925934,33689.6,-33689.6,15111.0,443890.37905092596
344,0.38222222222222224,c344,edge-6,462462.99583333335,5.984375,168805.0,15216.0,462462.99583333335,5.984375,33761.0,-33761.0,15216.0,443923.98020833335
345,0.38333333333333336,c345,edge-3,462462.99583333335,6.000578703703702,169309.0,15279.0,462462.99583333335,6.000578703703702,33861.8,-33861.8,15279.0,443886.19641203707
346,0.3844444444444444,c346,edge-4,466097.35833333334,6.033564814814815,169310.0,15372.0,466097.35833333334,6.033564814814815,33862.0,-33862.0,15372.0,447613.39189814817
347,0.38555555555555554,c347,edge-6,482634.9708333333,6.049768518518519,169310.0,15479.0,482634.9708333333,6.049768518518519,33862.0,-33862.0,15479.0,464258.02060185187
348,0.38666666666666666,c348,edge-5,482634.9708333333,6.068287037037036,169701.0,15560.0,482634.9708333333,6.068287037037036,33940.200000000004,-33940.200000000004,15560.0,464260.83912037034
349,0.3877777777777778,c349,edge-8,482634.9708333333,6.082754629629629,169747.0,15651.0,482634.9708333333,6.082754629629629,33949.4,-33949.4,15651.0,464342.6535879629
350,0.3888888888888889,c350,edge-2,483763.3708333333,6.087384259259259,169747.0,15758.0,483763.3708333333,6.087384259259259,33949.4,-33949.4,15758.0,465578.05821759254
351,0.39,c351,edge-4,483763.3708333333,6.0868055555555545,170770.0,15853.0,483763.3708333333,6.0868055555555545,34154.0,-34154.0,15853.0,465468.45763888885
352,0.39111111111111113,c352,edge-1,483763.3708333333,6.114583333333333,171029.0,15926.0,483763.3708333333,6.114583333333333,34205.8,-34205.8,15926.0,465489.6854166666
353,0.39222222222222225,c353,edge-4,483763.3708333333,6.134259259259259,172052.0,16023.0,483763.3708333333,6.134259259259259,34410.4,-34410.4,16023.0,465382.10509259254
354,0.3933333333333333,c354,edge-1,483763.3708333333,6.175925925925926,172606.0,16098.0,483763.3708333333,6.175925925925926,34521.200000000004,-34521.200000000004,16098.0,465346.3467592592
355,0.39444444444444443,c355,edge-3,483763.3708333333,6.170138888888888,172825.0,16163.0,483763.3708333333,6.170138888888888,34565.0,-34565.0,16163.0,465367.54097222217
356,0.39555555555555555,c356,edge-2,483763.3708333333,6.18287037037037,173848.0,16272.0,483763.3708333333,6.18287037037037,34769.6,-34769.6,16272.0,465271.9537037037
357,0.39666666666666667,c357,edge-7,483763.3708333333,6.222800925925926,174054.0,16353.0,483763.3708333333,6.222800925925926,34810.8,-34810.8,16353.0,465311.7936342592
358,0.3977777777777778,c358,edge-7,483763.3708333333,6.255787037037037,174338.0,16436.0,483763.3708333333,6.255787037037037,34867.6,-34867.6,16436.0,465338.02662037034
359,0.3988888888888889,c359,edge-4,487426.5583333333,6.268518518518519,174338.0,16535.0,487426.5583333333,6.268518518518519,34867.6,-34867.6,16535.0,469100.22685185185
360,0.4,c360,edge-3,487426.5583333333,6.27662037037037,174410.0,16602.0,487426.5583333333,6.27662037037037,34882.0,-34882.0,16602.0,469152.8349537037
361,0.4011111111111111,c361,edge-4,487426.5583333333,6.316550925925926,175433.0,16703.0,487426.5583333333,6.316550925925926,35086.6,-35086.6,16703.0,469049.2748842592
362,0.4022222222222222,c362,edge-5,487426.5583333333,6.338541666666667,175824.0,16786.0,487426.5583333333,6.338541666666667,35164.8,-35164.8,16786.0,469054.096875
363,0.4033333333333333,c363,edge-6,487426.5583333333,6.366319444444445,176847.0,16895.0,487426.5583333333,6.366319444444445,35369.4,-35369.4,16895.0,468958.5246527777
364,0.40444444444444444,c364,edge-3,487426.5583333333,6.369212962962964,177228.0,16964.0,487426.5583333333,6.369212962962964,35445.6,-35445.6,16964.0,468951.3275462963
365,0.40555555555555556,c365,edge-5,487426.5583333333,6.366898148148149,177460.0,17049.0,487426.5583333333,6.366898148148149,35492.0,-35492.0,17049.0,468989.92523148144
366,0.4066666666666667,c366,edge-7,487426.5583333333,6.405092592592593,177927.0,17134.0,487426.5583333333,6.405092592592593,35585.4,-35585.4,17134.0,468981.56342592585
367,0.4077777777777778,c367,edge-2,487426.5583333333,6.436342592592593,178950.0,17245.0,487426.5583333333,6.436342592592593,35790.0,-35790.0,17245.0,468887.9946759259
368,0.4088888888888889,c368,edge-7,487426.5583333333,6.427083333333334,179417.0,17332.0,487426.5583333333,6.427083333333334,35883.4,-35883.4,17332.0,468881.5854166666
369,0.41,c369,edge-3,487426.5583333333,6.435185185185185,179798.0,17403.0,487426.5583333333,6.435185185185185,35959.6,-35959.6,17403.0,468876.3935185185
370,0.4111111111111111,c370,edge-1,487426.5583333333,6.460069444444445,180057.0,17480.0,487426.5583333333,6.460069444444445,36011.4,-36011.4,17480.0,468901.6184027777
371,0.4122222222222222,c371,edge-5,487426.5583333333,6.471643518518518,180534.0,17567.0,487426.5583333333,6.471643518518518,36106.8,-36106.8,17567.0,468893.22997685184
372,0.41333333333333333,c372,edge-5,487426.5583333333,6.480902777777778,180913.0,17656.0,487426.5583333333,6.480902777777778,36182.6,-36182.6,17656.0,468906.43923611107
373,0.41444444444444445,c373,edge-1,487426.5583333333,6.497106481481481,181292.0,17735.0,487426.5583333333,6.497106481481481,36258.4,-36258.4,17735.0,468909.6554398147
374,0.41555555555555557,c374,edge-4,490135.7708333333,6.496527777777778,181292.0,17838.0,490135.7708333333,6.496527777777778,36258.4,-36258.4,17838.0,471721.86736111104
375,0.4166666666666667,c375,edge-3,490135.7708333333,6.502893518518519,181559.0,17911.0,490135.7708333333,6.502893518518519,36311.8,-36311.8,17911.0,471741.47372685187
376,0.4177777777777778,c376,edge-2,492398.25833333336,6.502314814814815,181559.0,18024.0,492398.25833333336,6.502314814814815,36311.8,-36311.8,18024.0,474116.9606481482
377,0.41888888888888887,c377,edge-5,492398.25833333336,6.50462962962963,181898.0,18115.0,492398.25833333336,6.50462962962963,36379.6,-36379.6,18115.0,474140.162962963
378,0.42,c378,edge-6,492398.25833333336,6.505787037037036,182921.0,18226.0,492398.25833333336,6.505787037037036,36584.200000000004,-36584.200000000004,18226.0,474046.56412037037
379,0.4211111111111111,c379,edge-7,492398.25833333336,6.518518518518517,183318.0,18315.0,492398.25833333336,6.518518518518517,36663.6,-36663.6,18315.0,474056.1768518519
380,0.4222222222222222,c380,edge-3,492398.25833333336,6.523148148148147,183604.0,18390.0,492398.25833333336,6.523148148148147,36720.8,-36720.8,18390.0,474073.9814814815
381,0.42333333333333334,c381,edge-4,492398.25833333336,6.541087962962962,184627.0,18495.0,492398.25833333336,6.541087962962962,36925.4,-36925.4,18495.0,473974.3994212963
382,0.42444444444444446,c382,edge-7,492398.25833333336,6.542245370370369,185094.0,18586.0,492398.25833333336,6.542245370370369,37018.8,-37018.8,18586.0,473972.00057870377
383,0.4255555555555556,c383,edge-4,492398.25833333336,6.578703703703703,186117.0,18693.0,492398.25833333336,6.578703703703703,37223.4,-37223.4,18693.0,473874.43703703705
384,0.4266666666666667,c384,edge-8,492398.25833333336,6.609953703703703,186710.0,18786.0,492398.25833333336,6.609953703703703,37342.0,-37342.0,18786.0,473848.86828703707
385,0.42777777777777776,c385,edge-8,492398.25833333336,6.6498842592592595,187135.0,18881.0,492398.25833333336,6.6498842592592595,37427.0,-37427.0,18881.0,473858.90821759263
386,0.4288888888888889,c386,edge-6,492398.25833333336,6.692708333333332,187295.0,18994.0,492398.25833333336,6.692708333333332,37459.0,-37459.0,18994.0,473939.9510416667
387,0.43,c387,edge-8,492398.25833333336,6.717592592592593,187720.0,19091.0,492398.25833333336,6.717592592592593,37544.0,-37544.0,19091.0,473951.97592592594
388,0.4311111111111111,c388,edge-4,492398.25833333336,6.730324074074074,187825.0,19200.0,492398.25833333336,6.730324074074074,37565.0,-37565.0,19200.0,474039.98865740746
389,0.43222222222222223,c389,edge-8,492398.25833333336,6.726273148148148,188101.0,19299.0,492398.25833333336,6.726273148148148,37620.200000000004,-37620.200000000004,19299.0,474083.7846064815
390,0.43333333333333335,c390,edge-1,492398.25833333336,6.725694444444445,188480.0,19380.0,492398.25833333336,6.725694444444445,37696.0,-37696.0,19380.0,474088.9840277778
391,0.43444444444444447,c391,edge-4,492398.25833333336,6.747106481481481,189503.0,19491.0,492398.25833333336,6.747106481481481,37900.6,-37900.6,19491.0,473995.40543981484
392,0.43555555555555553,c392,edge-6,492398.25833333336,6.768518518518518,190526.0,19606.0,492398.25833333336,6.768518518518518,38105.200000000004,-38105.200000000004,19606.0,473905.8268518519
393,0.43666666666666665,c393,edge-3,492398.25833333336,6.8032407407407405,191030.0,19683.0,492398.25833333336,6.8032407407407405,38206.0,-38206.0,19683.0,473882.0615740741
394,0.43777777777777777,c394,edge-3,492398.25833333336,6.822916666666667,191411.0,19762.0,492398.25833333336,6.822916666666667,38282.200000000004,-38282.200000000004,19762.0,473884.88125000003
395,0.4388888888888889,c395,edge-7,492398.25833333336,6.824074074074075,191808.0,19855.0,492398.25833333336,6.824074074074075,38361.6,-38361.6,19855.0,473898.4824074075
396,0.44,c396,edge-8,492398.25833333336,6.858796296296298,192401.0,19956.0,492398.25833333336,6.858796296296298,38480.200000000004,-38480.200000000004,19956.0,473880.91712962964
397,0.4411111111111111,c397,edge-6,492398.25833333336,6.89525462962963,192758.0,20073.0,492398.25833333336,6.89525462962963,38551.6,-38551.6,20073.0,473926.553587963
398,0.44222222222222224,c398,edge-5,492398.25833333336,6.897569444444445,193149.0,20166.0,492398.25833333336,6.897569444444445,38629.8,-38629.8,20166.0,473941.3559027778
399,0.44333333333333336,c399,edge-7,492398.25833333336,6.906828703703703,193433.0,20261.0,492398.25833333336,6.906828703703703,38686.6,-38686.6,20261.0,473979.5651620371
400,0.4444444444444444,c400,edge-5,492398.25833333336,6.934606481481482,193910.0,20356.0,492398.25833333336,6.934606481481482,38782.0,-38782.0,20356.0,473979.1929398148
401,0.44555555555555554,c401,edge-6,492398.25833333336,6.937500000000001,194933.0,20475.0,492398.25833333336,6.937500000000001,38986.6,-38986.6,20475.0,473893.5958333334
402,0.44666666666666666,c402,edge-5,492398.25833333336,6.950231481481482,195324.0,20572.0,492398.25833333336,6.950231481481482,39064.8,-39064.8,20572.0,473912.40856481483
403,0.4477777777777778,c403,edge-5,492398.25833333336,6.954861111111112,195663.0,20671.0,492398.25833333336,6.954861111111112,39132.6,-39132.6,20671.0,473943.6131944445
404,0.4488888888888889,c404,edge-8,492398.25833333336,6.984375,196088.0,20774.0,492398.25833333336,6.984375,39217.6,-39217.6,20774.0,473961.6427083334
405,0.45,c405,edge-7,492398.25833333336,6.997106481481481,196265.0,20871.0,492398.25833333336,6.997106481481481,39253.0,-39253.0,20871.0,474023.2554398148
406,0.45111111111111113,c406,edge-4,492398.25833333336,6.9930555555555545,197288.0,20984.0,492398.25833333336,6.9930555555555545,39457.600000000006,-39457.600000000006,20984.0,473931.65138888895
407,0.45222222222222225,c407,edge-8,492398.25833333336,6.994212962962962,197338.0,21089.0,492398.25833333336,6.994212962962962,39467.600000000006,-39467.600000000006,21089.0,474026.65254629636
408,0.4533333333333333,c408,edge-2,492398.25833333336,7.005208333333332,198361.0,21204.0,492398.25833333336,7.005208333333332,39672.200000000004,-39672.200000000004,21204.0,473937.06354166666
409,0.45444444444444443,c409,edge-1,492398.25833333336,7.032986111111111,198506.0,21287.0,492398.25833333336,7.032986111111111,39701.200000000004,-39701.200000000004,21287.0,473991.0913194445
410,0.45555555555555555,c410,edge-8,492398.25833333336,7.045717592592592,198782.0,21394.0,492398.25833333336,7.045717592592592,39756.4,-39756.4,21394.0,474042.9040509259
411,0.45666666666666667,c411,edge-2,492398.25833333336,7.089120370370369,198845.0,21511.0,492398.25833333336,7.089120370370369,39769.0,-39769.0,21511.0,474147.34745370375
412,0.4577777777777778,c412,edge-7,492398.25833333336,7.0868055555555545,199312.0,21610.0,492398.25833333336,7.0868055555555545,39862.4,-39862.4,21610.0,474152.9451388889
413,0.4588888888888889,c413,edge-6,492398.25833333336,7.109953703703703,200335.0,21731.0,492398.25833333336,7.109953703703703,40067.0,-40067.0,21731.0,474069.36828703707
414,0.46,c414,edge-5,492398.25833333336,7.121527777777778,200812.0,21832.0,492398.25833333336,7.121527777777778,40162.4,-40162.4,21832.0,474074.9798611111
415,0.46111111111111114,c415,edge-5,492398.25833333336,7.142361111111112,201289.0,21935.0,492398.25833333336,7.142361111111112,40257.8,-40257.8,21935.0,474082.6006944445
416,0.4622222222222222,c416,edge-7,492398.25833333336,7.16724537037037,201495.0,22036.0,492398.25833333336,7.16724537037037,40299.0,-40299.0,22036.0,474142.42557870375
417,0.4633333333333333,c417,edge-1,492398.25833333336,7.184606481481481,201754.0,22121.0,492398.25833333336,7.184606481481481,40350.8,-40350.8,22121.0,474175.64293981483
418,0.46444444444444444,c418,edge-8,492398.25833333336,7.182291666666666,202347.0,22230.0,492398.25833333336,7.182291666666666,40469.4,-40469.4,22230.0,474166.040625
419,0.46555555555555556,c419,edge-2,492398.25833333336,7.1782407407407405,202465.0,22349.0,492398.25833333336,7.1782407407407405,40493.0,-40493.0,22349.0,474261.4365740741
420,0.4666666666666667,c420,edge-8,492398.25833333336,7.218171296296296,203058.0,22460.0,492398.25833333336,7.218171296296296,40611.600000000006,-40611.600000000006,22460.0,474253.8765046296
421,0.4677777777777778,c421,edge-4,492398.25833333336,7.236111111111111,204081.0,22575.0,492398.25833333336,7.236111111111111,40816.200000000004,-40816.200000000004,22575.0,474164.2944444445
422,0.4688888888888889,c422,edge-3,492398.25833333336,7.2355324074074066,204367.0,22656.0,492398.25833333336,7.2355324074074066,40873.4,-40873.4,22656.0,474188.09386574075
423,0.47,c423,edge-6,492398.25833333336,7.255208333333332,204628.0,22779.0,492398.25833333336,7.255208333333332,40925.600000000006,-40925.600000000006,22779.0,474258.9135416667
424,0.4711111111111111,c424,edge-2,492398.25833333336,7.293402777777777,205651.0,22900.0,492398.25833333336,7.293402777777777,41130.200000000004,-41130.200000000004,22900.0,474175.3517361111
425,0.4722222222222222,c425,edge-8,492398.25833333336,7.309606481481481,206244.0,23013.0,492398.25833333336,7.309606481481481,41248.8,-41248.8,23013.0,474169.76793981483
426,0.47333333333333333,c426,edge-2,492398.25833333336,7.3125,206362.0,23136.0,492398.25833333336,7.3125,41272.4,-41272.4,23136.0,474269.17083333334
427,0.47444444444444445,c427,edge-7,492398.25833333336,7.332175925925926,206829.0,23239.0,492398.25833333336,7.332175925925926,41365.8,-41365.8,23239.0,474278.79050925927
428,0.47555555555555556,c428,edge-6,492398.25833333336,7.359953703703704,207852.0,23364.0,492398.25833333336,7.359953703703704,41570.4,-41570.4,23364.0,474199.21828703705
429,0.4766666666666667,c429,edge-5,492398.25833333336,7.380787037037036,208329.0,23469.0,492398.25833333336,7.380787037037036,41665.8,-41665.8,23469.0,474208.8391203704
430,0.4777777777777778,c430,edge-4,492398.25833333336,7.420717592592592,209352.0,23586.0,492398.25833333336,7.420717592592592,41870.4,-41870.4,23586.0,474121.2790509259
431,0.47888888888888886,c431,edge-4,492398.25833333336,7.457175925925926,210375.0,23705.0,492398.25833333336,7.457175925925926,42075.0,-42075.0,23705.0,474035.71550925926
432,0.48,c432,edge-1,492398.25833333336,7.486689814814815,210547.0,23792.0,492398.25833333336,7.486689814814815,42109.4,-42109.4,23792.0,474088.34502314817
433,0.4811111111111111,c433,edge-4,492398.25833333336,7.5063657407407405,211570.0,23913.0,492398.25833333336,7.5063657407407405,42314.0,-42314.0,23913.0,474004.7646990741
434,0.4822222222222222,c434,edge-8,492398.25833333336,7.541087962962964,212163.0,24028.0,492398.25833333336,7.541087962962964,42432.600000000006,-42432.600000000006,24028.0,474001.19942129636
435,0.48333333333333334,c435,edge-3,492398.25833333336,7.5457175925925934,212544.0,24111.0,492398.25833333336,7.5457175925925934,42508.8,-42508.8,24111.0,474008.00405092596
436,0.48444444444444446,c436,edge-1,492398.25833333336,7.578125000000002,213098.0,24200.0,492398.25833333336,7.578125000000002,42619.600000000006,-42619.600000000006,24200.0,473986.2364583333
437,0.4855555555555556,c437,edge-8,492398.25833333336,7.58101851851852,213691.0,24317.0,492398.25833333336,7.58101851851852,42738.200000000004,-42738.200000000004,24317.0,473984.6393518519
438,0.4866666666666667,c438,edge-7,492398.25833333336,7.619212962962965,214088.0,24422.0,492398.25833333336,7.619212962962965,42817.600000000006,-42817.600000000006,24422.0,474010.27754629636
439,0.48777777777777775,c439,edge-2,492398.25833333336,7.657407407407409,215111.0,24547.0,492398.25833333336,7.657407407407409,43022.200000000004,-43022.200000000004,24547.0,473930.71574074076
440,0.4888888888888889,c440,edge-5,492398.25833333336,7.678240740740741,215450.0,24654.0,492398.25833333336,7.678240740740741,43090.0,-43090.0,24654.0,473969.9365740741
441,0.49,c441,edge-7,492398.25833333336,7.694444444444445,215627.0,24761.0,492398.25833333336,7.694444444444445,43125.4,-43125.4,24761.0,474041.5527777778
442,0.4911111111111111,c442,edge-5,492398.25833333336,7.712962962962964,216018.0,24870.0,492398.25833333336,7.712962962962964,43203.600000000006,-43203.600000000006,24870.0,474072.37129629636
443,0.4922222222222222,c443,edge-3,492398.25833333336,7.721064814814815,216304.0,24955.0,492398.25833333336,7.721064814814815,43260.8,-43260.8,24955.0,474100.1793981482
444,0.49333333333333335,c444,edge-7,492398.25833333336,7.71875,216771.0,25064.0,492398.25833333336,7.71875,43354.200000000004,-43354.200000000004,25064.0,474115.77708333335
445,0.49444444444444446,c445,edge-6,492398.25833333336,7.740162037037037,217794.0,25191.0,492398.25833333336,7.740162037037037,43558.8,-43558.8,25191.0,474038.1984953704
446,0.4955555555555556,c446,edge-4,492398.25833333336,7.758101851851852,218817.0,25314.0,492398.25833333336,7.758101851851852,43763.4,-43763.4,25314.0,473956.6164351852
447,0.49666666666666665,c447,edge-8,492398.25833333336,7.794560185185185,219410.0,25433.0,492398.25833333336,7.794560185185185,43882.0,-43882.0,25433.0,473957.0528935185
448,0.49777777777777776,c448,edge-5,492398.25833333336,7.820023148148149,219749.0,25544.0,492398.25833333336,7.820023148148149,43949.8,-43949.8,25544.0,474000.2783564815
449,0.4988888888888889,c449,edge-2,492398.25833333336,7.829282407407408,220772.0,25671.0,492398.25833333336,7.829282407407408,44154.4,-44154.4,25671.0,473922.68761574075
450,0.5,c450,edge-8,492398.25833333336,7.845486111111112,221139.0,25792.0,492398.25833333336,7.845486111111112,44227.8,-44227.8,25792.0,473970.3038194445
451,0.5011111111111111,c451,edge-2,492398.25833333336,7.859953703703703,221257.0,25921.0,492398.25833333336,7.859953703703703,44251.4,-44251.4,25921.0,474075.71828703705
452,0.5022222222222222,c452,edge-8,492398.25833333336,7.896412037037036,221850.0,26044.0,492398.25833333336,7.896412037037036,44370.0,-44370.0,26044.0,474080.1547453704
453,0.5033333333333333,c453,edge-3,492398.25833333336,7.919560185185185,222231.0,26131.0,492398.25833333336,7.919560185185185,44446.200000000004,-44446.200000000004,26131.0,474090.9778935185
454,0.5044444444444445,c454,edge-8,492398.25833333336,7.913773148148149,222824.0,26256.0,492398.25833333336,7.913773148148149,44564.8,-44564.8,26256.0,474097.3721064815
455,0.5055555555555555,c455,edge-7,492398.25833333336,7.907986111111111,223221.0,26367.0,492398.25833333336,7.907986111111111,44644.200000000004,-44644.200000000004,26367.0,474128.9663194445
456,0.5066666666666667,c456,edge-4,492398.25833333336,7.925925925925926,224244.0,26492.0,492398.25833333336,7.925925925925926,44848.8,-44848.8,26492.0,474049.38425925927
457,0.5077777777777778,c457,edge-3,492398.25833333336,7.9438657407407405,224748.0,26581.0,492398.25833333336,7.9438657407407405,44949.600000000006,-44949.600000000006,26581.0,474037.6021990741
458,0.5088888888888888,c458,edge-7,492398.25833333336,7.961805555555555,224954.0,26694.0,492398.25833333336,7.961805555555555,44990.8,-44990.8,26694.0,474109.42013888893
459,0.51,c459,edge-6,492398.25833333336,7.964699074074074,225977.0,26823.0,492398.25833333336,7.964699074074074,45195.4,-45195.4,26823.0,474033.82303240744
460,0.5111111111111111,c460,edge-8,492398.25833333336,7.984375,226402.0,26950.0,492398.25833333336,7.984375,45280.4,-45280.4,26950.0,474075.84270833334
461,0.5122222222222222,c461,edge-4,492398.25833333336,8.01736111111111,226475.0,27077.0,492398.25833333336,8.01736111111111,45295.0,-45295.0,27077.0,474188.2756944445
462,0.5133333333333333,c462,edge-6,492398.25833333336,8.018518518518517,226736.0,27208.0,492398.25833333336,8.018518518518517,45347.200000000004,-45347.200000000004,27208.0,474267.0768518519
463,0.5144444444444445,c463,edge-6,492398.25833333336,8.043402777777777,227759.0,27341.0,492398.25833333336,8.043402777777777,45551.8,-45551.8,27341.0,474195.5017361111
464,0.5155555555555555,c464,edge-2,492398.25833333336,8.083333333333332,227827.0,27472.0,492398.25833333336,8.083333333333332,45565.4,-45565.4,27472.0,474312.94166666665
465,0.5166666666666667,c465,edge-1,492398.25833333336,8.082754629629628,227971.0,27563.0,492398.25833333336,8.082754629629628,45594.200000000004,-45594.200000000004,27563.0,474375.14108796295
466,0.5177777777777778,c466,edge-3,492398.25833333336,8.119212962962962,228238.0,27654.0,492398.25833333336,8.119212962962962,45647.600000000006,-45647.600000000006,27654.0,474412.77754629636
467,0.5188888888888888,c467,edge-2,492398.25833333336,8.131944444444443,229261.0,27787.0,492398.25833333336,8.131944444444443,45852.200000000004,-45852.200000000004,27787.0,474341.1902777778
468,0.52,c468,edge-4,492398.25833333336,8.13136574074074,230284.0,27916.0,492398.25833333336,8.13136574074074,46056.8,-46056.8,27916.0,474265.5896990741
469,0.5211111111111111,c469,edge-4,492398.25833333336,8.173032407407407,231307.0,28047.0,492398.25833333336,8.173032407407407,46261.4,-46261.4,28047.0,474192.03136574075
470,0.5222222222222223,c470,edge-1,492398.25833333336,8.205439814814815,231861.0,28140.0,492398.25833333336,8.205439814814815,46372.200000000004,-46372.200000000004,28140.0,474174.2637731482
471,0.5233333333333333,c471,edge-3,492398.25833333336,8.210069444444445,232242.0,28233.0,492398.25833333336,8.210069444444445,46448.4,-46448.4,28233.0,474191.0684027778
472,0.5244444444444445,c472,edge-7,492398.25833333336,8.212962962962962,232639.0,28348.0,492398.25833333336,8.212962962962962,46527.8,-46527.8,28348.0,474226.67129629635
473,0.5255555555555556,c473,edge-4,492398.25833333336,8.21412037037037,232753.0,28481.0,492398.25833333336,8.21412037037037,46550.600000000006,-46550.600000000006,28481.0,474336.8724537038
474,0.5266666666666666,c474,edge-2,492398.25833333336,8.230324074074074,233776.0,28616.0,492398.25833333336,8.230324074074074,46755.200000000004,-46755.200000000004,28616.0,474267.28865740745
475,0.5277777777777778,c475,edge-1,492398.25833333336,8.273148148148149,234330.0,28711.0,492398.25833333336,8.273148148148149,46866.0,-46866.0,28711.0,474251.5314814815
476,0.5288888888888889,c476,edge-3,492398.25833333336,8.269097222222223,234711.0,28806.0,492398.25833333336,8.269097222222223,46942.200000000004,-46942.200000000004,28806.0,474270.3274305556
477,0.53,c477,edge-7,492398.25833333336,8.296875,235178.0,28923.0,492398.25833333336,8.296875,47035.600000000006,-47035.600000000006,28923.0,474293.9552083333
478,0.5311111111111111,c478,edge-2,492398.25833333336,8.292824074074073,235229.0,29060.0,492398.25833333336,8.292824074074073,47045.8,-47045.8,29060.0,474420.7511574075
479,0.5322222222222223,c479,edge-2,492398.25833333336,8.325810185185185,236252.0,29199.0,492398.25833333336,8.325810185185185,47250.4,-47250.4,29199.0,474355.1841435185
480,0.5333333333333333,c480,edge-8,492398.25833333336,8.32175925925926,236677.0,29328.0,492398.25833333336,8.32175925925926,47335.4,-47335.4,29328.0,474399.1800925926
481,0.5344444444444445,c481,edge-7,492398.25833333336,8.317708333333334,237144.0,29447.0,492398.25833333336,8.317708333333334,47428.8,-47428.8,29447.0,474424.7760416667
482,0.5355555555555556,c482,edge-3,492398.25833333336,8.322337962962964,237525.0,29544.0,492398.25833333336,8.322337962962964,47505.0,-47505.0,29544.0,474445.58067129634
483,0.5366666666666666,c483,edge-5,492398.25833333336,8.324652777777779,237916.0,29657.0,492398.25833333336,8.324652777777779,47583.200000000004,-47583.200000000004,29657.0,474480.3829861111
484,0.5377777777777778,c484,edge-5,492398.25833333336,8.330439814814815,238295.0,29772.0,492398.25833333336,8.330439814814815,47659.0,-47659.0,29772.0,474519.5887731482
485,0.5388888888888889,c485,edge-3,492398.25833333336,8.346643518518519,238799.0,29871.0,492398.25833333336,8.346643518518519,47759.8,-47759.8,29871.0,474517.8049768519
486,0.54,c486,edge-3,492398.25833333336,8.364583333333334,239180.0,29972.0,492398.25833333336,8.364583333333334,47836.0,-47836.0,29972.0,474542.6229166667
487,0.5411111111111111,c487,edge-6,492398.25833333336,8.360532407407407,239537.0,30107.0,492398.25833333336,8.360532407407407,47907.4,-47907.4,30107.0,474606.21886574075
488,0.5422222222222223,c488,edge-5,492398.25833333336,8.365162037037036,239916.0,30224.0,492398.25833333336,8.365162037037036,47983.200000000004,-47983.200000000004,30224.0,474647.42349537037
489,0.5433333333333333,c489,edge-8,492398.25833333336,8.390046296296296,240509.0,30355.0,492398.25833333336,8.390046296296296,48101.8,-48101.8,30355.0,474659.84837962966
490,0.5444444444444444,c490,edge-3,492398.25833333336,8.402777777777779,240728.0,30458.0,492398.25833333336,8.402777777777779,48145.600000000006,-48145.600000000006,30458.0,474719.0611111111
491,0.5455555555555556,c491,edge-6,492398.25833333336,8.403935185185185,241085.0,30595.0,492398.25833333336,8.403935185185185,48217.0,-48217.0,30595.0,474784.6622685185
492,0.5466666666666666,c492,edge-4,492398.25833333336,8.445601851851851,241199.0,30730.0,492398.25833333336,8.445601851851851,48239.8,-48239.8,30730.0,474896.9039351852
493,0.5477777777777778,c493,edge-2,492398.25833333336,8.476851851851851,242222.0,30871.0,492398.25833333336,8.476851851851851,48444.4,-48444.4,30871.0,474833.3351851852
494,0.5488888888888889,c494,edge-3,492398.25833333336,8.481481481481481,242603.0,30976.0,492398.25833333336,8.481481481481481,48520.600000000006,-48520.600000000006,30976.0,474862.1398148148
495,0.55,c495,edge-3,492398.25833333336,8.501157407407407,242984.0,31083.0,492398.25833333336,8.501157407407407,48596.8,-48596.8,31083.0,474892.9594907408
496,0.5511111111111111,c496,edge-3,492398.25833333336,8.524305555555555,243365.0,31192.0,492398.25833333336,8.524305555555555,48673.0,-48673.0,31192.0,474925.7826388889
497,0.5522222222222222,c497,edge-1,492398.25833333336,8.585648148148149,243919.0,31289.0,492398.25833333336,8.585648148148149,48783.8,-48783.8,31289.0,474912.0439814815
498,0.5533333333333333,c498,edge-6,492398.25833333336,8.608796296296296,244942.0,31428.0,492398.25833333336,8.608796296296296,48988.4,-48988.4,31428.0,474846.46712962963
499,0.5544444444444444,c499,edge-3,492398.25833333336,8.625,245228.0,31539.0,492398.25833333336,8.625,49045.600000000006,-49045.600000000006,31539.0,474900.2833333333
500,0.5555555555555556,c500,edge-3,492398.25833333336,8.644675925925926,245732.0,31652.0,492398.25833333336,8.644675925925926,49146.4,-49146.4,31652.0,474912.50300925924
501,0.5566666666666666,c501,edge-2,492398.25833333336,8.674189814814815,246755.0,31795.0,492398.25833333336,8.674189814814815,49351.0,-49351.0,31795.0,474850.9325231482
502,0.5577777777777778,c502,edge-4,492398.25833333336,8.71238425925926,247778.0,31932.0,492398.25833333336,8.71238425925926,49555.600000000006,-49555.600000000006,31932.0,474783.37071759265
503,0.5588888888888889,c503,edge-4,492398.25833333336,8.710069444444445,248801.0,32071.0,492398.25833333336,8.710069444444445,49760.200000000004,-49760.200000000004,32071.0,474717.7684027778
504,0.56,c504,edge-5,492398.25833333336,8.71238425925926,249278.0,32190.0,492398.25833333336,8.71238425925926,49855.600000000006,-49855.600000000006,32190.0,474741.37071759265
505,0.5611111111111111,c505,edge-6,492398.25833333336,8.72511574074074,249502.0,32331.0,492398.25833333336,8.72511574074074,49900.4,-49900.4,32331.0,474837.58344907407
506,0.5622222222222222,c506,edge-8,492398.25833333336,8.752893518518519,249927.0,32464.0,492398.25833333336,8.752893518518519,49985.4,-49985.4,32464.0,474885.6112268519
507,0.5633333333333334,c507,edge-4,492398.25833333336,8.772569444444446,250950.0,32605.0,492398.25833333336,8.772569444444446,50190.0,-50190.0,32605.0,474822.0309027778
508,0.5644444444444444,c508,edge-2,492398.25833333336,8.803819444444446,251973.0,32750.0,492398.25833333336,8.803819444444446,50394.600000000006,-50394.600000000006,32750.0,474762.4621527778
509,0.5655555555555556,c509,edge-3,492398.25833333336,8.806712962962964,252354.0,32865.0,492398.25833333336,8.806712962962964,50470.8,-50470.8,32865.0,474801.26504629635
510,0.5666666666666667,c510,edge-6,492398.25833333336,8.82986111111111,253377.0,33008.0,492398.25833333336,8.82986111111111,50675.4,-50675.4,33008.0,474739.68819444446
511,0.5677777777777778,c511,edge-7,492398.25833333336,8.844328703703704,253661.0,33129.0,492398.25833333336,8.844328703703704,50732.200000000004,-50732.200000000004,33129.0,474803.90266203706
512,0.5688888888888889,c512,edge-1,492398.25833333336,8.84201388888889,253805.0,33228.0,492398.25833333336,8.84201388888889,50761.0,-50761.0,33228.0,474874.10034722224
513,0.57,c513,edge-8,492398.25833333336,8.881944444444445,254081.0,33363.0,492398.25833333336,8.881944444444445,50816.200000000004,-50816.200000000004,33363.0,474953.9402777778
514,0.5711111111111111,c514,edge-4,492398.25833333336,8.90162037037037,255104.0,33506.0,492398.25833333336,8.90162037037037,51020.8,-51020.8,33506.0,474892.35995370377
515,0.5722222222222222,c515,edge-8,492398.25833333336,8.914351851851853,255529.0,33643.0,492398.25833333336,8.914351851851853,51105.8,-51105.8,33643.0,474944.3726851852
516,0.5733333333333334,c516,edge-3,492398.25833333336,8.930555555555557,255575.0,33760.0,492398.25833333336,8.930555555555557,51115.0,-51115.0,33760.0,475052.1888888889
517,0.5744444444444444,c517,edge-3,492398.25833333336,8.94675925925926,255861.0,33879.0,492398.25833333336,8.94675925925926,51172.200000000004,-51172.200000000004,33879.0,475114.0050925926
518,0.5755555555555556,c518,edge-1,492398.25833333336,8.986689814814815,256240.0,33980.0,492398.25833333336,8.986689814814815,51248.0,-51248.0,33980.0,475139.2450231482
519,0.5766666666666667,c519,edge-8,492922.6583333334,9.02662037037037,256240.0,34119.0,492922.6583333334,9.02662037037037,51248.0,-51248.0,34119.0,475802.6849537038
520,0.5777777777777777,c520,edge-4,492922.6583333334,9.066550925925927,257263.0,34264.0,492922.6583333334,9.066550925925927,51452.600000000006,-51452.600000000006,34264.0,475743.1248842593
521,0.5788888888888889,c521,edge-2,492922.6583333334,9.081018518518519,258286.0,34411.0,492922.6583333334,9.081018518518519,51657.200000000004,-51657.200000000004,34411.0,475685.5393518519
522,0.58,c522,edge-8,492922.6583333334,9.119212962962964,258562.0,34552.0,492922.6583333334,9.119212962962964,51712.4,-51712.4,34552.0,475771.37754629634
523,0.5811111111111111,c523,edge-5,492922.6583333334,9.128472222222223,259039.0,34673.0,492922.6583333334,9.128472222222223,51807.8,-51807.8,34673.0,475796.98680555564
524,0.5822222222222222,c524,edge-4,492922.6583333334,9.168402777777779,260062.0,34820.0,492922.6583333334,9.168402777777779,52012.4,-52012.4,34820.0,475739.4267361111
525,0.5833333333333334,c525,edge-8,493627.4583333334,9.167824074074074,260090.0,34963.0,493627.4583333334,9.167824074074074,52018.0,-52018.0,34963.0,476581.6261574075
526,0.5844444444444444,c526,edge-4,493627.4583333334,9.1875,261113.0,35112.0,493627.4583333334,9.1875,52222.600000000006,-52222.600000000006,35112.0,476526.0458333334
527,0.5855555555555556,c527,edge-7,493627.4583333334,9.208912037037038,261397.0,35235.0,493627.4583333334,9.208912037037038,52279.4,-52279.4,35235.0,476592.26724537037
528,0.5866666666666667,c528,edge-2,493627.4583333334,9.218171296296296,262420.0,35384.0,493627.4583333334,9.218171296296296,52484.0,-52484.0,35384.0,476536.67650462966
529,0.5877777777777777,c529,edge-7,493627.4583333334,9.252893518518519,262887.0,35509.0,493627.4583333334,9.252893518518519,52577.4,-52577.4,35509.0,476568.3112268519
530,0.5888888888888889,c530,edge-3,493627.4583333334,9.274305555555555,263173.0,35630.0,493627.4583333334,9.274305555555555,52634.600000000006,-52634.600000000006,35630.0,476632.1326388889
531,0.59,c531,edge-2,493627.4583333334,9.285300925925926,264196.0,35781.0,493627.4583333334,9.285300925925926,52839.200000000004,-52839.200000000004,35781.0,476578.54363425926
532,0.5911111111111111,c532,edge-5,493627.4583333334,9.284143518518519,264535.0,35904.0,493627.4583333334,9.284143518518519,52907.0,-52907.0,35904.0,476633.7424768519
533,0.5922222222222222,c533,edge-5,493627.4583333334,9.308449074074074,264914.0,36029.0,493627.4583333334,9.308449074074074,52982.8,-52982.8,36029.0,476682.9667824075
534,0.5933333333333334,c534,edge-2,493627.4583333334,9.302662037037036,265937.0,36182.0,493627.4583333334,9.302662037037036,53187.4,-53187.4,36182.0,476631.36099537037
535,0.5944444444444444,c535,edge-1,493627.4583333334,9.340856481481481,266196.0,36285.0,493627.4583333334,9.340856481481481,53239.200000000004,-53239.200000000004,36285.0,476682.5991898148
536,0.5955555555555555,c536,edge-7,493627.4583333334,9.340277777777777,266542.0,36412.0,493627.4583333334,9.340277777777777,53308.4,-53308.4,36412.0,476740.3986111111
537,0.5966666666666667,c537,edge-4,493627.4583333334,9.341435185185185,267565.0,36563.0,493627.4583333334,9.341435185185185,53513.0,-53513.0,36563.0,476686.79976851854
538,0.5977777777777777,c538,edge-7,493627.4583333334,9.370949074074074,267962.0,36692.0,493627.4583333334,9.370949074074074,53592.4,-53592.4,36692.0,476736.42928240745
539,0.5988888888888889,c539,edge-7,493627.4583333334,9.39236111111111,268246.0,36823.0,493627.4583333334,9.39236111111111,53649.200000000004,-53649.200000000004,36823.0,476810.6506944445
540,0.6,c540,edge-1,493627.4583333334,9.39525462962963,268625.0,36928.0,493627.4583333334,9.39525462962963,53725.0,-53725.0,36928.0,476839.853587963
541,0.6011111111111112,c541,edge-4,493627.4583333334,9.394675925925926,268672.0,37081.0,493627.4583333334,9.394675925925926,53734.4,-53734.4,37081.0,476983.45300925925
542,0.6022222222222222,c542,edge-6,493627.4583333334,9.434606481481481,269029.0,37226.0,493627.4583333334,9.434606481481481,53805.8,-53805.8,37226.0,477057.09293981484
543,0.6033333333333334,c543,edge-4,493627.4583333334,9.449074074074073,270052.0,37381.0,493627.4583333334,9.449074074074073,54010.4,-54010.4,37381.0,477007.50740740745
544,0.6044444444444445,c544,edge-7,493627.4583333334,9.460069444444443,270519.0,37514.0,493627.4583333334,9.460069444444443,54103.8,-54103.8,37514.0,477047.1184027778
545,0.6055555555555555,c545,edge-6,493627.4583333334,9.45949074074074,271542.0,37661.0,493627.4583333334,9.45949074074074,54308.4,-54308.4,37661.0,476989.5178240741
546,0.6066666666666667,c546,edge-3,493627.4583333334,9.455439814814815,272046.0,37784.0,493627.4583333334,9.455439814814815,54409.200000000004,-54409.200000000004,37784.0,477011.7137731482
547,0.6077777777777778,c547,edge-5,493627.4583333334,9.463541666666666,272523.0,37911.0,493627.4583333334,9.463541666666666,54504.600000000006,-54504.600000000006,37911.0,477043.321875
548,0.6088888888888889,c548,edge-8,493627.4583333334,9.461226851851851,272890.0,38056.0,493627.4583333334,9.461226851851851,54578.0,-54578.0,38056.0,477114.9195601852
549,0.61,c549,edge-1,493627.4583333334,9.453703703703704,273269.0,38163.0,493627.4583333334,9.453703703703704,54653.8,-54653.8,38163.0,477146.1120370371
550,0.6111111111111112,c550,edge-2,493627.4583333334,9.447916666666668,274292.0,38318.0,493627.4583333334,9.447916666666668,54858.4,-54858.4,38318.0,477096.50625000003
551,0.6122222222222222,c551,edge-2,493627.4583333334,9.454282407407408,274410.0,38475.0,493627.4583333334,9.454282407407408,54882.0,-54882.0,38475.0,477229.9126157408
552,0.6133333333333333,c552,edge-3,493627.4583333334,9.448495370370372,274914.0,38600.0,493627.4583333334,9.448495370370372,54982.8,-54982.8,38600.0,477254.1068287038
553,0.6144444444444445,c553,edge-6,493627.4583333334,9.476273148148149,275937.0,38749.0,493627.4583333334,9.476273148148149,55187.4,-55187.4,38749.0,477198.5346064815
554,0.6155555555555555,c554,edge-3,493627.4583333334,9.517939814814815,276441.0,38876.0,493627.4583333334,9.517939814814815,55288.200000000004,-55288.200000000004,38876.0,477224.7762731482
555,0.6166666666666667,c555,edge-3,493627.4583333334,9.550925925925926,276945.0,39005.0,493627.4583333334,9.550925925925926,55389.0,-55389.0,39005.0,477253.00925925927
556,0.6177777777777778,c556,edge-7,493627.4583333334,9.565393518518517,277342.0,39140.0,493627.4583333334,9.565393518518517,55468.4,-55468.4,39140.0,477308.6237268519
557,0.6188888888888889,c557,edge-4,493627.4583333334,9.605324074074074,278365.0,39297.0,493627.4583333334,9.605324074074074,55673.0,-55673.0,39297.0,477261.0636574075
558,0.62,c558,edge-1,493627.4583333334,9.625,278537.0,39406.0,493627.4583333334,9.625,55707.4,-55707.4,39406.0,477335.68333333335
559,0.6211111111111111,c559,edge-8,493627.4583333334,9.626157407407408,278904.0,39553.0,493627.4583333334,9.626157407407408,55780.8,-55780.8,39553.0,477409.2844907408
560,0.6222222222222222,c560,edge-2,493627.4583333334,9.659143518518519,279927.0,39712.0,493627.4583333334,9.659143518518519,55985.4,-55985.4,39712.0,477363.7174768519
561,0.6233333333333333,c561,edge-5,493627.4583333334,9.677662037037036,280266.0,39841.0,493627.4583333334,9.677662037037036,56053.200000000004,-56053.200000000004,39841.0,477424.9359953704
562,0.6244444444444445,c562,edge-6,493627.4583333334,9.680555555555555,281289.0,39992.0,493627.4583333334,9.680555555555555,56257.8,-56257.8,39992.0,477371.33888888895
563,0.6255555555555555,c563,edge-8,493760.32083333336,9.671296296296296,281289.0,40141.0,493760.32083333336,9.671296296296296,56257.8,-56257.8,40141.0,477653.19212962966
564,0.6266666666666667,c564,edge-6,493760.32083333336,9.702546296296296,281520.0,40294.0,493760.32083333336,9.702546296296296,56304.0,-56304.0,40294.0,477760.02337962965
565,0.6277777777777778,c565,edge-2,493760.32083333336,9.727430555555555,281566.0,40455.0,493760.32083333336,9.727430555555555,56313.200000000004,-56313.200000000004,40455.0,477911.8482638889
566,0.6288888888888889,c566,edge-2,493760.32083333336,9.765624999999998,282589.0,40618.0,493760.32083333336,9.765624999999998,56517.8,-56517.8,40618.0,477870.2864583334
567,0.63,c567,edge-2,493760.32083333336,9.796874999999998,283612.0,40783.0,493760.32083333336,9.796874999999998,56722.4,-56722.4,40783.0,477830.71770833334
568,0.6311111111111111,c568,edge-3,493760.32083333336,9.803240740740739,283993.0,40914.0,493760.32083333336,9.803240740740739,56798.600000000006,-56798.600000000006,40914.0,477885.5240740741
569,0.6322222222222222,c569,edge-6,493760.32083333336,9.826388888888888,284350.0,41069.0,493760.32083333336,9.826388888888888,56870.0,-56870.0,41069.0,477969.14722222224
570,0.6333333333333333,c570,edge-8,493760.32083333336,9.829282407407407,284717.0,41220.0,493760.32083333336,9.829282407407407,56943.4,-56943.4,41220.0,478046.75011574075
571,0.6344444444444445,c571,edge-5,493760.32083333336,9.828125,284924.0,41351.0,493760.32083333336,9.828125,56984.8,-56984.8,41351.0,478136.3489583334
572,0.6355555555555555,c572,edge-4,493760.32083333336,9.829282407407408,285947.0,41510.0,493760.32083333336,9.829282407407408,57189.4,-57189.4,41510.0,478090.75011574075
573,0.6366666666666667,c573,edge-5,493760.32083333336,9.830439814814815,286176.0,41643.0,493760.32083333336,9.830439814814815,57235.200000000004,-57235.200000000004,41643.0,478177.9512731482
574,0.6377777777777778,c574,edge-1,493760.32083333336,9.867476851851853,286730.0,41754.0,493760.32083333336,9.867476851851853,57346.0,-57346.0,41754.0,478178.1883101852
575,0.6388888888888888,c575,edge-2,493760.32083333336,9.903935185185187,287753.0,41921.0,493760.32083333336,9.903935185185187,57550.600000000006,-57550.600000000006,41921.0,478140.6247685185
576,0.64,c576,edge-6,493760.32083333336,9.940393518518519,288014.0,42078.0,493760.32083333336,9.940393518518519,57602.8,-57602.8,42078.0,478245.4612268519
577,0.6411111111111111,c577,edge-4,493760.32083333336,9.934606481481481,289037.0,42239.0,493760.32083333336,9.934606481481481,57807.4,-57807.4,42239.0,478201.8554398148
578,0.6422222222222222,c578,edge-1,493760.32083333336,9.94849537037037,289591.0,42352.0,493760.32083333336,9.94849537037037,57918.200000000004,-57918.200000000004,42352.0,478204.06932870374
579,0.6433333333333333,c579,edge-2,493760.32083333336,9.97974537037037,290614.0,42521.0,493760.32083333336,9.97974537037037,58122.8,-58122.8,42521.0,478168.50057870377
580,0.6444444444444445,c580,edge-1,493760.32083333336,9.98611111111111,290764.0,42636.0,493760.32083333336,9.98611111111111,58152.8,-58152.8,42636.0,478253.5069444445
581,0.6455555555555555,c581,edge-2,493760.32083333336,10.004629629629628,290837.0,42807.0,493760.32083333336,10.004629629629628,58167.4,-58167.4,42807.0,478409.92546296294
582,0.6466666666666666,c582,edge-5,493760.32083333336,10.004050925925926,291176.0,42942.0,493760.32083333336,10.004050925925926,58235.200000000004,-58235.200000000004,42942.0,478477.12488425925
583,0.6477777777777778,c583,edge-5,493760.32083333336,10.012731481481481,291653.0,43079.0,493760.32083333336,10.012731481481481,58330.600000000006,-58330.600000000006,43079.0,478518.7335648148
584,0.6488888888888888,c584,edge-4,493760.32083333336,10.034143518518519,292676.0,43242.0,493760.32083333336,10.034143518518519,58535.200000000004,-58535.200000000004,43242.0,478477.1549768519
585,0.65,c585,edge-5,493760.32083333336,10.066550925925926,293153.0,43381.0,493760.32083333336,10.066550925925926,58630.600000000006,-58630.600000000006,43381.0,478520.7873842593
586,0.6511111111111111,c586,edge-8,494651.82083333336,10.058449074074073,293154.0,43534.0,494651.82083333336,10.058449074074073,58630.8,-58630.8,43534.0,479565.0792824075
587,0.6522222222222223,c587,edge-1,494651.82083333336,10.094907407407407,293413.0,43651.0,494651.82083333336,10.094907407407407,58682.600000000006,-58682.600000000006,43651.0,479630.31574074074
588,0.6533333333333333,c588,edge-2,494651.82083333336,10.085648148148149,294436.0,43824.0,494651.82083333336,10.085648148148149,58887.200000000004,-58887.200000000004,43824.0,479598.7064814815
589,0.6544444444444445,c589,edge-6,494651.82083333336,10.088541666666666,295459.0,43983.0,494651.82083333336,10.088541666666666,59091.8,-59091.8,43983.0,479553.10937500006
590,0.6555555555555556,c590,edge-2,494651.82083333336,10.101273148148147,296482.0,44158.0,494651.82083333336,10.101273148148147,59296.4,-59296.4,44158.0,479523.5221064815
591,0.6566666666666666,c591,edge-6,494651.82083333336,10.102430555555554,297505.0,44319.0,494651.82083333336,10.102430555555554,59501.0,-59501.0,44319.0,479479.9232638889
592,0.6577777777777778,c592,edge-8,494651.82083333336,10.107060185185183,297930.0,44474.0,494651.82083333336,10.107060185185183,59586.0,-59586.0,44474.0,479549.9278935185
593,0.6588888888888889,c593,edge-5,494651.82083333336,10.138310185185183,298407.0,44615.0,494651.82083333336,10.138310185185183,59681.4,-59681.4,44615.0,479595.5591435185
594,0.66,c594,edge-3,494651.82083333336,10.159722222222221,298674.0,44748.0,494651.82083333336,10.159722222222221,59734.8,-59734.8,44748.0,479675.1805555556
595,0.6611111111111111,c595,edge-4,494651.82083333336,10.153935185185183,299697.0,44913.0,494651.82083333336,10.153935185185183,59939.4,-59939.4,44913.0,479635.5747685185
596,0.6622222222222223,c596,edge-1,494651.82083333336,10.144675925925924,299841.0,45032.0,494651.82083333336,10.144675925925924,59968.200000000004,-59968.200000000004,45032.0,479725.76550925925
597,0.6633333333333333,c597,edge-1,494651.82083333336,10.142361111111109,299985.0,45153.0,494651.82083333336,10.142361111111109,59997.0,-59997.0,45153.0,479817.9631944445
598,0.6644444444444444,c598,edge-3,494651.82083333336,10.136574074074073,300489.0,45288.0,494651.82083333336,10.136574074074073,60097.8,-60097.8,45288.0,479852.1574074075
599,0.6655555555555556,c599,edge-1,494651.82083333336,10.172453703703702,301043.0,45411.0,494651.82083333336,10.172453703703702,60208.600000000006,-60208.600000000006,45411.0,479864.39328703703
600,0.6666666666666666,c600,edge-4,494651.82083333336,10.212384259259258,302066.0,45578.0,494651.82083333336,10.212384259259258,60413.200000000004,-60413.200000000004,45578.0,479826.8332175926
601,0.6677777777777778,c601,edge-2,494651.82083333336,10.221643518518517,303089.0,45755.0,494651.82083333336,10.221643518518517,60617.8,-60617.8,45755.0,479799.2424768519
602,0.6688888888888889,c602,edge-6,494651.82083333336,10.219328703703702,303350.0,45918.0,494651.82083333336,10.219328703703702,60670.0,-60670.0,45918.0,479910.04016203707
603,0.67,c603,edge-3,495868.4875,10.221643518518517,303378.0,46055.0,495868.4875,10.221643518518517,60675.600000000006,-60675.600000000006,46055.0,481258.1091435185
604,0.6711111111111111,c604,edge-1,495868.4875,10.237847222222221,303550.0,46180.0,495868.4875,10.237847222222221,60710.0,-60710.0,46180.0,481348.72534722224
605,0.6722222222222223,c605,edge-8,495868.4875,10.269097222222221,304143.0,46337.0,495868.4875,10.269097222222221,60828.600000000006,-60828.600000000006,46337.0,481387.1565972222
606,0.6733333333333333,c606,edge-8,495868.4875,10.307291666666666,304736.0,46496.0,495868.4875,10.307291666666666,60947.200000000004,-60947.200000000004,46496.0,481427.59479166666
607,0.6744444444444444,c607,edge-2,495868.4875,10.332175925925926,304854.0,46675.0,495868.4875,10.332175925925926,60970.8,-60970.8,46675.0,481583.0196759259
608,0.6755555555555556,c608,edge-7,495868.4875,10.37037037037037,305138.0,46812.0,495868.4875,10.37037037037037,61027.600000000006,-61027.600000000006,46812.0,481663.2578703704
609,0.6766666666666666,c609,edge-3,495868.4875,10.408564814814815,305642.0,46951.0,495868.4875,10.408564814814815,61128.4,-61128.4,46951.0,481701.4960648148
610,0.6777777777777778,c610,edge-2,495868.4875,10.44675925925926,306665.0,47132.0,495868.4875,10.44675925925926,61333.0,-61333.0,47132.0,481677.93425925926
611,0.6788888888888889,c611,edge-6,495868.4875,10.468171296296296,307688.0,47297.0,495868.4875,10.468171296296296,61537.600000000006,-61537.600000000006,47297.0,481638.35567129625
612,0.68,c612,edge-7,495868.4875,10.484375,308155.0,47436.0,495868.4875,10.484375,61631.0,-61631.0,47436.0,481683.971875
613,0.6811111111111111,c613,edge-3,495868.4875,10.47511574074074,308422.0,47577.0,495868.4875,10.47511574074074,61684.4,-61684.4,47577.0,481771.5626157407
614,0.6822222222222222,c614,edge-3,495868.4875,10.493055555555555,308576.0,47720.0,495868.4875,10.493055555555555,61715.200000000004,-61715.200000000004,47720.0,481883.78055555554
615,0.6833333333333333,c615,edge-7,495868.4875,10.536458333333334,309043.0,47861.0,495868.4875,10.536458333333334,61808.600000000006,-61808.600000000006,47861.0,481931.4239583333
616,0.6844444444444444,c616,edge-1,495868.4875,10.55787037037037,309176.0,47988.0,495868.4875,10.55787037037037,61835.200000000004,-61835.200000000004,47988.0,482031.84537037037
617,0.6855555555555556,c617,edge-3,495868.4875,10.597800925925926,309443.0,48133.0,495868.4875,10.597800925925926,61888.600000000006,-61888.600000000006,48133.0,482123.4853009259
618,0.6866666666666666,c618,edge-1,508545.9041666667,10.637731481481481,309443.0,48262.0,508545.9041666667,10.637731481481481,61888.600000000006,-61888.600000000006,48262.0,494929.94189814816
619,0.6877777777777778,c619,edge-4,508545.9041666667,10.652199074074074,310466.0,48431.0,508545.9041666667,10.652199074074074,62093.200000000004,-62093.200000000004,48431.0,494894.35636574076
620,0.6888888888888889,c620,edge-1,508545.9041666667,10.699652777777779,311020.0,48562.0,508545.9041666667,10.699652777777779,62204.0,-62204.0,48562.0,494914.6038194444
621,0.69,c621,edge-6,508545.9041666667,10.721064814814815,312043.0,48729.0,508545.9041666667,10.721064814814815,62408.600000000006,-62408.600000000006,48729.0,494877.02523148153
622,0.6911111111111111,c622,edge-7,508545.9041666667,10.75925925925926,312510.0,48872.0,508545.9041666667,10.75925925925926,62502.0,-62502.0,48872.0,494926.66342592594
623,0.6922222222222222,c623,edge-1,508545.9041666667,10.777777777777779,313064.0,49005.0,508545.9041666667,10.777777777777779,62612.8,-62612.8,49005.0,494948.88194444444
624,0.6933333333333334,c624,edge-2,508545.9041666667,10.790509259259258,314087.0,49188.0,508545.9041666667,10.790509259259258,62817.4,-62817.4,49188.0,494927.2946759259
625,0.6944444444444444,c625,edge-8,508545.9041666667,10.78298611111111,314512.0,49349.0,508545.9041666667,10.78298611111111,62902.4,-62902.4,49349.0,495003.2871527778
626,0.6955555555555556,c626,edge-1,508545.9041666667,10.82465277777778,314891.0,49484.0,508545.9041666667,10.82465277777778,62978.200000000004,-62978.200000000004,49484.0,495062.5288194444
627,0.6966666666666667,c627,edge-4,508545.9041666667,10.842592592592595,315914.0,49655.0,508545.9041666667,10.842592592592595,63182.8,-63182.8,49655.0,495028.94675925927
628,0.6977777777777778,c628,edge-6,508545.9041666667,10.865740740740744,316937.0,49824.0,508545.9041666667,10.865740740740744,63387.4,-63387.4,49824.0,494993.3699074074
629,0.6988888888888889,c629,edge-6,508545.9041666667,10.868634259259261,317960.0,49995.0,508545.9041666667,10.868634259259261,63592.0,-63592.0,49995.0,494959.77280092594
630,0.7,c630,edge-8,509221.0916666667,10.869791666666668,317988.0,50158.0,509221.0916666667,10.869791666666668,63597.600000000006,-63597.600000000006,50158.0,495792.3614583333
631,0.7011111111111111,c631,edge-5,509221.0916666667,10.909722222222223,318465.0,50301.0,509221.0916666667,10.909722222222223,63693.0,-63693.0,50301.0,495840.0013888889
632,0.7022222222222222,c632,edge-2,509221.0916666667,10.903935185185187,319488.0,50486.0,509221.0916666667,10.903935185185187,63897.600000000006,-63897.600000000006,50486.0,495820.39560185187
633,0.7033333333333334,c633,edge-1,509221.0916666667,10.947916666666668,320042.0,50623.0,509221.0916666667,10.947916666666668,64008.4,-64008.4,50623.0,495846.63958333334
634,0.7044444444444444,c634,edge-7,509221.0916666667,10.984375,320509.0,50768.0,509221.0916666667,10.984375,64101.8,-64101.8,50768.0,495898.2760416667
635,0.7055555555555556,c635,edge-6,509221.0916666667,10.976851851851851,320740.0,50941.0,509221.0916666667,10.976851851851851,64148.0,-64148.0,50941.0,496025.0685185185
636,0.7066666666666667,c636,edge-6,509221.0916666667,10.976273148148149,321001.0,51116.0,509221.0916666667,10.976273148148149,64200.200000000004,-64200.200000000004,51116.0,496147.8679398148
637,0.7077777777777777,c637,edge-7,509221.0916666667,10.975694444444445,321468.0,51263.0,509221.0916666667,10.975694444444445,64293.600000000006,-64293.600000000006,51263.0,496201.4673611111
638,0.7088888888888889,c638,edge-4,510762.0916666667,11.013888888888888,321469.0,51436.0,510762.0916666667,11.013888888888888,64293.8,-64293.8,51436.0,497915.30555555556
639,0.71,c639,edge-2,510762.0916666667,11.03009259259259,322492.0,51623.0,510762.0916666667,11.03009259259259,64498.4,-64498.4,51623.0,497897.72175925924
640,0.7111111111111111,c640,edge-1,510762.0916666667,11.040509259259258,323046.0,51762.0,510762.0916666667,11.040509259259258,64609.200000000004,-64609.200000000004,51762.0,497925.93217592593
641,0.7122222222222222,c641,edge-4,510762.0916666667,11.034722222222223,323076.0,51937.0,510762.0916666667,11.034722222222223,64615.200000000004,-64615.200000000004,51937.0,498094.9263888889
642,0.7133333333333334,c642,edge-2,510762.0916666667,11.071180555555555,323113.0,52126.0,510762.0916666667,11.071180555555555,64622.600000000006,-64622.600000000006,52126.0,498276.5628472222
643,0.7144444444444444,c643,edge-3,510762.0916666667,11.087384259259258,323617.0,52273.0,510762.0916666667,11.087384259259258,64723.4,-64723.4,52273.0,498322.7790509259
644,0.7155555555555555,c644,edge-2,510762.0916666667,11.120370370370368,324640.0,52464.0,510762.0916666667,11.120370370370368,64928.0,-64928.0,52464.0,498309.21203703707
645,0.7166666666666667,c645,edge-2,510762.0916666667,11.155092592592592,324758.0,52657.0,510762.0916666667,11.155092592592592,64951.600000000006,-64951.600000000006,52657.0,498478.6467592593
646,0.7177777777777777,c646,edge-5,510762.0916666667,11.188078703703702,325097.0,52802.0,510762.0916666667,11.188078703703702,65019.4,-65019.4,52802.0,498555.87974537036
647,0.7188888888888889,c647,edge-7,510762.0916666667,11.1875,325443.0,52951.0,510762.0916666667,11.1875,65088.600000000006,-65088.600000000006,52951.0,498635.6791666667
648,0.72,c648,edge-1,510762.0916666667,11.179976851851853,325822.0,53092.0,510762.0916666667,11.179976851851853,65164.4,-65164.4,53092.0,498700.8716435185
649,0.7211111111111111,c649,edge-8,510762.0916666667,11.218171296296298,326415.0,53257.0,510762.0916666667,11.218171296296298,65283.0,-65283.0,53257.0,498747.30983796297
650,0.7222222222222222,c650,edge-4,510762.0916666667,11.21412037037037,327438.0,53434.0,510762.0916666667,11.21412037037037,65487.600000000006,-65487.600000000006,53434.0,498719.70578703703
651,0.7233333333333334,c651,edge-3,510762.0916666667,11.232060185185185,327942.0,53583.0,510762.0916666667,11.232060185185185,65588.40000000001,-65588.40000000001,53583.0,498767.9237268518
652,0.7244444444444444,c652,edge-1,510762.0916666667,11.232060185185185,328496.0,53726.0,510762.0916666667,11.232060185185185,65699.2,-65699.2,53726.0,498800.12372685183
653,0.7255555555555555,c653,edge-3,510762.0916666667,11.22800925925926,329000.0,53877.0,510762.0916666667,11.22800925925926,65800.0,-65800.0,53877.0,498850.31967592594
654,0.7266666666666667,c654,edge-8,510762.0916666667,11.251157407407408,329593.0,54044.0,510762.0916666667,11.251157407407408,65918.6,-65918.6,54044.0,498898.7428240741
655,0.7277777777777777,c655,edge-1,510762.0916666667,11.262731481481481,329738.0,54189.0,510762.0916666667,11.262731481481481,65947.6,-65947.6,54189.0,499014.75439814816
656,0.7288888888888889,c656,edge-6,510762.0916666667,11.29050925925926,330761.0,54366.0,510762.0916666667,11.29050925925926,66152.2,-66152.2,54366.0,498987.18217592593
657,0.73,c657,edge-6,510762.0916666667,11.332175925925926,330964.0,54545.0,510762.0916666667,11.332175925925926,66192.8,-66192.8,54545.0,499125.6238425926
658,0.7311111111111112,c658,edge-8,510762.0916666667,11.368634259259258,331557.0,54714.0,510762.0916666667,11.368634259259258,66311.40000000001,-66311.40000000001,54714.0,499176.0603009259
659,0.7322222222222222,c659,edge-3,510762.0916666667,11.369791666666666,331824.0,54867.0,510762.0916666667,11.369791666666666,66364.8,-66364.8,54867.0,499275.6614583334
660,0.7333333333333333,c660,edge-4,513882.0916666666,11.37673611111111,331852.0,55046.0,513882.0916666666,11.37673611111111,66370.40000000001,-66370.40000000001,55046.0,502569.0684027777
661,0.7344444444444445,c661,edge-3,513882.0916666666,11.377893518518517,332119.0,55201.0,513882.0916666666,11.377893518518517,66423.8,-66423.8,55201.0,502670.66956018517
662,0.7355555555555555,c662,edge-8,513882.0916666666,11.399305555555554,332712.0,55372.0,513882.0916666666,11.399305555555554,66542.40000000001,-66542.40000000001,55372.0,502723.09097222215
663,0.7366666666666667,c663,edge-8,513882.0916666666,11.430555555555554,333305.0,55545.0,513882.0916666666,11.430555555555554,66661.0,-66661.0,55545.0,502777.5222222222
664,0.7377777777777778,c664,edge-6,513882.0916666666,11.426504629629626,333536.0,55726.0,513882.0916666666,11.426504629629626,66707.2,-66707.2,55726.0,502912.3181712962
665,0.7388888888888889,c665,edge-6,513882.0916666666,11.447916666666664,333739.0,55909.0,513882.0916666666,11.447916666666664,66747.8,-66747.8,55909.0,503054.7395833333
666,0.74,c666,edge-4,513882.0916666666,11.487847222222221,334762.0,56090.0,513882.0916666666,11.487847222222221,66952.40000000001,-66952.40000000001,56090.0,503031.17951388884
667,0.7411111111111112,c667,edge-6,513882.0916666666,11.509259259259256,335023.0,56275.0,513882.0916666666,11.509259259259256,67004.6,-67004.6,56275.0,503164.0009259259
668,0.7422222222222222,c668,edge-7,513882.0916666666,11.521990740740737,335490.0,56426.0,513882.0916666666,11.521990740740737,67098.0,-67098.0,56426.0,503221.61365740735
669,0.7433333333333333,c669,edge-7,515914.7416666666,11.543402777777775,335670.0,56579.0,515914.7416666666,11.543402777777775,67134.0,-67134.0,56579.0,505371.28506944433
670,0.7444444444444445,c670,edge-3,515914.7416666666,11.542824074074073,336051.0,56736.0,515914.7416666666,11.542824074074073,67210.2,-67210.2,56736.0,505452.0844907407
671,0.7455555555555555,c671,edge-1,515914.7416666666,11.55324074074074,336605.0,56883.0,515914.7416666666,11.55324074074074,67321.0,-67321.0,56883.0,505488.2949074073
672,0.7466666666666667,c672,edge-8,515914.7416666666,11.574652777777777,336972.0,57058.0,515914.7416666666,11.574652777777777,67394.40000000001,-67394.40000000001,57058.0,505589.9163194443
673,0.7477777777777778,c673,edge-7,515914.7416666666,11.575810185185183,337369.0,57213.0,515914.7416666666,11.575810185185183,67473.8,-67473.8,57213.0,505665.51747685176
674,0.7488888888888889,c674,edge-5,515914.7416666666,11.571759259259258,337748.0,57360.0,515914.7416666666,11.571759259259258,67549.6,-67549.6,57360.0,505736.7134259258
675,0.75,c675,edge-5,515914.7416666666,11.585648148148147,337977.0,57509.0,515914.7416666666,11.585648148148147,67595.40000000001,-67595.40000000001,57509.0,505839.9273148147
676,0.7511111111111111,c676,edge-3,515914.7416666666,11.592013888888888,338358.0,57668.0,515914.7416666666,11.592013888888888,67671.6,-67671.6,57668.0,505922.7336805555
677,0.7522222222222222,c677,edge-1,515914.7416666666,11.620949074074074,338912.0,57817.0,515914.7416666666,11.620949074074074,67782.40000000001,-67782.40000000001,57817.0,505960.96261574066
678,0.7533333333333333,c678,edge-6,515914.7416666666,11.622106481481481,339935.0,58004.0,515914.7416666666,11.622106481481481,67987.0,-67987.0,58004.0,505943.36377314804
679,0.7544444444444445,c679,edge-1,515914.7416666666,11.660300925925927,340314.0,58155.0,515914.7416666666,11.660300925925927,68062.8,-68062.8,58155.0,506018.6019675925
680,0.7555555555555555,c680,edge-4,515914.7416666666,11.66261574074074,340420.0,58338.0,515914.7416666666,11.66261574074074,68084.0,-68084.0,58338.0,506180.4042824073
681,0.7566666666666667,c681,edge-1,515914.7416666666,11.713541666666666,340974.0,58491.0,515914.7416666666,11.713541666666666,68194.8,-68194.8,58491.0,506222.6552083333
682,0.7577777777777778,c682,edge-1,515914.7416666666,11.74826388888889,341118.0,58646.0,515914.7416666666,11.74826388888889,68223.6,-68223.6,58646.0,506348.8899305555
683,0.7588888888888888,c683,edge-8,515914.7416666666,11.789930555555555,341711.0,58823.0,515914.7416666666,11.789930555555555,68342.2,-68342.2,58823.0,506407.33159722213
684,0.76,c684,edge-1,515914.7416666666,11.789351851851853,341883.0,58980.0,515914.7416666666,11.789351851851853,68376.6,-68376.6,58980.0,506529.9310185184
685,0.7611111111111111,c685,edge-4,515914.7416666666,11.785300925925926,342906.0,59165.0,515914.7416666666,11.785300925925926,68581.2,-68581.2,59165.0,506510.32696759247
686,0.7622222222222222,c686,edge-4,515914.7416666666,11.799768518518519,343929.0,59352.0,515914.7416666666,11.799768518518519,68785.8,-68785.8,59352.0,506492.74143518513
687,0.7633333333333333,c687,edge-2,515914.7416666666,11.837962962962964,344952.0,59547.0,515914.7416666666,11.837962962962964,68990.40000000001,-68990.40000000001,59547.0,506483.17962962954
688,0.7644444444444445,c688,edge-4,520529.5291666666,11.840277777777777,344956.0,59736.0,520529.5291666666,11.840277777777777,68991.2,-68991.2,59736.0,511286.16944444436
689,0.7655555555555555,c689,edge-3,520529.5291666666,11.841435185185185,345223.0,59897.0,520529.5291666666,11.841435185185185,69044.6,-69044.6,59897.0,511393.77060185175
690,0.7666666666666667,c690,edge-7,520529.5291666666,11.846064814814815,345569.0,60054.0,520529.5291666666,11.846064814814815,69113.8,-69113.8,60054.0,511481.57523148146
691,0.7677777777777778,c691,edge-4,523196.5291666666,11.879050925925926,345569.0,60245.0,523196.5291666666,11.879050925925926,69113.8,-69113.8,60245.0,514339.6082175925
692,0.7688888888888888,c692,edge-1,523196.5291666666,11.918981481481483,345741.0,60404.0,523196.5291666666,11.918981481481483,69148.2,-69148.2,60404.0,514464.24814814806
693,0.77,c693,edge-7,523196.5291666666,11.92013888888889,345948.0,60563.0,523196.5291666666,11.92013888888889,69189.6,-69189.6,60563.0,514581.84930555546
694,0.7711111111111111,c694,edge-6,523196.5291666666,11.963541666666668,346971.0,60752.0,523196.5291666666,11.963541666666668,69394.2,-69394.2,60752.0,514566.2927083333
695,0.7722222222222223,c695,edge-4,523196.5291666666,11.993055555555557,347076.0,60945.0,523196.5291666666,11.993055555555557,69415.2,-69415.2,60945.0,514738.32222222217
696,0.7733333333333333,c696,edge-5,523196.5291666666,12.016203703703702,347455.0,61096.0,523196.5291666666,12.016203703703702,69491.0,-69491.0,61096.0,514813.5453703703
697,0.7744444444444445,c697,edge-2,523196.5291666666,12.042824074074073,347483.0,61293.0,523196.5291666666,12.042824074074073,69496.6,-69496.6,61293.0,515004.97199074074
698,0.7755555555555556,c698,edge-3,523196.5291666666,12.0625,347987.0,61456.0,523196.5291666666,12.0625,69597.40000000001,-69597.40000000001,61456.0,515067.1916666666
699,0.7766666666666666,c699,edge-7,523196.5291666666,12.076967592592593,348384.0,61617.0,523196.5291666666,12.076967592592593,69676.8,-69676.8,61617.0,515148.8061342592
700,0.7777777777777778,c700,edge-7,523196.5291666666,12.071180555555557,348668.0,61780.0,523196.5291666666,12.071180555555557,69733.6,-69733.6,61780.0,515255.0003472222
701,0.7788888888888889,c701,edge-3,523196.5291666666,12.083912037037038,349172.0,61945.0,523196.5291666666,12.083912037037038,69834.40000000001,-69834.40000000001,61945.0,515319.2130787036
702,0.78,c702,edge-5,523196.5291666666,12.105324074074076,349563.0,62098.0,523196.5291666666,12.105324074074076,69912.6,-69912.6,62098.0,515394.03449074074
703,0.7811111111111111,c703,edge-1,523196.5291666666,12.121527777777779,349696.0,62259.0,523196.5291666666,12.121527777777779,69939.2,-69939.2,62259.0,515528.45069444436
704,0.7822222222222223,c704,edge-2,523286.5791666666,12.141203703703706,349696.0,62458.0,523286.5791666666,12.141203703703706,69939.2,-69939.2,62458.0,515817.5203703703
705,0.7833333333333333,c705,edge-7,523286.5791666666,12.184606481481483,350093.0,62623.0,523286.5791666666,12.184606481481483,70018.6,-70018.6,62623.0,515903.1637731481
706,0.7844444444444445,c706,edge-3,523286.5791666666,12.226273148148149,350597.0,62790.0,523286.5791666666,12.226273148148149,70119.40000000001,-70119.40000000001,62790.0,515969.4054398147
707,0.7855555555555556,c707,edge-1,523286.5791666666,12.240162037037036,351151.0,62953.0,523286.5791666666,12.240162037037036,70230.2,-70230.2,62953.0,516021.6193287036
708,0.7866666666666666,c708,edge-2,523286.5791666666,12.251157407407407,352174.0,63154.0,523286.5791666666,12.251157407407407,70434.8,-70434.8,63154.0,516018.03032407403
709,0.7877777777777778,c709,edge-6,523286.5791666666,12.282407407407407,352435.0,63345.0,523286.5791666666,12.282407407407407,70487.0,-70487.0,63345.0,516156.861574074
710,0.7888888888888889,c710,edge-7,523286.5791666666,12.310185185185185,352902.0,63512.0,523286.5791666666,12.310185185185185,70580.40000000001,-70580.40000000001,63512.0,516230.48935185175
711,0.79,c711,edge-8,523286.5791666666,12.335069444444445,353495.0,63691.0,523286.5791666666,12.335069444444445,70699.0,-70699.0,63691.0,516290.91423611104
712,0.7911111111111111,c712,edge-8,523286.5791666666,12.337962962962964,353920.0,63872.0,523286.5791666666,12.337962962962964,70784.0,-70784.0,63872.0,516386.9171296296
713,0.7922222222222223,c713,edge-6,523286.5791666666,12.333912037037038,354196.0,64065.0,523286.5791666666,12.333912037037038,70839.2,-70839.2,64065.0,516524.7130787036
714,0.7933333333333333,c714,edge-3,523286.5791666666,12.368634259259261,354700.0,64234.0,523286.5791666666,12.368634259259261,70940.0,-70940.0,64234.0,516592.9478009259
715,0.7944444444444444,c715,edge-1,523286.5791666666,12.36979166666667,355079.0,64399.0,523286.5791666666,12.36979166666667,71015.8,-71015.8,64399.0,516682.1489583333
716,0.7955555555555556,c716,edge-6,523286.5791666666,12.397569444444446,356102.0,64594.0,523286.5791666666,12.397569444444446,71220.40000000001,-71220.40000000001,64594.0,516672.576736111
717,0.7966666666666666,c717,edge-6,523286.5791666666,12.422453703703704,357125.0,64791.0,523286.5791666666,12.422453703703704,71425.0,-71425.0,64791.0,516665.0016203703
718,0.7977777777777778,c718,edge-6,523286.5791666666,12.413194444444446,357275.0,64990.0,523286.5791666666,12.413194444444446,71455.0,-71455.0,64990.0,516833.99236111104
719,0.7988888888888889,c719,edge-7,523286.5791666666,12.427662037037038,357452.0,65159.0,523286.5791666666,12.427662037037038,71490.40000000001,-71490.40000000001,65159.0,516967.6068287036
720,0.8,c720,edge-2,523286.5791666666,12.462384259259261,358475.0,65362.0,523286.5791666666,12.462384259259261,71695.0,-71695.0,65362.0,516966.0415509259
721,0.8011111111111111,c721,edge-5,523286.5791666666,12.471643518518519,358952.0,65517.0,523286.5791666666,12.471643518518519,71790.40000000001,-71790.40000000001,65517.0,517025.6508101851
722,0.8022222222222222,c722,edge-3,523286.5791666666,12.486111111111112,359333.0,65688.0,523286.5791666666,12.486111111111112,71866.6,-71866.6,65688.0,517120.46527777775
723,0.8033333333333333,c723,edge-5,523286.5791666666,12.48726851851852,359724.0,65845.0,523286.5791666666,12.48726851851852,71944.8,-71944.8,65845.0,517199.26643518516
724,0.8044444444444444,c724,edge-2,523286.5791666666,12.516782407407408,360747.0,66050.0,523286.5791666666,12.516782407407408,72149.40000000001,-72149.40000000001,66050.0,517199.695949074
725,0.8055555555555556,c725,edge-8,523286.5791666666,12.521412037037038,361340.0,66233.0,523286.5791666666,12.521412037037038,72268.0,-72268.0,66233.0,517264.1005787036
726,0.8066666666666666,c726,edge-1,523286.5791666666,12.56886574074074,361894.0,66400.0,523286.5791666666,12.56886574074074,72378.8,-72378.8,66400.0,517320.34803240735
727,0.8077777777777778,c727,edge-3,523286.5791666666,12.583333333333334,362398.0,66573.0,523286.5791666666,12.583333333333334,72479.6,-72479.6,66573.0,517392.5624999999
728,0.8088888888888889,c728,edge-1,523286.5791666666,12.641203703703704,362952.0,66742.0,523286.5791666666,12.641203703703704,72590.40000000001,-72590.40000000001,66742.0,517450.8203703703
729,0.81,c729,edge-8,523286.5791666666,12.684606481481481,363319.0,66927.0,523286.5791666666,12.684606481481481,72663.8,-72663.8,66927.0,517562.4637731481
730,0.8111111111111111,c730,edge-6,523286.5791666666,12.6875,364342.0,67128.0,523286.5791666666,12.6875,72868.40000000001,-72868.40000000001,67128.0,517558.8666666666
731,0.8122222222222222,c731,edge-7,523286.5791666666,12.69849537037037,364809.0,67299.0,523286.5791666666,12.69849537037037,72961.8,-72961.8,67299.0,517636.477662037
732,0.8133333333333334,c732,edge-3,523286.5791666666,12.697916666666666,365095.0,67474.0,523286.5791666666,12.697916666666666,73019.0,-73019.0,67474.0,517754.2770833333
733,0.8144444444444444,c733,edge-8,523286.5791666666,12.69386574074074,365688.0,67661.0,523286.5791666666,12.69386574074074,73137.6,-73137.6,67661.0,517822.6730324073
734,0.8155555555555556,c734,edge-7,523286.5791666666,12.70486111111111,366034.0,67834.0,523286.5791666666,12.70486111111111,73206.8,-73206.8,67834.0,517926.48402777774
735,0.8166666666666667,c735,edge-1,523286.5791666666,12.717592592592593,366413.0,68005.0,523286.5791666666,12.717592592592593,73282.6,-73282.6,68005.0,518021.6967592592
736,0.8177777777777778,c736,edge-8,523286.5791666666,12.717013888888891,366780.0,68194.0,523286.5791666666,12.717013888888891,73356.0,-73356.0,68194.0,518137.2961805555
737,0.8188888888888889,c737,edge-2,523286.5791666666,12.748263888888891,367803.0,68401.0,523286.5791666666,12.748263888888891,73560.6,-73560.6,68401.0,518139.7274305555
738,0.82,c738,edge-6,523286.5791666666,12.751157407407408,368079.0,68604.0,523286.5791666666,12.751157407407408,73615.8,-73615.8,68604.0,518287.53032407403
739,0.8211111111111111,c739,edge-2,523286.5791666666,12.778935185185187,369102.0,68813.0,523286.5791666666,12.778935185185187,73820.40000000001,-73820.40000000001,68813.0,518291.95810185175
740,0.8222222222222222,c740,edge-1,523286.5791666666,12.782407407407408,369656.0,68986.0,523286.5791666666,12.782407407407408,73931.2,-73931.2,68986.0,518354.161574074
741,0.8233333333333334,c741,edge-5,523286.5791666666,12.81712962962963,370133.0,69145.0,523286.5791666666,12.81712962962963,74026.6,-74026.6,69145.0,518417.7962962962
742,0.8244444444444444,c742,edge-3,523286.5791666666,12.84837962962963,370637.0,69322.0,523286.5791666666,12.84837962962963,74127.40000000001,-74127.40000000001,69322.0,518494.0275462962
743,0.8255555555555556,c743,edge-1,523286.5791666666,12.883101851851853,371016.0,69497.0,523286.5791666666,12.883101851851853,74203.2,-74203.2,69497.0,518593.26226851845
744,0.8266666666666667,c744,edge-6,523286.5791666666,12.912615740740742,371373.0,69702.0,523286.5791666666,12.912615740740742,74274.6,-74274.6,69702.0,518726.8917824073
745,0.8277777777777777,c745,edge-7,523286.5791666666,12.945601851851855,371770.0,69877.0,523286.5791666666,12.945601851851855,74354.0,-74354.0,69877.0,518822.52476851846
746,0.8288888888888889,c746,edge-4,523286.5791666666,12.96527777777778,372793.0,70072.0,523286.5791666666,12.96527777777778,74558.6,-74558.6,70072.0,518812.9444444444
747,0.83,c747,edge-8,523286.5791666666,12.974537037037038,373069.0,70263.0,523286.5791666666,12.974537037037038,74613.8,-74613.8,70263.0,518948.75370370364
748,0.8311111111111111,c748,edge-7,523286.5791666666,12.972222222222221,373240.0,70440.0,523286.5791666666,12.972222222222221,74648.0,-74648.0,70440.0,519091.55138888885
749,0.8322222222222222,c749,edge-5,523286.5791666666,13.008680555555554,373447.0,70601.0,523286.5791666666,13.008680555555554,74689.40000000001,-74689.40000000001,70601.0,519211.18784722214
750,0.8333333333333334,c750,edge-5,523286.5791666666,13.03009259259259,373826.0,70764.0,523286.5791666666,13.03009259259259,74765.2,-74765.2,70764.0,519298.4092592592
751,0.8344444444444444,c751,edge-2,523286.5791666666,13.024305555555554,374849.0,70975.0,523286.5791666666,13.024305555555554,74969.8,-74969.8,70975.0,519304.8034722222
752,0.8355555555555556,c752,edge-5,523286.5791666666,13.047453703703702,375240.0,71140.0,523286.5791666666,13.047453703703702,75048.0,-75048.0,71140.0,519391.6266203703
753,0.8366666666666667,c753,edge-6,523286.5791666666,13.050347222222221,376263.0,71347.0,523286.5791666666,13.050347222222221,75252.6,-75252.6,71347.0,519394.0295138889
754,0.8377777777777777,c754,edge-6,523286.5791666666,13.051504629629628,376620.0,71556.0,523286.5791666666,13.051504629629628,75324.0,-75324.0,71556.0,519531.6306712962
755,0.8388888888888889,c755,edge-4,523286.5791666666,13.047453703703702,377643.0,71753.0,523286.5791666666,13.047453703703702,75528.6,-75528.6,71753.0,519524.02662037034
756,0.84,c756,edge-7,523286.5791666666,13.065393518518519,377759.0,71932.0,523286.5791666666,13.065393518518519,75551.8,-75551.8,71932.0,519679.84456018516
757,0.8411111111111111,c757,edge-4,523286.5791666666,13.103587962962964,377819.0,72131.0,523286.5791666666,13.103587962962964,75563.8,-75563.8,72131.0,519866.8827546296
758,0.8422222222222222,c758,edge-3,523286.5791666666,13.101273148148149,378200.0,72310.0,523286.5791666666,13.101273148148149,75640.0,-75640.0,72310.0,519969.68043981475
759,0.8433333333333334,c759,edge-1,523286.5791666666,13.103587962962964,378345.0,72487.0,523286.5791666666,13.103587962962964,75669.0,-75669.0,72487.0,520117.6827546296
760,0.8444444444444444,c760,edge-6,523286.5791666666,13.134837962962964,378548.0,72698.0,523286.5791666666,13.134837962962964,75709.6,-75709.6,72698.0,520288.11400462955
761,0.8455555555555555,c761,edge-6,523286.5791666666,13.13599537037037,379571.0,72911.0,523286.5791666666,13.13599537037037,75914.2,-75914.2,72911.0,520296.515162037
762,0.8466666666666667,c762,edge-5,523286.5791666666,13.155671296296296,380048.0,73078.0,523286.5791666666,13.155671296296296,76009.6,-76009.6,73078.0,520368.1348379629
763,0.8477777777777777,c763,edge-1,523286.5791666666,13.16261574074074,380602.0,73257.0,523286.5791666666,13.16261574074074,76120.40000000001,-76120.40000000001,73257.0,520436.3417824073
764,0.8488888888888889,c764,edge-5,523286.5791666666,13.180555555555555,380941.0,73426.0,523286.5791666666,13.180555555555555,76188.2,-76188.2,73426.0,520537.55972222215
765,0.85,c765,edge-1,523286.5791666666,13.205439814814815,381225.0,73607.0,523286.5791666666,13.205439814814815,76245.0,-76245.0,73607.0,520661.78460648144
766,0.8511111111111112,c766,edge-6,523286.5791666666,13.204861111111112,381582.0,73822.0,523286.5791666666,13.204861111111112,76316.40000000001,-76316.40000000001,73822.0,520805.3840277777
767,0.8522222222222222,c767,edge-3,523286.5791666666,13.241319444444446,382086.0,74003.0,523286.5791666666,13.241319444444446,76417.2,-76417.2,74003.0,520885.62048611103
768,0.8533333333333334,c768,edge-6,523286.5791666666,13.248263888888891,382246.0,74220.0,523286.5791666666,13.248263888888891,76449.2,-76449.2,74220.0,521070.62743055547
769,0.8544444444444445,c769,edge-2,523286.5791666666,13.26215277777778,382319.0,74433.0,523286.5791666666,13.26215277777778,76463.8,-76463.8,74433.0,521269.04131944437
770,0.8555555555555555,c770,edge-8,523286.5791666666,13.254629629629633,382912.0,74626.0,523286.5791666666,13.254629629629633,76582.40000000001,-76582.40000000001,74626.0,521343.4337962962
771,0.8566666666666667,c771,edge-3,523286.5791666666,13.25405092592593,383416.0,74809.0,523286.5791666666,13.25405092592593,76683.2,-76683.2,74809.0,521425.6332175925
772,0.8577777777777778,c772,edge-7,523286.5791666666,13.26678240740741,383883.0,74990.0,523286.5791666666,13.26678240740741,76776.6,-76776.6,74990.0,521513.24594907404
773,0.8588888888888889,c773,edge-7,523286.5791666666,13.303240740740744,384089.0,75173.0,523286.5791666666,13.303240740740744,76817.8,-76817.8,75173.0,521655.08240740735
774,0.86,c774,edge-5,523286.5791666666,13.334490740740744,384566.0,75344.0,523286.5791666666,13.334490740740744,76913.2,-76913.2,75344.0,521730.7136574073
775,0.8611111111111112,c775,edge-4,523286.5791666666,13.332175925925927,385589.0,75545.0,523286.5791666666,13.332175925925927,77117.8,-77117.8,75545.0,521727.1113425925
776,0.8622222222222222,c776,edge-4,523286.5791666666,13.350115740740744,386612.0,75748.0,523286.5791666666,13.350115740740744,77322.40000000001,-77322.40000000001,75748.0,521725.5292824073
777,0.8633333333333333,c777,edge-3,523286.5791666666,13.356481481481485,386993.0,75933.0,523286.5791666666,13.356481481481485,77398.6,-77398.6,75933.0,521834.3356481481
778,0.8644444444444445,c778,edge-1,523286.5791666666,13.385995370370374,387182.0,76116.0,523286.5791666666,13.385995370370374,77436.40000000001,-77436.40000000001,76116.0,521979.565162037
779,0.8655555555555555,c779,edge-7,523286.5791666666,13.422453703703706,387649.0,76301.0,523286.5791666666,13.422453703703706,77529.8,-77529.8,76301.0,522071.2016203703
780,0.8666666666666667,c780,edge-5,523286.5791666666,13.438657407407408,387988.0,76474.0,523286.5791666666,13.438657407407408,77597.6,-77597.6,76474.0,522176.41782407404
781,0.8677777777777778,c781,edge-3,523286.5791666666,13.42939814814815,388492.0,76661.0,523286.5791666666,13.42939814814815,77698.40000000001,-77698.40000000001,76661.0,522262.6085648147
782,0.8688888888888889,c782,edge-6,523286.5791666666,13.43229166666667,389515.0,76880.0,523286.5791666666,13.43229166666667,77903.0,-77903.0,76880.0,522277.0114583333
783,0.87,c783,edge-4,523286.5791666666,13.472222222222223,390538.0,77085.0,523286.5791666666,13.472222222222223,78107.6,-78107.6,77085.0,522277.4513888889
784,0.8711111111111111,c784,edge-1,523286.5791666666,13.506944444444445,390917.0,77270.0,523286.5791666666,13.506944444444445,78183.40000000001,-78183.40000000001,77270.0,522386.686111111
785,0.8722222222222222,c785,edge-4,523286.5791666666,13.508101851851853,390964.0,77477.0,523286.5791666666,13.508101851851853,78192.8,-78192.8,77477.0,522584.28726851847
786,0.8733333333333333,c786,edge-1,523286.5791666666,13.517361111111112,391248.0,77664.0,523286.5791666666,13.517361111111112,78249.6,-78249.6,77664.0,522714.49652777775
787,0.8744444444444445,c787,edge-4,523286.5791666666,13.51678240740741,392271.0,77873.0,523286.5791666666,13.51678240740741,78454.2,-78454.2,77873.0,522718.895949074
788,0.8755555555555555,c788,edge-8,523286.5791666666,13.532986111111112,392547.0,78068.0,523286.5791666666,13.532986111111112,78509.40000000001,-78509.40000000001,78068.0,522858.7121527777
789,0.8766666666666667,c789,edge-5,523286.5791666666,13.549189814814815,392926.0,78243.0,523286.5791666666,13.549189814814815,78585.2,-78585.2,78243.0,522957.9283564814
790,0.8777777777777778,c790,edge-3,523286.5791666666,13.552083333333334,393430.0,78432.0,523286.5791666666,13.552083333333334,78686.0,-78686.0,78432.0,523046.1312499999
791,0.8788888888888889,c791,edge-4,523286.5791666666,13.570023148148147,394453.0,78643.0,523286.5791666666,13.570023148148147,78890.6,-78890.6,78643.0,523052.5491898147
792,0.88,c792,edge-5,523286.5791666666,13.594907407407407,394792.0,78820.0,523286.5791666666,13.594907407407407,78958.40000000001,-78958.40000000001,78820.0,523161.774074074
793,0.8811111111111111,c793,edge-2,523286.5791666666,13.607638888888888,395815.0,79035.0,523286.5791666666,13.607638888888888,79163.0,-79163.0,79035.0,523172.1868055555
794,0.8822222222222222,c794,edge-3,523286.5791666666,13.625578703703704,396319.0,79226.0,523286.5791666666,13.625578703703704,79263.8,-79263.8,79226.0,523262.4047453703
795,0.8833333333333333,c795,edge-5,523286.5791666666,13.628472222222223,396710.0,79405.0,523286.5791666666,13.628472222222223,79342.0,-79342.0,79405.0,523363.20763888885
796,0.8844444444444445,c796,edge-4,523286.5791666666,13.674768518518517,396823.0,79618.0,523286.5791666666,13.674768518518517,79364.6,-79364.6,79618.0,523553.65393518517
797,0.8855555555555555,c797,edge-8,523286.5791666666,13.6875,397248.0,79815.0,523286.5791666666,13.6875,79449.6,-79449.6,79815.0,523665.6666666666
798,0.8866666666666667,c798,edge-1,523286.5791666666,13.74537037037037,397802.0,80004.0,523286.5791666666,13.74537037037037,79560.40000000001,-79560.40000000001,80004.0,523743.924537037
799,0.8877777777777778,c799,edge-2,523286.5791666666,13.758101851851851,398825.0,80221.0,523286.5791666666,13.758101851851851,79765.0,-79765.0,80221.0,523756.33726851846
800,0.8888888888888888,c800,edge-2,523286.5791666666,13.789351851851851,399848.0,80440.0,523286.5791666666,13.789351851851851,79969.6,-79969.6,80440.0,523770.7685185184
801,0.89,c801,edge-4,523286.5791666666,13.787037037037038,400871.0,80655.0,523286.5791666666,13.787037037037038,80174.20000000001,-80174.20000000001,80655.0,523781.1662037036
802,0.8911111111111111,c802,edge-3,523286.5791666666,13.80150462962963,401138.0,80848.0,523286.5791666666,13.80150462962963,80227.6,-80227.6,80848.0,523920.7806712962
803,0.8922222222222222,c803,edge-7,523286.5791666666,13.81423611111111,401344.0,81035.0,523286.5791666666,13.81423611111111,80268.8,-80268.8,81035.0,524066.59340277774
804,0.8933333333333333,c804,edge-8,523286.5791666666,13.830439814814815,401937.0,81234.0,523286.5791666666,13.830439814814815,80387.40000000001,-80387.40000000001,81234.0,524147.0096064814
805,0.8944444444444445,c805,edge-6,523286.5791666666,13.831597222222223,402960.0,81455.0,523286.5791666666,13.831597222222223,80592.0,-80592.0,81455.0,524163.41076388885
806,0.8955555555555555,c806,edge-7,523286.5791666666,13.822337962962965,403427.0,81644.0,523286.5791666666,13.822337962962965,80685.40000000001,-80685.40000000001,81644.0,524259.00150462956
807,0.8966666666666666,c807,edge-8,523286.5791666666,13.84201388888889,403430.0,81845.0,523286.5791666666,13.84201388888889,80686.0,-80686.0,81845.0,524459.4211805555
808,0.8977777777777778,c808,edge-2,523286.5791666666,13.869791666666664,403443.0,82066.0,523286.5791666666,13.869791666666664,80688.6,-80688.6,82066.0,524677.8489583333
809,0.8988888888888888,c809,edge-4,523286.5791666666,13.909722222222221,404466.0,82283.0,523286.5791666666,13.909722222222221,80893.20000000001,-80893.20000000001,82283.0,524690.2888888889
810,0.9,c810,edge-4,523286.5791666666,13.929398148148149,405489.0,82502.0,523286.5791666666,13.929398148148149,81097.8,-81097.8,82502.0,524704.7085648148
811,0.9011111111111111,c811,edge-8,523286.5791666666,13.950810185185187,405914.0,82705.0,523286.5791666666,13.950810185185187,81182.8,-81182.8,82705.0,524822.7299768517
812,0.9022222222222223,c812,edge-6,523286.5791666666,13.94675925925926,406175.0,82928.0,523286.5791666666,13.94675925925926,81235.0,-81235.0,82928.0,524993.5259259259
813,0.9033333333333333,c813,edge-6,523286.5791666666,13.986689814814817,406436.0,83153.0,523286.5791666666,13.986689814814817,81287.20000000001,-81287.20000000001,83153.0,525166.3658564815
814,0.9044444444444445,c814,edge-8,523286.5791666666,14.024884259259261,407029.0,83358.0,523286.5791666666,14.024884259259261,81405.8,-81405.8,83358.0,525252.8040509259
815,0.9055555555555556,c815,edge-5,523286.5791666666,14.022569444444445,407408.0,83539.0,523286.5791666666,14.022569444444445,81481.6,-81481.6,83539.0,525358.001736111
816,0.9066666666666666,c816,edge-2,523286.5791666666,14.050347222222223,408431.0,83762.0,523286.5791666666,14.050347222222223,81686.20000000001,-81686.20000000001,83762.0,525376.4295138889
817,0.9077777777777778,c817,edge-3,524578.4291666667,14.090277777777777,408458.0,83957.0,524578.4291666667,14.090277777777777,81691.6,-81691.6,83957.0,526857.9194444445
818,0.9088888888888889,c818,edge-6,524578.4291666667,14.10648148148148,408815.0,84184.0,524578.4291666667,14.10648148148148,81763.0,-81763.0,84184.0,527013.5356481482
819,0.91,c819,edge-6,524578.4291666667,14.131944444444445,408975.0,84413.0,524578.4291666667,14.131944444444445,81795.0,-81795.0,84413.0,527210.5611111112
820,0.9111111111111111,c820,edge-8,524578.4291666667,14.164930555555555,409251.0,84620.0,524578.4291666667,14.164930555555555,81850.20000000001,-81850.20000000001,84620.0,527362.3940972222
821,0.9122222222222223,c821,edge-4,524578.4291666667,14.160879629629632,410274.0,84841.0,524578.4291666667,14.160879629629632,82054.8,-82054.8,84841.0,527378.7900462963
822,0.9133333333333333,c822,edge-7,524578.4291666667,14.151620370370372,410451.0,85032.0,524578.4291666667,14.151620370370372,82090.20000000001,-82090.20000000001,85032.0,527534.3807870371
823,0.9144444444444444,c823,edge-8,524578.4291666667,14.191550925925927,410818.0,85241.0,524578.4291666667,14.191550925925927,82163.6,-82163.6,85241.0,527670.0207175927
824,0.9155555555555556,c824,edge-8,524578.4291666667,14.207754629629632,411243.0,85452.0,524578.4291666667,14.207754629629632,82248.6,-82248.6,85452.0,527796.0369212964
825,0.9166666666666666,c825,edge-7,524578.4291666667,14.223958333333334,411589.0,85645.0,524578.4291666667,14.223958333333334,82317.8,-82317.8,85645.0,527919.8531250001
826,0.9177777777777778,c826,edge-1,524578.4291666667,14.223958333333334,411734.0,85836.0,524578.4291666667,14.223958333333334,82346.8,-82346.8,85836.0,528081.8531250001
827,0.9188888888888889,c827,edge-3,524578.4291666667,14.240162037037036,412001.0,86033.0,524578.4291666667,14.240162037037036,82400.20000000001,-82400.20000000001,86033.0,528225.4693287038
828,0.92,c828,edge-5,524578.4291666667,14.234374999999998,412478.0,86216.0,524578.4291666667,14.234374999999998,82495.6,-82495.6,86216.0,528313.0635416667
829,0.9211111111111111,c829,edge-2,524578.4291666667,14.269097222222223,413501.0,86441.0,524578.4291666667,14.269097222222223,82700.20000000001,-82700.20000000001,86441.0,528333.498263889
830,0.9222222222222223,c830,edge-1,524578.4291666667,14.309027777777777,413880.0,86634.0,524578.4291666667,14.309027777777777,82776.0,-82776.0,86634.0,528450.7381944444
831,0.9233333333333333,c831,edge-5,524578.4291666667,14.32523148148148,414357.0,86819.0,524578.4291666667,14.32523148148148,82871.40000000001,-82871.40000000001,86819.0,528540.3543981481
832,0.9244444444444444,c832,edge-5,524578.4291666667,14.341435185185185,414696.0,87006.0,524578.4291666667,14.341435185185185,82939.20000000001,-82939.20000000001,87006.0,528659.5706018519
833,0.9255555555555556,c833,edge-3,524578.4291666667,14.349537037037036,415077.0,87205.0,524578.4291666667,14.349537037037036,83015.40000000001,-83015.40000000001,87205.0,528782.3787037038
834,0.9266666666666666,c834,edge-3,524578.4291666667,14.364004629629628,415581.0,87406.0,524578.4291666667,14.364004629629628,83116.20000000001,-83116.20000000001,87406.0,528882.5931712964
835,0.9277777777777778,c835,edge-3,524578.4291666667,14.366898148148147,415962.0,87609.0,524578.4291666667,14.366898148148147,83192.40000000001,-83192.40000000001,87609.0,529009.3960648149
836,0.9288888888888889,c836,edge-5,524578.4291666667,14.394675925925926,416194.0,87798.0,524578.4291666667,14.394675925925926,83238.8,-83238.8,87798.0,529152.0238425927
837,0.93,c837,edge-6,524578.4291666667,14.407407407407407,416344.0,88029.0,524578.4291666667,14.407407407407407,83268.8,-83268.8,88029.0,529353.0365740741
838,0.9311111111111111,c838,edge-5,524578.4291666667,14.423611111111109,416821.0,88220.0,524578.4291666667,14.423611111111109,83364.20000000001,-83364.20000000001,88220.0,529448.6527777778
839,0.9322222222222222,c839,edge-4,524578.4291666667,14.460069444444445,417844.0,88443.0,524578.4291666667,14.460069444444445,83568.8,-83568.8,88443.0,529467.0892361111
840,0.9333333333333333,c840,edge-7,524578.4291666667,14.456018518518517,418241.0,88638.0,524578.4291666667,14.456018518518517,83648.20000000001,-83648.20000000001,88638.0,529582.6851851852
841,0.9344444444444444,c841,edge-2,524578.4291666667,14.465277777777777,419264.0,88865.0,524578.4291666667,14.465277777777777,83852.8,-83852.8,88865.0,529605.0944444444
842,0.9355555555555556,c842,edge-8,524578.4291666667,14.484953703703702,419308.0,89078.0,524578.4291666667,14.484953703703702,83861.6,-83861.6,89078.0,529809.3141203704
843,0.9366666666666666,c843,edge-6,524578.4291666667,14.48611111111111,419532.0,89311.0,524578.4291666667,14.48611111111111,83906.40000000001,-83906.40000000001,89311.0,529997.5152777778
844,0.9377777777777778,c844,edge-6,524578.4291666667,14.48900462962963,420555.0,89546.0,524578.4291666667,14.48900462962963,84111.0,-84111.0,89546.0,530027.9181712964
845,0.9388888888888889,c845,edge-7,524578.4291666667,14.486689814814817,421022.0,89743.0,524578.4291666667,14.486689814814817,84204.40000000001,-84204.40000000001,89743.0,530131.5158564815
846,0.94,c846,edge-1,524578.4291666667,14.52662037037037,421194.0,89938.0,524578.4291666667,14.52662037037037,84238.8,-84238.8,89938.0,530292.155787037
847,0.9411111111111111,c847,edge-6,524578.4291666667,14.51736111111111,421455.0,90175.0,524578.4291666667,14.51736111111111,84291.0,-84291.0,90175.0,530476.9465277778
848,0.9422222222222222,c848,edge-2,524578.4291666667,14.508101851851851,422478.0,90404.0,524578.4291666667,14.508101851851851,84495.6,-84495.6,90404.0,530501.3372685185
849,0.9433333333333334,c849,edge-4,524578.4291666667,14.527777777777775,423501.0,90629.0,524578.4291666667,14.527777777777775,84700.20000000001,-84700.20000000001,90629.0,530521.7569444445
850,0.9444444444444444,c850,edge-3,524578.4291666667,14.550925925925924,423882.0,90834.0,524578.4291666667,14.550925925925924,84776.40000000001,-84776.40000000001,90834.0,530650.5800925926
851,0.9455555555555556,c851,edge-2,524578.4291666667,14.578703703703702,424905.0,91065.0,524578.4291666667,14.578703703703702,84981.0,-84981.0,91065.0,530677.0078703704
852,0.9466666666666667,c852,edge-8,524578.4291666667,14.615162037037035,425181.0,91280.0,524578.4291666667,14.615162037037035,85036.20000000001,-85036.20000000001,91280.0,530836.8443287038
853,0.9477777777777778,c853,edge-3,524578.4291666667,14.646412037037035,425685.0,91487.0,524578.4291666667,14.646412037037035,85137.0,-85137.0,91487.0,530943.0755787038
854,0.9488888888888889,c854,edge-2,524578.4291666667,14.638888888888886,426708.0,91720.0,524578.4291666667,14.638888888888886,85341.6,-85341.6,91720.0,530971.4680555556
855,0.95,c855,edge-2,524578.4291666667,14.666666666666664,427731.0,91955.0,524578.4291666667,14.666666666666664,85546.20000000001,-85546.20000000001,91955.0,531001.8958333333
856,0.9511111111111111,c856,edge-8,524578.4291666667,14.697916666666664,428156.0,92172.0,524578.4291666667,14.697916666666664,85631.20000000001,-85631.20000000001,92172.0,531133.9270833333
857,0.9522222222222222,c857,edge-5,524578.4291666667,14.695601851851848,428633.0,92365.0,524578.4291666667,14.695601851851848,85726.6,-85726.6,92365.0,531231.5247685185
858,0.9533333333333334,c858,edge-1,524578.4291666667,14.702546296296294,429187.0,92562.0,524578.4291666667,14.702546296296294,85837.40000000001,-85837.40000000001,92562.0,531317.731712963
859,0.9544444444444444,c859,edge-4,524578.4291666667,14.733796296296294,429292.0,92789.0,524578.4291666667,14.733796296296294,85858.40000000001,-85858.40000000001,92789.0,531523.762962963
860,0.9555555555555556,c860,edge-7,524578.4291666667,14.744791666666664,429576.0,92988.0,524578.4291666667,14.744791666666664,85915.20000000001,-85915.20000000001,92988.0,531665.9739583333
861,0.9566666666666667,c861,edge-5,524578.4291666667,14.740162037037035,429805.0,93183.0,524578.4291666667,14.740162037037035,85961.0,-85961.0,93183.0,531815.1693287038
862,0.9577777777777777,c862,edge-7,524578.4291666667,14.741319444444443,430151.0,93384.0,524578.4291666667,14.741319444444443,86030.20000000001,-86030.20000000001,93384.0,531946.9704861112
863,0.9588888888888889,c863,edge-5,524578.4291666667,14.732060185185183,430530.0,93581.0,524578.4291666667,14.732060185185183,86106.0,-86106.0,93581.0,532068.1612268519
864,0.96,c864,edge-6,524578.4291666667,14.775462962962962,431553.0,93820.0,524578.4291666667,14.775462962962962,86310.6,-86310.6,93820.0,532102.6046296296
865,0.9611111111111111,c865,edge-1,524578.4291666667,14.795138888888886,431702.0,94019.0,524578.4291666667,14.795138888888886,86340.40000000001,-86340.40000000001,94019.0,532271.8243055556
866,0.9622222222222222,c866,edge-2,524578.4291666667,14.789351851851851,432725.0,94256.0,524578.4291666667,14.789351851851851,86545.0,-86545.0,94256.0,532304.2185185185
867,0.9633333333333334,c867,edge-1,524578.4291666667,14.787037037037035,433104.0,94457.0,524578.4291666667,14.787037037037035,86620.8,-86620.8,94457.0,532429.4162037037
868,0.9644444444444444,c868,edge-2,524894.3916666666,14.808449074074073,433104.0,94696.0,524894.3916666666,14.808449074074073,86620.8,-86620.8,94696.0,532984.4001157407
869,0.9655555555555555,c869,edge-1,524894.3916666666,14.851851851851851,433276.0,94899.0,524894.3916666666,14.851851851851851,86655.20000000001,-86655.20000000001,94899.0,533153.0435185183
870,0.9666666666666667,c870,edge-5,524894.3916666666,14.86111111111111,433505.0,95098.0,524894.3916666666,14.86111111111111,86701.0,-86701.0,95098.0,533306.2527777777
871,0.9677777777777777,c871,edge-6,524894.3916666666,14.86400462962963,434528.0,95339.0,524894.3916666666,14.86400462962963,86905.6,-86905.6,95339.0,533342.6556712963
872,0.9688888888888889,c872,edge-4,524894.3916666666,14.84548611111111,434641.0,95568.0,524894.3916666666,14.84548611111111,86928.20000000001,-86928.20000000001,95568.0,533549.0371527777
873,0.97,c873,edge-8,524894.3916666666,14.844907407407407,435066.0,95787.0,524894.3916666666,14.844907407407407,87013.20000000001,-87013.20000000001,95787.0,533683.0365740741
874,0.9711111111111111,c874,edge-5,524894.3916666666,14.842592592592592,435273.0,95988.0,524894.3916666666,14.842592592592592,87054.6,-87054.6,95988.0,533842.6342592592
875,0.9722222222222222,c875,edge-6,524894.3916666666,14.840277777777777,435534.0,96231.0,524894.3916666666,14.840277777777777,87106.8,-87106.8,96231.0,534033.4319444443
876,0.9733333333333334,c876,edge-8,524894.3916666666,14.843171296296296,436127.0,96452.0,524894.3916666666,14.843171296296296,87225.40000000001,-87225.40000000001,96452.0,534135.8348379629
877,0.9744444444444444,c877,edge-1,524894.3916666666,14.859375,436411.0,96657.0,524894.3916666666,14.859375,87282.20000000001,-87282.20000000001,96657.0,534284.0510416667
878,0.9755555555555555,c878,edge-3,524894.3916666666,14.890625,436678.0,96866.0,524894.3916666666,14.890625,87335.6,-87335.6,96866.0,534439.6822916666
879,0.9766666666666667,c879,edge-5,524894.3916666666,14.883680555555555,436907.0,97069.0,524894.3916666666,14.883680555555555,87381.40000000001,-87381.40000000001,97069.0,534596.8753472221
880,0.9777777777777777,c880,edge-6,524894.3916666666,14.903356481481481,437138.0,97314.0,524894.3916666666,14.903356481481481,87427.6,-87427.6,97314.0,534795.6950231481
881,0.9788888888888889,c881,edge-6,524894.3916666666,14.94675925925926,437399.0,97561.0,524894.3916666666,14.94675925925926,87479.8,-87479.8,97561.0,534990.5384259259
882,0.98,c882,edge-8,524894.3916666666,14.942708333333332,437992.0,97784.0,524894.3916666666,14.942708333333332,87598.40000000001,-87598.40000000001,97784.0,535094.934375
883,0.9811111111111112,c883,edge-6,524894.3916666666,14.982638888888888,438253.0,98033.0,524894.3916666666,14.982638888888888,87650.6,-87650.6,98033.0,535291.7743055555
884,0.9822222222222222,c884,edge-2,524894.3916666666,15.007523148148147,438281.0,98274.0,524894.3916666666,15.007523148148147,87656.20000000001,-87656.20000000001,98274.0,535527.1991898147
885,0.9833333333333333,c885,edge-3,524894.3916666666,15.023726851851851,438567.0,98485.0,524894.3916666666,15.023726851851851,87713.40000000001,-87713.40000000001,98485.0,535681.0153935184
886,0.9844444444444445,c886,edge-2,524894.3916666666,15.039930555555555,439590.0,98728.0,524894.3916666666,15.039930555555555,87918.0,-87918.0,98728.0,535719.4315972221
887,0.9855555555555555,c887,edge-8,524894.3916666666,15.069444444444445,439957.0,98953.0,524894.3916666666,15.069444444444445,87991.40000000001,-87991.40000000001,98953.0,535871.0611111111
888,0.9866666666666667,c888,edge-3,524894.3916666666,15.06886574074074,440461.0,99166.0,524894.3916666666,15.06886574074074,88092.20000000001,-88092.20000000001,99166.0,535983.2605324073
889,0.9877777777777778,c889,edge-7,524894.3916666666,15.086805555555554,440858.0,99369.0,524894.3916666666,15.086805555555554,88171.6,-88171.6,99369.0,536106.8784722221
890,0.9888888888888889,c890,edge-2,524894.3916666666,15.119791666666664,441881.0,99614.0,524894.3916666666,15.119791666666664,88376.20000000001,-88376.20000000001,99614.0,536147.3114583332
891,0.99,c891,edge-4,524894.3916666666,15.117476851851851,442904.0,99845.0,524894.3916666666,15.117476851851851,88580.8,-88580.8,99845.0,536173.7091435185
892,0.9911111111111112,c892,edge-7,524894.3916666666,15.160879629629628,443188.0,100050.0,524894.3916666666,15.160879629629628,88637.6,-88637.6,100050.0,536321.9525462963
893,0.9922222222222222,c893,edge-4,524894.3916666666,15.197337962962962,444211.0,100283.0,524894.3916666666,15.197337962962962,88842.20000000001,-88842.20000000001,100283.0,536350.3890046296
894,0.9933333333333333,c894,edge-3,524894.3916666666,15.189814814814815,444478.0,100498.0,524894.3916666666,15.189814814814815,88895.6,-88895.6,100498.0,536511.9814814815
895,0.9944444444444445,c895,edge-8,524894.3916666666,15.206018518518519,444754.0,100725.0,524894.3916666666,15.206018518518519,88950.8,-88950.8,100725.0,536683.7976851852
896,0.9955555555555555,c896,edge-2,524894.3916666666,15.242476851851851,444767.0,100972.0,524894.3916666666,15.242476851851851,88953.40000000001,-88953.40000000001,100972.0,536928.2341435184
897,0.9966666666666667,c897,edge-8,524894.3916666666,15.277199074074073,445360.0,101201.0,524894.3916666666,15.277199074074073,89072.0,-89072.0,101201.0,537038.6688657406
898,0.9977777777777778,c898,edge-6,524894.3916666666,15.27488425925926,445636.0,101452.0,524894.3916666666,15.27488425925926,89127.20000000001,-89127.20000000001,101452.0,537234.4665509257
899,0.9988888888888889,c899,edge-7,524894.3916666666,15.265625,446103.0,101659.0,524894.3916666666,15.265625,89220.6,-89220.6,101659.0,537348.0572916666
900,1.0,c900,edge-2,524894.3916666666,15.281828703703702,447126.0,101908.0,524894.3916666666,15.281828703703702,89425.20000000001,-89425.20000000001,101908.0,537392.4734953702
