iter,progress,container_id,chosen_node,raw_delay,raw_frag,raw_aff,raw_load,delay_term,frag_term,aff_reward_term,aff_contrib_to_phi,load_term,phi_total
1,0.0014285714285714286,c001,edge-3,608.0166666666667,0.041666666666666664,0.0,1.0,608.0166666666667,0.041666666666666664,0.0,-0.0,1.0,609.0583333333333
2,0.002857142857142857,c002,edge-3,4806.15,0.03587962962962962,0.0,4.0,4806.15,0.03587962962962962,0.0,-0.0,4.0,4810.185879629629
3,0.004285714285714286,c003,edge-2,17887.762499999997,0.050925925925925916,0.0,5.0,17887.762499999997,0.050925925925925916,0.0,-0.0,5.0,17892.813425925924
4,0.005714285714285714,c004,edge-7,19803.112499999996,0.06712962962962962,0.0,6.0,19803.112499999996,0.06712962962962962,0.0,-0.0,6.0,19809.179629629627
5,0.007142857142857143,c005,edge-4,32884.725,0.10879629629629628,0.0,7.0,32884.725,0.10879629629629628,0.0,-0.0,7.0,32891.8337962963
6,0.008571428571428572,c006,edge-8,32915.975,0.1284722222222222,0.0,8.0,32915.975,0.1284722222222222,0.0,-0.0,8.0,32924.10347222222
7,0.01,c007,edge-6,33543.174999999996,0.13425925925925924,0.0,9.0,33543.174999999996,0.13425925925925924,0.0,-0.0,9.0,33552.30925925926
8,0.011428571428571429,c008,edge-4,33877.7625,0.15393518518518517,0.0,12.0,33877.7625,0.15393518518518517,0.0,-0.0,12.0,33889.91643518518
9,0.012857142857142857,c009,edge-4,33877.7625,0.19733796296296294,1023.0,17.0,33877.7625,0.19733796296296294,204.60000000000002,-204.60000000000002,17.0,33690.35983796296
10,0.014285714285714285,c010,edge-7,40844.07916666666,0.21527777777777776,1023.0,20.0,40844.07916666666,0.21527777777777776,204.60000000000002,-204.60000000000002,20.0,40659.694444444445
11,0.015714285714285715,c011,edge-1,41741.14583333333,0.2592592592592592,1023.0,21.0,41741.14583333333,0.2592592592592592,204.60000000000002,-204.60000000000002,21.0,41557.80509259259
12,0.017142857142857144,c012,edge-4,41741.14583333333,0.302662037037037,2046.0,28.0,41741.14583333333,0.302662037037037,409.20000000000005,-409.20000000000005,28.0,41360.24849537037
13,0.018571428571428572,c013,edge-1,41741.14583333333,0.302662037037037,2278.0,31.0,41741.14583333333,0.302662037037037,455.6,-455.6,31.0,41316.84849537037
14,0.02,c014,edge-5,45974.74583333333,0.32812499999999994,2278.0,32.0,45974.74583333333,0.32812499999999994,455.6,-455.6,32.0,45551.47395833333
15,0.02142857142857143,c015,edge-4,45974.74583333333,0.324074074074074,3301.0,41.0,45974.74583333333,0.324074074074074,660.2,-660.2,41.0,45355.8699074074
16,0.022857142857142857,c016,edge-1,47433.94583333333,0.34259259259259256,3301.0,46.0,47433.94583333333,0.34259259259259256,660.2,-660.2,46.0,46820.088425925926
17,0.024285714285714285,c017,edge-3,59394.61249999999,0.36053240740740744,3302.0,51.0,59394.61249999999,0.36053240740740744,660.4000000000001,-660.4000000000001,51.0,58785.573032407396
18,0.025714285714285714,c018,edge-5,63873.16249999999,0.3755787037037037,3302.0,54.0,63873.16249999999,0.3755787037037037,660.4000000000001,-660.4000000000001,54.0,63267.13807870369
19,0.027142857142857142,c019,edge-1,66521.9625,0.40162037037037035,3302.0,61.0,66521.9625,0.40162037037037035,660.4000000000001,-660.4000000000001,61.0,65922.96412037036
20,0.02857142857142857,c020,edge-8,71658.825,0.43113425925925924,3302.0,64.0,71658.825,0.43113425925925924,660.4000000000001,-660.4000000000001,64.0,71062.85613425926
21,0.03,c021,edge-3,82498.15833333333,0.4728009259259259,3302.0,71.0,82498.15833333333,0.4728009259259259,660.4000000000001,-660.4000000000001,71.0,81909.23113425926
22,0.03142857142857143,c022,edge-2,82498.15833333333,0.4820601851851852,4325.0,74.0,82498.15833333333,0.4820601851851852,865.0,-865.0,74.0,81707.64039351851
23,0.032857142857142856,c023,edge-3,99554.825,0.48495370370370366,4372.0,83.0,99554.825,0.48495370370370366,874.4000000000001,-874.4000000000001,83.0,98763.90995370371
24,0.03428571428571429,c024,edge-8,108617.825,0.48958333333333326,4373.0,88.0,108617.825,0.48958333333333326,874.6,-874.6,88.0,107831.71458333332
25,0.03571428571428571,c025,edge-3,117416.35833333332,0.4942129629629629,4373.0,99.0,117416.35833333332,0.4942129629629629,874.6,-874.6,99.0,116641.25254629628
26,0.037142857142857144,c026,edge-3,117416.35833333332,0.5121527777777777,4840.0,112.0,117416.35833333332,0.5121527777777777,968.0,-968.0,112.0,116560.8704861111
27,0.03857142857142857,c027,edge-7,122275.75833333332,0.5451388888888888,4869.0,117.0,122275.75833333332,0.5451388888888888,973.8000000000001,-973.8000000000001,117.0,121419.5034722222
28,0.04,c028,edge-2,122275.75833333332,0.5601851851851851,5892.0,122.0,122275.75833333332,0.5601851851851851,1178.4,-1178.4,122.0,121219.9185185185
29,0.041428571428571426,c029,edge-5,123419.62499999999,0.5752314814814814,5892.0,127.0,123419.62499999999,0.5752314814814814,1178.4,-1178.4,127.0,122368.80023148147
30,0.04285714285714286,c030,edge-3,123419.62499999999,0.5966435185185185,6083.0,142.0,123419.62499999999,0.5966435185185185,1216.6000000000001,-1216.6000000000001,142.0,122345.6216435185
31,0.04428571428571428,c031,edge-5,123419.62499999999,0.6024305555555555,6587.0,149.0,123419.62499999999,0.6024305555555555,1317.4,-1317.4,149.0,122251.82743055555
32,0.045714285714285714,c032,edge-2,123419.62499999999,0.6047453703703702,7610.0,156.0,123419.62499999999,0.6047453703703702,1522.0,-1522.0,156.0,122054.22974537035
33,0.047142857142857146,c033,edge-2,123419.62499999999,0.6186342592592592,8633.0,165.0,123419.62499999999,0.6186342592592592,1726.6000000000001,-1726.6000000000001,165.0,121858.64363425924
34,0.04857142857142857,c034,edge-8,133934.12499999997,0.6603009259259259,8660.0,172.0,133934.12499999997,0.6603009259259259,1732.0,-1732.0,172.0,132374.7853009259
35,0.05,c035,edge-7,134453.47499999998,0.6730324074074074,9022.0,179.0,134453.47499999998,0.6730324074074074,1804.4,-1804.4,179.0,132828.7480324074
36,0.05142857142857143,c036,edge-7,139381.87499999997,0.6892361111111112,9051.0,188.0,139381.87499999997,0.6892361111111112,1810.2,-1810.2,188.0,137760.36423611108
37,0.05285714285714286,c037,edge-8,139381.87499999997,0.7222222222222222,9644.0,197.0,139381.87499999997,0.7222222222222222,1928.8000000000002,-1928.8000000000002,197.0,137650.7972222222
38,0.054285714285714284,c038,edge-8,139381.87499999997,0.7552083333333334,10069.0,208.0,139381.87499999997,0.7552083333333334,2013.8000000000002,-2013.8000000000002,208.0,137576.83020833333
39,0.055714285714285716,c039,edge-7,139381.87499999997,0.7766203703703703,10408.0,219.0,139381.87499999997,0.7766203703703703,2081.6,-2081.6,219.0,137520.05162037033
40,0.05714285714285714,c040,edge-8,139381.87499999997,0.7910879629629629,10775.0,232.0,139381.87499999997,0.7910879629629629,2155.0,-2155.0,232.0,137459.66608796292
41,0.05857142857142857,c041,edge-4,139381.87499999997,0.7922453703703703,11798.0,243.0,139381.87499999997,0.7922453703703703,2359.6,-2359.6,243.0,137266.06724537033
42,0.06,c042,edge-8,139381.87499999997,0.7934027777777778,12391.0,258.0,139381.87499999997,0.7934027777777778,2478.2000000000003,-2478.2000000000003,258.0,137162.46840277774
43,0.06142857142857143,c043,edge-2,139381.87499999997,0.8084490740740742,13414.0,269.0,139381.87499999997,0.8084490740740742,2682.8,-2682.8,269.0,136968.88344907406
44,0.06285714285714286,c044,edge-2,139381.87499999997,0.8292824074074074,14437.0,282.0,139381.87499999997,0.8292824074074074,2887.4,-2887.4,282.0,136777.3042824074
45,0.06428571428571428,c045,edge-1,145913.875,0.8587962962962964,14437.0,291.0,145913.875,0.8587962962962964,2887.4,-2887.4,291.0,143318.3337962963
46,0.06571428571428571,c046,edge-8,145913.875,0.8582175925925927,15030.0,308.0,145913.875,0.8582175925925927,3006.0,-3006.0,308.0,143216.73321759258
47,0.06714285714285714,c047,edge-3,145913.875,0.8929398148148149,15497.0,325.0,145913.875,0.8929398148148149,3099.4,-3099.4,325.0,143140.3679398148
48,0.06857142857142857,c048,edge-3,147416.79166666666,0.9346064814814815,15588.0,344.0,147416.79166666666,0.9346064814814815,3117.6000000000004,-3117.6000000000004,344.0,144644.12627314814
49,0.07,c049,edge-2,147416.79166666666,0.9531250000000001,16611.0,359.0,147416.79166666666,0.9531250000000001,3322.2000000000003,-3322.2000000000003,359.0,144454.54479166665
50,0.07142857142857142,c050,edge-2,147416.79166666666,0.978587962962963,17634.0,376.0,147416.79166666666,0.978587962962963,3526.8,-3526.8,376.0,144266.97025462962
51,0.07285714285714286,c051,edge-2,147416.79166666666,0.9959490740740742,18657.0,395.0,147416.79166666666,0.9959490740740742,3731.4,-3731.4,395.0,144081.38761574074
52,0.07428571428571429,c052,edge-8,147416.79166666666,1.025462962962963,19082.0,414.0,147416.79166666666,1.025462962962963,3816.4,-3816.4,414.0,144015.4171296296
53,0.07571428571428572,c053,edge-4,147416.79166666666,1.0266203703703705,20105.0,427.0,147416.79166666666,1.0266203703703705,4021.0,-4021.0,427.0,143823.81828703702
54,0.07714285714285714,c054,edge-5,147416.79166666666,1.0578703703703705,20609.0,436.0,147416.79166666666,1.0578703703703705,4121.8,-4121.8,436.0,143732.04953703703
55,0.07857142857142857,c055,edge-5,152256.125,1.053240740740741,20610.0,447.0,152256.125,1.053240740740741,4122.0,-4122.0,447.0,148582.17824074073
56,0.08,c056,edge-1,165120.72499999998,1.059027777777778,20611.0,458.0,165120.72499999998,1.059027777777778,4122.2,-4122.2,458.0,161457.58402777775
57,0.08142857142857143,c057,edge-3,165120.72499999998,1.0601851851851853,21078.0,479.0,165120.72499999998,1.0601851851851853,4215.6,-4215.6,479.0,161385.18518518517
58,0.08285714285714285,c058,edge-1,165120.72499999998,1.0439814814814816,21310.0,492.0,165120.72499999998,1.0439814814814816,4262.0,-4262.0,492.0,161351.76898148147
59,0.08428571428571428,c059,edge-5,165120.72499999998,1.0694444444444446,21814.0,505.0,165120.72499999998,1.0694444444444446,4362.8,-4362.8,505.0,161263.99444444443
60,0.08571428571428572,c060,edge-3,165120.72499999998,1.105902777777778,22211.0,528.0,165120.72499999998,1.105902777777778,4442.2,-4442.2,528.0,161207.63090277775
61,0.08714285714285715,c061,edge-6,167507.03749999998,1.1412037037037037,22211.0,531.0,167507.03749999998,1.1412037037037037,4442.2,-4442.2,531.0,163596.97870370367
62,0.08857142857142856,c062,edge-2,167507.03749999998,1.1793981481481481,23234.0,552.0,167507.03749999998,1.1793981481481481,4646.8,-4646.8,552.0,163413.41689814813
63,0.09,c063,edge-1,173886.72083333333,1.1990740740740742,23235.0,567.0,173886.72083333333,1.1990740740740742,4647.0,-4647.0,567.0,169807.9199074074
64,0.09142857142857143,c064,edge-8,173886.72083333333,1.2204861111111112,23660.0,588.0,173886.72083333333,1.2204861111111112,4732.0,-4732.0,588.0,169743.94131944445
65,0.09285714285714286,c065,edge-8,173886.72083333333,1.2314814814814816,24253.0,611.0,173886.72083333333,1.2314814814814816,4850.6,-4850.6,611.0,169648.3523148148
66,0.09428571428571429,c066,edge-1,179464.1875,1.2210648148148149,24280.0,628.0,179464.1875,1.2210648148148149,4856.0,-4856.0,628.0,175237.4085648148
67,0.09571428571428571,c067,edge-6,179464.1875,1.2193287037037037,24547.0,633.0,179464.1875,1.2193287037037037,4909.400000000001,-4909.400000000001,633.0,175189.0068287037
68,0.09714285714285714,c068,edge-6,204053.125,1.228587962962963,24575.0,640.0,204053.125,1.228587962962963,4915.0,-4915.0,640.0,199779.35358796295
69,0.09857142857142857,c069,edge-8,204053.125,1.2280092592592595,25000.0,665.0,204053.125,1.2280092592592595,5000.0,-5000.0,665.0,199719.35300925927
70,0.1,c070,edge-1,204053.125,1.244791666666667,25150.0,684.0,204053.125,1.244791666666667,5030.0,-5030.0,684.0,199708.36979166666
71,0.10142857142857142,c071,edge-6,204053.125,1.2505787037037037,26173.0,693.0,204053.125,1.2505787037037037,5234.6,-5234.6,693.0,199512.7755787037
72,0.10285714285714286,c072,edge-7,224854.32499999998,1.244791666666667,26174.0,706.0,224854.32499999998,1.244791666666667,5234.8,-5234.8,706.0,220326.76979166665
73,0.10428571428571429,c073,edge-2,224854.32499999998,1.2847222222222223,27197.0,729.0,224854.32499999998,1.2847222222222223,5439.400000000001,-5439.400000000001,729.0,220145.2097222222
74,0.10571428571428572,c074,edge-6,239709.9875,1.3125,27197.0,740.0,239709.9875,1.3125,5439.400000000001,-5439.400000000001,740.0,235011.9
75,0.10714285714285714,c075,edge-3,250813.7375,1.3153935185185186,27225.0,765.0,250813.7375,1.3153935185185186,5445.0,-5445.0,765.0,246135.0528935185
76,0.10857142857142857,c076,edge-1,250813.7375,1.3327546296296298,27457.0,786.0,250813.7375,1.3327546296296298,5491.400000000001,-5491.400000000001,786.0,246109.67025462963
77,0.11,c077,edge-3,250813.7375,1.3269675925925926,27660.0,813.0,250813.7375,1.3269675925925926,5532.0,-5532.0,813.0,246096.06446759257
78,0.11142857142857143,c078,edge-2,250813.7375,1.3582175925925926,28683.0,838.0,250813.7375,1.3582175925925926,5736.6,-5736.6,838.0,245916.49571759257
79,0.11285714285714285,c079,edge-2,252610.63749999995,1.3796296296296298,28683.0,865.0,252610.63749999995,1.3796296296296298,5736.6,-5736.6,865.0,247740.41712962958
80,0.11428571428571428,c080,edge-3,252610.63749999995,1.3738425925925926,29029.0,894.0,252610.63749999995,1.3738425925925926,5805.8,-5805.8,894.0,247700.21134259255
81,0.11571428571428571,c081,edge-1,252610.63749999995,1.3761574074074074,29261.0,917.0,252610.63749999995,1.3761574074074074,5852.200000000001,-5852.200000000001,917.0,247676.81365740736
82,0.11714285714285715,c082,edge-3,252610.63749999995,1.3888888888888888,29728.0,948.0,252610.63749999995,1.3888888888888888,5945.6,-5945.6,948.0,247614.42638888882
83,0.11857142857142858,c083,edge-4,252610.63749999995,1.3917824074074074,30751.0,963.0,252610.63749999995,1.3917824074074074,6150.200000000001,-6150.200000000001,963.0,247424.82928240736
84,0.12,c084,edge-1,262233.8375,1.4097222222222223,30796.0,988.0,262233.8375,1.4097222222222223,6159.200000000001,-6159.200000000001,988.0,257064.04722222226
85,0.12142857142857143,c085,edge-5,267231.30416666664,1.4120370370370372,30825.0,1003.0,267231.30416666664,1.4120370370370372,6165.0,-6165.0,1003.0,262070.71620370366
86,0.12285714285714286,c086,edge-8,267231.30416666664,1.4247685185185186,31192.0,1030.0,267231.30416666664,1.4247685185185186,6238.400000000001,-6238.400000000001,1030.0,262024.32893518519
87,0.12428571428571429,c087,edge-2,267231.30416666664,1.464699074074074,32215.0,1059.0,267231.30416666664,1.464699074074074,6443.0,-6443.0,1059.0,261848.76886574074
88,0.12571428571428572,c088,edge-2,267231.30416666664,1.4739583333333335,33238.0,1090.0,267231.30416666664,1.4739583333333335,6647.6,-6647.6,1090.0,261675.17812499995
89,0.12714285714285714,c089,edge-3,267231.30416666664,1.5017361111111112,33441.0,1123.0,267231.30416666664,1.5017361111111112,6688.200000000001,-6688.200000000001,1123.0,261667.60590277775
90,0.12857142857142856,c090,edge-1,267231.30416666664,1.4994212962962963,33586.0,1150.0,267231.30416666664,1.4994212962962963,6717.200000000001,-6717.200000000001,1150.0,261665.60358796292
91,0.13,c091,edge-1,267231.30416666664,1.506365740740741,33614.0,1179.0,267231.30416666664,1.506365740740741,6722.8,-6722.8,1179.0,261689.01053240738
92,0.13142857142857142,c092,edge-3,267231.30416666664,1.537615740740741,34081.0,1214.0,267231.30416666664,1.537615740740741,6816.200000000001,-6816.200000000001,1214.0,261630.64178240736
93,0.13285714285714287,c093,edge-1,303019.70416666666,1.5839120370370372,34081.0,1245.0,303019.70416666666,1.5839120370370372,6816.200000000001,-6816.200000000001,1245.0,297450.0880787037
94,0.13428571428571429,c094,edge-3,303019.70416666666,1.6035879629629632,34548.0,1282.0,303019.70416666666,1.6035879629629632,6909.6,-6909.6,1282.0,297393.70775462966
95,0.1357142857142857,c095,edge-4,303019.70416666666,1.6215277777777781,35571.0,1299.0,303019.70416666666,1.6215277777777781,7114.200000000001,-7114.200000000001,1299.0,297206.1256944444
96,0.13714285714285715,c096,edge-5,308011.70416666666,1.6377314814814818,35599.0,1316.0,308011.70416666666,1.6377314814814818,7119.8,-7119.8,1316.0,302209.54189814813
97,0.13857142857142857,c097,edge-3,308011.70416666666,1.675925925925926,35996.0,1355.0,308011.70416666666,1.675925925925926,7199.200000000001,-7199.200000000001,1355.0,302169.18009259255
98,0.14,c098,edge-3,308011.70416666666,1.6886574074074079,36280.0,1396.0,308011.70416666666,1.6886574074074079,7256.0,-7256.0,1396.0,302153.3928240741
99,0.14142857142857143,c099,edge-3,308011.70416666666,1.7320601851851856,36471.0,1439.0,308011.70416666666,1.7320601851851856,7294.200000000001,-7294.200000000001,1439.0,302158.2362268518
100,0.14285714285714285,c100,edge-2,309895.24166666664,1.7598379629629632,36471.0,1472.0,309895.24166666664,1.7598379629629632,7294.200000000001,-7294.200000000001,1472.0,304074.8015046296
101,0.1442857142857143,c101,edge-6,309895.24166666664,1.7783564814814816,37494.0,1485.0,309895.24166666664,1.7783564814814816,7498.8,-7498.8,1485.0,303883.2200231481
102,0.1457142857142857,c102,edge-8,311430.87916666665,1.777777777777778,37494.0,1514.0,311430.87916666665,1.777777777777778,7498.8,-7498.8,1514.0,305447.8569444444
103,0.14714285714285713,c103,edge-5,311430.87916666665,1.775462962962963,37998.0,1533.0,311430.87916666665,1.775462962962963,7599.6,-7599.6,1533.0,305366.05462962965
104,0.14857142857142858,c104,edge-1,311430.87916666665,1.771990740740741,38227.0,1566.0,311430.87916666665,1.771990740740741,7645.400000000001,-7645.400000000001,1566.0,305353.25115740736
105,0.15,c105,edge-8,311430.87916666665,1.796875,38820.0,1597.0,311430.87916666665,1.796875,7764.0,-7764.0,1597.0,305265.67604166665
106,0.15142857142857144,c106,edge-5,311430.87916666665,1.8402777777777781,39324.0,1618.0,311430.87916666665,1.8402777777777781,7864.8,-7864.8,1618.0,305185.9194444444
107,0.15285714285714286,c107,edge-8,313087.44166666665,1.8750000000000002,39325.0,1651.0,313087.44166666665,1.8750000000000002,7865.0,-7865.0,1651.0,306875.31666666665
108,0.15428571428571428,c108,edge-8,313087.44166666665,1.8981481481481486,39375.0,1686.0,313087.44166666665,1.8981481481481486,7875.0,-7875.0,1686.0,306900.3398148148
109,0.15571428571428572,c109,edge-8,313087.44166666665,1.9276620370370374,39968.0,1723.0,313087.44166666665,1.9276620370370374,7993.6,-7993.6,1723.0,306818.7693287037
110,0.15714285714285714,c110,edge-3,313087.44166666665,1.9305555555555558,40435.0,1768.0,313087.44166666665,1.9305555555555558,8087.0,-8087.0,1768.0,306770.3722222222
111,0.15857142857142856,c111,edge-1,313087.44166666665,1.9780092592592595,40989.0,1803.0,313087.44166666665,1.9780092592592595,8197.800000000001,-8197.800000000001,1803.0,306694.61967592593
112,0.16,c112,edge-6,313087.44166666665,1.990740740740741,42012.0,1818.0,313087.44166666665,1.990740740740741,8402.4,-8402.4,1818.0,306505.03240740736
113,0.16142857142857142,c113,edge-8,323081.67916666664,2.0121527777777777,42041.0,1857.0,323081.67916666664,2.0121527777777777,8408.2,-8408.2,1857.0,316532.4913194444
114,0.16285714285714287,c114,edge-6,323081.67916666664,2.0248842592592595,43064.0,1874.0,323081.67916666664,2.0248842592592595,8612.800000000001,-8612.800000000001,1874.0,316344.9040509259
115,0.16428571428571428,c115,edge-7,324435.4125,2.024305555555556,43244.0,1889.0,324435.4125,2.024305555555556,8648.800000000001,-8648.800000000001,1889.0,317677.63680555555
116,0.1657142857142857,c116,edge-2,324435.4125,2.0625,44267.0,1924.0,324435.4125,2.0625,8853.4,-8853.4,1924.0,317508.07499999995
117,0.16714285714285715,c117,edge-6,324435.4125,2.0798611111111116,44624.0,1943.0,324435.4125,2.0798611111111116,8924.800000000001,-8924.800000000001,1943.0,317455.6923611111
118,0.16857142857142857,c118,edge-3,324435.4125,2.070601851851852,45021.0,1990.0,324435.4125,2.070601851851852,9004.2,-9004.2,1990.0,317423.2831018518
119,0.17,c119,edge-1,324435.4125,2.0694444444444446,45253.0,2027.0,324435.4125,2.0694444444444446,9050.6,-9050.6,2027.0,317413.88194444444
120,0.17142857142857143,c120,edge-5,324435.4125,2.1006944444444446,45757.0,2050.0,324435.4125,2.1006944444444446,9151.4,-9151.4,2050.0,317336.1131944444
121,0.17285714285714285,c121,edge-2,325315.1625,2.137152777777778,45757.0,2087.0,325315.1625,2.137152777777778,9151.4,-9151.4,2087.0,318252.8996527777
122,0.1742857142857143,c122,edge-4,326533.01249999995,2.1498842592592595,45757.0,2106.0,326533.01249999995,2.1498842592592595,9151.4,-9151.4,2106.0,319489.7623842592
123,0.1757142857142857,c123,edge-5,326533.01249999995,2.1828703703703707,46261.0,2131.0,326533.01249999995,2.1828703703703707,9252.2,-9252.2,2131.0,319413.99537037034
124,0.17714285714285713,c124,edge-8,326533.01249999995,2.221064814814815,46537.0,2172.0,326533.01249999995,2.221064814814815,9307.4,-9307.4,2172.0,319399.83356481476
125,0.17857142857142858,c125,edge-1,326533.01249999995,2.237268518518519,46916.0,2211.0,326533.01249999995,2.237268518518519,9383.2,-9383.2,2211.0,319363.0497685185
126,0.18,c126,edge-6,326533.01249999995,2.25,47273.0,2232.0,326533.01249999995,2.25,9454.6,-9454.6,2232.0,319312.6625
127,0.18142857142857144,c127,edge-7,326533.01249999995,2.266203703703704,47664.0,2249.0,326533.01249999995,2.266203703703704,9532.800000000001,-9532.800000000001,2249.0,319251.4787037037
128,0.18285714285714286,c128,edge-6,326533.01249999995,2.2905092592592595,47888.0,2272.0,326533.01249999995,2.2905092592592595,9577.6,-9577.6,2272.0,319229.70300925925
129,0.18428571428571427,c129,edge-4,326533.01249999995,2.3321759259259265,48911.0,2293.0,326533.01249999995,2.3321759259259265,9782.2,-9782.2,2293.0,319046.14467592584
130,0.18571428571428572,c130,edge-6,326533.01249999995,2.3379629629629632,49178.0,2318.0,326533.01249999995,2.3379629629629632,9835.6,-9835.6,2318.0,319017.75046296295
131,0.18714285714285714,c131,edge-3,326533.01249999995,2.3726851851851856,49369.0,2367.0,326533.01249999995,2.3726851851851856,9873.800000000001,-9873.800000000001,2367.0,319028.58518518513
132,0.18857142857142858,c132,edge-6,326533.01249999995,2.3842592592592595,50392.0,2394.0,326533.01249999995,2.3842592592592595,10078.400000000001,-10078.400000000001,2394.0,318850.9967592592
133,0.19,c133,edge-8,326533.01249999995,2.4021990740740744,50759.0,2437.0,326533.01249999995,2.4021990740740744,10151.800000000001,-10151.800000000001,2437.0,318820.61469907407
134,0.19142857142857142,c134,edge-6,326533.01249999995,2.4172453703703707,51116.0,2466.0,326533.01249999995,2.4172453703703707,10223.2,-10223.2,2466.0,318778.22974537034
135,0.19285714285714287,c135,edge-8,326533.01249999995,2.460648148148149,51709.0,2511.0,326533.01249999995,2.460648148148149,10341.800000000001,-10341.800000000001,2511.0,318704.6731481481
136,0.19428571428571428,c136,edge-2,326533.01249999995,2.491898148148148,52732.0,2550.0,326533.01249999995,2.491898148148148,10546.400000000001,-10546.400000000001,2550.0,318539.1043981481
137,0.1957142857142857,c137,edge-5,339448.26249999995,2.509837962962963,52733.0,2577.0,339448.26249999995,2.509837962962963,10546.6,-10546.6,2577.0,331481.17233796295
138,0.19714285714285715,c138,edge-8,339448.26249999995,2.5144675925925926,53326.0,2624.0,339448.26249999995,2.5144675925925926,10665.2,-10665.2,2624.0,331409.5769675925
139,0.19857142857142857,c139,edge-8,339448.26249999995,2.5104166666666665,53602.0,2673.0,339448.26249999995,2.5104166666666665,10720.400000000001,-10720.400000000001,2673.0,331403.3729166666
140,0.2,c140,edge-8,339448.26249999995,2.5300925925925926,54195.0,2724.0,339448.26249999995,2.5300925925925926,10839.0,-10839.0,2724.0,331335.79259259254
141,0.20142857142857143,c141,edge-1,351767.4458333333,2.5243055555555554,54223.0,2765.0,351767.4458333333,2.5243055555555554,10844.6,-10844.6,2765.0,343690.3701388889
142,0.20285714285714285,c142,edge-4,353549.8458333333,2.5237268518518516,54223.0,2788.0,353549.8458333333,2.5237268518518516,10844.6,-10844.6,2788.0,345495.7695601852
143,0.2042857142857143,c143,edge-6,353549.8458333333,2.544560185185185,55246.0,2819.0,353549.8458333333,2.544560185185185,11049.2,-11049.2,2819.0,345322.1903935185
144,0.2057142857142857,c144,edge-7,353549.8458333333,2.5526620370370368,55637.0,2838.0,353549.8458333333,2.5526620370370368,11127.400000000001,-11127.400000000001,2838.0,345262.9984953703
145,0.20714285714285716,c145,edge-2,354850.0583333333,2.5520833333333335,55641.0,2879.0,354850.0583333333,2.5520833333333335,11128.2,-11128.2,2879.0,346603.4104166666
146,0.20857142857142857,c146,edge-3,354850.0583333333,2.5734953703703707,56038.0,2930.0,354850.0583333333,2.5734953703703707,11207.6,-11207.6,2930.0,346575.0318287037
147,0.21,c147,edge-5,362680.0083333333,2.606481481481482,56038.0,2959.0,362680.0083333333,2.606481481481482,11207.6,-11207.6,2959.0,354434.0148148148
148,0.21142857142857144,c148,edge-8,362680.0083333333,2.639467592592593,56631.0,3012.0,362680.0083333333,2.639467592592593,11326.2,-11326.2,3012.0,354368.4478009259
149,0.21285714285714286,c149,edge-3,362680.0083333333,2.6591435185185186,56977.0,3065.0,362680.0083333333,2.6591435185185186,11395.400000000001,-11395.400000000001,3065.0,354352.2674768518
150,0.21428571428571427,c150,edge-7,362680.0083333333,2.6846064814814814,57316.0,3086.0,362680.0083333333,2.6846064814814814,11463.2,-11463.2,3086.0,354305.49293981475
151,0.21571428571428572,c151,edge-6,362680.0083333333,2.715856481481482,58339.0,3119.0,362680.0083333333,2.715856481481482,11667.800000000001,-11667.800000000001,3119.0,354133.9241898148
152,0.21714285714285714,c152,edge-7,362680.0083333333,2.730902777777778,58546.0,3142.0,362680.0083333333,2.730902777777778,11709.2,-11709.2,3142.0,354115.53923611104
153,0.21857142857142858,c153,edge-8,362680.0083333333,2.767361111111111,59139.0,3197.0,362680.0083333333,2.767361111111111,11827.800000000001,-11827.800000000001,3197.0,354051.97569444444
154,0.22,c154,edge-6,362680.0083333333,2.7766203703703702,60162.0,3232.0,362680.0083333333,2.7766203703703702,12032.400000000001,-12032.400000000001,3232.0,353882.3849537037
155,0.22142857142857142,c155,edge-2,362680.0083333333,2.8113425925925926,61185.0,3275.0,362680.0083333333,2.8113425925925926,12237.0,-12237.0,3275.0,353720.8196759259
156,0.22285714285714286,c156,edge-2,362680.0083333333,2.8443287037037037,62208.0,3320.0,362680.0083333333,2.8443287037037037,12441.6,-12441.6,3320.0,353561.25266203703
157,0.22428571428571428,c157,edge-7,362680.0083333333,2.853587962962963,62547.0,3345.0,362680.0083333333,2.853587962962963,12509.400000000001,-12509.400000000001,3345.0,353518.46192129626
158,0.2257142857142857,c158,edge-4,362680.0083333333,2.853009259259259,63570.0,3370.0,362680.0083333333,2.853009259259259,12714.0,-12714.0,3370.0,353338.8613425926
159,0.22714285714285715,c159,edge-2,362680.0083333333,2.847222222222222,64593.0,3417.0,362680.0083333333,2.847222222222222,12918.6,-12918.6,3417.0,353181.2555555556
160,0.22857142857142856,c160,edge-3,362680.0083333333,2.8582175925925926,65060.0,3472.0,362680.0083333333,2.8582175925925926,13012.0,-13012.0,3472.0,353142.8665509259
161,0.23,c161,edge-5,362680.0083333333,2.864583333333333,65564.0,3503.0,362680.0083333333,2.864583333333333,13112.800000000001,-13112.800000000001,3503.0,353073.0729166666
162,0.23142857142857143,c162,edge-5,382986.5916666667,2.869212962962963,65610.0,3536.0,382986.5916666667,2.869212962962963,13122.0,-13122.0,3536.0,373403.46087962965
163,0.23285714285714285,c163,edge-1,382986.5916666667,2.890046296296296,65842.0,3579.0,382986.5916666667,2.890046296296296,13168.400000000001,-13168.400000000001,3579.0,373400.08171296294
164,0.2342857142857143,c164,edge-5,382986.5916666667,2.9282407407407405,66346.0,3614.0,382986.5916666667,2.9282407407407405,13269.2,-13269.2,3614.0,373334.3199074074
165,0.2357142857142857,c165,edge-3,382986.5916666667,2.920717592592592,66743.0,3671.0,382986.5916666667,2.920717592592592,13348.6,-13348.6,3671.0,373311.9123842593
166,0.23714285714285716,c166,edge-6,382986.5916666667,2.951967592592592,67766.0,3708.0,382986.5916666667,2.951967592592592,13553.2,-13553.2,3708.0,373144.34363425925
167,0.23857142857142857,c167,edge-1,393313.80833333335,2.958333333333333,67793.0,3753.0,393313.80833333335,2.958333333333333,13558.6,-13558.6,3753.0,383511.1666666667
168,0.24,c168,edge-5,393313.80833333335,2.978009259259259,68174.0,3790.0,393313.80833333335,2.978009259259259,13634.800000000001,-13634.800000000001,3790.0,383471.98634259263
169,0.24142857142857144,c169,edge-2,393313.80833333335,3.0127314814814814,69197.0,3839.0,393313.80833333335,3.0127314814814814,13839.400000000001,-13839.400000000001,3839.0,383316.4210648148
170,0.24285714285714285,c170,edge-4,396710.87083333335,3.048611111111111,69197.0,3866.0,396710.87083333335,3.048611111111111,13839.400000000001,-13839.400000000001,3866.0,386740.51944444445
171,0.24428571428571427,c171,edge-6,396710.87083333335,3.0671296296296298,70220.0,3905.0,396710.87083333335,3.0671296296296298,14044.0,-14044.0,3905.0,386574.93796296295
172,0.24571428571428572,c172,edge-3,396710.87083333335,3.105324074074074,70566.0,3964.0,396710.87083333335,3.105324074074074,14113.2,-14113.2,3964.0,386564.77615740744
173,0.24714285714285714,c173,edge-7,396710.87083333335,3.1307870370370368,70957.0,3991.0,396710.87083333335,3.1307870370370368,14191.400000000001,-14191.400000000001,3991.0,386513.60162037035
174,0.24857142857142858,c174,edge-6,396710.87083333335,3.1585648148148144,71980.0,4032.0,396710.87083333335,3.1585648148148144,14396.0,-14396.0,4032.0,386350.0293981482
175,0.25,c175,edge-4,396710.87083333335,3.19849537037037,73003.0,4061.0,396710.87083333335,3.19849537037037,14600.6,-14600.6,4061.0,386174.46932870377
176,0.25142857142857145,c176,edge-1,396710.87083333335,3.1927083333333326,73382.0,4108.0,396710.87083333335,3.1927083333333326,14676.400000000001,-14676.400000000001,4108.0,386145.66354166664
177,0.25285714285714284,c177,edge-8,396710.87083333335,3.227430555555555,73975.0,4165.0,396710.87083333335,3.227430555555555,14795.0,-14795.0,4165.0,386084.0982638889
178,0.2542857142857143,c178,edge-7,396710.87083333335,3.2459490740740735,74366.0,4194.0,396710.87083333335,3.2459490740740735,14873.2,-14873.2,4194.0,386034.91678240744
179,0.2557142857142857,c179,edge-8,396710.87083333335,3.238425925925925,74959.0,4253.0,396710.87083333335,3.238425925925925,14991.800000000001,-14991.800000000001,4253.0,385975.30925925926
180,0.2571428571428571,c180,edge-6,396710.87083333335,3.2673611111111103,75982.0,4296.0,396710.87083333335,3.2673611111111103,15196.400000000001,-15196.400000000001,4296.0,385813.73819444445
181,0.25857142857142856,c181,edge-7,396710.87083333335,3.2928240740740735,76459.0,4327.0,396710.87083333335,3.2928240740740735,15291.800000000001,-15291.800000000001,4327.0,385749.36365740746
182,0.26,c182,edge-8,396710.87083333335,3.290509259259259,76826.0,4388.0,396710.87083333335,3.290509259259259,15365.2,-15365.2,4388.0,385736.9613425926
183,0.26142857142857145,c183,edge-6,396710.87083333335,3.333912037037037,77849.0,4433.0,396710.87083333335,3.333912037037037,15569.800000000001,-15569.800000000001,4433.0,385577.4047453704
184,0.26285714285714284,c184,edge-7,396710.87083333335,3.347800925925926,78026.0,4466.0,396710.87083333335,3.347800925925926,15605.2,-15605.2,4466.0,385575.01863425924
185,0.2642857142857143,c185,edge-2,396710.87083333335,3.342013888888889,79049.0,4517.0,396710.87083333335,3.342013888888889,15809.800000000001,-15809.800000000001,4517.0,385421.41284722224
186,0.26571428571428574,c186,edge-6,408021.2083333334,3.3547453703703702,79077.0,4564.0,408021.2083333334,3.3547453703703702,15815.400000000001,-15815.400000000001,4564.0,396773.16307870374
187,0.2671428571428571,c187,edge-2,408021.2083333334,3.392939814814815,80100.0,4617.0,408021.2083333334,3.392939814814815,16020.0,-16020.0,4617.0,396621.6012731482
188,0.26857142857142857,c188,edge-8,408021.2083333334,3.4311342592592595,80525.0,4680.0,408021.2083333334,3.4311342592592595,16105.0,-16105.0,4680.0,396599.63946759264
189,0.27,c189,edge-6,408021.2083333334,3.432291666666667,81548.0,4729.0,408021.2083333334,3.432291666666667,16309.6,-16309.6,4729.0,396444.0406250001
190,0.2714285714285714,c190,edge-3,408021.2083333334,3.455439814814815,81832.0,4790.0,408021.2083333334,3.455439814814815,16366.400000000001,-16366.400000000001,4790.0,396448.2637731482
191,0.27285714285714285,c191,edge-6,408021.2083333334,3.471643518518519,82855.0,4841.0,408021.2083333334,3.471643518518519,16571.0,-16571.0,4841.0,396294.6799768519
192,0.2742857142857143,c192,edge-3,408021.2083333334,3.502893518518519,83201.0,4904.0,408021.2083333334,3.502893518518519,16640.2,-16640.2,4904.0,396288.5112268519
193,0.2757142857142857,c193,edge-2,411423.80833333335,3.505208333333334,83201.0,4959.0,411423.80833333335,3.505208333333334,16640.2,-16640.2,4959.0,399746.11354166665
194,0.27714285714285714,c194,edge-5,411423.80833333335,3.521412037037037,83487.0,4998.0,411423.80833333335,3.521412037037037,16697.4,-16697.4,4998.0,399727.92974537035
195,0.2785714285714286,c195,edge-1,411423.80833333335,3.557291666666667,84041.0,5047.0,411423.80833333335,3.557291666666667,16808.2,-16808.2,5047.0,399666.165625
196,0.28,c196,edge-1,411423.80833333335,3.570601851851852,84595.0,5098.0,411423.80833333335,3.570601851851852,16919.0,-16919.0,5098.0,399606.3789351852
197,0.2814285714285714,c197,edge-5,411423.80833333335,3.5798611111111116,84814.0,5139.0,411423.80833333335,3.5798611111111116,16962.8,-16962.8,5139.0,399603.5881944445
198,0.28285714285714286,c198,edge-6,411423.80833333335,3.5815972222222223,85837.0,5192.0,411423.80833333335,3.5815972222222223,17167.4,-17167.4,5192.0,399451.9899305556
199,0.2842857142857143,c199,edge-2,411423.80833333335,3.6163194444444446,86860.0,5249.0,411423.80833333335,3.6163194444444446,17372.0,-17372.0,5249.0,399304.4246527778
200,0.2857142857142857,c200,edge-6,411423.80833333335,3.6319444444444446,87883.0,5304.0,411423.80833333335,3.6319444444444446,17576.600000000002,-17576.600000000002,5304.0,399154.8402777778
201,0.28714285714285714,c201,edge-5,411423.80833333335,3.6701388888888893,88102.0,5347.0,411423.80833333335,3.6701388888888893,17620.4,-17620.4,5347.0,399154.0784722222
202,0.2885714285714286,c202,edge-3,411423.80833333335,3.6678240740740744,88569.0,5412.0,411423.80833333335,3.6678240740740744,17713.8,-17713.8,5412.0,399125.67615740746
203,0.29,c203,edge-6,411423.80833333335,3.669560185185185,89592.0,5469.0,411423.80833333335,3.669560185185185,17918.4,-17918.4,5469.0,398978.0778935185
204,0.2914285714285714,c204,edge-8,411423.80833333335,3.709490740740741,90017.0,5534.0,411423.80833333335,3.709490740740741,18003.4,-18003.4,5534.0,398958.11782407406
205,0.29285714285714287,c205,edge-4,411423.80833333335,3.705439814814815,91040.0,5565.0,411423.80833333335,3.705439814814815,18208.0,-18208.0,5565.0,398784.5137731482
206,0.29428571428571426,c206,edge-3,411423.80833333335,3.7285879629629632,91324.0,5632.0,411423.80833333335,3.7285879629629632,18264.8,-18264.8,5632.0,398794.73692129634
207,0.2957142857142857,c207,edge-7,411423.80833333335,3.7505787037037037,91703.0,5667.0,411423.80833333335,3.7505787037037037,18340.600000000002,-18340.600000000002,5667.0,398753.9589120371
208,0.29714285714285715,c208,edge-3,411423.80833333335,3.788773148148148,91906.0,5736.0,411423.80833333335,3.788773148148148,18381.2,-18381.2,5736.0,398782.3971064815
209,0.2985714285714286,c209,edge-6,411423.80833333335,3.8061342592592586,92263.0,5795.0,411423.80833333335,3.8061342592592586,18452.600000000002,-18452.600000000002,5795.0,398770.01446759264
210,0.3,c210,edge-7,411423.80833333335,3.8049768518518516,92642.0,5832.0,411423.80833333335,3.8049768518518516,18528.4,-18528.4,5832.0,398731.2133101852
211,0.30142857142857143,c211,edge-6,411423.80833333335,3.8026620370370368,93665.0,5893.0,411423.80833333335,3.8026620370370368,18733.0,-18733.0,5893.0,398587.61099537037
212,0.3028571428571429,c212,edge-7,411423.80833333335,3.818865740740741,94044.0,5932.0,411423.80833333335,3.818865740740741,18808.8,-18808.8,5932.0,398550.8271990741
213,0.30428571428571427,c213,edge-8,411423.80833333335,3.8200231481481484,94469.0,5999.0,411423.80833333335,3.8200231481481484,18893.8,-18893.8,5999.0,398532.8283564815
214,0.3057142857142857,c214,edge-2,411423.80833333335,3.858217592592593,95492.0,6058.0,411423.80833333335,3.858217592592593,19098.4,-19098.4,6058.0,398387.2665509259
215,0.30714285714285716,c215,edge-7,411423.80833333335,3.8709490740740744,95969.0,6099.0,411423.80833333335,3.8709490740740744,19193.8,-19193.8,6099.0,398332.87928240746
216,0.30857142857142855,c216,edge-7,424440.6583333333,3.892939814814815,95969.0,6142.0,424440.6583333333,3.892939814814815,19193.8,-19193.8,6142.0,411392.75127314817
217,0.31,c217,edge-6,424440.6583333333,3.9143518518518516,96992.0,6205.0,424440.6583333333,3.9143518518518516,19398.4,-19398.4,6205.0,411251.17268518516
218,0.31142857142857144,c218,edge-7,424440.6583333333,3.9421296296296293,97371.0,6250.0,424440.6583333333,3.9421296296296293,19474.2,-19474.2,6250.0,411220.4004629629
219,0.31285714285714283,c219,edge-6,424440.6583333333,3.985532407407407,98394.0,6315.0,424440.6583333333,3.985532407407407,19678.800000000003,-19678.800000000003,6315.0,411080.84386574075
220,0.3142857142857143,c220,edge-2,424440.6583333333,4.0219907407407405,99417.0,6376.0,424440.6583333333,4.0219907407407405,19883.4,-19883.4,6376.0,410937.28032407403
221,0.3157142857142857,c221,edge-1,424440.6583333333,4.0428240740740735,99971.0,6429.0,424440.6583333333,4.0428240740740735,19994.2,-19994.2,6429.0,410879.5011574074
222,0.3171428571428571,c222,edge-1,424440.6583333333,4.05787037037037,100143.0,6484.0,424440.6583333333,4.05787037037037,20028.600000000002,-20028.600000000002,6484.0,410900.11620370374
223,0.31857142857142856,c223,edge-6,424440.6583333333,4.070601851851852,100410.0,6551.0,424440.6583333333,4.070601851851852,20082.0,-20082.0,6551.0,410913.7289351852
224,0.32,c224,edge-7,424440.6583333333,4.085648148148148,100801.0,6598.0,424440.6583333333,4.085648148148148,20160.2,-20160.2,6598.0,410882.54398148146
225,0.32142857142857145,c225,edge-6,424440.6583333333,4.107060185185185,101060.0,6667.0,424440.6583333333,4.107060185185185,20212.0,-20212.0,6667.0,410899.7653935185
226,0.32285714285714284,c226,edge-7,424440.6583333333,4.134837962962964,101537.0,6716.0,424440.6583333333,4.134837962962964,20307.4,-20307.4,6716.0,410853.3931712963
227,0.3242857142857143,c227,edge-8,424440.6583333333,4.157986111111112,101962.0,6785.0,424440.6583333333,4.157986111111112,20392.4,-20392.4,6785.0,410837.4163194444
228,0.32571428571428573,c228,edge-4,424440.6583333333,4.162615740740741,102008.0,6818.0,424440.6583333333,4.162615740740741,20401.600000000002,-20401.600000000002,6818.0,410861.2209490741
229,0.3271428571428571,c229,edge-2,426947.2958333333,4.190393518518519,102008.0,6881.0,426947.2958333333,4.190393518518519,20401.600000000002,-20401.600000000002,6881.0,413430.88622685184
230,0.32857142857142857,c230,edge-4,426947.2958333333,4.1915509259259265,103031.0,6916.0,426947.2958333333,4.1915509259259265,20606.2,-20606.2,6916.0,413261.28738425917
231,0.33,c231,edge-1,426947.2958333333,4.2228009259259265,103410.0,6973.0,426947.2958333333,4.2228009259259265,20682.0,-20682.0,6973.0,413242.5186342592
232,0.3314285714285714,c232,edge-8,426947.2958333333,4.245949074074074,103777.0,7044.0,426947.2958333333,4.245949074074074,20755.4,-20755.4,7044.0,413240.14178240736
233,0.33285714285714285,c233,edge-5,427278.71249999997,4.272569444444445,103844.0,7089.0,427278.71249999997,4.272569444444445,20768.800000000003,-20768.800000000003,7089.0,413603.1850694444
234,0.3342857142857143,c234,edge-1,427278.71249999997,4.293402777777779,104223.0,7148.0,427278.71249999997,4.293402777777779,20844.600000000002,-20844.600000000002,7148.0,413586.40590277774
235,0.3357142857142857,c235,edge-6,427278.71249999997,4.296296296296297,104580.0,7219.0,427278.71249999997,4.296296296296297,20916.0,-20916.0,7219.0,413586.00879629626
236,0.33714285714285713,c236,edge-1,427278.71249999997,4.329861111111111,105134.0,7280.0,427278.71249999997,4.329861111111111,21026.800000000003,-21026.800000000003,7280.0,413536.2423611111
237,0.3385714285714286,c237,edge-8,427278.71249999997,4.33275462962963,105410.0,7353.0,427278.71249999997,4.33275462962963,21082.0,-21082.0,7353.0,413554.0452546296
238,0.34,c238,edge-7,427278.71249999997,4.357060185185185,105616.0,7404.0,427278.71249999997,4.357060185185185,21123.2,-21123.2,7404.0,413563.8695601851
239,0.3414285714285714,c239,edge-2,427278.71249999997,4.347800925925926,106639.0,7469.0,427278.71249999997,4.347800925925926,21327.800000000003,-21327.800000000003,7469.0,413424.2603009259
240,0.34285714285714286,c240,edge-4,427278.71249999997,4.343749999999999,107662.0,7506.0,427278.71249999997,4.343749999999999,21532.4,-21532.4,7506.0,413256.65624999994
241,0.3442857142857143,c241,edge-4,427278.71249999997,4.361689814814814,108685.0,7545.0,427278.71249999997,4.361689814814814,21737.0,-21737.0,7545.0,413091.0741898148
242,0.3457142857142857,c242,edge-2,427278.71249999997,4.376157407407407,108732.0,7612.0,427278.71249999997,4.376157407407407,21746.4,-21746.4,7612.0,413148.68865740736
243,0.34714285714285714,c243,edge-7,427278.71249999997,4.378472222222222,109123.0,7665.0,427278.71249999997,4.378472222222222,21824.600000000002,-21824.600000000002,7665.0,413123.49097222224
244,0.3485714285714286,c244,edge-2,431612.26249999995,4.374421296296296,109123.0,7734.0,431612.26249999995,4.374421296296296,21824.600000000002,-21824.600000000002,7734.0,417526.03692129627
245,0.35,c245,edge-6,431612.26249999995,4.4126157407407405,110146.0,7807.0,431612.26249999995,4.4126157407407405,22029.2,-22029.2,7807.0,417394.4751157407
246,0.3514285714285714,c246,edge-5,431612.26249999995,4.434027777777778,110650.0,7854.0,431612.26249999995,4.434027777777778,22130.0,-22130.0,7854.0,417340.6965277777
247,0.35285714285714287,c247,edge-8,431612.26249999995,4.451967592592593,111243.0,7929.0,431612.26249999995,4.451967592592593,22248.600000000002,-22248.600000000002,7929.0,417297.11446759256
248,0.35428571428571426,c248,edge-2,431612.26249999995,4.466435185185185,111311.0,8000.0,431612.26249999995,4.466435185185185,22262.2,-22262.2,8000.0,417354.5289351851
249,0.3557142857142857,c249,edge-5,440663.0625,4.486111111111111,111312.0,8049.0,440663.0625,4.486111111111111,22262.4,-22262.4,8049.0,426454.1486111111
250,0.35714285714285715,c250,edge-8,440663.0625,4.485532407407407,111588.0,8126.0,440663.0625,4.485532407407407,22317.600000000002,-22317.600000000002,8126.0,426475.94803240744
251,0.3585714285714286,c251,edge-4,440663.0625,4.483217592592593,112611.0,8167.0,440663.0625,4.483217592592593,22522.2,-22522.2,8167.0,426312.3457175926
252,0.36,c252,edge-4,440663.0625,4.479166666666667,113634.0,8210.0,440663.0625,4.479166666666667,22726.800000000003,-22726.800000000003,8210.0,426150.7416666667
253,0.36142857142857143,c253,edge-2,440663.0625,4.498842592592593,113681.0,8283.0,440663.0625,4.498842592592593,22736.2,-22736.2,8283.0,426214.3613425926
254,0.3628571428571429,c254,edge-2,440663.0625,4.530092592592593,113799.0,8358.0,440663.0625,4.530092592592593,22759.800000000003,-22759.800000000003,8358.0,426265.7925925926
255,0.36428571428571427,c255,edge-2,441432.0625,4.561342592592593,113804.0,8435.0,441432.0625,4.561342592592593,22760.800000000003,-22760.800000000003,8435.0,427110.8238425926
256,0.3657142857142857,c256,edge-6,441432.0625,4.5625,114071.0,8510.0,441432.0625,4.5625,22814.2,-22814.2,8510.0,427132.425
257,0.36714285714285716,c257,edge-2,443919.77499999997,4.556712962962963,114071.0,8589.0,443919.77499999997,4.556712962962963,22814.2,-22814.2,8589.0,429699.13171296293
258,0.36857142857142855,c258,edge-6,443919.77499999997,4.576388888888888,114330.0,8666.0,443919.77499999997,4.576388888888888,22866.0,-22866.0,8666.0,429724.35138888884
259,0.37,c259,edge-7,443919.77499999997,4.575231481481481,114669.0,8721.0,443919.77499999997,4.575231481481481,22933.800000000003,-22933.800000000003,8721.0,429711.55023148144
260,0.37142857142857144,c260,edge-6,443919.77499999997,4.591435185185185,115692.0,8800.0,443919.77499999997,4.591435185185185,23138.4,-23138.4,8800.0,429585.9664351851
261,0.37285714285714283,c261,edge-2,443919.77499999997,4.602430555555556,116715.0,8881.0,443919.77499999997,4.602430555555556,23343.0,-23343.0,8881.0,429462.3774305555
262,0.3742857142857143,c262,edge-2,443919.77499999997,4.6186342592592595,117738.0,8964.0,443919.77499999997,4.6186342592592595,23547.600000000002,-23547.600000000002,8964.0,429340.79363425926
263,0.3757142857142857,c263,edge-6,443919.77499999997,4.62962962962963,118005.0,9045.0,443919.77499999997,4.62962962962963,23601.0,-23601.0,9045.0,429368.4046296296
264,0.37714285714285717,c264,edge-6,443919.77499999997,4.632523148148149,119028.0,9128.0,443919.77499999997,4.632523148148149,23805.600000000002,-23805.600000000002,9128.0,429246.80752314813
265,0.37857142857142856,c265,edge-2,443919.77499999997,4.623263888888889,120051.0,9213.0,443919.77499999997,4.623263888888889,24010.2,-24010.2,9213.0,429127.19826388883
266,0.38,c266,edge-2,443919.77499999997,4.657986111111112,121074.0,9300.0,443919.77499999997,4.657986111111112,24214.800000000003,-24214.800000000003,9300.0,429009.6329861111
267,0.38142857142857145,c267,edge-4,443919.77499999997,4.675925925925926,122097.0,9345.0,443919.77499999997,4.675925925925926,24419.4,-24419.4,9345.0,428850.05092592584
268,0.38285714285714284,c268,edge-8,443919.77499999997,4.71412037037037,122690.0,9424.0,443919.77499999997,4.71412037037037,24538.0,-24538.0,9424.0,428810.48912037036
269,0.3842857142857143,c269,edge-7,443919.77499999997,4.716435185185185,123029.0,9481.0,443919.77499999997,4.716435185185185,24605.800000000003,-24605.800000000003,9481.0,428799.69143518514
270,0.38571428571428573,c270,edge-3,443919.77499999997,4.708912037037037,123220.0,9552.0,443919.77499999997,4.708912037037037,24644.0,-24644.0,9552.0,428832.483912037
271,0.3871428571428571,c271,edge-1,443919.77499999997,4.755208333333333,123774.0,9615.0,443919.77499999997,4.755208333333333,24754.800000000003,-24754.800000000003,9615.0,428784.7302083333
272,0.38857142857142857,c272,edge-4,443919.77499999997,4.752893518518519,124797.0,9662.0,443919.77499999997,4.752893518518519,24959.4,-24959.4,9662.0,428627.1278935185
273,0.39,c273,edge-5,443919.77499999997,4.7540509259259265,125178.0,9713.0,443919.77499999997,4.7540509259259265,25035.600000000002,-25035.600000000002,9713.0,428601.9290509259
274,0.3914285714285714,c274,edge-3,443919.77499999997,4.768518518518519,125524.0,9786.0,443919.77499999997,4.768518518518519,25104.800000000003,-25104.800000000003,9786.0,428605.7435185185
275,0.39285714285714285,c275,edge-1,443919.77499999997,4.783564814814815,125903.0,9851.0,443919.77499999997,4.783564814814815,25180.600000000002,-25180.600000000002,9851.0,428594.9585648148
276,0.3942857142857143,c276,edge-6,443919.77499999997,4.7928240740740735,126127.0,9936.0,443919.77499999997,4.7928240740740735,25225.4,-25225.4,9936.0,428635.16782407404
277,0.39571428571428574,c277,edge-4,443919.77499999997,4.810763888888888,127150.0,9985.0,443919.77499999997,4.810763888888888,25430.0,-25430.0,9985.0,428479.58576388884
278,0.39714285714285713,c278,edge-6,443919.77499999997,4.842013888888888,127507.0,10072.0,443919.77499999997,4.842013888888888,25501.4,-25501.4,10072.0,428495.2170138888
279,0.3985714285714286,c279,edge-1,443919.77499999997,4.848958333333333,127652.0,10139.0,443919.77499999997,4.848958333333333,25530.4,-25530.4,10139.0,428533.22395833326
280,0.4,c280,edge-6,443919.77499999997,4.8501157407407405,128675.0,10228.0,443919.77499999997,4.8501157407407405,25735.0,-25735.0,10228.0,428417.6251157407
281,0.4014285714285714,c281,edge-4,443919.77499999997,4.891782407407407,129698.0,10279.0,443919.77499999997,4.891782407407407,25939.600000000002,-25939.600000000002,10279.0,428264.0667824074
282,0.40285714285714286,c282,edge-5,443919.77499999997,4.892939814814815,130202.0,10332.0,443919.77499999997,4.892939814814815,26040.4,-26040.4,10332.0,428216.2679398148
283,0.4042857142857143,c283,edge-6,443919.77499999997,4.9178240740740735,131225.0,10423.0,443919.77499999997,4.9178240740740735,26245.0,-26245.0,10423.0,428102.69282407407
284,0.4057142857142857,c284,edge-1,443919.77499999997,4.927083333333332,131604.0,10492.0,443919.77499999997,4.927083333333332,26320.800000000003,-26320.800000000003,10492.0,428095.9020833333
285,0.40714285714285714,c285,edge-2,443919.77499999997,4.939814814814814,132627.0,10581.0,443919.77499999997,4.939814814814814,26525.4,-26525.4,10581.0,427980.3148148148
286,0.4085714285714286,c286,edge-3,443919.77499999997,4.946180555555555,133024.0,10656.0,443919.77499999997,4.946180555555555,26604.800000000003,-26604.800000000003,10656.0,427975.92118055554
287,0.41,c287,edge-1,443919.77499999997,4.969328703703703,133578.0,10727.0,443919.77499999997,4.969328703703703,26715.600000000002,-26715.600000000002,10727.0,427936.1443287037
288,0.4114285714285714,c288,edge-7,443919.77499999997,4.982060185185185,133969.0,10786.0,443919.77499999997,4.982060185185185,26793.800000000003,-26793.800000000003,10786.0,427916.95706018514
289,0.41285714285714287,c289,edge-1,443919.77499999997,5.009837962962963,134348.0,10859.0,443919.77499999997,5.009837962962963,26869.600000000002,-26869.600000000002,10859.0,427914.18483796297
290,0.4142857142857143,c290,edge-3,443919.77499999997,5.01099537037037,134815.0,10936.0,443919.77499999997,5.01099537037037,26963.0,-26963.0,10936.0,427897.78599537036
291,0.4157142857142857,c291,edge-1,443919.77499999997,5.034143518518519,135369.0,11011.0,443919.77499999997,5.034143518518519,27073.800000000003,-27073.800000000003,11011.0,427862.0091435185
292,0.41714285714285715,c292,edge-4,443919.77499999997,5.0300925925925934,136392.0,11064.0,443919.77499999997,5.0300925925925934,27278.4,-27278.4,11064.0,427710.4050925925
293,0.4185714285714286,c293,edge-3,443919.77499999997,5.057870370370371,136789.0,11143.0,443919.77499999997,5.057870370370371,27357.800000000003,-27357.800000000003,11143.0,427710.03287037037
294,0.42,c294,edge-6,443919.77499999997,5.074074074074074,137812.0,11236.0,443919.77499999997,5.074074074074074,27562.4,-27562.4,11236.0,427598.44907407404
295,0.42142857142857143,c295,edge-7,443919.77499999997,5.076388888888889,138203.0,11297.0,443919.77499999997,5.076388888888889,27640.600000000002,-27640.600000000002,11297.0,427581.25138888886
296,0.4228571428571429,c296,edge-6,443919.77499999997,5.104166666666667,139226.0,11392.0,443919.77499999997,5.104166666666667,27845.2,-27845.2,11392.0,427471.67916666664
297,0.42428571428571427,c297,edge-4,443919.77499999997,5.122106481481482,140249.0,11447.0,443919.77499999997,5.122106481481482,28049.800000000003,-28049.800000000003,11447.0,427322.09710648144
298,0.4257142857142857,c298,edge-8,443919.77499999997,5.153356481481482,140616.0,11528.0,443919.77499999997,5.153356481481482,28123.2,-28123.2,11528.0,427329.7283564814
299,0.42714285714285716,c299,edge-1,443919.77499999997,5.155671296296297,140788.0,11605.0,443919.77499999997,5.155671296296297,28157.600000000002,-28157.600000000002,11605.0,427372.3306712963
300,0.42857142857142855,c300,edge-8,443919.77499999997,5.185185185185185,141155.0,11688.0,443919.77499999997,5.185185185185185,28231.0,-28231.0,11688.0,427381.96018518513
301,0.43,c301,edge-1,443919.77499999997,5.197916666666667,141534.0,11767.0,443919.77499999997,5.197916666666667,28306.800000000003,-28306.800000000003,11767.0,427385.17291666666
302,0.43142857142857144,c302,edge-4,443919.77499999997,5.239583333333333,142557.0,11824.0,443919.77499999997,5.239583333333333,28511.4,-28511.4,11824.0,427237.61458333326
303,0.4328571428571429,c303,edge-8,443919.77499999997,5.235532407407407,143150.0,11909.0,443919.77499999997,5.235532407407407,28630.0,-28630.0,11909.0,427204.0105324074
304,0.4342857142857143,c304,edge-4,443919.77499999997,5.229745370370371,144173.0,11968.0,443919.77499999997,5.229745370370371,28834.600000000002,-28834.600000000002,11968.0,427058.4047453704
305,0.4357142857142857,c305,edge-7,443919.77499999997,5.241319444444445,144650.0,12031.0,443919.77499999997,5.241319444444445,28930.0,-28930.0,12031.0,427026.0163194444
306,0.43714285714285717,c306,edge-7,443919.77499999997,5.252893518518519,144881.0,12096.0,443919.77499999997,5.252893518518519,28976.2,-28976.2,12096.0,427044.8278935185
307,0.43857142857142856,c307,edge-4,443919.77499999997,5.272569444444445,145904.0,12157.0,443919.77499999997,5.272569444444445,29180.800000000003,-29180.800000000003,12157.0,426901.2475694444
308,0.44,c308,edge-6,443919.77499999997,5.287037037037037,146927.0,12254.0,443919.77499999997,5.287037037037037,29385.4,-29385.4,12254.0,426793.66203703696
309,0.44142857142857145,c309,edge-2,445262.46249999997,5.3217592592592595,146931.0,12345.0,445262.46249999997,5.3217592592592595,29386.2,-29386.2,12345.0,428226.5842592592
310,0.44285714285714284,c310,edge-4,445262.46249999997,5.319444444444445,147954.0,12408.0,445262.46249999997,5.319444444444445,29590.800000000003,-29590.800000000003,12408.0,428084.9819444444
311,0.4442857142857143,c311,edge-6,445262.46249999997,5.354166666666667,148213.0,12507.0,445262.46249999997,5.354166666666667,29642.600000000002,-29642.600000000002,12507.0,428132.2166666667
312,0.44571428571428573,c312,edge-7,445262.46249999997,5.372685185185185,148552.0,12574.0,445262.46249999997,5.372685185185185,29710.4,-29710.4,12574.0,428131.4351851851
313,0.4471428571428571,c313,edge-3,445262.46249999997,5.4126157407407405,148836.0,12655.0,445262.46249999997,5.4126157407407405,29767.2,-29767.2,12655.0,428155.6751157407
314,0.44857142857142857,c314,edge-8,445262.46249999997,5.412037037037036,149203.0,12742.0,445262.46249999997,5.412037037037036,29840.600000000002,-29840.600000000002,12742.0,428169.274537037
315,0.45,c315,edge-4,445262.46249999997,5.409722222222221,150226.0,12807.0,445262.46249999997,5.409722222222221,30045.2,-30045.2,12807.0,428029.6722222222
316,0.4514285714285714,c316,edge-4,445262.46249999997,5.429398148148148,151249.0,12874.0,445262.46249999997,5.429398148148148,30249.800000000003,-30249.800000000003,12874.0,427892.0918981481
317,0.45285714285714285,c317,edge-4,445262.46249999997,5.423611111111111,152272.0,12943.0,445262.46249999997,5.423611111111111,30454.4,-30454.4,12943.0,427756.48611111107
318,0.4542857142857143,c318,edge-6,445262.46249999997,5.421296296296296,152531.0,13044.0,445262.46249999997,5.421296296296296,30506.2,-30506.2,13044.0,427805.68379629625
319,0.45571428571428574,c319,edge-7,445262.46249999997,5.436342592592593,152870.0,13113.0,445262.46249999997,5.436342592592593,30574.0,-30574.0,13113.0,427806.89884259255
320,0.45714285714285713,c320,edge-8,445262.46249999997,5.4780092592592595,153237.0,13202.0,445262.46249999997,5.4780092592592595,30647.4,-30647.4,13202.0,427822.5405092592
321,0.4585714285714286,c321,edge-6,445262.46249999997,5.5092592592592595,154260.0,13305.0,445262.46249999997,5.5092592592592595,30852.0,-30852.0,13305.0,427720.97175925924
322,0.46,c322,edge-6,445262.46249999997,5.538773148148149,155283.0,13410.0,445262.46249999997,5.538773148148149,31056.600000000002,-31056.600000000002,13410.0,427621.40127314813
323,0.4614285714285714,c323,edge-2,445262.46249999997,5.529513888888888,156306.0,13503.0,445262.46249999997,5.529513888888888,31261.2,-31261.2,13503.0,427509.79201388883
324,0.46285714285714286,c324,edge-8,445262.46249999997,5.560763888888888,156899.0,13594.0,445262.46249999997,5.560763888888888,31379.800000000003,-31379.800000000003,13594.0,427482.22326388885
325,0.4642857142857143,c325,edge-2,445262.46249999997,5.57349537037037,157922.0,13689.0,445262.46249999997,5.57349537037037,31584.4,-31584.4,13689.0,427372.63599537034
326,0.4657142857142857,c326,edge-5,454894.0625,5.612847222222222,157950.0,13744.0,454894.0625,5.612847222222222,31590.0,-31590.0,13744.0,437053.67534722225
327,0.46714285714285714,c327,edge-2,454894.0625,5.627314814814815,158973.0,13841.0,454894.0625,5.627314814814815,31794.600000000002,-31794.600000000002,13841.0,436946.08981481486
328,0.4685714285714286,c328,edge-2,454894.0625,5.658564814814815,159996.0,13940.0,454894.0625,5.658564814814815,31999.2,-31999.2,13940.0,436840.5210648148
329,0.47,c329,edge-1,454894.0625,5.670138888888889,160375.0,14021.0,454894.0625,5.670138888888889,32075.0,-32075.0,14021.0,436845.7326388889
330,0.4714285714285714,c330,edge-2,454894.0625,5.701388888888889,161398.0,14122.0,454894.0625,5.701388888888889,32279.600000000002,-32279.600000000002,14122.0,436742.1638888889
331,0.47285714285714286,c331,edge-7,454894.0625,5.722222222222222,161737.0,14193.0,454894.0625,5.722222222222222,32347.4,-32347.4,14193.0,436745.3847222222
332,0.4742857142857143,c332,edge-5,454894.0625,5.747106481481481,162241.0,14250.0,454894.0625,5.747106481481481,32448.2,-32448.2,14250.0,436701.60960648145
333,0.4757142857142857,c333,edge-6,454894.0625,5.748263888888889,162598.0,14357.0,454894.0625,5.748263888888889,32519.600000000002,-32519.600000000002,14357.0,436737.2107638889
334,0.47714285714285715,c334,edge-6,454894.0625,5.769675925925926,163621.0,14466.0,454894.0625,5.769675925925926,32724.2,-32724.2,14466.0,436641.6321759259
335,0.4785714285714286,c335,edge-5,454894.0625,5.784143518518519,164002.0,14525.0,454894.0625,5.784143518518519,32800.4,-32800.4,14525.0,436624.4466435185
336,0.48,c336,edge-6,454894.0625,5.7905092592592595,165025.0,14636.0,454894.0625,5.7905092592592595,33005.0,-33005.0,14636.0,436530.85300925927
337,0.48142857142857143,c337,edge-6,454894.0625,5.786458333333333,165382.0,14749.0,454894.0625,5.786458333333333,33076.4,-33076.4,14749.0,436572.4489583333
338,0.4828571428571429,c338,edge-7,454894.0625,5.8084490740740735,165773.0,14822.0,454894.0625,5.8084490740740735,33154.6,-33154.6,14822.0,436567.2709490741
339,0.48428571428571426,c339,edge-3,454894.0625,5.848379629629629,166170.0,14905.0,454894.0625,5.848379629629629,33234.0,-33234.0,14905.0,436570.9108796296
340,0.4857142857142857,c340,edge-2,456980.3125,5.8917824074074066,166175.0,15008.0,456980.3125,5.8917824074074066,33235.0,-33235.0,15008.0,438759.2042824074
341,0.48714285714285716,c341,edge-4,456980.3125,5.911458333333332,167198.0,15079.0,456980.3125,5.911458333333332,33439.6,-33439.6,15079.0,438625.62395833334
342,0.48857142857142855,c342,edge-6,456980.3125,5.9461805555555545,167555.0,15194.0,456980.3125,5.9461805555555545,33511.0,-33511.0,15194.0,438669.25868055556
343,0.49,c343,edge-6,456980.3125,5.9774305555555545,168578.0,15311.0,456980.3125,5.9774305555555545,33715.6,-33715.6,15311.0,438581.6899305556
344,0.49142857142857144,c344,edge-6,456980.3125,5.978587962962962,168935.0,15430.0,456980.3125,5.978587962962962,33787.0,-33787.0,15430.0,438629.291087963
345,0.4928571428571429,c345,edge-5,456980.3125,5.994791666666666,169439.0,15491.0,456980.3125,5.994791666666666,33887.8,-33887.8,15491.0,438589.5072916667
346,0.4942857142857143,c346,edge-4,460696.6,6.027777777777778,169440.0,15564.0,460696.6,6.027777777777778,33888.0,-33888.0,15564.0,442378.6277777777
347,0.4957142857142857,c347,edge-5,481450.44999999995,6.043981481481481,169440.0,15627.0,481450.44999999995,6.043981481481481,33888.0,-33888.0,15627.0,463195.4939814814
348,0.49714285714285716,c348,edge-7,481450.44999999995,6.0625,169831.0,15702.0,481450.44999999995,6.0625,33966.200000000004,-33966.200000000004,15702.0,463192.31249999994
349,0.49857142857142855,c349,edge-8,481450.44999999995,6.076967592592593,169877.0,15795.0,481450.44999999995,6.076967592592593,33975.4,-33975.4,15795.0,463276.1269675925
350,0.5,c350,edge-4,482350.69999999995,6.081597222222222,169877.0,15870.0,482350.69999999995,6.081597222222222,33975.4,-33975.4,15870.0,464251.3815972222
351,0.5014285714285714,c351,edge-4,482350.69999999995,6.081018518518518,170900.0,15947.0,482350.69999999995,6.081018518518518,34180.0,-34180.0,15947.0,464123.7810185185
352,0.5028571428571429,c352,edge-6,482350.69999999995,6.1157407407407405,171159.0,16068.0,482350.69999999995,6.1157407407407405,34231.8,-34231.8,16068.0,464193.0157407407
353,0.5042857142857143,c353,edge-4,482350.69999999995,6.135416666666666,172182.0,16147.0,482350.69999999995,6.135416666666666,34436.4,-34436.4,16147.0,464067.4354166666
354,0.5057142857142857,c354,edge-1,482350.69999999995,6.174768518518518,172736.0,16230.0,482350.69999999995,6.174768518518518,34547.200000000004,-34547.200000000004,16230.0,464039.6747685185
355,0.5071428571428571,c355,edge-5,482350.69999999995,6.168981481481482,172955.0,16295.0,482350.69999999995,6.168981481481482,34591.0,-34591.0,16295.0,464060.8689814814
356,0.5085714285714286,c356,edge-2,482350.69999999995,6.181712962962963,173978.0,16400.0,482350.69999999995,6.181712962962963,34795.6,-34795.6,16400.0,463961.28171296295
357,0.51,c357,edge-7,482350.69999999995,6.1990740740740735,174184.0,16477.0,482350.69999999995,6.1990740740740735,34836.8,-34836.8,16477.0,463997.09907407407
358,0.5114285714285715,c358,edge-3,482350.69999999995,6.232060185185185,174468.0,16562.0,482350.69999999995,6.232060185185185,34893.6,-34893.6,16562.0,464025.33206018514
359,0.5128571428571429,c359,edge-4,486158.26249999995,6.244791666666667,174468.0,16643.0,486158.26249999995,6.244791666666667,34893.6,-34893.6,16643.0,467913.90729166666
360,0.5142857142857142,c360,edge-5,486158.26249999995,6.252893518518518,174540.0,16710.0,486158.26249999995,6.252893518518518,34908.0,-34908.0,16710.0,467966.5153935185
361,0.5157142857142857,c361,edge-4,486158.26249999995,6.2928240740740735,175563.0,16793.0,486158.26249999995,6.2928240740740735,35112.6,-35112.6,16793.0,467844.9553240741
362,0.5171428571428571,c362,edge-7,486158.26249999995,6.314814814814814,175954.0,16872.0,486158.26249999995,6.314814814814814,35190.8,-35190.8,16872.0,467845.7773148148
363,0.5185714285714286,c363,edge-6,486158.26249999995,6.342592592592593,176977.0,16995.0,486158.26249999995,6.342592592592593,35395.4,-35395.4,16995.0,467764.2050925925
364,0.52,c364,edge-5,486158.26249999995,6.345486111111112,177358.0,17064.0,486158.26249999995,6.345486111111112,35471.6,-35471.6,17064.0,467757.0079861111
365,0.5214285714285715,c365,edge-1,486158.26249999995,6.343171296296297,177590.0,17149.0,486158.26249999995,6.343171296296297,35518.0,-35518.0,17149.0,467795.60567129625
366,0.5228571428571429,c366,edge-3,486158.26249999995,6.381365740740741,178057.0,17236.0,486158.26249999995,6.381365740740741,35611.4,-35611.4,17236.0,467789.24386574066
367,0.5242857142857142,c367,edge-2,486158.26249999995,6.412615740740741,179080.0,17343.0,486158.26249999995,6.412615740740741,35816.0,-35816.0,17343.0,467691.6751157407
368,0.5257142857142857,c368,edge-3,486158.26249999995,6.403356481481482,179547.0,17432.0,486158.26249999995,6.403356481481482,35909.4,-35909.4,17432.0,467687.2658564814
369,0.5271428571428571,c369,edge-5,486158.26249999995,6.411458333333333,179928.0,17503.0,486158.26249999995,6.411458333333333,35985.6,-35985.6,17503.0,467682.0739583333
370,0.5285714285714286,c370,edge-6,486158.26249999995,6.436342592592593,180187.0,17628.0,486158.26249999995,6.436342592592593,36037.4,-36037.4,17628.0,467755.2988425925
371,0.53,c371,edge-7,486158.26249999995,6.447916666666666,180664.0,17709.0,486158.26249999995,6.447916666666666,36132.8,-36132.8,17709.0,467740.91041666665
372,0.5314285714285715,c372,edge-7,486158.26249999995,6.457175925925926,181043.0,17792.0,486158.26249999995,6.457175925925926,36208.6,-36208.6,17792.0,467748.1196759259
373,0.5328571428571428,c373,edge-1,486158.26249999995,6.465277777777778,181422.0,17879.0,486158.26249999995,6.465277777777778,36284.4,-36284.4,17879.0,467759.3277777777
374,0.5342857142857143,c374,edge-4,488967.85,6.4646990740740735,181422.0,17964.0,488967.85,6.4646990740740735,36284.4,-36284.4,17964.0,470653.91469907406
375,0.5357142857142857,c375,edge-6,488967.85,6.471064814814815,181689.0,18091.0,488967.85,6.471064814814815,36337.8,-36337.8,18091.0,470727.5210648148
376,0.5371428571428571,c376,edge-4,491009.76249999995,6.470486111111112,181689.0,18178.0,491009.76249999995,6.470486111111112,36337.8,-36337.8,18178.0,472856.4329861111
377,0.5385714285714286,c377,edge-7,491009.76249999995,6.4728009259259265,182028.0,18263.0,491009.76249999995,6.4728009259259265,36405.6,-36405.6,18263.0,472873.6353009259
378,0.54,c378,edge-6,491009.76249999995,6.473958333333334,183051.0,18392.0,491009.76249999995,6.473958333333334,36610.200000000004,-36610.200000000004,18392.0,472798.03645833326
379,0.5414285714285715,c379,edge-3,491009.76249999995,6.486689814814816,183448.0,18483.0,491009.76249999995,6.486689814814816,36689.6,-36689.6,18483.0,472809.6491898148
380,0.5428571428571428,c380,edge-5,491009.76249999995,6.4913194444444455,183734.0,18556.0,491009.76249999995,6.4913194444444455,36746.8,-36746.8,18556.0,472825.4538194444
381,0.5442857142857143,c381,edge-4,491009.76249999995,6.5092592592592595,184757.0,18645.0,491009.76249999995,6.5092592592592595,36951.4,-36951.4,18645.0,472709.8717592592
382,0.5457142857142857,c382,edge-3,491009.76249999995,6.510416666666667,185224.0,18738.0,491009.76249999995,6.510416666666667,37044.8,-37044.8,18738.0,472709.47291666665
383,0.5471428571428572,c383,edge-4,491009.76249999995,6.546875,186247.0,18829.0,491009.76249999995,6.546875,37249.4,-37249.4,18829.0,472595.90937499993
384,0.5485714285714286,c384,edge-8,491009.76249999995,6.578125,186840.0,18924.0,491009.76249999995,6.578125,37368.0,-37368.0,18924.0,472572.34062499995
385,0.55,c385,edge-8,491009.76249999995,6.618055555555555,187265.0,19021.0,491009.76249999995,6.618055555555555,37453.0,-37453.0,19021.0,472584.3805555555
386,0.5514285714285714,c386,edge-5,491009.76249999995,6.660879629629629,187425.0,19096.0,491009.76249999995,6.660879629629629,37485.0,-37485.0,19096.0,472627.42337962956
387,0.5528571428571428,c387,edge-8,491009.76249999995,6.6857638888888875,187850.0,19195.0,491009.76249999995,6.6857638888888875,37570.0,-37570.0,19195.0,472641.44826388883
388,0.5542857142857143,c388,edge-4,491009.76249999995,6.69849537037037,187955.0,19288.0,491009.76249999995,6.69849537037037,37591.0,-37591.0,19288.0,472713.46099537035
389,0.5557142857142857,c389,edge-8,491009.76249999995,6.694444444444445,188231.0,19389.0,491009.76249999995,6.694444444444445,37646.200000000004,-37646.200000000004,19389.0,472759.2569444444
390,0.5571428571428572,c390,edge-1,491009.76249999995,6.707175925925926,188610.0,19478.0,491009.76249999995,6.707175925925926,37722.0,-37722.0,19478.0,472772.46967592585
391,0.5585714285714286,c391,edge-4,491009.76249999995,6.728587962962964,189633.0,19573.0,491009.76249999995,6.728587962962964,37926.6,-37926.6,19573.0,472662.89108796295
392,0.56,c392,edge-6,491009.76249999995,6.75,190656.0,19704.0,491009.76249999995,6.75,38131.200000000004,-38131.200000000004,19704.0,472589.31249999994
393,0.5614285714285714,c393,edge-5,491009.76249999995,6.784722222222223,191160.0,19781.0,491009.76249999995,6.784722222222223,38232.0,-38232.0,19781.0,472565.5472222222
394,0.5628571428571428,c394,edge-5,491009.76249999995,6.804398148148149,191541.0,19860.0,491009.76249999995,6.804398148148149,38308.200000000004,-38308.200000000004,19860.0,472568.3668981481
395,0.5642857142857143,c395,edge-3,491009.76249999995,6.805555555555555,191938.0,19955.0,491009.76249999995,6.805555555555555,38387.6,-38387.6,19955.0,472583.96805555554
396,0.5657142857142857,c396,edge-8,491009.76249999995,6.840277777777778,192531.0,20058.0,491009.76249999995,6.840277777777778,38506.200000000004,-38506.200000000004,20058.0,472568.4027777777
397,0.5671428571428572,c397,edge-6,491009.76249999995,6.876736111111112,192888.0,20191.0,491009.76249999995,6.876736111111112,38577.6,-38577.6,20191.0,472630.0392361111
398,0.5685714285714286,c398,edge-7,491009.76249999995,6.8790509259259265,193279.0,20278.0,491009.76249999995,6.8790509259259265,38655.8,-38655.8,20278.0,472638.84155092586
399,0.57,c399,edge-3,491009.76249999995,6.888310185185184,193563.0,20375.0,491009.76249999995,6.888310185185184,38712.6,-38712.6,20375.0,472679.05081018514
400,0.5714285714285714,c400,edge-7,491009.76249999995,6.916087962962962,194040.0,20464.0,491009.76249999995,6.916087962962962,38808.0,-38808.0,20464.0,472672.67858796293
401,0.5728571428571428,c401,edge-6,491009.76249999995,6.918981481481481,195063.0,20599.0,491009.76249999995,6.918981481481481,39012.6,-39012.6,20599.0,472603.08148148144
402,0.5742857142857143,c402,edge-7,491009.76249999995,6.931712962962962,195454.0,20690.0,491009.76249999995,6.931712962962962,39090.8,-39090.8,20690.0,472615.89421296294
403,0.5757142857142857,c403,edge-7,491009.76249999995,6.936342592592592,195793.0,20783.0,491009.76249999995,6.936342592592592,39158.6,-39158.6,20783.0,472641.09884259256
404,0.5771428571428572,c404,edge-8,491009.76249999995,6.965856481481481,196218.0,20888.0,491009.76249999995,6.965856481481481,39243.6,-39243.6,20888.0,472661.12835648144
405,0.5785714285714286,c405,edge-7,491009.76249999995,6.987847222222222,196395.0,20983.0,491009.76249999995,6.987847222222222,39279.0,-39279.0,20983.0,472720.7503472222
406,0.58,c406,edge-4,491009.76249999995,6.983796296296297,197418.0,21080.0,491009.76249999995,6.983796296296297,39483.600000000006,-39483.600000000006,21080.0,472613.14629629627
407,0.5814285714285714,c407,edge-8,491009.76249999995,6.984953703703704,197468.0,21187.0,491009.76249999995,6.984953703703704,39493.600000000006,-39493.600000000006,21187.0,472710.1474537037
408,0.5828571428571429,c408,edge-2,491009.76249999995,6.995949074074074,198491.0,21296.0,491009.76249999995,6.995949074074074,39698.200000000004,-39698.200000000004,21296.0,472614.55844907404
409,0.5842857142857143,c409,edge-1,491009.76249999995,7.030671296296298,198636.0,21387.0,491009.76249999995,7.030671296296298,39727.200000000004,-39727.200000000004,21387.0,472676.59317129623
410,0.5857142857142857,c410,edge-8,491009.76249999995,7.043402777777779,198912.0,21496.0,491009.76249999995,7.043402777777779,39782.4,-39782.4,21496.0,472730.4059027777
411,0.5871428571428572,c411,edge-2,491009.76249999995,7.086805555555555,198975.0,21607.0,491009.76249999995,7.086805555555555,39795.0,-39795.0,21607.0,472828.8493055555
412,0.5885714285714285,c412,edge-3,491009.76249999995,7.0844907407407405,199442.0,21706.0,491009.76249999995,7.0844907407407405,39888.4,-39888.4,21706.0,472834.44699074066
413,0.59,c413,edge-6,491009.76249999995,7.107638888888889,200465.0,21843.0,491009.76249999995,7.107638888888889,40093.0,-40093.0,21843.0,472766.87013888883
414,0.5914285714285714,c414,edge-7,491009.76249999995,7.119212962962964,200942.0,21940.0,491009.76249999995,7.119212962962964,40188.4,-40188.4,21940.0,472768.4817129629
415,0.5928571428571429,c415,edge-7,491009.76249999995,7.140046296296296,201419.0,22039.0,491009.76249999995,7.140046296296296,40283.8,-40283.8,22039.0,472772.10254629626
416,0.5942857142857143,c416,edge-7,491009.76249999995,7.1550925925925934,201625.0,22140.0,491009.76249999995,7.1550925925925934,40325.0,-40325.0,22140.0,472831.91759259254
417,0.5957142857142858,c417,edge-6,491009.76249999995,7.189814814814815,201884.0,22279.0,491009.76249999995,7.189814814814815,40376.8,-40376.8,22279.0,472919.1523148148
418,0.5971428571428572,c418,edge-8,491009.76249999995,7.187500000000001,202477.0,22390.0,491009.76249999995,7.187500000000001,40495.4,-40495.4,22390.0,472911.54999999993
419,0.5985714285714285,c419,edge-2,491009.76249999995,7.183449074074074,202595.0,22503.0,491009.76249999995,7.183449074074074,40519.0,-40519.0,22503.0,473000.94594907406
420,0.6,c420,edge-8,491009.76249999995,7.22337962962963,203188.0,22616.0,491009.76249999995,7.22337962962963,40637.600000000006,-40637.600000000006,22616.0,472995.3858796295
421,0.6014285714285714,c421,edge-4,491009.76249999995,7.241319444444445,204211.0,22715.0,491009.76249999995,7.241319444444445,40842.200000000004,-40842.200000000004,22715.0,472889.8038194444
422,0.6028571428571429,c422,edge-5,491009.76249999995,7.2407407407407405,204497.0,22796.0,491009.76249999995,7.2407407407407405,40899.4,-40899.4,22796.0,472913.60324074066
423,0.6042857142857143,c423,edge-5,491009.76249999995,7.260416666666667,204758.0,22879.0,491009.76249999995,7.260416666666667,40951.600000000006,-40951.600000000006,22879.0,472944.4229166666
424,0.6057142857142858,c424,edge-2,491009.76249999995,7.298611111111111,205781.0,22994.0,491009.76249999995,7.298611111111111,41156.200000000004,-41156.200000000004,22994.0,472854.86111111107
425,0.6071428571428571,c425,edge-8,491009.76249999995,7.314814814814814,206374.0,23109.0,491009.76249999995,7.314814814814814,41274.8,-41274.8,23109.0,472851.2773148148
426,0.6085714285714285,c426,edge-2,491009.76249999995,7.317708333333333,206492.0,23226.0,491009.76249999995,7.317708333333333,41298.4,-41298.4,23226.0,472944.68020833324
427,0.61,c427,edge-3,491009.76249999995,7.337384259259259,206959.0,23327.0,491009.76249999995,7.337384259259259,41391.8,-41391.8,23327.0,472952.29988425924
428,0.6114285714285714,c428,edge-6,491009.76249999995,7.365162037037036,207982.0,23468.0,491009.76249999995,7.365162037037036,41596.4,-41596.4,23468.0,472888.72766203695
429,0.6128571428571429,c429,edge-7,491009.76249999995,7.397569444444444,208459.0,23571.0,491009.76249999995,7.397569444444444,41691.8,-41691.8,23571.0,472896.3600694444
430,0.6142857142857143,c430,edge-4,491009.76249999995,7.4375,209482.0,23672.0,491009.76249999995,7.4375,41896.4,-41896.4,23672.0,472792.79999999993
431,0.6157142857142858,c431,edge-4,491009.76249999995,7.473958333333333,210505.0,23775.0,491009.76249999995,7.473958333333333,42101.0,-42101.0,23775.0,472691.23645833327
432,0.6171428571428571,c432,edge-1,491009.76249999995,7.498263888888888,210677.0,23868.0,491009.76249999995,7.498263888888888,42135.4,-42135.4,23868.0,472749.8607638888
433,0.6185714285714285,c433,edge-4,491009.76249999995,7.517939814814814,211700.0,23973.0,491009.76249999995,7.517939814814814,42340.0,-42340.0,23973.0,472650.2804398148
434,0.62,c434,edge-8,491009.76249999995,7.552662037037036,212293.0,24090.0,491009.76249999995,7.552662037037036,42458.600000000006,-42458.600000000006,24090.0,472648.71516203694
435,0.6214285714285714,c435,edge-5,491009.76249999995,7.557291666666666,212674.0,24175.0,491009.76249999995,7.557291666666666,42534.8,-42534.8,24175.0,472657.51979166665
436,0.6228571428571429,c436,edge-1,491009.76249999995,7.57349537037037,213228.0,24270.0,491009.76249999995,7.57349537037037,42645.600000000006,-42645.600000000006,24270.0,472641.7359953703
437,0.6242857142857143,c437,edge-8,491009.76249999995,7.576388888888889,213821.0,24389.0,491009.76249999995,7.576388888888889,42764.200000000004,-42764.200000000004,24389.0,472642.1388888888
438,0.6257142857142857,c438,edge-3,491009.76249999995,7.614583333333334,214218.0,24492.0,491009.76249999995,7.614583333333334,42843.600000000006,-42843.600000000006,24492.0,472665.77708333323
439,0.6271428571428571,c439,edge-2,491009.76249999995,7.652777777777778,215241.0,24611.0,491009.76249999995,7.652777777777778,43048.200000000004,-43048.200000000004,24611.0,472580.2152777777
440,0.6285714285714286,c440,edge-7,491009.76249999995,7.684027777777778,215580.0,24716.0,491009.76249999995,7.684027777777778,43116.0,-43116.0,24716.0,472617.4465277777
441,0.63,c441,edge-5,491009.76249999995,7.700231481481482,215757.0,24803.0,491009.76249999995,7.700231481481482,43151.4,-43151.4,24803.0,472669.0627314814
442,0.6314285714285715,c442,edge-7,491009.76249999995,7.721643518518519,216148.0,24910.0,491009.76249999995,7.721643518518519,43229.600000000006,-43229.600000000006,24910.0,472697.8841435185
443,0.6328571428571429,c443,edge-5,491009.76249999995,7.72974537037037,216434.0,24999.0,491009.76249999995,7.72974537037037,43286.8,-43286.8,24999.0,472729.69224537036
444,0.6342857142857142,c444,edge-3,491009.76249999995,7.727430555555556,216901.0,25104.0,491009.76249999995,7.727430555555556,43380.200000000004,-43380.200000000004,25104.0,472741.2899305555
445,0.6357142857142857,c445,edge-6,491009.76249999995,7.7488425925925934,217924.0,25247.0,491009.76249999995,7.7488425925925934,43584.8,-43584.8,25247.0,472679.71134259255
446,0.6371428571428571,c446,edge-4,491009.76249999995,7.766782407407408,218947.0,25354.0,491009.76249999995,7.766782407407408,43789.4,-43789.4,25354.0,472582.12928240735
447,0.6385714285714286,c447,edge-8,491009.76249999995,7.803240740740741,219540.0,25475.0,491009.76249999995,7.803240740740741,43908.0,-43908.0,25475.0,472584.5657407407
448,0.64,c448,edge-7,491009.76249999995,7.817708333333334,219879.0,25584.0,491009.76249999995,7.817708333333334,43975.8,-43975.8,25584.0,472625.7802083333
449,0.6414285714285715,c449,edge-2,491009.76249999995,7.8269675925925934,220902.0,25705.0,491009.76249999995,7.8269675925925934,44180.4,-44180.4,25705.0,472542.1894675925
450,0.6428571428571429,c450,edge-8,491009.76249999995,7.843171296296297,221269.0,25828.0,491009.76249999995,7.843171296296297,44253.8,-44253.8,25828.0,472591.80567129626
451,0.6442857142857142,c451,edge-2,491009.76249999995,7.857638888888889,221387.0,25951.0,491009.76249999995,7.857638888888889,44277.4,-44277.4,25951.0,472691.2201388888
452,0.6457142857142857,c452,edge-8,491009.76249999995,7.894097222222223,221980.0,26076.0,491009.76249999995,7.894097222222223,44396.0,-44396.0,26076.0,472697.6565972222
453,0.6471428571428571,c453,edge-5,491009.76249999995,7.917245370370371,222361.0,26167.0,491009.76249999995,7.917245370370371,44472.200000000004,-44472.200000000004,26167.0,472712.47974537034
454,0.6485714285714286,c454,edge-8,491009.76249999995,7.911458333333334,222954.0,26294.0,491009.76249999995,7.911458333333334,44590.8,-44590.8,26294.0,472720.8739583333
455,0.65,c455,edge-3,491009.76249999995,7.905671296296297,223351.0,26401.0,491009.76249999995,7.905671296296297,44670.200000000004,-44670.200000000004,26401.0,472748.46817129623
456,0.6514285714285715,c456,edge-4,491009.76249999995,7.923611111111111,224374.0,26510.0,491009.76249999995,7.923611111111111,44874.8,-44874.8,26510.0,472652.8861111111
457,0.6528571428571428,c457,edge-5,491009.76249999995,7.941550925925926,224878.0,26603.0,491009.76249999995,7.941550925925926,44975.600000000006,-44975.600000000006,26603.0,472645.1040509258
458,0.6542857142857142,c458,edge-7,491009.76249999995,7.9594907407407405,225084.0,26714.0,491009.76249999995,7.9594907407407405,45016.8,-45016.8,26714.0,472714.9219907407
459,0.6557142857142857,c459,edge-6,491009.76249999995,7.962384259259258,226107.0,26859.0,491009.76249999995,7.962384259259258,45221.4,-45221.4,26859.0,472655.3248842592
460,0.6571428571428571,c460,edge-8,491009.76249999995,7.982060185185183,226532.0,26988.0,491009.76249999995,7.982060185185183,45306.4,-45306.4,26988.0,472699.3445601851
461,0.6585714285714286,c461,edge-4,491009.76249999995,8.015046296296296,226605.0,27099.0,491009.76249999995,8.015046296296296,45321.0,-45321.0,27099.0,472795.77754629625
462,0.66,c462,edge-5,491009.76249999995,8.016203703703702,226866.0,27194.0,491009.76249999995,8.016203703703702,45373.200000000004,-45373.200000000004,27194.0,472838.57870370365
463,0.6614285714285715,c463,edge-6,491009.76249999995,8.041087962962962,227889.0,27341.0,491009.76249999995,8.041087962962962,45577.8,-45577.8,27341.0,472781.00358796294
464,0.6628571428571428,c464,edge-2,491009.76249999995,8.081018518518519,227957.0,27466.0,491009.76249999995,8.081018518518519,45591.4,-45591.4,27466.0,472892.44351851847
465,0.6642857142857143,c465,edge-5,503432.1625,8.080439814814815,227957.0,27563.0,503432.1625,8.080439814814815,45591.4,-45591.4,27563.0,485411.8429398148
466,0.6657142857142857,c466,edge-6,503432.1625,8.116898148148147,228224.0,27712.0,503432.1625,8.116898148148147,45644.8,-45644.8,27712.0,485507.47939814813
467,0.6671428571428571,c467,edge-2,503432.1625,8.129629629629628,229247.0,27839.0,503432.1625,8.129629629629628,45849.4,-45849.4,27839.0,485429.89212962956
468,0.6685714285714286,c468,edge-4,503432.1625,8.129050925925926,230270.0,27952.0,503432.1625,8.129050925925926,46054.0,-46054.0,27952.0,485338.2915509259
469,0.67,c469,edge-4,503432.1625,8.170717592592592,231293.0,28067.0,503432.1625,8.170717592592592,46258.600000000006,-46258.600000000006,28067.0,485248.7332175926
470,0.6714285714285714,c470,edge-1,503432.1625,8.20775462962963,231847.0,28164.0,503432.1625,8.20775462962963,46369.4,-46369.4,28164.0,485234.97025462956
471,0.6728571428571428,c471,edge-5,503432.1625,8.21238425925926,232228.0,28263.0,503432.1625,8.21238425925926,46445.600000000006,-46445.600000000006,28263.0,485257.7748842592
472,0.6742857142857143,c472,edge-3,503432.1625,8.215277777777777,232625.0,28372.0,503432.1625,8.215277777777777,46525.0,-46525.0,28372.0,485287.3777777777
473,0.6757142857142857,c473,edge-4,503432.1625,8.216435185185185,232739.0,28489.0,503432.1625,8.216435185185185,46547.8,-46547.8,28489.0,485381.57893518516
474,0.6771428571428572,c474,edge-2,503432.1625,8.232638888888888,233762.0,28618.0,503432.1625,8.232638888888888,46752.4,-46752.4,28618.0,485305.99513888883
475,0.6785714285714286,c475,edge-1,503432.1625,8.269675925925926,234316.0,28717.0,503432.1625,8.269675925925926,46863.200000000004,-46863.200000000004,28717.0,485294.23217592586
476,0.68,c476,edge-5,503432.1625,8.265624999999998,234697.0,28818.0,503432.1625,8.265624999999998,46939.4,-46939.4,28818.0,485319.02812499995
477,0.6814285714285714,c477,edge-3,503432.1625,8.293402777777777,235164.0,28929.0,503432.1625,8.293402777777777,47032.8,-47032.8,28929.0,485336.65590277774
478,0.6828571428571428,c478,edge-4,503432.1625,8.289351851851851,235215.0,29048.0,503432.1625,8.289351851851851,47043.0,-47043.0,29048.0,485445.45185185183
479,0.6842857142857143,c479,edge-2,503432.1625,8.322337962962962,236238.0,29179.0,503432.1625,8.322337962962962,47247.600000000006,-47247.600000000006,29179.0,485371.8848379629
480,0.6857142857142857,c480,edge-8,503432.1625,8.318287037037036,236663.0,29310.0,503432.1625,8.318287037037036,47332.600000000006,-47332.600000000006,29310.0,485417.88078703696
481,0.6871428571428572,c481,edge-3,503432.1625,8.31423611111111,237130.0,29423.0,503432.1625,8.31423611111111,47426.0,-47426.0,29423.0,485437.4767361111
482,0.6885714285714286,c482,edge-5,503432.1625,8.31886574074074,237511.0,29526.0,503432.1625,8.31886574074074,47502.200000000004,-47502.200000000004,29526.0,485464.2813657407
483,0.69,c483,edge-7,503432.1625,8.318287037037038,237902.0,29639.0,503432.1625,8.318287037037038,47580.4,-47580.4,29639.0,485499.080787037
484,0.6914285714285714,c484,edge-7,503432.1625,8.319444444444445,238281.0,29754.0,503432.1625,8.319444444444445,47656.200000000004,-47656.200000000004,29754.0,485538.2819444444
485,0.6928571428571428,c485,edge-5,503432.1625,8.335648148148149,238785.0,29859.0,503432.1625,8.335648148148149,47757.0,-47757.0,29859.0,485542.4981481481
486,0.6942857142857143,c486,edge-5,503432.1625,8.353587962962964,239166.0,29966.0,503432.1625,8.353587962962964,47833.200000000004,-47833.200000000004,29966.0,485573.31608796294
487,0.6957142857142857,c487,edge-6,503432.1625,8.349537037037038,239523.0,30117.0,503432.1625,8.349537037037038,47904.600000000006,-47904.600000000006,30117.0,485652.91203703696
488,0.6971428571428572,c488,edge-7,503432.1625,8.369212962962964,239902.0,30234.0,503432.1625,8.369212962962964,47980.4,-47980.4,30234.0,485694.13171296293
489,0.6985714285714286,c489,edge-8,503432.1625,8.394097222222223,240495.0,30367.0,503432.1625,8.394097222222223,48099.0,-48099.0,30367.0,485708.5565972222
490,0.7,c490,edge-5,503432.1625,8.406828703703704,240714.0,30476.0,503432.1625,8.406828703703704,48142.8,-48142.8,30476.0,485773.7693287037
491,0.7014285714285714,c491,edge-6,503432.1625,8.407986111111112,241071.0,30629.0,503432.1625,8.407986111111112,48214.200000000004,-48214.200000000004,30629.0,485855.3704861111
492,0.7028571428571428,c492,edge-4,503432.1625,8.449652777777779,241185.0,30750.0,503432.1625,8.449652777777779,48237.0,-48237.0,30750.0,485953.6121527777
493,0.7042857142857143,c493,edge-6,503432.1625,8.480902777777779,242208.0,30905.0,503432.1625,8.480902777777779,48441.600000000006,-48441.600000000006,30905.0,485904.04340277775
494,0.7057142857142857,c494,edge-5,503432.1625,8.485532407407407,242589.0,31016.0,503432.1625,8.485532407407407,48517.8,-48517.8,31016.0,485938.8480324074
495,0.7071428571428572,c495,edge-5,503432.1625,8.505208333333334,242970.0,31129.0,503432.1625,8.505208333333334,48594.0,-48594.0,31129.0,485975.6677083333
496,0.7085714285714285,c496,edge-5,503432.1625,8.528356481481481,243351.0,31244.0,503432.1625,8.528356481481481,48670.200000000004,-48670.200000000004,31244.0,486014.4908564814
497,0.71,c497,edge-1,503432.1625,8.574652777777779,243905.0,31345.0,503432.1625,8.574652777777779,48781.0,-48781.0,31345.0,486004.7371527777
498,0.7114285714285714,c498,edge-6,503432.1625,8.597800925925926,244928.0,31502.0,503432.1625,8.597800925925926,48985.600000000006,-48985.600000000006,31502.0,485957.16030092584
499,0.7128571428571429,c499,edge-5,503432.1625,8.61400462962963,245214.0,31619.0,503432.1625,8.61400462962963,49042.8,-49042.8,31619.0,486016.9765046296
500,0.7142857142857143,c500,edge-5,503432.1625,8.633680555555555,245718.0,31738.0,503432.1625,8.633680555555555,49143.600000000006,-49143.600000000006,31738.0,486035.1961805555
501,0.7157142857142857,c501,edge-6,503432.1625,8.663194444444445,246741.0,31897.0,503432.1625,8.663194444444445,49348.200000000004,-49348.200000000004,31897.0,485989.6256944444
502,0.7171428571428572,c502,edge-4,503432.1625,8.70138888888889,247764.0,32020.0,503432.1625,8.70138888888889,49552.8,-49552.8,32020.0,485908.06388888886
503,0.7185714285714285,c503,edge-4,503432.1625,8.699074074074074,248787.0,32145.0,503432.1625,8.699074074074074,49757.4,-49757.4,32145.0,485828.46157407406
504,0.72,c504,edge-7,503432.1625,8.703703703703704,249264.0,32264.0,503432.1625,8.703703703703704,49852.8,-49852.8,32264.0,485852.0662037037
505,0.7214285714285714,c505,edge-6,503432.1625,8.716435185185185,249488.0,32425.0,503432.1625,8.716435185185185,49897.600000000006,-49897.600000000006,32425.0,485968.27893518517
506,0.7228571428571429,c506,edge-8,503432.1625,8.744212962962964,249913.0,32560.0,503432.1625,8.744212962962964,49982.600000000006,-49982.600000000006,32560.0,486018.3067129629
507,0.7242857142857143,c507,edge-4,503432.1625,8.76388888888889,250936.0,32687.0,503432.1625,8.76388888888889,50187.200000000004,-50187.200000000004,32687.0,485940.72638888884
508,0.7257142857142858,c508,edge-6,503432.1625,8.79513888888889,251959.0,32850.0,503432.1625,8.79513888888889,50391.8,-50391.8,32850.0,485899.15763888886
509,0.7271428571428571,c509,edge-5,503432.1625,8.798032407407407,252340.0,32971.0,503432.1625,8.798032407407407,50468.0,-50468.0,32971.0,485943.9605324074
510,0.7285714285714285,c510,edge-6,503432.1625,8.821180555555555,253363.0,33136.0,503432.1625,8.821180555555555,50672.600000000006,-50672.600000000006,33136.0,485904.3836805555
511,0.73,c511,edge-3,503432.1625,8.835648148148149,253647.0,33251.0,503432.1625,8.835648148148149,50729.4,-50729.4,33251.0,485962.5981481481
512,0.7314285714285714,c512,edge-1,503432.1625,8.83449074074074,253791.0,33354.0,503432.1625,8.83449074074074,50758.200000000004,-50758.200000000004,33354.0,486036.7969907407
513,0.7328571428571429,c513,edge-8,503432.1625,8.874421296296298,254067.0,33491.0,503432.1625,8.874421296296298,50813.4,-50813.4,33491.0,486118.63692129625
514,0.7342857142857143,c514,edge-4,503432.1625,8.894097222222223,255090.0,33620.0,503432.1625,8.894097222222223,51018.0,-51018.0,33620.0,486043.0565972222
515,0.7357142857142858,c515,edge-8,503432.1625,8.906828703703704,255515.0,33759.0,503432.1625,8.906828703703704,51103.0,-51103.0,33759.0,486097.0693287037
516,0.7371428571428571,c516,edge-5,503432.1625,8.923032407407408,255561.0,33882.0,503432.1625,8.923032407407408,51112.200000000004,-51112.200000000004,33882.0,486210.8855324074
517,0.7385714285714285,c517,edge-5,503432.1625,8.939236111111112,255847.0,34007.0,503432.1625,8.939236111111112,51169.4,-51169.4,34007.0,486278.7017361111
518,0.74,c518,edge-1,503432.1625,8.976273148148149,256226.0,34112.0,503432.1625,8.976273148148149,51245.200000000004,-51245.200000000004,34112.0,486307.9387731481
519,0.7414285714285714,c519,edge-8,503956.5625,9.016203703703704,256226.0,34253.0,503956.5625,9.016203703703704,51245.200000000004,-51245.200000000004,34253.0,486973.3787037037
520,0.7428571428571429,c520,edge-4,503956.5625,9.05613425925926,257249.0,34384.0,503956.5625,9.05613425925926,51449.8,-51449.8,34384.0,486899.8186342593
521,0.7442857142857143,c521,edge-2,503956.5625,9.070601851851853,258272.0,34517.0,503956.5625,9.070601851851853,51654.4,-51654.4,34517.0,486828.23310185183
522,0.7457142857142857,c522,edge-8,503956.5625,9.108796296296298,258548.0,34660.0,503956.5625,9.108796296296298,51709.600000000006,-51709.600000000006,34660.0,486916.0712962963
523,0.7471428571428571,c523,edge-7,503956.5625,9.106481481481483,259025.0,34781.0,503956.5625,9.106481481481483,51805.0,-51805.0,34781.0,486941.66898148146
524,0.7485714285714286,c524,edge-4,503956.5625,9.146412037037038,260048.0,34914.0,503956.5625,9.146412037037038,52009.600000000006,-52009.600000000006,34914.0,486870.108912037
525,0.75,c525,edge-8,504661.3625,9.145833333333334,260076.0,35059.0,504661.3625,9.145833333333334,52015.200000000004,-52015.200000000004,35059.0,487714.3083333333
526,0.7514285714285714,c526,edge-4,504661.3625,9.16550925925926,261099.0,35194.0,504661.3625,9.16550925925926,52219.8,-52219.8,35194.0,487644.72800925927
527,0.7528571428571429,c527,edge-3,504661.3625,9.186921296296298,261383.0,35311.0,504661.3625,9.186921296296298,52276.600000000006,-52276.600000000006,35311.0,487704.94942129625
528,0.7542857142857143,c528,edge-2,504661.3625,9.196180555555555,262406.0,35446.0,504661.3625,9.196180555555555,52481.200000000004,-52481.200000000004,35446.0,487635.35868055554
529,0.7557142857142857,c529,edge-3,504661.3625,9.230902777777779,262873.0,35565.0,504661.3625,9.230902777777779,52574.600000000006,-52574.600000000006,35565.0,487660.9934027777
530,0.7571428571428571,c530,edge-5,504661.3625,9.252314814814815,263159.0,35692.0,504661.3625,9.252314814814815,52631.8,-52631.8,35692.0,487730.81481481483
531,0.7585714285714286,c531,edge-2,504661.3625,9.263310185185183,264182.0,35829.0,504661.3625,9.263310185185183,52836.4,-52836.4,35829.0,487663.22581018513
532,0.76,c532,edge-7,504661.3625,9.266203703703702,264521.0,35952.0,504661.3625,9.266203703703702,52904.200000000004,-52904.200000000004,35952.0,487718.4287037037
533,0.7614285714285715,c533,edge-7,504661.3625,9.299189814814813,264900.0,36077.0,504661.3625,9.299189814814813,52980.0,-52980.0,36077.0,487767.6616898148
534,0.7628571428571429,c534,edge-2,504661.3625,9.293402777777779,265923.0,36216.0,504661.3625,9.293402777777779,53184.600000000006,-53184.600000000006,36216.0,487702.0559027777
535,0.7642857142857142,c535,edge-6,504661.3625,9.331597222222221,266182.0,36383.0,504661.3625,9.331597222222221,53236.4,-53236.4,36383.0,487817.2940972222
536,0.7657142857142857,c536,edge-3,504661.3625,9.331018518518519,266528.0,36504.0,504661.3625,9.331018518518519,53305.600000000006,-53305.600000000006,36504.0,487869.0935185185
537,0.7671428571428571,c537,edge-4,504661.3625,9.332175925925927,267551.0,36641.0,504661.3625,9.332175925925927,53510.200000000004,-53510.200000000004,36641.0,487801.4946759259
538,0.7685714285714286,c538,edge-3,504661.3625,9.361689814814817,267948.0,36764.0,504661.3625,9.361689814814817,53589.600000000006,-53589.600000000006,36764.0,487845.1241898148
539,0.77,c539,edge-3,504661.3625,9.383101851851851,268232.0,36889.0,504661.3625,9.383101851851851,53646.4,-53646.4,36889.0,487913.3456018518
540,0.7714285714285715,c540,edge-1,504661.3625,9.38599537037037,268611.0,36996.0,504661.3625,9.38599537037037,53722.200000000004,-53722.200000000004,36996.0,487944.54849537037
541,0.7728571428571429,c541,edge-2,504661.3625,9.385416666666668,268658.0,37137.0,504661.3625,9.385416666666668,53731.600000000006,-53731.600000000006,37137.0,488076.1479166667
542,0.7742857142857142,c542,edge-6,504661.3625,9.425347222222221,269015.0,37306.0,504661.3625,9.425347222222221,53803.0,-53803.0,37306.0,488173.78784722224
543,0.7757142857142857,c543,edge-4,504661.3625,9.439814814814815,270038.0,37445.0,504661.3625,9.439814814814815,54007.600000000006,-54007.600000000006,37445.0,488108.2023148148
544,0.7771428571428571,c544,edge-3,504661.3625,9.450810185185185,270505.0,37572.0,504661.3625,9.450810185185185,54101.0,-54101.0,37572.0,488141.81331018516
545,0.7785714285714286,c545,edge-6,504661.3625,9.450231481481481,271528.0,37743.0,504661.3625,9.450231481481481,54305.600000000006,-54305.600000000006,37743.0,488108.2127314814
546,0.78,c546,edge-5,504661.3625,9.446180555555555,272032.0,37872.0,504661.3625,9.446180555555555,54406.4,-54406.4,37872.0,488136.4086805555
547,0.7814285714285715,c547,edge-7,504661.3625,9.46238425925926,272509.0,37999.0,504661.3625,9.46238425925926,54501.8,-54501.8,37999.0,488168.02488425927
548,0.7828571428571428,c548,edge-8,504661.3625,9.460069444444445,272876.0,38146.0,504661.3625,9.460069444444445,54575.200000000004,-54575.200000000004,38146.0,488241.6225694444
549,0.7842857142857143,c549,edge-1,504661.3625,9.466435185185185,273255.0,38255.0,504661.3625,9.466435185185185,54651.0,-54651.0,38255.0,488274.82893518516
550,0.7857142857142857,c550,edge-2,504661.3625,9.460648148148149,274278.0,38398.0,504661.3625,9.460648148148149,54855.600000000006,-54855.600000000006,38398.0,488213.22314814816
551,0.7871428571428571,c551,edge-2,504661.3625,9.46701388888889,274396.0,38543.0,504661.3625,9.46701388888889,54879.200000000004,-54879.200000000004,38543.0,488334.62951388885
552,0.7885714285714286,c552,edge-5,504661.3625,9.461226851851851,274900.0,38674.0,504661.3625,9.461226851851851,54980.0,-54980.0,38674.0,488364.82372685184
553,0.79,c553,edge-2,504661.3625,9.48900462962963,275923.0,38821.0,504661.3625,9.48900462962963,55184.600000000006,-55184.600000000006,38821.0,488307.2515046296
554,0.7914285714285715,c554,edge-5,504661.3625,9.530671296296296,276427.0,38954.0,504661.3625,9.530671296296296,55285.4,-55285.4,38954.0,488339.49317129626
555,0.7928571428571428,c555,edge-5,504661.3625,9.563657407407407,276931.0,39089.0,504661.3625,9.563657407407407,55386.200000000004,-55386.200000000004,39089.0,488373.7261574074
556,0.7942857142857143,c556,edge-3,504661.3625,9.578125,277328.0,39218.0,504661.3625,9.578125,55465.600000000006,-55465.600000000006,39218.0,488423.34062499995
557,0.7957142857142857,c557,edge-4,504661.3625,9.618055555555555,278351.0,39359.0,504661.3625,9.618055555555555,55670.200000000004,-55670.200000000004,39359.0,488359.78055555554
558,0.7971428571428572,c558,edge-1,504661.3625,9.623842592592592,278523.0,39470.0,504661.3625,9.623842592592592,55704.600000000006,-55704.600000000006,39470.0,488436.38634259254
559,0.7985714285714286,c559,edge-8,504661.3625,9.624999999999998,278890.0,39619.0,504661.3625,9.624999999999998,55778.0,-55778.0,39619.0,488511.9875
560,0.8,c560,edge-2,504661.3625,9.657986111111109,279913.0,39768.0,504661.3625,9.657986111111109,55982.600000000006,-55982.600000000006,39768.0,488456.4204861111
561,0.8014285714285714,c561,edge-7,504661.3625,9.677662037037036,280252.0,39897.0,504661.3625,9.677662037037036,56050.4,-56050.4,39897.0,488517.640162037
562,0.8028571428571428,c562,edge-6,504661.3625,9.680555555555555,281275.0,40070.0,504661.3625,9.680555555555555,56255.0,-56255.0,40070.0,488486.04305555555
563,0.8042857142857143,c563,edge-8,504794.225,9.671296296296298,281275.0,40221.0,504794.225,9.671296296296298,56255.0,-56255.0,40221.0,488769.89629629627
564,0.8057142857142857,c564,edge-7,504794.225,9.702546296296298,281506.0,40352.0,504794.225,9.702546296296298,56301.200000000004,-56301.200000000004,40352.0,488854.72754629626
565,0.8071428571428572,c565,edge-4,504794.225,9.727430555555557,281552.0,40495.0,504794.225,9.727430555555557,56310.4,-56310.4,40495.0,488988.5524305555
566,0.8085714285714286,c566,edge-2,504794.225,9.765625000000002,282575.0,40646.0,504794.225,9.765625000000002,56515.0,-56515.0,40646.0,488934.990625
567,0.81,c567,edge-2,504794.225,9.796875000000002,283598.0,40799.0,504794.225,9.796875000000002,56719.600000000006,-56719.600000000006,40799.0,488883.421875
568,0.8114285714285714,c568,edge-5,504794.225,9.803240740740742,283979.0,40936.0,504794.225,9.803240740740742,56795.8,-56795.8,40936.0,488944.2282407407
569,0.8128571428571428,c569,edge-6,504794.225,9.82638888888889,284336.0,41111.0,504794.225,9.82638888888889,56867.200000000004,-56867.200000000004,41111.0,489047.85138888884
570,0.8142857142857143,c570,edge-8,504794.225,9.829282407407408,284703.0,41264.0,504794.225,9.829282407407408,56940.600000000006,-56940.600000000006,41264.0,489127.4542824074
571,0.8157142857142857,c571,edge-7,504794.225,9.82349537037037,284910.0,41397.0,504794.225,9.82349537037037,56982.0,-56982.0,41397.0,489219.04849537037
572,0.8171428571428572,c572,edge-4,504794.225,9.824652777777779,285933.0,41542.0,504794.225,9.824652777777779,57186.600000000006,-57186.600000000006,41542.0,489159.44965277775
573,0.8185714285714286,c573,edge-1,504794.225,9.830439814814817,286162.0,41655.0,504794.225,9.830439814814817,57232.4,-57232.4,41655.0,489226.6554398148
574,0.82,c574,edge-1,504794.225,9.867476851851851,286716.0,41770.0,504794.225,9.867476851851851,57343.200000000004,-57343.200000000004,41770.0,489230.8924768518
575,0.8214285714285714,c575,edge-2,504794.225,9.903935185185187,287739.0,41925.0,504794.225,9.903935185185187,57547.8,-57547.8,41925.0,489181.32893518516
576,0.8228571428571428,c576,edge-5,504794.225,9.940393518518519,288000.0,42064.0,504794.225,9.940393518518519,57600.0,-57600.0,42064.0,489268.1653935185
577,0.8242857142857143,c577,edge-4,504794.225,9.934606481481481,289023.0,42211.0,504794.225,9.934606481481481,57804.600000000006,-57804.600000000006,42211.0,489210.55960648146
578,0.8257142857142857,c578,edge-1,504794.225,9.955439814814817,289577.0,42328.0,504794.225,9.955439814814817,57915.4,-57915.4,42328.0,489216.7804398148
579,0.8271428571428572,c579,edge-2,504794.225,9.986689814814817,290600.0,42485.0,504794.225,9.986689814814817,58120.0,-58120.0,42485.0,489169.2116898148
580,0.8285714285714286,c580,edge-1,504794.225,9.992476851851851,290750.0,42604.0,504794.225,9.992476851851851,58150.0,-58150.0,42604.0,489258.21747685183
581,0.83,c581,edge-2,504794.225,10.01099537037037,290823.0,42763.0,504794.225,10.01099537037037,58164.600000000006,-58164.600000000006,42763.0,489402.63599537034
582,0.8314285714285714,c582,edge-7,504794.225,10.010416666666668,291162.0,42898.0,504794.225,10.010416666666668,58232.4,-58232.4,42898.0,489469.83541666664
583,0.8328571428571429,c583,edge-7,504794.225,10.013310185185187,291639.0,43035.0,504794.225,10.013310185185187,58327.8,-58327.8,43035.0,489511.43831018516
584,0.8342857142857143,c584,edge-4,504794.225,10.034722222222221,292662.0,43184.0,504794.225,10.034722222222221,58532.4,-58532.4,43184.0,489455.8597222222
585,0.8357142857142857,c585,edge-7,504794.225,10.072916666666668,293139.0,43323.0,504794.225,10.072916666666668,58627.8,-58627.8,43323.0,489499.4979166667
586,0.8371428571428572,c586,edge-4,505612.725,10.064814814814817,293140.0,43474.0,505612.725,10.064814814814817,58628.0,-58628.0,43474.0,490468.7898148148
587,0.8385714285714285,c587,edge-6,505612.725,10.101273148148149,293399.0,43651.0,505612.725,10.101273148148149,58679.8,-58679.8,43651.0,490594.02627314813
588,0.84,c588,edge-2,505612.725,10.09201388888889,294422.0,43812.0,505612.725,10.09201388888889,58884.4,-58884.4,43812.0,490550.41701388883
589,0.8414285714285714,c589,edge-6,505612.725,10.094907407407408,295445.0,43991.0,505612.725,10.094907407407408,59089.0,-59089.0,43991.0,490524.8199074074
590,0.8428571428571429,c590,edge-2,505612.725,10.10763888888889,296468.0,44154.0,505612.725,10.10763888888889,59293.600000000006,-59293.600000000006,44154.0,490483.2326388889
591,0.8442857142857143,c591,edge-6,505612.725,10.108796296296298,297491.0,44335.0,505612.725,10.108796296296298,59498.200000000004,-59498.200000000004,44335.0,490459.63379629626
592,0.8457142857142858,c592,edge-8,505612.725,10.113425925925926,297916.0,44490.0,505612.725,10.113425925925926,59583.200000000004,-59583.200000000004,44490.0,490529.63842592586
593,0.8471428571428572,c593,edge-7,505612.725,10.144675925925926,298393.0,44631.0,505612.725,10.144675925925926,59678.600000000006,-59678.600000000006,44631.0,490575.26967592584
594,0.8485714285714285,c594,edge-6,505612.725,10.166087962962962,298660.0,44814.0,505612.725,10.166087962962962,59732.0,-59732.0,44814.0,490704.89108796295
595,0.85,c595,edge-4,505612.725,10.160300925925924,299683.0,44967.0,505612.725,10.160300925925924,59936.600000000006,-59936.600000000006,44967.0,490653.28530092584
596,0.8514285714285714,c596,edge-1,505612.725,10.166087962962962,299827.0,45088.0,505612.725,10.166087962962962,59965.4,-59965.4,45088.0,490745.49108796293
597,0.8528571428571429,c597,edge-1,505612.725,10.164930555555554,299971.0,45211.0,505612.725,10.164930555555554,59994.200000000004,-59994.200000000004,45211.0,490839.6899305555
598,0.8542857142857143,c598,edge-5,505612.725,10.159143518518517,300475.0,45352.0,505612.725,10.159143518518517,60095.0,-60095.0,45352.0,490879.8841435185
599,0.8557142857142858,c599,edge-1,505612.725,10.182291666666666,301029.0,45477.0,505612.725,10.182291666666666,60205.8,-60205.8,45477.0,490894.1072916667
600,0.8571428571428571,c600,edge-4,505612.725,10.222222222222221,302052.0,45632.0,505612.725,10.222222222222221,60410.4,-60410.4,45632.0,490844.5472222222
601,0.8585714285714285,c601,edge-2,505612.725,10.231481481481481,303075.0,45797.0,505612.725,10.231481481481481,60615.0,-60615.0,45797.0,490804.95648148144
602,0.86,c602,edge-5,505612.725,10.229166666666666,303336.0,45940.0,505612.725,10.229166666666666,60667.200000000004,-60667.200000000004,45940.0,490895.75416666665
603,0.8614285714285714,c603,edge-3,506946.725,10.231481481481481,303364.0,46071.0,506946.725,10.231481481481481,60672.8,-60672.8,46071.0,492355.15648148145
604,0.8628571428571429,c604,edge-1,506946.725,10.239583333333334,303536.0,46198.0,506946.725,10.239583333333334,60707.200000000004,-60707.200000000004,46198.0,492447.7645833333
605,0.8642857142857143,c605,edge-8,506946.725,10.270833333333334,304129.0,46355.0,506946.725,10.270833333333334,60825.8,-60825.8,46355.0,492486.1958333333
606,0.8657142857142858,c606,edge-8,506946.725,10.309027777777779,304722.0,46514.0,506946.725,10.309027777777779,60944.4,-60944.4,46514.0,492526.6340277777
607,0.8671428571428571,c607,edge-2,506946.725,10.333912037037036,304840.0,46681.0,506946.725,10.333912037037036,60968.0,-60968.0,46681.0,492670.058912037
608,0.8685714285714285,c608,edge-3,506946.725,10.372106481481481,305124.0,46814.0,506946.725,10.372106481481481,61024.8,-61024.8,46814.0,492746.29710648145
609,0.87,c609,edge-5,506946.725,10.410300925925926,305628.0,46959.0,506946.725,10.410300925925926,61125.600000000006,-61125.600000000006,46959.0,492790.53530092584
610,0.8714285714285714,c610,edge-2,506946.725,10.448495370370372,306651.0,47128.0,506946.725,10.448495370370372,61330.200000000004,-61330.200000000004,47128.0,492754.97349537036
611,0.8728571428571429,c611,edge-6,506946.725,10.469907407407408,307674.0,47313.0,506946.725,10.469907407407408,61534.8,-61534.8,47313.0,492735.3949074074
612,0.8742857142857143,c612,edge-3,506946.725,10.486111111111112,308141.0,47448.0,506946.725,10.486111111111112,61628.200000000004,-61628.200000000004,47448.0,492777.0111111111
613,0.8757142857142857,c613,edge-6,506946.725,10.476851851851853,308408.0,47635.0,506946.725,10.476851851851853,61681.600000000006,-61681.600000000006,47635.0,492910.6018518518
614,0.8771428571428571,c614,edge-3,506946.725,10.494791666666668,308562.0,47772.0,506946.725,10.494791666666668,61712.4,-61712.4,47772.0,493016.81979166664
615,0.8785714285714286,c615,edge-3,506946.725,10.538194444444445,309029.0,47911.0,506946.725,10.538194444444445,61805.8,-61805.8,47911.0,493062.4631944444
616,0.88,c616,edge-5,506946.725,10.559606481481481,309162.0,48058.0,506946.725,10.559606481481481,61832.4,-61832.4,48058.0,493182.8846064814
617,0.8814285714285715,c617,edge-6,506946.725,10.599537037037036,309429.0,48247.0,506946.725,10.599537037037036,61885.8,-61885.8,48247.0,493318.524537037
618,0.8828571428571429,c618,edge-5,506946.725,10.639467592592593,309578.0,48396.0,506946.725,10.639467592592593,61915.600000000006,-61915.600000000006,48396.0,493437.7644675926
619,0.8842857142857142,c619,edge-4,506946.725,10.653935185185185,310601.0,48553.0,506946.725,10.653935185185185,62120.200000000004,-62120.200000000004,48553.0,493390.17893518513
620,0.8857142857142857,c620,edge-1,506946.725,10.71412037037037,311155.0,48682.0,506946.725,10.71412037037037,62231.0,-62231.0,48682.0,493408.43912037037
621,0.8871428571428571,c621,edge-6,506946.725,10.735532407407407,312178.0,48873.0,506946.725,10.735532407407407,62435.600000000006,-62435.600000000006,48873.0,493394.8605324074
622,0.8885714285714286,c622,edge-3,506946.725,10.773726851851851,312645.0,49014.0,506946.725,10.773726851851851,62529.0,-62529.0,49014.0,493442.49872685183
623,0.89,c623,edge-1,506946.725,10.803819444444445,313199.0,49145.0,506946.725,10.803819444444445,62639.8,-62639.8,49145.0,493462.7288194444
624,0.8914285714285715,c624,edge-2,506946.725,10.816550925925924,314222.0,49316.0,506946.725,10.816550925925924,62844.4,-62844.4,49316.0,493429.14155092585
625,0.8928571428571429,c625,edge-8,506946.725,10.809027777777775,314647.0,49477.0,506946.725,10.809027777777775,62929.4,-62929.4,49477.0,493505.1340277777
626,0.8942857142857142,c626,edge-1,506946.725,10.82986111111111,315026.0,49610.0,506946.725,10.82986111111111,63005.200000000004,-63005.200000000004,49610.0,493562.3548611111
627,0.8957142857142857,c627,edge-4,506946.725,10.847800925925927,316049.0,49769.0,506946.725,10.847800925925927,63209.8,-63209.8,49769.0,493516.7728009259
628,0.8971428571428571,c628,edge-6,506946.725,10.870949074074073,317072.0,49962.0,506946.725,10.870949074074073,63414.4,-63414.4,49962.0,493505.19594907406
629,0.8985714285714286,c629,edge-6,506946.725,10.873842592592592,318095.0,50157.0,506946.725,10.873842592592592,63619.0,-63619.0,50157.0,493495.59884259256
630,0.9,c630,edge-8,507614.4125,10.875,318123.0,50320.0,507614.4125,10.875,63624.600000000006,-63624.600000000006,50320.0,494320.6875
631,0.9014285714285715,c631,edge-7,507614.4125,10.914930555555555,318600.0,50463.0,507614.4125,10.914930555555555,63720.0,-63720.0,50463.0,494368.32743055554
632,0.9028571428571428,c632,edge-2,507614.4125,10.909143518518519,319623.0,50636.0,507614.4125,10.909143518518519,63924.600000000006,-63924.600000000006,50636.0,494336.72164351854
633,0.9042857142857142,c633,edge-1,507614.4125,10.947916666666668,320177.0,50771.0,507614.4125,10.947916666666668,64035.4,-64035.4,50771.0,494360.96041666664
634,0.9057142857142857,c634,edge-3,507614.4125,10.984375000000002,320644.0,50914.0,507614.4125,10.984375000000002,64128.8,-64128.8,50914.0,494410.596875
635,0.9071428571428571,c635,edge-7,507614.4125,10.976851851851853,320875.0,51059.0,507614.4125,10.976851851851853,64175.0,-64175.0,51059.0,494509.38935185183
636,0.9085714285714286,c636,edge-5,507614.4125,10.976273148148149,321136.0,51210.0,507614.4125,10.976273148148149,64227.200000000004,-64227.200000000004,51210.0,494608.1887731481
637,0.91,c637,edge-3,507614.4125,10.975694444444445,321603.0,51355.0,507614.4125,10.975694444444445,64320.600000000006,-64320.600000000006,51355.0,494659.7881944444
638,0.9114285714285715,c638,edge-2,509328.4125,11.01388888888889,321604.0,51530.0,509328.4125,11.01388888888889,64320.8,-64320.8,51530.0,496548.62638888886
639,0.9128571428571428,c639,edge-2,509328.4125,11.030092592592592,322627.0,51707.0,509328.4125,11.030092592592592,64525.4,-64525.4,51707.0,496521.04259259254
640,0.9142857142857143,c640,edge-1,509328.4125,11.065393518518517,323181.0,51844.0,509328.4125,11.065393518518517,64636.200000000004,-64636.200000000004,51844.0,496547.2778935185
641,0.9157142857142857,c641,edge-2,509328.4125,11.059606481481481,323211.0,52023.0,509328.4125,11.059606481481481,64642.200000000004,-64642.200000000004,52023.0,496720.2721064814
642,0.9171428571428571,c642,edge-2,509328.4125,11.096064814814815,323248.0,52204.0,509328.4125,11.096064814814815,64649.600000000006,-64649.600000000006,52204.0,496893.90856481483
643,0.9185714285714286,c643,edge-5,509328.4125,11.112268518518519,323752.0,52357.0,509328.4125,11.112268518518519,64750.4,-64750.4,52357.0,496946.1247685185
644,0.92,c644,edge-2,509328.4125,11.14525462962963,324775.0,52540.0,509328.4125,11.14525462962963,64955.0,-64955.0,52540.0,496924.5577546296
645,0.9214285714285714,c645,edge-2,509328.4125,11.179976851851853,324893.0,52725.0,509328.4125,11.179976851851853,64978.600000000006,-64978.600000000006,52725.0,497085.9924768518
646,0.9228571428571428,c646,edge-7,509328.4125,11.212962962962965,325232.0,52872.0,509328.4125,11.212962962962965,65046.4,-65046.4,52872.0,497165.22546296293
647,0.9242857142857143,c647,edge-3,509328.4125,11.212384259259261,325578.0,53019.0,509328.4125,11.212384259259261,65115.600000000006,-65115.600000000006,53019.0,497243.0248842592
648,0.9257142857142857,c648,edge-1,509328.4125,11.221643518518519,325957.0,53158.0,509328.4125,11.221643518518519,65191.4,-65191.4,53158.0,497306.2341435185
649,0.9271428571428572,c649,edge-8,509328.4125,11.259837962962964,326550.0,53323.0,509328.4125,11.259837962962964,65310.0,-65310.0,53323.0,497352.67233796295
650,0.9285714285714286,c650,edge-4,509328.4125,11.255787037037038,327573.0,53484.0,509328.4125,11.255787037037038,65514.600000000006,-65514.600000000006,53484.0,497309.06828703696
651,0.93,c651,edge-5,509328.4125,11.273726851851851,328077.0,53639.0,509328.4125,11.273726851851851,65615.40000000001,-65615.40000000001,53639.0,497363.2862268518
652,0.9314285714285714,c652,edge-1,509328.4125,11.294560185185185,328631.0,53780.0,509328.4125,11.294560185185185,65726.2,-65726.2,53780.0,497393.50706018513
653,0.9328571428571428,c653,edge-5,509328.4125,11.29050925925926,329135.0,53937.0,509328.4125,11.29050925925926,65827.0,-65827.0,53937.0,497449.70300925925
654,0.9342857142857143,c654,edge-8,509328.4125,11.313657407407408,329728.0,54104.0,509328.4125,11.313657407407408,65945.6,-65945.6,54104.0,497498.1261574074
655,0.9357142857142857,c655,edge-1,509328.4125,11.32986111111111,329873.0,54247.0,509328.4125,11.32986111111111,65974.6,-65974.6,54247.0,497612.1423611111
656,0.9371428571428572,c656,edge-2,509328.4125,11.35763888888889,330896.0,54434.0,509328.4125,11.35763888888889,66179.2,-66179.2,54434.0,497594.57013888884
657,0.9385714285714286,c657,edge-3,509328.4125,11.399305555555557,331099.0,54583.0,509328.4125,11.399305555555557,66219.8,-66219.8,54583.0,497703.01180555555
658,0.94,c658,edge-8,509328.4125,11.43576388888889,331692.0,54752.0,509328.4125,11.43576388888889,66338.40000000001,-66338.40000000001,54752.0,497753.44826388883
659,0.9414285714285714,c659,edge-6,509328.4125,11.436921296296296,331959.0,54949.0,509328.4125,11.436921296296296,66391.8,-66391.8,54949.0,497897.0494212963
660,0.9428571428571428,c660,edge-4,512616.1125,11.443865740740742,331987.0,55112.0,512616.1125,11.443865740740742,66397.40000000001,-66397.40000000001,55112.0,501342.1563657407
661,0.9442857142857143,c661,edge-6,512616.1125,11.445023148148149,332254.0,55311.0,512616.1125,11.445023148148149,66450.8,-66450.8,55311.0,501487.75752314815
662,0.9457142857142857,c662,edge-8,512616.1125,11.466435185185187,332847.0,55482.0,512616.1125,11.466435185185187,66569.40000000001,-66569.40000000001,55482.0,501540.17893518513
663,0.9471428571428572,c663,edge-8,512616.1125,11.497685185185187,333440.0,55655.0,512616.1125,11.497685185185187,66688.0,-66688.0,55655.0,501594.61018518516
664,0.9485714285714286,c664,edge-7,512616.1125,11.49363425925926,333671.0,55804.0,512616.1125,11.49363425925926,66734.2,-66734.2,55804.0,501697.40613425925
665,0.95,c665,edge-3,512616.1125,11.515046296296298,333874.0,55955.0,512616.1125,11.515046296296298,66774.8,-66774.8,55955.0,501807.8275462963
666,0.9514285714285714,c666,edge-4,512616.1125,11.554976851851851,334897.0,56120.0,512616.1125,11.554976851851851,66979.40000000001,-66979.40000000001,56120.0,501768.2674768518
667,0.9528571428571428,c667,edge-5,512616.1125,11.57638888888889,335158.0,56279.0,512616.1125,11.57638888888889,67031.6,-67031.6,56279.0,501875.08888888883
668,0.9542857142857143,c668,edge-3,512616.1125,11.58912037037037,335625.0,56432.0,512616.1125,11.58912037037037,67125.0,-67125.0,56432.0,501934.7016203704
669,0.9557142857142857,c669,edge-7,512616.1125,11.610532407407408,335832.0,56583.0,512616.1125,11.610532407407408,67166.40000000001,-67166.40000000001,56583.0,502044.3230324074
670,0.9571428571428572,c670,edge-5,512616.1125,11.609953703703706,336213.0,56744.0,512616.1125,11.609953703703706,67242.6,-67242.6,56744.0,502129.12245370366
671,0.9585714285714285,c671,edge-1,512616.1125,11.630787037037038,336767.0,56889.0,512616.1125,11.630787037037038,67353.40000000001,-67353.40000000001,56889.0,502163.343287037
672,0.96,c672,edge-8,512616.1125,11.652199074074074,337134.0,57064.0,512616.1125,11.652199074074074,67426.8,-67426.8,57064.0,502264.9646990741
673,0.9614285714285714,c673,edge-3,512616.1125,11.653356481481483,337531.0,57219.0,512616.1125,11.653356481481483,67506.2,-67506.2,57219.0,502340.56585648144
674,0.9628571428571429,c674,edge-7,512616.1125,11.649305555555557,337910.0,57372.0,512616.1125,11.649305555555557,67582.0,-67582.0,57372.0,502417.76180555555
675,0.9642857142857143,c675,edge-1,512616.1125,11.677083333333334,338139.0,57519.0,512616.1125,11.677083333333334,67627.8,-67627.8,57519.0,502518.9895833333
676,0.9657142857142857,c676,edge-5,512616.1125,11.683449074074074,338520.0,57682.0,512616.1125,11.683449074074074,67704.0,-67704.0,57682.0,502605.7959490741
677,0.9671428571428572,c677,edge-1,512616.1125,11.713541666666668,339074.0,57831.0,512616.1125,11.713541666666668,67814.8,-67814.8,57831.0,502644.0260416667
678,0.9685714285714285,c678,edge-6,512616.1125,11.714699074074076,340097.0,58032.0,512616.1125,11.714699074074076,68019.40000000001,-68019.40000000001,58032.0,502640.42719907407
679,0.97,c679,edge-1,512616.1125,11.728587962962965,340476.0,58183.0,512616.1125,11.728587962962965,68095.2,-68095.2,58183.0,502715.64108796295
680,0.9714285714285714,c680,edge-4,512616.1125,11.73090277777778,340582.0,58350.0,512616.1125,11.73090277777778,68116.40000000001,-68116.40000000001,58350.0,502861.4434027777
681,0.9728571428571429,c681,edge-1,512616.1125,11.777199074074076,341136.0,58503.0,512616.1125,11.777199074074076,68227.2,-68227.2,58503.0,502903.6896990741
682,0.9742857142857143,c682,edge-1,512616.1125,11.804976851851855,341280.0,58658.0,512616.1125,11.804976851851855,68256.0,-68256.0,58658.0,503029.91747685184
683,0.9757142857142858,c683,edge-8,512616.1125,11.846643518518523,341873.0,58835.0,512616.1125,11.846643518518523,68374.6,-68374.6,58835.0,503088.3591435185
684,0.9771428571428571,c684,edge-1,512616.1125,11.848958333333336,342045.0,58992.0,512616.1125,11.848958333333336,68409.0,-68409.0,58992.0,503210.9614583333
685,0.9785714285714285,c685,edge-4,512616.1125,11.844907407407408,343068.0,59161.0,512616.1125,11.844907407407408,68613.6,-68613.6,59161.0,503175.35740740737
686,0.98,c686,edge-4,512616.1125,11.859375000000004,344091.0,59332.0,512616.1125,11.859375000000004,68818.2,-68818.2,59332.0,503141.771875
687,0.9814285714285714,c687,edge-2,512616.1125,11.897569444444446,345114.0,59521.0,512616.1125,11.897569444444446,69022.8,-69022.8,59521.0,503126.21006944444
688,0.9828571428571429,c688,edge-2,517489.77499999997,11.89988425925926,345118.0,59712.0,517489.77499999997,11.89988425925926,69023.6,-69023.6,59712.0,508190.07488425926
689,0.9842857142857143,c689,edge-6,517489.77499999997,11.901041666666668,345385.0,59915.0,517489.77499999997,11.901041666666668,69077.0,-69077.0,59915.0,508339.67604166665
690,0.9857142857142858,c690,edge-3,517489.77499999997,11.905671296296298,345731.0,60072.0,517489.77499999997,11.905671296296298,69146.2,-69146.2,60072.0,508427.48067129625
691,0.9871428571428571,c691,edge-4,520122.27499999997,11.938657407407408,345731.0,60245.0,520122.27499999997,11.938657407407408,69146.2,-69146.2,60245.0,511233.01365740737
692,0.9885714285714285,c692,edge-1,520122.27499999997,11.966435185185183,345903.0,60404.0,520122.27499999997,11.966435185185183,69180.6,-69180.6,60404.0,511357.6414351851
693,0.99,c693,edge-7,520122.27499999997,11.967592592592592,346110.0,60559.0,520122.27499999997,11.967592592592592,69222.0,-69222.0,60559.0,511471.24259259255
694,0.9914285714285714,c694,edge-6,520122.27499999997,12.01099537037037,347133.0,60764.0,520122.27499999997,12.01099537037037,69426.6,-69426.6,60764.0,511471.6859953704
695,0.9928571428571429,c695,edge-4,520122.27499999997,12.04050925925926,347238.0,60939.0,520122.27499999997,12.04050925925926,69447.6,-69447.6,60939.0,511625.71550925926
696,0.9942857142857143,c696,edge-7,520122.27499999997,12.063657407407408,347617.0,61096.0,520122.27499999997,12.063657407407408,69523.40000000001,-69523.40000000001,61096.0,511706.93865740736
697,0.9957142857142857,c697,edge-2,520122.27499999997,12.090277777777779,347645.0,61289.0,520122.27499999997,12.090277777777779,69529.0,-69529.0,61289.0,511894.3652777777
698,0.9971428571428571,c698,edge-5,520122.27499999997,12.109953703703702,348149.0,61454.0,520122.27499999997,12.109953703703702,69629.8,-69629.8,61454.0,511958.5849537037
699,0.9985714285714286,c699,edge-3,520122.27499999997,12.124421296296298,348546.0,61613.0,520122.27499999997,12.124421296296298,69709.2,-69709.2,61613.0,512038.19942129625
700,1.0,c700,edge-3,520122.27499999997,12.11863425925926,348830.0,61774.0,520122.27499999997,12.11863425925926,69766.0,-69766.0,61774.0,512142.39363425924
