iter,progress,container_id,chosen_node,raw_delay,raw_frag,raw_aff,raw_load,delay_term,frag_term,aff_reward_term,aff_contrib_to_phi,load_term,phi_total
1,0.0016666666666666668,c001,edge-1,608.0166666666667,0.041666666666666664,0.0,1.0,608.0166666666667,0.041666666666666664,0.0,-0.0,1.0,609.0583333333333
2,0.0033333333333333335,c002,edge-7,2603.2833333333333,0.04976851851851852,0.0,2.0,2603.2833333333333,0.04976851851851852,0.0,-0.0,2.0,2605.333101851852
3,0.005,c003,edge-2,15684.895833333332,0.06481481481481481,0.0,3.0,15684.895833333332,0.06481481481481481,0.0,-0.0,3.0,15687.960648148148
4,0.006666666666666667,c004,edge-5,17600.245833333334,0.0810185185185185,0.0,4.0,17600.245833333334,0.0810185185185185,0.0,-0.0,4.0,17604.326851851853
5,0.008333333333333333,c005,edge-4,30681.85833333333,0.12268518518518516,0.0,5.0,30681.85833333333,0.12268518518518516,0.0,-0.0,5.0,30686.981018518516
6,0.01,c006,edge-4,31991.85833333333,0.1423611111111111,0.0,8.0,31991.85833333333,0.1423611111111111,0.0,-0.0,8.0,32000.00069444444
7,0.011666666666666667,c007,edge-6,32619.05833333333,0.14814814814814814,0.0,9.0,32619.05833333333,0.14814814814814814,0.0,-0.0,9.0,32628.20648148148
8,0.013333333333333334,c008,edge-8,32621.17083333333,0.16782407407407407,0.0,10.0,32621.17083333333,0.16782407407407407,0.0,-0.0,10.0,32631.338657407403
9,0.015,c009,edge-6,50568.48333333334,0.2065972222222222,28.0,13.0,50568.48333333334,0.2065972222222222,5.6000000000000005,-5.6000000000000005,13.0,50576.08993055556
10,0.016666666666666666,c010,edge-5,57534.80000000001,0.22453703703703703,28.0,16.0,57534.80000000001,0.22453703703703703,5.6000000000000005,-5.6000000000000005,16.0,57545.42453703705
11,0.018333333333333333,c011,edge-5,64077.200000000004,0.25405092592592593,28.0,21.0,64077.200000000004,0.25405092592592593,5.6000000000000005,-5.6000000000000005,21.0,64092.85405092593
12,0.02,c012,edge-6,64077.200000000004,0.2974537037037037,1051.0,26.0,64077.200000000004,0.2974537037037037,210.20000000000002,-210.20000000000002,26.0,63893.29745370371
13,0.021666666666666667,c013,edge-5,64077.200000000004,0.2974537037037037,1283.0,33.0,64077.200000000004,0.2974537037037037,256.6,-256.6,33.0,63853.89745370371
14,0.023333333333333334,c014,edge-3,68310.8,0.3229166666666667,1283.0,34.0,68310.8,0.3229166666666667,256.6,-256.6,34.0,68088.52291666667
15,0.025,c015,edge-4,68310.8,0.31886574074074076,2306.0,39.0,68310.8,0.31886574074074076,461.20000000000005,-461.20000000000005,39.0,67888.91886574075
16,0.02666666666666667,c016,edge-1,69573.2,0.3402777777777778,2306.0,42.0,69573.2,0.3402777777777778,461.20000000000005,-461.20000000000005,42.0,69154.34027777778
17,0.028333333333333332,c017,edge-7,78567.0,0.3564814814814815,2307.0,45.0,78567.0,0.3564814814814815,461.40000000000003,-461.40000000000003,45.0,78150.95648148148
18,0.03,c018,edge-3,83045.55,0.3715277777777778,2307.0,48.0,83045.55,0.3715277777777778,461.40000000000003,-461.40000000000003,48.0,82632.52152777779
19,0.03166666666666667,c019,edge-3,87654.0,0.4016203703703704,2308.0,53.0,87654.0,0.4016203703703704,461.6,-461.6,53.0,87245.80162037036
20,0.03333333333333333,c020,edge-8,92242.3375,0.4311342592592593,2308.0,56.0,92242.3375,0.4311342592592593,461.6,-461.6,56.0,91837.16863425924
21,0.035,c021,edge-7,101273.53749999999,0.4606481481481482,2308.0,61.0,101273.53749999999,0.4606481481481482,461.6,-461.6,61.0,100873.39814814813
22,0.03666666666666667,c022,edge-2,101273.53749999999,0.4699074074074074,3331.0,64.0,101273.53749999999,0.4699074074074074,666.2,-666.2,64.0,100671.8074074074
23,0.03833333333333333,c023,edge-7,116101.87083333333,0.47280092592592593,3378.0,71.0,116101.87083333333,0.47280092592592593,675.6,-675.6,71.0,115497.74363425926
24,0.04,c024,edge-8,124772.67083333334,0.4774305555555556,3379.0,76.0,124772.67083333334,0.4774305555555556,675.8000000000001,-675.8000000000001,76.0,124173.3482638889
25,0.041666666666666664,c025,edge-1,126459.65416666667,0.48206018518518523,3406.0,81.0,126459.65416666667,0.48206018518518523,681.2,-681.2,81.0,125859.93622685186
26,0.043333333333333335,c026,edge-7,126459.65416666667,0.5,3873.0,90.0,126459.65416666667,0.5,774.6,-774.6,90.0,125775.55416666667
27,0.045,c027,edge-7,137096.12083333335,0.5329861111111112,3874.0,101.0,137096.12083333335,0.5329861111111112,774.8000000000001,-774.8000000000001,101.0,136422.85381944448
28,0.04666666666666667,c028,edge-2,137096.12083333335,0.5480324074074074,4897.0,106.0,137096.12083333335,0.5480324074074074,979.4000000000001,-979.4000000000001,106.0,136223.26886574077
29,0.04833333333333333,c029,edge-3,138502.1875,0.5625,4897.0,113.0,138502.1875,0.5625,979.4000000000001,-979.4000000000001,113.0,137636.35
30,0.05,c030,edge-1,138502.1875,0.583912037037037,5088.0,120.0,138502.1875,0.583912037037037,1017.6,-1017.6,120.0,137605.17141203705
31,0.051666666666666666,c031,edge-3,138502.1875,0.5850694444444444,5592.0,129.0,138502.1875,0.5850694444444444,1118.4,-1118.4,129.0,137513.37256944444
32,0.05333333333333334,c032,edge-2,138502.1875,0.5873842592592592,6615.0,136.0,138502.1875,0.5873842592592592,1323.0,-1323.0,136.0,137315.77488425927
33,0.055,c033,edge-2,138502.1875,0.6012731481481481,7638.0,145.0,138502.1875,0.6012731481481481,1527.6000000000001,-1527.6000000000001,145.0,137120.18877314814
34,0.056666666666666664,c034,edge-8,148702.1875,0.6429398148148149,7665.0,152.0,148702.1875,0.6429398148148149,1533.0,-1533.0,152.0,147321.8304398148
35,0.058333333333333334,c035,edge-5,149252.1375,0.654513888888889,8027.0,161.0,149252.1375,0.654513888888889,1605.4,-1605.4,161.0,147808.3920138889
36,0.06,c036,edge-7,157767.07083333333,0.6707175925925927,8056.0,174.0,157767.07083333333,0.6707175925925927,1611.2,-1611.2,174.0,156330.5415509259
37,0.06166666666666667,c037,edge-8,157767.07083333333,0.7037037037037037,8649.0,183.0,157767.07083333333,0.7037037037037037,1729.8000000000002,-1729.8000000000002,183.0,156220.97453703705
38,0.06333333333333334,c038,edge-8,157767.07083333333,0.7366898148148149,9074.0,194.0,157767.07083333333,0.7366898148148149,1814.8000000000002,-1814.8000000000002,194.0,156147.00752314815
39,0.065,c039,edge-5,157767.07083333333,0.7552083333333334,9413.0,205.0,157767.07083333333,0.7552083333333334,1882.6000000000001,-1882.6000000000001,205.0,156090.22604166667
40,0.06666666666666667,c040,edge-8,157767.07083333333,0.7696759259259259,9780.0,218.0,157767.07083333333,0.7696759259259259,1956.0,-1956.0,218.0,156029.84050925926
41,0.06833333333333333,c041,edge-4,157767.07083333333,0.7708333333333334,10803.0,225.0,157767.07083333333,0.7708333333333334,2160.6,-2160.6,225.0,155832.24166666667
42,0.07,c042,edge-8,157767.07083333333,0.7719907407407408,11396.0,240.0,157767.07083333333,0.7719907407407408,2279.2000000000003,-2279.2000000000003,240.0,155728.64282407405
43,0.07166666666666667,c043,edge-2,157767.07083333333,0.7870370370370371,12419.0,251.0,157767.07083333333,0.7870370370370371,2483.8,-2483.8,251.0,155535.0578703704
44,0.07333333333333333,c044,edge-2,157767.07083333333,0.8078703703703703,13442.0,264.0,157767.07083333333,0.8078703703703703,2688.4,-2688.4,264.0,155343.4787037037
45,0.075,c045,edge-1,163484.9375,0.8373842592592594,13442.0,273.0,163484.9375,0.8373842592592594,2688.4,-2688.4,273.0,161070.37488425928
46,0.07666666666666666,c046,edge-8,163484.9375,0.8368055555555557,14035.0,290.0,163484.9375,0.8368055555555557,2807.0,-2807.0,290.0,160968.77430555556
47,0.07833333333333334,c047,edge-7,163484.9375,0.8715277777777779,14502.0,305.0,163484.9375,0.8715277777777779,2900.4,-2900.4,305.0,160890.4090277778
48,0.08,c048,edge-7,164995.35416666666,0.9131944444444445,14593.0,322.0,164995.35416666666,0.9131944444444445,2918.6000000000004,-2918.6000000000004,322.0,162399.6673611111
49,0.08166666666666667,c049,edge-2,164995.35416666666,0.931712962962963,15616.0,337.0,164995.35416666666,0.931712962962963,3123.2000000000003,-3123.2000000000003,337.0,162210.0858796296
50,0.08333333333333333,c050,edge-2,164995.35416666666,0.957175925925926,16639.0,354.0,164995.35416666666,0.957175925925926,3327.8,-3327.8,354.0,162022.5113425926
51,0.085,c051,edge-2,164995.35416666666,0.9745370370370372,17662.0,373.0,164995.35416666666,0.9745370370370372,3532.4,-3532.4,373.0,161836.9287037037
52,0.08666666666666667,c052,edge-8,164995.35416666666,1.004050925925926,18087.0,392.0,164995.35416666666,1.004050925925926,3617.4,-3617.4,392.0,161770.9582175926
53,0.08833333333333333,c053,edge-6,164995.35416666666,1.0052083333333335,19110.0,399.0,164995.35416666666,1.0052083333333335,3822.0,-3822.0,399.0,161573.359375
54,0.09,c054,edge-3,164995.35416666666,1.0364583333333333,19614.0,410.0,164995.35416666666,1.0364583333333333,3922.8,-3922.8,410.0,161483.590625
55,0.09166666666666666,c055,edge-1,169734.90416666665,1.0376157407407407,19614.0,421.0,169734.90416666665,1.0376157407407407,3922.8,-3922.8,421.0,166234.1417824074
56,0.09333333333333334,c056,edge-1,183670.50416666665,1.0370370370370368,19615.0,434.0,183670.50416666665,1.0370370370370368,3923.0,-3923.0,434.0,180182.5412037037
57,0.095,c057,edge-7,183670.50416666665,1.0381944444444442,20082.0,453.0,183670.50416666665,1.0381944444444442,4016.4,-4016.4,453.0,180108.1423611111
58,0.09666666666666666,c058,edge-5,183670.50416666665,1.0266203703703702,20314.0,466.0,183670.50416666665,1.0266203703703702,4062.8,-4062.8,466.0,180074.73078703703
59,0.09833333333333333,c059,edge-3,183670.50416666665,1.0480324074074074,20818.0,479.0,183670.50416666665,1.0480324074074074,4163.6,-4163.6,479.0,179986.95219907406
60,0.1,c060,edge-7,183670.50416666665,1.0844907407407407,21215.0,500.0,183670.50416666665,1.0844907407407407,4243.0,-4243.0,500.0,179928.58865740738
61,0.10166666666666667,c061,edge-3,193224.65416666665,1.1174768518518516,21215.0,515.0,193224.65416666665,1.1174768518518516,4243.0,-4243.0,515.0,189497.7716435185
62,0.10333333333333333,c062,edge-6,193224.65416666665,1.1556712962962963,22238.0,524.0,193224.65416666665,1.1556712962962963,4447.6,-4447.6,524.0,189302.20983796293
63,0.105,c063,edge-1,198691.8375,1.1770833333333333,22267.0,539.0,198691.8375,1.1770833333333333,4453.400000000001,-4453.400000000001,539.0,194778.61458333334
64,0.10666666666666667,c064,edge-8,198691.8375,1.1984953703703702,22692.0,560.0,198691.8375,1.1984953703703702,4538.400000000001,-4538.400000000001,560.0,194714.63599537036
65,0.10833333333333334,c065,edge-8,198691.8375,1.2094907407407407,23285.0,583.0,198691.8375,1.2094907407407407,4657.0,-4657.0,583.0,194619.04699074072
66,0.11,c066,edge-1,204493.50416666665,1.190972222222222,23312.0,600.0,204493.50416666665,1.190972222222222,4662.400000000001,-4662.400000000001,600.0,200432.29513888888
67,0.11166666666666666,c067,edge-3,204493.50416666665,1.2019675925925926,23579.0,617.0,204493.50416666665,1.2019675925925926,4715.8,-4715.8,617.0,200395.90613425925
68,0.11333333333333333,c068,edge-6,204493.50416666665,1.2048611111111112,24602.0,628.0,204493.50416666665,1.2048611111111112,4920.400000000001,-4920.400000000001,628.0,200202.30902777778
69,0.115,c069,edge-8,204493.50416666665,1.2042824074074074,25027.0,653.0,204493.50416666665,1.2042824074074074,5005.400000000001,-5005.400000000001,653.0,200142.30844907407
70,0.11666666666666667,c070,edge-1,204493.50416666665,1.2291666666666665,25177.0,672.0,204493.50416666665,1.2291666666666665,5035.400000000001,-5035.400000000001,672.0,200131.3333333333
71,0.11833333333333333,c071,edge-6,204493.50416666665,1.2355324074074074,26200.0,685.0,204493.50416666665,1.2355324074074074,5240.0,-5240.0,685.0,199939.73969907407
72,0.12,c072,edge-5,223803.2375,1.2297453703703702,26201.0,700.0,223803.2375,1.2297453703703702,5240.200000000001,-5240.200000000001,700.0,219264.26724537034
73,0.12166666666666667,c073,edge-6,223803.2375,1.269675925925926,27224.0,715.0,223803.2375,1.269675925925926,5444.8,-5444.8,715.0,219074.70717592593
74,0.12333333333333334,c074,edge-6,236275.925,1.304398148148148,27224.0,732.0,236275.925,1.304398148148148,5444.8,-5444.8,732.0,231564.42939814815
75,0.125,c075,edge-1,245734.67500000002,1.3072916666666665,27252.0,753.0,245734.67500000002,1.3072916666666665,5450.400000000001,-5450.400000000001,753.0,241038.58229166668
76,0.12666666666666668,c076,edge-5,245734.67500000002,1.3246527777777777,27484.0,770.0,245734.67500000002,1.3246527777777777,5496.8,-5496.8,770.0,241009.1996527778
77,0.12833333333333333,c077,edge-6,253012.48750000002,1.318865740740741,27512.0,789.0,253012.48750000002,1.318865740740741,5502.400000000001,-5502.400000000001,789.0,248300.40636574075
78,0.13,c078,edge-2,253012.48750000002,1.350115740740741,28535.0,810.0,253012.48750000002,1.350115740740741,5707.0,-5707.0,810.0,248116.83761574075
79,0.13166666666666665,c079,edge-2,254809.38749999998,1.3715277777777777,28535.0,833.0,254809.38749999998,1.3715277777777777,5707.0,-5707.0,833.0,249936.75902777776
80,0.13333333333333333,c080,edge-7,254809.38749999998,1.365740740740741,28881.0,856.0,254809.38749999998,1.365740740740741,5776.200000000001,-5776.200000000001,856.0,249890.5532407407
81,0.135,c081,edge-5,254809.38749999998,1.3680555555555558,29113.0,875.0,254809.38749999998,1.3680555555555558,5822.6,-5822.6,875.0,249863.15555555554
82,0.13666666666666666,c082,edge-7,254809.38749999998,1.3807870370370372,29580.0,900.0,254809.38749999998,1.3807870370370372,5916.0,-5916.0,900.0,249794.76828703703
83,0.13833333333333334,c083,edge-6,254809.38749999998,1.3836805555555558,30603.0,921.0,254809.38749999998,1.3836805555555558,6120.6,-6120.6,921.0,249611.17118055554
84,0.14,c084,edge-5,264297.6541666667,1.3964120370370372,30648.0,942.0,264297.6541666667,1.3964120370370372,6129.6,-6129.6,942.0,259111.4505787037
85,0.14166666666666666,c085,edge-7,264297.6541666667,1.4010416666666665,30825.0,969.0,264297.6541666667,1.4010416666666665,6165.0,-6165.0,969.0,259103.05520833336
86,0.14333333333333334,c086,edge-8,264297.6541666667,1.4137731481481481,31192.0,996.0,264297.6541666667,1.4137731481481481,6238.400000000001,-6238.400000000001,996.0,259056.66793981483
87,0.145,c087,edge-4,264297.6541666667,1.4537037037037037,32215.0,1005.0,264297.6541666667,1.4537037037037037,6443.0,-6443.0,1005.0,258861.10787037038
88,0.14666666666666667,c088,edge-2,264297.6541666667,1.4629629629629632,33238.0,1030.0,264297.6541666667,1.4629629629629632,6647.6,-6647.6,1030.0,258681.51712962965
89,0.14833333333333334,c089,edge-6,264297.6541666667,1.490740740740741,33441.0,1053.0,264297.6541666667,1.490740740740741,6688.200000000001,-6688.200000000001,1053.0,258663.9449074074
90,0.15,c090,edge-1,264297.6541666667,1.496527777777778,33586.0,1076.0,264297.6541666667,1.496527777777778,6717.200000000001,-6717.200000000001,1076.0,258657.95069444441
91,0.15166666666666667,c091,edge-1,264297.6541666667,1.506365740740741,33614.0,1101.0,264297.6541666667,1.506365740740741,6722.8,-6722.8,1101.0,258677.36053240742
92,0.15333333333333332,c092,edge-7,264297.6541666667,1.537615740740741,34081.0,1130.0,264297.6541666667,1.537615740740741,6816.200000000001,-6816.200000000001,1130.0,258612.9917824074
93,0.155,c093,edge-1,300972.45416666666,1.566550925925926,34081.0,1157.0,300972.45416666666,1.566550925925926,6816.200000000001,-6816.200000000001,1157.0,295314.82071759255
94,0.15666666666666668,c094,edge-7,300972.45416666666,1.586226851851852,34548.0,1188.0,300972.45416666666,1.586226851851852,6909.6,-6909.6,1188.0,295252.44039351854
95,0.15833333333333333,c095,edge-4,300972.45416666666,1.6041666666666665,35571.0,1199.0,300972.45416666666,1.6041666666666665,7114.200000000001,-7114.200000000001,1199.0,295058.85833333334
96,0.16,c096,edge-1,311060.45416666666,1.636574074074074,35599.0,1228.0,311060.45416666666,1.636574074074074,7119.8,-7119.8,1228.0,305170.2907407408
97,0.16166666666666665,c097,edge-7,311060.45416666666,1.6747685185185186,35996.0,1261.0,311060.45416666666,1.6747685185185186,7199.200000000001,-7199.200000000001,1261.0,305123.9289351852
98,0.16333333333333333,c098,edge-7,311060.45416666666,1.6875,36280.0,1296.0,311060.45416666666,1.6875,7256.0,-7256.0,1296.0,305102.14166666666
99,0.165,c099,edge-1,311060.45416666666,1.730902777777778,36471.0,1327.0,311060.45416666666,1.730902777777778,7294.200000000001,-7294.200000000001,1327.0,305094.9850694444
100,0.16666666666666666,c100,edge-4,312913.8416666667,1.7586805555555556,36471.0,1340.0,312913.8416666667,1.7586805555555556,7294.200000000001,-7294.200000000001,1340.0,306961.4003472222
101,0.16833333333333333,c101,edge-6,312913.8416666667,1.7748842592592593,37494.0,1365.0,312913.8416666667,1.7748842592592593,7498.8,-7498.8,1365.0,306781.81655092596
102,0.17,c102,edge-8,314409.70416666666,1.7743055555555556,37494.0,1394.0,314409.70416666666,1.7743055555555556,7498.8,-7498.8,1394.0,308306.67847222224
103,0.17166666666666666,c103,edge-3,314409.70416666666,1.7696759259259258,37998.0,1413.0,314409.70416666666,1.7696759259259258,7599.6,-7599.6,1413.0,308224.8738425926
104,0.17333333333333334,c104,edge-5,314409.70416666666,1.7777777777777777,38227.0,1436.0,314409.70416666666,1.7777777777777777,7645.400000000001,-7645.400000000001,1436.0,308202.0819444444
105,0.175,c105,edge-8,314409.70416666666,1.8026620370370368,38820.0,1467.0,314409.70416666666,1.8026620370370368,7764.0,-7764.0,1467.0,308114.5068287037
106,0.17666666666666667,c106,edge-3,314409.70416666666,1.8368055555555554,39324.0,1488.0,314409.70416666666,1.8368055555555554,7864.8,-7864.8,1488.0,308034.74097222224
107,0.17833333333333334,c107,edge-8,316024.64166666666,1.8715277777777777,39325.0,1521.0,316024.64166666666,1.8715277777777777,7865.0,-7865.0,1521.0,309682.5131944444
108,0.18,c108,edge-4,316024.64166666666,1.8946759259259258,39375.0,1536.0,316024.64166666666,1.8946759259259258,7875.0,-7875.0,1536.0,309687.53634259256
109,0.18166666666666667,c109,edge-8,316024.64166666666,1.9241898148148147,39968.0,1571.0,316024.64166666666,1.9241898148148147,7993.6,-7993.6,1571.0,309603.9658564815
110,0.18333333333333332,c110,edge-7,316024.64166666666,1.9270833333333333,40435.0,1608.0,316024.64166666666,1.9270833333333333,8087.0,-8087.0,1608.0,309547.56875
111,0.185,c111,edge-1,316024.64166666666,1.974537037037037,40989.0,1641.0,316024.64166666666,1.974537037037037,8197.800000000001,-8197.800000000001,1641.0,309469.8162037037
112,0.18666666666666668,c112,edge-6,316024.64166666666,1.9687499999999998,42012.0,1668.0,316024.64166666666,1.9687499999999998,8402.4,-8402.4,1668.0,309292.21041666664
113,0.18833333333333332,c113,edge-8,325790.4041666667,1.990162037037037,42041.0,1705.0,325790.4041666667,1.990162037037037,8408.2,-8408.2,1705.0,319089.1943287037
114,0.19,c114,edge-6,325790.4041666667,1.9843750000000002,43064.0,1734.0,325790.4041666667,1.9843750000000002,8612.800000000001,-8612.800000000001,1734.0,318913.5885416667
115,0.19166666666666668,c115,edge-7,327383.33749999997,1.9837962962962965,43244.0,1773.0,327383.33749999997,1.9837962962962965,8648.800000000001,-8648.800000000001,1773.0,320509.52129629627
116,0.19333333333333333,c116,edge-2,327383.33749999997,2.0219907407407405,44267.0,1800.0,327383.33749999997,2.0219907407407405,8853.4,-8853.4,1800.0,320331.9594907407
117,0.195,c117,edge-6,327383.33749999997,2.056712962962963,44624.0,1831.0,327383.33749999997,2.056712962962963,8924.800000000001,-8924.800000000001,1831.0,320291.59421296295
118,0.19666666666666666,c118,edge-7,327383.33749999997,2.0474537037037037,45021.0,1872.0,327383.33749999997,2.0474537037037037,9004.2,-9004.2,1872.0,320253.18495370366
119,0.19833333333333333,c119,edge-5,327383.33749999997,2.0462962962962967,45253.0,1897.0,327383.33749999997,2.0462962962962967,9050.6,-9050.6,1897.0,320231.7837962963
120,0.2,c120,edge-3,327383.33749999997,2.0775462962962963,45757.0,1920.0,327383.33749999997,2.0775462962962963,9151.4,-9151.4,1920.0,320154.01504629623
121,0.20166666666666666,c121,edge-4,328249.58749999997,2.1140046296296298,45757.0,1937.0,328249.58749999997,2.1140046296296298,9151.4,-9151.4,1937.0,321037.30150462955
122,0.20333333333333334,c122,edge-2,329530.6875,2.126736111111111,45757.0,1966.0,329530.6875,2.126736111111111,9151.4,-9151.4,1966.0,322347.4142361111
123,0.205,c123,edge-3,329530.6875,2.1597222222222223,46261.0,1991.0,329530.6875,2.1597222222222223,9252.2,-9252.2,1991.0,322271.64722222224
124,0.20666666666666667,c124,edge-8,329530.6875,2.1979166666666665,46537.0,2030.0,329530.6875,2.1979166666666665,9307.4,-9307.4,2030.0,322255.48541666666
125,0.20833333333333334,c125,edge-1,329530.6875,2.2141203703703702,46916.0,2065.0,329530.6875,2.2141203703703702,9383.2,-9383.2,2065.0,322214.7016203704
126,0.21,c126,edge-6,329530.6875,2.2135416666666665,47273.0,2098.0,329530.6875,2.2135416666666665,9454.6,-9454.6,2098.0,322176.3010416667
127,0.21166666666666667,c127,edge-5,329530.6875,2.2297453703703702,47664.0,2125.0,329530.6875,2.2297453703703702,9532.800000000001,-9532.800000000001,2125.0,322125.1172453704
128,0.21333333333333335,c128,edge-6,329530.6875,2.273148148148148,47888.0,2160.0,329530.6875,2.273148148148148,9577.6,-9577.6,2160.0,322115.36064814817
129,0.215,c129,edge-4,329530.6875,2.314814814814815,48911.0,2179.0,329530.6875,2.314814814814815,9782.2,-9782.2,2179.0,321929.8023148148
130,0.21666666666666667,c130,edge-3,329530.6875,2.310763888888889,49178.0,2206.0,329530.6875,2.310763888888889,9835.6,-9835.6,2206.0,321903.3982638889
131,0.21833333333333332,c131,edge-1,329530.6875,2.345486111111111,49369.0,2243.0,329530.6875,2.345486111111111,9873.800000000001,-9873.800000000001,2243.0,321902.23298611114
132,0.22,c132,edge-6,329530.6875,2.3686342592592595,50392.0,2280.0,329530.6875,2.3686342592592595,10078.400000000001,-10078.400000000001,2280.0,321734.65613425925
133,0.22166666666666668,c133,edge-8,329530.6875,2.3865740740740744,50759.0,2321.0,329530.6875,2.3865740740740744,10151.800000000001,-10151.800000000001,2321.0,321702.2740740741
134,0.22333333333333333,c134,edge-6,329530.6875,2.3958333333333335,51116.0,2360.0,329530.6875,2.3958333333333335,10223.2,-10223.2,2360.0,321669.8833333333
135,0.225,c135,edge-8,329530.6875,2.439236111111111,51709.0,2403.0,329530.6875,2.439236111111111,10341.800000000001,-10341.800000000001,2403.0,321594.32673611114
136,0.22666666666666666,c136,edge-2,329530.6875,2.4704861111111107,52732.0,2434.0,329530.6875,2.4704861111111107,10546.400000000001,-10546.400000000001,2434.0,321420.7579861111
137,0.22833333333333333,c137,edge-3,342350.9375,2.4884259259259256,52733.0,2463.0,342350.9375,2.4884259259259256,10546.6,-10546.6,2463.0,334269.8259259259
138,0.23,c138,edge-8,342350.9375,2.4930555555555554,53326.0,2508.0,342350.9375,2.4930555555555554,10665.2,-10665.2,2508.0,334196.23055555555
139,0.23166666666666666,c139,edge-8,342350.9375,2.4890046296296298,53602.0,2555.0,342350.9375,2.4890046296296298,10720.400000000001,-10720.400000000001,2555.0,334188.0265046296
140,0.23333333333333334,c140,edge-8,342350.9375,2.5086805555555554,54195.0,2604.0,342350.9375,2.5086805555555554,10839.0,-10839.0,2604.0,334118.44618055556
141,0.235,c141,edge-7,352716.6541666667,2.502893518518518,54223.0,2647.0,352716.6541666667,2.502893518518518,10844.6,-10844.6,2647.0,344521.55706018524
142,0.23666666666666666,c142,edge-4,354639.8541666667,2.5023148148148144,54223.0,2668.0,354639.8541666667,2.5023148148148144,10844.6,-10844.6,2668.0,346465.75648148154
143,0.23833333333333334,c143,edge-6,354639.8541666667,2.5335648148148144,55246.0,2709.0,354639.8541666667,2.5335648148148144,11049.2,-11049.2,2709.0,346302.1877314815
144,0.24,c144,edge-5,354639.8541666667,2.53125,55637.0,2738.0,354639.8541666667,2.53125,11127.400000000001,-11127.400000000001,2738.0,346252.98541666666
145,0.24166666666666667,c145,edge-4,355989.51666666666,2.5306712962962963,55641.0,2761.0,355989.51666666666,2.5306712962962963,11128.2,-11128.2,2761.0,347624.84733796294
146,0.24333333333333335,c146,edge-7,355989.51666666666,2.552083333333333,56038.0,2806.0,355989.51666666666,2.552083333333333,11207.6,-11207.6,2806.0,347590.46875
147,0.245,c147,edge-1,368244.76666666666,2.585069444444444,56038.0,2845.0,368244.76666666666,2.585069444444444,11207.6,-11207.6,2845.0,359884.7517361111
148,0.24666666666666667,c148,edge-8,368244.76666666666,2.6180555555555554,56631.0,2896.0,368244.76666666666,2.6180555555555554,11326.2,-11326.2,2896.0,359817.1847222222
149,0.24833333333333332,c149,edge-7,368244.76666666666,2.6377314814814814,56977.0,2943.0,368244.76666666666,2.6377314814814814,11395.400000000001,-11395.400000000001,2943.0,359795.0043981481
150,0.25,c150,edge-5,368244.76666666666,2.6608796296296293,57316.0,2974.0,368244.76666666666,2.6608796296296293,11463.2,-11463.2,2974.0,359758.22754629626
151,0.25166666666666665,c151,edge-6,368244.76666666666,2.697337962962963,58339.0,3017.0,368244.76666666666,2.697337962962963,11667.800000000001,-11667.800000000001,3017.0,359596.66400462965
152,0.25333333333333335,c152,edge-7,368244.76666666666,2.706597222222222,58546.0,3066.0,368244.76666666666,2.706597222222222,11709.2,-11709.2,3066.0,359604.2732638889
153,0.255,c153,edge-8,368244.76666666666,2.7430555555555554,59139.0,3119.0,368244.76666666666,2.7430555555555554,11827.800000000001,-11827.800000000001,3119.0,359538.70972222224
154,0.25666666666666665,c154,edge-6,368244.76666666666,2.7459490740740735,60162.0,3164.0,368244.76666666666,2.7459490740740735,12032.400000000001,-12032.400000000001,3164.0,359379.11261574074
155,0.25833333333333336,c155,edge-2,368244.76666666666,2.780671296296296,61185.0,3197.0,368244.76666666666,2.780671296296296,12237.0,-12237.0,3197.0,359207.54733796295
156,0.26,c156,edge-2,368244.76666666666,2.8136574074074074,62208.0,3232.0,368244.76666666666,2.8136574074074074,12441.6,-12441.6,3232.0,359037.9803240741
157,0.26166666666666666,c157,edge-5,368244.76666666666,2.822916666666666,62547.0,3265.0,368244.76666666666,2.822916666666666,12509.400000000001,-12509.400000000001,3265.0,359003.1895833333
158,0.2633333333333333,c158,edge-4,368244.76666666666,2.822337962962963,63570.0,3290.0,368244.76666666666,2.822337962962963,12714.0,-12714.0,3290.0,358823.58900462964
159,0.265,c159,edge-2,368244.76666666666,2.8165509259259256,64593.0,3327.0,368244.76666666666,2.8165509259259256,12918.6,-12918.6,3327.0,358655.9832175926
160,0.26666666666666666,c160,edge-7,368244.76666666666,2.827546296296296,65060.0,3378.0,368244.76666666666,2.827546296296296,13012.0,-13012.0,3378.0,358613.59421296295
161,0.2683333333333333,c161,edge-3,368244.76666666666,2.8339120370370363,65564.0,3409.0,368244.76666666666,2.8339120370370363,13112.800000000001,-13112.800000000001,3409.0,358543.8005787037
162,0.27,c162,edge-3,386775.85,2.838541666666666,65610.0,3442.0,386775.85,2.838541666666666,13122.0,-13122.0,3442.0,377098.68854166666
163,0.27166666666666667,c163,edge-5,386775.85,2.838541666666666,65842.0,3477.0,386775.85,2.838541666666666,13168.400000000001,-13168.400000000001,3477.0,377087.28854166664
164,0.2733333333333333,c164,edge-3,386775.85,2.8767361111111107,66346.0,3512.0,386775.85,2.8767361111111107,13269.2,-13269.2,3512.0,377021.5267361111
165,0.275,c165,edge-7,386775.85,2.869212962962963,66743.0,3565.0,386775.85,2.869212962962963,13348.6,-13348.6,3565.0,376995.119212963
166,0.27666666666666667,c166,edge-6,386775.85,2.905671296296296,67766.0,3612.0,386775.85,2.905671296296296,13553.2,-13553.2,3612.0,376837.55567129626
167,0.2783333333333333,c167,edge-1,386775.85,2.912037037037037,67920.0,3653.0,386775.85,2.912037037037037,13584.0,-13584.0,3653.0,376847.762037037
168,0.28,c168,edge-3,386775.85,2.931712962962963,68301.0,3690.0,386775.85,2.931712962962963,13660.2,-13660.2,3690.0,376808.58171296294
169,0.2816666666666667,c169,edge-2,386775.85,2.966435185185185,69324.0,3729.0,386775.85,2.966435185185185,13864.800000000001,-13864.800000000001,3729.0,376643.01643518516
170,0.2833333333333333,c170,edge-2,390147.4875,3.002314814814815,69324.0,3770.0,390147.4875,3.002314814814815,13864.800000000001,-13864.800000000001,3770.0,380055.68981481483
171,0.285,c171,edge-6,390147.4875,3.023726851851852,70347.0,3819.0,390147.4875,3.023726851851852,14069.400000000001,-14069.400000000001,3819.0,379900.1112268518
172,0.2866666666666667,c172,edge-7,390147.4875,3.061921296296296,70693.0,3874.0,390147.4875,3.061921296296296,14138.6,-14138.6,3874.0,379885.9494212963
173,0.28833333333333333,c173,edge-5,390147.4875,3.0873842592592586,71084.0,3911.0,390147.4875,3.0873842592592586,14216.800000000001,-14216.800000000001,3911.0,379844.77488425927
174,0.29,c174,edge-6,390147.4875,3.116898148148148,72107.0,3962.0,390147.4875,3.116898148148148,14421.400000000001,-14421.400000000001,3962.0,379691.2043981481
175,0.2916666666666667,c175,edge-4,390147.4875,3.1568287037037033,73130.0,3989.0,390147.4875,3.1568287037037033,14626.0,-14626.0,3989.0,379513.6443287037
176,0.29333333333333333,c176,edge-1,390147.4875,3.151041666666666,73509.0,4032.0,390147.4875,3.151041666666666,14701.800000000001,-14701.800000000001,4032.0,379480.8385416667
177,0.295,c177,edge-8,390147.4875,3.1857638888888884,74102.0,4087.0,390147.4875,3.1857638888888884,14820.400000000001,-14820.400000000001,4087.0,379417.27326388884
178,0.2966666666666667,c178,edge-5,390147.4875,3.2042824074074074,74493.0,4126.0,390147.4875,3.2042824074074074,14898.6,-14898.6,4126.0,379378.0917824074
179,0.29833333333333334,c179,edge-8,390147.4875,3.1967592592592595,75086.0,4183.0,390147.4875,3.1967592592592595,15017.2,-15017.2,4183.0,379316.48425925925
180,0.3,c180,edge-6,390147.4875,3.2280092592592595,76109.0,4236.0,390147.4875,3.2280092592592595,15221.800000000001,-15221.800000000001,4236.0,379164.91550925927
181,0.3016666666666667,c181,edge-5,390147.4875,3.2534722222222223,76586.0,4277.0,390147.4875,3.2534722222222223,15317.2,-15317.2,4277.0,379110.5409722222
182,0.30333333333333334,c182,edge-8,390147.4875,3.2511574074074074,76953.0,4336.0,390147.4875,3.2511574074074074,15390.6,-15390.6,4336.0,379096.1386574074
183,0.305,c183,edge-6,390147.4875,3.294560185185185,77976.0,4391.0,390147.4875,3.294560185185185,15595.2,-15595.2,4391.0,378946.58206018514
184,0.30666666666666664,c184,edge-7,390147.4875,3.3327546296296298,78153.0,4448.0,390147.4875,3.3327546296296298,15630.6,-15630.6,4448.0,378968.2202546296
185,0.30833333333333335,c185,edge-2,390147.4875,3.3269675925925926,79176.0,4491.0,390147.4875,3.3269675925925926,15835.2,-15835.2,4491.0,378806.61446759256
186,0.31,c186,edge-1,413211.4375,3.339699074074074,79176.0,4536.0,413211.4375,3.339699074074074,15835.2,-15835.2,4536.0,401915.5771990741
187,0.31166666666666665,c187,edge-2,413211.4375,3.3778935185185186,80199.0,4581.0,413211.4375,3.3778935185185186,16039.800000000001,-16039.800000000001,4581.0,401756.01539351855
188,0.31333333333333335,c188,edge-8,413211.4375,3.4160879629629632,80624.0,4642.0,413211.4375,3.4160879629629632,16124.800000000001,-16124.800000000001,4642.0,401732.053587963
189,0.315,c189,edge-6,413211.4375,3.4172453703703702,81647.0,4699.0,413211.4375,3.4172453703703702,16329.400000000001,-16329.400000000001,4699.0,401584.45474537037
190,0.31666666666666665,c190,edge-7,413211.4375,3.4403935185185186,81931.0,4758.0,413211.4375,3.4403935185185186,16386.2,-16386.2,4758.0,401586.6778935185
191,0.31833333333333336,c191,edge-4,413211.4375,3.4565972222222223,82954.0,4787.0,413211.4375,3.4565972222222223,16590.8,-16590.8,4787.0,401411.09409722226
192,0.32,c192,edge-7,413211.4375,3.4878472222222223,83300.0,4848.0,413211.4375,3.4878472222222223,16660.0,-16660.0,4848.0,401402.92534722225
193,0.32166666666666666,c193,edge-4,416735.9375,3.490162037037037,83300.0,4879.0,416735.9375,3.490162037037037,16660.0,-16660.0,4879.0,404958.427662037
194,0.3233333333333333,c194,edge-3,416735.9375,3.506365740740741,83586.0,4918.0,416735.9375,3.506365740740741,16717.2,-16717.2,4918.0,404940.2438657407
195,0.325,c195,edge-1,416735.9375,3.5422453703703702,84140.0,4965.0,416735.9375,3.5422453703703702,16828.0,-16828.0,4965.0,404876.4797453704
196,0.32666666666666666,c196,edge-1,416735.9375,3.5422453703703702,84694.0,5014.0,416735.9375,3.5422453703703702,16938.8,-16938.8,5014.0,404814.6797453704
197,0.3283333333333333,c197,edge-3,416735.9375,3.5515046296296298,84913.0,5055.0,416735.9375,3.5515046296296298,16982.600000000002,-16982.600000000002,5055.0,404811.88900462963
198,0.33,c198,edge-6,416735.9375,3.545717592592593,85936.0,5114.0,416735.9375,3.545717592592593,17187.2,-17187.2,5114.0,404666.2832175926
199,0.33166666666666667,c199,edge-2,416735.9375,3.580439814814815,86959.0,5161.0,416735.9375,3.580439814814815,17391.8,-17391.8,5161.0,404508.71793981484
200,0.3333333333333333,c200,edge-6,416735.9375,3.603587962962963,87982.0,5222.0,416735.9375,3.603587962962963,17596.4,-17596.4,5222.0,404365.14108796295
201,0.335,c201,edge-3,416735.9375,3.6417824074074074,88201.0,5265.0,416735.9375,3.6417824074074074,17640.2,-17640.2,5265.0,404364.3792824074
202,0.33666666666666667,c202,edge-7,416735.9375,3.6394675925925926,88668.0,5328.0,416735.9375,3.6394675925925926,17733.600000000002,-17733.600000000002,5328.0,404333.9769675926
203,0.3383333333333333,c203,edge-6,416735.9375,3.640625,89691.0,5391.0,416735.9375,3.640625,17938.2,-17938.2,5391.0,404192.378125
204,0.34,c204,edge-8,416735.9375,3.6805555555555554,90116.0,5454.0,416735.9375,3.6805555555555554,18023.2,-18023.2,5454.0,404170.41805555555
205,0.3416666666666667,c205,edge-4,416735.9375,3.6765046296296298,91139.0,5487.0,416735.9375,3.6765046296296298,18227.8,-18227.8,5487.0,403998.8140046296
206,0.3433333333333333,c206,edge-7,416735.9375,3.6996527777777777,91423.0,5552.0,416735.9375,3.6996527777777777,18284.600000000002,-18284.600000000002,5552.0,404007.0371527778
207,0.345,c207,edge-5,416735.9375,3.721643518518519,91802.0,5595.0,416735.9375,3.721643518518519,18360.4,-18360.4,5595.0,403974.2591435185
208,0.3466666666666667,c208,edge-6,416735.9375,3.759837962962963,92005.0,5660.0,416735.9375,3.759837962962963,18401.0,-18401.0,5660.0,403998.697337963
209,0.34833333333333333,c209,edge-6,416735.9375,3.7777777777777777,92362.0,5727.0,416735.9375,3.7777777777777777,18472.4,-18472.4,5727.0,403994.3152777777
210,0.35,c210,edge-5,416735.9375,3.7766203703703702,92741.0,5772.0,416735.9375,3.7766203703703702,18548.2,-18548.2,5772.0,403963.5141203704
211,0.3516666666666667,c211,edge-6,416735.9375,3.7743055555555554,93764.0,5841.0,416735.9375,3.7743055555555554,18752.8,-18752.8,5841.0,403827.9118055556
212,0.35333333333333333,c212,edge-5,416735.9375,3.7905092592592595,94143.0,5888.0,416735.9375,3.7905092592592595,18828.600000000002,-18828.600000000002,5888.0,403799.1280092593
213,0.355,c213,edge-8,416735.9375,3.791666666666667,94568.0,5953.0,416735.9375,3.791666666666667,18913.600000000002,-18913.600000000002,5953.0,403779.1291666667
214,0.3566666666666667,c214,edge-2,416735.9375,3.8298611111111116,95591.0,6002.0,416735.9375,3.8298611111111116,19118.2,-19118.2,6002.0,403623.5673611111
215,0.35833333333333334,c215,edge-5,416735.9375,3.8425925925925926,96068.0,6051.0,416735.9375,3.8425925925925926,19213.600000000002,-19213.600000000002,6051.0,403577.1800925926
216,0.36,c216,edge-6,427514.975,3.8605324074074074,96068.0,6122.0,427514.975,3.8605324074074074,19213.600000000002,-19213.600000000002,6122.0,414427.2355324074
217,0.3616666666666667,c217,edge-6,427514.975,3.8819444444444446,97091.0,6195.0,427514.975,3.8819444444444446,19418.2,-19418.2,6195.0,414295.6569444444
218,0.36333333333333334,c218,edge-5,427514.975,3.9097222222222223,97470.0,6246.0,427514.975,3.9097222222222223,19494.0,-19494.0,6246.0,414270.8847222222
219,0.365,c219,edge-6,427514.975,3.953125,98493.0,6321.0,427514.975,3.953125,19698.600000000002,-19698.600000000002,6321.0,414141.328125
220,0.36666666666666664,c220,edge-2,427514.975,3.989583333333334,99516.0,6372.0,427514.975,3.989583333333334,19903.2,-19903.2,6372.0,413987.7645833333
221,0.36833333333333335,c221,edge-1,427514.975,4.0,100070.0,6423.0,427514.975,4.0,20014.0,-20014.0,6423.0,413927.975
222,0.37,c222,edge-3,427514.975,4.014467592592593,100242.0,6468.0,427514.975,4.014467592592593,20048.4,-20048.4,6468.0,413938.58946759254
223,0.37166666666666665,c223,edge-3,427514.975,4.027199074074074,100509.0,6515.0,427514.975,4.027199074074074,20101.800000000003,-20101.800000000003,6515.0,413932.2021990741
224,0.37333333333333335,c224,edge-5,427514.975,4.04224537037037,100900.0,6568.0,427514.975,4.04224537037037,20180.0,-20180.0,6568.0,413907.01724537037
225,0.375,c225,edge-1,427514.975,4.063657407407407,101159.0,6621.0,427514.975,4.063657407407407,20231.800000000003,-20231.800000000003,6621.0,413908.2386574074
226,0.37666666666666665,c226,edge-5,427514.975,4.091435185185185,101636.0,6676.0,427514.975,4.091435185185185,20327.2,-20327.2,6676.0,413867.86643518513
227,0.37833333333333335,c227,edge-8,427514.975,4.114583333333333,102061.0,6743.0,427514.975,4.114583333333333,20412.2,-20412.2,6743.0,413849.8895833333
228,0.38,c228,edge-2,427514.975,4.119212962962963,102107.0,6796.0,427514.975,4.119212962962963,20421.4,-20421.4,6796.0,413893.69421296293
229,0.38166666666666665,c229,edge-4,430105.5625,4.1469907407407405,102107.0,6831.0,430105.5625,4.1469907407407405,20421.4,-20421.4,6831.0,416519.3094907407
230,0.38333333333333336,c230,edge-4,430105.5625,4.148148148148148,103130.0,6868.0,430105.5625,4.148148148148148,20626.0,-20626.0,6868.0,416351.71064814815
231,0.385,c231,edge-1,430105.5625,4.184606481481481,103509.0,6923.0,430105.5625,4.184606481481481,20701.800000000003,-20701.800000000003,6923.0,416330.9471064815
232,0.38666666666666666,c232,edge-8,430105.5625,4.20775462962963,103876.0,6992.0,430105.5625,4.20775462962963,20775.2,-20775.2,6992.0,416326.5702546296
233,0.3883333333333333,c233,edge-3,430410.4791666666,4.234375,103943.0,7041.0,430410.4791666666,4.234375,20788.600000000002,-20788.600000000002,7041.0,416667.11354166665
234,0.39,c234,edge-1,430410.4791666666,4.274305555555555,104322.0,7098.0,430410.4791666666,4.274305555555555,20864.4,-20864.4,7098.0,416648.35347222217
235,0.39166666666666666,c235,edge-6,430410.4791666666,4.2771990740740735,104679.0,7175.0,430410.4791666666,4.2771990740740735,20935.800000000003,-20935.800000000003,7175.0,416653.95636574074
236,0.3933333333333333,c236,edge-1,430410.4791666666,4.309606481481481,105233.0,7234.0,430410.4791666666,4.309606481481481,21046.600000000002,-21046.600000000002,7234.0,416602.1887731481
237,0.395,c237,edge-6,444982.0416666666,4.3125,105234.0,7313.0,444982.0416666666,4.3125,21046.800000000003,-21046.800000000003,7313.0,431252.55416666664
238,0.39666666666666667,c238,edge-7,444982.0416666666,4.345486111111111,105440.0,7380.0,444982.0416666666,4.345486111111111,21088.0,-21088.0,7380.0,431278.38715277775
239,0.3983333333333333,c239,edge-2,444982.0416666666,4.336226851851852,106463.0,7435.0,444982.0416666666,4.336226851851852,21292.600000000002,-21292.600000000002,7435.0,431128.7778935185
240,0.4,c240,edge-4,444982.0416666666,4.3321759259259265,107486.0,7474.0,444982.0416666666,4.3321759259259265,21497.2,-21497.2,7474.0,430963.1738425925
241,0.40166666666666667,c241,edge-4,444982.0416666666,4.3501157407407405,108509.0,7515.0,444982.0416666666,4.3501157407407405,21701.800000000003,-21701.800000000003,7515.0,430799.59178240737
242,0.4033333333333333,c242,edge-4,444982.0416666666,4.364583333333334,108556.0,7558.0,444982.0416666666,4.364583333333334,21711.2,-21711.2,7558.0,430833.20624999993
243,0.405,c243,edge-5,444982.0416666666,4.366898148148149,108947.0,7615.0,444982.0416666666,4.366898148148149,21789.4,-21789.4,7615.0,430812.00856481475
244,0.4066666666666667,c244,edge-4,449451.2916666666,4.362847222222222,108947.0,7660.0,449451.2916666666,4.362847222222222,21789.4,-21789.4,7660.0,435326.25451388885
245,0.4083333333333333,c245,edge-6,449451.2916666666,4.401041666666667,109970.0,7741.0,449451.2916666666,4.401041666666667,21994.0,-21994.0,7741.0,435202.6927083333
246,0.41,c246,edge-3,449451.2916666666,4.422453703703703,110474.0,7792.0,449451.2916666666,4.422453703703703,22094.800000000003,-22094.800000000003,7792.0,435152.91412037035
247,0.4116666666666667,c247,edge-8,449451.2916666666,4.440393518518518,111067.0,7863.0,449451.2916666666,4.440393518518518,22213.4,-22213.4,7863.0,435105.33206018514
248,0.41333333333333333,c248,edge-2,449451.2916666666,4.454861111111111,111135.0,7920.0,449451.2916666666,4.454861111111111,22227.0,-22227.0,7920.0,435148.74652777775
249,0.415,c249,edge-2,453794.0916666666,4.474537037037036,111136.0,7979.0,453794.0916666666,4.474537037037036,22227.2,-22227.2,7979.0,439550.3662037036
250,0.4166666666666667,c250,edge-8,453794.0916666666,4.473958333333333,111412.0,8052.0,453794.0916666666,4.473958333333333,22282.4,-22282.4,8052.0,439568.1656249999
251,0.41833333333333333,c251,edge-4,453794.0916666666,4.471643518518518,112435.0,8099.0,453794.0916666666,4.471643518518518,22487.0,-22487.0,8099.0,439410.56331018516
252,0.42,c252,edge-4,453794.0916666666,4.467592592592593,113458.0,8148.0,453794.0916666666,4.467592592592593,22691.600000000002,-22691.600000000002,8148.0,439254.9592592592
253,0.4216666666666667,c253,edge-4,453794.0916666666,4.487268518518518,113505.0,8199.0,453794.0916666666,4.487268518518518,22701.0,-22701.0,8199.0,439296.57893518516
254,0.42333333333333334,c254,edge-4,453794.0916666666,4.518518518518518,113623.0,8252.0,453794.0916666666,4.518518518518518,22724.600000000002,-22724.600000000002,8252.0,439326.0101851852
255,0.425,c255,edge-4,454586.0916666666,4.549768518518518,113628.0,8307.0,454586.0916666666,4.549768518518518,22725.600000000002,-22725.600000000002,8307.0,440172.0414351852
256,0.4266666666666667,c256,edge-3,454586.0916666666,4.550925925925926,113895.0,8360.0,454586.0916666666,4.550925925925926,22779.0,-22779.0,8360.0,440171.6425925925
257,0.42833333333333334,c257,edge-2,456812.3541666666,4.545138888888889,113895.0,8421.0,456812.3541666666,4.545138888888889,22779.0,-22779.0,8421.0,442458.8993055555
258,0.43,c258,edge-1,456812.3541666666,4.564814814814815,114154.0,8482.0,456812.3541666666,4.564814814814815,22830.800000000003,-22830.800000000003,8482.0,442468.1189814815
259,0.43166666666666664,c259,edge-5,456812.3541666666,4.563657407407407,114493.0,8541.0,456812.3541666666,4.563657407407407,22898.600000000002,-22898.600000000002,8541.0,442459.31782407407
260,0.43333333333333335,c260,edge-4,456812.3541666666,4.579861111111112,115516.0,8598.0,456812.3541666666,4.579861111111112,23103.2,-23103.2,8598.0,442311.73402777774
261,0.435,c261,edge-2,456812.3541666666,4.590856481481482,116539.0,8661.0,456812.3541666666,4.590856481481482,23307.800000000003,-23307.800000000003,8661.0,442170.1450231481
262,0.43666666666666665,c262,edge-2,456812.3541666666,4.607060185185185,117562.0,8726.0,456812.3541666666,4.607060185185185,23512.4,-23512.4,8726.0,442030.5612268518
263,0.43833333333333335,c263,edge-3,456812.3541666666,4.618055555555555,117829.0,8781.0,456812.3541666666,4.618055555555555,23565.800000000003,-23565.800000000003,8781.0,442032.1722222222
264,0.44,c264,edge-6,456812.3541666666,4.620949074074074,118852.0,8864.0,456812.3541666666,4.620949074074074,23770.4,-23770.4,8864.0,441910.5751157407
265,0.44166666666666665,c265,edge-2,456812.3541666666,4.611689814814815,119875.0,8931.0,456812.3541666666,4.611689814814815,23975.0,-23975.0,8931.0,441772.96585648146
266,0.44333333333333336,c266,edge-2,456812.3541666666,4.646412037037037,120898.0,9000.0,456812.3541666666,4.646412037037037,24179.600000000002,-24179.600000000002,9000.0,441637.4005787037
267,0.445,c267,edge-4,456812.3541666666,4.664351851851852,121921.0,9059.0,456812.3541666666,4.664351851851852,24384.2,-24384.2,9059.0,441491.81851851847
268,0.44666666666666666,c268,edge-8,456812.3541666666,4.702546296296296,122514.0,9134.0,456812.3541666666,4.702546296296296,24502.800000000003,-24502.800000000003,9134.0,441448.25671296293
269,0.4483333333333333,c269,edge-5,456812.3541666666,4.704861111111111,122853.0,9195.0,456812.3541666666,4.704861111111111,24570.600000000002,-24570.600000000002,9195.0,441441.4590277778
270,0.45,c270,edge-1,456812.3541666666,4.697337962962963,123044.0,9258.0,456812.3541666666,4.697337962962963,24608.800000000003,-24608.800000000003,9258.0,441466.2515046296
271,0.45166666666666666,c271,edge-1,456812.3541666666,4.737847222222222,123598.0,9323.0,456812.3541666666,4.737847222222222,24719.600000000002,-24719.600000000002,9323.0,441420.4920138889
272,0.4533333333333333,c272,edge-4,456812.3541666666,4.735532407407408,124621.0,9384.0,456812.3541666666,4.735532407407408,24924.2,-24924.2,9384.0,441276.88969907403
273,0.455,c273,edge-3,456812.3541666666,4.736689814814815,125002.0,9441.0,456812.3541666666,4.736689814814815,25000.4,-25000.4,9441.0,441257.69085648144
274,0.45666666666666667,c274,edge-7,456812.3541666666,4.751157407407407,125348.0,9510.0,456812.3541666666,4.751157407407407,25069.600000000002,-25069.600000000002,9510.0,441257.50532407407
275,0.4583333333333333,c275,edge-1,456812.3541666666,4.770833333333333,125727.0,9577.0,456812.3541666666,4.770833333333333,25145.4,-25145.4,9577.0,441248.7249999999
276,0.46,c276,edge-6,456812.3541666666,4.780092592592593,125951.0,9662.0,456812.3541666666,4.780092592592593,25190.2,-25190.2,9662.0,441288.9342592592
277,0.46166666666666667,c277,edge-4,456812.3541666666,4.798032407407407,126974.0,9725.0,456812.3541666666,4.798032407407407,25394.800000000003,-25394.800000000003,9725.0,441147.35219907406
278,0.4633333333333333,c278,edge-6,456812.3541666666,4.829282407407407,127331.0,9812.0,456812.3541666666,4.829282407407407,25466.2,-25466.2,9812.0,441162.98344907403
279,0.465,c279,edge-1,456812.3541666666,4.822337962962963,127476.0,9881.0,456812.3541666666,4.822337962962963,25495.2,-25495.2,9881.0,441202.9765046296
280,0.4666666666666667,c280,edge-6,456812.3541666666,4.82349537037037,128499.0,9970.0,456812.3541666666,4.82349537037037,25699.800000000003,-25699.800000000003,9970.0,441087.37766203703
281,0.4683333333333333,c281,edge-4,456812.3541666666,4.865162037037037,129522.0,10035.0,456812.3541666666,4.865162037037037,25904.4,-25904.4,10035.0,440947.8193287036
282,0.47,c282,edge-3,456812.3541666666,4.866319444444445,130026.0,10094.0,456812.3541666666,4.866319444444445,26005.2,-26005.2,10094.0,440906.02048611105
283,0.4716666666666667,c283,edge-6,456812.3541666666,4.891203703703704,131049.0,10185.0,456812.3541666666,4.891203703703704,26209.800000000003,-26209.800000000003,10185.0,440792.44537037035
284,0.47333333333333333,c284,edge-1,456812.3541666666,4.883680555555556,131428.0,10256.0,456812.3541666666,4.883680555555556,26285.600000000002,-26285.600000000002,10256.0,440787.6378472222
285,0.475,c285,edge-2,456812.3541666666,4.896412037037037,132451.0,10327.0,456812.3541666666,4.896412037037037,26490.2,-26490.2,10327.0,440654.05057870364
286,0.4766666666666667,c286,edge-7,456812.3541666666,4.902777777777778,132848.0,10398.0,456812.3541666666,4.902777777777778,26569.600000000002,-26569.600000000002,10398.0,440645.6569444444
287,0.47833333333333333,c287,edge-1,456812.3541666666,4.928240740740741,133402.0,10471.0,456812.3541666666,4.928240740740741,26680.4,-26680.4,10471.0,440607.88240740733
288,0.48,c288,edge-5,456812.3541666666,4.940972222222222,133793.0,10534.0,456812.3541666666,4.940972222222222,26758.600000000002,-26758.600000000002,10534.0,440592.6951388889
289,0.4816666666666667,c289,edge-1,456812.3541666666,4.970486111111112,134172.0,10609.0,456812.3541666666,4.970486111111112,26834.4,-26834.4,10609.0,440591.9246527777
290,0.48333333333333334,c290,edge-7,456812.3541666666,4.971643518518519,134639.0,10682.0,456812.3541666666,4.971643518518519,26927.800000000003,-26927.800000000003,10682.0,440571.5258101852
291,0.485,c291,edge-1,456812.3541666666,5.007523148148148,135193.0,10759.0,456812.3541666666,5.007523148148148,27038.600000000002,-27038.600000000002,10759.0,440537.7616898148
292,0.4866666666666667,c292,edge-4,456812.3541666666,5.003472222222222,136216.0,10826.0,456812.3541666666,5.003472222222222,27243.2,-27243.2,10826.0,440400.15763888886
293,0.48833333333333334,c293,edge-7,456812.3541666666,5.031250000000001,136613.0,10901.0,456812.3541666666,5.031250000000001,27322.600000000002,-27322.600000000002,10901.0,440395.78541666665
294,0.49,c294,edge-4,456812.3541666666,5.047453703703703,137636.0,10970.0,456812.3541666666,5.047453703703703,27527.2,-27527.2,10970.0,440260.2016203703
295,0.49166666666666664,c295,edge-5,456812.3541666666,5.049768518518518,138027.0,11035.0,456812.3541666666,5.049768518518518,27605.4,-27605.4,11035.0,440247.00393518514
296,0.49333333333333335,c296,edge-6,456812.3541666666,5.077546296296297,139050.0,11128.0,456812.3541666666,5.077546296296297,27810.0,-27810.0,11128.0,440135.4317129629
297,0.495,c297,edge-4,456812.3541666666,5.095486111111112,140073.0,11199.0,456812.3541666666,5.095486111111112,28014.600000000002,-28014.600000000002,11199.0,440001.8496527778
298,0.49666666666666665,c298,edge-8,456812.3541666666,5.126736111111112,140440.0,11276.0,456812.3541666666,5.126736111111112,28088.0,-28088.0,11276.0,440005.48090277775
299,0.49833333333333335,c299,edge-3,456812.3541666666,5.126157407407407,140612.0,11337.0,456812.3541666666,5.126157407407407,28122.4,-28122.4,11337.0,440032.080324074
300,0.5,c300,edge-8,456812.3541666666,5.155671296296296,140979.0,11416.0,456812.3541666666,5.155671296296296,28195.800000000003,-28195.800000000003,11416.0,440037.70983796293
301,0.5016666666666667,c301,edge-1,456812.3541666666,5.1550925925925934,141358.0,11495.0,456812.3541666666,5.1550925925925934,28271.600000000002,-28271.600000000002,11495.0,440040.90925925924
302,0.5033333333333333,c302,edge-4,456812.3541666666,5.1967592592592595,142381.0,11568.0,456812.3541666666,5.1967592592592595,28476.2,-28476.2,11568.0,439909.3509259259
303,0.505,c303,edge-8,456812.3541666666,5.192708333333334,142974.0,11649.0,456812.3541666666,5.192708333333334,28594.800000000003,-28594.800000000003,11649.0,439871.74687499995
304,0.5066666666666667,c304,edge-4,456812.3541666666,5.186921296296296,143997.0,11724.0,456812.3541666666,5.186921296296296,28799.4,-28799.4,11724.0,439742.1410879629
305,0.5083333333333333,c305,edge-5,456812.3541666666,5.19849537037037,144474.0,11791.0,456812.3541666666,5.19849537037037,28894.800000000003,-28894.800000000003,11791.0,439713.75266203703
306,0.51,c306,edge-6,456812.3541666666,5.221643518518519,144705.0,11886.0,456812.3541666666,5.221643518518519,28941.0,-28941.0,11886.0,439762.57581018517
307,0.5116666666666667,c307,edge-4,456812.3541666666,5.241319444444445,145728.0,11963.0,456812.3541666666,5.241319444444445,29145.600000000002,-29145.600000000002,11963.0,439634.9954861111
308,0.5133333333333333,c308,edge-4,456812.3541666666,5.255787037037038,146751.0,12042.0,456812.3541666666,5.255787037037038,29350.2,-29350.2,12042.0,439509.40995370364
309,0.515,c309,edge-4,458141.0166666666,5.2905092592592595,146755.0,12123.0,458141.0166666666,5.2905092592592595,29351.0,-29351.0,12123.0,440918.3071759259
310,0.5166666666666667,c310,edge-4,458141.0166666666,5.288194444444445,147778.0,12206.0,458141.0166666666,5.288194444444445,29555.600000000002,-29555.600000000002,12206.0,440796.70486111107
311,0.5183333333333333,c311,edge-1,458141.0166666666,5.322916666666667,148037.0,12287.0,458141.0166666666,5.322916666666667,29607.4,-29607.4,12287.0,440825.93958333327
312,0.52,c312,edge-5,458141.0166666666,5.341435185185185,148376.0,12356.0,458141.0166666666,5.341435185185185,29675.2,-29675.2,12356.0,440827.15810185176
313,0.5216666666666666,c313,edge-7,458141.0166666666,5.3813657407407405,148660.0,12433.0,458141.0166666666,5.3813657407407405,29732.0,-29732.0,12433.0,440847.39803240733
314,0.5233333333333333,c314,edge-8,458141.0166666666,5.380787037037036,149027.0,12516.0,458141.0166666666,5.380787037037036,29805.4,-29805.4,12516.0,440856.9974537036
315,0.525,c315,edge-4,458141.0166666666,5.378472222222221,150050.0,12601.0,458141.0166666666,5.378472222222221,30010.0,-30010.0,12601.0,440737.39513888885
316,0.5266666666666666,c316,edge-4,458141.0166666666,5.398148148148148,151073.0,12688.0,458141.0166666666,5.398148148148148,30214.600000000002,-30214.600000000002,12688.0,440619.8148148148
317,0.5283333333333333,c317,edge-4,458141.0166666666,5.392361111111111,152096.0,12777.0,458141.0166666666,5.392361111111111,30419.2,-30419.2,12777.0,440504.2090277777
318,0.53,c318,edge-1,458141.0166666666,5.390046296296296,152355.0,12860.0,458141.0166666666,5.390046296296296,30471.0,-30471.0,12860.0,440535.4067129629
319,0.5316666666666666,c319,edge-5,458141.0166666666,5.405092592592593,152694.0,12931.0,458141.0166666666,5.405092592592593,30538.800000000003,-30538.800000000003,12931.0,440538.6217592592
320,0.5333333333333333,c320,edge-8,458141.0166666666,5.4467592592592595,153061.0,13016.0,458141.0166666666,5.4467592592592595,30612.2,-30612.2,13016.0,440550.26342592586
321,0.535,c321,edge-6,458141.0166666666,5.4780092592592595,154084.0,13113.0,458141.0166666666,5.4780092592592595,30816.800000000003,-30816.800000000003,13113.0,440442.6946759259
322,0.5366666666666666,c322,edge-6,458141.0166666666,5.507523148148148,155107.0,13212.0,458141.0166666666,5.507523148148148,31021.4,-31021.4,13212.0,440337.1241898147
323,0.5383333333333333,c323,edge-2,458141.0166666666,5.498263888888888,156130.0,13285.0,458141.0166666666,5.498263888888888,31226.0,-31226.0,13285.0,440205.5149305555
324,0.54,c324,edge-8,458141.0166666666,5.529513888888888,156723.0,13372.0,458141.0166666666,5.529513888888888,31344.600000000002,-31344.600000000002,13372.0,440173.9461805555
325,0.5416666666666666,c325,edge-2,458141.0166666666,5.54224537037037,157746.0,13447.0,458141.0166666666,5.54224537037037,31549.2,-31549.2,13447.0,440044.358912037
326,0.5433333333333333,c326,edge-1,470755.81666666665,5.581597222222222,157774.0,13532.0,470755.81666666665,5.581597222222222,31554.800000000003,-31554.800000000003,13532.0,452738.5982638889
327,0.545,c327,edge-2,470755.81666666665,5.596064814814814,158797.0,13609.0,470755.81666666665,5.596064814814814,31759.4,-31759.4,13609.0,452611.01273148146
328,0.5466666666666666,c328,edge-2,470755.81666666665,5.627314814814814,159820.0,13688.0,470755.81666666665,5.627314814814814,31964.0,-31964.0,13688.0,452485.4439814815
329,0.5483333333333333,c329,edge-1,470755.81666666665,5.64525462962963,160199.0,13775.0,470755.81666666665,5.64525462962963,32039.800000000003,-32039.800000000003,13775.0,452496.66192129627
330,0.55,c330,edge-2,470755.81666666665,5.67650462962963,161222.0,13856.0,470755.81666666665,5.67650462962963,32244.4,-32244.4,13856.0,452373.09317129623
331,0.5516666666666666,c331,edge-5,470755.81666666665,5.697337962962963,161561.0,13929.0,470755.81666666665,5.697337962962963,32312.2,-32312.2,13929.0,452378.3140046296
332,0.5533333333333333,c332,edge-3,470755.81666666665,5.722222222222222,162065.0,13992.0,470755.81666666665,5.722222222222222,32413.0,-32413.0,13992.0,452340.5388888889
333,0.555,c333,edge-6,470755.81666666665,5.723379629629629,162422.0,14093.0,470755.81666666665,5.723379629629629,32484.4,-32484.4,14093.0,452370.14004629623
334,0.5566666666666666,c334,edge-6,470755.81666666665,5.744791666666667,163445.0,14196.0,470755.81666666665,5.744791666666667,32689.0,-32689.0,14196.0,452268.56145833334
335,0.5583333333333333,c335,edge-3,470755.81666666665,5.7592592592592595,163826.0,14261.0,470755.81666666665,5.7592592592592595,32765.2,-32765.2,14261.0,452257.3759259259
336,0.56,c336,edge-6,470755.81666666665,5.765625,164849.0,14366.0,470755.81666666665,5.765625,32969.8,-32969.8,14366.0,452157.78229166666
337,0.5616666666666666,c337,edge-6,470755.81666666665,5.7615740740740735,165206.0,14473.0,470755.81666666665,5.7615740740740735,33041.200000000004,-33041.200000000004,14473.0,452193.37824074074
338,0.5633333333333334,c338,edge-5,470755.81666666665,5.783564814814815,165597.0,14548.0,470755.81666666665,5.783564814814815,33119.4,-33119.4,14548.0,452190.20023148146
339,0.565,c339,edge-7,470755.81666666665,5.82349537037037,165994.0,14627.0,470755.81666666665,5.82349537037037,33198.8,-33198.8,14627.0,452189.84016203706
340,0.5666666666666667,c340,edge-4,472820.81666666665,5.866898148148148,165999.0,14718.0,472820.81666666665,5.866898148148148,33199.8,-33199.8,14718.0,454344.8835648148
341,0.5683333333333334,c341,edge-4,472820.81666666665,5.886574074074074,167022.0,14811.0,472820.81666666665,5.886574074074074,33404.4,-33404.4,14811.0,454233.30324074073
342,0.57,c342,edge-6,472820.81666666665,5.921296296296297,167379.0,14920.0,472820.81666666665,5.921296296296297,33475.8,-33475.8,14920.0,454270.93796296295
343,0.5716666666666667,c343,edge-2,472820.81666666665,5.952546296296297,168402.0,15003.0,472820.81666666665,5.952546296296297,33680.4,-33680.4,15003.0,454149.3692129629
344,0.5733333333333334,c344,edge-6,472820.81666666665,5.953703703703704,168759.0,15114.0,472820.81666666665,5.953703703703704,33751.8,-33751.8,15114.0,454188.97037037037
345,0.575,c345,edge-3,472820.81666666665,5.969907407407408,169263.0,15181.0,472820.81666666665,5.969907407407408,33852.6,-33852.6,15181.0,454155.1865740741
346,0.5766666666666667,c346,edge-4,477717.95416666666,6.002893518518519,169264.0,15276.0,477717.95416666666,6.002893518518519,33852.8,-33852.8,15276.0,459147.1570601852
347,0.5783333333333334,c347,edge-6,493296.39166666666,6.019097222222222,169264.0,15389.0,493296.39166666666,6.019097222222222,33852.8,-33852.8,15389.0,474838.6107638889
348,0.58,c348,edge-5,493296.39166666666,6.0376157407407405,169655.0,15466.0,493296.39166666666,6.0376157407407405,33931.0,-33931.0,15466.0,474837.4292824074
349,0.5816666666666667,c349,edge-8,493296.39166666666,6.052083333333333,169701.0,15555.0,493296.39166666666,6.052083333333333,33940.200000000004,-33940.200000000004,15555.0,474917.24374999997
350,0.5833333333333334,c350,edge-2,494244.0916666667,6.056712962962963,169701.0,15640.0,494244.0916666667,6.056712962962963,33940.200000000004,-33940.200000000004,15640.0,475949.94837962964
351,0.585,c351,edge-4,494244.0916666667,6.0561342592592595,170724.0,15737.0,494244.0916666667,6.0561342592592595,34144.8,-34144.8,15737.0,475842.34780092596
352,0.5866666666666667,c352,edge-1,494244.0916666667,6.090856481481482,170983.0,15826.0,494244.0916666667,6.090856481481482,34196.6,-34196.6,15826.0,475879.58252314816
353,0.5883333333333334,c353,edge-4,494244.0916666667,6.110532407407407,172006.0,15925.0,494244.0916666667,6.110532407407407,34401.200000000004,-34401.200000000004,15925.0,475774.0021990741
354,0.59,c354,edge-1,494244.0916666667,6.168402777777778,172560.0,16016.0,494244.0916666667,6.168402777777778,34512.0,-34512.0,16016.0,475754.2600694444
355,0.5916666666666667,c355,edge-3,494244.0916666667,6.1626157407407405,172779.0,16085.0,494244.0916666667,6.1626157407407405,34555.8,-34555.8,16085.0,475779.4542824074
356,0.5933333333333334,c356,edge-2,494244.0916666667,6.175347222222222,173802.0,16172.0,494244.0916666667,6.175347222222222,34760.4,-34760.4,16172.0,475661.8670138889
357,0.595,c357,edge-7,494244.0916666667,6.215277777777778,174008.0,16253.0,494244.0916666667,6.215277777777778,34801.6,-34801.6,16253.0,475701.70694444445
358,0.5966666666666667,c358,edge-7,494244.0916666667,6.248263888888889,174292.0,16336.0,494244.0916666667,6.248263888888889,34858.4,-34858.4,16336.0,475727.9399305555
359,0.5983333333333334,c359,edge-2,498125.19166666665,6.26099537037037,174295.0,16425.0,498125.19166666665,6.26099537037037,34859.0,-34859.0,16425.0,479697.45266203705
360,0.6,c360,edge-3,498125.19166666665,6.269097222222221,174367.0,16496.0,498125.19166666665,6.269097222222221,34873.4,-34873.4,16496.0,479754.0607638889
361,0.6016666666666667,c361,edge-4,498125.19166666665,6.309027777777779,175390.0,16597.0,498125.19166666665,6.309027777777779,35078.0,-35078.0,16597.0,479650.5006944444
362,0.6033333333333334,c362,edge-5,498125.19166666665,6.331018518518519,175781.0,16676.0,498125.19166666665,6.331018518518519,35156.200000000004,-35156.200000000004,16676.0,479651.3226851852
363,0.605,c363,edge-6,498125.19166666665,6.358796296296296,176804.0,16791.0,498125.19166666665,6.358796296296296,35360.8,-35360.8,16791.0,479561.75046296295
364,0.6066666666666667,c364,edge-3,498125.19166666665,6.361689814814815,177185.0,16864.0,498125.19166666665,6.361689814814815,35437.0,-35437.0,16864.0,479558.5533564815
365,0.6083333333333333,c365,edge-5,498125.19166666665,6.359375,177417.0,16945.0,498125.19166666665,6.359375,35483.4,-35483.4,16945.0,479593.1510416666
366,0.61,c366,edge-7,498125.19166666665,6.397569444444444,177884.0,17030.0,498125.19166666665,6.397569444444444,35576.8,-35576.8,17030.0,479584.7892361111
367,0.6116666666666667,c367,edge-2,498125.19166666665,6.428819444444444,178907.0,17121.0,498125.19166666665,6.428819444444444,35781.4,-35781.4,17121.0,479471.22048611107
368,0.6133333333333333,c368,edge-7,498125.19166666665,6.419560185185185,179374.0,17208.0,498125.19166666665,6.419560185185185,35874.8,-35874.8,17208.0,479464.81122685183
369,0.615,c369,edge-3,498125.19166666665,6.427662037037036,179755.0,17283.0,498125.19166666665,6.427662037037036,35951.0,-35951.0,17283.0,479463.6193287037
370,0.6166666666666667,c370,edge-1,498125.19166666665,6.452546296296296,180014.0,17376.0,498125.19166666665,6.452546296296296,36002.8,-36002.8,17376.0,479504.84421296295
371,0.6183333333333333,c371,edge-5,498125.19166666665,6.46412037037037,180491.0,17459.0,498125.19166666665,6.46412037037037,36098.200000000004,-36098.200000000004,17459.0,479492.45578703703
372,0.62,c372,edge-5,498125.19166666665,6.47337962962963,180870.0,17544.0,498125.19166666665,6.47337962962963,36174.0,-36174.0,17544.0,479501.66504629626
373,0.6216666666666667,c373,edge-1,498125.19166666665,6.489583333333334,181249.0,17639.0,498125.19166666665,6.489583333333334,36249.8,-36249.8,17639.0,479520.88125
374,0.6233333333333333,c374,edge-2,501062.5291666666,6.48900462962963,181249.0,17732.0,501062.5291666666,6.48900462962963,36249.8,-36249.8,17732.0,482551.21817129623
375,0.625,c375,edge-3,501062.5291666666,6.49537037037037,181516.0,17809.0,501062.5291666666,6.49537037037037,36303.200000000004,-36303.200000000004,17809.0,482574.824537037
376,0.6266666666666667,c376,edge-2,503193.69166666665,6.494791666666666,181516.0,17904.0,503193.69166666665,6.494791666666666,36303.200000000004,-36303.200000000004,17904.0,484800.9864583333
377,0.6283333333333333,c377,edge-5,503193.69166666665,6.497106481481481,181855.0,17991.0,503193.69166666665,6.497106481481481,36371.0,-36371.0,17991.0,484820.1887731481
378,0.63,c378,edge-6,503193.69166666665,6.498263888888889,182878.0,18108.0,503193.69166666665,6.498263888888889,36575.6,-36575.6,18108.0,484732.58993055555
379,0.6316666666666667,c379,edge-7,503193.69166666665,6.51099537037037,183275.0,18197.0,503193.69166666665,6.51099537037037,36655.0,-36655.0,18197.0,484742.20266203705
380,0.6333333333333333,c380,edge-3,503193.69166666665,6.515625,183561.0,18276.0,503193.69166666665,6.515625,36712.200000000004,-36712.200000000004,18276.0,484764.00729166664
381,0.635,c381,edge-4,503193.69166666665,6.533564814814815,184584.0,18379.0,503193.69166666665,6.533564814814815,36916.8,-36916.8,18379.0,484662.4252314815
382,0.6366666666666667,c382,edge-7,503193.69166666665,6.534722222222222,185051.0,18470.0,503193.69166666665,6.534722222222222,37010.200000000004,-37010.200000000004,18470.0,484660.0263888889
383,0.6383333333333333,c383,edge-4,503193.69166666665,6.571180555555555,186074.0,18575.0,503193.69166666665,6.571180555555555,37214.8,-37214.8,18575.0,484560.4628472222
384,0.64,c384,edge-8,503193.69166666665,6.602430555555555,186667.0,18666.0,503193.69166666665,6.602430555555555,37333.4,-37333.4,18666.0,484532.8940972222
385,0.6416666666666667,c385,edge-8,503193.69166666665,6.642361111111111,187092.0,18759.0,503193.69166666665,6.642361111111111,37418.4,-37418.4,18759.0,484540.93402777775
386,0.6433333333333333,c386,edge-1,503193.69166666665,6.685185185185185,187252.0,18856.0,503193.69166666665,6.685185185185185,37450.4,-37450.4,18856.0,484605.9768518518
387,0.645,c387,edge-8,503193.69166666665,6.710069444444444,187677.0,18951.0,503193.69166666665,6.710069444444444,37535.4,-37535.4,18951.0,484616.00173611107
388,0.6466666666666666,c388,edge-2,503193.69166666665,6.722800925925926,187782.0,19048.0,503193.69166666665,6.722800925925926,37556.4,-37556.4,19048.0,484692.0144675925
389,0.6483333333333333,c389,edge-8,503193.69166666665,6.71875,188058.0,19145.0,503193.69166666665,6.71875,37611.6,-37611.6,19145.0,484733.8104166667
390,0.65,c390,edge-1,503193.69166666665,6.718171296296297,188437.0,19244.0,503193.69166666665,6.718171296296297,37687.4,-37687.4,19244.0,484757.0098379629
391,0.6516666666666666,c391,edge-4,503193.69166666665,6.739583333333334,189460.0,19351.0,503193.69166666665,6.739583333333334,37892.0,-37892.0,19351.0,484659.43124999997
392,0.6533333333333333,c392,edge-6,503193.69166666665,6.760995370370371,190483.0,19470.0,503193.69166666665,6.760995370370371,38096.6,-38096.6,19470.0,484573.85266203707
393,0.655,c393,edge-3,503193.69166666665,6.795717592592593,190987.0,19551.0,503193.69166666665,6.795717592592593,38197.4,-38197.4,19551.0,484554.0873842592
394,0.6566666666666666,c394,edge-3,503193.69166666665,6.815393518518519,191368.0,19634.0,503193.69166666665,6.815393518518519,38273.6,-38273.6,19634.0,484560.9070601852
395,0.6583333333333333,c395,edge-7,503193.69166666665,6.8165509259259265,191765.0,19727.0,503193.69166666665,6.8165509259259265,38353.0,-38353.0,19727.0,484574.50821759255
396,0.66,c396,edge-8,503193.69166666665,6.851273148148149,192358.0,19826.0,503193.69166666665,6.851273148148149,38471.6,-38471.6,19826.0,484554.9429398148
397,0.6616666666666666,c397,edge-6,503193.69166666665,6.887731481481482,192715.0,19947.0,503193.69166666665,6.887731481481482,38543.0,-38543.0,19947.0,484604.5793981481
398,0.6633333333333333,c398,edge-5,503193.69166666665,6.890046296296297,193106.0,20036.0,503193.69166666665,6.890046296296297,38621.200000000004,-38621.200000000004,20036.0,484615.38171296293
399,0.665,c399,edge-7,503193.69166666665,6.899305555555556,193390.0,20131.0,503193.69166666665,6.899305555555556,38678.0,-38678.0,20131.0,484653.5909722222
400,0.6666666666666666,c400,edge-5,503193.69166666665,6.927083333333334,193867.0,20222.0,503193.69166666665,6.927083333333334,38773.4,-38773.4,20222.0,484649.21874999994
401,0.6683333333333333,c401,edge-6,503193.69166666665,6.929976851851853,194890.0,20345.0,503193.69166666665,6.929976851851853,38978.0,-38978.0,20345.0,484567.6216435185
402,0.67,c402,edge-5,503193.69166666665,6.942708333333335,195281.0,20438.0,503193.69166666665,6.942708333333335,39056.200000000004,-39056.200000000004,20438.0,484582.43437499995
403,0.6716666666666666,c403,edge-5,503193.69166666665,6.947337962962965,195620.0,20533.0,503193.69166666665,6.947337962962965,39124.0,-39124.0,20533.0,484609.63900462963
404,0.6733333333333333,c404,edge-8,503193.69166666665,6.976851851851853,196045.0,20634.0,503193.69166666665,6.976851851851853,39209.0,-39209.0,20634.0,484625.6685185185
405,0.675,c405,edge-7,503193.69166666665,6.989583333333334,196222.0,20731.0,503193.69166666665,6.989583333333334,39244.4,-39244.4,20731.0,484687.28124999994
406,0.6766666666666666,c406,edge-4,503193.69166666665,6.985532407407408,197245.0,20840.0,503193.69166666665,6.985532407407408,39449.0,-39449.0,20840.0,484591.67719907407
407,0.6783333333333333,c407,edge-4,503193.69166666665,6.986689814814815,197295.0,20951.0,503193.69166666665,6.986689814814815,39459.0,-39459.0,20951.0,484692.6783564815
408,0.68,c408,edge-2,503193.69166666665,6.997685185185185,198318.0,21050.0,503193.69166666665,6.997685185185185,39663.600000000006,-39663.600000000006,21050.0,484587.08935185184
409,0.6816666666666666,c409,edge-1,503193.69166666665,7.00462962962963,198463.0,21151.0,503193.69166666665,7.00462962962963,39692.600000000006,-39692.600000000006,21151.0,484659.0962962962
410,0.6833333333333333,c410,edge-8,503193.69166666665,7.017361111111111,198739.0,21254.0,503193.69166666665,7.017361111111111,39747.8,-39747.8,21254.0,484706.9090277778
411,0.685,c411,edge-2,503193.69166666665,7.0607638888888875,198802.0,21355.0,503193.69166666665,7.0607638888888875,39760.4,-39760.4,21355.0,484795.3524305555
412,0.6866666666666666,c412,edge-7,503193.69166666665,7.058449074074074,199269.0,21454.0,503193.69166666665,7.058449074074074,39853.8,-39853.8,21454.0,484800.95011574076
413,0.6883333333333334,c413,edge-6,503193.69166666665,7.081597222222223,200292.0,21579.0,503193.69166666665,7.081597222222223,40058.4,-40058.4,21579.0,484721.3732638889
414,0.69,c414,edge-5,503193.69166666665,7.093171296296298,200769.0,21676.0,503193.69166666665,7.093171296296298,40153.8,-40153.8,21676.0,484722.98483796295
415,0.6916666666666667,c415,edge-5,503193.69166666665,7.11400462962963,201246.0,21775.0,503193.69166666665,7.11400462962963,40249.200000000004,-40249.200000000004,21775.0,484726.60567129625
416,0.6933333333333334,c416,edge-7,503193.69166666665,7.1388888888888875,201452.0,21876.0,503193.69166666665,7.1388888888888875,40290.4,-40290.4,21876.0,484786.4305555555
417,0.695,c417,edge-1,503193.69166666665,7.173611111111111,201711.0,21979.0,503193.69166666665,7.173611111111111,40342.200000000004,-40342.200000000004,21979.0,484837.66527777776
418,0.6966666666666667,c418,edge-8,503193.69166666665,7.171296296296297,202304.0,22084.0,503193.69166666665,7.171296296296297,40460.8,-40460.8,22084.0,484824.06296296295
419,0.6983333333333334,c419,edge-4,503193.69166666665,7.167245370370371,202422.0,22197.0,503193.69166666665,7.167245370370371,40484.4,-40484.4,22197.0,484913.458912037
420,0.7,c420,edge-8,503193.69166666665,7.2071759259259265,203015.0,22304.0,503193.69166666665,7.2071759259259265,40603.0,-40603.0,22304.0,484901.89884259255
421,0.7016666666666667,c421,edge-4,503193.69166666665,7.22511574074074,204038.0,22419.0,503193.69166666665,7.22511574074074,40807.600000000006,-40807.600000000006,22419.0,484812.31678240735
422,0.7033333333333334,c422,edge-3,503193.69166666665,7.224537037037037,204324.0,22504.0,503193.69166666665,7.224537037037037,40864.8,-40864.8,22504.0,484840.1162037037
423,0.705,c423,edge-6,503193.69166666665,7.244212962962963,204585.0,22631.0,503193.69166666665,7.244212962962963,40917.0,-40917.0,22631.0,484914.93587962963
424,0.7066666666666667,c424,edge-2,503193.69166666665,7.282407407407407,205608.0,22734.0,503193.69166666665,7.282407407407407,41121.600000000006,-41121.600000000006,22734.0,484813.3740740741
425,0.7083333333333334,c425,edge-8,503193.69166666665,7.298611111111111,206201.0,22843.0,503193.69166666665,7.298611111111111,41240.200000000004,-41240.200000000004,22843.0,484803.79027777776
426,0.71,c426,edge-4,503193.69166666665,7.301504629629629,206319.0,22960.0,503193.69166666665,7.301504629629629,41263.8,-41263.8,22960.0,484897.19317129627
427,0.7116666666666667,c427,edge-7,503193.69166666665,7.3211805555555545,206786.0,23063.0,503193.69166666665,7.3211805555555545,41357.200000000004,-41357.200000000004,23063.0,484906.8128472222
428,0.7133333333333334,c428,edge-6,503193.69166666665,7.348958333333332,207809.0,23192.0,503193.69166666665,7.348958333333332,41561.8,-41561.8,23192.0,484831.240625
429,0.715,c429,edge-5,503193.69166666665,7.369791666666666,208286.0,23293.0,503193.69166666665,7.369791666666666,41657.200000000004,-41657.200000000004,23293.0,484836.8614583333
430,0.7166666666666667,c430,edge-4,503193.69166666665,7.409722222222221,209309.0,23412.0,503193.69166666665,7.409722222222221,41861.8,-41861.8,23412.0,484751.3013888889
431,0.7183333333333334,c431,edge-4,503193.69166666665,7.446180555555555,210332.0,23533.0,503193.69166666665,7.446180555555555,42066.4,-42066.4,23533.0,484667.7378472222
432,0.72,c432,edge-3,503193.69166666665,7.479166666666666,210504.0,23620.0,503193.69166666665,7.479166666666666,42100.8,-42100.8,23620.0,484720.37083333335
433,0.7216666666666667,c433,edge-4,503193.69166666665,7.498842592592592,211527.0,23743.0,503193.69166666665,7.498842592592592,42305.4,-42305.4,23743.0,484638.7905092592
434,0.7233333333333334,c434,edge-8,503193.69166666665,7.533564814814814,212120.0,23854.0,503193.69166666665,7.533564814814814,42424.0,-42424.0,23854.0,484631.2252314815
435,0.725,c435,edge-3,503193.69166666665,7.538194444444443,212501.0,23943.0,503193.69166666665,7.538194444444443,42500.200000000004,-42500.200000000004,23943.0,484644.0298611111
436,0.7266666666666667,c436,edge-1,503193.69166666665,7.57060185185185,213055.0,24048.0,503193.69166666665,7.57060185185185,42611.0,-42611.0,24048.0,484638.2622685185
437,0.7283333333333334,c437,edge-8,503193.69166666665,7.573495370370369,213648.0,24161.0,503193.69166666665,7.573495370370369,42729.600000000006,-42729.600000000006,24161.0,484632.665162037
438,0.73,c438,edge-7,503193.69166666665,7.611689814814814,214045.0,24266.0,503193.69166666665,7.611689814814814,42809.0,-42809.0,24266.0,484658.3033564815
439,0.7316666666666667,c439,edge-2,503193.69166666665,7.649884259259259,215068.0,24371.0,503193.69166666665,7.649884259259259,43013.600000000006,-43013.600000000006,24371.0,484558.7415509259
440,0.7333333333333333,c440,edge-5,503193.69166666665,7.670717592592592,215407.0,24474.0,503193.69166666665,7.670717592592592,43081.4,-43081.4,24474.0,484593.9623842592
441,0.735,c441,edge-7,503193.69166666665,7.686921296296296,215584.0,24581.0,503193.69166666665,7.686921296296296,43116.8,-43116.8,24581.0,484665.57858796295
442,0.7366666666666667,c442,edge-5,503193.69166666665,7.705439814814815,215975.0,24686.0,503193.69166666665,7.705439814814815,43195.0,-43195.0,24686.0,484692.3971064815
443,0.7383333333333333,c443,edge-3,503193.69166666665,7.713541666666667,216261.0,24777.0,503193.69166666665,7.713541666666667,43252.200000000004,-43252.200000000004,24777.0,484726.2052083333
444,0.74,c444,edge-7,503193.69166666665,7.711226851851852,216728.0,24886.0,503193.69166666665,7.711226851851852,43345.600000000006,-43345.600000000006,24886.0,484741.80289351847
445,0.7416666666666667,c445,edge-6,503193.69166666665,7.732638888888889,217751.0,25017.0,503193.69166666665,7.732638888888889,43550.200000000004,-43550.200000000004,25017.0,484668.2243055555
446,0.7433333333333333,c446,edge-4,503193.69166666665,7.750578703703704,218774.0,25142.0,503193.69166666665,7.750578703703704,43754.8,-43754.8,25142.0,484588.64224537037
447,0.745,c447,edge-8,503193.69166666665,7.787037037037037,219367.0,25257.0,503193.69166666665,7.787037037037037,43873.4,-43873.4,25257.0,484585.07870370365
448,0.7466666666666667,c448,edge-5,503193.69166666665,7.8125,219706.0,25364.0,503193.69166666665,7.8125,43941.200000000004,-43941.200000000004,25364.0,484624.30416666664
449,0.7483333333333333,c449,edge-2,503193.69166666665,7.8217592592592595,220729.0,25471.0,503193.69166666665,7.8217592592592595,44145.8,-44145.8,25471.0,484526.71342592593
450,0.75,c450,edge-8,503193.69166666665,7.837962962962964,221096.0,25588.0,503193.69166666665,7.837962962962964,44219.200000000004,-44219.200000000004,25588.0,484570.3296296296
451,0.7516666666666667,c451,edge-4,503193.69166666665,7.852430555555555,221214.0,25715.0,503193.69166666665,7.852430555555555,44242.8,-44242.8,25715.0,484673.7440972222
452,0.7533333333333333,c452,edge-8,503193.69166666665,7.888888888888889,221807.0,25834.0,503193.69166666665,7.888888888888889,44361.4,-44361.4,25834.0,484674.1805555555
453,0.755,c453,edge-3,503193.69166666665,7.912037037037037,222188.0,25927.0,503193.69166666665,7.912037037037037,44437.600000000006,-44437.600000000006,25927.0,484691.00370370364
454,0.7566666666666667,c454,edge-8,503193.69166666665,7.90625,222781.0,26048.0,503193.69166666665,7.90625,44556.200000000004,-44556.200000000004,26048.0,484693.39791666664
455,0.7583333333333333,c455,edge-7,503193.69166666665,7.900462962962963,223178.0,26159.0,503193.69166666665,7.900462962962963,44635.600000000006,-44635.600000000006,26159.0,484724.9921296296
456,0.76,c456,edge-4,503193.69166666665,7.918402777777778,224201.0,26288.0,503193.69166666665,7.918402777777778,44840.200000000004,-44840.200000000004,26288.0,484649.4100694444
457,0.7616666666666667,c457,edge-3,503193.69166666665,7.936342592592593,224705.0,26383.0,503193.69166666665,7.936342592592593,44941.0,-44941.0,26383.0,484643.62800925924
458,0.7633333333333333,c458,edge-7,503193.69166666665,7.954282407407407,224911.0,26496.0,503193.69166666665,7.954282407407407,44982.200000000004,-44982.200000000004,26496.0,484715.44594907406
459,0.765,c459,edge-6,503193.69166666665,7.957175925925926,225934.0,26629.0,503193.69166666665,7.957175925925926,45186.8,-45186.8,26629.0,484643.84884259256
460,0.7666666666666667,c460,edge-8,503193.69166666665,7.976851851851851,226359.0,26752.0,503193.69166666665,7.976851851851851,45271.8,-45271.8,26752.0,484681.8685185185
461,0.7683333333333333,c461,edge-2,503193.69166666665,8.009837962962962,226432.0,26861.0,503193.69166666665,8.009837962962962,45286.4,-45286.4,26861.0,484776.3015046296
462,0.77,c462,edge-6,503193.69166666665,8.01099537037037,226693.0,26996.0,503193.69166666665,8.01099537037037,45338.600000000006,-45338.600000000006,26996.0,484859.102662037
463,0.7716666666666666,c463,edge-6,503193.69166666665,8.03587962962963,227716.0,27133.0,503193.69166666665,8.03587962962963,45543.200000000004,-45543.200000000004,27133.0,484791.52754629625
464,0.7733333333333333,c464,edge-2,503193.69166666665,8.075810185185185,227784.0,27244.0,503193.69166666665,8.075810185185185,45556.8,-45556.8,27244.0,484888.96747685183
465,0.775,c465,edge-1,503193.69166666665,8.075231481481481,227928.0,27351.0,503193.69166666665,8.075231481481481,45585.600000000006,-45585.600000000006,27351.0,484967.16689814813
466,0.7766666666666666,c466,edge-3,503193.69166666665,8.111689814814815,228195.0,27448.0,503193.69166666665,8.111689814814815,45639.0,-45639.0,27448.0,485010.8033564815
467,0.7783333333333333,c467,edge-2,503193.69166666665,8.124421296296296,229218.0,27561.0,503193.69166666665,8.124421296296296,45843.600000000006,-45843.600000000006,27561.0,484919.21608796297
468,0.78,c468,edge-4,503193.69166666665,8.123842592592593,230241.0,27692.0,503193.69166666665,8.123842592592593,46048.200000000004,-46048.200000000004,27692.0,484845.6155092592
469,0.7816666666666666,c469,edge-4,503193.69166666665,8.16550925925926,231264.0,27825.0,503193.69166666665,8.16550925925926,46252.8,-46252.8,27825.0,484774.05717592593
470,0.7833333333333333,c470,edge-1,503193.69166666665,8.197916666666666,231818.0,27934.0,503193.69166666665,8.197916666666666,46363.600000000006,-46363.600000000006,27934.0,484772.2895833333
471,0.785,c471,edge-3,503193.69166666665,8.202546296296296,232199.0,28033.0,503193.69166666665,8.202546296296296,46439.8,-46439.8,28033.0,484795.09421296295
472,0.7866666666666666,c472,edge-7,503193.69166666665,8.205439814814815,232596.0,28148.0,503193.69166666665,8.205439814814815,46519.200000000004,-46519.200000000004,28148.0,484830.6971064815
473,0.7883333333333333,c473,edge-4,503193.69166666665,8.206597222222221,232710.0,28283.0,503193.69166666665,8.206597222222221,46542.0,-46542.0,28283.0,484942.8982638889
474,0.79,c474,edge-2,503193.69166666665,8.222800925925926,233733.0,28398.0,503193.69166666665,8.222800925925926,46746.600000000006,-46746.600000000006,28398.0,484853.3144675925
475,0.7916666666666666,c475,edge-1,503193.69166666665,8.265625,234287.0,28509.0,503193.69166666665,8.265625,46857.4,-46857.4,28509.0,484853.5572916666
476,0.7933333333333333,c476,edge-3,503193.69166666665,8.261574074074074,234668.0,28610.0,503193.69166666665,8.261574074074074,46933.600000000006,-46933.600000000006,28610.0,484878.3532407407
477,0.795,c477,edge-7,503193.69166666665,8.289351851851851,235135.0,28727.0,503193.69166666665,8.289351851851851,47027.0,-47027.0,28727.0,484901.9810185185
478,0.7966666666666666,c478,edge-2,503193.69166666665,8.285300925925926,235186.0,28844.0,503193.69166666665,8.285300925925926,47037.200000000004,-47037.200000000004,28844.0,485008.77696759254
479,0.7983333333333333,c479,edge-2,503193.69166666665,8.318287037037036,236209.0,28963.0,503193.69166666665,8.318287037037036,47241.8,-47241.8,28963.0,484923.2099537037
480,0.8,c480,edge-8,503193.69166666665,8.31423611111111,236634.0,29088.0,503193.69166666665,8.31423611111111,47326.8,-47326.8,29088.0,484963.2059027778
481,0.8016666666666666,c481,edge-7,503193.69166666665,8.310185185185185,237101.0,29207.0,503193.69166666665,8.310185185185185,47420.200000000004,-47420.200000000004,29207.0,484988.8018518518
482,0.8033333333333333,c482,edge-3,503193.69166666665,8.314814814814815,237482.0,29310.0,503193.69166666665,8.314814814814815,47496.4,-47496.4,29310.0,485015.60648148146
483,0.805,c483,edge-5,503193.69166666665,8.31712962962963,237873.0,29419.0,503193.69166666665,8.31712962962963,47574.600000000006,-47574.600000000006,29419.0,485046.4087962962
484,0.8066666666666666,c484,edge-5,503193.69166666665,8.322916666666668,238252.0,29530.0,503193.69166666665,8.322916666666668,47650.4,-47650.4,29530.0,485081.6145833333
485,0.8083333333333333,c485,edge-3,503193.69166666665,8.339120370370372,238756.0,29635.0,503193.69166666665,8.339120370370372,47751.200000000004,-47751.200000000004,29635.0,485085.83078703703
486,0.81,c486,edge-3,503193.69166666665,8.357060185185187,239137.0,29742.0,503193.69166666665,8.357060185185187,47827.4,-47827.4,29742.0,485116.6487268518
487,0.8116666666666666,c487,edge-6,503193.69166666665,8.353009259259261,239494.0,29881.0,503193.69166666665,8.353009259259261,47898.8,-47898.8,29881.0,485184.24467592593
488,0.8133333333333334,c488,edge-5,503193.69166666665,8.357638888888891,239873.0,29994.0,503193.69166666665,8.357638888888891,47974.600000000006,-47974.600000000006,29994.0,485221.44930555555
489,0.815,c489,edge-8,503193.69166666665,8.38252314814815,240466.0,30121.0,503193.69166666665,8.38252314814815,48093.200000000004,-48093.200000000004,30121.0,485229.8741898148
490,0.8166666666666667,c490,edge-3,503193.69166666665,8.395254629629632,240685.0,30230.0,503193.69166666665,8.395254629629632,48137.0,-48137.0,30230.0,485295.08692129626
491,0.8183333333333334,c491,edge-6,503193.69166666665,8.396412037037038,241042.0,30371.0,503193.69166666665,8.396412037037038,48208.4,-48208.4,30371.0,485364.68807870365
492,0.82,c492,edge-4,503193.69166666665,8.438078703703704,241156.0,30508.0,503193.69166666665,8.438078703703704,48231.200000000004,-48231.200000000004,30508.0,485478.92974537035
493,0.8216666666666667,c493,edge-2,503193.69166666665,8.469328703703704,242179.0,30629.0,503193.69166666665,8.469328703703704,48435.8,-48435.8,30629.0,485395.36099537037
494,0.8233333333333334,c494,edge-3,503193.69166666665,8.473958333333336,242560.0,30740.0,503193.69166666665,8.473958333333336,48512.0,-48512.0,30740.0,485430.16562499997
495,0.825,c495,edge-3,503193.69166666665,8.493634259259261,242941.0,30853.0,503193.69166666665,8.493634259259261,48588.200000000004,-48588.200000000004,30853.0,485466.9853009259
496,0.8266666666666667,c496,edge-3,503193.69166666665,8.516782407407408,243322.0,30968.0,503193.69166666665,8.516782407407408,48664.4,-48664.4,30968.0,485505.80844907404
497,0.8283333333333334,c497,edge-1,503193.69166666665,8.578125,243876.0,31081.0,503193.69166666665,8.578125,48775.200000000004,-48775.200000000004,31081.0,485508.06979166664
498,0.83,c498,edge-6,503193.69166666665,8.601273148148149,244899.0,31224.0,503193.69166666665,8.601273148148149,48979.8,-48979.8,31224.0,485446.4929398148
499,0.8316666666666667,c499,edge-3,503193.69166666665,8.617476851851853,245185.0,31341.0,503193.69166666665,8.617476851851853,49037.0,-49037.0,31341.0,485506.3091435185
500,0.8333333333333334,c500,edge-3,503193.69166666665,8.637152777777779,245689.0,31460.0,503193.69166666665,8.637152777777779,49137.8,-49137.8,31460.0,485524.5288194444
501,0.835,c501,edge-6,503193.69166666665,8.666666666666666,246712.0,31605.0,503193.69166666665,8.666666666666666,49342.4,-49342.4,31605.0,485464.9583333333
502,0.8366666666666667,c502,edge-4,503193.69166666665,8.70486111111111,247735.0,31744.0,503193.69166666665,8.70486111111111,49547.0,-49547.0,31744.0,485399.3965277778
503,0.8383333333333334,c503,edge-4,503193.69166666665,8.702546296296298,248758.0,31885.0,503193.69166666665,8.702546296296298,49751.600000000006,-49751.600000000006,31885.0,485335.79421296297
504,0.84,c504,edge-5,503193.69166666665,8.70486111111111,249235.0,32000.0,503193.69166666665,8.70486111111111,49847.0,-49847.0,32000.0,485355.3965277778
505,0.8416666666666667,c505,edge-6,503193.69166666665,8.717592592592593,249459.0,32147.0,503193.69166666665,8.717592592592593,49891.8,-49891.8,32147.0,485457.60925925925
506,0.8433333333333334,c506,edge-8,503193.69166666665,8.74537037037037,249884.0,32276.0,503193.69166666665,8.74537037037037,49976.8,-49976.8,32276.0,485501.63703703706
507,0.845,c507,edge-4,503193.69166666665,8.765046296296296,250907.0,32419.0,503193.69166666665,8.765046296296296,50181.4,-50181.4,32419.0,485440.0567129629
508,0.8466666666666667,c508,edge-2,503193.69166666665,8.796296296296296,251930.0,32542.0,503193.69166666665,8.796296296296296,50386.0,-50386.0,32542.0,485358.48796296294
509,0.8483333333333334,c509,edge-3,503193.69166666665,8.799189814814815,252311.0,32663.0,503193.69166666665,8.799189814814815,50462.200000000004,-50462.200000000004,32663.0,485403.2908564815
510,0.85,c510,edge-6,503193.69166666665,8.822337962962962,253334.0,32812.0,503193.69166666665,8.822337962962962,50666.8,-50666.8,32812.0,485347.71400462964
511,0.8516666666666667,c511,edge-7,503193.69166666665,8.836805555555555,253618.0,32933.0,503193.69166666665,8.836805555555555,50723.600000000006,-50723.600000000006,32933.0,485411.9284722222
512,0.8533333333333334,c512,edge-1,503193.69166666665,8.83449074074074,253762.0,33048.0,503193.69166666665,8.83449074074074,50752.4,-50752.4,33048.0,485498.12615740736
513,0.855,c513,edge-8,503193.69166666665,8.874421296296296,254038.0,33179.0,503193.69166666665,8.874421296296296,50807.600000000006,-50807.600000000006,33179.0,485573.96608796297
514,0.8566666666666667,c514,edge-4,503193.69166666665,8.894097222222221,255061.0,33324.0,503193.69166666665,8.894097222222221,51012.200000000004,-51012.200000000004,33324.0,485514.3857638889
515,0.8583333333333333,c515,edge-8,503193.69166666665,8.906828703703702,255486.0,33457.0,503193.69166666665,8.906828703703702,51097.200000000004,-51097.200000000004,33457.0,485562.39849537035
516,0.86,c516,edge-3,503193.69166666665,8.923032407407408,255532.0,33580.0,503193.69166666665,8.923032407407408,51106.4,-51106.4,33580.0,485676.21469907404
517,0.8616666666666667,c517,edge-3,503193.69166666665,8.93923611111111,255818.0,33705.0,503193.69166666665,8.93923611111111,51163.600000000006,-51163.600000000006,33705.0,485744.0309027778
518,0.8633333333333333,c518,edge-1,503193.69166666665,8.979166666666668,256197.0,33822.0,503193.69166666665,8.979166666666668,51239.4,-51239.4,33822.0,485785.2708333333
519,0.865,c519,edge-2,503704.5916666666,9.019097222222221,256197.0,33947.0,503704.5916666666,9.019097222222221,51239.4,-51239.4,33947.0,486421.21076388884
520,0.8666666666666667,c520,edge-4,503704.5916666666,9.059027777777779,257220.0,34094.0,503704.5916666666,9.059027777777779,51444.0,-51444.0,34094.0,486363.65069444437
521,0.8683333333333333,c521,edge-2,503704.5916666666,9.07349537037037,258243.0,34221.0,503704.5916666666,9.07349537037037,51648.600000000006,-51648.600000000006,34221.0,486286.06516203703
522,0.87,c522,edge-8,503704.5916666666,9.111689814814817,258519.0,34356.0,503704.5916666666,9.111689814814817,51703.8,-51703.8,34356.0,486365.90335648146
523,0.8716666666666667,c523,edge-5,503704.5916666666,9.120949074074074,258996.0,34473.0,503704.5916666666,9.120949074074074,51799.200000000004,-51799.200000000004,34473.0,486387.5126157407
524,0.8733333333333333,c524,edge-4,503704.5916666666,9.16087962962963,260019.0,34622.0,503704.5916666666,9.16087962962963,52003.8,-52003.8,34622.0,486331.95254629623
525,0.875,c525,edge-8,504389.7916666666,9.160300925925926,260047.0,34759.0,504389.7916666666,9.160300925925926,52009.4,-52009.4,34759.0,487148.5519675925
526,0.8766666666666667,c526,edge-6,504389.7916666666,9.179976851851851,261070.0,34910.0,504389.7916666666,9.179976851851851,52214.0,-52214.0,34910.0,487094.9716435185
527,0.8783333333333333,c527,edge-7,504389.7916666666,9.20138888888889,261354.0,35033.0,504389.7916666666,9.20138888888889,52270.8,-52270.8,35033.0,487161.1930555555
528,0.88,c528,edge-2,504389.7916666666,9.210648148148149,262377.0,35162.0,504389.7916666666,9.210648148148149,52475.4,-52475.4,35162.0,487085.60231481475
529,0.8816666666666667,c529,edge-7,504389.7916666666,9.24537037037037,262844.0,35287.0,504389.7916666666,9.24537037037037,52568.8,-52568.8,35287.0,487117.23703703703
530,0.8833333333333333,c530,edge-3,504389.7916666666,9.266782407407408,263130.0,35414.0,504389.7916666666,9.266782407407408,52626.0,-52626.0,35414.0,487187.05844907404
531,0.885,c531,edge-2,504389.7916666666,9.277777777777779,264153.0,35545.0,504389.7916666666,9.277777777777779,52830.600000000006,-52830.600000000006,35545.0,487113.4694444444
532,0.8866666666666667,c532,edge-5,504389.7916666666,9.27662037037037,264492.0,35664.0,504389.7916666666,9.27662037037037,52898.4,-52898.4,35664.0,487164.668287037
533,0.8883333333333333,c533,edge-5,504389.7916666666,9.300925925925927,264871.0,35785.0,504389.7916666666,9.300925925925927,52974.200000000004,-52974.200000000004,35785.0,487209.8925925925
534,0.89,c534,edge-2,504389.7916666666,9.29513888888889,265894.0,35918.0,504389.7916666666,9.29513888888889,53178.8,-53178.8,35918.0,487138.2868055555
535,0.8916666666666667,c535,edge-1,504389.7916666666,9.333333333333334,266153.0,36037.0,504389.7916666666,9.333333333333334,53230.600000000006,-53230.600000000006,36037.0,487205.5249999999
536,0.8933333333333333,c536,edge-7,504389.7916666666,9.33275462962963,266499.0,36164.0,504389.7916666666,9.33275462962963,53299.8,-53299.8,36164.0,487263.32442129625
537,0.895,c537,edge-6,504389.7916666666,9.333912037037038,267522.0,36317.0,504389.7916666666,9.333912037037038,53504.4,-53504.4,36317.0,487211.7255787036
538,0.8966666666666666,c538,edge-7,504389.7916666666,9.363425925925927,267919.0,36446.0,504389.7916666666,9.363425925925927,53583.8,-53583.8,36446.0,487261.35509259254
539,0.8983333333333333,c539,edge-7,504389.7916666666,9.384837962962964,268203.0,36577.0,504389.7916666666,9.384837962962964,53640.600000000006,-53640.600000000006,36577.0,487335.5765046296
540,0.9,c540,edge-1,504389.7916666666,9.387731481481483,268582.0,36698.0,504389.7916666666,9.387731481481483,53716.4,-53716.4,36698.0,487380.77939814806
541,0.9016666666666666,c541,edge-4,504389.7916666666,9.387152777777779,268629.0,36849.0,504389.7916666666,9.387152777777779,53725.8,-53725.8,36849.0,487522.3788194444
542,0.9033333333333333,c542,edge-6,504389.7916666666,9.427083333333334,268986.0,37004.0,504389.7916666666,9.427083333333334,53797.200000000004,-53797.200000000004,37004.0,487606.01874999993
543,0.905,c543,edge-4,504389.7916666666,9.441550925925926,270009.0,37157.0,504389.7916666666,9.441550925925926,54001.8,-54001.8,37157.0,487554.43321759254
544,0.9066666666666666,c544,edge-7,504389.7916666666,9.452546296296296,270476.0,37290.0,504389.7916666666,9.452546296296296,54095.200000000004,-54095.200000000004,37290.0,487594.0442129629
545,0.9083333333333333,c545,edge-6,504389.7916666666,9.451967592592592,271499.0,37447.0,504389.7916666666,9.451967592592592,54299.8,-54299.8,37447.0,487546.4436342592
546,0.91,c546,edge-3,504389.7916666666,9.447916666666666,272003.0,37576.0,504389.7916666666,9.447916666666666,54400.600000000006,-54400.600000000006,37576.0,487574.6395833333
547,0.9116666666666666,c547,edge-5,504389.7916666666,9.462384259259258,272480.0,37699.0,504389.7916666666,9.462384259259258,54496.0,-54496.0,37699.0,487602.2540509259
548,0.9133333333333333,c548,edge-8,504389.7916666666,9.460069444444443,272847.0,37838.0,504389.7916666666,9.460069444444443,54569.4,-54569.4,37838.0,487667.85173611104
549,0.915,c549,edge-1,504389.7916666666,9.452546296296296,273226.0,37961.0,504389.7916666666,9.452546296296296,54645.200000000004,-54645.200000000004,37961.0,487715.0442129629
550,0.9166666666666666,c550,edge-2,504389.7916666666,9.446759259259258,274249.0,38096.0,504389.7916666666,9.446759259259258,54849.8,-54849.8,38096.0,487645.4384259259
551,0.9183333333333333,c551,edge-4,504389.7916666666,9.453124999999998,274367.0,38251.0,504389.7916666666,9.453124999999998,54873.4,-54873.4,38251.0,487776.8447916666
552,0.92,c552,edge-3,504389.7916666666,9.447337962962962,274871.0,38382.0,504389.7916666666,9.447337962962962,54974.200000000004,-54974.200000000004,38382.0,487807.0390046296
553,0.9216666666666666,c553,edge-6,504389.7916666666,9.47511574074074,275894.0,38541.0,504389.7916666666,9.47511574074074,55178.8,-55178.8,38541.0,487761.46678240737
554,0.9233333333333333,c554,edge-3,504389.7916666666,9.516782407407407,276398.0,38674.0,504389.7916666666,9.516782407407407,55279.600000000006,-55279.600000000006,38674.0,487793.70844907407
555,0.925,c555,edge-3,504389.7916666666,9.549768518518517,276902.0,38809.0,504389.7916666666,9.549768518518517,55380.4,-55380.4,38809.0,487827.94143518514
556,0.9266666666666666,c556,edge-7,504389.7916666666,9.564236111111109,277299.0,38944.0,504389.7916666666,9.564236111111109,55459.8,-55459.8,38944.0,487883.55590277776
557,0.9283333333333333,c557,edge-4,504389.7916666666,9.604166666666666,278322.0,39101.0,504389.7916666666,9.604166666666666,55664.4,-55664.4,39101.0,487835.9958333333
558,0.93,c558,edge-3,504389.7916666666,9.62384259259259,278494.0,39238.0,504389.7916666666,9.62384259259259,55698.8,-55698.8,39238.0,487938.6155092592
559,0.9316666666666666,c559,edge-8,504389.7916666666,9.624999999999998,278861.0,39379.0,504389.7916666666,9.624999999999998,55772.200000000004,-55772.200000000004,39379.0,488006.2166666666
560,0.9333333333333333,c560,edge-2,504389.7916666666,9.657986111111109,279884.0,39516.0,504389.7916666666,9.657986111111109,55976.8,-55976.8,39516.0,487938.64965277776
561,0.935,c561,edge-5,504389.7916666666,9.677662037037036,280223.0,39641.0,504389.7916666666,9.677662037037036,56044.600000000006,-56044.600000000006,39641.0,487995.8693287036
562,0.9366666666666666,c562,edge-6,504389.7916666666,9.680555555555555,281246.0,39802.0,504389.7916666666,9.680555555555555,56249.200000000004,-56249.200000000004,39802.0,487952.2722222222
563,0.9383333333333334,c563,edge-8,504518.9791666666,9.671296296296296,281246.0,39945.0,504518.9791666666,9.671296296296296,56249.200000000004,-56249.200000000004,39945.0,488224.4504629629
564,0.94,c564,edge-6,504518.9791666666,9.702546296296296,281477.0,40108.0,504518.9791666666,9.702546296296296,56295.4,-56295.4,40108.0,488341.2817129629
565,0.9416666666666667,c565,edge-2,504518.9791666666,9.727430555555555,281523.0,40247.0,504518.9791666666,9.727430555555555,56304.600000000006,-56304.600000000006,40247.0,488471.10659722215
566,0.9433333333333334,c566,edge-2,504518.9791666666,9.765624999999998,282546.0,40388.0,504518.9791666666,9.765624999999998,56509.200000000004,-56509.200000000004,40388.0,488407.5447916666
567,0.945,c567,edge-2,504518.9791666666,9.796874999999998,283569.0,40531.0,504518.9791666666,9.796874999999998,56713.8,-56713.8,40531.0,488345.97604166664
568,0.9466666666666667,c568,edge-3,504518.9791666666,9.80324074074074,283950.0,40670.0,504518.9791666666,9.80324074074074,56790.0,-56790.0,40670.0,488408.78240740736
569,0.9483333333333334,c569,edge-6,504518.9791666666,9.826388888888888,284307.0,40835.0,504518.9791666666,9.826388888888888,56861.4,-56861.4,40835.0,488502.4055555555
570,0.95,c570,edge-8,504518.9791666666,9.829282407407405,284674.0,40980.0,504518.9791666666,9.829282407407405,56934.8,-56934.8,40980.0,488574.00844907406
571,0.9516666666666667,c571,edge-7,504518.9791666666,9.82349537037037,284881.0,41117.0,504518.9791666666,9.82349537037037,56976.200000000004,-56976.200000000004,41117.0,488669.602662037
572,0.9533333333333334,c572,edge-6,504518.9791666666,9.824652777777779,285904.0,41284.0,504518.9791666666,9.824652777777779,57180.8,-57180.8,41284.0,488632.0038194444
573,0.955,c573,edge-5,504518.9791666666,9.830439814814813,286133.0,41411.0,504518.9791666666,9.830439814814813,57226.600000000006,-57226.600000000006,41411.0,488713.2096064815
574,0.9566666666666667,c574,edge-1,504518.9791666666,9.867476851851851,286687.0,41536.0,504518.9791666666,9.867476851851851,57337.4,-57337.4,41536.0,488727.44664351846
575,0.9583333333333334,c575,edge-2,504518.9791666666,9.903935185185183,287710.0,41681.0,504518.9791666666,9.903935185185183,57542.0,-57542.0,41681.0,488667.8831018518
576,0.96,c576,edge-6,504518.9791666666,9.940393518518519,287971.0,41850.0,504518.9791666666,9.940393518518519,57594.200000000004,-57594.200000000004,41850.0,488784.71956018516
577,0.9616666666666667,c577,edge-4,504518.9791666666,9.934606481481481,288994.0,42009.0,504518.9791666666,9.934606481481481,57798.8,-57798.8,42009.0,488739.1137731481
578,0.9633333333333334,c578,edge-1,504518.9791666666,9.94849537037037,289548.0,42136.0,504518.9791666666,9.94849537037037,57909.600000000006,-57909.600000000006,42136.0,488755.327662037
579,0.965,c579,edge-2,504518.9791666666,9.97974537037037,290571.0,42283.0,504518.9791666666,9.97974537037037,58114.200000000004,-58114.200000000004,42283.0,488697.758912037
580,0.9666666666666667,c580,edge-1,504518.9791666666,9.98611111111111,290721.0,42412.0,504518.9791666666,9.98611111111111,58144.200000000004,-58144.200000000004,42412.0,488796.76527777774
581,0.9683333333333334,c581,edge-4,504518.9791666666,10.00462962962963,290794.0,42573.0,504518.9791666666,10.00462962962963,58158.8,-58158.8,42573.0,488943.18379629625
582,0.97,c582,edge-5,504518.9791666666,10.004050925925927,291133.0,42702.0,504518.9791666666,10.004050925925927,58226.600000000006,-58226.600000000006,42702.0,489004.3832175925
583,0.9716666666666667,c583,edge-5,504518.9791666666,10.006944444444443,291610.0,42833.0,504518.9791666666,10.006944444444443,58322.0,-58322.0,42833.0,489039.98611111107
584,0.9733333333333334,c584,edge-6,504518.9791666666,10.028356481481481,292633.0,43004.0,504518.9791666666,10.028356481481481,58526.600000000006,-58526.600000000006,43004.0,489006.4075231481
585,0.975,c585,edge-5,504518.9791666666,10.066550925925927,293110.0,43137.0,504518.9791666666,10.066550925925927,58622.0,-58622.0,43137.0,489044.0457175925
586,0.9766666666666667,c586,edge-2,505378.4791666666,10.058449074074076,293111.0,43286.0,505378.4791666666,10.058449074074076,58622.200000000004,-58622.200000000004,43286.0,490052.3376157407
587,0.9783333333333334,c587,edge-1,505378.4791666666,10.094907407407408,293370.0,43417.0,505378.4791666666,10.094907407407408,58674.0,-58674.0,43417.0,490131.57407407404
588,0.98,c588,edge-2,505378.4791666666,10.085648148148149,294393.0,43568.0,505378.4791666666,10.085648148148149,58878.600000000006,-58878.600000000006,43568.0,490077.96481481474
589,0.9816666666666667,c589,edge-6,505378.4791666666,10.088541666666668,295416.0,43741.0,505378.4791666666,10.088541666666668,59083.200000000004,-59083.200000000004,43741.0,490046.3677083333
590,0.9833333333333333,c590,edge-2,505378.4791666666,10.101273148148149,296439.0,43894.0,505378.4791666666,10.101273148148149,59287.8,-59287.8,43894.0,489994.7804398148
591,0.985,c591,edge-6,505378.4791666666,10.102430555555557,297462.0,44069.0,505378.4791666666,10.102430555555557,59492.4,-59492.4,44069.0,489965.18159722217
592,0.9866666666666667,c592,edge-8,505378.4791666666,10.107060185185187,297887.0,44216.0,505378.4791666666,10.107060185185187,59577.4,-59577.4,44216.0,490027.1862268518
593,0.9883333333333333,c593,edge-5,505378.4791666666,10.138310185185187,298364.0,44351.0,505378.4791666666,10.138310185185187,59672.8,-59672.8,44351.0,490066.8174768518
594,0.99,c594,edge-3,505378.4791666666,10.159722222222221,298631.0,44492.0,505378.4791666666,10.159722222222221,59726.200000000004,-59726.200000000004,44492.0,490154.43888888886
595,0.9916666666666667,c595,edge-4,505378.4791666666,10.153935185185183,299654.0,44655.0,505378.4791666666,10.153935185185183,59930.8,-59930.8,44655.0,490112.8331018518
596,0.9933333333333333,c596,edge-1,505378.4791666666,10.144675925925927,299798.0,44788.0,505378.4791666666,10.144675925925927,59959.600000000006,-59959.600000000006,44788.0,490217.0238425925
597,0.995,c597,edge-1,505378.4791666666,10.14236111111111,299942.0,44923.0,505378.4791666666,10.14236111111111,59988.4,-59988.4,44923.0,490323.2215277777
598,0.9966666666666667,c598,edge-3,505378.4791666666,10.136574074074073,300446.0,45066.0,505378.4791666666,10.136574074074073,60089.200000000004,-60089.200000000004,45066.0,490365.4157407407
599,0.9983333333333333,c599,edge-1,505378.4791666666,10.172453703703702,301000.0,45203.0,505378.4791666666,10.172453703703702,60200.0,-60200.0,45203.0,490391.65162037034
600,1.0,c600,edge-4,505378.4791666666,10.21238425925926,302023.0,45368.0,505378.4791666666,10.21238425925926,60404.600000000006,-60404.600000000006,45368.0,490352.09155092586
