iter,progress,container_id,chosen_node,raw_delay,raw_frag,raw_aff,raw_load,delay_term,frag_term,aff_reward_term,aff_contrib_to_phi,load_term,phi_total
1,0.001,c001,edge-6,456.0125,0.041666666666666664,0.0,1.0,456.0125,0.041666666666666664,0.0,-0.0,1.0,457.0541666666667
2,0.002,c002,edge-7,2451.2791666666667,0.04976851851851852,0.0,2.0,2451.2791666666667,0.04976851851851852,0.0,-0.0,2.0,2453.3289351851854
3,0.003,c003,edge-2,15532.891666666666,0.06481481481481481,0.0,3.0,15532.891666666666,0.06481481481481481,0.0,-0.0,3.0,15535.956481481482
4,0.004,c004,edge-5,17448.24166666667,0.0810185185185185,0.0,4.0,17448.24166666667,0.0810185185185185,0.0,-0.0,4.0,17452.322685185187
5,0.005,c005,edge-4,30529.854166666664,0.12268518518518516,0.0,5.0,30529.854166666664,0.12268518518518516,0.0,-0.0,5.0,30534.97685185185
6,0.006,c006,edge-2,31839.854166666664,0.1284722222222222,0.0,8.0,31839.854166666664,0.1284722222222222,0.0,-0.0,8.0,31847.982638888887
7,0.007,c007,edge-6,32011.041666666664,0.12962962962962962,191.0,11.0,32011.041666666664,0.12962962962962962,38.2,-38.2,11.0,31983.971296296295
8,0.008,c008,edge-2,32361.879166666666,0.14467592592592593,191.0,16.0,32361.879166666666,0.14467592592592593,38.2,-38.2,16.0,32339.823842592592
9,0.009,c009,edge-4,32361.879166666666,0.1880787037037037,1214.0,19.0,32361.879166666666,0.1880787037037037,242.8,-242.8,19.0,32138.26724537037
10,0.01,c010,edge-5,39328.19583333333,0.20601851851851852,1214.0,22.0,39328.19583333333,0.20601851851851852,242.8,-242.8,22.0,39107.60185185185
11,0.011,c011,edge-1,40225.2625,0.24999999999999997,1214.0,23.0,40225.2625,0.24999999999999997,242.8,-242.8,23.0,40005.712499999994
12,0.012,c012,edge-4,40225.2625,0.2934027777777778,2237.0,28.0,40225.2625,0.2934027777777778,447.40000000000003,-447.40000000000003,28.0,39806.15590277778
13,0.013,c013,edge-8,40898.0625,0.2934027777777778,2237.0,29.0,40898.0625,0.2934027777777778,447.40000000000003,-447.40000000000003,29.0,40479.95590277778
14,0.014,c014,edge-3,45131.662500000006,0.3188657407407407,2237.0,30.0,45131.662500000006,0.3188657407407407,447.40000000000003,-447.40000000000003,30.0,44714.58136574074
15,0.015,c015,edge-4,45131.662500000006,0.3148148148148148,3260.0,37.0,45131.662500000006,0.3148148148148148,652.0,-652.0,37.0,44516.97731481482
16,0.016,c016,edge-7,47138.0625,0.3275462962962963,3260.0,40.0,47138.0625,0.3275462962962963,652.0,-652.0,40.0,46526.3900462963
17,0.017,c017,edge-7,58368.662500000006,0.34953703703703703,3261.0,45.0,58368.662500000006,0.34953703703703703,652.2,-652.2,45.0,57761.812037037045
18,0.018,c018,edge-3,62847.212499999994,0.3645833333333333,3261.0,48.0,62847.212499999994,0.3645833333333333,652.2,-652.2,48.0,62243.37708333333
19,0.019,c019,edge-3,67455.6625,0.39467592592592593,3262.0,53.0,67455.6625,0.39467592592592593,652.4000000000001,-652.4000000000001,53.0,66856.65717592594
20,0.02,c020,edge-8,75290.675,0.4241898148148148,3262.0,56.0,75290.675,0.4241898148148148,652.4000000000001,-652.4000000000001,56.0,74694.69918981483
21,0.021,c021,edge-7,85685.075,0.4565972222222222,3262.0,63.0,85685.075,0.4565972222222222,652.4000000000001,-652.4000000000001,63.0,85096.13159722222
22,0.022,c022,edge-2,85685.075,0.47511574074074076,4285.0,70.0,85685.075,0.47511574074074076,857.0,-857.0,70.0,84898.55011574074
23,0.023,c023,edge-7,102193.40833333333,0.4780092592592593,4332.0,79.0,102193.40833333333,0.4780092592592593,866.4000000000001,-866.4000000000001,79.0,101406.48634259259
24,0.024,c024,edge-8,113185.60833333332,0.48263888888888895,4333.0,84.0,113185.60833333332,0.48263888888888895,866.6,-866.6,84.0,112403.49097222221
25,0.025,c025,edge-1,114771.80833333333,0.4849537037037038,4333.0,87.0,114771.80833333333,0.4849537037037038,866.6,-866.6,87.0,113992.69328703704
26,0.026,c026,edge-7,114771.80833333333,0.5028935185185186,4800.0,98.0,114771.80833333333,0.5028935185185186,960.0,-960.0,98.0,113910.31122685186
27,0.027,c027,edge-5,119631.20833333333,0.5358796296296297,4829.0,103.0,119631.20833333333,0.5358796296296297,965.8000000000001,-965.8000000000001,103.0,118768.94421296296
28,0.028,c028,edge-2,119631.20833333333,0.5509259259259259,5852.0,112.0,119631.20833333333,0.5509259259259259,1170.4,-1170.4,112.0,118573.35925925926
29,0.029,c029,edge-3,121037.275,0.5653935185185185,5852.0,119.0,121037.275,0.5653935185185185,1170.4,-1170.4,119.0,119986.44039351853
30,0.03,c030,edge-6,121037.275,0.5868055555555556,6043.0,124.0,121037.275,0.5868055555555556,1208.6000000000001,-1208.6000000000001,124.0,119953.26180555555
31,0.031,c031,edge-3,121037.275,0.5879629629629629,6547.0,133.0,121037.275,0.5879629629629629,1309.4,-1309.4,133.0,119861.46296296296
32,0.032,c032,edge-2,121037.275,0.5902777777777778,7570.0,144.0,121037.275,0.5902777777777778,1514.0,-1514.0,144.0,119667.86527777778
33,0.033,c033,edge-2,121037.275,0.6041666666666666,8593.0,157.0,121037.275,0.6041666666666666,1718.6000000000001,-1718.6000000000001,157.0,119476.27916666666
34,0.034,c034,edge-8,133098.775,0.6458333333333334,8620.0,164.0,133098.775,0.6458333333333334,1724.0,-1724.0,164.0,131539.42083333334
35,0.035,c035,edge-5,133618.125,0.6585648148148149,8982.0,171.0,133618.125,0.6585648148148149,1796.4,-1796.4,171.0,131993.3835648148
36,0.036,c036,edge-7,143462.39166666666,0.6747685185185185,8983.0,184.0,143462.39166666666,0.6747685185185185,1796.6000000000001,-1796.6000000000001,184.0,141850.46643518517
37,0.037,c037,edge-8,143462.39166666666,0.7077546296296295,9576.0,193.0,143462.39166666666,0.7077546296296295,1915.2,-1915.2,193.0,141740.8994212963
38,0.038,c038,edge-8,143462.39166666666,0.7407407407407407,10001.0,204.0,143462.39166666666,0.7407407407407407,2000.2,-2000.2,204.0,141666.93240740738
39,0.039,c039,edge-5,143462.39166666666,0.7621527777777777,10340.0,213.0,143462.39166666666,0.7621527777777777,2068.0,-2068.0,213.0,141608.15381944444
40,0.04,c040,edge-8,143462.39166666666,0.7766203703703703,10707.0,226.0,143462.39166666666,0.7766203703703703,2141.4,-2141.4,226.0,141547.76828703703
41,0.041,c041,edge-4,143462.39166666666,0.7777777777777778,11730.0,235.0,143462.39166666666,0.7777777777777778,2346.0,-2346.0,235.0,141352.16944444444
42,0.042,c042,edge-8,143462.39166666666,0.7789351851851851,12323.0,250.0,143462.39166666666,0.7789351851851851,2464.6000000000004,-2464.6000000000004,250.0,141248.57060185185
43,0.043,c043,edge-2,143462.39166666666,0.7939814814814814,13346.0,265.0,143462.39166666666,0.7939814814814814,2669.2000000000003,-2669.2000000000003,265.0,141058.98564814814
44,0.044,c044,edge-2,143462.39166666666,0.8217592592592592,14369.0,282.0,143462.39166666666,0.8217592592592592,2873.8,-2873.8,282.0,140871.41342592594
45,0.045,c045,edge-1,148460.79166666666,0.849537037037037,14369.0,287.0,148460.79166666666,0.849537037037037,2873.8,-2873.8,287.0,145874.84120370372
46,0.046,c046,edge-8,148460.79166666666,0.8489583333333334,14962.0,304.0,148460.79166666666,0.8489583333333334,2992.4,-2992.4,304.0,145773.240625
47,0.047,c047,edge-7,148460.79166666666,0.8836805555555556,15429.0,319.0,148460.79166666666,0.8836805555555556,3085.8,-3085.8,319.0,145694.87534722223
48,0.048,c048,edge-7,149942.875,0.9253472222222222,15520.0,336.0,149942.875,0.9253472222222222,3104.0,-3104.0,336.0,147175.80034722222
49,0.049,c049,edge-2,149942.875,0.9369212962962963,16543.0,355.0,149942.875,0.9369212962962963,3308.6000000000004,-3308.6000000000004,355.0,146990.2119212963
50,0.05,c050,edge-2,149942.875,0.9623842592592593,17566.0,376.0,149942.875,0.9623842592592593,3513.2000000000003,-3513.2000000000003,376.0,146806.63738425926
51,0.051,c051,edge-2,149942.875,0.9890046296296297,18589.0,399.0,149942.875,0.9890046296296297,3717.8,-3717.8,399.0,146625.06400462965
52,0.052,c052,edge-8,149942.875,1.0185185185185186,19014.0,418.0,149942.875,1.0185185185185186,3802.8,-3802.8,418.0,146559.09351851852
53,0.053,c053,edge-4,149942.875,1.019675925925926,20037.0,429.0,149942.875,1.019675925925926,4007.4,-4007.4,429.0,146365.49467592593
54,0.054,c054,edge-3,149942.875,1.050925925925926,20541.0,440.0,149942.875,1.050925925925926,4108.2,-4108.2,440.0,146275.72592592592
55,0.055,c055,edge-7,158756.34166666667,1.0520833333333335,20570.0,459.0,158756.34166666667,1.0520833333333335,4114.0,-4114.0,459.0,155102.39375000002
56,0.056,c056,edge-1,169614.69166666668,1.0648148148148149,20570.0,466.0,169614.69166666668,1.0648148148148149,4114.0,-4114.0,466.0,165967.75648148148
57,0.057,c057,edge-7,169614.69166666668,1.0659722222222223,21037.0,487.0,169614.69166666668,1.0659722222222223,4207.400000000001,-4207.400000000001,487.0,165895.3576388889
58,0.058,c058,edge-1,169614.69166666668,1.0497685185185186,21269.0,496.0,169614.69166666668,1.0497685185185186,4253.8,-4253.8,496.0,165857.9414351852
59,0.059,c059,edge-3,169614.69166666668,1.0711805555555556,21773.0,509.0,169614.69166666668,1.0711805555555556,4354.6,-4354.6,509.0,165770.16284722224
60,0.06,c060,edge-7,169614.69166666668,1.107638888888889,22170.0,532.0,169614.69166666668,1.107638888888889,4434.0,-4434.0,532.0,165713.79930555556
61,0.061,c061,edge-6,172001.00416666668,1.1475694444444444,22170.0,539.0,172001.00416666668,1.1475694444444444,4434.0,-4434.0,539.0,168107.15173611112
62,0.062,c062,edge-2,172001.00416666668,1.185763888888889,23193.0,564.0,172001.00416666668,1.185763888888889,4638.6,-4638.6,564.0,167927.58993055555
63,0.063,c063,edge-1,177581.05416666667,1.2042824074074074,23194.0,575.0,177581.05416666667,1.2042824074074074,4638.8,-4638.8,575.0,173518.4584490741
64,0.064,c064,edge-8,177581.05416666667,1.2256944444444446,23619.0,596.0,177581.05416666667,1.2256944444444446,4723.8,-4723.8,596.0,173454.47986111112
65,0.065,c065,edge-8,177581.05416666667,1.2366898148148149,24212.0,619.0,177581.05416666667,1.2366898148148149,4842.400000000001,-4842.400000000001,619.0,173358.89085648148
66,0.066,c066,edge-1,182525.25416666668,1.2274305555555556,24239.0,632.0,182525.25416666668,1.2274305555555556,4847.8,-4847.8,632.0,178310.68159722225
67,0.067,c067,edge-6,182525.25416666668,1.2233796296296298,24506.0,641.0,182525.25416666668,1.2233796296296298,4901.2,-4901.2,641.0,178266.2775462963
68,0.068,c068,edge-6,207114.19166666668,1.2262731481481484,24534.0,652.0,207114.19166666668,1.2262731481481484,4906.8,-4906.8,652.0,202860.61793981484
69,0.069,c069,edge-8,207114.19166666668,1.2256944444444446,24959.0,677.0,207114.19166666668,1.2256944444444446,4991.8,-4991.8,677.0,202800.61736111113
70,0.07,c070,edge-1,207114.19166666668,1.240740740740741,25109.0,692.0,207114.19166666668,1.240740740740741,5021.8,-5021.8,692.0,202785.63240740742
71,0.071,c071,edge-6,207114.19166666668,1.2471064814814816,26132.0,705.0,207114.19166666668,1.2471064814814816,5226.400000000001,-5226.400000000001,705.0,202594.03877314818
72,0.072,c072,edge-5,225567.125,1.2413194444444446,26133.0,716.0,225567.125,1.2413194444444446,5226.6,-5226.6,716.0,221057.76631944443
73,0.073,c073,edge-2,225567.125,1.2812500000000002,27156.0,743.0,225567.125,1.2812500000000002,5431.200000000001,-5431.200000000001,743.0,220880.20625
74,0.074,c074,edge-6,240422.78749999998,1.3159722222222223,27156.0,758.0,240422.78749999998,1.3159722222222223,5431.200000000001,-5431.200000000001,758.0,235750.90347222218
75,0.075,c075,edge-6,248868.72499999998,1.318865740740741,27184.0,775.0,248868.72499999998,1.318865740740741,5436.8,-5436.8,775.0,244208.24386574072
76,0.076,c076,edge-1,248868.72499999998,1.3327546296296298,27416.0,792.0,248868.72499999998,1.3327546296296298,5483.200000000001,-5483.200000000001,792.0,244178.8577546296
77,0.077,c077,edge-6,248868.72499999998,1.3269675925925928,27619.0,811.0,248868.72499999998,1.3269675925925928,5523.8,-5523.8,811.0,244157.25196759257
78,0.078,c078,edge-2,248868.72499999998,1.3582175925925928,28642.0,840.0,248868.72499999998,1.3582175925925928,5728.400000000001,-5728.400000000001,840.0,243981.68321759257
79,0.079,c079,edge-2,250772.72499999998,1.3796296296296298,28642.0,871.0,250772.72499999998,1.3796296296296298,5728.400000000001,-5728.400000000001,871.0,245916.70462962962
80,0.08,c080,edge-7,250772.72499999998,1.3738425925925928,28988.0,896.0,250772.72499999998,1.3738425925925928,5797.6,-5797.6,896.0,245872.49884259255
81,0.081,c081,edge-1,250772.72499999998,1.3645833333333335,29220.0,915.0,250772.72499999998,1.3645833333333335,5844.0,-5844.0,915.0,245845.08958333332
82,0.082,c082,edge-7,250772.72499999998,1.3773148148148149,29687.0,942.0,250772.72499999998,1.3773148148148149,5937.400000000001,-5937.400000000001,942.0,245778.7023148148
83,0.083,c083,edge-4,250772.72499999998,1.3802083333333333,30710.0,955.0,250772.72499999998,1.3802083333333333,6142.0,-6142.0,955.0,245587.10520833332
84,0.084,c084,edge-1,259408.4583333333,1.4149305555555556,30755.0,976.0,259408.4583333333,1.4149305555555556,6151.0,-6151.0,976.0,254234.87326388888
85,0.085,c085,edge-7,259408.4583333333,1.4195601851851853,30932.0,1005.0,259408.4583333333,1.4195601851851853,6186.400000000001,-6186.400000000001,1005.0,254228.47789351852
86,0.086,c086,edge-8,259408.4583333333,1.432291666666667,31299.0,1032.0,259408.4583333333,1.432291666666667,6259.8,-6259.8,1032.0,254182.09062499998
87,0.087,c087,edge-2,259408.4583333333,1.4722222222222223,32322.0,1065.0,259408.4583333333,1.4722222222222223,6464.400000000001,-6464.400000000001,1065.0,254010.53055555554
88,0.088,c088,edge-2,259408.4583333333,1.4814814814814814,33345.0,1100.0,259408.4583333333,1.4814814814814814,6669.0,-6669.0,1100.0,253840.9398148148
89,0.089,c089,edge-6,259408.4583333333,1.509259259259259,33548.0,1121.0,259408.4583333333,1.509259259259259,6709.6,-6709.6,1121.0,253821.36759259258
90,0.09,c090,edge-1,259408.4583333333,1.5069444444444442,33693.0,1144.0,259408.4583333333,1.5069444444444442,6738.6,-6738.6,1144.0,253815.36527777775
91,0.091,c091,edge-4,260134.35833333334,1.5167824074074074,33693.0,1159.0,260134.35833333334,1.5167824074074074,6738.6,-6738.6,1159.0,254556.27511574075
92,0.092,c092,edge-7,260134.35833333334,1.5480324074074074,34160.0,1190.0,260134.35833333334,1.5480324074074074,6832.0,-6832.0,1190.0,254493.90636574075
93,0.093,c093,edge-1,292949.625,1.5989583333333335,34160.0,1215.0,292949.625,1.5989583333333335,6832.0,-6832.0,1215.0,287334.2239583333
94,0.094,c094,edge-7,292949.625,1.6186342592592595,34627.0,1248.0,292949.625,1.6186342592592595,6925.400000000001,-6925.400000000001,1248.0,287273.84363425925
95,0.095,c095,edge-4,292949.625,1.6365740740740744,35650.0,1265.0,292949.625,1.6365740740740744,7130.0,-7130.0,1265.0,287086.2615740741
96,0.096,c096,edge-7,301607.625,1.6689814814814818,35678.0,1300.0,301607.625,1.6689814814814818,7135.6,-7135.6,1300.0,295773.6939814815
97,0.097,c097,edge-7,301607.625,1.707175925925926,36075.0,1337.0,301607.625,1.707175925925926,7215.0,-7215.0,1337.0,295731.3321759259
98,0.098,c098,edge-7,301607.625,1.7199074074074074,36359.0,1376.0,301607.625,1.7199074074074074,7271.8,-7271.8,1376.0,295713.5449074074
99,0.099,c099,edge-6,301607.625,1.7633101851851851,36550.0,1399.0,301607.625,1.7633101851851851,7310.0,-7310.0,1399.0,295698.38831018517
100,0.1,c100,edge-4,303424.1625,1.7910879629629628,36550.0,1418.0,303424.1625,1.7910879629629628,7310.0,-7310.0,1418.0,297533.95358796295
101,0.101,c101,edge-2,303424.1625,1.807291666666667,37573.0,1455.0,303424.1625,1.807291666666667,7514.6,-7514.6,1455.0,297366.3697916667
102,0.102,c102,edge-4,304649.125,1.8067129629629632,37573.0,1476.0,304649.125,1.8067129629629632,7514.6,-7514.6,1476.0,298612.331712963
103,0.103,c103,edge-3,304649.125,1.8020833333333335,38077.0,1491.0,304649.125,1.8020833333333335,7615.400000000001,-7615.400000000001,1491.0,298526.5270833333
104,0.104,c104,edge-1,304649.125,1.7881944444444446,38306.0,1518.0,304649.125,1.7881944444444446,7661.200000000001,-7661.200000000001,1518.0,298507.7131944444
105,0.105,c105,edge-8,304649.125,1.8130787037037037,38899.0,1547.0,304649.125,1.8130787037037037,7779.8,-7779.8,1547.0,298418.1380787037
106,0.106,c106,edge-3,304649.125,1.8553240740740742,39403.0,1564.0,304649.125,1.8553240740740742,7880.6,-7880.6,1564.0,298334.3803240741
107,0.107,c107,edge-8,306462.0625,1.8900462962962965,39404.0,1595.0,306462.0625,1.8900462962962965,7880.8,-7880.8,1595.0,300178.1525462963
108,0.108,c108,edge-2,306462.0625,1.9131944444444444,39454.0,1634.0,306462.0625,1.9131944444444444,7890.8,-7890.8,1634.0,300207.17569444445
109,0.109,c109,edge-8,306462.0625,1.9427083333333333,40047.0,1667.0,306462.0625,1.9427083333333333,8009.400000000001,-8009.400000000001,1667.0,300121.6052083333
110,0.11,c110,edge-7,306462.0625,1.9456018518518519,40514.0,1708.0,306462.0625,1.9456018518518519,8102.8,-8102.8,1708.0,300069.20810185187
111,0.111,c111,edge-1,306462.0625,1.9849537037037037,41068.0,1737.0,306462.0625,1.9849537037037037,8213.6,-8213.6,1737.0,299987.44745370373
112,0.112,c112,edge-2,306462.0625,1.9791666666666667,42091.0,1778.0,306462.0625,1.9791666666666667,8418.2,-8418.2,1778.0,299823.8416666667
113,0.113,c113,edge-8,317314.625,2.0005787037037037,42120.0,1813.0,317314.625,2.0005787037037037,8424.0,-8424.0,1813.0,310705.6255787037
114,0.114,c114,edge-2,317314.625,1.994791666666667,43143.0,1856.0,317314.625,1.994791666666667,8628.6,-8628.6,1856.0,310544.0197916667
115,0.115,c115,edge-5,318540.0916666667,1.9942129629629632,43323.0,1869.0,318540.0916666667,1.9942129629629632,8664.6,-8664.6,1869.0,311746.4858796297
116,0.116,c116,edge-2,318540.0916666667,2.032407407407408,44346.0,1914.0,318540.0916666667,2.032407407407408,8869.2,-8869.2,1914.0,311586.9240740741
117,0.117,c117,edge-6,318540.0916666667,2.0671296296296298,44703.0,1939.0,318540.0916666667,2.0671296296296298,8940.6,-8940.6,1939.0,311540.5587962963
118,0.118,c118,edge-7,318540.0916666667,2.0578703703703707,45100.0,1982.0,318540.0916666667,2.0578703703703707,9020.0,-9020.0,1982.0,311504.14953703707
119,0.119,c119,edge-1,318540.0916666667,2.0625,45332.0,2013.0,318540.0916666667,2.0625,9066.4,-9066.4,2013.0,311488.75416666665
120,0.12,c120,edge-3,318540.0916666667,2.09375,45836.0,2032.0,318540.0916666667,2.09375,9167.2,-9167.2,2032.0,311406.98541666666
121,0.121,c121,edge-4,319422.0916666667,2.1302083333333335,45836.0,2055.0,319422.0916666667,2.1302083333333335,9167.2,-9167.2,2055.0,312312.021875
122,0.122,c122,edge-2,320775.64166666666,2.142939814814815,45836.0,2102.0,320775.64166666666,2.142939814814815,9167.2,-9167.2,2102.0,313712.5846064815
123,0.123,c123,edge-3,320775.64166666666,2.175925925925926,46340.0,2123.0,320775.64166666666,2.175925925925926,9268.0,-9268.0,2123.0,313632.81759259256
124,0.124,c124,edge-8,320775.64166666666,2.2141203703703702,46616.0,2160.0,320775.64166666666,2.2141203703703702,9323.2,-9323.2,2160.0,313614.65578703705
125,0.125,c125,edge-1,320775.64166666666,2.232638888888889,46995.0,2193.0,320775.64166666666,2.232638888888889,9399.0,-9399.0,2193.0,313571.87430555554
126,0.126,c126,edge-6,320775.64166666666,2.232060185185185,47352.0,2220.0,320775.64166666666,2.232060185185185,9470.4,-9470.4,2220.0,313527.4737268518
127,0.127,c127,edge-5,320775.64166666666,2.248263888888889,47743.0,2235.0,320775.64166666666,2.248263888888889,9548.6,-9548.6,2235.0,313464.28993055556
128,0.128,c128,edge-6,320775.64166666666,2.2916666666666665,47967.0,2264.0,320775.64166666666,2.2916666666666665,9593.4,-9593.4,2264.0,313448.5333333333
129,0.129,c129,edge-4,320775.64166666666,2.3333333333333335,48990.0,2289.0,320775.64166666666,2.3333333333333335,9798.0,-9798.0,2289.0,313268.975
130,0.13,c130,edge-6,320775.64166666666,2.3292824074074074,49257.0,2320.0,320775.64166666666,2.3292824074074074,9851.400000000001,-9851.400000000001,2320.0,313246.57094907406
131,0.131,c131,edge-6,320775.64166666666,2.3640046296296298,49448.0,2353.0,320775.64166666666,2.3640046296296298,9889.6,-9889.6,2353.0,313241.4056712963
132,0.132,c132,edge-4,320775.64166666666,2.3871527777777777,50471.0,2380.0,320775.64166666666,2.3871527777777777,10094.2,-10094.2,2380.0,313063.8288194444
133,0.133,c133,edge-8,320775.64166666666,2.4050925925925926,50838.0,2419.0,320775.64166666666,2.4050925925925926,10167.6,-10167.6,2419.0,313029.44675925927
134,0.134,c134,edge-6,320775.64166666666,2.414351851851852,51195.0,2454.0,320775.64166666666,2.414351851851852,10239.0,-10239.0,2454.0,312993.0560185185
135,0.135,c135,edge-8,320775.64166666666,2.4577546296296298,51788.0,2495.0,320775.64166666666,2.4577546296296298,10357.6,-10357.6,2495.0,312915.4994212963
136,0.136,c136,edge-2,320775.64166666666,2.4890046296296298,52811.0,2544.0,320775.64166666666,2.4890046296296298,10562.2,-10562.2,2544.0,312759.93067129626
137,0.137,c137,edge-3,331059.39166666666,2.5069444444444446,52812.0,2567.0,331059.39166666666,2.5069444444444446,10562.400000000001,-10562.400000000001,2567.0,323066.4986111111
138,0.138,c138,edge-8,331059.39166666666,2.511574074074074,53405.0,2610.0,331059.39166666666,2.511574074074074,10681.0,-10681.0,2610.0,322990.90324074076
139,0.139,c139,edge-8,331059.39166666666,2.5075231481481484,53681.0,2655.0,331059.39166666666,2.5075231481481484,10736.2,-10736.2,2655.0,322980.6991898148
140,0.14,c140,edge-8,331059.39166666666,2.527199074074074,54274.0,2702.0,331059.39166666666,2.527199074074074,10854.800000000001,-10854.800000000001,2702.0,322909.1188657408
141,0.141,c141,edge-1,342514.5416666667,2.529513888888889,54302.0,2737.0,342514.5416666667,2.529513888888889,10860.400000000001,-10860.400000000001,2737.0,334393.67118055554
142,0.142,c142,edge-4,344471.3416666667,2.5289351851851847,54302.0,2766.0,344471.3416666667,2.5289351851851847,10860.400000000001,-10860.400000000001,2766.0,336379.4706018518
143,0.143,c143,edge-6,344471.3416666667,2.5601851851851847,55325.0,2803.0,344471.3416666667,2.5601851851851847,11065.0,-11065.0,2803.0,336211.90185185184
144,0.144,c144,edge-5,344471.3416666667,2.565972222222222,55716.0,2820.0,344471.3416666667,2.565972222222222,11143.2,-11143.2,2820.0,336150.7076388889
145,0.145,c145,edge-4,345843.57916666666,2.565393518518518,55720.0,2851.0,345843.57916666666,2.565393518518518,11144.0,-11144.0,2851.0,337553.1445601852
146,0.146,c146,edge-7,345843.57916666666,2.5868055555555554,56117.0,2896.0,345843.57916666666,2.5868055555555554,11223.400000000001,-11223.400000000001,2896.0,337518.7659722222
147,0.147,c147,edge-1,357214.76249999995,2.611111111111111,56117.0,2933.0,357214.76249999995,2.611111111111111,11223.400000000001,-11223.400000000001,2933.0,348926.97361111105
148,0.148,c148,edge-8,357214.76249999995,2.6440972222222223,56710.0,2982.0,357214.76249999995,2.6440972222222223,11342.0,-11342.0,2982.0,348857.4065972222
149,0.149,c149,edge-7,357214.76249999995,2.663773148148148,57056.0,3029.0,357214.76249999995,2.663773148148148,11411.2,-11411.2,3029.0,348835.2262731481
150,0.15,c150,edge-5,357214.76249999995,2.689236111111111,57395.0,3048.0,357214.76249999995,2.689236111111111,11479.0,-11479.0,3048.0,348786.4517361111
151,0.151,c151,edge-2,357214.76249999995,2.725694444444444,58418.0,3099.0,357214.76249999995,2.725694444444444,11683.6,-11683.6,3099.0,348632.8881944444
152,0.152,c152,edge-5,357214.76249999995,2.7407407407407405,58625.0,3120.0,357214.76249999995,2.7407407407407405,11725.0,-11725.0,3120.0,348612.5032407407
153,0.153,c153,edge-8,357214.76249999995,2.777199074074074,59218.0,3171.0,357214.76249999995,2.777199074074074,11843.6,-11843.6,3171.0,348544.9396990741
154,0.154,c154,edge-6,357214.76249999995,2.7800925925925926,60241.0,3210.0,357214.76249999995,2.7800925925925926,12048.2,-12048.2,3210.0,348379.3425925925
155,0.155,c155,edge-2,357214.76249999995,2.814814814814815,61264.0,3263.0,357214.76249999995,2.814814814814815,12252.800000000001,-12252.800000000001,3263.0,348227.7773148148
156,0.156,c156,edge-2,357214.76249999995,2.847800925925926,62287.0,3318.0,357214.76249999995,2.847800925925926,12457.400000000001,-12457.400000000001,3318.0,348078.2103009258
157,0.157,c157,edge-5,357214.76249999995,2.857060185185185,62626.0,3341.0,357214.76249999995,2.857060185185185,12525.2,-12525.2,3341.0,348033.4195601851
158,0.158,c158,edge-4,357214.76249999995,2.8564814814814814,63649.0,3374.0,357214.76249999995,2.8564814814814814,12729.800000000001,-12729.800000000001,3374.0,347861.8189814814
159,0.159,c159,edge-2,357214.76249999995,2.8506944444444446,64672.0,3431.0,357214.76249999995,2.8506944444444446,12934.400000000001,-12934.400000000001,3431.0,347714.21319444437
160,0.16,c160,edge-7,357214.76249999995,2.8616898148148153,65139.0,3480.0,357214.76249999995,2.8616898148148153,13027.800000000001,-13027.800000000001,3480.0,347669.8241898148
161,0.161,c161,edge-3,357214.76249999995,2.8680555555555562,65643.0,3505.0,357214.76249999995,2.8680555555555562,13128.6,-13128.6,3505.0,347594.03055555554
162,0.162,c162,edge-3,372764.3458333333,2.8726851851851856,65689.0,3532.0,372764.3458333333,2.8726851851851856,13137.800000000001,-13137.800000000001,3532.0,363161.4185185185
163,0.163,c163,edge-1,372764.3458333333,2.8755787037037046,65921.0,3571.0,372764.3458333333,2.8755787037037046,13184.2,-13184.2,3571.0,363154.021412037
164,0.164,c164,edge-3,372764.3458333333,2.913773148148149,66425.0,3600.0,372764.3458333333,2.913773148148149,13285.0,-13285.0,3600.0,363082.2596064815
165,0.165,c165,edge-7,372764.3458333333,2.9062500000000004,66822.0,3651.0,372764.3458333333,2.9062500000000004,13364.400000000001,-13364.400000000001,3651.0,363053.8520833333
166,0.166,c166,edge-2,372764.3458333333,2.942708333333334,67845.0,3710.0,372764.3458333333,2.942708333333334,13569.0,-13569.0,3710.0,362908.28854166664
167,0.167,c167,edge-1,372764.3458333333,2.9490740740740744,67999.0,3751.0,372764.3458333333,2.9490740740740744,13599.800000000001,-13599.800000000001,3751.0,362918.49490740744
168,0.168,c168,edge-3,372764.3458333333,2.9687500000000004,68380.0,3782.0,372764.3458333333,2.9687500000000004,13676.0,-13676.0,3782.0,362873.3145833333
169,0.169,c169,edge-2,372764.3458333333,3.0034722222222228,69403.0,3843.0,372764.3458333333,3.0034722222222228,13880.6,-13880.6,3843.0,362729.7493055556
170,0.17,c170,edge-2,376313.9583333333,3.039351851851852,69403.0,3906.0,376313.9583333333,3.039351851851852,13880.6,-13880.6,3906.0,366342.3976851852
171,0.171,c171,edge-4,376313.9583333333,3.0607638888888893,70426.0,3941.0,376313.9583333333,3.0607638888888893,14085.2,-14085.2,3941.0,366172.8190972222
172,0.172,c172,edge-7,376313.9583333333,3.0989583333333335,70772.0,3994.0,376313.9583333333,3.0989583333333335,14154.400000000001,-14154.400000000001,3994.0,366156.6572916666
173,0.173,c173,edge-5,376313.9583333333,3.1244212962962963,71163.0,4019.0,376313.9583333333,3.1244212962962963,14232.6,-14232.6,4019.0,366103.48275462963
174,0.174,c174,edge-6,376313.9583333333,3.153935185185185,72186.0,4060.0,376313.9583333333,3.153935185185185,14437.2,-14437.2,4060.0,365939.91226851847
175,0.175,c175,edge-4,376313.9583333333,3.193865740740741,73209.0,4097.0,376313.9583333333,3.193865740740741,14641.800000000001,-14641.800000000001,4097.0,365772.35219907406
176,0.176,c176,edge-1,376313.9583333333,3.1927083333333335,73588.0,4140.0,376313.9583333333,3.1927083333333335,14717.6,-14717.6,4140.0,365739.55104166665
177,0.177,c177,edge-8,376313.9583333333,3.2274305555555554,74181.0,4193.0,376313.9583333333,3.2274305555555554,14836.2,-14836.2,4193.0,365673.98576388886
178,0.178,c178,edge-5,376313.9583333333,3.2459490740740735,74572.0,4220.0,376313.9583333333,3.2459490740740735,14914.400000000001,-14914.400000000001,4220.0,365622.8042824074
179,0.179,c179,edge-8,376313.9583333333,3.2384259259259256,75165.0,4275.0,376313.9583333333,3.2384259259259256,15033.0,-15033.0,4275.0,365559.1967592592
180,0.18,c180,edge-2,376313.9583333333,3.2696759259259256,76188.0,4340.0,376313.9583333333,3.2696759259259256,15237.6,-15237.6,4340.0,365419.62800925924
181,0.181,c181,edge-5,376313.9583333333,3.2951388888888893,76665.0,4369.0,376313.9583333333,3.2951388888888893,15333.0,-15333.0,4369.0,365353.2534722222
182,0.182,c182,edge-8,376313.9583333333,3.2928240740740744,77032.0,4426.0,376313.9583333333,3.2928240740740744,15406.400000000001,-15406.400000000001,4426.0,365336.8511574074
183,0.183,c183,edge-4,376313.9583333333,3.336226851851852,78055.0,4465.0,376313.9583333333,3.336226851851852,15611.0,-15611.0,4465.0,365171.29456018517
184,0.184,c184,edge-7,376313.9583333333,3.3744212962962967,78232.0,4520.0,376313.9583333333,3.3744212962962967,15646.400000000001,-15646.400000000001,4520.0,365190.9327546296
185,0.185,c185,edge-2,376313.9583333333,3.3686342592592595,79255.0,4587.0,376313.9583333333,3.3686342592592595,15851.0,-15851.0,4587.0,365053.3269675926
186,0.186,c186,edge-6,388634.92083333334,3.3813657407407405,79283.0,4630.0,388634.92083333334,3.3813657407407405,15856.6,-15856.6,4630.0,377411.7021990741
187,0.187,c187,edge-2,388634.92083333334,3.419560185185185,80306.0,4699.0,388634.92083333334,3.419560185185185,16061.2,-16061.2,4699.0,377276.1403935185
188,0.188,c188,edge-8,388634.92083333334,3.4577546296296298,80731.0,4758.0,388634.92083333334,3.4577546296296298,16146.2,-16146.2,4758.0,377250.17858796293
189,0.189,c189,edge-4,388634.92083333334,3.458912037037037,81754.0,4799.0,388634.92083333334,3.458912037037037,16350.800000000001,-16350.800000000001,4799.0,377086.57974537037
190,0.19,c190,edge-7,388634.92083333334,3.482060185185185,82038.0,4856.0,388634.92083333334,3.482060185185185,16407.600000000002,-16407.600000000002,4856.0,377086.8028935185
191,0.191,c191,edge-2,388634.92083333334,3.4982638888888893,83061.0,4927.0,388634.92083333334,3.4982638888888893,16612.2,-16612.2,4927.0,376953.2190972222
192,0.192,c192,edge-7,388634.92083333334,3.5295138888888893,83407.0,4986.0,388634.92083333334,3.5295138888888893,16681.4,-16681.4,4986.0,376943.0503472222
193,0.193,c193,edge-4,391242.07083333336,3.531828703703704,83435.0,5029.0,391242.07083333336,3.531828703703704,16687.0,-16687.0,5029.0,379587.60266203707
194,0.194,c194,edge-3,391242.07083333336,3.5480324074074074,83721.0,5062.0,391242.07083333336,3.5480324074074074,16744.2,-16744.2,5062.0,379563.41886574076
195,0.195,c195,edge-1,391242.07083333336,3.5920138888888893,84275.0,5107.0,391242.07083333336,3.5920138888888893,16855.0,-16855.0,5107.0,379497.66284722224
196,0.196,c196,edge-1,391242.07083333336,3.6128472222222223,84829.0,5154.0,391242.07083333336,3.6128472222222223,16965.8,-16965.8,5154.0,379433.8836805556
197,0.197,c197,edge-3,391242.07083333336,3.622106481481482,85048.0,5189.0,391242.07083333336,3.622106481481482,17009.600000000002,-17009.600000000002,5189.0,379425.09293981484
198,0.198,c198,edge-2,391242.07083333336,3.6163194444444446,86071.0,5262.0,391242.07083333336,3.6163194444444446,17214.2,-17214.2,5262.0,379293.4871527778
199,0.199,c199,edge-2,391242.07083333336,3.651041666666667,87094.0,5337.0,391242.07083333336,3.651041666666667,17418.8,-17418.8,5337.0,379163.92187500006
200,0.2,c200,edge-4,391242.07083333336,3.674189814814815,88117.0,5382.0,391242.07083333336,3.674189814814815,17623.4,-17623.4,5382.0,379004.34502314817
201,0.201,c201,edge-3,391242.07083333336,3.7123842592592595,88336.0,5419.0,391242.07083333336,3.7123842592592595,17667.2,-17667.2,5419.0,378997.5832175926
202,0.202,c202,edge-7,391242.07083333336,3.7100694444444446,88803.0,5480.0,391242.07083333336,3.7100694444444446,17760.600000000002,-17760.600000000002,5480.0,378965.1809027778
203,0.203,c203,edge-4,391242.07083333336,3.711226851851852,89826.0,5527.0,391242.07083333336,3.711226851851852,17965.2,-17965.2,5527.0,378807.5820601852
204,0.204,c204,edge-8,391242.07083333336,3.7511574074074074,90251.0,5588.0,391242.07083333336,3.7511574074074074,18050.2,-18050.2,5588.0,378783.62199074076
205,0.205,c205,edge-4,391242.07083333336,3.747106481481481,91274.0,5637.0,391242.07083333336,3.747106481481481,18254.8,-18254.8,5637.0,378628.01793981483
206,0.206,c206,edge-7,391242.07083333336,3.7702546296296298,91558.0,5700.0,391242.07083333336,3.7702546296296298,18311.600000000002,-18311.600000000002,5700.0,378634.241087963
207,0.207,c207,edge-5,391242.07083333336,3.7922453703703702,91937.0,5731.0,391242.07083333336,3.7922453703703702,18387.4,-18387.4,5731.0,378589.46307870373
208,0.208,c208,edge-6,391242.07083333336,3.830439814814815,92140.0,5776.0,391242.07083333336,3.830439814814815,18428.0,-18428.0,5776.0,378593.9012731482
209,0.209,c209,edge-6,391242.07083333336,3.8483796296296298,92497.0,5823.0,391242.07083333336,3.8483796296296298,18499.4,-18499.4,5823.0,378569.51921296294
210,0.21,c210,edge-5,391242.07083333336,3.8472222222222223,92876.0,5856.0,391242.07083333336,3.8472222222222223,18575.2,-18575.2,5856.0,378526.7180555556
211,0.211,c211,edge-2,391242.07083333336,3.8449074074074074,93899.0,5933.0,391242.07083333336,3.8449074074074074,18779.8,-18779.8,5933.0,378399.1157407408
212,0.212,c212,edge-5,391242.07083333336,3.8611111111111116,94278.0,5968.0,391242.07083333336,3.8611111111111116,18855.600000000002,-18855.600000000002,5968.0,378358.3319444445
213,0.213,c213,edge-8,391242.07083333336,3.8622685185185186,94703.0,6031.0,391242.07083333336,3.8622685185185186,18940.600000000002,-18940.600000000002,6031.0,378336.3331018519
214,0.214,c214,edge-2,391242.07083333336,3.9004629629629632,95726.0,6110.0,391242.07083333336,3.9004629629629632,19145.2,-19145.2,6110.0,378210.7712962963
215,0.215,c215,edge-5,391242.07083333336,3.9131944444444446,96203.0,6147.0,391242.07083333336,3.9131944444444446,19240.600000000002,-19240.600000000002,6147.0,378152.3840277778
216,0.216,c216,edge-5,403119.32083333336,3.935185185185185,96203.0,6186.0,403119.32083333336,3.935185185185185,19240.600000000002,-19240.600000000002,6186.0,390068.65601851855
217,0.217,c217,edge-4,403119.32083333336,3.9565972222222223,97226.0,6237.0,403119.32083333336,3.9565972222222223,19445.2,-19445.2,6237.0,389915.0774305556
218,0.218,c218,edge-5,403119.32083333336,3.984375,97605.0,6278.0,403119.32083333336,3.984375,19521.0,-19521.0,6278.0,389880.30520833336
219,0.219,c219,edge-4,403119.32083333336,4.027777777777779,98628.0,6331.0,403119.32083333336,4.027777777777779,19725.600000000002,-19725.600000000002,6331.0,389728.74861111114
220,0.22,c220,edge-2,403119.32083333336,4.064236111111112,99651.0,6412.0,403119.32083333336,4.064236111111112,19930.2,-19930.2,6412.0,389605.1850694445
221,0.221,c221,edge-1,403119.32083333336,4.085069444444445,100205.0,6461.0,403119.32083333336,4.085069444444445,20041.0,-20041.0,6461.0,389543.4059027778
222,0.222,c222,edge-3,403119.32083333336,4.099537037037037,100377.0,6500.0,403119.32083333336,4.099537037037037,20075.4,-20075.4,6500.0,389548.02037037036
223,0.223,c223,edge-6,403119.32083333336,4.112268518518518,100644.0,6549.0,403119.32083333336,4.112268518518518,20128.800000000003,-20128.800000000003,6549.0,389543.6331018519
224,0.224,c224,edge-5,403119.32083333336,4.127314814814815,101035.0,6592.0,403119.32083333336,4.127314814814815,20207.0,-20207.0,6592.0,389508.4481481482
225,0.225,c225,edge-6,403119.32083333336,4.148726851851852,101294.0,6643.0,403119.32083333336,4.148726851851852,20258.800000000003,-20258.800000000003,6643.0,389507.6695601852
226,0.226,c226,edge-5,403119.32083333336,4.17650462962963,101771.0,6688.0,403119.32083333336,4.17650462962963,20354.2,-20354.2,6688.0,389457.29733796295
227,0.227,c227,edge-8,403119.32083333336,4.199652777777778,102196.0,6753.0,403119.32083333336,4.199652777777778,20439.2,-20439.2,6753.0,389437.3204861111
228,0.228,c228,edge-2,403119.32083333336,4.204282407407407,102242.0,6836.0,403119.32083333336,4.204282407407407,20448.4,-20448.4,6836.0,389511.12511574075
229,0.229,c229,edge-4,405697.13333333336,4.232060185185185,102242.0,6891.0,405697.13333333336,4.232060185185185,20448.4,-20448.4,6891.0,392143.9653935185
230,0.23,c230,edge-4,405697.13333333336,4.233217592592593,103265.0,6948.0,405697.13333333336,4.233217592592593,20653.0,-20653.0,6948.0,391996.36655092594
231,0.231,c231,edge-1,405697.13333333336,4.264467592592593,103644.0,6999.0,405697.13333333336,4.264467592592593,20728.800000000003,-20728.800000000003,6999.0,391971.59780092596
232,0.232,c232,edge-8,405697.13333333336,4.2876157407407405,104011.0,7066.0,405697.13333333336,4.2876157407407405,20802.2,-20802.2,7066.0,391965.2209490741
233,0.233,c233,edge-3,405957.55000000005,4.314236111111111,104078.0,7107.0,405957.55000000005,4.314236111111111,20815.600000000002,-20815.600000000002,7107.0,392253.2642361112
234,0.234,c234,edge-1,405957.55000000005,4.331597222222222,104457.0,7160.0,405957.55000000005,4.331597222222222,20891.4,-20891.4,7160.0,392230.4815972223
235,0.235,c235,edge-6,405957.55000000005,4.3344907407407405,104814.0,7213.0,405957.55000000005,4.3344907407407405,20962.800000000003,-20962.800000000003,7213.0,392212.0844907408
236,0.236,c236,edge-1,405957.55000000005,4.371527777777778,105368.0,7268.0,405957.55000000005,4.371527777777778,21073.600000000002,-21073.600000000002,7268.0,392156.3215277778
237,0.237,c237,edge-8,405957.55000000005,4.374421296296297,105644.0,7337.0,405957.55000000005,4.374421296296297,21128.800000000003,-21128.800000000003,7337.0,392170.12442129635
238,0.238,c238,edge-5,405957.55000000005,4.398726851851852,105850.0,7384.0,405957.55000000005,4.398726851851852,21170.0,-21170.0,7384.0,392175.9487268519
239,0.239,c239,edge-2,405957.55000000005,4.389467592592593,106873.0,7469.0,405957.55000000005,4.389467592592593,21374.600000000002,-21374.600000000002,7469.0,392056.33946759265
240,0.24,c240,edge-4,405957.55000000005,4.385416666666667,107896.0,7528.0,405957.55000000005,4.385416666666667,21579.2,-21579.2,7528.0,391910.7354166667
241,0.241,c241,edge-4,405957.55000000005,4.403356481481482,108919.0,7589.0,405957.55000000005,4.403356481481482,21783.800000000003,-21783.800000000003,7589.0,391767.1533564815
242,0.242,c242,edge-4,405957.55000000005,4.417824074074074,108966.0,7652.0,405957.55000000005,4.417824074074074,21793.2,-21793.2,7652.0,391820.76782407414
243,0.243,c243,edge-5,405957.55000000005,4.420138888888889,109357.0,7701.0,405957.55000000005,4.420138888888889,21871.4,-21871.4,7701.0,391791.5701388889
244,0.244,c244,edge-7,414304.08333333343,4.416087962962963,109357.0,7766.0,414304.08333333343,4.416087962962963,21871.4,-21871.4,7766.0,400203.0994212964
245,0.245,c245,edge-6,414304.08333333343,4.454282407407407,110380.0,7821.0,414304.08333333343,4.454282407407407,22076.0,-22076.0,7821.0,400053.53761574085
246,0.246,c246,edge-3,414304.08333333343,4.475694444444445,110884.0,7864.0,414304.08333333343,4.475694444444445,22176.800000000003,-22176.800000000003,7864.0,399995.7590277779
247,0.247,c247,edge-8,414304.08333333343,4.4936342592592595,111477.0,7935.0,414304.08333333343,4.4936342592592595,22295.4,-22295.4,7935.0,399948.1769675927
248,0.248,c248,edge-2,414304.08333333343,4.508101851851852,111545.0,8022.0,414304.08333333343,4.508101851851852,22309.0,-22309.0,8022.0,400021.5914351853
249,0.249,c249,edge-7,424190.88333333336,4.527777777777778,111546.0,8089.0,424190.88333333336,4.527777777777778,22309.2,-22309.2,8089.0,409975.2111111111
250,0.25,c250,edge-8,424190.88333333336,4.527199074074074,111822.0,8162.0,424190.88333333336,4.527199074074074,22364.4,-22364.4,8162.0,409993.01053240744
251,0.251,c251,edge-4,424190.88333333336,4.5248842592592595,112845.0,8227.0,424190.88333333336,4.5248842592592595,22569.0,-22569.0,8227.0,409853.40821759263
252,0.252,c252,edge-4,424190.88333333336,4.520833333333333,113868.0,8294.0,424190.88333333336,4.520833333333333,22773.600000000002,-22773.600000000002,8294.0,409715.8041666667
253,0.253,c253,edge-4,424190.88333333336,4.5405092592592595,113915.0,8363.0,424190.88333333336,4.5405092592592595,22783.0,-22783.0,8363.0,409775.42384259263
254,0.254,c254,edge-7,424190.88333333336,4.5717592592592595,114033.0,8432.0,424190.88333333336,4.5717592592592595,22806.600000000002,-22806.600000000002,8432.0,409820.85509259265
255,0.255,c255,edge-4,424920.38333333336,4.6030092592592595,114038.0,8503.0,424920.38333333336,4.6030092592592595,22807.600000000002,-22807.600000000002,8503.0,410620.38634259265
256,0.256,c256,edge-6,424920.38333333336,4.604166666666667,114305.0,8560.0,424920.38333333336,4.604166666666667,22861.0,-22861.0,8560.0,410623.98750000005
257,0.257,c257,edge-2,427037.9708333334,4.59837962962963,114305.0,8649.0,427037.9708333334,4.59837962962963,22861.0,-22861.0,8649.0,412830.569212963
258,0.258,c258,edge-6,427037.9708333334,4.618055555555555,114564.0,8708.0,427037.9708333334,4.618055555555555,22912.800000000003,-22912.800000000003,8708.0,412837.78888888896
259,0.259,c259,edge-5,427037.9708333334,4.616898148148149,114903.0,8759.0,427037.9708333334,4.616898148148149,22980.600000000002,-22980.600000000002,8759.0,412820.98773148155
260,0.26,c260,edge-6,427037.9708333334,4.633101851851852,115926.0,8820.0,427037.9708333334,4.633101851851852,23185.2,-23185.2,8820.0,412677.4039351852
261,0.261,c261,edge-2,427037.9708333334,4.644097222222221,116949.0,8911.0,427037.9708333334,4.644097222222221,23389.800000000003,-23389.800000000003,8911.0,412563.81493055564
262,0.262,c262,edge-2,427037.9708333334,4.660300925925926,117972.0,9004.0,427037.9708333334,4.660300925925926,23594.4,-23594.4,9004.0,412452.23113425926
263,0.263,c263,edge-6,427037.9708333334,4.671296296296296,118239.0,9067.0,427037.9708333334,4.671296296296296,23647.800000000003,-23647.800000000003,9067.0,412461.8421296297
264,0.264,c264,edge-6,427037.9708333334,4.674189814814815,119262.0,9132.0,427037.9708333334,4.674189814814815,23852.4,-23852.4,9132.0,412322.2450231482
265,0.265,c265,edge-2,427037.9708333334,4.664930555555555,120285.0,9227.0,427037.9708333334,4.664930555555555,24057.0,-24057.0,9227.0,412212.63576388895
266,0.266,c266,edge-2,427037.9708333334,4.699652777777778,121308.0,9324.0,427037.9708333334,4.699652777777778,24261.600000000002,-24261.600000000002,9324.0,412105.07048611116
267,0.267,c267,edge-6,427037.9708333334,4.7175925925925934,122331.0,9391.0,427037.9708333334,4.7175925925925934,24466.2,-24466.2,9391.0,411967.48842592596
268,0.268,c268,edge-8,427037.9708333334,4.755787037037037,122924.0,9466.0,427037.9708333334,4.755787037037037,24584.800000000003,-24584.800000000003,9466.0,411923.9266203704
269,0.269,c269,edge-5,427037.9708333334,4.758101851851852,123263.0,9519.0,427037.9708333334,4.758101851851852,24652.600000000002,-24652.600000000002,9519.0,411909.12893518526
270,0.27,c270,edge-6,427037.9708333334,4.750578703703704,123454.0,9588.0,427037.9708333334,4.750578703703704,24690.800000000003,-24690.800000000003,9588.0,411939.9214120371
271,0.271,c271,edge-1,427037.9708333334,4.796875,124008.0,9645.0,427037.9708333334,4.796875,24801.600000000002,-24801.600000000002,9645.0,411886.1677083334
272,0.272,c272,edge-4,427037.9708333334,4.794560185185185,125031.0,9718.0,427037.9708333334,4.794560185185185,25006.2,-25006.2,9718.0,411754.56539351854
273,0.273,c273,edge-3,427037.9708333334,4.795717592592593,125412.0,9763.0,427037.9708333334,4.795717592592593,25082.4,-25082.4,9763.0,411723.36655092594
274,0.274,c274,edge-7,427037.9708333334,4.810185185185185,125758.0,9834.0,427037.9708333334,4.810185185185185,25151.600000000002,-25151.600000000002,9834.0,411725.1810185186
275,0.275,c275,edge-1,427037.9708333334,4.825231481481481,126137.0,9893.0,427037.9708333334,4.825231481481481,25227.4,-25227.4,9893.0,411708.3960648148
276,0.276,c276,edge-6,427037.9708333334,4.8344907407407405,126361.0,9964.0,427037.9708333334,4.8344907407407405,25272.2,-25272.2,9964.0,411734.6053240741
277,0.277,c277,edge-6,427037.9708333334,4.852430555555555,127384.0,10037.0,427037.9708333334,4.852430555555555,25476.800000000003,-25476.800000000003,10037.0,411603.02326388896
278,0.278,c278,edge-6,427037.9708333334,4.883680555555555,127741.0,10112.0,427037.9708333334,4.883680555555555,25548.2,-25548.2,10112.0,411606.65451388893
279,0.279,c279,edge-1,427037.9708333334,4.890625,127886.0,10173.0,427037.9708333334,4.890625,25577.2,-25577.2,10173.0,411638.6614583334
280,0.28,c280,edge-4,427037.9708333334,4.8917824074074066,128909.0,10248.0,427037.9708333334,4.8917824074074066,25781.800000000003,-25781.800000000003,10248.0,411509.0626157408
281,0.281,c281,edge-4,427037.9708333334,4.9334490740740735,129932.0,10325.0,427037.9708333334,4.9334490740740735,25986.4,-25986.4,10325.0,411381.50428240746
282,0.282,c282,edge-3,427037.9708333334,4.934606481481481,130436.0,10372.0,427037.9708333334,4.934606481481481,26087.2,-26087.2,10372.0,411327.70543981483
283,0.283,c283,edge-6,427037.9708333334,4.95949074074074,131459.0,10449.0,427037.9708333334,4.95949074074074,26291.800000000003,-26291.800000000003,10449.0,411200.1303240741
284,0.284,c284,edge-1,427037.9708333334,4.968749999999999,131838.0,10512.0,427037.9708333334,4.968749999999999,26367.600000000002,-26367.600000000002,10512.0,411187.3395833334
285,0.285,c285,edge-2,427037.9708333334,4.98148148148148,132861.0,10611.0,427037.9708333334,4.98148148148148,26572.2,-26572.2,10611.0,411081.75231481483
286,0.286,c286,edge-7,427037.9708333334,4.987847222222221,133258.0,10684.0,427037.9708333334,4.987847222222221,26651.600000000002,-26651.600000000002,10684.0,411075.35868055566
287,0.287,c287,edge-1,427037.9708333334,5.010995370370369,133812.0,10749.0,427037.9708333334,5.010995370370369,26762.4,-26762.4,10749.0,411029.58182870375
288,0.288,c288,edge-5,427037.9708333334,5.023726851851851,134203.0,10804.0,427037.9708333334,5.023726851851851,26840.600000000002,-26840.600000000002,10804.0,411006.39456018526
289,0.289,c289,edge-1,427037.9708333334,5.051504629629629,134582.0,10871.0,427037.9708333334,5.051504629629629,26916.4,-26916.4,10871.0,410997.62233796297
290,0.29,c290,edge-7,427037.9708333334,5.052662037037036,135049.0,10946.0,427037.9708333334,5.052662037037036,27009.800000000003,-27009.800000000003,10946.0,410979.2234953704
291,0.291,c291,edge-1,427037.9708333334,5.075810185185184,135603.0,11015.0,427037.9708333334,5.075810185185184,27120.600000000002,-27120.600000000002,11015.0,410937.4466435186
292,0.292,c292,edge-6,427037.9708333334,5.071759259259258,136626.0,11094.0,427037.9708333334,5.071759259259258,27325.2,-27325.2,11094.0,410811.84259259264
293,0.293,c293,edge-7,427037.9708333334,5.099537037037035,137023.0,11171.0,427037.9708333334,5.099537037037035,27404.600000000002,-27404.600000000002,11171.0,410809.4703703704
294,0.294,c294,edge-4,427037.9708333334,5.11574074074074,138046.0,11250.0,427037.9708333334,5.11574074074074,27609.2,-27609.2,11250.0,410683.8865740741
295,0.295,c295,edge-5,427037.9708333334,5.1180555555555545,138437.0,11307.0,427037.9708333334,5.1180555555555545,27687.4,-27687.4,11307.0,410662.6888888889
296,0.296,c296,edge-6,427037.9708333334,5.145833333333333,139460.0,11388.0,427037.9708333334,5.145833333333333,27892.0,-27892.0,11388.0,410539.1166666667
297,0.297,c297,edge-6,427037.9708333334,5.163773148148148,140483.0,11471.0,427037.9708333334,5.163773148148148,28096.600000000002,-28096.600000000002,11471.0,410417.53460648155
298,0.298,c298,edge-8,427037.9708333334,5.195023148148148,140850.0,11548.0,427037.9708333334,5.195023148148148,28170.0,-28170.0,11548.0,410421.16585648153
299,0.299,c299,edge-3,427037.9708333334,5.194444444444444,141022.0,11597.0,427037.9708333334,5.194444444444444,28204.4,-28204.4,11597.0,410435.7652777778
300,0.3,c300,edge-8,427037.9708333334,5.223958333333333,141389.0,11676.0,427037.9708333334,5.223958333333333,28277.800000000003,-28277.800000000003,11676.0,410441.3947916667
301,0.301,c301,edge-1,427037.9708333334,5.236689814814815,141768.0,11747.0,427037.9708333334,5.236689814814815,28353.600000000002,-28353.600000000002,11747.0,410436.60752314824
302,0.302,c302,edge-4,427037.9708333334,5.278356481481482,142791.0,11828.0,427037.9708333334,5.278356481481482,28558.2,-28558.2,11828.0,410313.04918981483
303,0.303,c303,edge-8,427037.9708333334,5.274305555555555,143384.0,11909.0,427037.9708333334,5.274305555555555,28676.800000000003,-28676.800000000003,11909.0,410275.44513888896
304,0.304,c304,edge-6,427037.9708333334,5.268518518518518,144407.0,11994.0,427037.9708333334,5.268518518518518,28881.4,-28881.4,11994.0,410155.8393518519
305,0.305,c305,edge-5,427037.9708333334,5.280092592592592,144884.0,12053.0,427037.9708333334,5.280092592592592,28976.800000000003,-28976.800000000003,12053.0,410119.450925926
306,0.306,c306,edge-5,427037.9708333334,5.291666666666666,145115.0,12114.0,427037.9708333334,5.291666666666666,29023.0,-29023.0,12114.0,410134.26250000007
307,0.307,c307,edge-6,427037.9708333334,5.311342592592593,146138.0,12201.0,427037.9708333334,5.311342592592593,29227.600000000002,-29227.600000000002,12201.0,410016.682175926
308,0.308,c308,edge-4,427037.9708333334,5.325810185185184,147161.0,12284.0,427037.9708333334,5.325810185185184,29432.2,-29432.2,12284.0,409895.09664351854
309,0.309,c309,edge-4,428263.50833333336,5.3605324074074066,147165.0,12369.0,428263.50833333336,5.3605324074074066,29433.0,-29433.0,12369.0,411204.8688657408
310,0.31,c310,edge-6,428263.50833333336,5.358217592592592,148188.0,12458.0,428263.50833333336,5.358217592592592,29637.600000000002,-29637.600000000002,12458.0,411089.26655092597
311,0.311,c311,edge-6,428263.50833333336,5.392939814814813,148447.0,12549.0,428263.50833333336,5.392939814814813,29689.4,-29689.4,12549.0,411128.50127314817
312,0.312,c312,edge-5,428263.50833333336,5.411458333333332,148786.0,12612.0,428263.50833333336,5.411458333333332,29757.2,-29757.2,12612.0,411123.71979166666
313,0.313,c313,edge-7,428263.50833333336,5.4513888888888875,149070.0,12691.0,428263.50833333336,5.4513888888888875,29814.0,-29814.0,12691.0,411145.95972222224
314,0.314,c314,edge-8,428263.50833333336,5.450810185185184,149437.0,12774.0,428263.50833333336,5.450810185185184,29887.4,-29887.4,12774.0,411155.5591435185
315,0.315,c315,edge-6,428263.50833333336,5.44849537037037,150460.0,12867.0,428263.50833333336,5.44849537037037,30092.0,-30092.0,12867.0,411043.95682870375
316,0.316,c316,edge-6,428263.50833333336,5.468171296296296,151483.0,12962.0,428263.50833333336,5.468171296296296,30296.600000000002,-30296.600000000002,12962.0,410934.3765046297
317,0.317,c317,edge-4,428263.50833333336,5.462384259259259,152506.0,13049.0,428263.50833333336,5.462384259259259,30501.2,-30501.2,13049.0,410816.7707175926
318,0.318,c318,edge-6,428263.50833333336,5.460069444444445,152765.0,13146.0,428263.50833333336,5.460069444444445,30553.0,-30553.0,13146.0,410861.9684027778
319,0.319,c319,edge-5,428263.50833333336,5.475115740740741,153104.0,13211.0,428263.50833333336,5.475115740740741,30620.800000000003,-30620.800000000003,13211.0,410859.1834490741
320,0.32,c320,edge-8,428263.50833333336,5.516782407407408,153471.0,13296.0,428263.50833333336,5.516782407407408,30694.2,-30694.2,13296.0,410870.82511574076
321,0.321,c321,edge-2,428263.50833333336,5.548032407407407,154494.0,13397.0,428263.50833333336,5.548032407407407,30898.800000000003,-30898.800000000003,13397.0,410767.2563657408
322,0.322,c322,edge-6,428263.50833333336,5.577546296296297,155517.0,13496.0,428263.50833333336,5.577546296296297,31103.4,-31103.4,13496.0,410661.68587962963
323,0.323,c323,edge-2,428263.50833333336,5.568287037037037,156540.0,13599.0,428263.50833333336,5.568287037037037,31308.0,-31308.0,13599.0,410560.0766203704
324,0.324,c324,edge-8,428263.50833333336,5.599537037037037,157133.0,13686.0,428263.50833333336,5.599537037037037,31426.600000000002,-31426.600000000002,13686.0,410528.5078703704
325,0.325,c325,edge-2,428263.50833333336,5.612268518518519,158156.0,13791.0,428263.50833333336,5.612268518518519,31631.2,-31631.2,13791.0,410428.9206018519
326,0.326,c326,edge-7,438731.10833333334,5.651620370370371,158184.0,13872.0,438731.10833333334,5.651620370370371,31636.800000000003,-31636.800000000003,13872.0,420971.95995370374
327,0.327,c327,edge-2,438731.10833333334,5.666087962962964,159207.0,13979.0,438731.10833333334,5.666087962962964,31841.4,-31841.4,13979.0,420874.3744212963
328,0.328,c328,edge-2,438731.10833333334,5.697337962962964,160230.0,14088.0,438731.10833333334,5.697337962962964,32046.0,-32046.0,14088.0,420778.8056712963
329,0.329,c329,edge-1,438731.10833333334,5.708912037037038,160609.0,14161.0,438731.10833333334,5.708912037037038,32121.800000000003,-32121.800000000003,14161.0,420776.01724537037
330,0.33,c330,edge-2,438731.10833333334,5.740162037037038,161632.0,14272.0,438731.10833333334,5.740162037037038,32326.4,-32326.4,14272.0,420682.44849537034
331,0.331,c331,edge-5,438731.10833333334,5.760995370370371,161971.0,14339.0,438731.10833333334,5.760995370370371,32394.2,-32394.2,14339.0,420681.6693287037
332,0.332,c332,edge-3,438731.10833333334,5.78587962962963,162475.0,14390.0,438731.10833333334,5.78587962962963,32495.0,-32495.0,14390.0,420631.89421296294
333,0.333,c333,edge-6,438731.10833333334,5.787037037037037,162832.0,14491.0,438731.10833333334,5.787037037037037,32566.4,-32566.4,14491.0,420661.49537037034
334,0.334,c334,edge-4,438731.10833333334,5.808449074074074,163855.0,14580.0,438731.10833333334,5.808449074074074,32771.0,-32771.0,14580.0,420545.91678240744
335,0.335,c335,edge-3,438731.10833333334,5.822916666666667,164236.0,14633.0,438731.10833333334,5.822916666666667,32847.200000000004,-32847.200000000004,14633.0,420522.73125
336,0.336,c336,edge-6,438731.10833333334,5.829282407407408,165259.0,14736.0,438731.10833333334,5.829282407407408,33051.8,-33051.8,14736.0,420421.13761574076
337,0.337,c337,edge-6,438731.10833333334,5.825231481481481,165616.0,14841.0,438731.10833333334,5.825231481481481,33123.200000000004,-33123.200000000004,14841.0,420454.7335648148
338,0.338,c338,edge-5,438731.10833333334,5.847222222222222,166007.0,14910.0,438731.10833333334,5.847222222222222,33201.4,-33201.4,14910.0,420445.55555555556
339,0.339,c339,edge-7,438731.10833333334,5.887152777777778,166404.0,14993.0,438731.10833333334,5.887152777777778,33280.8,-33280.8,14993.0,420449.1954861111
340,0.34,c340,edge-4,440639.85833333334,5.930555555555555,166409.0,15084.0,440639.85833333334,5.930555555555555,33281.8,-33281.8,15084.0,422447.9888888889
341,0.341,c341,edge-4,440639.85833333334,5.950231481481481,167432.0,15177.0,440639.85833333334,5.950231481481481,33486.4,-33486.4,15177.0,422336.4085648148
342,0.342,c342,edge-6,440639.85833333334,5.984953703703704,167789.0,15284.0,440639.85833333334,5.984953703703704,33557.8,-33557.8,15284.0,422372.04328703706
343,0.343,c343,edge-2,440639.85833333334,6.016203703703704,168812.0,15397.0,440639.85833333334,6.016203703703704,33762.4,-33762.4,15397.0,422280.474537037
344,0.344,c344,edge-6,440639.85833333334,6.017361111111112,169169.0,15506.0,440639.85833333334,6.017361111111112,33833.8,-33833.8,15506.0,422318.0756944445
345,0.345,c345,edge-3,440639.85833333334,6.033564814814815,169673.0,15561.0,440639.85833333334,6.033564814814815,33934.6,-33934.6,15561.0,422272.2918981482
346,0.346,c346,edge-2,444686.67083333334,6.0665509259259265,169674.0,15676.0,444686.67083333334,6.0665509259259265,33934.8,-33934.8,15676.0,426433.93738425925
347,0.347,c347,edge-3,459437.5208333334,6.08275462962963,169674.0,15733.0,459437.5208333334,6.08275462962963,33934.8,-33934.8,15733.0,441241.803587963
348,0.348,c348,edge-5,459437.5208333334,6.101273148148148,170065.0,15804.0,459437.5208333334,6.101273148148148,34013.0,-34013.0,15804.0,441234.6221064815
349,0.349,c349,edge-8,459437.5208333334,6.1157407407407405,170111.0,15893.0,459437.5208333334,6.1157407407407405,34022.200000000004,-34022.200000000004,15893.0,441314.4365740741
350,0.35,c350,edge-2,460413.82083333336,6.12037037037037,170111.0,16010.0,460413.82083333336,6.12037037037037,34022.200000000004,-34022.200000000004,16010.0,442407.74120370374
351,0.351,c351,edge-4,460413.82083333336,6.119791666666666,171134.0,16105.0,460413.82083333336,6.119791666666666,34226.8,-34226.8,16105.0,442298.14062500006
352,0.352,c352,edge-6,460413.82083333336,6.154513888888888,171393.0,16216.0,460413.82083333336,6.154513888888888,34278.6,-34278.6,16216.0,442357.37534722226
353,0.353,c353,edge-4,460413.82083333336,6.174189814814814,172416.0,16313.0,460413.82083333336,6.174189814814814,34483.200000000004,-34483.200000000004,16313.0,442249.7950231482
354,0.354,c354,edge-1,460413.82083333336,6.213541666666666,172970.0,16388.0,460413.82083333336,6.213541666666666,34594.0,-34594.0,16388.0,442214.03437500005
355,0.355,c355,edge-3,460413.82083333336,6.207754629629629,173189.0,16447.0,460413.82083333336,6.207754629629629,34637.8,-34637.8,16447.0,442229.228587963
356,0.356,c356,edge-2,460413.82083333336,6.220486111111112,174212.0,16566.0,460413.82083333336,6.220486111111112,34842.4,-34842.4,16566.0,442143.64131944446
357,0.357,c357,edge-5,460413.82083333336,6.237847222222222,174418.0,16639.0,460413.82083333336,6.237847222222222,34883.6,-34883.6,16639.0,442175.45868055563
358,0.358,c358,edge-7,460413.82083333336,6.270833333333333,174702.0,16724.0,460413.82083333336,6.270833333333333,34940.4,-34940.4,16724.0,442203.69166666665
359,0.359,c359,edge-2,464407.12083333335,6.283564814814814,174705.0,16845.0,464407.12083333335,6.283564814814814,34941.0,-34941.0,16845.0,446317.4043981482
360,0.36,c360,edge-3,464407.12083333335,6.291666666666666,174777.0,16906.0,464407.12083333335,6.291666666666666,34955.4,-34955.4,16906.0,446364.0125
361,0.361,c361,edge-4,464407.12083333335,6.331597222222222,175800.0,17005.0,464407.12083333335,6.331597222222222,35160.0,-35160.0,17005.0,446258.4524305556
362,0.362,c362,edge-5,464407.12083333335,6.353587962962963,176191.0,17080.0,464407.12083333335,6.353587962962963,35238.200000000004,-35238.200000000004,17080.0,446255.2744212963
363,0.363,c363,edge-6,464407.12083333335,6.3813657407407405,177214.0,17193.0,464407.12083333335,6.3813657407407405,35442.8,-35442.8,17193.0,446163.7021990741
364,0.364,c364,edge-3,464407.12083333335,6.3842592592592595,177595.0,17256.0,464407.12083333335,6.3842592592592595,35519.0,-35519.0,17256.0,446150.5050925926
365,0.365,c365,edge-1,464407.12083333335,6.381944444444445,177827.0,17333.0,464407.12083333335,6.381944444444445,35565.4,-35565.4,17333.0,446181.10277777776
366,0.366,c366,edge-7,464407.12083333335,6.420138888888889,178294.0,17420.0,464407.12083333335,6.420138888888889,35658.8,-35658.8,17420.0,446174.74097222224
367,0.367,c367,edge-2,464407.12083333335,6.451388888888889,179317.0,17543.0,464407.12083333335,6.451388888888889,35863.4,-35863.4,17543.0,446093.1722222222
368,0.368,c368,edge-7,464407.12083333335,6.442129629629631,179784.0,17632.0,464407.12083333335,6.442129629629631,35956.8,-35956.8,17632.0,446088.76296296297
369,0.369,c369,edge-3,464407.12083333335,6.450231481481483,180165.0,17697.0,464407.12083333335,6.450231481481483,36033.0,-36033.0,17697.0,446077.5710648148
370,0.37,c370,edge-6,464407.12083333335,6.475115740740741,180424.0,17812.0,464407.12083333335,6.475115740740741,36084.8,-36084.8,17812.0,446140.7959490741
371,0.371,c371,edge-5,464407.12083333335,6.486689814814816,180901.0,17889.0,464407.12083333335,6.486689814814816,36180.200000000004,-36180.200000000004,17889.0,446122.40752314817
372,0.372,c372,edge-5,464407.12083333335,6.495949074074075,181280.0,17968.0,464407.12083333335,6.495949074074075,36256.0,-36256.0,17968.0,446125.61678240745
373,0.373,c373,edge-1,464407.12083333335,6.5040509259259265,181659.0,18047.0,464407.12083333335,6.5040509259259265,36331.8,-36331.8,18047.0,446128.82488425926
374,0.374,c374,edge-2,467424.75833333336,6.503472222222223,181659.0,18172.0,467424.75833333336,6.503472222222223,36331.8,-36331.8,18172.0,449271.4618055556
375,0.375,c375,edge-6,467424.75833333336,6.509837962962965,181926.0,18289.0,467424.75833333336,6.509837962962965,36385.200000000004,-36385.200000000004,18289.0,449335.0681712963
376,0.376,c376,edge-2,469612.0208333334,6.50925925925926,181926.0,18416.0,469612.0208333334,6.50925925925926,36385.200000000004,-36385.200000000004,18416.0,451649.33009259263
377,0.377,c377,edge-5,469612.0208333334,6.511574074074074,182265.0,18497.0,469612.0208333334,6.511574074074074,36453.0,-36453.0,18497.0,451662.5324074075
378,0.378,c378,edge-4,469612.0208333334,6.512731481481482,183288.0,18598.0,469612.0208333334,6.512731481481482,36657.6,-36657.6,18598.0,451558.93356481486
379,0.379,c379,edge-7,469612.0208333334,6.525462962962963,183685.0,18689.0,469612.0208333334,6.525462962962963,36737.0,-36737.0,18689.0,451570.54629629635
380,0.38,c380,edge-3,469612.0208333334,6.530092592592593,183971.0,18756.0,469612.0208333334,6.530092592592593,36794.200000000004,-36794.200000000004,18756.0,451580.35092592594
381,0.381,c381,edge-4,469612.0208333334,6.548032407407407,184994.0,18859.0,469612.0208333334,6.548032407407407,36998.8,-36998.8,18859.0,451478.7688657408
382,0.382,c382,edge-7,469612.0208333334,6.549189814814814,185461.0,18952.0,469612.0208333334,6.549189814814814,37092.200000000004,-37092.200000000004,18952.0,451478.3700231482
383,0.383,c383,edge-6,469612.0208333334,6.585648148148148,186484.0,19071.0,469612.0208333334,6.585648148148148,37296.8,-37296.8,19071.0,451392.80648148153
384,0.384,c384,edge-8,469612.0208333334,6.616898148148148,187077.0,19162.0,469612.0208333334,6.616898148148148,37415.4,-37415.4,19162.0,451365.2377314815
385,0.385,c385,edge-8,469612.0208333334,6.656828703703703,187502.0,19255.0,469612.0208333334,6.656828703703703,37500.4,-37500.4,19255.0,451373.27766203706
386,0.386,c386,edge-7,469612.0208333334,6.699652777777778,187662.0,19350.0,469612.0208333334,6.699652777777778,37532.4,-37532.4,19350.0,451436.3204861111
387,0.387,c387,edge-8,469612.0208333334,6.724537037037037,188087.0,19445.0,469612.0208333334,6.724537037037037,37617.4,-37617.4,19445.0,451446.34537037037
388,0.388,c388,edge-2,469612.0208333334,6.737268518518518,188192.0,19574.0,469612.0208333334,6.737268518518518,37638.4,-37638.4,19574.0,451554.3581018519
389,0.389,c389,edge-8,469612.0208333334,6.733217592592592,188468.0,19671.0,469612.0208333334,6.733217592592592,37693.6,-37693.6,19671.0,451596.154050926
390,0.39,c390,edge-1,469612.0208333334,6.745949074074074,188847.0,19752.0,469612.0208333334,6.745949074074074,37769.4,-37769.4,19752.0,451601.36678240745
391,0.391,c391,edge-4,469612.0208333334,6.767361111111111,189870.0,19857.0,469612.0208333334,6.767361111111111,37974.0,-37974.0,19857.0,451501.7881944445
392,0.392,c392,edge-4,469612.0208333334,6.788773148148149,190893.0,19964.0,469612.0208333334,6.788773148148149,38178.6,-38178.6,19964.0,451404.20960648154
393,0.393,c393,edge-3,469612.0208333334,6.82349537037037,191397.0,20033.0,469612.0208333334,6.82349537037037,38279.4,-38279.4,20033.0,451372.44432870374
394,0.394,c394,edge-3,469612.0208333334,6.843171296296296,191778.0,20104.0,469612.0208333334,6.843171296296296,38355.6,-38355.6,20104.0,451367.2640046297
395,0.395,c395,edge-7,469612.0208333334,6.844328703703704,192175.0,20201.0,469612.0208333334,6.844328703703704,38435.0,-38435.0,20201.0,451384.8651620371
396,0.396,c396,edge-8,469612.0208333334,6.879050925925926,192768.0,20300.0,469612.0208333334,6.879050925925926,38553.6,-38553.6,20300.0,451365.2998842593
397,0.397,c397,edge-6,469612.0208333334,6.9155092592592595,193125.0,20421.0,469612.0208333334,6.9155092592592595,38625.0,-38625.0,20421.0,451414.93634259264
398,0.398,c398,edge-5,469612.0208333334,6.917824074074074,193516.0,20504.0,469612.0208333334,6.917824074074074,38703.200000000004,-38703.200000000004,20504.0,451419.73865740746
399,0.399,c399,edge-7,469612.0208333334,6.927083333333334,193800.0,20603.0,469612.0208333334,6.927083333333334,38760.0,-38760.0,20603.0,451461.9479166667
400,0.4,c400,edge-5,469612.0208333334,6.9548611111111125,194277.0,20688.0,469612.0208333334,6.9548611111111125,38855.4,-38855.4,20688.0,451451.5756944445
401,0.401,c401,edge-4,469612.0208333334,6.95775462962963,195300.0,20797.0,469612.0208333334,6.95775462962963,39060.0,-39060.0,20797.0,451355.978587963
402,0.402,c402,edge-5,469612.0208333334,6.970486111111111,195691.0,20884.0,469612.0208333334,6.970486111111111,39138.200000000004,-39138.200000000004,20884.0,451364.7913194445
403,0.403,c403,edge-5,469612.0208333334,6.9751157407407405,196030.0,20973.0,469612.0208333334,6.9751157407407405,39206.0,-39206.0,20973.0,451385.9959490741
404,0.404,c404,edge-8,469612.0208333334,7.004629629629629,196455.0,21074.0,469612.0208333334,7.004629629629629,39291.0,-39291.0,21074.0,451402.025462963
405,0.405,c405,edge-7,469612.0208333334,7.017361111111111,196632.0,21175.0,469612.0208333334,7.017361111111111,39326.4,-39326.4,21175.0,451467.6381944445
406,0.406,c406,edge-4,469612.0208333334,7.013310185185185,197655.0,21286.0,469612.0208333334,7.013310185185185,39531.0,-39531.0,21286.0,451374.03414351854
407,0.407,c407,edge-2,469612.0208333334,7.014467592592593,197705.0,21417.0,469612.0208333334,7.014467592592593,39541.0,-39541.0,21417.0,451495.03530092596
408,0.408,c408,edge-2,469612.0208333334,7.025462962962964,198728.0,21550.0,469612.0208333334,7.025462962962964,39745.600000000006,-39745.600000000006,21550.0,451423.4462962963
409,0.409,c409,edge-1,469612.0208333334,7.060185185185186,198873.0,21633.0,469612.0208333334,7.060185185185186,39774.600000000006,-39774.600000000006,21633.0,451477.48101851856
410,0.41,c410,edge-8,469612.0208333334,7.072916666666667,199149.0,21736.0,469612.0208333334,7.072916666666667,39829.8,-39829.8,21736.0,451525.29375000007
411,0.411,c411,edge-2,469612.0208333334,7.116319444444445,199212.0,21871.0,469612.0208333334,7.116319444444445,39842.4,-39842.4,21871.0,451647.7371527778
412,0.412,c412,edge-7,469612.0208333334,7.11400462962963,199679.0,21974.0,469612.0208333334,7.11400462962963,39935.8,-39935.8,21974.0,451657.334837963
413,0.413,c413,edge-4,469612.0208333334,7.137152777777778,200702.0,22087.0,469612.0208333334,7.137152777777778,40140.4,-40140.4,22087.0,451565.7579861111
414,0.414,c414,edge-5,469612.0208333334,7.148726851851851,201179.0,22178.0,469612.0208333334,7.148726851851851,40235.8,-40235.8,22178.0,451561.36956018524
415,0.415,c415,edge-5,469612.0208333334,7.169560185185185,201656.0,22271.0,469612.0208333334,7.169560185185185,40331.200000000004,-40331.200000000004,22271.0,451558.9903935185
416,0.416,c416,edge-7,484559.67083333334,7.194444444444444,201685.0,22376.0,484559.67083333334,7.194444444444444,40337.0,-40337.0,22376.0,466605.8652777778
417,0.417,c417,edge-6,484559.67083333334,7.229166666666667,201944.0,22499.0,484559.67083333334,7.229166666666667,40388.8,-40388.8,22499.0,466677.10000000003
418,0.418,c418,edge-8,484559.67083333334,7.226851851851853,202537.0,22604.0,484559.67083333334,7.226851851851853,40507.4,-40507.4,22604.0,466663.49768518517
419,0.419,c419,edge-7,484559.67083333334,7.222800925925927,202655.0,22711.0,484559.67083333334,7.222800925925927,40531.0,-40531.0,22711.0,466746.89363425924
420,0.42,c420,edge-8,484559.67083333334,7.262731481481483,203248.0,22818.0,484559.67083333334,7.262731481481483,40649.600000000006,-40649.600000000006,22818.0,466735.33356481476
421,0.421,c421,edge-4,484559.67083333334,7.280671296296298,204271.0,22933.0,484559.67083333334,7.280671296296298,40854.200000000004,-40854.200000000004,22933.0,466645.7515046296
422,0.422,c422,edge-3,484559.67083333334,7.2800925925925934,204557.0,23006.0,484559.67083333334,7.2800925925925934,40911.4,-40911.4,23006.0,466661.5509259259
423,0.423,c423,edge-3,484559.67083333334,7.299768518518519,204818.0,23081.0,484559.67083333334,7.299768518518519,40963.600000000006,-40963.600000000006,23081.0,466684.37060185184
424,0.424,c424,edge-2,484559.67083333334,7.337962962962964,205841.0,23218.0,484559.67083333334,7.337962962962964,41168.200000000004,-41168.200000000004,23218.0,466616.8087962963
425,0.425,c425,edge-8,484559.67083333334,7.354166666666667,206434.0,23327.0,484559.67083333334,7.354166666666667,41286.8,-41286.8,23327.0,466607.22500000003
426,0.426,c426,edge-7,484559.67083333334,7.357060185185186,206552.0,23436.0,484559.67083333334,7.357060185185186,41310.4,-41310.4,23436.0,466692.6278935185
427,0.427,c427,edge-7,484559.67083333334,7.376736111111112,207019.0,23547.0,484559.67083333334,7.376736111111112,41403.8,-41403.8,23547.0,466710.2475694445
428,0.428,c428,edge-6,484559.67083333334,7.404513888888889,208042.0,23672.0,484559.67083333334,7.404513888888889,41608.4,-41608.4,23672.0,466630.6753472222
429,0.429,c429,edge-5,484559.67083333334,7.425347222222222,208519.0,23767.0,484559.67083333334,7.425347222222222,41703.8,-41703.8,23767.0,466630.2961805556
430,0.43,c430,edge-4,484559.67083333334,7.465277777777778,209542.0,23884.0,484559.67083333334,7.465277777777778,41908.4,-41908.4,23884.0,466542.73611111107
431,0.431,c431,edge-6,484559.67083333334,7.501736111111112,210565.0,24011.0,484559.67083333334,7.501736111111112,42113.0,-42113.0,24011.0,466465.17256944446
432,0.432,c432,edge-3,484559.67083333334,7.534722222222223,210737.0,24088.0,484559.67083333334,7.534722222222223,42147.4,-42147.4,24088.0,466507.80555555556
433,0.433,c433,edge-4,484559.67083333334,7.554398148148149,211760.0,24207.0,484559.67083333334,7.554398148148149,42352.0,-42352.0,24207.0,466422.2252314815
434,0.434,c434,edge-8,484559.67083333334,7.589120370370371,212353.0,24318.0,484559.67083333334,7.589120370370371,42470.600000000006,-42470.600000000006,24318.0,466414.65995370375
435,0.435,c435,edge-3,484559.67083333334,7.593750000000001,212734.0,24397.0,484559.67083333334,7.593750000000001,42546.8,-42546.8,24397.0,466417.46458333335
436,0.436,c436,edge-1,484559.67083333334,7.609953703703703,213288.0,24482.0,484559.67083333334,7.609953703703703,42657.600000000006,-42657.600000000006,24482.0,466391.680787037
437,0.437,c437,edge-8,484559.67083333334,7.612847222222222,213881.0,24595.0,484559.67083333334,7.612847222222222,42776.200000000004,-42776.200000000004,24595.0,466386.0836805556
438,0.438,c438,edge-7,484559.67083333334,7.651041666666667,214278.0,24708.0,484559.67083333334,7.651041666666667,42855.600000000006,-42855.600000000006,24708.0,466419.72187500005
439,0.439,c439,edge-2,484559.67083333334,7.689236111111112,215301.0,24847.0,484559.67083333334,7.689236111111112,43060.200000000004,-43060.200000000004,24847.0,466354.16006944445
440,0.44,c440,edge-5,484559.67083333334,7.7100694444444455,215640.0,24944.0,484559.67083333334,7.7100694444444455,43128.0,-43128.0,24944.0,466383.3809027778
441,0.441,c441,edge-7,484559.67083333334,7.726273148148149,215817.0,25059.0,484559.67083333334,7.726273148148149,43163.4,-43163.4,25059.0,466462.99710648146
442,0.442,c442,edge-5,484559.67083333334,7.747106481481482,216208.0,25158.0,484559.67083333334,7.747106481481482,43241.600000000006,-43241.600000000006,25158.0,466483.81793981476
443,0.443,c443,edge-3,484559.67083333334,7.755208333333334,216494.0,25239.0,484559.67083333334,7.755208333333334,43298.8,-43298.8,25239.0,466507.62604166666
444,0.444,c444,edge-7,484559.67083333334,7.752893518518519,216961.0,25356.0,484559.67083333334,7.752893518518519,43392.200000000004,-43392.200000000004,25356.0,466531.22372685187
445,0.445,c445,edge-4,484559.67083333334,7.774305555555555,217984.0,25477.0,484559.67083333334,7.774305555555555,43596.8,-43596.8,25477.0,466447.6451388889
446,0.446,c446,edge-4,484559.67083333334,7.792245370370372,219007.0,25600.0,484559.67083333334,7.792245370370372,43801.4,-43801.4,25600.0,466366.0630787037
447,0.447,c447,edge-8,484559.67083333334,7.828703703703705,219600.0,25715.0,484559.67083333334,7.828703703703705,43920.0,-43920.0,25715.0,466362.49953703705
448,0.448,c448,edge-5,484559.67083333334,7.851851851851852,219939.0,25816.0,484559.67083333334,7.851851851851852,43987.8,-43987.8,25816.0,466395.7226851852
449,0.449,c449,edge-2,484559.67083333334,7.861111111111112,220962.0,25957.0,484559.67083333334,7.861111111111112,44192.4,-44192.4,25957.0,466332.13194444444
450,0.45,c450,edge-8,484559.67083333334,7.877314814814815,221329.0,26074.0,484559.67083333334,7.877314814814815,44265.8,-44265.8,26074.0,466375.7481481482
451,0.451,c451,edge-7,484559.67083333334,7.891782407407407,221447.0,26193.0,484559.67083333334,7.891782407407407,44289.4,-44289.4,26193.0,466471.16261574073
452,0.452,c452,edge-8,484559.67083333334,7.9282407407407405,222040.0,26312.0,484559.67083333334,7.9282407407407405,44408.0,-44408.0,26312.0,466471.59907407407
453,0.453,c453,edge-3,484559.67083333334,7.951388888888889,222421.0,26395.0,484559.67083333334,7.951388888888889,44484.200000000004,-44484.200000000004,26395.0,466478.4222222222
454,0.454,c454,edge-8,484559.67083333334,7.945601851851853,223014.0,26516.0,484559.67083333334,7.945601851851853,44602.8,-44602.8,26516.0,466480.8164351852
455,0.455,c455,edge-7,484559.67083333334,7.939814814814817,223411.0,26637.0,484559.67083333334,7.939814814814817,44682.200000000004,-44682.200000000004,26637.0,466522.41064814816
456,0.456,c456,edge-4,484559.67083333334,7.95775462962963,224434.0,26762.0,484559.67083333334,7.95775462962963,44886.8,-44886.8,26762.0,466442.82858796295
457,0.457,c457,edge-3,484559.67083333334,7.975694444444445,224938.0,26847.0,484559.67083333334,7.975694444444445,44987.600000000006,-44987.600000000006,26847.0,466427.0465277778
458,0.458,c458,edge-5,484559.67083333334,7.987268518518519,225144.0,26950.0,484559.67083333334,7.987268518518519,45028.8,-45028.8,26950.0,466488.8581018519
459,0.459,c459,edge-6,484559.67083333334,7.990162037037037,226167.0,27079.0,484559.67083333334,7.990162037037037,45233.4,-45233.4,27079.0,466413.26099537034
460,0.46,c460,edge-8,484559.67083333334,8.009837962962964,226592.0,27202.0,484559.67083333334,8.009837962962964,45318.4,-45318.4,27202.0,466451.2806712963
461,0.461,c461,edge-2,484559.67083333334,8.042824074074074,226665.0,27345.0,484559.67083333334,8.042824074074074,45333.0,-45333.0,27345.0,466579.71365740744
462,0.462,c462,edge-3,484559.67083333334,8.043981481481481,226926.0,27432.0,484559.67083333334,8.043981481481481,45385.200000000004,-45385.200000000004,27432.0,466614.5148148148
463,0.463,c463,edge-6,484559.67083333334,8.06886574074074,227949.0,27563.0,484559.67083333334,8.06886574074074,45589.8,-45589.8,27563.0,466540.9396990741
464,0.464,c464,edge-2,484559.67083333334,8.108796296296298,228017.0,27708.0,484559.67083333334,8.108796296296298,45603.4,-45603.4,27708.0,466672.3796296296
465,0.465,c465,edge-7,484559.67083333334,8.108217592592593,228161.0,27831.0,484559.67083333334,8.108217592592593,45632.200000000004,-45632.200000000004,27831.0,466766.5790509259
466,0.466,c466,edge-6,484559.67083333334,8.144675925925927,228428.0,27964.0,484559.67083333334,8.144675925925927,45685.600000000006,-45685.600000000006,27964.0,466846.21550925926
467,0.467,c467,edge-2,484559.67083333334,8.157407407407408,229451.0,28111.0,484559.67083333334,8.157407407407408,45890.200000000004,-45890.200000000004,28111.0,466788.62824074074
468,0.468,c468,edge-4,484559.67083333334,8.156828703703704,230474.0,28238.0,484559.67083333334,8.156828703703704,46094.8,-46094.8,28238.0,466711.02766203706
469,0.469,c469,edge-4,484559.67083333334,8.198495370370372,231497.0,28367.0,484559.67083333334,8.198495370370372,46299.4,-46299.4,28367.0,466635.4693287037
470,0.47,c470,edge-1,484559.67083333334,8.235532407407408,232051.0,28454.0,484559.67083333334,8.235532407407408,46410.200000000004,-46410.200000000004,28454.0,466611.70636574074
471,0.471,c471,edge-3,484559.67083333334,8.240162037037038,232432.0,28543.0,484559.67083333334,8.240162037037038,46486.4,-46486.4,28543.0,466624.51099537034
472,0.472,c472,edge-7,484559.67083333334,8.243055555555555,232829.0,28668.0,484559.67083333334,8.243055555555555,46565.8,-46565.8,28668.0,466670.1138888889
473,0.473,c473,edge-2,484559.67083333334,8.244212962962964,232943.0,28817.0,484559.67083333334,8.244212962962964,46588.600000000006,-46588.600000000006,28817.0,466796.31504629634
474,0.474,c474,edge-2,484559.67083333334,8.260416666666666,233966.0,28968.0,484559.67083333334,8.260416666666666,46793.200000000004,-46793.200000000004,28968.0,466742.73125
475,0.475,c475,edge-1,484559.67083333334,8.297453703703704,234520.0,29057.0,484559.67083333334,8.297453703703704,46904.0,-46904.0,29057.0,466720.96828703705
476,0.476,c476,edge-3,484559.67083333334,8.293402777777779,234901.0,29148.0,484559.67083333334,8.293402777777779,46980.200000000004,-46980.200000000004,29148.0,466735.7642361111
477,0.477,c477,edge-7,484559.67083333334,8.321180555555555,235368.0,29275.0,484559.67083333334,8.321180555555555,47073.600000000006,-47073.600000000006,29275.0,466769.3920138889
478,0.478,c478,edge-2,484559.67083333334,8.31712962962963,235419.0,29428.0,484559.67083333334,8.31712962962963,47083.8,-47083.8,29428.0,466912.18796296295
479,0.479,c479,edge-2,484559.67083333334,8.35011574074074,236442.0,29583.0,484559.67083333334,8.35011574074074,47288.4,-47288.4,29583.0,466862.62094907404
480,0.48,c480,edge-8,484559.67083333334,8.346064814814813,236867.0,29708.0,484559.67083333334,8.346064814814813,47373.4,-47373.4,29708.0,466902.61689814815
481,0.481,c481,edge-7,484559.67083333334,8.34201388888889,237334.0,29837.0,484559.67083333334,8.34201388888889,47466.8,-47466.8,29837.0,466938.2128472222
482,0.482,c482,edge-3,484559.67083333334,8.346643518518519,237715.0,29930.0,484559.67083333334,8.346643518518519,47543.0,-47543.0,29930.0,466955.0174768519
483,0.483,c483,edge-5,484559.67083333334,8.348958333333332,238106.0,30035.0,484559.67083333334,8.348958333333332,47621.200000000004,-47621.200000000004,30035.0,466981.81979166664
484,0.484,c484,edge-5,484559.67083333334,8.35474537037037,238485.0,30142.0,484559.67083333334,8.35474537037037,47697.0,-47697.0,30142.0,467013.02557870373
485,0.485,c485,edge-3,484559.67083333334,8.370949074074076,238989.0,30237.0,484559.67083333334,8.370949074074076,47797.8,-47797.8,30237.0,467007.24178240745
486,0.486,c486,edge-3,484559.67083333334,8.38888888888889,239370.0,30334.0,484559.67083333334,8.38888888888889,47874.0,-47874.0,30334.0,467028.0597222222
487,0.487,c487,edge-6,484559.67083333334,8.384837962962962,239727.0,30469.0,484559.67083333334,8.384837962962962,47945.4,-47945.4,30469.0,467091.6556712963
488,0.488,c488,edge-5,484559.67083333334,8.394675925925927,240106.0,30578.0,484559.67083333334,8.394675925925927,48021.200000000004,-48021.200000000004,30578.0,467124.8655092592
489,0.489,c489,edge-8,484559.67083333334,8.419560185185185,240699.0,30705.0,484559.67083333334,8.419560185185185,48139.8,-48139.8,30705.0,467133.2903935185
490,0.49,c490,edge-3,484559.67083333334,8.432291666666666,240918.0,30804.0,484559.67083333334,8.432291666666666,48183.600000000006,-48183.600000000006,30804.0,467188.50312500005
491,0.491,c491,edge-6,484559.67083333334,8.433449074074073,241275.0,30941.0,484559.67083333334,8.433449074074073,48255.0,-48255.0,30941.0,467254.10428240744
492,0.492,c492,edge-2,484559.67083333334,8.47511574074074,241389.0,31098.0,484559.67083333334,8.47511574074074,48277.8,-48277.8,31098.0,467388.3459490741
493,0.493,c493,edge-2,484559.67083333334,8.50636574074074,242412.0,31257.0,484559.67083333334,8.50636574074074,48482.4,-48482.4,31257.0,467342.77719907404
494,0.494,c494,edge-3,484559.67083333334,8.51099537037037,242793.0,31358.0,484559.67083333334,8.51099537037037,48558.600000000006,-48558.600000000006,31358.0,467367.58182870375
495,0.495,c495,edge-3,484559.67083333334,8.530671296296296,243174.0,31461.0,484559.67083333334,8.530671296296296,48634.8,-48634.8,31461.0,467394.40150462964
496,0.496,c496,edge-3,484559.67083333334,8.553819444444445,243555.0,31566.0,484559.67083333334,8.553819444444445,48711.0,-48711.0,31566.0,467423.2246527778
497,0.497,c497,edge-1,484559.67083333334,8.60011574074074,244109.0,31657.0,484559.67083333334,8.60011574074074,48821.8,-48821.8,31657.0,467403.4709490741
498,0.498,c498,edge-4,484559.67083333334,8.623263888888888,245132.0,31788.0,484559.67083333334,8.623263888888888,49026.4,-49026.4,31788.0,467329.8940972222
499,0.499,c499,edge-3,484559.67083333334,8.639467592592592,245418.0,31895.0,484559.67083333334,8.639467592592592,49083.600000000006,-49083.600000000006,31895.0,467379.7103009259
500,0.5,c500,edge-3,484559.67083333334,8.659143518518517,245922.0,32004.0,484559.67083333334,8.659143518518517,49184.4,-49184.4,32004.0,467387.92997685185
501,0.501,c501,edge-2,484559.67083333334,8.688657407407407,246945.0,32165.0,484559.67083333334,8.688657407407407,49389.0,-49389.0,32165.0,467344.35949074075
502,0.502,c502,edge-4,484559.67083333334,8.726851851851851,247968.0,32298.0,484559.67083333334,8.726851851851851,49593.600000000006,-49593.600000000006,32298.0,467272.7976851852
503,0.503,c503,edge-4,484559.67083333334,8.724537037037036,248991.0,32433.0,484559.67083333334,8.724537037037036,49798.200000000004,-49798.200000000004,32433.0,467203.19537037035
504,0.504,c504,edge-5,484559.67083333334,8.729166666666666,249468.0,32544.0,484559.67083333334,8.729166666666666,49893.600000000006,-49893.600000000006,32544.0,467218.80000000005
505,0.505,c505,edge-6,484559.67083333334,8.741898148148149,249692.0,32683.0,484559.67083333334,8.741898148148149,49938.4,-49938.4,32683.0,467313.01273148146
506,0.506,c506,edge-8,484559.67083333334,8.769675925925927,250117.0,32812.0,484559.67083333334,8.769675925925927,50023.4,-50023.4,32812.0,467357.0405092592
507,0.507,c507,edge-4,484559.67083333334,8.789351851851853,251140.0,32949.0,484559.67083333334,8.789351851851853,50228.0,-50228.0,32949.0,467289.4601851852
508,0.508,c508,edge-2,484559.67083333334,8.820601851851853,252163.0,33112.0,484559.67083333334,8.820601851851853,50432.600000000006,-50432.600000000006,33112.0,467247.8914351852
509,0.509,c509,edge-3,484559.67083333334,8.823495370370372,252544.0,33223.0,484559.67083333334,8.823495370370372,50508.8,-50508.8,33223.0,467282.69432870374
510,0.51,c510,edge-4,484559.67083333334,8.846643518518519,253567.0,33362.0,484559.67083333334,8.846643518518519,50713.4,-50713.4,33362.0,467217.11747685185
511,0.511,c511,edge-7,484559.67083333334,8.86111111111111,253851.0,33493.0,484559.67083333334,8.86111111111111,50770.200000000004,-50770.200000000004,33493.0,467291.33194444445
512,0.512,c512,edge-1,494007.42083333334,8.859953703703704,253878.0,33586.0,494007.42083333334,8.859953703703704,50775.600000000006,-50775.600000000006,33586.0,476826.680787037
513,0.513,c513,edge-8,494007.42083333334,8.89988425925926,254154.0,33717.0,494007.42083333334,8.89988425925926,50830.8,-50830.8,33717.0,476902.5207175926
514,0.514,c514,edge-4,494007.42083333334,8.919560185185187,255177.0,33858.0,494007.42083333334,8.919560185185187,51035.4,-51035.4,33858.0,476838.9403935185
515,0.515,c515,edge-8,494007.42083333334,8.932291666666668,255602.0,33991.0,494007.42083333334,8.932291666666668,51120.4,-51120.4,33991.0,476886.953125
516,0.516,c516,edge-3,494007.42083333334,8.94849537037037,255648.0,34104.0,494007.42083333334,8.94849537037037,51129.600000000006,-51129.600000000006,34104.0,476990.76932870375
517,0.517,c517,edge-3,494007.42083333334,8.964699074074073,255934.0,34219.0,494007.42083333334,8.964699074074073,51186.8,-51186.8,34219.0,477048.58553240745
518,0.518,c518,edge-1,494007.42083333334,8.992476851851851,256313.0,34314.0,494007.42083333334,8.992476851851851,51262.600000000006,-51262.600000000006,34314.0,477067.8133101852
519,0.519,c519,edge-4,494474.82083333336,9.032407407407408,256313.0,34457.0,494474.82083333336,9.032407407407408,51262.600000000006,-51262.600000000006,34457.0,477678.25324074074
520,0.52,c520,edge-4,494474.82083333336,9.072337962962962,257336.0,34602.0,494474.82083333336,9.072337962962962,51467.200000000004,-51467.200000000004,34602.0,477618.6931712963
521,0.521,c521,edge-2,494474.82083333336,9.086805555555555,258359.0,34767.0,494474.82083333336,9.086805555555555,51671.8,-51671.8,34767.0,477579.10763888893
522,0.522,c522,edge-8,494474.82083333336,9.125,258635.0,34902.0,494474.82083333336,9.125,51727.0,-51727.0,34902.0,477658.94583333336
523,0.523,c523,edge-5,494474.82083333336,9.12673611111111,259112.0,35015.0,494474.82083333336,9.12673611111111,51822.4,-51822.4,35015.0,477676.54756944446
524,0.524,c524,edge-4,494474.82083333336,9.166666666666666,260135.0,35162.0,494474.82083333336,9.166666666666666,52027.0,-52027.0,35162.0,477618.98750000005
525,0.525,c525,edge-8,495230.42083333334,9.166087962962962,260163.0,35299.0,495230.42083333334,9.166087962962962,52032.600000000006,-52032.600000000006,35299.0,478505.98692129634
526,0.526,c526,edge-4,495230.42083333334,9.185763888888888,261186.0,35448.0,495230.42083333334,9.185763888888888,52237.200000000004,-52237.200000000004,35448.0,478450.4065972222
527,0.527,c527,edge-7,495230.42083333334,9.207175925925926,261470.0,35581.0,495230.42083333334,9.207175925925926,52294.0,-52294.0,35581.0,478526.62800925924
528,0.528,c528,edge-2,495230.42083333334,9.216435185185185,262493.0,35748.0,495230.42083333334,9.216435185185185,52498.600000000006,-52498.600000000006,35748.0,478489.03726851847
529,0.529,c529,edge-7,495230.42083333334,9.251157407407408,262960.0,35883.0,495230.42083333334,9.251157407407408,52592.0,-52592.0,35883.0,478530.67199074075
530,0.53,c530,edge-3,495230.42083333334,9.272569444444445,263246.0,36000.0,495230.42083333334,9.272569444444445,52649.200000000004,-52649.200000000004,36000.0,478590.49340277776
531,0.531,c531,edge-2,495230.42083333334,9.283564814814815,264269.0,36169.0,495230.42083333334,9.283564814814815,52853.8,-52853.8,36169.0,478554.9043981482
532,0.532,c532,edge-5,495230.42083333334,9.282407407407408,264608.0,36284.0,495230.42083333334,9.282407407407408,52921.600000000006,-52921.600000000006,36284.0,478602.1032407407
533,0.533,c533,edge-5,495230.42083333334,9.315393518518519,264987.0,36401.0,495230.42083333334,9.315393518518519,52997.4,-52997.4,36401.0,478643.33622685185
534,0.534,c534,edge-2,495230.42083333334,9.309606481481483,266010.0,36572.0,495230.42083333334,9.309606481481483,53202.0,-53202.0,36572.0,478609.7304398148
535,0.535,c535,edge-6,495230.42083333334,9.347800925925926,266269.0,36713.0,495230.42083333334,9.347800925925926,53253.8,-53253.8,36713.0,478698.96863425925
536,0.536,c536,edge-7,495230.42083333334,9.347222222222221,266615.0,36850.0,495230.42083333334,9.347222222222221,53323.0,-53323.0,36850.0,478766.7680555556
537,0.537,c537,edge-4,495230.42083333334,9.34837962962963,267638.0,37001.0,495230.42083333334,9.34837962962963,53527.600000000006,-53527.600000000006,37001.0,478713.16921296297
538,0.538,c538,edge-7,495230.42083333334,9.377893518518519,268035.0,37140.0,495230.42083333334,9.377893518518519,53607.0,-53607.0,37140.0,478772.7987268519
539,0.539,c539,edge-7,495230.42083333334,9.399305555555555,268319.0,37281.0,495230.42083333334,9.399305555555555,53663.8,-53663.8,37281.0,478857.0201388889
540,0.54,c540,edge-1,495230.42083333334,9.408564814814815,268698.0,37378.0,495230.42083333334,9.408564814814815,53739.600000000006,-53739.600000000006,37378.0,478878.22939814813
541,0.541,c541,edge-4,495230.42083333334,9.40798611111111,268745.0,37531.0,495230.42083333334,9.40798611111111,53749.0,-53749.0,37531.0,479021.82881944446
542,0.542,c542,edge-6,495230.42083333334,9.447916666666668,269102.0,37674.0,495230.42083333334,9.447916666666668,53820.4,-53820.4,37674.0,479093.46875
543,0.543,c543,edge-4,495230.42083333334,9.46238425925926,270125.0,37829.0,495230.42083333334,9.46238425925926,54025.0,-54025.0,37829.0,479043.8832175926
544,0.544,c544,edge-7,495230.42083333334,9.47337962962963,270592.0,37972.0,495230.42083333334,9.47337962962963,54118.4,-54118.4,37972.0,479093.4942129629
545,0.545,c545,edge-4,495230.42083333334,9.472800925925926,271615.0,38129.0,495230.42083333334,9.472800925925926,54323.0,-54323.0,38129.0,479045.89363425924
546,0.546,c546,edge-3,495230.42083333334,9.46875,272119.0,38248.0,495230.42083333334,9.46875,54423.8,-54423.8,38248.0,479064.08958333335
547,0.547,c547,edge-5,495230.42083333334,9.484953703703702,272596.0,38367.0,495230.42083333334,9.484953703703702,54519.200000000004,-54519.200000000004,38367.0,479087.70578703703
548,0.548,c548,edge-8,495230.42083333334,9.48263888888889,272963.0,38506.0,495230.42083333334,9.48263888888889,54592.600000000006,-54592.600000000006,38506.0,479153.3034722222
549,0.549,c549,edge-1,495230.42083333334,9.491898148148149,273342.0,38605.0,495230.42083333334,9.491898148148149,54668.4,-54668.4,38605.0,479176.51273148146
550,0.55,c550,edge-2,495230.42083333334,9.48611111111111,274365.0,38778.0,495230.42083333334,9.48611111111111,54873.0,-54873.0,38778.0,479144.90694444446
551,0.551,c551,edge-7,495230.42083333334,9.492476851851851,274483.0,38923.0,495230.42083333334,9.492476851851851,54896.600000000006,-54896.600000000006,38923.0,479266.3133101852
552,0.552,c552,edge-3,495230.42083333334,9.486689814814813,274987.0,39044.0,495230.42083333334,9.486689814814813,54997.4,-54997.4,39044.0,479286.50752314815
553,0.553,c553,edge-6,495230.42083333334,9.514467592592592,276010.0,39189.0,495230.42083333334,9.514467592592592,55202.0,-55202.0,39189.0,479226.9353009259
554,0.554,c554,edge-3,495230.42083333334,9.55613425925926,276514.0,39312.0,495230.42083333334,9.55613425925926,55302.8,-55302.8,39312.0,479249.1769675926
555,0.555,c555,edge-3,495230.42083333334,9.58912037037037,277018.0,39437.0,495230.42083333334,9.58912037037037,55403.600000000006,-55403.600000000006,39437.0,479273.40995370375
556,0.556,c556,edge-7,495230.42083333334,9.603587962962962,277415.0,39584.0,495230.42083333334,9.603587962962962,55483.0,-55483.0,39584.0,479341.0244212963
557,0.557,c557,edge-4,495230.42083333334,9.643518518518519,278438.0,39743.0,495230.42083333334,9.643518518518519,55687.600000000006,-55687.600000000006,39743.0,479295.46435185184
558,0.558,c558,edge-3,495230.42083333334,9.663194444444443,278610.0,39870.0,495230.42083333334,9.663194444444443,55722.0,-55722.0,39870.0,479388.0840277778
559,0.559,c559,edge-8,495230.42083333334,9.664351851851851,278977.0,40011.0,495230.42083333334,9.664351851851851,55795.4,-55795.4,40011.0,479455.68518518517
560,0.56,c560,edge-2,495230.42083333334,9.697337962962964,280000.0,40186.0,495230.42083333334,9.697337962962964,56000.0,-56000.0,40186.0,479426.1181712963
561,0.561,c561,edge-5,495230.42083333334,9.717013888888891,280339.0,40307.0,495230.42083333334,9.717013888888891,56067.8,-56067.8,40307.0,479479.3378472222
562,0.562,c562,edge-6,495230.42083333334,9.719907407407408,281362.0,40454.0,495230.42083333334,9.719907407407408,56272.4,-56272.4,40454.0,479421.74074074073
563,0.563,c563,edge-2,495361.10833333334,9.710648148148149,281362.0,40631.0,495361.10833333334,9.710648148148149,56272.4,-56272.4,40631.0,479729.41898148146
564,0.564,c564,edge-5,495361.10833333334,9.741898148148149,281593.0,40754.0,495361.10833333334,9.741898148148149,56318.600000000006,-56318.600000000006,40754.0,479806.2502314815
565,0.565,c565,edge-2,495361.10833333334,9.766782407407408,281639.0,40933.0,495361.10833333334,9.766782407407408,56327.8,-56327.8,40933.0,479976.07511574076
566,0.566,c566,edge-2,495361.10833333334,9.804976851851853,282662.0,41114.0,495361.10833333334,9.804976851851853,56532.4,-56532.4,41114.0,479952.51331018517
567,0.567,c567,edge-2,495361.10833333334,9.836226851851853,283685.0,41297.0,495361.10833333334,9.836226851851853,56737.0,-56737.0,41297.0,479930.9445601852
568,0.568,c568,edge-3,495361.10833333334,9.842592592592593,284066.0,41426.0,495361.10833333334,9.842592592592593,56813.200000000004,-56813.200000000004,41426.0,479983.7509259259
569,0.569,c569,edge-6,495361.10833333334,9.865740740740742,284423.0,41575.0,495361.10833333334,9.865740740740742,56884.600000000006,-56884.600000000006,41575.0,480061.3740740741
570,0.57,c570,edge-8,495361.10833333334,9.86863425925926,284790.0,41718.0,495361.10833333334,9.86863425925926,56958.0,-56958.0,41718.0,480130.9769675926
571,0.571,c571,edge-5,495361.10833333334,9.862847222222221,284997.0,41843.0,495361.10833333334,9.862847222222221,56999.4,-56999.4,41843.0,480214.57118055556
572,0.572,c572,edge-4,495361.10833333334,9.86400462962963,286020.0,42004.0,495361.10833333334,9.86400462962963,57204.0,-57204.0,42004.0,480170.97233796294
573,0.573,c573,edge-1,495361.10833333334,9.861689814814817,286249.0,42105.0,495361.10833333334,9.861689814814817,57249.8,-57249.8,42105.0,480226.1700231482
574,0.574,c574,edge-1,495361.10833333334,9.901041666666668,286803.0,42208.0,495361.10833333334,9.901041666666668,57360.600000000006,-57360.600000000006,42208.0,480218.40937500005
575,0.575,c575,edge-2,495361.10833333334,9.9375,287826.0,42393.0,495361.10833333334,9.9375,57565.200000000004,-57565.200000000004,42393.0,480198.8458333333
576,0.576,c576,edge-3,495361.10833333334,9.973958333333332,288087.0,42524.0,495361.10833333334,9.973958333333332,57617.4,-57617.4,42524.0,480277.6822916666
577,0.577,c577,edge-4,495361.10833333334,9.968171296296298,289110.0,42687.0,495361.10833333334,9.968171296296298,57822.0,-57822.0,42687.0,480236.07650462963
578,0.578,c578,edge-1,495361.10833333334,9.995949074074076,289664.0,42792.0,495361.10833333334,9.995949074074076,57932.8,-57932.8,42792.0,480230.30428240745
579,0.579,c579,edge-2,495361.10833333334,10.027199074074076,290687.0,42979.0,495361.10833333334,10.027199074074076,58137.4,-58137.4,42979.0,480212.7355324074
580,0.58,c580,edge-1,495361.10833333334,10.03298611111111,290837.0,43086.0,495361.10833333334,10.03298611111111,58167.4,-58167.4,43086.0,480289.74131944444
581,0.581,c581,edge-4,495361.10833333334,10.05150462962963,290910.0,43251.0,495361.10833333334,10.05150462962963,58182.0,-58182.0,43251.0,480440.15983796294
582,0.582,c582,edge-5,495361.10833333334,10.050925925925924,291249.0,43378.0,495361.10833333334,10.050925925925924,58249.8,-58249.8,43378.0,480499.35925925925
583,0.583,c583,edge-5,495361.10833333334,10.053819444444443,291726.0,43507.0,495361.10833333334,10.053819444444443,58345.200000000004,-58345.200000000004,43507.0,480532.96215277776
584,0.584,c584,edge-4,495361.10833333334,10.075231481481481,292749.0,43674.0,495361.10833333334,10.075231481481481,58549.8,-58549.8,43674.0,480495.3835648148
585,0.585,c585,edge-5,495361.10833333334,10.113425925925927,293226.0,43805.0,495361.10833333334,10.113425925925927,58645.200000000004,-58645.200000000004,43805.0,480531.0217592592
586,0.586,c586,edge-2,496238.10833333334,10.105324074074076,293227.0,43994.0,496238.10833333334,10.105324074074076,58645.4,-58645.4,43994.0,481596.8136574074
587,0.587,c587,edge-6,496238.10833333334,10.141782407407408,293486.0,44145.0,496238.10833333334,10.141782407407408,58697.200000000004,-58697.200000000004,44145.0,481696.05011574074
588,0.588,c588,edge-2,496238.10833333334,10.132523148148149,294509.0,44336.0,496238.10833333334,10.132523148148149,58901.8,-58901.8,44336.0,481682.4408564815
589,0.589,c589,edge-6,496238.10833333334,10.135416666666668,295532.0,44489.0,496238.10833333334,10.135416666666668,59106.4,-59106.4,44489.0,481630.84375
590,0.59,c590,edge-2,496238.10833333334,10.148148148148149,296555.0,44682.0,496238.10833333334,10.148148148148149,59311.0,-59311.0,44682.0,481619.2564814815
591,0.591,c591,edge-6,496238.10833333334,10.149305555555557,297578.0,44837.0,496238.10833333334,10.149305555555557,59515.600000000006,-59515.600000000006,44837.0,481569.6576388889
592,0.592,c592,edge-8,496238.10833333334,10.153935185185187,298003.0,44982.0,496238.10833333334,10.153935185185187,59600.600000000006,-59600.600000000006,44982.0,481629.66226851847
593,0.593,c593,edge-5,496238.10833333334,10.185185185185187,298480.0,45115.0,496238.10833333334,10.185185185185187,59696.0,-59696.0,45115.0,481667.2935185185
594,0.594,c594,edge-6,496238.10833333334,10.206597222222223,298747.0,45272.0,496238.10833333334,10.206597222222223,59749.4,-59749.4,45272.0,481770.91493055556
595,0.595,c595,edge-4,496238.10833333334,10.200810185185185,299770.0,45441.0,496238.10833333334,10.200810185185185,59954.0,-59954.0,45441.0,481735.3091435185
596,0.596,c596,edge-1,496238.10833333334,10.206597222222221,299914.0,45550.0,496238.10833333334,10.206597222222221,59982.8,-59982.8,45550.0,481815.5149305556
597,0.597,c597,edge-1,496238.10833333334,10.205439814814815,300058.0,45661.0,496238.10833333334,10.205439814814815,60011.600000000006,-60011.600000000006,45661.0,481897.71377314813
598,0.598,c598,edge-3,496238.10833333334,10.199652777777779,300562.0,45794.0,496238.10833333334,10.199652777777779,60112.4,-60112.4,45794.0,481929.90798611107
599,0.599,c599,edge-1,496238.10833333334,10.222800925925926,301116.0,45907.0,496238.10833333334,10.222800925925926,60223.200000000004,-60223.200000000004,45907.0,481932.1311342592
600,0.6,c600,edge-4,496238.10833333334,10.262731481481481,302139.0,46078.0,496238.10833333334,10.262731481481481,60427.8,-60427.8,46078.0,481898.5710648148
601,0.601,c601,edge-2,496238.10833333334,10.27199074074074,303162.0,46273.0,496238.10833333334,10.27199074074074,60632.4,-60632.4,46273.0,481888.98032407404
602,0.602,c602,edge-3,496238.10833333334,10.269675925925926,303423.0,46408.0,496238.10833333334,10.269675925925926,60684.600000000006,-60684.600000000006,46408.0,481971.77800925926
603,0.603,c603,edge-1,497898.77499999997,10.28125,303451.0,46523.0,497898.77499999997,10.28125,60690.200000000004,-60690.200000000004,46523.0,483741.85624999995
604,0.604,c604,edge-3,497898.77499999997,10.297453703703704,303623.0,46660.0,497898.77499999997,10.297453703703704,60724.600000000006,-60724.600000000006,46660.0,483844.47245370364
605,0.605,c605,edge-8,497898.77499999997,10.328703703703704,304216.0,46807.0,497898.77499999997,10.328703703703704,60843.200000000004,-60843.200000000004,46807.0,483872.90370370366
606,0.606,c606,edge-8,497898.77499999997,10.366898148148149,304809.0,46956.0,497898.77499999997,10.366898148148149,60961.8,-60961.8,46956.0,483903.3418981481
607,0.607,c607,edge-7,497898.77499999997,10.391782407407408,304927.0,47105.0,497898.77499999997,10.391782407407408,60985.4,-60985.4,47105.0,484028.76678240736
608,0.608,c608,edge-7,497898.77499999997,10.429976851851851,305211.0,47256.0,497898.77499999997,10.429976851851851,61042.200000000004,-61042.200000000004,47256.0,484123.0049768518
609,0.609,c609,edge-3,497898.77499999997,10.468171296296298,305715.0,47395.0,497898.77499999997,10.468171296296298,61143.0,-61143.0,47395.0,484161.24317129626
610,0.61,c610,edge-2,497898.77499999997,10.50636574074074,306738.0,47592.0,497898.77499999997,10.50636574074074,61347.600000000006,-61347.600000000006,47592.0,484153.6813657407
611,0.611,c611,edge-6,497898.77499999997,10.527777777777779,307761.0,47751.0,497898.77499999997,10.527777777777779,61552.200000000004,-61552.200000000004,47751.0,484108.1027777777
612,0.612,c612,edge-7,497898.77499999997,10.543981481481481,308228.0,47904.0,497898.77499999997,10.543981481481481,61645.600000000006,-61645.600000000006,47904.0,484167.7189814814
613,0.613,c613,edge-6,497898.77499999997,10.534722222222221,308495.0,48065.0,497898.77499999997,10.534722222222221,61699.0,-61699.0,48065.0,484275.3097222222
614,0.614,c614,edge-1,497898.77499999997,10.546296296296298,308649.0,48182.0,497898.77499999997,10.546296296296298,61729.8,-61729.8,48182.0,484361.52129629627
615,0.615,c615,edge-7,497898.77499999997,10.589699074074073,309116.0,48337.0,497898.77499999997,10.589699074074073,61823.200000000004,-61823.200000000004,48337.0,484423.16469907406
616,0.616,c616,edge-7,497898.77499999997,10.61111111111111,309249.0,48494.0,497898.77499999997,10.61111111111111,61849.8,-61849.8,48494.0,484553.5861111111
617,0.617,c617,edge-6,497898.77499999997,10.651041666666668,309516.0,48657.0,497898.77499999997,10.651041666666668,61903.200000000004,-61903.200000000004,48657.0,484663.22604166664
618,0.618,c618,edge-1,497898.77499999997,10.668402777777779,309665.0,48776.0,497898.77499999997,10.668402777777779,61933.0,-61933.0,48776.0,484752.4434027777
619,0.619,c619,edge-4,497898.77499999997,10.68287037037037,310688.0,48949.0,497898.77499999997,10.68287037037037,62137.600000000006,-62137.600000000006,48949.0,484720.8578703704
620,0.62,c620,edge-1,497898.77499999997,10.743055555555557,311242.0,49070.0,497898.77499999997,10.743055555555557,62248.4,-62248.4,49070.0,484731.1180555555
621,0.621,c621,edge-6,497898.77499999997,10.764467592592595,312265.0,49235.0,497898.77499999997,10.764467592592595,62453.0,-62453.0,49235.0,484691.53946759255
622,0.622,c622,edge-7,497898.77499999997,10.802662037037038,312732.0,49394.0,497898.77499999997,10.802662037037038,62546.4,-62546.4,49394.0,484757.17766203696
623,0.623,c623,edge-1,497898.77499999997,10.83275462962963,313286.0,49517.0,497898.77499999997,10.83275462962963,62657.200000000004,-62657.200000000004,49517.0,484769.40775462956
624,0.624,c624,edge-2,497898.77499999997,10.845486111111114,314309.0,49716.0,497898.77499999997,10.845486111111114,62861.8,-62861.8,49716.0,484763.8204861111
625,0.625,c625,edge-8,497898.77499999997,10.837962962962965,314734.0,49867.0,497898.77499999997,10.837962962962965,62946.8,-62946.8,49867.0,484829.81296296295
626,0.626,c626,edge-1,497898.77499999997,10.858796296296298,315113.0,49992.0,497898.77499999997,10.858796296296298,63022.600000000006,-63022.600000000006,49992.0,484879.0337962962
627,0.627,c627,edge-4,497898.77499999997,10.876736111111114,316136.0,50167.0,497898.77499999997,10.876736111111114,63227.200000000004,-63227.200000000004,50167.0,484849.4517361111
628,0.628,c628,edge-6,497898.77499999997,10.899884259259261,317159.0,50334.0,497898.77499999997,10.899884259259261,63431.8,-63431.8,50334.0,484811.87488425925
629,0.629,c629,edge-6,497898.77499999997,10.90277777777778,318182.0,50503.0,497898.77499999997,10.90277777777778,63636.4,-63636.4,50503.0,484776.2777777777
630,0.63,c630,edge-8,498612.96249999997,10.903935185185187,318210.0,50656.0,498612.96249999997,10.903935185185187,63642.0,-63642.0,50656.0,485637.86643518513
631,0.631,c631,edge-5,498612.96249999997,10.943865740740742,318687.0,50791.0,498612.96249999997,10.943865740740742,63737.4,-63737.4,50791.0,485677.5063657407
632,0.632,c632,edge-2,498612.96249999997,10.938078703703704,319710.0,50992.0,498612.96249999997,10.938078703703704,63942.0,-63942.0,50992.0,485673.9005787037
633,0.633,c633,edge-1,498612.96249999997,10.970486111111112,320264.0,51119.0,498612.96249999997,10.970486111111112,64052.8,-64052.8,51119.0,485690.1329861111
634,0.634,c634,edge-7,498612.96249999997,11.006944444444446,320731.0,51280.0,498612.96249999997,11.006944444444446,64146.200000000004,-64146.200000000004,51280.0,485757.7694444444
635,0.635,c635,edge-5,498612.96249999997,10.999421296296298,320962.0,51417.0,498612.96249999997,10.999421296296298,64192.4,-64192.4,51417.0,485848.56192129623
636,0.636,c636,edge-3,498612.96249999997,10.998842592592593,321223.0,51558.0,498612.96249999997,10.998842592592593,64244.600000000006,-64244.600000000006,51558.0,485937.3613425925
637,0.637,c637,edge-7,498612.96249999997,10.99826388888889,321690.0,51721.0,498612.96249999997,10.99826388888889,64338.0,-64338.0,51721.0,486006.96076388884
638,0.638,c638,edge-2,500396.96249999997,11.036458333333334,321691.0,51924.0,500396.96249999997,11.036458333333334,64338.200000000004,-64338.200000000004,51924.0,487993.79895833327
639,0.639,c639,edge-2,500396.96249999997,11.052662037037038,322714.0,52129.0,500396.96249999997,11.052662037037038,64542.8,-64542.8,52129.0,487994.215162037
640,0.64,c640,edge-1,500396.96249999997,11.094328703703704,323268.0,52258.0,500396.96249999997,11.094328703703704,64653.600000000006,-64653.600000000006,52258.0,488012.45682870364
641,0.641,c641,edge-4,500396.96249999997,11.088541666666666,323298.0,52435.0,500396.96249999997,11.088541666666666,64659.600000000006,-64659.600000000006,52435.0,488183.4510416667
642,0.642,c642,edge-4,500396.96249999997,11.125,323335.0,52614.0,500396.96249999997,11.125,64667.0,-64667.0,52614.0,488355.08749999997
643,0.643,c643,edge-3,500396.96249999997,11.141203703703704,323839.0,52757.0,500396.96249999997,11.141203703703704,64767.8,-64767.8,52757.0,488397.3037037037
644,0.644,c644,edge-2,500396.96249999997,11.174189814814815,324862.0,52964.0,500396.96249999997,11.174189814814815,64972.4,-64972.4,52964.0,488399.7366898148
645,0.645,c645,edge-7,500396.96249999997,11.208912037037038,324980.0,53129.0,500396.96249999997,11.208912037037038,64996.0,-64996.0,53129.0,488541.171412037
646,0.646,c646,edge-5,500396.96249999997,11.241898148148149,325319.0,53268.0,500396.96249999997,11.241898148148149,65063.8,-65063.8,53268.0,488612.4043981481
647,0.647,c647,edge-7,500396.96249999997,11.241319444444445,325665.0,53435.0,500396.96249999997,11.241319444444445,65133.0,-65133.0,53435.0,488710.2038194444
648,0.648,c648,edge-1,500396.96249999997,11.250578703703704,326044.0,53566.0,500396.96249999997,11.250578703703704,65208.8,-65208.8,53566.0,488765.4130787037
649,0.649,c649,edge-8,500396.96249999997,11.288773148148149,326637.0,53721.0,500396.96249999997,11.288773148148149,65327.4,-65327.4,53721.0,488801.8512731481
650,0.65,c650,edge-4,500396.96249999997,11.284722222222223,327660.0,53902.0,500396.96249999997,11.284722222222223,65532.0,-65532.0,53902.0,488778.2472222222
651,0.651,c651,edge-3,500396.96249999997,11.302662037037038,328164.0,54047.0,500396.96249999997,11.302662037037038,65632.8,-65632.8,54047.0,488822.465162037
652,0.652,c652,edge-1,500396.96249999997,11.323495370370372,328718.0,54180.0,500396.96249999997,11.323495370370372,65743.6,-65743.6,54180.0,488844.6859953704
653,0.653,c653,edge-3,500396.96249999997,11.319444444444445,329222.0,54327.0,500396.96249999997,11.319444444444445,65844.40000000001,-65844.40000000001,54327.0,488890.8819444444
654,0.654,c654,edge-8,500396.96249999997,11.342592592592593,329815.0,54484.0,500396.96249999997,11.342592592592593,65963.0,-65963.0,54484.0,488929.30509259255
655,0.655,c655,edge-1,500396.96249999997,11.358796296296298,329960.0,54619.0,500396.96249999997,11.358796296296298,65992.0,-65992.0,54619.0,489035.32129629626
656,0.656,c656,edge-6,500396.96249999997,11.386574074074076,330983.0,54790.0,500396.96249999997,11.386574074074076,66196.6,-66196.6,54790.0,489001.7490740741
657,0.657,c657,edge-6,500396.96249999997,11.428240740740742,331186.0,54963.0,500396.96249999997,11.428240740740742,66237.2,-66237.2,54963.0,489134.1907407407
658,0.658,c658,edge-8,500396.96249999997,11.464699074074074,331779.0,55122.0,500396.96249999997,11.464699074074074,66355.8,-66355.8,55122.0,489174.6271990741
659,0.659,c659,edge-6,500396.96249999997,11.465856481481481,332046.0,55297.0,500396.96249999997,11.465856481481481,66409.2,-66409.2,55297.0,489296.2283564814
660,0.66,c660,edge-4,503522.81249999994,11.472800925925926,332074.0,55480.0,503522.81249999994,11.472800925925926,66414.8,-66414.8,55480.0,492599.48530092585
661,0.661,c661,edge-6,503522.81249999994,11.473958333333332,332341.0,55657.0,503522.81249999994,11.473958333333332,66468.2,-66468.2,55657.0,492723.08645833324
662,0.662,c662,edge-8,503522.81249999994,11.49537037037037,332934.0,55818.0,503522.81249999994,11.49537037037037,66586.8,-66586.8,55818.0,492765.50787037035
663,0.663,c663,edge-8,503522.81249999994,11.52662037037037,333527.0,55981.0,503522.81249999994,11.52662037037037,66705.40000000001,-66705.40000000001,55981.0,492809.9391203703
664,0.664,c664,edge-5,503522.81249999994,11.522569444444446,333758.0,56122.0,503522.81249999994,11.522569444444446,66751.6,-66751.6,56122.0,492904.7350694444
665,0.665,c665,edge-6,503522.81249999994,11.543981481481483,333961.0,56301.0,503522.81249999994,11.543981481481483,66792.2,-66792.2,56301.0,493043.1564814814
666,0.666,c666,edge-4,503522.81249999994,11.583912037037038,334984.0,56486.0,503522.81249999994,11.583912037037038,66996.8,-66996.8,56486.0,493023.596412037
667,0.667,c667,edge-3,503522.81249999994,11.605324074074074,335245.0,56635.0,503522.81249999994,11.605324074074074,67049.0,-67049.0,56635.0,493120.41782407404
668,0.668,c668,edge-7,503522.81249999994,11.618055555555555,335712.0,56804.0,503522.81249999994,11.618055555555555,67142.40000000001,-67142.40000000001,56804.0,493196.0305555555
669,0.669,c669,edge-5,503522.81249999994,11.639467592592592,335919.0,56947.0,503522.81249999994,11.639467592592592,67183.8,-67183.8,56947.0,493297.65196759254
670,0.67,c670,edge-3,503522.81249999994,11.63888888888889,336300.0,57098.0,503522.81249999994,11.63888888888889,67260.0,-67260.0,57098.0,493372.4513888888
671,0.671,c671,edge-1,503522.81249999994,11.659722222222221,336854.0,57235.0,503522.81249999994,11.659722222222221,67370.8,-67370.8,57235.0,493398.6722222222
672,0.672,c672,edge-8,503522.81249999994,11.681134259259258,337221.0,57400.0,503522.81249999994,11.681134259259258,67444.2,-67444.2,57400.0,493490.2936342592
673,0.673,c673,edge-7,503522.81249999994,11.682291666666664,337618.0,57571.0,503522.81249999994,11.682291666666664,67523.6,-67523.6,57571.0,493581.89479166665
674,0.674,c674,edge-5,503522.81249999994,11.678240740740739,337997.0,57716.0,503522.81249999994,11.678240740740739,67599.40000000001,-67599.40000000001,57716.0,493651.09074074065
675,0.675,c675,edge-1,503522.81249999994,11.706018518518517,338226.0,57855.0,503522.81249999994,11.706018518518517,67645.2,-67645.2,57855.0,493744.31851851847
676,0.676,c676,edge-3,503522.81249999994,11.712384259259258,338607.0,58008.0,503522.81249999994,11.712384259259258,67721.40000000001,-67721.40000000001,58008.0,493821.1248842592
677,0.677,c677,edge-1,503522.81249999994,11.74247685185185,339161.0,58149.0,503522.81249999994,11.74247685185185,67832.2,-67832.2,58149.0,493851.3549768518
678,0.678,c678,edge-6,503522.81249999994,11.743634259259258,340184.0,58330.0,503522.81249999994,11.743634259259258,68036.8,-68036.8,58330.0,493827.7561342592
679,0.679,c679,edge-1,503522.81249999994,11.757523148148147,340563.0,58473.0,503522.81249999994,11.757523148148147,68112.6,-68112.6,58473.0,493894.9700231481
680,0.68,c680,edge-4,503522.81249999994,11.759837962962962,340669.0,58660.0,503522.81249999994,11.759837962962962,68133.8,-68133.8,58660.0,494060.77233796293
681,0.681,c681,edge-1,503522.81249999994,11.806134259259258,341223.0,58805.0,503522.81249999994,11.806134259259258,68244.6,-68244.6,58805.0,494095.01863425924
682,0.682,c682,edge-1,503522.81249999994,11.833912037037036,341367.0,58952.0,503522.81249999994,11.833912037037036,68273.40000000001,-68273.40000000001,58952.0,494213.24641203694
683,0.683,c683,edge-8,503522.81249999994,11.875578703703702,341960.0,59119.0,503522.81249999994,11.875578703703702,68392.0,-68392.0,59119.0,494261.68807870365
684,0.684,c684,edge-6,513502.8,11.875,341961.0,59302.0,513502.8,11.875,68392.2,-68392.2,59302.0,504424.475
685,0.685,c685,edge-4,513502.8,11.870949074074073,342984.0,59491.0,513502.8,11.870949074074073,68596.8,-68596.8,59491.0,504408.8709490741
686,0.686,c686,edge-4,513502.8,11.885416666666668,344007.0,59682.0,513502.8,11.885416666666668,68801.40000000001,-68801.40000000001,59682.0,504395.28541666665
687,0.687,c687,edge-2,513502.8,11.92361111111111,345030.0,59891.0,513502.8,11.92361111111111,69006.0,-69006.0,59891.0,504399.7236111111
688,0.688,c688,edge-4,518125.7625,11.925925925925924,345034.0,60084.0,518125.7625,11.925925925925924,69006.8,-69006.8,60084.0,509214.8884259259
689,0.689,c689,edge-6,518125.7625,11.927083333333332,345301.0,60269.0,518125.7625,11.927083333333332,69060.2,-69060.2,60269.0,509346.4895833333
690,0.69,c690,edge-7,518125.7625,11.931712962962962,345647.0,60442.0,518125.7625,11.931712962962962,69129.40000000001,-69129.40000000001,60442.0,509450.29421296297
691,0.691,c691,edge-4,520797.2625,11.964699074074076,345647.0,60637.0,520797.2625,11.964699074074076,69129.40000000001,-69129.40000000001,60637.0,512316.8271990741
692,0.692,c692,edge-6,520797.2625,12.00462962962963,345819.0,60824.0,520797.2625,12.00462962962963,69163.8,-69163.8,60824.0,512469.46712962963
693,0.693,c693,edge-5,520797.2625,12.005787037037038,346026.0,60971.0,520797.2625,12.005787037037038,69205.2,-69205.2,60971.0,512575.068287037
694,0.694,c694,edge-6,520797.2625,12.049189814814817,347049.0,61160.0,520797.2625,12.049189814814817,69409.8,-69409.8,61160.0,512559.51168981486
695,0.695,c695,edge-2,520797.2625,12.078703703703706,347154.0,61371.0,520797.2625,12.078703703703706,69430.8,-69430.8,61371.0,512749.54120370373
696,0.696,c696,edge-5,520797.2625,12.101851851851851,347533.0,61520.0,520797.2625,12.101851851851851,69506.6,-69506.6,61520.0,512822.7643518519
697,0.697,c697,edge-4,520797.2625,12.128472222222221,347561.0,61717.0,520797.2625,12.128472222222221,69512.2,-69512.2,61717.0,513014.19097222225
698,0.698,c698,edge-3,520797.2625,12.148148148148149,348065.0,61872.0,520797.2625,12.148148148148149,69613.0,-69613.0,61872.0,513068.41064814816
699,0.699,c699,edge-7,520797.2625,12.16261574074074,348462.0,62047.0,520797.2625,12.16261574074074,69692.40000000001,-69692.40000000001,62047.0,513164.0251157407
700,0.7,c700,edge-7,520797.2625,12.156828703703706,348746.0,62224.0,520797.2625,12.156828703703706,69749.2,-69749.2,62224.0,513284.2193287037
701,0.701,c701,edge-3,520797.2625,12.169560185185187,349250.0,62381.0,520797.2625,12.169560185185187,69850.0,-69850.0,62381.0,513340.4320601852
702,0.702,c702,edge-5,520797.2625,12.190972222222221,349641.0,62532.0,520797.2625,12.190972222222221,69928.2,-69928.2,62532.0,513413.25347222225
703,0.703,c703,edge-7,520797.2625,12.207175925925924,349774.0,62711.0,520797.2625,12.207175925925924,69954.8,-69954.8,62711.0,513565.6696759259
704,0.704,c704,edge-2,520887.5125,12.226851851851851,349774.0,62924.0,520887.5125,12.226851851851851,69954.8,-69954.8,62924.0,513868.9393518519
705,0.705,c705,edge-7,520887.5125,12.27025462962963,350171.0,63105.0,520887.5125,12.27025462962963,70034.2,-70034.2,63105.0,513970.5827546296
706,0.706,c706,edge-3,520887.5125,12.311921296296294,350675.0,63264.0,520887.5125,12.311921296296294,70135.0,-70135.0,63264.0,514028.8244212963
707,0.707,c707,edge-1,520887.5125,12.339699074074073,351229.0,63413.0,520887.5125,12.339699074074073,70245.8,-70245.8,63413.0,514067.0521990741
708,0.708,c708,edge-2,520887.5125,12.350694444444443,352252.0,63628.0,520887.5125,12.350694444444443,70450.40000000001,-70450.40000000001,63628.0,514077.4631944444
709,0.709,c709,edge-3,520887.5125,12.381944444444443,352513.0,63789.0,520887.5125,12.381944444444443,70502.6,-70502.6,63789.0,514186.2944444445
710,0.71,c710,edge-7,520887.5125,12.409722222222221,352980.0,63972.0,520887.5125,12.409722222222221,70596.0,-70596.0,63972.0,514275.92222222226
711,0.711,c711,edge-8,520887.5125,12.43460648148148,353573.0,64141.0,520887.5125,12.43460648148148,70714.6,-70714.6,64141.0,514326.34710648144
712,0.712,c712,edge-8,520887.5125,12.437499999999998,353998.0,64312.0,520887.5125,12.437499999999998,70799.6,-70799.6,64312.0,514412.35
713,0.713,c713,edge-8,520887.5125,12.433449074074073,354274.0,64485.0,520887.5125,12.433449074074073,70854.8,-70854.8,64485.0,514530.1459490741
714,0.714,c714,edge-3,520887.5125,12.468171296296296,354778.0,64648.0,520887.5125,12.468171296296296,70955.6,-70955.6,64648.0,514592.38067129627
715,0.715,c715,edge-1,520887.5125,12.463541666666666,355157.0,64799.0,520887.5125,12.463541666666666,71031.40000000001,-71031.40000000001,64799.0,514667.5760416667
716,0.716,c716,edge-6,520887.5125,12.491319444444443,356180.0,64990.0,520887.5125,12.491319444444443,71236.0,-71236.0,64990.0,514654.00381944445
717,0.717,c717,edge-6,520887.5125,12.516203703703702,357203.0,65183.0,520887.5125,12.516203703703702,71440.6,-71440.6,65183.0,514642.4287037037
718,0.718,c718,edge-1,520887.5125,12.521990740740739,357353.0,65336.0,520887.5125,12.521990740740739,71470.6,-71470.6,65336.0,514765.43449074076
719,0.719,c719,edge-7,520887.5125,12.536458333333332,357530.0,65521.0,520887.5125,12.536458333333332,71506.0,-71506.0,65521.0,514915.0489583333
720,0.72,c720,edge-2,520887.5125,12.571180555555555,358553.0,65738.0,520887.5125,12.571180555555555,71710.6,-71710.6,65738.0,514927.4836805556
721,0.721,c721,edge-5,520887.5125,12.580439814814815,359030.0,65891.0,520887.5125,12.580439814814815,71806.0,-71806.0,65891.0,514985.09293981484
722,0.722,c722,edge-3,520887.5125,12.594907407407408,359411.0,66056.0,520887.5125,12.594907407407408,71882.2,-71882.2,66056.0,515073.9074074074
723,0.723,c723,edge-5,520887.5125,12.596064814814813,359802.0,66211.0,520887.5125,12.596064814814813,71960.40000000001,-71960.40000000001,66211.0,515150.7085648148
724,0.724,c724,edge-2,520887.5125,12.625578703703702,360825.0,66430.0,520887.5125,12.625578703703702,72165.0,-72165.0,66430.0,515165.1380787037
725,0.725,c725,edge-8,520887.5125,12.630208333333332,361418.0,66605.0,520887.5125,12.630208333333332,72283.6,-72283.6,66605.0,515221.54270833335
726,0.726,c726,edge-1,520887.5125,12.690393518518519,361972.0,66760.0,520887.5125,12.690393518518519,72394.40000000001,-72394.40000000001,66760.0,515265.8028935185
727,0.727,c727,edge-3,520887.5125,12.70486111111111,362476.0,66927.0,520887.5125,12.70486111111111,72495.2,-72495.2,66927.0,515332.0173611111
728,0.728,c728,edge-1,520887.5125,12.744212962962962,363030.0,67084.0,520887.5125,12.744212962962962,72606.0,-72606.0,67084.0,515378.256712963
729,0.729,c729,edge-8,520887.5125,12.787615740740739,363397.0,67261.0,520887.5125,12.787615740740739,72679.40000000001,-72679.40000000001,67261.0,515481.9001157407
730,0.73,c730,edge-6,520887.5125,12.79050925925926,364420.0,67456.0,520887.5125,12.79050925925926,72884.0,-72884.0,67456.0,515472.3030092593
731,0.731,c731,edge-7,520887.5125,12.80150462962963,364887.0,67643.0,520887.5125,12.80150462962963,72977.40000000001,-72977.40000000001,67643.0,515565.9140046296
732,0.732,c732,edge-3,520887.5125,12.800925925925926,365173.0,67812.0,520887.5125,12.800925925925926,73034.6,-73034.6,67812.0,515677.71342592593
733,0.733,c733,edge-8,520887.5125,12.796875,365766.0,67991.0,520887.5125,12.796875,73153.2,-73153.2,67991.0,515738.109375
734,0.734,c734,edge-7,520887.5125,12.80787037037037,366112.0,68180.0,520887.5125,12.80787037037037,73222.40000000001,-73222.40000000001,68180.0,515857.9203703704
735,0.735,c735,edge-1,520887.5125,12.82986111111111,366491.0,68339.0,520887.5125,12.82986111111111,73298.2,-73298.2,68339.0,515941.1423611111
736,0.736,c736,edge-8,520887.5125,12.829282407407408,366858.0,68520.0,520887.5125,12.829282407407408,73371.6,-73371.6,68520.0,516048.7417824074
737,0.737,c737,edge-2,520887.5125,12.860532407407408,367881.0,68741.0,520887.5125,12.860532407407408,73576.2,-73576.2,68741.0,516065.1730324074
738,0.738,c738,edge-8,520887.5125,12.863425925925926,368157.0,68924.0,520887.5125,12.863425925925926,73631.40000000001,-73631.40000000001,68924.0,516192.9759259259
739,0.739,c739,edge-6,520887.5125,12.891203703703702,369180.0,69121.0,520887.5125,12.891203703703702,73836.0,-73836.0,69121.0,516185.4037037037
740,0.74,c740,edge-1,520887.5125,12.918981481481481,369734.0,69282.0,520887.5125,12.918981481481481,73946.8,-73946.8,69282.0,516235.6314814815
741,0.741,c741,edge-5,520887.5125,12.953703703703702,370211.0,69439.0,520887.5125,12.953703703703702,74042.2,-74042.2,69439.0,516297.2662037037
742,0.742,c742,edge-3,520887.5125,12.984953703703702,370715.0,69610.0,520887.5125,12.984953703703702,74143.0,-74143.0,69610.0,516367.4974537037
743,0.743,c743,edge-1,520887.5125,13.002314814814815,371094.0,69773.0,520887.5125,13.002314814814815,74218.8,-74218.8,69773.0,516454.71481481486
744,0.744,c744,edge-6,520887.5125,13.031828703703704,371451.0,69972.0,520887.5125,13.031828703703704,74290.2,-74290.2,69972.0,516582.3443287037
745,0.745,c745,edge-7,520887.5125,13.064814814814815,371848.0,70163.0,520887.5125,13.064814814814815,74369.6,-74369.6,70163.0,516693.9773148148
746,0.746,c746,edge-4,520887.5125,13.084490740740739,372871.0,70362.0,520887.5125,13.084490740740739,74574.2,-74574.2,70362.0,516688.39699074073
747,0.747,c747,edge-8,520887.5125,13.093749999999998,373147.0,70547.0,520887.5125,13.093749999999998,74629.40000000001,-74629.40000000001,70547.0,516818.20625
748,0.748,c748,edge-7,520887.5125,13.091435185185183,373318.0,70740.0,520887.5125,13.091435185185183,74663.6,-74663.6,70740.0,516977.00393518514
749,0.749,c749,edge-5,520887.5125,13.127893518518519,373525.0,70899.0,520887.5125,13.127893518518519,74705.0,-74705.0,70899.0,517094.64039351855
750,0.75,c750,edge-5,520887.5125,13.149305555555555,373904.0,71060.0,520887.5125,13.149305555555555,74780.8,-74780.8,71060.0,517179.8618055556
751,0.751,c751,edge-2,520887.5125,13.143518518518517,374927.0,71283.0,520887.5125,13.143518518518517,74985.40000000001,-74985.40000000001,71283.0,517198.2560185185
752,0.752,c752,edge-5,520887.5125,13.166666666666664,375318.0,71446.0,520887.5125,13.166666666666664,75063.6,-75063.6,71446.0,517283.0791666667
753,0.753,c753,edge-6,520887.5125,13.169560185185183,376341.0,71647.0,520887.5125,13.169560185185183,75268.2,-75268.2,71647.0,517279.48206018517
754,0.754,c754,edge-6,520887.5125,13.17071759259259,376698.0,71850.0,520887.5125,13.17071759259259,75339.6,-75339.6,71850.0,517411.08321759256
755,0.755,c755,edge-4,520887.5125,13.166666666666664,377721.0,72051.0,520887.5125,13.166666666666664,75544.2,-75544.2,72051.0,517407.4791666667
756,0.756,c756,edge-7,520887.5125,13.18460648148148,377837.0,72246.0,520887.5125,13.18460648148148,75567.40000000001,-75567.40000000001,72246.0,517579.29710648145
757,0.757,c757,edge-4,520887.5125,13.222800925925926,377897.0,72449.0,520887.5125,13.222800925925926,75579.40000000001,-75579.40000000001,72449.0,517770.3353009259
758,0.758,c758,edge-3,520887.5125,13.220486111111112,378278.0,72622.0,520887.5125,13.220486111111112,75655.6,-75655.6,72622.0,517867.1329861111
759,0.759,c759,edge-1,520887.5125,13.211226851851853,378423.0,72787.0,520887.5125,13.211226851851853,75684.6,-75684.6,72787.0,518003.1237268519
760,0.76,c760,edge-6,520887.5125,13.242476851851853,378626.0,72992.0,520887.5125,13.242476851851853,75725.2,-75725.2,72992.0,518167.55497685185
761,0.761,c761,edge-6,520887.5125,13.243634259259261,379649.0,73199.0,520887.5125,13.243634259259261,75929.8,-75929.8,73199.0,518169.9561342593
762,0.762,c762,edge-5,520887.5125,13.263310185185185,380126.0,73364.0,520887.5125,13.263310185185185,76025.2,-76025.2,73364.0,518239.57581018517
763,0.763,c763,edge-1,520887.5125,13.277199074074074,380680.0,73531.0,520887.5125,13.277199074074074,76136.0,-76136.0,73531.0,518295.7896990741
764,0.764,c764,edge-5,520887.5125,13.295138888888891,381019.0,73698.0,520887.5125,13.295138888888891,76203.8,-76203.8,73698.0,518395.0076388889
765,0.765,c765,edge-1,520887.5125,13.310185185185185,381303.0,73867.0,520887.5125,13.310185185185185,76260.6,-76260.6,73867.0,518507.22268518514
766,0.766,c766,edge-6,520887.5125,13.309606481481483,381660.0,74076.0,520887.5125,13.309606481481483,76332.0,-76332.0,74076.0,518644.8221064815
767,0.767,c767,edge-3,520887.5125,13.346064814814815,382164.0,74251.0,520887.5125,13.346064814814815,76432.8,-76432.8,74251.0,518719.05856481486
768,0.768,c768,edge-7,520887.5125,13.353009259259258,382324.0,74448.0,520887.5125,13.353009259259258,76464.8,-76464.8,74448.0,518884.0655092593
769,0.769,c769,edge-4,520887.5125,13.366898148148147,382397.0,74653.0,520887.5125,13.366898148148147,76479.40000000001,-76479.40000000001,74653.0,519074.47939814813
770,0.77,c770,edge-8,520887.5125,13.359375,382990.0,74840.0,520887.5125,13.359375,76598.0,-76598.0,74840.0,519142.871875
771,0.771,c771,edge-3,520887.5125,13.358796296296298,383494.0,75017.0,520887.5125,13.358796296296298,76698.8,-76698.8,75017.0,519219.0712962963
772,0.772,c772,edge-7,520887.5125,13.371527777777779,383961.0,75216.0,520887.5125,13.371527777777779,76792.2,-76792.2,75216.0,519324.68402777775
773,0.773,c773,edge-5,520887.5125,13.407986111111112,384167.0,75385.0,520887.5125,13.407986111111112,76833.40000000001,-76833.40000000001,75385.0,519452.5204861111
774,0.774,c774,edge-5,520887.5125,13.439236111111112,384644.0,75556.0,520887.5125,13.439236111111112,76928.8,-76928.8,75556.0,519528.15173611115
775,0.775,c775,edge-4,520887.5125,13.436921296296296,385667.0,75763.0,520887.5125,13.436921296296296,77133.40000000001,-77133.40000000001,75763.0,519530.5494212963
776,0.776,c776,edge-4,520887.5125,13.454861111111112,386690.0,75972.0,520887.5125,13.454861111111112,77338.0,-77338.0,75972.0,519534.96736111114
777,0.777,c777,edge-3,520887.5125,13.461226851851851,387071.0,76151.0,520887.5125,13.461226851851851,77414.2,-77414.2,76151.0,519637.77372685185
778,0.778,c778,edge-1,520887.5125,13.48900462962963,387260.0,76322.0,520887.5125,13.48900462962963,77452.0,-77452.0,76322.0,519771.0015046296
779,0.779,c779,edge-7,520887.5125,13.525462962962964,387727.0,76523.0,520887.5125,13.525462962962964,77545.40000000001,-77545.40000000001,76523.0,519878.63796296297
780,0.78,c780,edge-5,520887.5125,13.541666666666668,388066.0,76696.0,520887.5125,13.541666666666668,77613.2,-77613.2,76696.0,519983.8541666667
781,0.781,c781,edge-3,520887.5125,13.532407407407408,388570.0,76877.0,520887.5125,13.532407407407408,77714.0,-77714.0,76877.0,520064.0449074074
782,0.782,c782,edge-6,520887.5125,13.535300925925927,389593.0,77088.0,520887.5125,13.535300925925927,77918.6,-77918.6,77088.0,520070.44780092593
783,0.783,c783,edge-4,520887.5125,13.575231481481483,390616.0,77299.0,520887.5125,13.575231481481483,78123.2,-78123.2,77299.0,520076.88773148146
784,0.784,c784,edge-1,520887.5125,13.60300925925926,390995.0,77472.0,520887.5125,13.60300925925926,78199.0,-78199.0,77472.0,520174.1155092593
785,0.785,c785,edge-4,520887.5125,13.604166666666668,391042.0,77685.0,520887.5125,13.604166666666668,78208.40000000001,-78208.40000000001,77685.0,520377.7166666667
786,0.786,c786,edge-1,520887.5125,13.619212962962962,391326.0,77860.0,520887.5125,13.619212962962962,78265.2,-78265.2,77860.0,520495.931712963
787,0.787,c787,edge-4,520887.5125,13.61863425925926,392349.0,78075.0,520887.5125,13.61863425925926,78469.8,-78469.8,78075.0,520506.3311342593
788,0.788,c788,edge-8,520887.5125,13.634837962962962,392625.0,78264.0,520887.5125,13.634837962962962,78525.0,-78525.0,78264.0,520640.147337963
789,0.789,c789,edge-5,520887.5125,13.651041666666664,393004.0,78439.0,520887.5125,13.651041666666664,78600.8,-78600.8,78439.0,520739.3635416667
790,0.79,c790,edge-3,520887.5125,13.653935185185183,393508.0,78622.0,520887.5125,13.653935185185183,78701.6,-78701.6,78622.0,520821.56643518514
791,0.791,c791,edge-4,520887.5125,13.671875,394531.0,78839.0,520887.5125,13.671875,78906.20000000001,-78906.20000000001,78839.0,520833.984375
792,0.792,c792,edge-5,520887.5125,13.69675925925926,394870.0,79016.0,520887.5125,13.69675925925926,78974.0,-78974.0,79016.0,520943.2092592593
793,0.793,c793,edge-2,520887.5125,13.70949074074074,395893.0,79241.0,520887.5125,13.70949074074074,79178.6,-79178.6,79241.0,520963.62199074076
794,0.794,c794,edge-3,520887.5125,13.727430555555555,396397.0,79426.0,520887.5125,13.727430555555555,79279.40000000001,-79279.40000000001,79426.0,521047.83993055555
795,0.795,c795,edge-5,520887.5125,13.730324074074073,396788.0,79605.0,520887.5125,13.730324074074073,79357.6,-79357.6,79605.0,521148.64282407414
796,0.796,c796,edge-4,520887.5125,13.776620370370368,396901.0,79824.0,520887.5125,13.776620370370368,79380.20000000001,-79380.20000000001,79824.0,521345.0891203704
797,0.797,c797,edge-8,520887.5125,13.789351851851851,397326.0,80015.0,520887.5125,13.789351851851851,79465.20000000001,-79465.20000000001,80015.0,521451.10185185185
798,0.798,c798,edge-1,520887.5125,13.828703703703702,397880.0,80192.0,520887.5125,13.828703703703702,79576.0,-79576.0,80192.0,521517.3412037037
799,0.799,c799,edge-2,520887.5125,13.841435185185183,398903.0,80419.0,520887.5125,13.841435185185183,79780.6,-79780.6,80419.0,521539.75393518514
800,0.8,c800,edge-2,520887.5125,13.872685185185183,399926.0,80648.0,520887.5125,13.872685185185183,79985.20000000001,-79985.20000000001,80648.0,521564.18518518517
801,0.801,c801,edge-4,520887.5125,13.87037037037037,400949.0,80869.0,520887.5125,13.87037037037037,80189.8,-80189.8,80869.0,521580.5828703704
802,0.802,c802,edge-6,520887.5125,13.884837962962962,401216.0,81082.0,520887.5125,13.884837962962962,80243.20000000001,-80243.20000000001,81082.0,521740.197337963
803,0.803,c803,edge-5,520887.5125,13.897569444444443,401422.0,81263.0,520887.5125,13.897569444444443,80284.40000000001,-80284.40000000001,81263.0,521880.0100694444
804,0.804,c804,edge-8,520887.5125,13.913773148148149,402015.0,81456.0,520887.5125,13.913773148148149,80403.0,-80403.0,81456.0,521954.42627314816
805,0.805,c805,edge-6,520887.5125,13.914930555555557,403038.0,81671.0,520887.5125,13.914930555555557,80607.6,-80607.6,81671.0,521964.8274305556
806,0.806,c806,edge-7,520887.5125,13.905671296296298,403505.0,81874.0,520887.5125,13.905671296296298,80701.0,-80701.0,81874.0,522074.4181712963
807,0.807,c807,edge-2,520887.5125,13.925347222222225,403508.0,82105.0,520887.5125,13.925347222222225,80701.6,-80701.6,82105.0,522304.8378472222
808,0.808,c808,edge-2,520887.5125,13.953125000000004,403521.0,82338.0,520887.5125,13.953125000000004,80704.20000000001,-80704.20000000001,82338.0,522535.265625
809,0.809,c809,edge-4,520887.5125,13.993055555555557,404544.0,82561.0,520887.5125,13.993055555555557,80908.8,-80908.8,82561.0,522553.7055555556
810,0.81,c810,edge-4,520887.5125,14.012731481481485,405567.0,82786.0,520887.5125,14.012731481481485,81113.40000000001,-81113.40000000001,82786.0,522574.12523148145
811,0.811,c811,edge-8,520887.5125,14.034143518518519,405992.0,82981.0,520887.5125,14.034143518518519,81198.40000000001,-81198.40000000001,82981.0,522684.1466435185
812,0.812,c812,edge-3,520887.5125,14.030092592592592,406253.0,83168.0,520887.5125,14.030092592592592,81250.6,-81250.6,83168.0,522818.94259259256
813,0.813,c813,edge-3,520887.5125,14.070023148148149,406514.0,83357.0,520887.5125,14.070023148148149,81302.8,-81302.8,83357.0,522955.78252314817
814,0.814,c814,edge-8,520887.5125,14.108217592592593,407107.0,83554.0,520887.5125,14.108217592592593,81421.40000000001,-81421.40000000001,83554.0,523034.2207175926
815,0.815,c815,edge-5,520887.5125,14.105902777777777,407486.0,83737.0,520887.5125,14.105902777777777,81497.20000000001,-81497.20000000001,83737.0,523141.41840277775
816,0.816,c816,edge-6,520887.5125,14.133680555555555,408509.0,83954.0,520887.5125,14.133680555555555,81701.8,-81701.8,83954.0,523153.8461805556
817,0.817,c817,edge-1,522645.56249999994,14.151041666666666,408536.0,84133.0,522645.56249999994,14.151041666666666,81707.20000000001,-81707.20000000001,84133.0,525085.5135416666
818,0.818,c818,edge-6,522645.56249999994,14.167245370370368,408893.0,84352.0,522645.56249999994,14.167245370370368,81778.6,-81778.6,84352.0,525233.1297453704
819,0.819,c819,edge-7,522645.56249999994,14.192708333333332,409053.0,84557.0,522645.56249999994,14.192708333333332,81810.6,-81810.6,84557.0,525406.1552083333
820,0.82,c820,edge-8,522645.56249999994,14.225694444444443,409329.0,84756.0,522645.56249999994,14.225694444444443,81865.8,-81865.8,84756.0,525549.9881944444
821,0.821,c821,edge-4,522645.56249999994,14.221643518518515,410352.0,84983.0,522645.56249999994,14.221643518518515,82070.40000000001,-82070.40000000001,84983.0,525572.3841435185
822,0.822,c822,edge-7,522645.56249999994,14.212384259259256,410529.0,85190.0,522645.56249999994,14.212384259259256,82105.8,-82105.8,85190.0,525743.9748842593
823,0.823,c823,edge-8,522645.56249999994,14.252314814814813,410896.0,85391.0,522645.56249999994,14.252314814814813,82179.20000000001,-82179.20000000001,85391.0,525871.6148148148
824,0.824,c824,edge-8,522645.56249999994,14.268518518518515,411321.0,85594.0,522645.56249999994,14.268518518518515,82264.20000000001,-82264.20000000001,85594.0,525989.6310185185
825,0.825,c825,edge-7,522645.56249999994,14.284722222222221,411667.0,85803.0,522645.56249999994,14.284722222222221,82333.40000000001,-82333.40000000001,85803.0,526129.4472222221
826,0.826,c826,edge-1,522645.56249999994,14.284722222222221,411812.0,85984.0,522645.56249999994,14.284722222222221,82362.40000000001,-82362.40000000001,85984.0,526281.4472222221
827,0.827,c827,edge-6,522645.56249999994,14.300925925925924,412079.0,86205.0,522645.56249999994,14.300925925925924,82415.8,-82415.8,86205.0,526449.0634259258
828,0.828,c828,edge-5,522645.56249999994,14.29513888888889,412556.0,86390.0,522645.56249999994,14.29513888888889,82511.20000000001,-82511.20000000001,86390.0,526538.6576388888
829,0.829,c829,edge-2,522645.56249999994,14.32986111111111,413579.0,86625.0,522645.56249999994,14.32986111111111,82715.8,-82715.8,86625.0,526569.0923611111
830,0.83,c830,edge-1,522645.56249999994,14.347222222222221,413958.0,86808.0,522645.56249999994,14.347222222222221,82791.6,-82791.6,86808.0,526676.3097222222
831,0.831,c831,edge-5,522645.56249999994,14.363425925925924,414435.0,86995.0,522645.56249999994,14.363425925925924,82887.0,-82887.0,86995.0,526767.9259259258
832,0.832,c832,edge-5,522645.56249999994,14.37962962962963,414774.0,87184.0,522645.56249999994,14.37962962962963,82954.8,-82954.8,87184.0,526889.1421296296
833,0.833,c833,edge-3,522645.56249999994,14.387731481481481,415155.0,87375.0,522645.56249999994,14.387731481481481,83031.0,-83031.0,87375.0,527003.9502314813
834,0.834,c834,edge-3,522645.56249999994,14.402199074074073,415659.0,87568.0,522645.56249999994,14.402199074074073,83131.8,-83131.8,87568.0,527096.1646990741
835,0.835,c835,edge-3,522645.56249999994,14.405092592592592,416040.0,87763.0,522645.56249999994,14.405092592592592,83208.0,-83208.0,87763.0,527214.9675925926
836,0.836,c836,edge-1,522645.56249999994,14.418981481481481,416272.0,87948.0,522645.56249999994,14.418981481481481,83254.40000000001,-83254.40000000001,87948.0,527353.5814814814
837,0.837,c837,edge-1,522645.56249999994,14.430555555555554,416422.0,88135.0,522645.56249999994,14.430555555555554,83284.40000000001,-83284.40000000001,88135.0,527510.5930555555
838,0.838,c838,edge-5,522645.56249999994,14.44675925925926,416899.0,88326.0,522645.56249999994,14.44675925925926,83379.8,-83379.8,88326.0,527606.2092592593
839,0.839,c839,edge-4,522645.56249999994,14.483217592592592,417922.0,88555.0,522645.56249999994,14.483217592592592,83584.40000000001,-83584.40000000001,88555.0,527630.6457175924
840,0.84,c840,edge-7,522645.56249999994,14.479166666666664,418319.0,88766.0,522645.56249999994,14.479166666666664,83663.8,-83663.8,88766.0,527762.2416666667
841,0.841,c841,edge-2,522645.56249999994,14.488425925925924,419342.0,89003.0,522645.56249999994,14.488425925925924,83868.40000000001,-83868.40000000001,89003.0,527794.6509259258
842,0.842,c842,edge-8,522645.56249999994,14.508101851851851,419386.0,89208.0,522645.56249999994,14.508101851851851,83877.20000000001,-83877.20000000001,89208.0,527990.8706018517
843,0.843,c843,edge-6,522645.56249999994,14.509259259259258,419610.0,89431.0,522645.56249999994,14.509259259259258,83922.0,-83922.0,89431.0,528169.0717592592
844,0.844,c844,edge-6,522645.56249999994,14.512152777777777,420633.0,89656.0,522645.56249999994,14.512152777777777,84126.6,-84126.6,89656.0,528189.4746527777
845,0.845,c845,edge-7,522645.56249999994,14.509837962962964,421100.0,89869.0,522645.56249999994,14.509837962962964,84220.0,-84220.0,89869.0,528309.0723379629
846,0.846,c846,edge-6,522645.56249999994,14.549768518518519,421272.0,90096.0,522645.56249999994,14.549768518518519,84254.40000000001,-84254.40000000001,90096.0,528501.7122685185
847,0.847,c847,edge-3,522645.56249999994,14.54050925925926,421533.0,90293.0,522645.56249999994,14.54050925925926,84306.6,-84306.6,90293.0,528646.5030092592
848,0.848,c848,edge-2,522645.56249999994,14.53125,422556.0,90532.0,522645.56249999994,14.53125,84511.20000000001,-84511.20000000001,90532.0,528680.8937499999
849,0.849,c849,edge-4,522645.56249999994,14.550925925925926,423579.0,90763.0,522645.56249999994,14.550925925925926,84715.8,-84715.8,90763.0,528707.3134259258
850,0.85,c850,edge-3,522645.56249999994,14.574074074074073,423960.0,90962.0,522645.56249999994,14.574074074074073,84792.0,-84792.0,90962.0,528830.136574074
851,0.851,c851,edge-6,522645.56249999994,14.60185185185185,424983.0,91191.0,522645.56249999994,14.60185185185185,84996.6,-84996.6,91191.0,528854.5643518518
852,0.852,c852,edge-8,522645.56249999994,14.638310185185183,425259.0,91398.0,522645.56249999994,14.638310185185183,85051.8,-85051.8,91398.0,529006.4008101851
853,0.853,c853,edge-3,522645.56249999994,14.669560185185183,425763.0,91599.0,522645.56249999994,14.669560185185183,85152.6,-85152.6,91599.0,529106.6320601851
854,0.854,c854,edge-2,522645.56249999994,14.662037037037038,426786.0,91840.0,522645.56249999994,14.662037037037038,85357.20000000001,-85357.20000000001,91840.0,529143.0245370369
855,0.855,c855,edge-6,522645.56249999994,14.689814814814817,427809.0,92071.0,522645.56249999994,14.689814814814817,85561.8,-85561.8,92071.0,529169.4523148148
856,0.856,c856,edge-8,522645.56249999994,14.721064814814817,428234.0,92280.0,522645.56249999994,14.721064814814817,85646.8,-85646.8,92280.0,529293.4835648148
857,0.857,c857,edge-5,522645.56249999994,14.718750000000002,428711.0,92473.0,522645.56249999994,14.718750000000002,85742.20000000001,-85742.20000000001,92473.0,529391.0812499999
858,0.858,c858,edge-1,522645.56249999994,14.753472222222223,429265.0,92662.0,522645.56249999994,14.753472222222223,85853.0,-85853.0,92662.0,529469.3159722222
859,0.859,c859,edge-2,522645.56249999994,14.784722222222223,429370.0,92905.0,522645.56249999994,14.784722222222223,85874.0,-85874.0,92905.0,529691.3472222222
860,0.86,c860,edge-7,522645.56249999994,14.795717592592592,429654.0,93120.0,522645.56249999994,14.795717592592592,85930.8,-85930.8,93120.0,529849.5582175925
861,0.861,c861,edge-1,522645.56249999994,14.793402777777779,429883.0,93311.0,522645.56249999994,14.793402777777779,85976.6,-85976.6,93311.0,529994.7559027777
862,0.862,c862,edge-7,522645.56249999994,14.794560185185187,430229.0,93528.0,522645.56249999994,14.794560185185187,86045.8,-86045.8,93528.0,530142.5570601851
863,0.863,c863,edge-5,522645.56249999994,14.785300925925927,430608.0,93723.0,522645.56249999994,14.785300925925927,86121.6,-86121.6,93723.0,530261.7478009259
864,0.864,c864,edge-6,522645.56249999994,14.828703703703706,431631.0,93956.0,522645.56249999994,14.828703703703706,86326.20000000001,-86326.20000000001,93956.0,530290.1912037036
865,0.865,c865,edge-1,522645.56249999994,14.843750000000004,431780.0,94149.0,522645.56249999994,14.843750000000004,86356.0,-86356.0,94149.0,530453.40625
866,0.866,c866,edge-2,522645.56249999994,14.837962962962965,432803.0,94394.0,522645.56249999994,14.837962962962965,86560.6,-86560.6,94394.0,530493.800462963
867,0.867,c867,edge-1,522645.56249999994,14.836805555555557,433182.0,94589.0,522645.56249999994,14.836805555555557,86636.40000000001,-86636.40000000001,94589.0,530612.9993055555
868,0.868,c868,edge-2,522962.2249999999,14.858217592592595,433182.0,94836.0,522962.2249999999,14.858217592592595,86636.40000000001,-86636.40000000001,94836.0,531176.6832175925
869,0.869,c869,edge-6,522962.2249999999,14.90162037037037,433354.0,95071.0,522962.2249999999,14.90162037037037,86670.8,-86670.8,95071.0,531377.3266203704
870,0.87,c870,edge-1,522962.2249999999,14.90625,433583.0,95268.0,522962.2249999999,14.90625,86716.6,-86716.6,95268.0,531528.5312499999
871,0.871,c871,edge-6,522962.2249999999,14.909143518518523,434606.0,95505.0,522962.2249999999,14.909143518518523,86921.20000000001,-86921.20000000001,95505.0,531560.9341435184
872,0.872,c872,edge-4,522962.2249999999,14.890625000000004,434719.0,95738.0,522962.2249999999,14.890625000000004,86943.8,-86943.8,95738.0,531771.3156249999
873,0.873,c873,edge-8,522962.2249999999,14.8900462962963,435144.0,95949.0,522962.2249999999,14.8900462962963,87028.8,-87028.8,95949.0,531897.3150462962
874,0.874,c874,edge-5,522962.2249999999,14.887731481481486,435351.0,96146.0,522962.2249999999,14.887731481481486,87070.20000000001,-87070.20000000001,96146.0,532052.9127314814
875,0.875,c875,edge-3,522962.2249999999,14.88541666666667,435612.0,96349.0,522962.2249999999,14.88541666666667,87122.40000000001,-87122.40000000001,96349.0,532203.7104166666
876,0.876,c876,edge-8,522962.2249999999,14.888310185185187,436205.0,96562.0,522962.2249999999,14.888310185185187,87241.0,-87241.0,96562.0,532298.113310185
877,0.877,c877,edge-1,522962.2249999999,14.906828703703706,436489.0,96761.0,522962.2249999999,14.906828703703706,87297.8,-87297.8,96761.0,532440.3318287036
878,0.878,c878,edge-6,522962.2249999999,14.938078703703706,436756.0,97000.0,522962.2249999999,14.938078703703706,87351.20000000001,-87351.20000000001,97000.0,532625.9630787036
879,0.879,c879,edge-1,522962.2249999999,14.945023148148149,436985.0,97201.0,522962.2249999999,14.945023148148149,87397.0,-87397.0,97201.0,532781.1700231481
880,0.88,c880,edge-5,522962.2249999999,14.964699074074076,437216.0,97400.0,522962.2249999999,14.964699074074076,87443.20000000001,-87443.20000000001,97400.0,532933.9896990741
881,0.881,c881,edge-3,522962.2249999999,15.008101851851855,437477.0,97605.0,522962.2249999999,15.008101851851855,87495.40000000001,-87495.40000000001,97605.0,533086.8331018517
882,0.882,c882,edge-8,522962.2249999999,15.004050925925931,438070.0,97820.0,522962.2249999999,15.004050925925931,87614.0,-87614.0,97820.0,533183.2290509258
883,0.883,c883,edge-3,522962.2249999999,15.043981481481485,438331.0,98027.0,522962.2249999999,15.043981481481485,87666.20000000001,-87666.20000000001,98027.0,533338.0689814814
884,0.884,c884,edge-4,522962.2249999999,15.068865740740744,438359.0,98262.0,522962.2249999999,15.068865740740744,87671.8,-87671.8,98262.0,533567.4938657407
885,0.885,c885,edge-3,522962.2249999999,15.08506944444445,438645.0,98471.0,522962.2249999999,15.08506944444445,87729.0,-87729.0,98471.0,533719.3100694444
886,0.886,c886,edge-2,522962.2249999999,15.101273148148152,439668.0,98720.0,522962.2249999999,15.101273148148152,87933.6,-87933.6,98720.0,533763.7262731481
887,0.887,c887,edge-8,522962.2249999999,15.13078703703704,440035.0,98937.0,522962.2249999999,15.13078703703704,88007.0,-88007.0,98937.0,533907.3557870369
888,0.888,c888,edge-3,522962.2249999999,15.130208333333334,440539.0,99148.0,522962.2249999999,15.130208333333334,88107.8,-88107.8,99148.0,534017.5552083333
889,0.889,c889,edge-7,522962.2249999999,15.148148148148147,440936.0,99367.0,522962.2249999999,15.148148148148147,88187.20000000001,-88187.20000000001,99367.0,534157.173148148
890,0.89,c890,edge-2,522962.2249999999,15.181134259259258,441959.0,99618.0,522962.2249999999,15.181134259259258,88391.8,-88391.8,99618.0,534203.6061342591
891,0.891,c891,edge-4,522962.2249999999,15.178819444444445,442982.0,99855.0,522962.2249999999,15.178819444444445,88596.40000000001,-88596.40000000001,99855.0,534236.0038194443
892,0.892,c892,edge-7,522962.2249999999,15.222222222222223,443266.0,100076.0,522962.2249999999,15.222222222222223,88653.20000000001,-88653.20000000001,100076.0,534400.2472222222
893,0.893,c893,edge-4,522962.2249999999,15.258680555555555,444289.0,100315.0,522962.2249999999,15.258680555555555,88857.8,-88857.8,100315.0,534434.6836805556
894,0.894,c894,edge-6,522962.2249999999,15.251157407407407,444556.0,100556.0,522962.2249999999,15.251157407407407,88911.20000000001,-88911.20000000001,100556.0,534622.2761574073
895,0.895,c895,edge-8,522962.2249999999,15.26736111111111,444832.0,100775.0,522962.2249999999,15.26736111111111,88966.40000000001,-88966.40000000001,100775.0,534786.092361111
896,0.896,c896,edge-2,522962.2249999999,15.303819444444443,444845.0,101028.0,522962.2249999999,15.303819444444443,88969.0,-88969.0,101028.0,535036.5288194444
897,0.897,c897,edge-8,522962.2249999999,15.338541666666664,445438.0,101249.0,522962.2249999999,15.338541666666664,89087.6,-89087.6,101249.0,535138.9635416666
898,0.898,c898,edge-8,522962.2249999999,15.336226851851851,445714.0,101472.0,522962.2249999999,15.336226851851851,89142.8,-89142.8,101472.0,535306.7612268517
899,0.899,c899,edge-7,522962.2249999999,15.326967592592592,446181.0,101695.0,522962.2249999999,15.326967592592592,89236.20000000001,-89236.20000000001,101695.0,535436.3519675925
900,0.9,c900,edge-2,522962.2249999999,15.343171296296298,447204.0,101950.0,522962.2249999999,15.343171296296298,89440.8,-89440.8,101950.0,535486.7681712962
901,0.901,c901,edge-5,522962.2249999999,15.352430555555557,447681.0,102151.0,522962.2249999999,15.352430555555557,89536.20000000001,-89536.20000000001,102151.0,535592.3774305554
902,0.902,c902,edge-3,522962.2249999999,15.370370370370374,448062.0,102364.0,522962.2249999999,15.370370370370374,89612.40000000001,-89612.40000000001,102364.0,535729.1953703703
903,0.903,c903,edge-5,522962.2249999999,15.368055555555557,448268.0,102567.0,522962.2249999999,15.368055555555557,89653.6,-89653.6,102567.0,535890.9930555555
904,0.904,c904,edge-7,522962.2249999999,15.409722222222225,448735.0,102792.0,522962.2249999999,15.409722222222225,89747.0,-89747.0,102792.0,536022.6347222221
905,0.905,c905,edge-7,522962.2249999999,15.446180555555557,449202.0,103019.0,522962.2249999999,15.446180555555557,89840.40000000001,-89840.40000000001,103019.0,536156.2711805555
906,0.906,c906,edge-5,522962.2249999999,15.471064814814817,449581.0,103224.0,522962.2249999999,15.471064814814817,89916.20000000001,-89916.20000000001,103224.0,536285.4960648147
907,0.907,c907,edge-3,522962.2249999999,15.470486111111114,449962.0,103439.0,522962.2249999999,15.470486111111114,89992.40000000001,-89992.40000000001,103439.0,536424.295486111
908,0.908,c908,edge-1,522962.2249999999,15.500578703703706,450516.0,103642.0,522962.2249999999,15.500578703703706,90103.20000000001,-90103.20000000001,103642.0,536516.5255787036
909,0.909,c909,edge-4,522962.2249999999,15.49826388888889,451539.0,103883.0,522962.2249999999,15.49826388888889,90307.8,-90307.8,103883.0,536552.9232638888
910,0.91,c910,edge-4,522962.2249999999,15.514467592592595,451603.0,104126.0,522962.2249999999,15.514467592592595,90320.6,-90320.6,104126.0,536783.1394675925
911,0.911,c911,edge-5,522962.2249999999,15.539351851851855,451810.0,104333.0,522962.2249999999,15.539351851851855,90362.0,-90362.0,104333.0,536948.7643518518
912,0.912,c912,edge-1,522962.2249999999,15.55324074074074,452364.0,104538.0,522962.2249999999,15.55324074074074,90472.8,-90472.8,104538.0,537042.9782407407
913,0.913,c913,edge-5,522962.2249999999,15.571180555555557,452755.0,104747.0,522962.2249999999,15.571180555555557,90551.0,-90551.0,104747.0,537173.7961805555
914,0.914,c914,edge-3,522962.2249999999,15.598958333333336,453016.0,104964.0,522962.2249999999,15.598958333333336,90603.20000000001,-90603.20000000001,104964.0,537338.6239583332
915,0.915,c915,edge-5,522962.2249999999,15.635416666666668,453493.0,105175.0,522962.2249999999,15.635416666666668,90698.6,-90698.6,105175.0,537454.2604166666
916,0.916,c916,edge-6,522962.2249999999,15.648148148148149,453850.0,105418.0,522962.2249999999,15.648148148148149,90770.0,-90770.0,105418.0,537625.8731481481
917,0.917,c917,edge-1,522962.2249999999,15.668981481481485,454404.0,105625.0,522962.2249999999,15.668981481481485,90880.8,-90880.8,105625.0,537722.0939814814
918,0.918,c918,edge-8,522962.2249999999,15.671875000000002,454771.0,105850.0,522962.2249999999,15.671875000000002,90954.20000000001,-90954.20000000001,105850.0,537873.6968749999
919,0.919,c919,edge-8,522962.2249999999,15.713541666666668,455138.0,106077.0,522962.2249999999,15.713541666666668,91027.6,-91027.6,106077.0,538027.3385416666
920,0.92,c920,edge-7,522962.2249999999,15.711226851851853,455535.0,106306.0,522962.2249999999,15.711226851851853,91107.0,-91107.0,106306.0,538176.9362268518
921,0.921,c921,edge-7,522962.2249999999,15.71412037037037,455653.0,106537.0,522962.2249999999,15.71412037037037,91130.6,-91130.6,106537.0,538384.3391203703
922,0.922,c922,edge-1,522962.2249999999,15.739583333333332,455885.0,106746.0,522962.2249999999,15.739583333333332,91177.0,-91177.0,106746.0,538546.9645833332
923,0.923,c923,edge-5,522962.2249999999,15.759259259259256,456264.0,106959.0,522962.2249999999,15.759259259259256,91252.8,-91252.8,106959.0,538684.1842592591
924,0.924,c924,edge-1,522962.2249999999,15.793981481481481,456818.0,107170.0,522962.2249999999,15.793981481481481,91363.6,-91363.6,107170.0,538784.4189814813
925,0.925,c925,edge-3,522962.2249999999,15.800347222222221,457322.0,107389.0,522962.2249999999,15.800347222222221,91464.40000000001,-91464.40000000001,107389.0,538902.6253472222
926,0.926,c926,edge-4,522962.2249999999,15.799768518518515,458345.0,107634.0,522962.2249999999,15.799768518518515,91669.0,-91669.0,107634.0,538943.0247685185
927,0.927,c927,edge-6,522962.2249999999,15.821180555555552,459368.0,107879.0,522962.2249999999,15.821180555555552,91873.6,-91873.6,107879.0,538983.4461805555
928,0.928,c928,edge-8,522962.2249999999,15.827546296296292,459414.0,108108.0,522962.2249999999,15.827546296296292,91882.8,-91882.8,108108.0,539203.2525462962
929,0.929,c929,edge-3,522962.2249999999,15.843749999999998,459918.0,108329.0,522962.2249999999,15.843749999999998,91983.6,-91983.6,108329.0,539323.4687499999
930,0.93,c930,edge-6,522962.2249999999,15.84837962962963,460941.0,108576.0,522962.2249999999,15.84837962962963,92188.20000000001,-92188.20000000001,108576.0,539365.8733796296
931,0.931,c931,edge-6,522962.2249999999,15.883101851851851,461208.0,108825.0,522962.2249999999,15.883101851851851,92241.6,-92241.6,108825.0,539561.5081018518
932,0.932,c932,edge-6,522962.2249999999,15.904513888888888,461475.0,109076.0,522962.2249999999,15.904513888888888,92295.0,-92295.0,109076.0,539759.1295138889
933,0.933,c933,edge-8,522962.2249999999,15.937499999999998,462068.0,109307.0,522962.2249999999,15.937499999999998,92413.6,-92413.6,109307.0,539871.5624999999
934,0.934,c934,edge-4,522962.2249999999,15.977430555555552,463091.0,109554.0,522962.2249999999,15.977430555555552,92618.20000000001,-92618.20000000001,109554.0,539914.0024305554
935,0.935,c935,edge-5,522962.2249999999,15.983796296296294,463482.0,109769.0,522962.2249999999,15.983796296296294,92696.40000000001,-92696.40000000001,109769.0,540050.8087962961
936,0.936,c936,edge-3,522962.2249999999,16.008680555555554,463863.0,109992.0,522962.2249999999,16.008680555555554,92772.6,-92772.6,109992.0,540197.6336805555
937,0.937,c937,edge-1,522962.2249999999,16.015625,464417.0,110205.0,522962.2249999999,16.015625,92883.40000000001,-92883.40000000001,110205.0,540299.840625
938,0.938,c938,edge-4,522962.2249999999,16.031828703703702,465440.0,110454.0,522962.2249999999,16.031828703703702,93088.0,-93088.0,110454.0,540344.2568287037
939,0.939,c939,edge-2,522962.2249999999,16.046296296296298,466463.0,110711.0,522962.2249999999,16.046296296296298,93292.6,-93292.6,110711.0,540396.6712962962
940,0.94,c940,edge-3,522962.2249999999,16.06423611111111,466967.0,110936.0,522962.2249999999,16.06423611111111,93393.40000000001,-93393.40000000001,110936.0,540520.889236111
941,0.941,c941,edge-4,522962.2249999999,16.104166666666664,467990.0,111187.0,522962.2249999999,16.104166666666664,93598.0,-93598.0,111187.0,540567.3291666666
942,0.942,c942,edge-3,522962.2249999999,16.103587962962962,468494.0,111414.0,522962.2249999999,16.103587962962962,93698.8,-93698.8,111414.0,540693.528587963
943,0.943,c943,edge-2,522962.2249999999,16.136574074074073,469517.0,111673.0,522962.2249999999,16.136574074074073,93903.40000000001,-93903.40000000001,111673.0,540747.961574074
944,0.944,c944,edge-2,522962.2249999999,16.166087962962962,470540.0,111934.0,522962.2249999999,16.166087962962962,94108.0,-94108.0,111934.0,540804.3910879629
945,0.945,c945,edge-6,522962.2249999999,16.182291666666668,470897.0,112187.0,522962.2249999999,16.182291666666668,94179.40000000001,-94179.40000000001,112187.0,540986.0072916666
946,0.946,c946,edge-3,522962.2249999999,16.205439814814817,470943.0,112416.0,522962.2249999999,16.205439814814817,94188.6,-94188.6,112416.0,541205.8304398147
947,0.947,c947,edge-2,522962.2249999999,16.238425925925927,471048.0,112679.0,522962.2249999999,16.238425925925927,94209.6,-94209.6,112679.0,541447.8634259258
948,0.948,c948,edge-7,522962.2249999999,16.247685185185187,471394.0,112912.0,522962.2249999999,16.247685185185187,94278.8,-94278.8,112912.0,541611.6726851851
949,0.949,c949,edge-6,522962.2249999999,16.291087962962962,472417.0,113167.0,522962.2249999999,16.291087962962962,94483.40000000001,-94483.40000000001,113167.0,541662.1160879629
950,0.95,c950,edge-5,522962.2249999999,16.285300925925927,472894.0,113384.0,522962.2249999999,16.285300925925927,94578.8,-94578.8,113384.0,541783.7103009259
951,0.951,c951,edge-1,522962.2249999999,16.32696759259259,473448.0,113599.0,522962.2249999999,16.32696759259259,94689.6,-94689.6,113599.0,541887.9519675925
952,0.952,c952,edge-7,522962.2249999999,16.322916666666664,473915.0,113834.0,522962.2249999999,16.322916666666664,94783.0,-94783.0,113834.0,542029.5479166666
953,0.953,c953,edge-8,522962.2249999999,16.33912037037037,474191.0,114067.0,522962.2249999999,16.33912037037037,94838.20000000001,-94838.20000000001,114067.0,542207.3641203702
954,0.954,c954,edge-3,522962.2249999999,16.37384259259259,474410.0,114298.0,522962.2249999999,16.37384259259259,94882.0,-94882.0,114298.0,542394.5988425924
955,0.955,c955,edge-4,522962.2249999999,16.402199074074073,474438.0,114551.0,522962.2249999999,16.402199074074073,94887.6,-94887.6,114551.0,542642.027199074
956,0.956,c956,edge-2,522962.2249999999,16.44212962962963,474552.0,114816.0,522962.2249999999,16.44212962962963,94910.40000000001,-94910.40000000001,114816.0,542884.2671296295
957,0.957,c957,edge-4,522962.2249999999,16.47511574074074,474577.0,115071.0,522962.2249999999,16.47511574074074,94915.40000000001,-94915.40000000001,115071.0,543134.3001157406
958,0.958,c958,edge-3,522962.2249999999,16.5,474958.0,115304.0,522962.2249999999,16.5,94991.6,-94991.6,115304.0,543291.1249999999
959,0.959,c959,edge-6,522962.2249999999,16.50462962962963,475981.0,115561.0,522962.2249999999,16.50462962962963,95196.20000000001,-95196.20000000001,115561.0,543343.5296296296
960,0.96,c960,edge-2,522962.2249999999,16.502314814814817,476049.0,115828.0,522962.2249999999,16.502314814814817,95209.8,-95209.8,115828.0,543596.9273148148
961,0.961,c961,edge-2,522962.2249999999,16.533564814814817,477072.0,116097.0,522962.2249999999,16.533564814814817,95414.40000000001,-95414.40000000001,116097.0,543661.3585648148
962,0.962,c962,edge-4,522962.2249999999,16.57349537037037,477136.0,116354.0,522962.2249999999,16.57349537037037,95427.20000000001,-95427.20000000001,116354.0,543905.5984953702
963,0.963,c963,edge-1,522962.2249999999,16.59548611111111,477325.0,116571.0,522962.2249999999,16.59548611111111,95465.0,-95465.0,116571.0,544084.8204861111
964,0.964,c964,edge-7,522962.2249999999,16.613425925925924,477722.0,116808.0,522962.2249999999,16.613425925925924,95544.40000000001,-95544.40000000001,116808.0,544242.4384259258
965,0.965,c965,edge-2,522962.2249999999,16.622685185185187,478745.0,117079.0,522962.2249999999,16.622685185185187,95749.0,-95749.0,117079.0,544308.847685185
966,0.966,c966,edge-6,522962.2249999999,16.622106481481485,479768.0,117338.0,522962.2249999999,16.622106481481485,95953.6,-95953.6,117338.0,544363.2471064813
967,0.967,c967,edge-6,522962.2249999999,16.656828703703706,479992.0,117599.0,522962.2249999999,16.656828703703706,95998.40000000001,-95998.40000000001,117599.0,544579.4818287035
968,0.968,c968,edge-4,522962.2249999999,16.652199074074073,480098.0,117858.0,522962.2249999999,16.652199074074073,96019.6,-96019.6,117858.0,544817.277199074
969,0.969,c969,edge-6,522962.2249999999,16.69560185185185,481121.0,118121.0,522962.2249999999,16.69560185185185,96224.20000000001,-96224.20000000001,118121.0,544875.7206018518
970,0.97,c970,edge-5,522962.2249999999,16.691550925925927,481598.0,118340.0,522962.2249999999,16.691550925925927,96319.6,-96319.6,118340.0,544999.3165509258
971,0.971,c971,edge-6,522962.2249999999,16.69097222222222,482621.0,118605.0,522962.2249999999,16.69097222222222,96524.20000000001,-96524.20000000001,118605.0,545059.7159722222
972,0.972,c972,edge-7,522962.2249999999,16.69212962962963,483018.0,118844.0,522962.2249999999,16.69212962962963,96603.6,-96603.6,118844.0,545219.3171296295
973,0.973,c973,edge-1,522962.2249999999,16.716435185185187,483397.0,119063.0,522962.2249999999,16.716435185185187,96679.40000000001,-96679.40000000001,119063.0,545362.5414351851
974,0.974,c974,edge-4,522962.2249999999,16.730324074074076,483503.0,119324.0,522962.2249999999,16.730324074074076,96700.6,-96700.6,119324.0,545602.355324074
975,0.975,c975,edge-4,522962.2249999999,16.751736111111114,484526.0,119587.0,522962.2249999999,16.751736111111114,96905.20000000001,-96905.20000000001,119587.0,545660.776736111
976,0.976,c976,edge-1,522962.2249999999,16.75752314814815,484905.0,119808.0,522962.2249999999,16.75752314814815,96981.0,-96981.0,119808.0,545805.9825231481
977,0.977,c977,edge-4,522962.2249999999,16.771990740740744,485928.0,120073.0,522962.2249999999,16.771990740740744,97185.6,-97185.6,120073.0,545866.3969907407
978,0.978,c978,edge-6,522962.2249999999,16.77314814814815,486195.0,120340.0,522962.2249999999,16.77314814814815,97239.0,-97239.0,120340.0,546079.9981481481
979,0.979,c979,edge-7,522962.2249999999,16.794560185185187,486662.0,120581.0,522962.2249999999,16.794560185185187,97332.40000000001,-97332.40000000001,120581.0,546227.6195601851
980,0.98,c980,edge-4,522962.2249999999,16.787037037037038,486726.0,120848.0,522962.2249999999,16.787037037037038,97345.20000000001,-97345.20000000001,120848.0,546481.812037037
981,0.981,c981,edge-6,522962.2249999999,16.79340277777778,487749.0,121117.0,522962.2249999999,16.79340277777778,97549.8,-97549.8,121117.0,546546.2184027777
982,0.982,c982,edge-5,522962.2249999999,16.792824074074076,487980.0,121338.0,522962.2249999999,16.792824074074076,97596.0,-97596.0,121338.0,546721.017824074
983,0.983,c983,edge-5,522962.2249999999,16.824074074074076,488457.0,121561.0,522962.2249999999,16.824074074074076,97691.40000000001,-97691.40000000001,121561.0,546848.649074074
984,0.984,c984,edge-6,522962.2249999999,16.828703703703706,489480.0,121832.0,522962.2249999999,16.828703703703706,97896.0,-97896.0,121832.0,546915.0537037037
985,0.985,c985,edge-3,522962.2249999999,16.85011574074074,489861.0,122067.0,522962.2249999999,16.85011574074074,97972.20000000001,-97972.20000000001,122067.0,547073.8751157406
986,0.986,c986,edge-7,522962.2249999999,16.88310185185185,490328.0,122310.0,522962.2249999999,16.88310185185185,98065.6,-98065.6,122310.0,547223.5081018518
987,0.987,c987,edge-4,522962.2249999999,16.88946759259259,490371.0,122579.0,522962.2249999999,16.88946759259259,98074.20000000001,-98074.20000000001,122579.0,547483.9144675925
988,0.988,c988,edge-5,522962.2249999999,16.890625,490848.0,122804.0,522962.2249999999,16.890625,98169.6,-98169.6,122804.0,547613.5156249999
989,0.989,c989,edge-1,522962.2249999999,16.92303240740741,491402.0,123027.0,522962.2249999999,16.92303240740741,98280.40000000001,-98280.40000000001,123027.0,547725.7480324074
990,0.99,c990,edge-7,522962.2249999999,16.95601851851852,491579.0,123272.0,522962.2249999999,16.95601851851852,98315.8,-98315.8,123272.0,547935.3810185185
991,0.991,c991,edge-8,522962.2249999999,16.95196759259259,492172.0,123507.0,522962.2249999999,16.95196759259259,98434.40000000001,-98434.40000000001,123507.0,548051.7769675925
992,0.992,c992,edge-6,522962.2249999999,16.953125,493195.0,123780.0,522962.2249999999,16.953125,98639.0,-98639.0,123780.0,548120.1781249999
993,0.993,c993,edge-1,522962.2249999999,16.96238425925926,493574.0,124005.0,522962.2249999999,16.96238425925926,98714.8,-98714.8,124005.0,548269.3873842591
994,0.994,c994,edge-1,522962.2249999999,16.999421296296298,494128.0,124232.0,522962.2249999999,16.999421296296298,98825.6,-98825.6,124232.0,548385.6244212962
995,0.995,c995,edge-6,522962.2249999999,17.024305555555557,495151.0,124507.0,522962.2249999999,17.024305555555557,99030.20000000001,-99030.20000000001,124507.0,548456.0493055554
996,0.996,c996,edge-8,522962.2249999999,17.023726851851855,495744.0,124744.0,522962.2249999999,17.023726851851855,99148.8,-99148.8,124744.0,548574.4487268517
997,0.997,c997,edge-4,522962.2249999999,17.04340277777778,496767.0,125015.0,522962.2249999999,17.04340277777778,99353.40000000001,-99353.40000000001,125015.0,548640.8684027777
998,0.998,c998,edge-1,522962.2249999999,17.058449074074076,497051.0,125244.0,522962.2249999999,17.058449074074076,99410.20000000001,-99410.20000000001,125244.0,548813.0834490741
999,0.999,c999,edge-6,522962.2249999999,17.083333333333336,498074.0,125521.0,522962.2249999999,17.083333333333336,99614.8,-99614.8,125521.0,548885.5083333333
1000,1.0,c1000,edge-4,522962.2249999999,17.123263888888893,499097.0,125794.0,522962.2249999999,17.123263888888893,99819.40000000001,-99819.40000000001,125794.0,548953.9482638887
