iter,progress,container_id,chosen_node,raw_delay,raw_frag,raw_aff,raw_load,delay_term,frag_term,aff_reward_term,aff_contrib_to_phi,load_term,phi_total
1,0.00125,c001,edge-6,456.0125,0.041666666666666664,0.0,1.0,456.0125,0.041666666666666664,0.0,-0.0,1.0,457.0541666666667
2,0.0025,c002,edge-5,2451.2791666666667,0.04976851851851852,0.0,2.0,2451.2791666666667,0.04976851851851852,0.0,-0.0,2.0,2453.3289351851854
3,0.00375,c003,edge-2,15532.891666666666,0.06481481481481481,0.0,3.0,15532.891666666666,0.06481481481481481,0.0,-0.0,3.0,15535.956481481482
4,0.005,c004,edge-3,17448.24166666667,0.08101851851851852,0.0,4.0,17448.24166666667,0.08101851851851852,0.0,-0.0,4.0,17452.322685185187
5,0.00625,c005,edge-4,30529.854166666664,0.12268518518518517,0.0,5.0,30529.854166666664,0.12268518518518517,0.0,-0.0,5.0,30534.97685185185
6,0.0075,c006,edge-8,30561.104166666664,0.1423611111111111,0.0,6.0,30561.104166666664,0.1423611111111111,0.0,-0.0,6.0,30567.246527777774
7,0.00875,c007,edge-6,30732.291666666664,0.1435185185185185,191.0,9.0,30732.291666666664,0.1435185185185185,38.2,-38.2,9.0,30703.23518518518
8,0.01,c008,edge-2,31066.879166666666,0.14930555555555552,191.0,12.0,31066.879166666666,0.14930555555555552,38.2,-38.2,12.0,31040.82847222222
9,0.01125,c009,edge-4,31066.879166666666,0.19270833333333331,1214.0,15.0,31066.879166666666,0.19270833333333331,242.8,-242.8,15.0,30839.271875
10,0.0125,c010,edge-3,38033.19583333334,0.21064814814814814,1214.0,18.0,38033.19583333334,0.21064814814814814,242.8,-242.8,18.0,37808.60648148148
11,0.01375,c011,edge-3,44575.59583333333,0.24016203703703703,1214.0,23.0,44575.59583333333,0.24016203703703703,242.8,-242.8,23.0,44356.03599537037
12,0.015,c012,edge-4,44575.59583333333,0.2835648148148148,2237.0,28.0,44575.59583333333,0.2835648148148148,447.40000000000003,-447.40000000000003,28.0,44156.47939814815
13,0.01625,c013,edge-3,44575.59583333333,0.28356481481481477,2469.0,35.0,44575.59583333333,0.28356481481481477,493.8,-493.8,35.0,44117.07939814815
14,0.0175,c014,edge-7,48809.19583333333,0.30902777777777773,2469.0,36.0,48809.19583333333,0.30902777777777773,493.8,-493.8,36.0,48351.70486111111
15,0.01875,c015,edge-4,48809.19583333333,0.30497685185185186,3492.0,43.0,48809.19583333333,0.30497685185185186,698.4000000000001,-698.4000000000001,43.0,48154.100810185184
16,0.02,c016,edge-1,49154.79583333334,0.3263888888888889,3492.0,44.0,49154.79583333334,0.3263888888888889,698.4000000000001,-698.4000000000001,44.0,48500.722222222226
17,0.02125,c017,edge-5,58148.59583333333,0.3425925925925926,3493.0,47.0,58148.59583333333,0.3425925925925926,698.6,-698.6,47.0,57497.338425925926
18,0.0225,c018,edge-7,62627.145833333336,0.3576388888888889,3493.0,50.0,62627.145833333336,0.3576388888888889,698.6,-698.6,50.0,61978.90347222223
19,0.02375,c019,edge-1,63945.81249999999,0.3993055555555556,3493.0,53.0,63945.81249999999,0.3993055555555556,698.6,-698.6,53.0,63300.61180555555
20,0.025,c020,edge-8,69082.67499999999,0.4288194444444445,3493.0,56.0,69082.67499999999,0.4288194444444445,698.6,-698.6,56.0,68440.50381944442
21,0.02625,c021,edge-5,78113.87499999999,0.45833333333333337,3493.0,61.0,78113.87499999999,0.45833333333333337,698.6,-698.6,61.0,77476.73333333331
22,0.0275,c022,edge-2,78113.87499999999,0.47685185185185186,4516.0,66.0,78113.87499999999,0.47685185185185186,903.2,-903.2,66.0,77277.15185185184
23,0.02875,c023,edge-5,92942.20833333331,0.4797453703703704,4563.0,73.0,92942.20833333331,0.4797453703703704,912.6,-912.6,73.0,92103.08807870367
24,0.03,c024,edge-8,102005.20833333331,0.484375,4564.0,78.0,102005.20833333331,0.484375,912.8000000000001,-912.8000000000001,78.0,101170.89270833331
25,0.03125,c025,edge-1,103611.75833333333,0.48900462962962965,4591.0,83.0,103611.75833333333,0.48900462962962965,918.2,-918.2,83.0,102777.04733796297
26,0.0325,c026,edge-5,103611.75833333333,0.5069444444444444,5058.0,92.0,103611.75833333333,0.5069444444444444,1011.6,-1011.6,92.0,102692.66527777776
27,0.03375,c027,edge-3,109847.69166666665,0.5416666666666667,5087.0,101.0,109847.69166666665,0.5416666666666667,1017.4000000000001,-1017.4000000000001,101.0,108931.83333333333
28,0.035,c028,edge-2,109847.69166666665,0.556712962962963,6110.0,108.0,109847.69166666665,0.556712962962963,1222.0,-1222.0,108.0,108734.24837962961
29,0.03625,c029,edge-7,110991.55833333332,0.5717592592592593,6110.0,113.0,110991.55833333332,0.5717592592592593,1222.0,-1222.0,113.0,109883.13009259258
30,0.0375,c030,edge-6,110991.55833333332,0.5931712962962963,6301.0,118.0,110991.55833333332,0.5931712962962963,1260.2,-1260.2,118.0,109849.95150462961
31,0.03875,c031,edge-7,110991.55833333332,0.5989583333333334,6805.0,125.0,110991.55833333332,0.5989583333333334,1361.0,-1361.0,125.0,109756.15729166665
32,0.04,c032,edge-2,110991.55833333332,0.6012731481481481,7828.0,134.0,110991.55833333332,0.6012731481481481,1565.6000000000001,-1565.6000000000001,134.0,109560.55960648146
33,0.04125,c033,edge-2,110991.55833333332,0.6151620370370371,8851.0,145.0,110991.55833333332,0.6151620370370371,1770.2,-1770.2,145.0,109366.97349537036
34,0.0425,c034,edge-8,121506.05833333332,0.6568287037037038,8878.0,152.0,121506.05833333332,0.6568287037037038,1775.6000000000001,-1775.6000000000001,152.0,119883.11516203702
35,0.04375,c035,edge-3,122156.875,0.6684027777777779,9240.0,163.0,122156.875,0.6684027777777779,1848.0,-1848.0,163.0,120472.54340277778
36,0.045,c036,edge-5,131156.34166666665,0.6846064814814815,9241.0,174.0,131156.34166666665,0.6846064814814815,1848.2,-1848.2,174.0,129482.82627314814
37,0.04625,c037,edge-8,131156.34166666665,0.7175925925925926,9834.0,183.0,131156.34166666665,0.7175925925925926,1966.8000000000002,-1966.8000000000002,183.0,129373.25925925923
38,0.0475,c038,edge-8,131156.34166666665,0.7505787037037037,10259.0,194.0,131156.34166666665,0.7505787037037037,2051.8,-2051.8,194.0,129299.29224537035
39,0.04875,c039,edge-3,131156.34166666665,0.7673611111111112,10598.0,207.0,131156.34166666665,0.7673611111111112,2119.6,-2119.6,207.0,129244.50902777776
40,0.05,c040,edge-8,131156.34166666665,0.7818287037037037,10965.0,220.0,131156.34166666665,0.7818287037037037,2193.0,-2193.0,220.0,129184.12349537035
41,0.05125,c041,edge-4,131156.34166666665,0.782986111111111,11988.0,229.0,131156.34166666665,0.782986111111111,2397.6,-2397.6,229.0,128988.52465277776
42,0.0525,c042,edge-8,131156.34166666665,0.7841435185185185,12581.0,244.0,131156.34166666665,0.7841435185185185,2516.2000000000003,-2516.2000000000003,244.0,128884.92581018516
43,0.05375,c043,edge-2,131156.34166666665,0.7991898148148148,13604.0,257.0,131156.34166666665,0.7991898148148148,2720.8,-2720.8,257.0,128693.34085648145
44,0.055,c044,edge-2,131156.34166666665,0.822337962962963,14627.0,272.0,131156.34166666665,0.822337962962963,2925.4,-2925.4,272.0,128503.7640046296
45,0.05625,c045,edge-1,136694.34166666665,0.851851851851852,14627.0,279.0,136694.34166666665,0.851851851851852,2925.4,-2925.4,279.0,134048.7935185185
46,0.0575,c046,edge-8,136694.34166666665,0.8512731481481483,15220.0,296.0,136694.34166666665,0.8512731481481483,3044.0,-3044.0,296.0,133947.1929398148
47,0.05875,c047,edge-5,136694.34166666665,0.8859953703703705,15687.0,309.0,136694.34166666665,0.8859953703703705,3137.4,-3137.4,309.0,133866.82766203702
48,0.06,c048,edge-5,138056.425,0.9276620370370371,15778.0,324.0,138056.425,0.9276620370370371,3155.6000000000004,-3155.6000000000004,324.0,135225.75266203703
49,0.06125,c049,edge-2,138056.425,0.9438657407407408,16801.0,341.0,138056.425,0.9438657407407408,3360.2000000000003,-3360.2000000000003,341.0,135038.1688657407
50,0.0625,c050,edge-2,138056.425,0.9693287037037037,17824.0,360.0,138056.425,0.9693287037037037,3564.8,-3564.8,360.0,134852.5943287037
51,0.06375,c051,edge-2,138056.425,0.9913194444444445,18847.0,381.0,138056.425,0.9913194444444445,3769.4,-3769.4,381.0,134669.01631944443
52,0.065,c052,edge-8,138056.425,1.0208333333333335,19272.0,400.0,138056.425,1.0208333333333335,3854.4,-3854.4,400.0,134603.04583333334
53,0.06625,c053,edge-4,138056.425,1.0219907407407407,20295.0,411.0,138056.425,1.0219907407407407,4059.0,-4059.0,411.0,134409.44699074072
54,0.0675,c054,edge-7,138056.425,1.0532407407407407,20799.0,420.0,138056.425,1.0532407407407407,4159.8,-4159.8,420.0,134317.67824074073
55,0.06875,c055,edge-5,146188.29166666666,1.0543981481481481,20828.0,437.0,146188.29166666666,1.0543981481481481,4165.6,-4165.6,437.0,142460.7460648148
56,0.07,c056,edge-1,157729.89166666666,1.0538194444444444,20829.0,446.0,157729.89166666666,1.0538194444444444,4165.8,-4165.8,446.0,154011.1454861111
57,0.07125,c057,edge-5,157729.89166666666,1.0549768518518516,21296.0,465.0,157729.89166666666,1.0549768518518516,4259.2,-4259.2,465.0,153936.7466435185
58,0.0725,c058,edge-3,157729.89166666666,1.0434027777777777,21528.0,480.0,157729.89166666666,1.0434027777777777,4305.6,-4305.6,480.0,153905.33506944444
59,0.07375,c059,edge-7,157729.89166666666,1.068865740740741,22032.0,491.0,157729.89166666666,1.068865740740741,4406.400000000001,-4406.400000000001,491.0,153815.5605324074
60,0.075,c060,edge-5,157729.89166666666,1.1053240740740742,22429.0,512.0,157729.89166666666,1.1053240740740742,4485.8,-4485.8,512.0,153757.19699074075
61,0.07625,c061,edge-7,165762.14166666666,1.133101851851852,22429.0,525.0,165762.14166666666,1.133101851851852,4485.8,-4485.8,525.0,161802.47476851853
62,0.0775,c062,edge-2,165762.14166666666,1.1712962962962963,23452.0,548.0,165762.14166666666,1.1712962962962963,4690.400000000001,-4690.400000000001,548.0,161620.91296296296
63,0.07875,c063,edge-6,166631.39166666666,1.1927083333333333,23480.0,555.0,166631.39166666666,1.1927083333333333,4696.0,-4696.0,555.0,162491.584375
64,0.08,c064,edge-8,166631.39166666666,1.2141203703703702,23905.0,576.0,166631.39166666666,1.2141203703703702,4781.0,-4781.0,576.0,162427.60578703703
65,0.08125,c065,edge-8,166631.39166666666,1.2251157407407407,24498.0,599.0,166631.39166666666,1.2251157407407407,4899.6,-4899.6,599.0,162332.0167824074
66,0.0825,c066,edge-1,171209.79166666666,1.206597222222222,24525.0,610.0,171209.79166666666,1.206597222222222,4905.0,-4905.0,610.0,166915.99826388888
67,0.08375,c067,edge-7,171209.79166666666,1.2228009259259258,24792.0,625.0,171209.79166666666,1.2228009259259258,4958.400000000001,-4958.400000000001,625.0,166877.6144675926
68,0.085,c068,edge-6,188747.79166666666,1.2256944444444442,24927.0,634.0,188747.79166666666,1.2256944444444442,4985.400000000001,-4985.400000000001,634.0,184397.6173611111
69,0.08625,c069,edge-8,188747.79166666666,1.2251157407407405,25352.0,659.0,188747.79166666666,1.2251157407407405,5070.400000000001,-5070.400000000001,659.0,184337.6167824074
70,0.0875,c070,edge-6,188747.79166666666,1.25,25502.0,670.0,188747.79166666666,1.25,5100.400000000001,-5100.400000000001,670.0,184318.64166666666
71,0.08875,c071,edge-6,188747.79166666666,1.2563657407407405,26525.0,683.0,188747.79166666666,1.2563657407407405,5305.0,-5305.0,683.0,184127.0480324074
72,0.09,c072,edge-3,210881.79166666666,1.2505787037037037,26526.0,700.0,210881.79166666666,1.2505787037037037,5305.200000000001,-5305.200000000001,700.0,206277.84224537035
73,0.09125,c073,edge-2,210881.79166666666,1.290509259259259,27549.0,725.0,210881.79166666666,1.290509259259259,5509.8,-5509.8,725.0,206098.28217592594
74,0.0925,c074,edge-6,223488.35416666666,1.3252314814814814,27549.0,740.0,223488.35416666666,1.3252314814814814,5509.8,-5509.8,740.0,218719.87939814816
75,0.09375,c075,edge-6,230831.79166666663,1.328125,27577.0,757.0,230831.79166666663,1.328125,5515.400000000001,-5515.400000000001,757.0,226074.71979166663
76,0.095,c076,edge-3,230831.79166666663,1.3454861111111107,27809.0,776.0,230831.79166666663,1.3454861111111107,5561.8,-5561.8,776.0,226047.33715277776
77,0.09625,c077,edge-6,230831.79166666663,1.339699074074074,28012.0,795.0,230831.79166666663,1.339699074074074,5602.400000000001,-5602.400000000001,795.0,226025.7313657407
78,0.0975,c078,edge-2,230831.79166666663,1.370949074074074,29035.0,822.0,230831.79166666663,1.370949074074074,5807.0,-5807.0,822.0,225848.1626157407
79,0.09875,c079,edge-4,232628.69166666665,1.3923611111111112,29035.0,835.0,232628.69166666665,1.3923611111111112,5807.0,-5807.0,835.0,227658.08402777778
80,0.1,c080,edge-5,232628.69166666665,1.386574074074074,29381.0,858.0,232628.69166666665,1.386574074074074,5876.200000000001,-5876.200000000001,858.0,227611.8782407407
81,0.10125,c081,edge-3,232628.69166666665,1.3888888888888888,29613.0,879.0,232628.69166666665,1.3888888888888888,5922.6,-5922.6,879.0,227586.48055555552
82,0.1025,c082,edge-5,232628.69166666665,1.4016203703703702,30080.0,904.0,232628.69166666665,1.4016203703703702,6016.0,-6016.0,904.0,227518.09328703702
83,0.10375,c083,edge-4,232628.69166666665,1.4045138888888888,31103.0,919.0,232628.69166666665,1.4045138888888888,6220.6,-6220.6,919.0,227328.49618055552
84,0.105,c084,edge-3,243208.69166666665,1.4189814814814814,31148.0,942.0,243208.69166666665,1.4189814814814814,6229.6,-6229.6,942.0,237922.51064814813
85,0.10625,c085,edge-5,243208.69166666665,1.4236111111111112,31325.0,969.0,243208.69166666665,1.4236111111111112,6265.0,-6265.0,969.0,237914.11527777778
86,0.1075,c086,edge-8,243208.69166666665,1.4363425925925926,31692.0,996.0,243208.69166666665,1.4363425925925926,6338.400000000001,-6338.400000000001,996.0,237867.72800925924
87,0.10875,c087,edge-2,243208.69166666665,1.476273148148148,32715.0,1025.0,243208.69166666665,1.476273148148148,6543.0,-6543.0,1025.0,237692.1679398148
88,0.11,c088,edge-2,243208.69166666665,1.4855324074074074,33738.0,1056.0,243208.69166666665,1.4855324074074074,6747.6,-6747.6,1056.0,237518.57719907406
89,0.11125,c089,edge-6,243208.69166666665,1.5133101851851851,33941.0,1077.0,243208.69166666665,1.5133101851851851,6788.200000000001,-6788.200000000001,1077.0,237499.00497685184
90,0.1125,c090,edge-1,243208.69166666665,1.5190972222222223,34086.0,1090.0,243208.69166666665,1.5190972222222223,6817.200000000001,-6817.200000000001,1090.0,237483.01076388886
91,0.11375,c091,edge-2,243943.69166666665,1.5289351851851851,34086.0,1123.0,243943.69166666665,1.5289351851851851,6817.200000000001,-6817.200000000001,1123.0,238251.02060185184
92,0.115,c092,edge-5,243943.69166666665,1.5601851851851851,34553.0,1152.0,243943.69166666665,1.5601851851851851,6910.6,-6910.6,1152.0,238186.65185185184
93,0.11625,c093,edge-1,271643.69166666665,1.5978009259259256,34553.0,1167.0,271643.69166666665,1.5978009259259256,6910.6,-6910.6,1167.0,265901.6894675926
94,0.1175,c094,edge-5,271643.69166666665,1.6174768518518516,35020.0,1198.0,271643.69166666665,1.6174768518518516,7004.0,-7004.0,1198.0,265839.3091435185
95,0.11875,c095,edge-4,271643.69166666665,1.6354166666666665,36043.0,1215.0,271643.69166666665,1.6354166666666665,7208.6,-7208.6,1215.0,265651.72708333336
96,0.12,c096,edge-5,279677.69166666665,1.667824074074074,36071.0,1248.0,279677.69166666665,1.667824074074074,7214.200000000001,-7214.200000000001,1248.0,273713.15949074074
97,0.12125,c097,edge-5,279677.69166666665,1.7060185185185184,36468.0,1283.0,279677.69166666665,1.7060185185185184,7293.6,-7293.6,1283.0,273668.7976851852
98,0.1225,c098,edge-5,279677.69166666665,1.71875,36752.0,1320.0,279677.69166666665,1.71875,7350.400000000001,-7350.400000000001,1320.0,273649.0104166666
99,0.12375,c099,edge-6,279677.69166666665,1.762152777777778,36943.0,1343.0,279677.69166666665,1.762152777777778,7388.6,-7388.6,1343.0,273633.8538194444
100,0.125,c100,edge-2,281516.00416666665,1.7899305555555558,36943.0,1378.0,281516.00416666665,1.7899305555555558,7388.6,-7388.6,1378.0,275507.19409722224
101,0.12625,c101,edge-2,281516.00416666665,1.8061342592592595,37966.0,1415.0,281516.00416666665,1.8061342592592595,7593.200000000001,-7593.200000000001,1415.0,275339.6103009259
102,0.1275,c102,edge-2,282754.94166666665,1.8055555555555556,37966.0,1454.0,282754.94166666665,1.8055555555555556,7593.200000000001,-7593.200000000001,1454.0,276617.5472222222
103,0.12875,c103,edge-7,282754.94166666665,1.800925925925926,38470.0,1471.0,282754.94166666665,1.800925925925926,7694.0,-7694.0,1471.0,276533.74259259255
104,0.13,c104,edge-3,282754.94166666665,1.8072916666666667,38699.0,1496.0,282754.94166666665,1.8072916666666667,7739.8,-7739.8,1496.0,276512.94895833335
105,0.13125,c105,edge-8,282754.94166666665,1.832175925925926,39292.0,1525.0,282754.94166666665,1.832175925925926,7858.400000000001,-7858.400000000001,1525.0,276423.3738425925
106,0.1325,c106,edge-7,282754.94166666665,1.8564814814814816,39796.0,1544.0,282754.94166666665,1.8564814814814816,7959.200000000001,-7959.200000000001,1544.0,276341.5981481481
107,0.13375,c107,edge-8,284363.12916666665,1.8912037037037037,39797.0,1575.0,284363.12916666665,1.8912037037037037,7959.400000000001,-7959.400000000001,1575.0,277980.62037037034
108,0.135,c108,edge-8,284363.12916666665,1.9143518518518519,39847.0,1608.0,284363.12916666665,1.9143518518518519,7969.400000000001,-7969.400000000001,1608.0,278003.6435185185
109,0.13625,c109,edge-8,284363.12916666665,1.943865740740741,40440.0,1643.0,284363.12916666665,1.943865740740741,8088.0,-8088.0,1643.0,277920.0730324074
110,0.1375,c110,edge-5,284363.12916666665,1.9467592592592593,40907.0,1682.0,284363.12916666665,1.9467592592592593,8181.400000000001,-8181.400000000001,1682.0,277865.6759259259
111,0.13875,c111,edge-1,284363.12916666665,1.9861111111111112,41461.0,1699.0,284363.12916666665,1.9861111111111112,8292.2,-8292.2,1699.0,277771.91527777776
112,0.14,c112,edge-6,284363.12916666665,1.980324074074074,42484.0,1724.0,284363.12916666665,1.980324074074074,8496.800000000001,-8496.800000000001,1724.0,277592.30949074076
113,0.14125,c113,edge-8,294091.8416666667,2.0017361111111107,42513.0,1761.0,294091.8416666667,2.0017361111111107,8502.6,-8502.6,1761.0,287352.2434027778
114,0.1425,c114,edge-6,294091.8416666667,1.995949074074074,43536.0,1788.0,294091.8416666667,1.995949074074074,8707.2,-8707.2,1788.0,287174.63761574076
115,0.14375,c115,edge-5,305936.0916666667,1.9953703703703705,43565.0,1829.0,305936.0916666667,1.9953703703703705,8713.0,-8713.0,1829.0,299054.08703703707
116,0.145,c116,edge-2,305936.0916666667,2.033564814814815,44588.0,1870.0,305936.0916666667,2.033564814814815,8917.6,-8917.6,1870.0,298890.52523148153
117,0.14625,c117,edge-6,305936.0916666667,2.068287037037037,44945.0,1899.0,305936.0916666667,2.068287037037037,8989.0,-8989.0,1899.0,298848.1599537037
118,0.1475,c118,edge-5,305936.0916666667,2.0590277777777777,45342.0,1942.0,305936.0916666667,2.0590277777777777,9068.4,-9068.4,1942.0,298811.7506944444
119,0.14875,c119,edge-3,305936.0916666667,2.0578703703703707,45574.0,1969.0,305936.0916666667,2.0578703703703707,9114.800000000001,-9114.800000000001,1969.0,298792.3495370371
120,0.15,c120,edge-7,305936.0916666667,2.0787037037037037,46078.0,1990.0,305936.0916666667,2.0787037037037037,9215.6,-9215.6,1990.0,298712.5703703704
121,0.15125,c121,edge-4,306765.5916666667,2.115162037037037,46078.0,2009.0,306765.5916666667,2.115162037037037,9215.6,-9215.6,2009.0,299561.1068287037
122,0.1525,c122,edge-2,308142.14166666666,2.1278935185185186,46078.0,2052.0,308142.14166666666,2.1278935185185186,9215.6,-9215.6,2052.0,300980.6695601852
123,0.15375,c123,edge-7,308142.14166666666,2.160300925925926,46582.0,2075.0,308142.14166666666,2.160300925925926,9316.4,-9316.4,2075.0,300902.90196759254
124,0.155,c124,edge-8,308142.14166666666,2.1984953703703702,46858.0,2114.0,308142.14166666666,2.1984953703703702,9371.6,-9371.6,2114.0,300886.7401620371
125,0.15625,c125,edge-1,308142.14166666666,2.217013888888889,47237.0,2133.0,308142.14166666666,2.217013888888889,9447.4,-9447.4,2133.0,300829.9586805555
126,0.1575,c126,edge-6,308142.14166666666,2.216435185185185,47594.0,2164.0,308142.14166666666,2.216435185185185,9518.800000000001,-9518.800000000001,2164.0,300789.55810185184
127,0.15875,c127,edge-3,308142.14166666666,2.232638888888889,47985.0,2193.0,308142.14166666666,2.232638888888889,9597.0,-9597.0,2193.0,300740.37430555554
128,0.16,c128,edge-6,308142.14166666666,2.2760416666666665,48209.0,2226.0,308142.14166666666,2.2760416666666665,9641.800000000001,-9641.800000000001,2226.0,300728.61770833336
129,0.16125,c129,edge-4,308142.14166666666,2.317708333333333,49232.0,2247.0,308142.14166666666,2.317708333333333,9846.400000000001,-9846.400000000001,2247.0,300545.05937499995
130,0.1625,c130,edge-7,308142.14166666666,2.315393518518518,49499.0,2272.0,308142.14166666666,2.315393518518518,9899.800000000001,-9899.800000000001,2272.0,300516.6570601852
131,0.16375,c131,edge-6,308142.14166666666,2.3501157407407405,49690.0,2307.0,308142.14166666666,2.3501157407407405,9938.0,-9938.0,2307.0,300513.4917824074
132,0.165,c132,edge-4,308142.14166666666,2.373263888888889,50713.0,2330.0,308142.14166666666,2.373263888888889,10142.6,-10142.6,2330.0,300331.91493055556
133,0.16625,c133,edge-8,308142.14166666666,2.3912037037037037,51080.0,2371.0,308142.14166666666,2.3912037037037037,10216.0,-10216.0,2371.0,300299.53287037037
134,0.1675,c134,edge-6,308142.14166666666,2.4004629629629632,51437.0,2408.0,308142.14166666666,2.4004629629629632,10287.400000000001,-10287.400000000001,2408.0,300265.1421296296
135,0.16875,c135,edge-8,308142.14166666666,2.443865740740741,52030.0,2451.0,308142.14166666666,2.443865740740741,10406.0,-10406.0,2451.0,300189.5855324074
136,0.17,c136,edge-2,308142.14166666666,2.475115740740741,53053.0,2496.0,308142.14166666666,2.475115740740741,10610.6,-10610.6,2496.0,300030.0167824074
137,0.17125,c137,edge-7,319337.89166666666,2.497106481481482,53054.0,2523.0,319337.89166666666,2.497106481481482,10610.800000000001,-10610.800000000001,2523.0,311252.58877314813
138,0.1725,c138,edge-8,319337.89166666666,2.5017361111111116,53647.0,2568.0,319337.89166666666,2.5017361111111116,10729.400000000001,-10729.400000000001,2568.0,311178.99340277776
139,0.17375,c139,edge-8,319337.89166666666,2.4976851851851856,53923.0,2615.0,319337.89166666666,2.4976851851851856,10784.6,-10784.6,2615.0,311170.78935185185
140,0.175,c140,edge-8,319337.89166666666,2.5173611111111116,54516.0,2664.0,319337.89166666666,2.5173611111111116,10903.2,-10903.2,2664.0,311101.2090277778
141,0.17625,c141,edge-1,329306.47500000003,2.519675925925926,54544.0,2685.0,329306.47500000003,2.519675925925926,10908.800000000001,-10908.800000000001,2685.0,321085.19467592594
142,0.1775,c142,edge-2,331309.67500000005,2.5190972222222228,54544.0,2732.0,331309.67500000005,2.5190972222222228,10908.800000000001,-10908.800000000001,2732.0,323135.3940972223
143,0.17875,c143,edge-6,331309.67500000005,2.5503472222222228,55567.0,2771.0,331309.67500000005,2.5503472222222228,11113.400000000001,-11113.400000000001,2771.0,322969.8253472223
144,0.18,c144,edge-3,331309.67500000005,2.548032407407408,55958.0,2802.0,331309.67500000005,2.548032407407408,11191.6,-11191.6,2802.0,322922.6230324075
145,0.18125,c145,edge-4,332537.86250000005,2.547453703703704,55962.0,2827.0,332537.86250000005,2.547453703703704,11192.400000000001,-11192.400000000001,2827.0,324175.00995370373
146,0.1825,c146,edge-5,332537.86250000005,2.5688657407407414,56359.0,2872.0,332537.86250000005,2.5688657407407414,11271.800000000001,-11271.800000000001,2872.0,324140.6313657408
147,0.18375,c147,edge-1,342533.2791666667,2.5931712962962967,56359.0,2895.0,342533.2791666667,2.5931712962962967,11271.800000000001,-11271.800000000001,2895.0,334159.072337963
148,0.185,c148,edge-8,342533.2791666667,2.626157407407408,56952.0,2946.0,342533.2791666667,2.626157407407408,11390.400000000001,-11390.400000000001,2946.0,334091.50532407407
149,0.18625,c149,edge-5,342533.2791666667,2.6458333333333335,57298.0,2993.0,342533.2791666667,2.6458333333333335,11459.6,-11459.6,2993.0,334069.325
150,0.1875,c150,edge-3,342533.2791666667,2.670717592592593,57637.0,3026.0,342533.2791666667,2.670717592592593,11527.400000000001,-11527.400000000001,3026.0,334034.54988425924
151,0.18875,c151,edge-6,342533.2791666667,2.707175925925926,58660.0,3067.0,342533.2791666667,2.707175925925926,11732.0,-11732.0,3067.0,333870.9863425926
152,0.19,c152,edge-3,342533.2791666667,2.7222222222222223,58867.0,3102.0,342533.2791666667,2.7222222222222223,11773.400000000001,-11773.400000000001,3102.0,333864.6013888889
153,0.19125,c153,edge-8,342533.2791666667,2.7586805555555554,59460.0,3155.0,342533.2791666667,2.7586805555555554,11892.0,-11892.0,3155.0,333799.03784722224
154,0.1925,c154,edge-6,342533.2791666667,2.7615740740740744,60483.0,3198.0,342533.2791666667,2.7615740740740744,12096.6,-12096.6,3198.0,333637.4407407408
155,0.19375,c155,edge-2,342533.2791666667,2.796296296296296,61506.0,3247.0,342533.2791666667,2.796296296296296,12301.2,-12301.2,3247.0,333481.87546296295
156,0.195,c156,edge-2,342533.2791666667,2.8292824074074074,62529.0,3298.0,342533.2791666667,2.8292824074074074,12505.800000000001,-12505.800000000001,3298.0,333328.3084490741
157,0.19625,c157,edge-3,342533.2791666667,2.838541666666667,62868.0,3335.0,342533.2791666667,2.838541666666667,12573.6,-12573.6,3335.0,333297.5177083334
158,0.1975,c158,edge-4,342533.2791666667,2.837962962962963,63891.0,3362.0,342533.2791666667,2.837962962962963,12778.2,-12778.2,3362.0,333119.91712962964
159,0.19875,c159,edge-2,342533.2791666667,2.8321759259259256,64914.0,3415.0,342533.2791666667,2.8321759259259256,12982.800000000001,-12982.800000000001,3415.0,332968.3113425926
160,0.2,c160,edge-5,342533.2791666667,2.843171296296296,65381.0,3464.0,342533.2791666667,2.843171296296296,13076.2,-13076.2,3464.0,332923.92233796295
161,0.20125,c161,edge-7,342533.2791666667,2.848958333333333,65885.0,3493.0,342533.2791666667,2.848958333333333,13177.0,-13177.0,3493.0,332852.128125
162,0.2025,c162,edge-7,359154.8625,2.861689814814814,65931.0,3524.0,359154.8625,2.861689814814814,13186.2,-13186.2,3524.0,349495.5241898148
163,0.20375,c163,edge-3,359154.8625,2.861689814814814,66163.0,3563.0,359154.8625,2.861689814814814,13232.6,-13232.6,3563.0,349488.12418981484
164,0.205,c164,edge-7,359154.8625,2.8865740740740735,66667.0,3596.0,359154.8625,2.8865740740740735,13333.400000000001,-13333.400000000001,3596.0,349420.34907407407
165,0.20625,c165,edge-5,359154.8625,2.8790509259259256,67064.0,3647.0,359154.8625,2.8790509259259256,13412.800000000001,-13412.800000000001,3647.0,349391.9415509259
166,0.2075,c166,edge-6,359154.8625,2.9155092592592595,68087.0,3692.0,359154.8625,2.9155092592592595,13617.400000000001,-13617.400000000001,3692.0,349232.37800925924
167,0.20875,c167,edge-1,359154.8625,2.9212962962962967,68241.0,3717.0,359154.8625,2.9212962962962967,13648.2,-13648.2,3717.0,349226.58379629627
168,0.21,c168,edge-7,359154.8625,2.9409722222222223,68622.0,3752.0,359154.8625,2.9409722222222223,13724.400000000001,-13724.400000000001,3752.0,349185.4034722222
169,0.21125,c169,edge-2,359154.8625,2.9756944444444446,69645.0,3807.0,359154.8625,2.9756944444444446,13929.0,-13929.0,3807.0,349035.8381944444
170,0.2125,c170,edge-2,362941.775,3.0115740740740744,69645.0,3864.0,362941.775,3.0115740740740744,13929.0,-13929.0,3864.0,352879.7865740741
171,0.21375,c171,edge-4,362941.775,3.0329861111111116,70668.0,3893.0,362941.775,3.0329861111111116,14133.6,-14133.6,3893.0,352704.20798611117
172,0.215,c172,edge-5,362941.775,3.0711805555555562,71014.0,3946.0,362941.775,3.0711805555555562,14202.800000000001,-14202.800000000001,3946.0,352688.0461805556
173,0.21625,c173,edge-3,362941.775,3.096643518518519,71405.0,3987.0,362941.775,3.096643518518519,14281.0,-14281.0,3987.0,352650.87164351856
174,0.2175,c174,edge-6,362941.775,3.1261574074074074,72428.0,4034.0,362941.775,3.1261574074074074,14485.6,-14485.6,4034.0,352493.30115740746
175,0.21875,c175,edge-4,362941.775,3.1660879629629637,73451.0,4065.0,362941.775,3.1660879629629637,14690.2,-14690.2,4065.0,352319.741087963
176,0.22,c176,edge-1,362941.775,3.1684027777777777,73830.0,4092.0,362941.775,3.1684027777777777,14766.0,-14766.0,4092.0,352270.9434027778
177,0.22125,c177,edge-8,362941.775,3.203125,74423.0,4147.0,362941.775,3.203125,14884.6,-14884.6,4147.0,352207.37812500005
178,0.2225,c178,edge-3,362941.775,3.2216435185185186,74814.0,4190.0,362941.775,3.2216435185185186,14962.800000000001,-14962.800000000001,4190.0,352172.1966435186
179,0.22375,c179,edge-8,362941.775,3.2141203703703702,75407.0,4247.0,362941.775,3.2141203703703702,15081.400000000001,-15081.400000000001,4247.0,352110.5891203704
180,0.225,c180,edge-6,362941.775,3.2453703703703702,76430.0,4296.0,362941.775,3.2453703703703702,15286.0,-15286.0,4296.0,351955.0203703704
181,0.22625,c181,edge-3,362941.775,3.270833333333334,76907.0,4341.0,362941.775,3.270833333333334,15381.400000000001,-15381.400000000001,4341.0,351904.6458333333
182,0.2275,c182,edge-8,362941.775,3.268518518518519,77274.0,4400.0,362941.775,3.268518518518519,15454.800000000001,-15454.800000000001,4400.0,351890.2435185186
183,0.22875,c183,edge-4,362941.775,3.3119212962962967,78297.0,4433.0,362941.775,3.3119212962962967,15659.400000000001,-15659.400000000001,4433.0,351718.6869212963
184,0.23,c184,edge-5,362941.775,3.3501157407407414,78474.0,4488.0,362941.775,3.3501157407407414,15694.800000000001,-15694.800000000001,4488.0,351738.32511574076
185,0.23125,c185,edge-2,362941.775,3.344328703703704,79497.0,4547.0,362941.775,3.344328703703704,15899.400000000001,-15899.400000000001,4547.0,351592.7193287037
186,0.2325,c186,edge-1,382077.55833333335,3.3663194444444446,79497.0,4576.0,382077.55833333335,3.3663194444444446,15899.400000000001,-15899.400000000001,4576.0,370757.52465277776
187,0.23375,c187,edge-2,382077.55833333335,3.4045138888888893,80520.0,4637.0,382077.55833333335,3.4045138888888893,16104.0,-16104.0,4637.0,370613.9628472222
188,0.235,c188,edge-8,382077.55833333335,3.442708333333334,80945.0,4698.0,382077.55833333335,3.442708333333334,16189.0,-16189.0,4698.0,370590.00104166666
189,0.23625,c189,edge-4,382077.55833333335,3.4438657407407414,81968.0,4733.0,382077.55833333335,3.4438657407407414,16393.600000000002,-16393.600000000002,4733.0,370420.4021990741
190,0.2375,c190,edge-5,382077.55833333335,3.467013888888889,82252.0,4790.0,382077.55833333335,3.467013888888889,16450.4,-16450.4,4790.0,370420.6253472222
191,0.23875,c191,edge-6,382077.55833333335,3.4832175925925926,83275.0,4841.0,382077.55833333335,3.4832175925925926,16655.0,-16655.0,4841.0,370267.04155092593
192,0.24,c192,edge-5,382077.55833333335,3.5144675925925926,83621.0,4900.0,382077.55833333335,3.5144675925925926,16724.2,-16724.2,4900.0,370256.8728009259
193,0.24125,c193,edge-2,384877.75833333336,3.5167824074074074,83649.0,4963.0,384877.75833333336,3.5167824074074074,16729.8,-16729.8,4963.0,373114.4751157408
194,0.2425,c194,edge-7,384877.75833333336,3.532986111111111,83935.0,5000.0,384877.75833333336,3.532986111111111,16787.0,-16787.0,5000.0,373094.2913194445
195,0.24375,c195,edge-1,384877.75833333336,3.576967592592592,84489.0,5031.0,384877.75833333336,3.576967592592592,16897.8,-16897.8,5031.0,373014.53530092596
196,0.245,c196,edge-1,384877.75833333336,3.597800925925926,85043.0,5064.0,384877.75833333336,3.597800925925926,17008.600000000002,-17008.600000000002,5064.0,372936.7561342593
197,0.24625,c197,edge-7,384877.75833333336,3.6099537037037037,85262.0,5103.0,384877.75833333336,3.6099537037037037,17052.4,-17052.4,5103.0,372931.96828703705
198,0.2475,c198,edge-4,384877.75833333336,3.6041666666666665,86285.0,5140.0,384877.75833333336,3.6041666666666665,17257.0,-17257.0,5140.0,372764.36250000005
199,0.24875,c199,edge-2,384877.75833333336,3.638888888888889,87308.0,5205.0,384877.75833333336,3.638888888888889,17461.600000000002,-17461.600000000002,5205.0,372624.79722222226
200,0.25,c200,edge-4,384877.75833333336,3.6620370370370368,88331.0,5244.0,384877.75833333336,3.6620370370370368,17666.2,-17666.2,5244.0,372459.22037037037
201,0.25125,c201,edge-7,384877.75833333336,3.697337962962963,88550.0,5285.0,384877.75833333336,3.697337962962963,17710.0,-17710.0,5285.0,372456.45567129634
202,0.2525,c202,edge-5,384877.75833333336,3.6950231481481484,89017.0,5346.0,384877.75833333336,3.6950231481481484,17803.4,-17803.4,5346.0,372424.0533564815
203,0.25375,c203,edge-6,384877.75833333336,3.696180555555556,90040.0,5399.0,384877.75833333336,3.696180555555556,18008.0,-18008.0,5399.0,372272.4545138889
204,0.255,c204,edge-8,384877.75833333336,3.736111111111111,90465.0,5462.0,384877.75833333336,3.736111111111111,18093.0,-18093.0,5462.0,372250.4944444445
205,0.25625,c205,edge-4,384877.75833333336,3.732060185185185,91488.0,5503.0,384877.75833333336,3.732060185185185,18297.600000000002,-18297.600000000002,5503.0,372086.89039351855
206,0.2575,c206,edge-5,384877.75833333336,3.755208333333333,91772.0,5566.0,384877.75833333336,3.755208333333333,18354.4,-18354.4,5566.0,372093.11354166665
207,0.25875,c207,edge-3,384877.75833333336,3.777199074074074,92151.0,5613.0,384877.75833333336,3.777199074074074,18430.2,-18430.2,5613.0,372064.33553240745
208,0.26,c208,edge-6,384877.75833333336,3.8153935185185186,92354.0,5668.0,384877.75833333336,3.8153935185185186,18470.8,-18470.8,5668.0,372078.7737268519
209,0.26125,c209,edge-6,384877.75833333336,3.833333333333333,92711.0,5725.0,384877.75833333336,3.833333333333333,18542.2,-18542.2,5725.0,372064.39166666666
210,0.2625,c210,edge-3,384877.75833333336,3.8321759259259256,93090.0,5774.0,384877.75833333336,3.8321759259259256,18618.0,-18618.0,5774.0,372037.59050925926
211,0.26375,c211,edge-6,384877.75833333336,3.829861111111111,94113.0,5833.0,384877.75833333336,3.829861111111111,18822.600000000002,-18822.600000000002,5833.0,371891.9881944445
212,0.265,c212,edge-3,384877.75833333336,3.846064814814815,94492.0,5884.0,384877.75833333336,3.846064814814815,18898.4,-18898.4,5884.0,371867.20439814817
213,0.26625,c213,edge-8,384877.75833333336,3.8472222222222228,94917.0,5949.0,384877.75833333336,3.8472222222222228,18983.4,-18983.4,5949.0,371847.2055555556
214,0.2675,c214,edge-2,384877.75833333336,3.8854166666666674,95940.0,6016.0,384877.75833333336,3.8854166666666674,19188.0,-19188.0,6016.0,371709.64375000005
215,0.26875,c215,edge-3,384877.75833333336,3.898148148148149,96417.0,6069.0,384877.75833333336,3.898148148148149,19283.4,-19283.4,6069.0,371667.2564814815
216,0.27,c216,edge-6,395743.42083333334,3.9160879629629632,96417.0,6130.0,395743.42083333334,3.9160879629629632,19283.4,-19283.4,6130.0,382593.9369212963
217,0.27125,c217,edge-6,395743.42083333334,3.9375000000000004,97440.0,6193.0,395743.42083333334,3.9375000000000004,19488.0,-19488.0,6193.0,382452.35833333334
218,0.2725,c218,edge-3,395743.42083333334,3.965277777777778,97819.0,6248.0,395743.42083333334,3.965277777777778,19563.8,-19563.8,6248.0,382431.5861111111
219,0.27375,c219,edge-6,395743.42083333334,4.008680555555555,98842.0,6313.0,395743.42083333334,4.008680555555555,19768.4,-19768.4,6313.0,382292.0295138889
220,0.275,c220,edge-2,395743.42083333334,4.045138888888889,99865.0,6382.0,395743.42083333334,4.045138888888889,19973.0,-19973.0,6382.0,382156.4659722222
221,0.27625,c221,edge-1,395743.42083333334,4.065972222222222,100419.0,6417.0,395743.42083333334,4.065972222222222,20083.800000000003,-20083.800000000003,6417.0,382080.6868055556
222,0.2775,c222,edge-1,395743.42083333334,4.081018518518519,100591.0,6454.0,395743.42083333334,4.081018518518519,20118.2,-20118.2,6454.0,382083.30185185187
223,0.27875,c223,edge-7,395743.42083333334,4.09375,100858.0,6497.0,395743.42083333334,4.09375,20171.600000000002,-20171.600000000002,6497.0,382072.91458333336
224,0.28,c224,edge-3,395743.42083333334,4.108796296296297,101249.0,6554.0,395743.42083333334,4.108796296296297,20249.800000000003,-20249.800000000003,6554.0,382051.72962962964
225,0.28125,c225,edge-1,395743.42083333334,4.127314814814815,101508.0,6593.0,395743.42083333334,4.127314814814815,20301.600000000002,-20301.600000000002,6593.0,382038.9481481482
226,0.2825,c226,edge-3,395743.42083333334,4.1550925925925934,101985.0,6652.0,395743.42083333334,4.1550925925925934,20397.0,-20397.0,6652.0,382002.5759259259
227,0.28375,c227,edge-8,395743.42083333334,4.1782407407407405,102410.0,6719.0,395743.42083333334,4.1782407407407405,20482.0,-20482.0,6719.0,381984.59907407407
228,0.285,c228,edge-2,395743.42083333334,4.18287037037037,102456.0,6790.0,395743.42083333334,4.18287037037037,20491.2,-20491.2,6790.0,382046.4037037037
229,0.28625,c229,edge-2,398501.9083333333,4.210648148148149,102456.0,6863.0,398501.9083333333,4.210648148148149,20491.2,-20491.2,6863.0,384877.91898148146
230,0.2875,c230,edge-4,398501.9083333333,4.211805555555555,103479.0,6906.0,398501.9083333333,4.211805555555555,20695.800000000003,-20695.800000000003,6906.0,384716.3201388889
231,0.28875,c231,edge-1,398501.9083333333,4.243055555555555,103858.0,6947.0,398501.9083333333,4.243055555555555,20771.600000000002,-20771.600000000002,6947.0,384681.5513888889
232,0.29,c232,edge-8,398501.9083333333,4.266203703703704,104225.0,7016.0,398501.9083333333,4.266203703703704,20845.0,-20845.0,7016.0,384677.17453703703
233,0.29125,c233,edge-7,398778.325,4.292824074074074,104292.0,7061.0,398778.325,4.292824074074074,20858.4,-20858.4,7061.0,384985.2178240741
234,0.2925,c234,edge-1,398778.325,4.310185185185185,104671.0,7104.0,398778.325,4.310185185185185,20934.2,-20934.2,7104.0,384952.43518518517
235,0.29375,c235,edge-6,398778.325,4.313078703703704,105028.0,7171.0,398778.325,4.313078703703704,21005.600000000002,-21005.600000000002,7171.0,384948.03807870374
236,0.295,c236,edge-1,398778.325,4.3501157407407405,105582.0,7216.0,398778.325,4.3501157407407405,21116.4,-21116.4,7216.0,384882.2751157407
237,0.29625,c237,edge-8,398778.325,4.3530092592592595,105858.0,7287.0,398778.325,4.3530092592592595,21171.600000000002,-21171.600000000002,7287.0,384898.0780092593
238,0.2975,c238,edge-5,398778.325,4.38599537037037,106064.0,7352.0,398778.325,4.38599537037037,21212.800000000003,-21212.800000000003,7352.0,384921.9109953704
239,0.29875,c239,edge-2,398778.325,4.376736111111112,107087.0,7427.0,398778.325,4.376736111111112,21417.4,-21417.4,7427.0,384792.3017361111
240,0.3,c240,edge-4,398778.325,4.372685185185185,108110.0,7472.0,398778.325,4.372685185185185,21622.0,-21622.0,7472.0,384632.6976851852
241,0.30125,c241,edge-4,398778.325,4.390625,109133.0,7519.0,398778.325,4.390625,21826.600000000002,-21826.600000000002,7519.0,384475.11562500003
242,0.3025,c242,edge-4,398778.325,4.405092592592593,109180.0,7568.0,398778.325,4.405092592592593,21836.0,-21836.0,7568.0,384514.7300925926
243,0.30375,c243,edge-3,398778.325,4.407407407407407,109571.0,7629.0,398778.325,4.407407407407407,21914.2,-21914.2,7629.0,384497.5324074074
244,0.305,c244,edge-4,402386.175,4.403356481481481,109571.0,7680.0,402386.175,4.403356481481481,21914.2,-21914.2,7680.0,388156.37835648144
245,0.30625,c245,edge-6,402386.175,4.441550925925926,110594.0,7749.0,402386.175,4.441550925925926,22118.800000000003,-22118.800000000003,7749.0,388020.8165509259
246,0.3075,c246,edge-7,402386.175,4.462962962962963,111098.0,7796.0,402386.175,4.462962962962963,22219.600000000002,-22219.600000000002,7796.0,387967.037962963
247,0.30875,c247,edge-8,402386.175,4.480902777777778,111691.0,7869.0,402386.175,4.480902777777778,22338.2,-22338.2,7869.0,387921.4559027777
248,0.31,c248,edge-4,402386.175,4.49537037037037,111759.0,7922.0,402386.175,4.49537037037037,22351.800000000003,-22351.800000000003,7922.0,387960.8703703704
249,0.31125,c249,edge-2,407712.375,4.515046296296296,111760.0,7999.0,407712.375,4.515046296296296,22352.0,-22352.0,7999.0,393363.8900462963
250,0.3125,c250,edge-8,407712.375,4.514467592592592,112036.0,8074.0,407712.375,4.514467592592592,22407.2,-22407.2,8074.0,393383.6894675926
251,0.31375,c251,edge-4,407712.375,4.512152777777778,113059.0,8129.0,407712.375,4.512152777777778,22611.800000000003,-22611.800000000003,8129.0,393234.08715277776
252,0.315,c252,edge-4,407712.375,4.508101851851851,114082.0,8186.0,407712.375,4.508101851851851,22816.4,-22816.4,8186.0,393086.48310185183
253,0.31625,c253,edge-4,407712.375,4.527777777777778,114129.0,8245.0,407712.375,4.527777777777778,22825.800000000003,-22825.800000000003,8245.0,393136.10277777776
254,0.3175,c254,edge-4,407712.375,4.559027777777778,114247.0,8306.0,407712.375,4.559027777777778,22849.4,-22849.4,8306.0,393173.5340277777
255,0.31875,c255,edge-4,408358.375,4.590277777777778,114252.0,8369.0,408358.375,4.590277777777778,22850.4,-22850.4,8369.0,393881.5652777777
256,0.32,c256,edge-7,408358.375,4.591435185185185,114519.0,8418.0,408358.375,4.591435185185185,22903.800000000003,-22903.800000000003,8418.0,393877.1664351852
257,0.32125,c257,edge-4,410458.6375,4.585648148148148,114519.0,8483.0,410458.6375,4.585648148148148,22903.800000000003,-22903.800000000003,8483.0,396042.42314814817
258,0.3225,c258,edge-1,410458.6375,4.590277777777778,114778.0,8530.0,410458.6375,4.590277777777778,22955.600000000002,-22955.600000000002,8530.0,396037.6277777778
259,0.32375,c259,edge-3,410458.6375,4.58912037037037,115117.0,8593.0,410458.6375,4.58912037037037,23023.4,-23023.4,8593.0,396032.8266203704
260,0.325,c260,edge-6,410458.6375,4.605324074074074,116140.0,8664.0,410458.6375,4.605324074074074,23228.0,-23228.0,8664.0,395899.2428240741
261,0.32625,c261,edge-2,410458.6375,4.616319444444445,117163.0,8743.0,410458.6375,4.616319444444445,23432.600000000002,-23432.600000000002,8743.0,395773.6538194445
262,0.3275,c262,edge-2,410458.6375,4.632523148148148,118186.0,8824.0,410458.6375,4.632523148148148,23637.2,-23637.2,8824.0,395650.07002314815
263,0.32875,c263,edge-7,410458.6375,4.643518518518518,118453.0,8875.0,410458.6375,4.643518518518518,23690.600000000002,-23690.600000000002,8875.0,395647.6810185186
264,0.33,c264,edge-6,410458.6375,4.646412037037036,119476.0,8948.0,410458.6375,4.646412037037036,23895.2,-23895.2,8948.0,395516.083912037
265,0.33125,c265,edge-2,410458.6375,4.637152777777778,120499.0,9031.0,410458.6375,4.637152777777778,24099.800000000003,-24099.800000000003,9031.0,395394.4746527778
266,0.3325,c266,edge-2,410458.6375,4.671875,121522.0,9116.0,410458.6375,4.671875,24304.4,-24304.4,9116.0,395274.909375
267,0.33375,c267,edge-6,410458.6375,4.689814814814815,122545.0,9191.0,410458.6375,4.689814814814815,24509.0,-24509.0,9191.0,395145.32731481484
268,0.335,c268,edge-8,410458.6375,4.7280092592592595,123138.0,9268.0,410458.6375,4.7280092592592595,24627.600000000002,-24627.600000000002,9268.0,395103.7655092593
269,0.33625,c269,edge-3,410458.6375,4.730324074074074,123477.0,9333.0,410458.6375,4.730324074074074,24695.4,-24695.4,9333.0,395100.9678240741
270,0.3375,c270,edge-6,410458.6375,4.722800925925926,123668.0,9410.0,410458.6375,4.722800925925926,24733.600000000002,-24733.600000000002,9410.0,395139.76030092593
271,0.33875,c271,edge-1,410458.6375,4.769097222222222,124222.0,9459.0,410458.6375,4.769097222222222,24844.4,-24844.4,9459.0,395078.00659722224
272,0.34,c272,edge-4,410458.6375,4.7667824074074066,125245.0,9526.0,410458.6375,4.7667824074074066,25049.0,-25049.0,9526.0,394940.4042824074
273,0.34125,c273,edge-7,410458.6375,4.767939814814814,125626.0,9579.0,410458.6375,4.767939814814814,25125.2,-25125.2,9579.0,394917.20543981483
274,0.3425,c274,edge-5,410458.6375,4.7824074074074066,125972.0,9646.0,410458.6375,4.7824074074074066,25194.4,-25194.4,9646.0,394915.0199074074
275,0.34375,c275,edge-1,410458.6375,4.797453703703704,126351.0,9697.0,410458.6375,4.797453703703704,25270.2,-25270.2,9697.0,394890.2349537037
276,0.345,c276,edge-6,410458.6375,4.806712962962964,126575.0,9776.0,410458.6375,4.806712962962964,25315.0,-25315.0,9776.0,394924.444212963
277,0.34625,c277,edge-6,410458.6375,4.824652777777779,127598.0,9857.0,410458.6375,4.824652777777779,25519.600000000002,-25519.600000000002,9857.0,394800.8621527778
278,0.3475,c278,edge-6,410458.6375,4.855902777777779,127955.0,9940.0,410458.6375,4.855902777777779,25591.0,-25591.0,9940.0,394812.49340277776
279,0.34875,c279,edge-1,410458.6375,4.862847222222222,128100.0,9993.0,410458.6375,4.862847222222222,25620.0,-25620.0,9993.0,394836.50034722226
280,0.35,c280,edge-6,410458.6375,4.86400462962963,129123.0,10078.0,410458.6375,4.86400462962963,25824.600000000002,-25824.600000000002,10078.0,394716.90150462964
281,0.35125,c281,edge-4,410458.6375,4.905671296296297,130146.0,10147.0,410458.6375,4.905671296296297,26029.2,-26029.2,10147.0,394581.3431712963
282,0.3525,c282,edge-7,410458.6375,4.906828703703703,130650.0,10202.0,410458.6375,4.906828703703703,26130.0,-26130.0,10202.0,394535.5443287037
283,0.35375,c283,edge-6,410458.6375,4.931712962962963,131673.0,10289.0,410458.6375,4.931712962962963,26334.600000000002,-26334.600000000002,10289.0,394417.969212963
284,0.355,c284,edge-1,410458.6375,4.940972222222222,132052.0,10344.0,410458.6375,4.940972222222222,26410.4,-26410.4,10344.0,394397.17847222224
285,0.35625,c285,edge-2,410458.6375,4.953703703703703,133075.0,10431.0,410458.6375,4.953703703703703,26615.0,-26615.0,10431.0,394279.5912037037
286,0.3575,c286,edge-5,410458.6375,4.960069444444445,133472.0,10500.0,410458.6375,4.960069444444445,26694.4,-26694.4,10500.0,394269.1975694444
287,0.35875,c287,edge-1,410458.6375,4.983217592592593,134026.0,10557.0,410458.6375,4.983217592592593,26805.2,-26805.2,10557.0,394215.4207175926
288,0.36,c288,edge-3,410458.6375,4.995949074074074,134417.0,10624.0,410458.6375,4.995949074074074,26883.4,-26883.4,10624.0,394204.2334490741
289,0.36125,c289,edge-1,410458.6375,5.023726851851852,134796.0,10683.0,410458.6375,5.023726851851852,26959.2,-26959.2,10683.0,394187.46122685185
290,0.3625,c290,edge-5,410458.6375,5.0248842592592595,135263.0,10754.0,410458.6375,5.0248842592592595,27052.600000000002,-27052.600000000002,10754.0,394165.0623842593
291,0.36375,c291,edge-1,410458.6375,5.048032407407407,135817.0,10815.0,410458.6375,5.048032407407407,27163.4,-27163.4,10815.0,394115.2855324074
292,0.365,c292,edge-6,410458.6375,5.043981481481481,136840.0,10904.0,410458.6375,5.043981481481481,27368.0,-27368.0,10904.0,393999.6814814815
293,0.36625,c293,edge-5,410458.6375,5.071759259259259,137237.0,10977.0,410458.6375,5.071759259259259,27447.4,-27447.4,10977.0,393993.30925925926
294,0.3675,c294,edge-4,410458.6375,5.087962962962963,138260.0,11048.0,410458.6375,5.087962962962963,27652.0,-27652.0,11048.0,393859.725462963
295,0.36875,c295,edge-3,410458.6375,5.090277777777778,138651.0,11117.0,410458.6375,5.090277777777778,27730.2,-27730.2,11117.0,393850.52777777775
296,0.37,c296,edge-6,410458.6375,5.118055555555555,139674.0,11208.0,410458.6375,5.118055555555555,27934.800000000003,-27934.800000000003,11208.0,393736.9555555556
297,0.37125,c297,edge-6,410458.6375,5.13599537037037,140697.0,11301.0,410458.6375,5.13599537037037,28139.4,-28139.4,11301.0,393625.3734953704
298,0.3725,c298,edge-8,410458.6375,5.16724537037037,141064.0,11380.0,410458.6375,5.16724537037037,28212.800000000003,-28212.800000000003,11380.0,393631.0047453704
299,0.37375,c299,edge-1,410458.6375,5.169560185185185,141236.0,11443.0,410458.6375,5.169560185185185,28247.2,-28247.2,11443.0,393659.60706018517
300,0.375,c300,edge-8,410458.6375,5.1990740740740735,141603.0,11524.0,410458.6375,5.1990740740740735,28320.600000000002,-28320.600000000002,11524.0,393667.23657407414
301,0.37625,c301,edge-1,410458.6375,5.211805555555555,141982.0,11589.0,410458.6375,5.211805555555555,28396.4,-28396.4,11589.0,393656.44930555555
302,0.3775,c302,edge-4,410458.6375,5.253472222222221,143005.0,11662.0,410458.6375,5.253472222222221,28601.0,-28601.0,11662.0,393524.89097222226
303,0.37875,c303,edge-8,410458.6375,5.249421296296296,143598.0,11745.0,410458.6375,5.249421296296296,28719.600000000002,-28719.600000000002,11745.0,393489.2869212963
304,0.38,c304,edge-4,410458.6375,5.243634259259259,144621.0,11820.0,410458.6375,5.243634259259259,28924.2,-28924.2,11820.0,393359.68113425927
305,0.38125,c305,edge-3,410458.6375,5.255208333333333,145098.0,11891.0,410458.6375,5.255208333333333,29019.600000000002,-29019.600000000002,11891.0,393335.29270833335
306,0.3825,c306,edge-6,410458.6375,5.278356481481482,145329.0,11986.0,410458.6375,5.278356481481482,29065.800000000003,-29065.800000000003,11986.0,393384.1158564815
307,0.38375,c307,edge-4,410458.6375,5.298032407407407,146352.0,12063.0,410458.6375,5.298032407407407,29270.4,-29270.4,12063.0,393256.5355324074
308,0.385,c308,edge-4,410458.6375,5.3125,147375.0,12142.0,410458.6375,5.3125,29475.0,-29475.0,12142.0,393130.95
309,0.38625,c309,edge-2,411858.25,5.347222222222222,147379.0,12231.0,411858.25,5.347222222222222,29475.800000000003,-29475.800000000003,12231.0,394618.79722222226
310,0.3875,c310,edge-4,411858.25,5.344907407407407,148402.0,12312.0,411858.25,5.344907407407407,29680.4,-29680.4,12312.0,394495.1949074074
311,0.38875,c311,edge-1,411858.25,5.362268518518519,148661.0,12379.0,411858.25,5.362268518518519,29732.2,-29732.2,12379.0,394510.4122685185
312,0.39,c312,edge-3,411858.25,5.380787037037037,149000.0,12452.0,411858.25,5.380787037037037,29800.0,-29800.0,12452.0,394515.630787037
313,0.39125,c313,edge-5,411858.25,5.4207175925925934,149284.0,12527.0,411858.25,5.4207175925925934,29856.800000000003,-29856.800000000003,12527.0,394533.8707175926
314,0.3925,c314,edge-8,411858.25,5.42013888888889,149651.0,12612.0,411858.25,5.42013888888889,29930.2,-29930.2,12612.0,394545.47013888886
315,0.39375,c315,edge-4,411858.25,5.417824074074074,150674.0,12695.0,411858.25,5.417824074074074,30134.800000000003,-30134.800000000003,12695.0,394423.8678240741
316,0.395,c316,edge-4,411858.25,5.437500000000001,151697.0,12780.0,411858.25,5.437500000000001,30339.4,-30339.4,12780.0,394304.2875
317,0.39625,c317,edge-4,411858.25,5.431712962962964,152720.0,12867.0,411858.25,5.431712962962964,30544.0,-30544.0,12867.0,394186.681712963
318,0.3975,c318,edge-1,411858.25,5.430555555555556,152979.0,12936.0,411858.25,5.430555555555556,30595.800000000003,-30595.800000000003,12936.0,394203.8805555556
319,0.39875,c319,edge-3,411858.25,5.445601851851853,153318.0,13011.0,411858.25,5.445601851851853,30663.600000000002,-30663.600000000002,13011.0,394211.0956018519
320,0.4,c320,edge-8,411858.25,5.487268518518519,153685.0,13098.0,411858.25,5.487268518518519,30737.0,-30737.0,13098.0,394224.73726851854
321,0.40125,c321,edge-6,411858.25,5.518518518518519,154708.0,13195.0,411858.25,5.518518518518519,30941.600000000002,-30941.600000000002,13195.0,394117.16851851856
322,0.4025,c322,edge-6,411858.25,5.548032407407407,155731.0,13294.0,411858.25,5.548032407407407,31146.2,-31146.2,13294.0,394011.5980324074
323,0.40375,c323,edge-2,411858.25,5.538773148148149,156754.0,13385.0,411858.25,5.538773148148149,31350.800000000003,-31350.800000000003,13385.0,393897.98877314816
324,0.405,c324,edge-8,411858.25,5.570023148148149,157347.0,13474.0,411858.25,5.570023148148149,31469.4,-31469.4,13474.0,393868.4200231481
325,0.40625,c325,edge-2,411858.25,5.58275462962963,158370.0,13567.0,411858.25,5.58275462962963,31674.0,-31674.0,13567.0,393756.8327546296
326,0.4075,c326,edge-6,420166.25,5.622106481481481,158370.0,13668.0,420166.25,5.622106481481481,31674.0,-31674.0,13668.0,402165.87210648146
327,0.40875,c327,edge-2,420166.25,5.6365740740740735,159393.0,13763.0,420166.25,5.6365740740740735,31878.600000000002,-31878.600000000002,13763.0,402056.2865740741
328,0.41,c328,edge-2,420166.25,5.6678240740740735,160416.0,13860.0,420166.25,5.6678240740740735,32083.2,-32083.2,13860.0,401948.7178240741
329,0.41125,c329,edge-1,420166.25,5.679398148148147,160795.0,13931.0,420166.25,5.679398148148147,32159.0,-32159.0,13931.0,401943.92939814815
330,0.4125,c330,edge-2,420166.25,5.710648148148147,161818.0,14030.0,420166.25,5.710648148148147,32363.600000000002,-32363.600000000002,14030.0,401838.36064814817
331,0.41375,c331,edge-3,420166.25,5.731481481481481,162157.0,14107.0,420166.25,5.731481481481481,32431.4,-32431.4,14107.0,401847.58148148144
332,0.415,c332,edge-7,420166.25,5.7563657407407405,162661.0,14164.0,420166.25,5.7563657407407405,32532.2,-32532.2,14164.0,401803.8063657407
333,0.41625,c333,edge-6,420166.25,5.757523148148148,163018.0,14267.0,420166.25,5.757523148148148,32603.600000000002,-32603.600000000002,14267.0,401835.40752314817
334,0.4175,c334,edge-6,420166.25,5.778935185185185,164041.0,14372.0,420166.25,5.778935185185185,32808.200000000004,-32808.200000000004,14372.0,401735.82893518516
335,0.41875,c335,edge-7,420166.25,5.793402777777778,164422.0,14431.0,420166.25,5.793402777777778,32884.4,-32884.4,14431.0,401718.6434027777
336,0.42,c336,edge-6,420166.25,5.799768518518518,165445.0,14538.0,420166.25,5.799768518518518,33089.0,-33089.0,14538.0,401621.04976851854
337,0.42125,c337,edge-6,420166.25,5.795717592592593,165802.0,14647.0,420166.25,5.795717592592593,33160.4,-33160.4,14647.0,401658.64571759256
338,0.4225,c338,edge-3,420166.25,5.817708333333333,166193.0,14726.0,420166.25,5.817708333333333,33238.6,-33238.6,14726.0,401659.46770833334
339,0.42375,c339,edge-5,420166.25,5.857638888888888,166590.0,14803.0,420166.25,5.857638888888888,33318.0,-33318.0,14803.0,401657.1076388889
340,0.425,c340,edge-4,421903.75,5.901041666666665,166595.0,14892.0,421903.75,5.901041666666665,33319.0,-33319.0,14892.0,403482.6510416667
341,0.42625,c341,edge-4,421903.75,5.920717592592593,167618.0,14983.0,421903.75,5.920717592592593,33523.6,-33523.6,14983.0,403369.0707175926
342,0.4275,c342,edge-6,421903.75,5.955439814814814,167975.0,15094.0,421903.75,5.955439814814814,33595.0,-33595.0,15094.0,403408.70543981483
343,0.42875,c343,edge-6,421903.75,5.986689814814814,168998.0,15207.0,421903.75,5.986689814814814,33799.6,-33799.6,15207.0,403317.13668981486
344,0.43,c344,edge-6,421903.75,5.9878472222222205,169355.0,15322.0,421903.75,5.9878472222222205,33871.0,-33871.0,15322.0,403360.73784722225
345,0.43125,c345,edge-7,421903.75,6.004050925925925,169859.0,15383.0,421903.75,6.004050925925925,33971.8,-33971.8,15383.0,403320.9540509259
346,0.4325,c346,edge-4,426060.7375,6.037037037037036,169860.0,15476.0,426060.7375,6.037037037037036,33972.0,-33972.0,15476.0,407570.774537037
347,0.43375,c347,edge-6,440986.675,6.0532407407407405,169860.0,15593.0,440986.675,6.0532407407407405,33972.0,-33972.0,15593.0,422613.7282407407
348,0.435,c348,edge-3,440986.675,6.071759259259259,170251.0,15674.0,440986.675,6.071759259259259,34050.200000000004,-34050.200000000004,15674.0,422616.54675925925
349,0.43625,c349,edge-8,440986.675,6.086226851851851,170297.0,15765.0,440986.675,6.086226851851851,34059.4,-34059.4,15765.0,422698.3612268518
350,0.4375,c350,edge-8,442099.475,6.090856481481481,170297.0,15858.0,442099.475,6.090856481481481,34059.4,-34059.4,15858.0,423904.1658564814
351,0.43875,c351,edge-4,442099.475,6.090277777777778,171320.0,15953.0,442099.475,6.090277777777778,34264.0,-34264.0,15953.0,423794.5652777777
352,0.44,c352,edge-1,442099.475,6.118055555555555,171579.0,16026.0,442099.475,6.118055555555555,34315.8,-34315.8,16026.0,423815.79305555555
353,0.44125,c353,edge-4,442099.475,6.137731481481481,172602.0,16123.0,442099.475,6.137731481481481,34520.4,-34520.4,16123.0,423708.2127314814
354,0.4425,c354,edge-1,442099.475,6.177083333333333,173156.0,16198.0,442099.475,6.177083333333333,34631.200000000004,-34631.200000000004,16198.0,423672.4520833333
355,0.44375,c355,edge-7,442099.475,6.171296296296296,173375.0,16261.0,442099.475,6.171296296296296,34675.0,-34675.0,16261.0,423691.64629629627
356,0.445,c356,edge-2,442099.475,6.184027777777778,174398.0,16362.0,442099.475,6.184027777777778,34879.6,-34879.6,16362.0,423588.05902777775
357,0.44625,c357,edge-5,442099.475,6.223958333333334,174604.0,16441.0,442099.475,6.223958333333334,34920.8,-34920.8,16441.0,423625.8989583333
358,0.4475,c358,edge-5,442099.475,6.256944444444445,174888.0,16522.0,442099.475,6.256944444444445,34977.6,-34977.6,16522.0,423650.13194444444
359,0.44875,c359,edge-4,446125.925,6.2696759259259265,174891.0,16621.0,446125.925,6.2696759259259265,34978.200000000004,-34978.200000000004,16621.0,427774.9946759259
360,0.45,c360,edge-7,446125.925,6.277777777777779,174963.0,16686.0,446125.925,6.277777777777779,34992.6,-34992.6,16686.0,427825.60277777776
361,0.45125,c361,edge-4,446125.925,6.317708333333334,175986.0,16787.0,446125.925,6.317708333333334,35197.200000000004,-35197.200000000004,16787.0,427722.0427083333
362,0.4525,c362,edge-3,446125.925,6.339699074074075,176377.0,16870.0,446125.925,6.339699074074075,35275.4,-35275.4,16870.0,427726.86469907407
363,0.45375,c363,edge-6,446125.925,6.367476851851853,177400.0,16989.0,446125.925,6.367476851851853,35480.0,-35480.0,16989.0,427641.29247685184
364,0.455,c364,edge-7,446125.925,6.370370370370371,177781.0,17056.0,446125.925,6.370370370370371,35556.200000000004,-35556.200000000004,17056.0,427632.09537037037
365,0.45625,c365,edge-3,446125.925,6.368055555555556,178013.0,17141.0,446125.925,6.368055555555556,35602.6,-35602.6,17141.0,427670.6930555556
366,0.4575,c366,edge-5,446125.925,6.40625,178480.0,17224.0,446125.925,6.40625,35696.0,-35696.0,17224.0,427660.33125
367,0.45875,c367,edge-2,446125.925,6.4375,179503.0,17327.0,446125.925,6.4375,35900.6,-35900.6,17327.0,427558.7625
368,0.46,c368,edge-5,446125.925,6.4282407407407405,179970.0,17412.0,446125.925,6.4282407407407405,35994.0,-35994.0,17412.0,427550.3532407407
369,0.46125,c369,edge-7,446125.925,6.436342592592593,180351.0,17481.0,446125.925,6.436342592592593,36070.200000000004,-36070.200000000004,17481.0,427543.16134259256
370,0.4625,c370,edge-1,446125.925,6.460069444444445,180610.0,17558.0,446125.925,6.460069444444445,36122.0,-36122.0,17558.0,427568.3850694444
371,0.46375,c371,edge-3,446125.925,6.471643518518518,181087.0,17645.0,446125.925,6.471643518518518,36217.4,-36217.4,17645.0,427559.9966435185
372,0.465,c372,edge-3,446125.925,6.480902777777778,181466.0,17734.0,446125.925,6.480902777777778,36293.200000000004,-36293.200000000004,17734.0,427573.2059027777
373,0.46625,c373,edge-1,446125.925,6.497106481481482,181845.0,17813.0,446125.925,6.497106481481482,36369.0,-36369.0,17813.0,427576.42210648145
374,0.4675,c374,edge-4,449167.2875,6.496527777777778,181845.0,17916.0,449167.2875,6.496527777777778,36369.0,-36369.0,17916.0,430720.7840277777
375,0.46875,c375,edge-7,449167.2875,6.502893518518519,182112.0,17987.0,449167.2875,6.502893518518519,36422.4,-36422.4,17987.0,430738.3903935185
376,0.47,c376,edge-2,451383.875,6.502314814814815,182112.0,18092.0,451383.875,6.502314814814815,36422.4,-36422.4,18092.0,433059.9773148148
377,0.47125,c377,edge-3,451383.875,6.50462962962963,182451.0,18183.0,451383.875,6.50462962962963,36490.200000000004,-36490.200000000004,18183.0,433083.1796296296
378,0.4725,c378,edge-6,451383.875,6.505787037037037,183474.0,18304.0,451383.875,6.505787037037037,36694.8,-36694.8,18304.0,432999.58078703703
379,0.47375,c379,edge-5,451383.875,6.518518518518519,183871.0,18391.0,451383.875,6.518518518518519,36774.200000000004,-36774.200000000004,18391.0,433007.1935185185
380,0.475,c380,edge-7,451383.875,6.523148148148148,184157.0,18464.0,451383.875,6.523148148148148,36831.4,-36831.4,18464.0,433022.9981481481
381,0.47625,c381,edge-4,451383.875,6.541087962962962,185180.0,18569.0,451383.875,6.541087962962962,37036.0,-37036.0,18569.0,432923.416087963
382,0.4775,c382,edge-5,451383.875,6.542245370370369,185647.0,18658.0,451383.875,6.542245370370369,37129.4,-37129.4,18658.0,432919.01724537037
383,0.47875,c383,edge-4,451383.875,6.578703703703703,186670.0,18765.0,451383.875,6.578703703703703,37334.0,-37334.0,18765.0,432821.4537037037
384,0.48,c384,edge-8,451383.875,6.609953703703703,187263.0,18860.0,451383.875,6.609953703703703,37452.6,-37452.6,18860.0,432797.88495370373
385,0.48125,c385,edge-8,451383.875,6.6498842592592595,187688.0,18957.0,451383.875,6.6498842592592595,37537.6,-37537.6,18957.0,432809.9248842593
386,0.4825,c386,edge-6,451383.875,6.692708333333334,187848.0,19080.0,451383.875,6.692708333333334,37569.6,-37569.6,19080.0,432900.96770833334
387,0.48375,c387,edge-8,451383.875,6.717592592592593,188273.0,19179.0,451383.875,6.717592592592593,37654.6,-37654.6,19179.0,432914.9925925926
388,0.485,c388,edge-4,451383.875,6.7303240740740735,188378.0,19288.0,451383.875,6.7303240740740735,37675.6,-37675.6,19288.0,433003.0053240741
389,0.48625,c389,edge-8,451383.875,6.726273148148148,188654.0,19389.0,451383.875,6.726273148148148,37730.8,-37730.8,19389.0,433048.80127314816
390,0.4875,c390,edge-1,451383.875,6.725694444444444,189033.0,19470.0,451383.875,6.725694444444444,37806.6,-37806.6,19470.0,433054.00069444446
391,0.48875,c391,edge-4,451383.875,6.747106481481482,190056.0,19581.0,451383.875,6.747106481481482,38011.200000000004,-38011.200000000004,19581.0,432960.42210648145
392,0.49,c392,edge-6,451383.875,6.768518518518518,191079.0,19706.0,451383.875,6.768518518518518,38215.8,-38215.8,19706.0,432880.84351851855
393,0.49125,c393,edge-7,451383.875,6.8032407407407405,191583.0,19781.0,451383.875,6.8032407407407405,38316.6,-38316.6,19781.0,432855.07824074075
394,0.4925,c394,edge-7,451383.875,6.822916666666667,191964.0,19858.0,451383.875,6.822916666666667,38392.8,-38392.8,19858.0,432855.8979166667
395,0.49375,c395,edge-5,451383.875,6.824074074074074,192361.0,19949.0,451383.875,6.824074074074074,38472.200000000004,-38472.200000000004,19949.0,432867.4990740741
396,0.495,c396,edge-8,451383.875,6.858796296296297,192954.0,20052.0,451383.875,6.858796296296297,38590.8,-38590.8,20052.0,432851.9337962963
397,0.49625,c397,edge-6,451383.875,6.89525462962963,193311.0,20179.0,451383.875,6.89525462962963,38662.200000000004,-38662.200000000004,20179.0,432907.5702546296
398,0.4975,c398,edge-3,451383.875,6.897569444444445,193702.0,20272.0,451383.875,6.897569444444445,38740.4,-38740.4,20272.0,432922.3725694444
399,0.49875,c399,edge-5,451383.875,6.906828703703704,193986.0,20365.0,451383.875,6.906828703703704,38797.200000000004,-38797.200000000004,20365.0,432958.5818287037
400,0.5,c400,edge-3,451383.875,6.934606481481483,194463.0,20460.0,451383.875,6.934606481481483,38892.6,-38892.6,20460.0,432958.2096064815
401,0.50125,c401,edge-6,451383.875,6.937500000000001,195486.0,20589.0,451383.875,6.937500000000001,39097.200000000004,-39097.200000000004,20589.0,432882.6125
402,0.5025,c402,edge-3,451383.875,6.950231481481482,195877.0,20686.0,451383.875,6.950231481481482,39175.4,-39175.4,20686.0,432901.42523148144
403,0.50375,c403,edge-3,451383.875,6.954861111111112,196216.0,20785.0,451383.875,6.954861111111112,39243.200000000004,-39243.200000000004,20785.0,432932.6298611111
404,0.505,c404,edge-8,451383.875,6.984375,196641.0,20890.0,451383.875,6.984375,39328.200000000004,-39328.200000000004,20890.0,432952.659375
405,0.50625,c405,edge-5,451383.875,6.997106481481481,196818.0,20985.0,451383.875,6.997106481481481,39363.600000000006,-39363.600000000006,20985.0,433012.2721064815
406,0.5075,c406,edge-4,451383.875,6.993055555555555,197841.0,21098.0,451383.875,6.993055555555555,39568.200000000004,-39568.200000000004,21098.0,432920.66805555555
407,0.50875,c407,edge-8,451383.875,6.994212962962964,197891.0,21205.0,451383.875,6.994212962962964,39578.200000000004,-39578.200000000004,21205.0,433017.66921296297
408,0.51,c408,edge-2,451383.875,7.005208333333334,198914.0,21312.0,451383.875,7.005208333333334,39782.8,-39782.8,21312.0,432920.0802083333
409,0.51125,c409,edge-1,451383.875,7.036458333333334,199059.0,21395.0,451383.875,7.036458333333334,39811.8,-39811.8,21395.0,432974.1114583333
410,0.5125,c410,edge-8,451383.875,7.049189814814816,199335.0,21504.0,451383.875,7.049189814814816,39867.0,-39867.0,21504.0,433027.92418981483
411,0.51375,c411,edge-4,451383.875,7.0925925925925934,199398.0,21619.0,451383.875,7.0925925925925934,39879.600000000006,-39879.600000000006,21619.0,433130.3675925926
412,0.515,c412,edge-5,451383.875,7.090277777777779,199865.0,21716.0,451383.875,7.090277777777779,39973.0,-39973.0,21716.0,433133.96527777775
413,0.51625,c413,edge-6,451383.875,7.1134259259259265,200888.0,21847.0,451383.875,7.1134259259259265,40177.600000000006,-40177.600000000006,21847.0,433060.38842592586
414,0.5175,c414,edge-3,451383.875,7.125000000000001,201365.0,21948.0,451383.875,7.125000000000001,40273.0,-40273.0,21948.0,433066.0
415,0.51875,c415,edge-3,451383.875,7.145833333333334,201842.0,22051.0,451383.875,7.145833333333334,40368.4,-40368.4,22051.0,433073.6208333333
416,0.52,c416,edge-5,451383.875,7.170717592592593,202048.0,22150.0,451383.875,7.170717592592593,40409.600000000006,-40409.600000000006,22150.0,433131.4457175926
417,0.52125,c417,edge-1,451383.875,7.188078703703704,202307.0,22235.0,451383.875,7.188078703703704,40461.4,-40461.4,22235.0,433164.6630787037
418,0.5225,c418,edge-8,451383.875,7.185763888888889,202900.0,22346.0,451383.875,7.185763888888889,40580.0,-40580.0,22346.0,433157.0607638889
419,0.52375,c419,edge-4,451383.875,7.181712962962963,203018.0,22463.0,451383.875,7.181712962962963,40603.600000000006,-40603.600000000006,22463.0,433250.45671296294
420,0.525,c420,edge-8,451383.875,7.221643518518518,203611.0,22576.0,451383.875,7.221643518518518,40722.200000000004,-40722.200000000004,22576.0,433244.8966435185
421,0.52625,c421,edge-4,451383.875,7.239583333333333,204634.0,22695.0,451383.875,7.239583333333333,40926.8,-40926.8,22695.0,433159.3145833333
422,0.5275,c422,edge-7,451383.875,7.239004629629629,204920.0,22774.0,451383.875,7.239004629629629,40984.0,-40984.0,22774.0,433181.1140046296
423,0.52875,c423,edge-6,451383.875,7.258680555555555,205181.0,22907.0,451383.875,7.258680555555555,41036.200000000004,-41036.200000000004,22907.0,433261.93368055555
424,0.53,c424,edge-2,451383.875,7.296875,206204.0,23016.0,451383.875,7.296875,41240.8,-41240.8,23016.0,433166.371875
425,0.53125,c425,edge-8,451383.875,7.313078703703704,206797.0,23131.0,451383.875,7.313078703703704,41359.4,-41359.4,23131.0,433162.7880787037
426,0.5325,c426,edge-4,451383.875,7.315972222222221,206915.0,23252.0,451383.875,7.315972222222221,41383.0,-41383.0,23252.0,433260.19097222225
427,0.53375,c427,edge-5,451383.875,7.335648148148149,207382.0,23353.0,451383.875,7.335648148148149,41476.4,-41476.4,23353.0,433267.8106481481
428,0.535,c428,edge-6,451383.875,7.363425925925926,208405.0,23488.0,451383.875,7.363425925925926,41681.0,-41681.0,23488.0,433198.2384259259
429,0.53625,c429,edge-3,451383.875,7.3842592592592595,208882.0,23593.0,451383.875,7.3842592592592595,41776.4,-41776.4,23593.0,433207.85925925925
430,0.5375,c430,edge-4,451383.875,7.424189814814815,209905.0,23716.0,451383.875,7.424189814814815,41981.0,-41981.0,23716.0,433126.29918981483
431,0.53875,c431,edge-4,451383.875,7.460648148148149,210928.0,23841.0,451383.875,7.460648148148149,42185.600000000006,-42185.600000000006,23841.0,433046.7356481481
432,0.54,c432,edge-1,451383.875,7.486689814814815,211100.0,23928.0,451383.875,7.486689814814815,42220.0,-42220.0,23928.0,433099.36168981483
433,0.54125,c433,edge-4,451383.875,7.5063657407407405,212123.0,24055.0,451383.875,7.5063657407407405,42424.600000000006,-42424.600000000006,24055.0,433021.7813657407
434,0.5425,c434,edge-8,451383.875,7.541087962962964,212716.0,24172.0,451383.875,7.541087962962964,42543.200000000004,-42543.200000000004,24172.0,433020.21608796297
435,0.54375,c435,edge-7,451383.875,7.5457175925925934,213097.0,24253.0,451383.875,7.5457175925925934,42619.4,-42619.4,24253.0,433025.02071759256
436,0.545,c436,edge-1,451383.875,7.578125000000002,213651.0,24342.0,451383.875,7.578125000000002,42730.200000000004,-42730.200000000004,24342.0,433003.253125
437,0.54625,c437,edge-8,451383.875,7.58101851851852,214244.0,24461.0,451383.875,7.58101851851852,42848.8,-42848.8,24461.0,433003.65601851855
438,0.5475,c438,edge-5,451383.875,7.619212962962965,214641.0,24564.0,451383.875,7.619212962962965,42928.200000000004,-42928.200000000004,24564.0,433027.29421296297
439,0.54875,c439,edge-2,451383.875,7.657407407407409,215664.0,24675.0,451383.875,7.657407407407409,43132.8,-43132.8,24675.0,432933.7324074074
440,0.55,c440,edge-3,451383.875,7.678240740740742,216003.0,24782.0,451383.875,7.678240740740742,43200.600000000006,-43200.600000000006,24782.0,432972.9532407407
441,0.55125,c441,edge-5,451383.875,7.6944444444444455,216180.0,24887.0,451383.875,7.6944444444444455,43236.0,-43236.0,24887.0,433042.56944444444
442,0.5525,c442,edge-3,451383.875,7.712962962962965,216571.0,24996.0,451383.875,7.712962962962965,43314.200000000004,-43314.200000000004,24996.0,433073.38796296297
443,0.55375,c443,edge-7,451383.875,7.721064814814817,216857.0,25079.0,451383.875,7.721064814814817,43371.4,-43371.4,25079.0,433099.1960648148
444,0.555,c444,edge-5,451383.875,7.718750000000002,217324.0,25186.0,451383.875,7.718750000000002,43464.8,-43464.8,25186.0,433112.79375
445,0.55625,c445,edge-6,451383.875,7.740162037037039,218347.0,25323.0,451383.875,7.740162037037039,43669.4,-43669.4,25323.0,433045.215162037
446,0.5575,c446,edge-4,451383.875,7.758101851851854,219370.0,25452.0,451383.875,7.758101851851854,43874.0,-43874.0,25452.0,432969.63310185185
447,0.55875,c447,edge-8,451383.875,7.794560185185187,219963.0,25573.0,451383.875,7.794560185185187,43992.600000000006,-43992.600000000006,25573.0,432972.0695601852
448,0.56,c448,edge-3,451383.875,7.820023148148151,220302.0,25684.0,451383.875,7.820023148148151,44060.4,-44060.4,25684.0,433015.2950231481
449,0.56125,c449,edge-2,451383.875,7.829282407407408,221325.0,25797.0,451383.875,7.829282407407408,44265.0,-44265.0,25797.0,432923.7042824074
450,0.5625,c450,edge-8,451383.875,7.8454861111111125,221692.0,25920.0,451383.875,7.8454861111111125,44338.4,-44338.4,25920.0,432973.3204861111
451,0.56375,c451,edge-4,451383.875,7.859953703703705,221810.0,26051.0,451383.875,7.859953703703705,44362.0,-44362.0,26051.0,433080.7349537037
452,0.565,c452,edge-8,451383.875,7.896412037037038,222403.0,26176.0,451383.875,7.896412037037038,44480.600000000006,-44480.600000000006,26176.0,433087.171412037
453,0.56625,c453,edge-7,451383.875,7.919560185185186,222784.0,26261.0,451383.875,7.919560185185186,44556.8,-44556.8,26261.0,433095.9945601852
454,0.5675,c454,edge-8,451383.875,7.913773148148149,223377.0,26388.0,451383.875,7.913773148148149,44675.4,-44675.4,26388.0,433104.3887731481
455,0.56875,c455,edge-5,451383.875,7.9079861111111125,223774.0,26497.0,451383.875,7.9079861111111125,44754.8,-44754.8,26497.0,433133.98298611114
456,0.57,c456,edge-4,451383.875,7.925925925925927,224797.0,26630.0,451383.875,7.925925925925927,44959.4,-44959.4,26630.0,433062.4009259259
457,0.57125,c457,edge-7,451383.875,7.943865740740742,225301.0,26717.0,451383.875,7.943865740740742,45060.200000000004,-45060.200000000004,26717.0,433048.6188657407
458,0.5725,c458,edge-5,451383.875,7.961805555555557,225507.0,26828.0,451383.875,7.961805555555557,45101.4,-45101.4,26828.0,433118.43680555554
459,0.57375,c459,edge-6,451383.875,7.964699074074074,226530.0,26967.0,451383.875,7.964699074074074,45306.0,-45306.0,26967.0,433052.8396990741
460,0.575,c460,edge-8,451383.875,7.984375,226955.0,27096.0,451383.875,7.984375,45391.0,-45391.0,27096.0,433096.859375
461,0.57625,c461,edge-4,451383.875,8.017361111111112,227028.0,27231.0,451383.875,8.017361111111112,45405.600000000006,-45405.600000000006,27231.0,433217.29236111115
462,0.5775,c462,edge-6,451383.875,8.018518518518519,227289.0,27372.0,451383.875,8.018518518518519,45457.8,-45457.8,27372.0,433306.09351851855
463,0.57875,c463,edge-6,451383.875,8.043402777777779,228312.0,27515.0,451383.875,8.043402777777779,45662.4,-45662.4,27515.0,433244.5184027777
464,0.58,c464,edge-4,451383.875,8.083333333333334,228380.0,27652.0,451383.875,8.083333333333334,45676.0,-45676.0,27652.0,433367.9583333333
465,0.58125,c465,edge-1,451383.875,8.08275462962963,228524.0,27743.0,451383.875,8.08275462962963,45704.8,-45704.8,27743.0,433430.1577546296
466,0.5825,c466,edge-7,451383.875,8.119212962962964,228791.0,27832.0,451383.875,8.119212962962964,45758.200000000004,-45758.200000000004,27832.0,433465.79421296297
467,0.58375,c467,edge-2,451383.875,8.131944444444445,229814.0,27947.0,451383.875,8.131944444444445,45962.8,-45962.8,27947.0,433376.20694444445
468,0.585,c468,edge-4,451383.875,8.13136574074074,230837.0,28086.0,451383.875,8.13136574074074,46167.4,-46167.4,28086.0,433310.6063657407
469,0.58625,c469,edge-4,451383.875,8.173032407407407,231860.0,28227.0,451383.875,8.173032407407407,46372.0,-46372.0,28227.0,433247.0480324074
470,0.5875,c470,edge-1,451383.875,8.205439814814815,232414.0,28320.0,451383.875,8.205439814814815,46482.8,-46482.8,28320.0,433229.28043981484
471,0.58875,c471,edge-7,451383.875,8.210069444444445,232795.0,28411.0,451383.875,8.210069444444445,46559.0,-46559.0,28411.0,433244.08506944444
472,0.59,c472,edge-5,451383.875,8.212962962962962,233192.0,28524.0,451383.875,8.212962962962962,46638.4,-46638.4,28524.0,433277.68796296295
473,0.59125,c473,edge-4,451383.875,8.21412037037037,233306.0,28667.0,451383.875,8.21412037037037,46661.200000000004,-46661.200000000004,28667.0,433397.8891203704
474,0.5925,c474,edge-2,451383.875,8.230324074074074,234329.0,28784.0,451383.875,8.230324074074074,46865.8,-46865.8,28784.0,433310.3053240741
475,0.59375,c475,edge-1,451383.875,8.273148148148149,234883.0,28879.0,451383.875,8.273148148148149,46976.600000000006,-46976.600000000006,28879.0,433294.5481481481
476,0.595,c476,edge-7,451383.875,8.269097222222223,235264.0,28972.0,451383.875,8.269097222222223,47052.8,-47052.8,28972.0,433311.34409722226
477,0.59625,c477,edge-5,451383.875,8.296875,235731.0,29087.0,451383.875,8.296875,47146.200000000004,-47146.200000000004,29087.0,433332.971875
478,0.5975,c478,edge-2,451383.875,8.292824074074074,235782.0,29206.0,451383.875,8.292824074074074,47156.4,-47156.4,29206.0,433441.7678240741
479,0.59875,c479,edge-2,451383.875,8.325810185185185,236805.0,29327.0,451383.875,8.325810185185185,47361.0,-47361.0,29327.0,433358.20081018517
480,0.6,c480,edge-8,451383.875,8.32175925925926,237230.0,29458.0,451383.875,8.32175925925926,47446.0,-47446.0,29458.0,433404.19675925927
481,0.60125,c481,edge-5,451383.875,8.317708333333334,237697.0,29575.0,451383.875,8.317708333333334,47539.4,-47539.4,29575.0,433427.7927083333
482,0.6025,c482,edge-7,451383.875,8.322337962962964,238078.0,29670.0,451383.875,8.322337962962964,47615.600000000006,-47615.600000000006,29670.0,433446.59733796294
483,0.60375,c483,edge-3,451383.875,8.324652777777779,238469.0,29783.0,451383.875,8.324652777777779,47693.8,-47693.8,29783.0,433481.39965277776
484,0.605,c484,edge-3,451383.875,8.330439814814815,238848.0,29898.0,451383.875,8.330439814814815,47769.600000000006,-47769.600000000006,29898.0,433520.60543981486
485,0.60625,c485,edge-7,451383.875,8.346643518518519,239352.0,29995.0,451383.875,8.346643518518519,47870.4,-47870.4,29995.0,433516.8216435185
486,0.6075,c486,edge-7,451383.875,8.364583333333334,239733.0,30094.0,451383.875,8.364583333333334,47946.600000000006,-47946.600000000006,30094.0,433539.6395833333
487,0.60875,c487,edge-6,451383.875,8.360532407407407,240090.0,30239.0,451383.875,8.360532407407407,48018.0,-48018.0,30239.0,433613.2355324074
488,0.61,c488,edge-3,451383.875,8.365162037037036,240469.0,30356.0,451383.875,8.365162037037036,48093.8,-48093.8,30356.0,433654.44016203703
489,0.61125,c489,edge-8,451383.875,8.390046296296296,241062.0,30489.0,451383.875,8.390046296296296,48212.4,-48212.4,30489.0,433668.86504629627
490,0.6125,c490,edge-7,451383.875,8.402777777777777,241281.0,30590.0,451383.875,8.402777777777777,48256.200000000004,-48256.200000000004,30590.0,433726.07777777774
491,0.61375,c491,edge-6,451383.875,8.403935185185183,241638.0,30737.0,451383.875,8.403935185185183,48327.600000000006,-48327.600000000006,30737.0,433801.6789351852
492,0.615,c492,edge-4,451383.875,8.445601851851851,241752.0,30882.0,451383.875,8.445601851851851,48350.4,-48350.4,30882.0,433923.92060185183
493,0.61625,c493,edge-6,451383.875,8.476851851851851,242775.0,31031.0,451383.875,8.476851851851851,48555.0,-48555.0,31031.0,433868.35185185185
494,0.6175,c494,edge-7,451383.875,8.481481481481481,243156.0,31134.0,451383.875,8.481481481481481,48631.200000000004,-48631.200000000004,31134.0,433895.15648148145
495,0.61875,c495,edge-7,451383.875,8.501157407407407,243537.0,31239.0,451383.875,8.501157407407407,48707.4,-48707.4,31239.0,433923.9761574074
496,0.62,c496,edge-7,451383.875,8.524305555555555,243918.0,31346.0,451383.875,8.524305555555555,48783.600000000006,-48783.600000000006,31346.0,433954.7993055555
497,0.62125,c497,edge-1,451383.875,8.585648148148147,244472.0,31443.0,451383.875,8.585648148148147,48894.4,-48894.4,31443.0,433941.0606481481
498,0.6225,c498,edge-6,451383.875,8.608796296296296,245495.0,31594.0,451383.875,8.608796296296296,49099.0,-49099.0,31594.0,433887.4837962963
499,0.62375,c499,edge-7,451383.875,8.625,245781.0,31703.0,451383.875,8.625,49156.200000000004,-49156.200000000004,31703.0,433939.3
500,0.625,c500,edge-7,451383.875,8.644675925925926,246285.0,31814.0,451383.875,8.644675925925926,49257.0,-49257.0,31814.0,433949.5196759259
501,0.62625,c501,edge-6,451383.875,8.674189814814815,247308.0,31967.0,451383.875,8.674189814814815,49461.600000000006,-49461.600000000006,31967.0,433897.94918981486
502,0.6275,c502,edge-4,451383.875,8.71238425925926,248331.0,32114.0,451383.875,8.71238425925926,49666.200000000004,-49666.200000000004,32114.0,433840.38738425926
503,0.62875,c503,edge-4,451383.875,8.710069444444445,249354.0,32263.0,451383.875,8.710069444444445,49870.8,-49870.8,32263.0,433784.78506944445
504,0.63,c504,edge-3,451383.875,8.71238425925926,249831.0,32382.0,451383.875,8.71238425925926,49966.200000000004,-49966.200000000004,32382.0,433808.38738425926
505,0.63125,c505,edge-6,451383.875,8.72511574074074,250055.0,32537.0,451383.875,8.72511574074074,50011.0,-50011.0,32537.0,433918.60011574073
506,0.6325,c506,edge-8,451383.875,8.752893518518519,250480.0,32672.0,451383.875,8.752893518518519,50096.0,-50096.0,32672.0,433968.62789351854
507,0.63375,c507,edge-4,451383.875,8.772569444444445,251503.0,32823.0,451383.875,8.772569444444445,50300.600000000006,-50300.600000000006,32823.0,433915.0475694444
508,0.635,c508,edge-2,451383.875,8.803819444444445,252526.0,32946.0,451383.875,8.803819444444445,50505.200000000004,-50505.200000000004,32946.0,433833.4788194444
509,0.63625,c509,edge-7,451383.875,8.806712962962964,252907.0,33059.0,451383.875,8.806712962962964,50581.4,-50581.4,33059.0,433870.28171296295
510,0.6375,c510,edge-6,451383.875,8.82986111111111,253930.0,33216.0,451383.875,8.82986111111111,50786.0,-50786.0,33216.0,433822.7048611111
511,0.63875,c511,edge-5,451383.875,8.844328703703702,254214.0,33335.0,451383.875,8.844328703703702,50842.8,-50842.8,33335.0,433884.9193287037
512,0.64,c512,edge-1,451383.875,8.842013888888888,254358.0,33434.0,451383.875,8.842013888888888,50871.600000000006,-50871.600000000006,33434.0,433955.1170138889
513,0.64125,c513,edge-8,451383.875,8.881944444444443,254634.0,33571.0,451383.875,8.881944444444443,50926.8,-50926.8,33571.0,434036.95694444445
514,0.6425,c514,edge-4,451383.875,8.901620370370368,255657.0,33724.0,451383.875,8.901620370370368,51131.4,-51131.4,33724.0,433985.37662037037
515,0.64375,c515,edge-8,451383.875,8.91435185185185,256082.0,33863.0,451383.875,8.91435185185185,51216.4,-51216.4,33863.0,434039.38935185183
516,0.645,c516,edge-7,451383.875,8.930555555555554,256128.0,33978.0,451383.875,8.930555555555554,51225.600000000006,-51225.600000000006,33978.0,434145.2055555555
517,0.64625,c517,edge-7,451383.875,8.946759259259258,256414.0,34095.0,451383.875,8.946759259259258,51282.8,-51282.8,34095.0,434205.0217592593
518,0.6475,c518,edge-1,451383.875,8.986689814814815,256793.0,34196.0,451383.875,8.986689814814815,51358.600000000006,-51358.600000000006,34196.0,434230.26168981486
519,0.64875,c519,edge-8,451903.175,9.02662037037037,256793.0,34337.0,451903.175,9.02662037037037,51358.600000000006,-51358.600000000006,34337.0,434890.6016203704
520,0.65,c520,edge-4,451903.175,9.066550925925926,257816.0,34492.0,451903.175,9.066550925925926,51563.200000000004,-51563.200000000004,34492.0,434841.0415509259
521,0.65125,c521,edge-2,451903.175,9.081018518518519,258839.0,34617.0,451903.175,9.081018518518519,51767.8,-51767.8,34617.0,434761.45601851854
522,0.6525,c522,edge-8,451903.175,9.119212962962964,259115.0,34760.0,451903.175,9.119212962962964,51823.0,-51823.0,34760.0,434849.29421296297
523,0.65375,c523,edge-3,451903.175,9.128472222222221,259592.0,34881.0,451903.175,9.128472222222221,51918.4,-51918.4,34881.0,434874.9034722222
524,0.655,c524,edge-4,451903.175,9.168402777777779,260615.0,35038.0,451903.175,9.168402777777779,52123.0,-52123.0,35038.0,434827.34340277774
525,0.65625,c525,edge-8,452601.175,9.167824074074074,260643.0,35183.0,452601.175,9.167824074074074,52128.600000000006,-52128.600000000006,35183.0,435664.7428240741
526,0.6575,c526,edge-4,452601.175,9.1875,261666.0,35342.0,452601.175,9.1875,52333.200000000004,-52333.200000000004,35342.0,435619.1625
527,0.65875,c527,edge-5,452601.175,9.208912037037038,261950.0,35463.0,452601.175,9.208912037037038,52390.0,-52390.0,35463.0,435683.383912037
528,0.66,c528,edge-2,452601.175,9.218171296296298,262973.0,35590.0,452601.175,9.218171296296298,52594.600000000006,-52594.600000000006,35590.0,435605.79317129625
529,0.66125,c529,edge-5,452601.175,9.252893518518519,263440.0,35713.0,452601.175,9.252893518518519,52688.0,-52688.0,35713.0,435635.4278935185
530,0.6625,c530,edge-7,452601.175,9.274305555555557,263726.0,35832.0,452601.175,9.274305555555557,52745.200000000004,-52745.200000000004,35832.0,435697.24930555554
531,0.66375,c531,edge-2,452601.175,9.285300925925927,264749.0,35961.0,452601.175,9.285300925925927,52949.8,-52949.8,35961.0,435621.6603009259
532,0.665,c532,edge-3,452601.175,9.284143518518519,265088.0,36084.0,452601.175,9.284143518518519,53017.600000000006,-53017.600000000006,36084.0,435676.8591435185
533,0.66625,c533,edge-3,452601.175,9.308449074074074,265467.0,36209.0,452601.175,9.308449074074074,53093.4,-53093.4,36209.0,435726.08344907407
534,0.6675,c534,edge-2,452601.175,9.302662037037038,266490.0,36340.0,452601.175,9.302662037037038,53298.0,-53298.0,36340.0,435652.477662037
535,0.66875,c535,edge-1,452601.175,9.340856481481483,266749.0,36443.0,452601.175,9.340856481481483,53349.8,-53349.8,36443.0,435703.71585648146
536,0.67,c536,edge-5,452601.175,9.340277777777779,267095.0,36568.0,452601.175,9.340277777777779,53419.0,-53419.0,36568.0,435759.51527777774
537,0.67125,c537,edge-4,452601.175,9.341435185185185,268118.0,36729.0,452601.175,9.341435185185185,53623.600000000006,-53623.600000000006,36729.0,435715.9164351851
538,0.6725,c538,edge-5,452601.175,9.370949074074074,268515.0,36856.0,452601.175,9.370949074074074,53703.0,-53703.0,36856.0,435763.5459490741
539,0.67375,c539,edge-5,452601.175,9.392361111111112,268799.0,36985.0,452601.175,9.392361111111112,53759.8,-53759.8,36985.0,435835.7673611111
540,0.675,c540,edge-1,452601.175,9.39525462962963,269178.0,37090.0,452601.175,9.39525462962963,53835.600000000006,-53835.600000000006,37090.0,435864.9702546296
541,0.67625,c541,edge-4,452601.175,9.394675925925926,269225.0,37253.0,452601.175,9.394675925925926,53845.0,-53845.0,37253.0,436018.5696759259
542,0.6775,c542,edge-6,452601.175,9.434606481481481,269582.0,37412.0,452601.175,9.434606481481481,53916.4,-53916.4,37412.0,436106.2096064814
543,0.67875,c543,edge-4,452601.175,9.449074074074074,270605.0,37577.0,452601.175,9.449074074074074,54121.0,-54121.0,37577.0,436066.6240740741
544,0.68,c544,edge-5,452601.175,9.460069444444445,271072.0,37708.0,452601.175,9.460069444444445,54214.4,-54214.4,37708.0,436104.2350694444
545,0.68125,c545,edge-6,452601.175,9.45949074074074,272095.0,37869.0,452601.175,9.45949074074074,54419.0,-54419.0,37869.0,436060.6344907407
546,0.6825,c546,edge-7,452601.175,9.455439814814815,272599.0,37990.0,452601.175,9.455439814814815,54519.8,-54519.8,37990.0,436080.83043981483
547,0.68375,c547,edge-3,452601.175,9.463541666666666,273076.0,38117.0,452601.175,9.463541666666666,54615.200000000004,-54615.200000000004,38117.0,436112.43854166666
548,0.685,c548,edge-8,452601.175,9.461226851851851,273443.0,38264.0,452601.175,9.461226851851851,54688.600000000006,-54688.600000000006,38264.0,436186.03622685187
549,0.68625,c549,edge-1,452601.175,9.453703703703704,273822.0,38371.0,452601.175,9.453703703703704,54764.4,-54764.4,38371.0,436217.2287037037
550,0.6875,c550,edge-2,452601.175,9.447916666666666,274845.0,38504.0,452601.175,9.447916666666666,54969.0,-54969.0,38504.0,436145.6229166667
551,0.68875,c551,edge-4,452601.175,9.454282407407408,274963.0,38671.0,452601.175,9.454282407407408,54992.600000000006,-54992.600000000006,38671.0,436289.02928240737
552,0.69,c552,edge-7,452601.175,9.448495370370372,275467.0,38794.0,452601.175,9.448495370370372,55093.4,-55093.4,38794.0,436311.22349537036
553,0.69125,c553,edge-6,452601.175,9.476273148148149,276490.0,38957.0,452601.175,9.476273148148149,55298.0,-55298.0,38957.0,436269.65127314813
554,0.6925,c554,edge-7,452601.175,9.517939814814817,276994.0,39082.0,452601.175,9.517939814814817,55398.8,-55398.8,39082.0,436293.89293981483
555,0.69375,c555,edge-7,452601.175,9.550925925925927,277498.0,39209.0,452601.175,9.550925925925927,55499.600000000006,-55499.600000000006,39209.0,436320.1259259259
556,0.695,c556,edge-5,452601.175,9.565393518518519,277895.0,39342.0,452601.175,9.565393518518519,55579.0,-55579.0,39342.0,436373.7403935185
557,0.69625,c557,edge-4,452601.175,9.605324074074074,278918.0,39511.0,452601.175,9.605324074074074,55783.600000000006,-55783.600000000006,39511.0,436338.1803240741
558,0.6975,c558,edge-1,452601.175,9.625,279090.0,39620.0,452601.175,9.625,55818.0,-55818.0,39620.0,436412.8
559,0.69875,c559,edge-8,452601.175,9.626157407407407,279457.0,39769.0,452601.175,9.626157407407407,55891.4,-55891.4,39769.0,436488.4011574074
560,0.7,c560,edge-2,452601.175,9.659143518518517,280480.0,39904.0,452601.175,9.659143518518517,56096.0,-56096.0,39904.0,436418.8341435185
561,0.70125,c561,edge-3,452601.175,9.677662037037036,280819.0,40033.0,452601.175,9.677662037037036,56163.8,-56163.8,40033.0,436480.052662037
562,0.7025,c562,edge-6,452601.175,9.680555555555555,281842.0,40198.0,452601.175,9.680555555555555,56368.4,-56368.4,40198.0,436440.4555555555
563,0.70375,c563,edge-2,452733.58749999997,9.671296296296296,281842.0,40335.0,452733.58749999997,9.671296296296296,56368.4,-56368.4,40335.0,436709.85879629623
564,0.705,c564,edge-6,452733.58749999997,9.702546296296296,282073.0,40502.0,452733.58749999997,9.702546296296296,56414.600000000006,-56414.600000000006,40502.0,436830.6900462962
565,0.70625,c565,edge-2,452733.58749999997,9.727430555555555,282119.0,40641.0,452733.58749999997,9.727430555555555,56423.8,-56423.8,40641.0,436960.51493055554
566,0.7075,c566,edge-2,452733.58749999997,9.765624999999998,283142.0,40782.0,452733.58749999997,9.765624999999998,56628.4,-56628.4,40782.0,436896.95312499994
567,0.70875,c567,edge-2,452733.58749999997,9.796874999999998,284165.0,40925.0,452733.58749999997,9.796874999999998,56833.0,-56833.0,40925.0,436835.38437499997
568,0.71,c568,edge-7,452733.58749999997,9.80324074074074,284546.0,41054.0,452733.58749999997,9.80324074074074,56909.200000000004,-56909.200000000004,41054.0,436888.1907407407
569,0.71125,c569,edge-6,452733.58749999997,9.82638888888889,284903.0,41223.0,452733.58749999997,9.82638888888889,56980.600000000006,-56980.600000000006,41223.0,436985.8138888888
570,0.7125,c570,edge-8,452733.58749999997,9.829282407407408,285270.0,41374.0,452733.58749999997,9.829282407407408,57054.0,-57054.0,41374.0,437063.4167824074
571,0.71375,c571,edge-3,452733.58749999997,9.828125,285477.0,41505.0,452733.58749999997,9.828125,57095.4,-57095.4,41505.0,437153.01562499994
572,0.715,c572,edge-4,452733.58749999997,9.829282407407408,286500.0,41676.0,452733.58749999997,9.829282407407408,57300.0,-57300.0,41676.0,437119.4167824074
573,0.71625,c573,edge-3,452733.58749999997,9.830439814814815,286729.0,41809.0,452733.58749999997,9.830439814814815,57345.8,-57345.8,41809.0,437206.6179398148
574,0.7175,c574,edge-1,452733.58749999997,9.867476851851853,287283.0,41920.0,452733.58749999997,9.867476851851853,57456.600000000006,-57456.600000000006,41920.0,437206.85497685184
575,0.71875,c575,edge-2,452733.58749999997,9.903935185185185,288306.0,42065.0,452733.58749999997,9.903935185185185,57661.200000000004,-57661.200000000004,42065.0,437147.2914351851
576,0.72,c576,edge-6,452733.58749999997,9.940393518518519,288567.0,42236.0,452733.58749999997,9.940393518518519,57713.4,-57713.4,42236.0,437266.1278935185
577,0.72125,c577,edge-4,452733.58749999997,9.934606481481481,289590.0,42409.0,452733.58749999997,9.934606481481481,57918.0,-57918.0,42409.0,437234.5221064814
578,0.7225,c578,edge-1,452733.58749999997,9.94849537037037,290144.0,42522.0,452733.58749999997,9.94849537037037,58028.8,-58028.8,42522.0,437236.73599537037
579,0.72375,c579,edge-2,452733.58749999997,9.97974537037037,291167.0,42669.0,452733.58749999997,9.97974537037037,58233.4,-58233.4,42669.0,437179.16724537034
580,0.725,c580,edge-1,464755.4041666666,9.98611111111111,291168.0,42784.0,464755.4041666666,9.98611111111111,58233.600000000006,-58233.600000000006,42784.0,449315.7902777777
581,0.72625,c581,edge-2,464755.4041666666,10.004629629629628,291241.0,42933.0,464755.4041666666,10.004629629629628,58248.200000000004,-58248.200000000004,42933.0,449450.2087962962
582,0.7275,c582,edge-3,464755.4041666666,10.004050925925926,291580.0,43068.0,464755.4041666666,10.004050925925926,58316.0,-58316.0,43068.0,449517.4082175925
583,0.72875,c583,edge-3,464755.4041666666,10.012731481481481,292057.0,43205.0,464755.4041666666,10.012731481481481,58411.4,-58411.4,43205.0,449559.01689814805
584,0.73,c584,edge-4,464755.4041666666,10.034143518518519,293080.0,43380.0,464755.4041666666,10.034143518518519,58616.0,-58616.0,43380.0,449529.43831018516
585,0.73125,c585,edge-3,464755.4041666666,10.066550925925926,293557.0,43519.0,464755.4041666666,10.066550925925926,58711.4,-58711.4,43519.0,449573.0707175925
586,0.7325,c586,edge-8,465636.9041666666,10.058449074074073,293558.0,43672.0,465636.9041666666,10.058449074074073,58711.600000000006,-58711.600000000006,43672.0,450607.36261574074
587,0.73375,c587,edge-1,465636.9041666666,10.094907407407407,293817.0,43789.0,465636.9041666666,10.094907407407407,58763.4,-58763.4,43789.0,450672.599074074
588,0.735,c588,edge-2,465636.9041666666,10.085648148148147,294840.0,43940.0,465636.9041666666,10.085648148148147,58968.0,-58968.0,43940.0,450618.98981481476
589,0.73625,c589,edge-6,465636.9041666666,10.088541666666664,295863.0,44113.0,465636.9041666666,10.088541666666664,59172.600000000006,-59172.600000000006,44113.0,450587.3927083333
590,0.7375,c590,edge-2,465636.9041666666,10.101273148148147,296886.0,44266.0,465636.9041666666,10.101273148148147,59377.200000000004,-59377.200000000004,44266.0,450535.80543981475
591,0.73875,c591,edge-6,465636.9041666666,10.102430555555554,297909.0,44441.0,465636.9041666666,10.102430555555554,59581.8,-59581.8,44441.0,450506.2065972222
592,0.74,c592,edge-8,465636.9041666666,10.107060185185183,298334.0,44596.0,465636.9041666666,10.107060185185183,59666.8,-59666.8,44596.0,450576.2112268518
593,0.74125,c593,edge-3,465636.9041666666,10.138310185185183,298811.0,44737.0,465636.9041666666,10.138310185185183,59762.200000000004,-59762.200000000004,44737.0,450621.8424768518
594,0.7425,c594,edge-7,465636.9041666666,10.159722222222221,299078.0,44868.0,465636.9041666666,10.159722222222221,59815.600000000006,-59815.600000000006,44868.0,450699.46388888883
595,0.74375,c595,edge-4,465636.9041666666,10.153935185185183,300101.0,45045.0,465636.9041666666,10.153935185185183,60020.200000000004,-60020.200000000004,45045.0,450671.8581018518
596,0.745,c596,edge-1,465636.9041666666,10.144675925925924,300245.0,45164.0,465636.9041666666,10.144675925925924,60049.0,-60049.0,45164.0,450762.0488425925
597,0.74625,c597,edge-1,465636.9041666666,10.14236111111111,300389.0,45285.0,465636.9041666666,10.14236111111111,60077.8,-60077.8,45285.0,450854.24652777775
598,0.7475,c598,edge-7,465636.9041666666,10.136574074074073,300893.0,45418.0,465636.9041666666,10.136574074074073,60178.600000000006,-60178.600000000006,45418.0,450886.44074074074
599,0.74875,c599,edge-1,465636.9041666666,10.172453703703702,301447.0,45541.0,465636.9041666666,10.172453703703702,60289.4,-60289.4,45541.0,450898.6766203703
600,0.75,c600,edge-4,465636.9041666666,10.212384259259256,302470.0,45720.0,465636.9041666666,10.212384259259256,60494.0,-60494.0,45720.0,450873.1165509259
601,0.75125,c601,edge-2,465636.9041666666,10.221643518518515,303493.0,45875.0,465636.9041666666,10.221643518518515,60698.600000000006,-60698.600000000006,45875.0,450823.5258101851
602,0.7525,c602,edge-6,465636.9041666666,10.219328703703702,303754.0,46052.0,465636.9041666666,10.219328703703702,60750.8,-60750.8,46052.0,450948.32349537034
603,0.75375,c603,edge-7,468275.9541666666,10.221643518518519,303755.0,46187.0,468275.9541666666,10.221643518518519,60751.0,-60751.0,46187.0,453722.17581018514
604,0.755,c604,edge-1,468275.9541666666,10.237847222222221,303927.0,46312.0,468275.9541666666,10.237847222222221,60785.4,-60785.4,46312.0,453812.79201388883
605,0.75625,c605,edge-8,468275.9541666666,10.269097222222221,304520.0,46469.0,468275.9541666666,10.269097222222221,60904.0,-60904.0,46469.0,453851.22326388885
606,0.7575,c606,edge-8,468275.9541666666,10.307291666666666,305113.0,46628.0,468275.9541666666,10.307291666666666,61022.600000000006,-61022.600000000006,46628.0,453891.66145833326
607,0.75875,c607,edge-4,468275.9541666666,10.332175925925926,305231.0,46809.0,468275.9541666666,10.332175925925926,61046.200000000004,-61046.200000000004,46809.0,454049.0863425925
608,0.76,c608,edge-5,468275.9541666666,10.37037037037037,305515.0,46944.0,468275.9541666666,10.37037037037037,61103.0,-61103.0,46944.0,454127.324537037
609,0.76125,c609,edge-7,468275.9541666666,10.408564814814815,306019.0,47081.0,468275.9541666666,10.408564814814815,61203.8,-61203.8,47081.0,454163.56273148145
610,0.7625,c610,edge-2,468275.9541666666,10.44675925925926,307042.0,47238.0,468275.9541666666,10.44675925925926,61408.4,-61408.4,47238.0,454116.00092592585
611,0.76375,c611,edge-6,468275.9541666666,10.468171296296296,308065.0,47417.0,468275.9541666666,10.468171296296296,61613.0,-61613.0,47417.0,454090.4223379629
612,0.765,c612,edge-5,468275.9541666666,10.484375,308532.0,47554.0,468275.9541666666,10.484375,61706.4,-61706.4,47554.0,454134.0385416666
613,0.76625,c613,edge-7,468275.9541666666,10.47511574074074,308799.0,47693.0,468275.9541666666,10.47511574074074,61759.8,-61759.8,47693.0,454219.62928240735
614,0.7675,c614,edge-7,475775.30416666664,10.493055555555555,308826.0,47834.0,475775.30416666664,10.493055555555555,61765.200000000004,-61765.200000000004,47834.0,461854.5972222222
615,0.76875,c615,edge-5,475775.30416666664,10.536458333333334,309293.0,47973.0,475775.30416666664,10.536458333333334,61858.600000000006,-61858.600000000006,47973.0,461900.240625
616,0.77,c616,edge-2,475775.30416666664,10.55787037037037,309426.0,48132.0,475775.30416666664,10.55787037037037,61885.200000000004,-61885.200000000004,48132.0,462032.662037037
617,0.77125,c617,edge-7,475775.30416666664,10.597800925925926,309693.0,48275.0,475775.30416666664,10.597800925925926,61938.600000000006,-61938.600000000006,48275.0,462122.30196759256
618,0.7725,c618,edge-1,475775.30416666664,10.637731481481481,309842.0,48402.0,475775.30416666664,10.637731481481481,61968.4,-61968.4,48402.0,462219.5418981481
619,0.77375,c619,edge-4,475775.30416666664,10.652199074074073,310865.0,48585.0,475775.30416666664,10.652199074074073,62173.0,-62173.0,48585.0,462197.95636574074
620,0.775,c620,edge-1,475775.30416666664,10.699652777777777,311419.0,48714.0,475775.30416666664,10.699652777777777,62283.8,-62283.8,48714.0,462216.2038194444
621,0.77625,c621,edge-6,475775.30416666664,10.721064814814813,312442.0,48895.0,475775.30416666664,10.721064814814813,62488.4,-62488.4,48895.0,462192.62523148145
622,0.7775,c622,edge-5,475775.30416666664,10.759259259259258,312909.0,49036.0,475775.30416666664,10.759259259259258,62581.8,-62581.8,49036.0,462240.2634259259
623,0.77875,c623,edge-1,475775.30416666664,10.777777777777777,313463.0,49167.0,475775.30416666664,10.777777777777777,62692.600000000006,-62692.600000000006,49167.0,462260.48194444436
624,0.78,c624,edge-2,475775.30416666664,10.790509259259258,314486.0,49328.0,475775.30416666664,10.790509259259258,62897.200000000004,-62897.200000000004,49328.0,462216.8946759259
625,0.78125,c625,edge-8,475775.30416666664,10.78298611111111,314911.0,49489.0,475775.30416666664,10.78298611111111,62982.200000000004,-62982.200000000004,49489.0,462292.88715277775
626,0.7825,c626,edge-1,475775.30416666664,10.824652777777777,315290.0,49622.0,475775.30416666664,10.824652777777777,63058.0,-63058.0,49622.0,462350.1288194444
627,0.78375,c627,edge-4,475775.30416666664,10.842592592592592,316313.0,49807.0,475775.30416666664,10.842592592592592,63262.600000000006,-63262.600000000006,49807.0,462330.5467592592
628,0.785,c628,edge-6,475775.30416666664,10.86574074074074,317336.0,49990.0,475775.30416666664,10.86574074074074,63467.200000000004,-63467.200000000004,49990.0,462308.96990740736
629,0.78625,c629,edge-6,475775.30416666664,10.86863425925926,318359.0,50175.0,475775.30416666664,10.86863425925926,63671.8,-63671.8,50175.0,462289.3728009259
630,0.7875,c630,edge-8,476442.99166666664,10.869791666666666,318387.0,50338.0,476442.99166666664,10.869791666666666,63677.4,-63677.4,50338.0,463114.4614583333
631,0.78875,c631,edge-3,476442.99166666664,10.909722222222221,318864.0,50481.0,476442.99166666664,10.909722222222221,63772.8,-63772.8,50481.0,463162.1013888889
632,0.79,c632,edge-2,476442.99166666664,10.903935185185183,319887.0,50644.0,476442.99166666664,10.903935185185183,63977.4,-63977.4,50644.0,463120.4956018518
633,0.79125,c633,edge-1,476442.99166666664,10.947916666666664,320441.0,50779.0,476442.99166666664,10.947916666666664,64088.200000000004,-64088.200000000004,50779.0,463144.7395833333
634,0.7925,c634,edge-5,476442.99166666664,10.984374999999998,320908.0,50922.0,476442.99166666664,10.984374999999998,64181.600000000006,-64181.600000000006,50922.0,463194.3760416666
635,0.79375,c635,edge-6,476442.99166666664,10.97685185185185,321139.0,51109.0,476442.99166666664,10.97685185185185,64227.8,-64227.8,51109.0,463335.1685185185
636,0.795,c636,edge-6,476442.99166666664,10.976273148148147,321400.0,51298.0,476442.99166666664,10.976273148148147,64280.0,-64280.0,51298.0,463471.9679398148
637,0.79625,c637,edge-5,476442.99166666664,10.975694444444441,321867.0,51443.0,476442.99166666664,10.975694444444441,64373.4,-64373.4,51443.0,463523.56736111105
638,0.7975,c638,edge-4,478165.99166666664,11.013888888888888,321868.0,51630.0,478165.99166666664,11.013888888888888,64373.600000000006,-64373.600000000006,51630.0,465433.4055555555
639,0.79875,c639,edge-2,478165.99166666664,11.03009259259259,322891.0,51795.0,478165.99166666664,11.03009259259259,64578.200000000004,-64578.200000000004,51795.0,465393.8217592592
640,0.8,c640,edge-1,478165.99166666664,11.040509259259258,323445.0,51932.0,478165.99166666664,11.040509259259258,64689.0,-64689.0,51932.0,465420.0321759259
641,0.80125,c641,edge-4,478165.99166666664,11.03472222222222,323475.0,52121.0,478165.99166666664,11.03472222222222,64695.0,-64695.0,52121.0,465603.0263888889
642,0.8025,c642,edge-2,478165.99166666664,11.071180555555554,323512.0,52288.0,478165.99166666664,11.071180555555554,64702.4,-64702.4,52288.0,465762.6628472222
643,0.80375,c643,edge-7,478165.99166666664,11.087384259259258,324016.0,52433.0,478165.99166666664,11.087384259259258,64803.200000000004,-64803.200000000004,52433.0,465806.8790509259
644,0.805,c644,edge-2,478165.99166666664,11.120370370370368,325039.0,52602.0,478165.99166666664,11.120370370370368,65007.8,-65007.8,52602.0,465771.31203703705
645,0.80625,c645,edge-4,478165.99166666664,11.155092592592592,325157.0,52793.0,478165.99166666664,11.155092592592592,65031.4,-65031.4,52793.0,465938.7467592592
646,0.8075,c646,edge-3,478165.99166666664,11.188078703703702,325496.0,52938.0,478165.99166666664,11.188078703703702,65099.200000000004,-65099.200000000004,52938.0,466015.97974537034
647,0.80875,c647,edge-5,478165.99166666664,11.1875,325842.0,53085.0,478165.99166666664,11.1875,65168.4,-65168.4,53085.0,466093.7791666666
648,0.81,c648,edge-1,478165.99166666664,11.179976851851851,326221.0,53224.0,478165.99166666664,11.179976851851851,65244.200000000004,-65244.200000000004,53224.0,466156.9716435185
649,0.81125,c649,edge-8,478165.99166666664,11.218171296296296,326814.0,53389.0,478165.99166666664,11.218171296296296,65362.8,-65362.8,53389.0,466203.40983796294
650,0.8125,c650,edge-4,478165.99166666664,11.21412037037037,327837.0,53582.0,478165.99166666664,11.21412037037037,65567.40000000001,-65567.40000000001,53582.0,466191.805787037
651,0.81375,c651,edge-7,478165.99166666664,11.232060185185185,328341.0,53729.0,478165.99166666664,11.232060185185185,65668.2,-65668.2,53729.0,466238.0237268518
652,0.815,c652,edge-1,478165.99166666664,11.232060185185185,328895.0,53870.0,478165.99166666664,11.232060185185185,65779.0,-65779.0,53870.0,466268.2237268518
653,0.81625,c653,edge-7,478165.99166666664,11.22800925925926,329399.0,54019.0,478165.99166666664,11.22800925925926,65879.8,-65879.8,54019.0,466316.4196759259
654,0.8175,c654,edge-8,478165.99166666664,11.251157407407408,329992.0,54186.0,478165.99166666664,11.251157407407408,65998.40000000001,-65998.40000000001,54186.0,466364.84282407403
655,0.81875,c655,edge-1,478165.99166666664,11.263310185185185,330137.0,54329.0,478165.99166666664,11.263310185185185,66027.40000000001,-66027.40000000001,54329.0,466478.8549768518
656,0.82,c656,edge-2,478165.99166666664,11.291087962962964,331160.0,54500.0,478165.99166666664,11.291087962962964,66232.0,-66232.0,54500.0,466445.2827546296
657,0.82125,c657,edge-6,478165.99166666664,11.332754629629632,331363.0,54691.0,478165.99166666664,11.332754629629632,66272.6,-66272.6,54691.0,466595.72442129627
658,0.8225,c658,edge-8,478165.99166666664,11.369212962962965,331956.0,54860.0,478165.99166666664,11.369212962962965,66391.2,-66391.2,54860.0,466646.1608796296
659,0.82375,c659,edge-7,478165.99166666664,11.37037037037037,332223.0,55011.0,478165.99166666664,11.37037037037037,66444.6,-66444.6,55011.0,466743.76203703706
660,0.825,c660,edge-2,481687.69166666665,11.377314814814813,332251.0,55184.0,481687.69166666665,11.377314814814813,66450.2,-66450.2,55184.0,470432.8689814815
661,0.82625,c661,edge-7,481687.69166666665,11.378472222222221,332518.0,55337.0,481687.69166666665,11.378472222222221,66503.6,-66503.6,55337.0,470532.4701388889
662,0.8275,c662,edge-8,481687.69166666665,11.39988425925926,333111.0,55508.0,481687.69166666665,11.39988425925926,66622.2,-66622.2,55508.0,470584.8915509259
663,0.82875,c663,edge-8,481687.69166666665,11.43113425925926,333704.0,55681.0,481687.69166666665,11.43113425925926,66740.8,-66740.8,55681.0,470639.32280092593
664,0.83,c664,edge-6,481687.69166666665,11.427083333333336,333935.0,55874.0,481687.69166666665,11.427083333333336,66787.0,-66787.0,55874.0,470786.11874999997
665,0.83125,c665,edge-6,481687.69166666665,11.448495370370372,334138.0,56069.0,481687.69166666665,11.448495370370372,66827.6,-66827.6,56069.0,470940.540162037
666,0.8325,c666,edge-4,481687.69166666665,11.488425925925927,335161.0,56264.0,481687.69166666665,11.488425925925927,67032.2,-67032.2,56264.0,470930.98009259254
667,0.83375,c667,edge-6,481687.69166666665,11.509837962962964,335422.0,56461.0,481687.69166666665,11.509837962962964,67084.40000000001,-67084.40000000001,56461.0,471075.8015046296
668,0.835,c668,edge-5,481687.69166666665,11.522569444444445,335889.0,56610.0,481687.69166666665,11.522569444444445,67177.8,-67177.8,56610.0,471131.4142361111
669,0.83625,c669,edge-5,483586.24166666664,11.543981481481483,336069.0,56761.0,483586.24166666664,11.543981481481483,67213.8,-67213.8,56761.0,473144.9856481481
670,0.8375,c670,edge-7,483586.24166666664,11.543402777777779,336450.0,56916.0,483586.24166666664,11.543402777777779,67290.0,-67290.0,56916.0,473223.7850694444
671,0.83875,c671,edge-1,483586.24166666664,11.564236111111112,337004.0,57061.0,483586.24166666664,11.564236111111112,67400.8,-67400.8,57061.0,473258.0059027778
672,0.84,c672,edge-8,483586.24166666664,11.585648148148149,337371.0,57236.0,483586.24166666664,11.585648148148149,67474.2,-67474.2,57236.0,473359.6273148148
673,0.84125,c673,edge-5,483586.24166666664,11.586805555555555,337768.0,57389.0,483586.24166666664,11.586805555555555,67553.6,-67553.6,57389.0,473433.2284722222
674,0.8425,c674,edge-3,483586.24166666664,11.58275462962963,338147.0,57536.0,483586.24166666664,11.58275462962963,67629.40000000001,-67629.40000000001,57536.0,473504.4244212962
675,0.84375,c675,edge-3,483586.24166666664,11.596643518518519,338376.0,57685.0,483586.24166666664,11.596643518518519,67675.2,-67675.2,57685.0,473607.63831018517
676,0.845,c676,edge-7,483586.24166666664,11.60300925925926,338757.0,57842.0,483586.24166666664,11.60300925925926,67751.40000000001,-67751.40000000001,57842.0,473688.4446759259
677,0.84625,c677,edge-1,483586.24166666664,11.633101851851851,339311.0,57989.0,483586.24166666664,11.633101851851851,67862.2,-67862.2,57989.0,473724.6747685185
678,0.8475,c678,edge-6,483586.24166666664,11.63425925925926,340334.0,58188.0,483586.24166666664,11.63425925925926,68066.8,-68066.8,58188.0,473719.0759259259
679,0.84875,c679,edge-1,483586.24166666664,11.660300925925926,340713.0,58337.0,483586.24166666664,11.660300925925926,68142.6,-68142.6,58337.0,473792.30196759256
680,0.85,c680,edge-2,483586.24166666664,11.66261574074074,340819.0,58512.0,483586.24166666664,11.66261574074074,68163.8,-68163.8,58512.0,473946.1042824074
681,0.85125,c681,edge-1,483586.24166666664,11.713541666666666,341373.0,58663.0,483586.24166666664,11.713541666666666,68274.6,-68274.6,58663.0,473986.35520833335
682,0.8525,c682,edge-1,483586.24166666664,11.748263888888888,341517.0,58816.0,483586.24166666664,11.748263888888888,68303.40000000001,-68303.40000000001,58816.0,474110.5899305555
683,0.85375,c683,edge-8,483586.24166666664,11.789930555555554,342110.0,58993.0,483586.24166666664,11.789930555555554,68422.0,-68422.0,58993.0,474169.0315972222
684,0.855,c684,edge-1,483586.24166666664,11.78935185185185,342282.0,59148.0,483586.24166666664,11.78935185185185,68456.40000000001,-68456.40000000001,59148.0,474289.63101851847
685,0.85625,c685,edge-4,483586.24166666664,11.785300925925924,343305.0,59345.0,483586.24166666664,11.785300925925924,68661.0,-68661.0,59345.0,474282.02696759254
686,0.8575,c686,edge-4,483586.24166666664,11.799768518518515,344328.0,59544.0,483586.24166666664,11.799768518518515,68865.6,-68865.6,59544.0,474276.44143518514
687,0.85875,c687,edge-2,483586.24166666664,11.83796296296296,345351.0,59721.0,483586.24166666664,11.83796296296296,69070.2,-69070.2,59721.0,474248.8796296296
688,0.86,c688,edge-4,488484.42916666664,11.840277777777775,345355.0,59922.0,488484.42916666664,11.840277777777775,69071.0,-69071.0,59922.0,479347.2694444444
689,0.86125,c689,edge-7,488484.42916666664,11.841435185185183,345622.0,60081.0,488484.42916666664,11.841435185185183,69124.40000000001,-69124.40000000001,60081.0,479452.8706018518
690,0.8625,c690,edge-5,488484.42916666664,11.846064814814813,345968.0,60236.0,488484.42916666664,11.846064814814813,69193.6,-69193.6,60236.0,479538.67523148144
691,0.86375,c691,edge-8,491211.42916666664,11.879050925925926,345968.0,60415.0,491211.42916666664,11.879050925925926,69193.6,-69193.6,60415.0,482444.70821759256
692,0.865,c692,edge-1,491211.42916666664,11.918981481481481,346140.0,60572.0,491211.42916666664,11.918981481481481,69228.0,-69228.0,60572.0,482567.3481481481
693,0.86625,c693,edge-5,491211.42916666664,11.92013888888889,346347.0,60729.0,491211.42916666664,11.92013888888889,69269.40000000001,-69269.40000000001,60729.0,482682.9493055555
694,0.8675,c694,edge-6,491211.42916666664,11.963541666666668,347370.0,60930.0,491211.42916666664,11.963541666666668,69474.0,-69474.0,60930.0,482679.3927083333
695,0.86875,c695,edge-4,491211.42916666664,11.993055555555557,347475.0,61133.0,491211.42916666664,11.993055555555557,69495.0,-69495.0,61133.0,482861.4222222222
696,0.87,c696,edge-3,491211.42916666664,12.016203703703704,347854.0,61284.0,491211.42916666664,12.016203703703704,69570.8,-69570.8,61284.0,482936.64537037036
697,0.87125,c697,edge-2,491211.42916666664,12.042824074074076,347882.0,61463.0,491211.42916666664,12.042824074074076,69576.40000000001,-69576.40000000001,61463.0,483110.0719907407
698,0.8725,c698,edge-7,491211.42916666664,12.062500000000002,348386.0,61624.0,491211.42916666664,12.062500000000002,69677.2,-69677.2,61624.0,483170.2916666666
699,0.87375,c699,edge-5,491211.42916666664,12.076967592592593,348783.0,61783.0,491211.42916666664,12.076967592592593,69756.6,-69756.6,61783.0,483249.9061342592
700,0.875,c700,edge-5,491211.42916666664,12.071180555555557,349067.0,61944.0,491211.42916666664,12.071180555555557,69813.40000000001,-69813.40000000001,61944.0,483354.1003472222
701,0.87625,c701,edge-7,491211.42916666664,12.083912037037038,349571.0,62107.0,491211.42916666664,12.083912037037038,69914.2,-69914.2,62107.0,483416.31307870365
702,0.8775,c702,edge-3,491211.42916666664,12.105324074074074,349962.0,62260.0,491211.42916666664,12.105324074074074,69992.40000000001,-69992.40000000001,62260.0,483491.1344907407
703,0.87875,c703,edge-2,491211.42916666664,12.121527777777779,350095.0,62441.0,491211.42916666664,12.121527777777779,70019.0,-70019.0,62441.0,483645.5506944444
704,0.88,c704,edge-2,491303.7291666666,12.141203703703704,350095.0,62624.0,491303.7291666666,12.141203703703704,70019.0,-70019.0,62624.0,483920.87037037034
705,0.88125,c705,edge-5,491303.7291666666,12.184606481481481,350492.0,62787.0,491303.7291666666,12.184606481481481,70098.40000000001,-70098.40000000001,62787.0,484004.51377314806
706,0.8825,c706,edge-7,491303.7291666666,12.226273148148147,350996.0,62952.0,491303.7291666666,12.226273148148147,70199.2,-70199.2,62952.0,484068.75543981476
707,0.88375,c707,edge-1,491303.7291666666,12.240162037037036,351550.0,63111.0,491303.7291666666,12.240162037037036,70310.0,-70310.0,63111.0,484116.96932870365
708,0.885,c708,edge-2,491303.7291666666,12.251157407407407,352573.0,63296.0,491303.7291666666,12.251157407407407,70514.6,-70514.6,63296.0,484097.38032407407
709,0.88625,c709,edge-6,491303.7291666666,12.282407407407407,352834.0,63499.0,491303.7291666666,12.282407407407407,70566.8,-70566.8,63499.0,484248.21157407406
710,0.8875,c710,edge-5,491303.7291666666,12.310185185185185,353301.0,63664.0,491303.7291666666,12.310185185185185,70660.2,-70660.2,63664.0,484319.8393518518
711,0.88875,c711,edge-8,491303.7291666666,12.335069444444443,353894.0,63845.0,491303.7291666666,12.335069444444443,70778.8,-70778.8,63845.0,484382.2642361111
712,0.89,c712,edge-8,491303.7291666666,12.337962962962962,354319.0,64028.0,491303.7291666666,12.337962962962962,70863.8,-70863.8,64028.0,484480.2671296296
713,0.89125,c713,edge-8,491303.7291666666,12.333912037037036,354595.0,64213.0,491303.7291666666,12.333912037037036,70919.0,-70919.0,64213.0,484610.06307870365
714,0.8925,c714,edge-7,491303.7291666666,12.36863425925926,355099.0,64380.0,491303.7291666666,12.36863425925926,71019.8,-71019.8,64380.0,484676.2978009259
715,0.89375,c715,edge-1,491303.7291666666,12.369791666666666,355478.0,64541.0,491303.7291666666,12.369791666666666,71095.6,-71095.6,64541.0,484761.4989583333
716,0.895,c716,edge-2,491303.7291666666,12.397569444444445,356501.0,64728.0,491303.7291666666,12.397569444444445,71300.2,-71300.2,64728.0,484743.92673611105
717,0.89625,c717,edge-6,491303.7291666666,12.422453703703704,357524.0,64933.0,491303.7291666666,12.422453703703704,71504.8,-71504.8,64933.0,484744.35162037035
718,0.8975,c718,edge-6,491303.7291666666,12.413194444444445,357674.0,65140.0,491303.7291666666,12.413194444444445,71534.8,-71534.8,65140.0,484921.3423611111
719,0.89875,c719,edge-5,491303.7291666666,12.427662037037036,357851.0,65307.0,491303.7291666666,12.427662037037036,71570.2,-71570.2,65307.0,485052.95682870364
720,0.9,c720,edge-2,491303.7291666666,12.46238425925926,358874.0,65496.0,491303.7291666666,12.46238425925926,71774.8,-71774.8,65496.0,485037.3915509259
721,0.90125,c721,edge-3,491303.7291666666,12.471643518518517,359351.0,65651.0,491303.7291666666,12.471643518518517,71870.2,-71870.2,65651.0,485097.00081018516
722,0.9025,c722,edge-7,491303.7291666666,12.486111111111109,359732.0,65820.0,491303.7291666666,12.486111111111109,71946.40000000001,-71946.40000000001,65820.0,485189.8152777777
723,0.90375,c723,edge-3,491303.7291666666,12.487268518518517,360123.0,65977.0,491303.7291666666,12.487268518518517,72024.6,-72024.6,65977.0,485268.6164351852
724,0.905,c724,edge-2,491303.7291666666,12.516782407407407,361146.0,66168.0,491303.7291666666,12.516782407407407,72229.2,-72229.2,66168.0,485255.04594907403
725,0.90625,c725,edge-8,491303.7291666666,12.521412037037036,361739.0,66355.0,491303.7291666666,12.521412037037036,72347.8,-72347.8,66355.0,485323.45057870366
726,0.9075,c726,edge-1,491303.7291666666,12.568865740740742,362293.0,66518.0,491303.7291666666,12.568865740740742,72458.6,-72458.6,66518.0,485375.6980324073
727,0.90875,c727,edge-7,491303.7291666666,12.583333333333334,362797.0,66689.0,491303.7291666666,12.583333333333334,72559.40000000001,-72559.40000000001,66689.0,485445.9124999999
728,0.91,c728,edge-1,491303.7291666666,12.641203703703704,363351.0,66854.0,491303.7291666666,12.641203703703704,72670.2,-72670.2,66854.0,485500.1703703703
729,0.91125,c729,edge-8,491303.7291666666,12.684606481481481,363718.0,67043.0,491303.7291666666,12.684606481481481,72743.6,-72743.6,67043.0,485615.8137731481
730,0.9125,c730,edge-6,491303.7291666666,12.6875,364741.0,67252.0,491303.7291666666,12.6875,72948.2,-72948.2,67252.0,485620.2166666666
731,0.91375,c731,edge-5,491303.7291666666,12.69849537037037,365208.0,67421.0,491303.7291666666,12.69849537037037,73041.6,-73041.6,67421.0,485695.827662037
732,0.915,c732,edge-7,491303.7291666666,12.697916666666666,365494.0,67594.0,491303.7291666666,12.697916666666666,73098.8,-73098.8,67594.0,485811.6270833333
733,0.91625,c733,edge-8,491303.7291666666,12.693865740740742,366087.0,67785.0,491303.7291666666,12.693865740740742,73217.40000000001,-73217.40000000001,67785.0,485884.02303240733
734,0.9175,c734,edge-5,491303.7291666666,12.704861111111112,366433.0,67956.0,491303.7291666666,12.704861111111112,73286.6,-73286.6,67956.0,485985.8340277778
735,0.91875,c735,edge-1,491303.7291666666,12.717592592592593,366812.0,68123.0,491303.7291666666,12.717592592592593,73362.40000000001,-73362.40000000001,68123.0,486077.0467592592
736,0.92,c736,edge-8,491303.7291666666,12.71701388888889,367179.0,68316.0,491303.7291666666,12.71701388888889,73435.8,-73435.8,68316.0,486196.6461805555
737,0.92125,c737,edge-2,491303.7291666666,12.74826388888889,368202.0,68509.0,491303.7291666666,12.74826388888889,73640.40000000001,-73640.40000000001,68509.0,486185.0774305555
738,0.9225,c738,edge-6,506997.49166666664,12.751157407407408,368231.0,68720.0,506997.49166666664,12.751157407407408,73646.2,-73646.2,68720.0,502084.04282407404
739,0.92375,c739,edge-2,506997.49166666664,12.778935185185185,369254.0,68915.0,506997.49166666664,12.778935185185185,73850.8,-73850.8,68915.0,502074.4706018518
740,0.925,c740,edge-1,506997.49166666664,12.785300925925927,369808.0,69084.0,506997.49166666664,12.785300925925927,73961.6,-73961.6,69084.0,502132.67696759256
741,0.92625,c741,edge-3,506997.49166666664,12.820023148148149,370285.0,69243.0,506997.49166666664,12.820023148148149,74057.0,-74057.0,69243.0,502196.3116898148
742,0.9275,c742,edge-7,506997.49166666664,12.851273148148149,370789.0,69418.0,506997.49166666664,12.851273148148149,74157.8,-74157.8,69418.0,502270.5429398148
743,0.92875,c743,edge-1,506997.49166666664,12.883101851851853,371168.0,69589.0,506997.49166666664,12.883101851851853,74233.6,-74233.6,69589.0,502365.7747685185
744,0.93,c744,edge-6,506997.49166666664,12.912615740740742,371525.0,69802.0,506997.49166666664,12.912615740740742,74305.0,-74305.0,69802.0,502507.40428240737
745,0.93125,c745,edge-5,506997.49166666664,12.945601851851853,371922.0,69975.0,506997.49166666664,12.945601851851853,74384.40000000001,-74384.40000000001,69975.0,502601.03726851847
746,0.9325,c746,edge-4,506997.49166666664,12.96527777777778,372945.0,70180.0,506997.49166666664,12.96527777777778,74589.0,-74589.0,70180.0,502601.4569444444
747,0.93375,c747,edge-8,506997.49166666664,12.97453703703704,373221.0,70375.0,506997.49166666664,12.97453703703704,74644.2,-74644.2,70375.0,502741.26620370365
748,0.935,c748,edge-5,506997.49166666664,12.972222222222223,373392.0,70550.0,506997.49166666664,12.972222222222223,74678.40000000001,-74678.40000000001,70550.0,502882.06388888886
749,0.93625,c749,edge-3,506997.49166666664,13.008680555555557,373599.0,70711.0,506997.49166666664,13.008680555555557,74719.8,-74719.8,70711.0,503001.7003472222
750,0.9375,c750,edge-3,506997.49166666664,13.030092592592593,373978.0,70874.0,506997.49166666664,13.030092592592593,74795.6,-74795.6,70874.0,503088.9217592592
751,0.93875,c751,edge-2,506997.49166666664,13.024305555555555,375001.0,71071.0,506997.49166666664,13.024305555555555,75000.2,-75000.2,71071.0,503081.3159722222
752,0.94,c752,edge-3,506997.49166666664,13.047453703703704,375392.0,71236.0,506997.49166666664,13.047453703703704,75078.40000000001,-75078.40000000001,71236.0,503168.1391203703
753,0.94125,c753,edge-6,506997.49166666664,13.050347222222223,376415.0,71451.0,506997.49166666664,13.050347222222223,75283.0,-75283.0,71451.0,503178.5420138889
754,0.9425,c754,edge-6,506997.49166666664,13.051504629629632,376772.0,71668.0,506997.49166666664,13.051504629629632,75354.40000000001,-75354.40000000001,71668.0,503324.1431712962
755,0.94375,c755,edge-4,506997.49166666664,13.047453703703704,377795.0,71875.0,506997.49166666664,13.047453703703704,75559.0,-75559.0,71875.0,503326.53912037035
756,0.945,c756,edge-5,506997.49166666664,13.065393518518517,377911.0,72052.0,506997.49166666664,13.065393518518517,75582.2,-75582.2,72052.0,503480.35706018517
757,0.94625,c757,edge-8,506997.49166666664,13.103587962962962,377971.0,72249.0,506997.49166666664,13.103587962962962,75594.2,-75594.2,72249.0,503665.3952546296
758,0.9475,c758,edge-7,506997.49166666664,13.101273148148147,378352.0,72426.0,506997.49166666664,13.101273148148147,75670.40000000001,-75670.40000000001,72426.0,503766.19293981476
759,0.94875,c759,edge-1,506997.49166666664,13.103587962962964,378497.0,72599.0,506997.49166666664,13.103587962962964,75699.40000000001,-75699.40000000001,72599.0,503910.1952546296
760,0.95,c760,edge-6,506997.49166666664,13.134837962962964,378700.0,72818.0,506997.49166666664,13.134837962962964,75740.0,-75740.0,72818.0,504088.6265046296
761,0.95125,c761,edge-6,506997.49166666664,13.13599537037037,379723.0,73039.0,506997.49166666664,13.13599537037037,75944.6,-75944.6,73039.0,504105.02766203706
762,0.9525,c762,edge-3,506997.49166666664,13.155671296296298,380200.0,73206.0,506997.49166666664,13.155671296296298,76040.0,-76040.0,73206.0,504176.64733796293
763,0.95375,c763,edge-1,506997.49166666664,13.162615740740742,380754.0,73381.0,506997.49166666664,13.162615740740742,76150.8,-76150.8,73381.0,504240.8542824074
764,0.955,c764,edge-3,506997.49166666664,13.180555555555557,381093.0,73550.0,506997.49166666664,13.180555555555557,76218.6,-76218.6,73550.0,504342.0722222222
765,0.95625,c765,edge-1,506997.49166666664,13.205439814814817,381377.0,73727.0,506997.49166666664,13.205439814814817,76275.40000000001,-76275.40000000001,73727.0,504462.29710648145
766,0.9575,c766,edge-6,506997.49166666664,13.204861111111112,381734.0,73950.0,506997.49166666664,13.204861111111112,76346.8,-76346.8,73950.0,504613.8965277778
767,0.95875,c767,edge-7,506997.49166666664,13.241319444444446,382238.0,74129.0,506997.49166666664,13.241319444444446,76447.6,-76447.6,74129.0,504692.1329861111
768,0.96,c768,edge-6,506997.49166666664,13.248263888888891,382398.0,74354.0,506997.49166666664,13.248263888888891,76479.6,-76479.6,74354.0,504885.1399305555
769,0.96125,c769,edge-2,506997.49166666664,13.262152777777779,382471.0,74553.0,506997.49166666664,13.262152777777779,76494.2,-76494.2,74553.0,505069.5538194444
770,0.9625,c770,edge-8,506997.49166666664,13.25462962962963,383064.0,74752.0,506997.49166666664,13.25462962962963,76612.8,-76612.8,74752.0,505149.94629629626
771,0.96375,c771,edge-7,506997.49166666664,13.254050925925926,383568.0,74933.0,506997.49166666664,13.254050925925926,76713.6,-76713.6,74933.0,505230.14571759256
772,0.965,c772,edge-5,506997.49166666664,13.266782407407407,384035.0,75112.0,506997.49166666664,13.266782407407407,76807.0,-76807.0,75112.0,505315.75844907406
773,0.96625,c773,edge-5,506997.49166666664,13.30324074074074,384241.0,75293.0,506997.49166666664,13.30324074074074,76848.2,-76848.2,75293.0,505455.59490740736
774,0.9675,c774,edge-3,506997.49166666664,13.33449074074074,384718.0,75464.0,506997.49166666664,13.33449074074074,76943.6,-76943.6,75464.0,505531.2261574074
775,0.96875,c775,edge-4,506997.49166666664,13.332175925925926,385741.0,75673.0,506997.49166666664,13.332175925925926,77148.2,-77148.2,75673.0,505535.6238425925
776,0.97,c776,edge-4,506997.49166666664,13.35011574074074,386764.0,75884.0,506997.49166666664,13.35011574074074,77352.8,-77352.8,75884.0,505542.0417824074
777,0.97125,c777,edge-7,506997.49166666664,13.356481481481481,387145.0,76067.0,506997.49166666664,13.356481481481481,77429.0,-77429.0,76067.0,505648.8481481481
778,0.9725,c778,edge-1,506997.49166666664,13.38599537037037,387334.0,76246.0,506997.49166666664,13.38599537037037,77466.8,-77466.8,76246.0,505790.07766203705
779,0.97375,c779,edge-5,506997.49166666664,13.422453703703704,387801.0,76429.0,506997.49166666664,13.422453703703704,77560.2,-77560.2,76429.0,505879.71412037034
780,0.975,c780,edge-3,506997.49166666664,13.438657407407407,388140.0,76602.0,506997.49166666664,13.438657407407407,77628.0,-77628.0,76602.0,505984.93032407406
781,0.97625,c781,edge-7,506997.49166666664,13.429398148148147,388644.0,76787.0,506997.49166666664,13.429398148148147,77728.8,-77728.8,76787.0,506069.1210648148
782,0.9775,c782,edge-6,506997.49166666664,13.432291666666666,389667.0,77014.0,506997.49166666664,13.432291666666666,77933.40000000001,-77933.40000000001,77014.0,506091.5239583333
783,0.97875,c783,edge-4,506997.49166666664,13.472222222222221,390690.0,77227.0,506997.49166666664,13.472222222222221,78138.0,-78138.0,77227.0,506099.9638888889
784,0.98,c784,edge-1,506997.49166666664,13.506944444444445,391069.0,77408.0,506997.49166666664,13.506944444444445,78213.8,-78213.8,77408.0,506205.1986111111
785,0.98125,c785,edge-4,506997.49166666664,13.508101851851851,391116.0,77623.0,506997.49166666664,13.508101851851851,78223.2,-78223.2,77623.0,506410.7997685185
786,0.9825,c786,edge-1,506997.49166666664,13.517361111111109,391400.0,77806.0,506997.49166666664,13.517361111111109,78280.0,-78280.0,77806.0,506537.00902777776
787,0.98375,c787,edge-4,506997.49166666664,13.516782407407407,392423.0,78023.0,506997.49166666664,13.516782407407407,78484.6,-78484.6,78023.0,506549.408449074
788,0.985,c788,edge-8,506997.49166666664,13.53298611111111,392699.0,78224.0,506997.49166666664,13.53298611111111,78539.8,-78539.8,78224.0,506695.2246527778
789,0.98625,c789,edge-3,506997.49166666664,13.549189814814815,393078.0,78399.0,506997.49166666664,13.549189814814815,78615.6,-78615.6,78399.0,506794.44085648144
790,0.9875,c790,edge-7,506997.49166666664,13.552083333333334,393582.0,78586.0,506997.49166666664,13.552083333333334,78716.40000000001,-78716.40000000001,78586.0,506880.64374999993
791,0.98875,c791,edge-4,506997.49166666664,13.570023148148147,394605.0,78805.0,506997.49166666664,13.570023148148147,78921.0,-78921.0,78805.0,506895.0616898148
792,0.99,c792,edge-3,506997.49166666664,13.594907407407407,394944.0,78982.0,506997.49166666664,13.594907407407407,78988.8,-78988.8,78982.0,507004.28657407407
793,0.99125,c793,edge-2,506997.49166666664,13.60763888888889,395967.0,79183.0,506997.49166666664,13.60763888888889,79193.40000000001,-79193.40000000001,79183.0,507000.6993055555
794,0.9925,c794,edge-7,506997.49166666664,13.625578703703704,396471.0,79372.0,506997.49166666664,13.625578703703704,79294.20000000001,-79294.20000000001,79372.0,507088.91724537034
795,0.99375,c795,edge-3,506997.49166666664,13.628472222222221,396862.0,79551.0,506997.49166666664,13.628472222222221,79372.40000000001,-79372.40000000001,79551.0,507189.72013888886
796,0.995,c796,edge-4,506997.49166666664,13.674768518518519,396975.0,79772.0,506997.49166666664,13.674768518518519,79395.0,-79395.0,79772.0,507388.1664351852
797,0.99625,c797,edge-8,506997.49166666664,13.6875,397400.0,79975.0,506997.49166666664,13.6875,79480.0,-79480.0,79975.0,507506.17916666664
798,0.9975,c798,edge-1,506997.49166666664,13.74537037037037,397954.0,80160.0,506997.49166666664,13.74537037037037,79590.8,-79590.8,80160.0,507580.43703703705
799,0.99875,c799,edge-2,506997.49166666664,13.758101851851855,398977.0,80363.0,506997.49166666664,13.758101851851855,79795.40000000001,-79795.40000000001,80363.0,507578.84976851847
800,1.0,c800,edge-2,506997.49166666664,13.789351851851855,400000.0,80568.0,506997.49166666664,13.789351851851855,80000.0,-80000.0,80568.0,507579.2810185185
