nohup: ignoring input
Unique saved states: 180
[1/2700] req=1000 seed=1  cache=0.5 WAN=10  registry                    mean=841.25 p95=1384.90 reg=14956 peer=0 offload=0.0%
[2/2700] req=1000 seed=1  cache=0.5 WAN=10  dragonfly_style             mean=607.12 p95=1123.50 reg=12122 peer=2834 offload=18.9%
[3/2700] req=1000 seed=1  cache=0.5 WAN=10  peersync_style              mean=540.44 p95=1006.40 reg=10951 peer=4005 offload=26.8%
[4/2700] req=1000 seed=1  cache=0.5 WAN=10  metapipe_reactive_style     mean=566.23 p95=1130.70 reg=12194 peer=2762 offload=18.5%
[5/2700] req=1000 seed=1  cache=0.5 WAN=10  ilrsa_style                 mean=1006.67 p95=1447.90 reg=14956 peer=0 offload=0.0%
[6/2700] req=1000 seed=1  cache=0.5 WAN=30  registry                    mean=280.42 p95=461.63 reg=14956 peer=0 offload=0.0%
[7/2700] req=1000 seed=1  cache=0.5 WAN=30  dragonfly_style             mean=199.18 p95=369.47 reg=11971 peer=2985 offload=20.0%
[8/2700] req=1000 seed=1  cache=0.5 WAN=30  peersync_style              mean=178.68 p95=323.13 reg=10581 peer=4375 offload=29.3%
[9/2700] req=1000 seed=1  cache=0.5 WAN=30  metapipe_reactive_style     mean=188.65 p95=376.90 reg=12194 peer=2762 offload=18.5%
[10/2700] req=1000 seed=1  cache=0.5 WAN=30  ilrsa_style                 mean=335.56 p95=482.63 reg=14956 peer=0 offload=0.0%
[11/2700] req=1000 seed=1  cache=0.5 WAN=100 registry                    mean=84.17 p95=138.49 reg=14956 peer=0 offload=0.0%
[12/2700] req=1000 seed=1  cache=0.5 WAN=100 dragonfly_style             mean=60.50 p95=116.49 reg=12021 peer=2935 offload=19.6%
[13/2700] req=1000 seed=1  cache=0.5 WAN=100 peersync_style              mean=54.70 p95=106.21 reg=10853 peer=4103 offload=27.4%
[14/2700] req=1000 seed=1  cache=0.5 WAN=100 metapipe_reactive_style     mean=56.98 p95=118.91 reg=11978 peer=2978 offload=19.9%
[15/2700] req=1000 seed=1  cache=0.5 WAN=100 ilrsa_style                 mean=100.80 p95=144.79 reg=14956 peer=0 offload=0.0%
[16/2700] req=1000 seed=1  cache=1   WAN=10  registry                    mean=615.40 p95=1423.30 reg=14886 peer=0 offload=0.0%
[17/2700] req=1000 seed=1  cache=1   WAN=10  dragonfly_style             mean=394.13 p95=763.88 reg=8381 peer=6505 offload=43.7%
[18/2700] req=1000 seed=1  cache=1   WAN=10  peersync_style              mean=355.50 p95=587.82 reg=5992 peer=8894 offload=59.7%
[19/2700] req=1000 seed=1  cache=1   WAN=10  metapipe_reactive_style     mean=367.42 p95=694.07 reg=7329 peer=7557 offload=50.8%
[20/2700] req=1000 seed=1  cache=1   WAN=10  ilrsa_style                 mean=921.13 p95=1485.70 reg=14886 peer=0 offload=0.0%
[21/2700] req=1000 seed=1  cache=1   WAN=30  registry                    mean=205.13 p95=474.43 reg=14886 peer=0 offload=0.0%
[22/2700] req=1000 seed=1  cache=1   WAN=30  dragonfly_style             mean=130.92 p95=248.48 reg=8180 peer=6706 offload=45.0%
[23/2700] req=1000 seed=1  cache=1   WAN=30  peersync_style              mean=119.91 p95=211.34 reg=5853 peer=9033 offload=60.7%
[24/2700] req=1000 seed=1  cache=1   WAN=30  metapipe_reactive_style     mean=122.89 p95=236.04 reg=7355 peer=7531 offload=50.6%
[25/2700] req=1000 seed=1  cache=1   WAN=30  ilrsa_style                 mean=307.04 p95=495.23 reg=14886 peer=0 offload=0.0%
[26/2700] req=1000 seed=1  cache=1   WAN=100 registry                    mean=61.56 p95=142.33 reg=14886 peer=0 offload=0.0%
[27/2700] req=1000 seed=1  cache=1   WAN=100 dragonfly_style             mean=40.47 p95=87.55 reg=7801 peer=7085 offload=47.6%
[28/2700] req=1000 seed=1  cache=1   WAN=100 peersync_style              mean=38.35 p95=80.45 reg=5853 peer=9033 offload=60.7%
[29/2700] req=1000 seed=1  cache=1   WAN=100 metapipe_reactive_style     mean=38.31 p95=80.13 reg=7676 peer=7210 offload=48.4%
[30/2700] req=1000 seed=1  cache=1   WAN=100 ilrsa_style                 mean=92.20 p95=149.99 reg=14886 peer=0 offload=0.0%
[31/2700] req=1000 seed=1  cache=2   WAN=10  registry                    mean=76.78 p95=465.40 reg=6484 peer=0 offload=0.0%
[32/2700] req=1000 seed=1  cache=2   WAN=10  dragonfly_style             mean=22.24 p95=153.56 reg=1628 peer=4856 offload=74.9%
[33/2700] req=1000 seed=1  cache=2   WAN=10  peersync_style              mean=20.96 p95=142.50 reg=1425 peer=5059 offload=78.0%
[34/2700] req=1000 seed=1  cache=2   WAN=10  metapipe_reactive_style     mean=23.23 p95=142.50 reg=1425 peer=5059 offload=78.0%
[35/2700] req=1000 seed=1  cache=2   WAN=10  ilrsa_style                 mean=106.01 p95=595.90 reg=6484 peer=0 offload=0.0%
[36/2700] req=1000 seed=1  cache=2   WAN=30  registry                    mean=25.59 p95=155.13 reg=6484 peer=0 offload=0.0%
[37/2700] req=1000 seed=1  cache=2   WAN=30  dragonfly_style             mean=7.86 p95=49.94 reg=1628 peer=4856 offload=74.9%
[38/2700] req=1000 seed=1  cache=2   WAN=30  peersync_style              mean=7.49 p95=47.50 reg=1425 peer=5059 offload=78.0%
[39/2700] req=1000 seed=1  cache=2   WAN=30  metapipe_reactive_style     mean=8.20 p95=47.50 reg=1425 peer=5059 offload=78.0%
[40/2700] req=1000 seed=1  cache=2   WAN=30  ilrsa_style                 mean=35.34 p95=198.63 reg=6484 peer=0 offload=0.0%
[41/2700] req=1000 seed=1  cache=2   WAN=100 registry                    mean=7.70 p95=46.54 reg=6484 peer=0 offload=0.0%
[42/2700] req=1000 seed=1  cache=2   WAN=100 dragonfly_style             mean=2.72 p95=15.27 reg=1457 peer=5027 offload=77.5%
[43/2700] req=1000 seed=1  cache=2   WAN=100 peersync_style              mean=2.68 p95=14.96 reg=1425 peer=5059 offload=78.0%
[44/2700] req=1000 seed=1  cache=2   WAN=100 metapipe_reactive_style     mean=3.03 p95=17.19 reg=1530 peer=4954 offload=76.4%
[45/2700] req=1000 seed=1  cache=2   WAN=100 ilrsa_style                 mean=10.64 p95=59.59 reg=6484 peer=0 offload=0.0%
[46/2700] req=1000 seed=2  cache=0.5 WAN=10  registry                    mean=870.50 p95=1515.90 reg=15929 peer=0 offload=0.0%
[47/2700] req=1000 seed=2  cache=0.5 WAN=10  dragonfly_style             mean=659.88 p95=1356.40 reg=13564 peer=2365 offload=14.8%
[48/2700] req=1000 seed=2  cache=0.5 WAN=10  peersync_style              mean=612.44 p95=1247.50 reg=12475 peer=3454 offload=21.7%
[49/2700] req=1000 seed=2  cache=0.5 WAN=10  metapipe_reactive_style     mean=582.84 p95=1294.70 reg=12947 peer=2982 offload=18.7%
[50/2700] req=1000 seed=2  cache=0.5 WAN=10  ilrsa_style                 mean=1059.05 p95=1590.80 reg=15929 peer=0 offload=0.0%
[51/2700] req=1000 seed=2  cache=0.5 WAN=30  registry                    mean=290.17 p95=505.30 reg=15929 peer=0 offload=0.0%
[52/2700] req=1000 seed=2  cache=0.5 WAN=30  dragonfly_style             mean=219.71 p95=452.13 reg=13564 peer=2365 offload=14.8%
[53/2700] req=1000 seed=2  cache=0.5 WAN=30  peersync_style              mean=204.03 p95=415.83 reg=12475 peer=3454 offload=21.7%
[54/2700] req=1000 seed=2  cache=0.5 WAN=30  metapipe_reactive_style     mean=194.66 p95=436.83 reg=13105 peer=2824 offload=17.7%
[55/2700] req=1000 seed=2  cache=0.5 WAN=30  ilrsa_style                 mean=353.02 p95=530.27 reg=15929 peer=0 offload=0.0%
[56/2700] req=1000 seed=2  cache=0.5 WAN=100 registry                    mean=87.17 p95=151.67 reg=15929 peer=0 offload=0.0%
[57/2700] req=1000 seed=2  cache=0.5 WAN=100 dragonfly_style             mean=67.92 p95=151.31 reg=13865 peer=2064 offload=13.0%
[58/2700] req=1000 seed=2  cache=0.5 WAN=100 peersync_style              mean=63.27 p95=144.92 reg=12573 peer=3356 offload=21.1%
[59/2700] req=1000 seed=2  cache=0.5 WAN=100 metapipe_reactive_style     mean=60.35 p95=151.09 reg=13222 peer=2707 offload=17.0%
[60/2700] req=1000 seed=2  cache=0.5 WAN=100 ilrsa_style                 mean=106.26 p95=164.15 reg=15929 peer=0 offload=0.0%
[61/2700] req=1000 seed=2  cache=1   WAN=10  registry                    mean=793.26 p95=1412.80 reg=15512 peer=0 offload=0.0%
[62/2700] req=1000 seed=2  cache=1   WAN=10  dragonfly_style             mean=434.71 p95=704.79 reg=7242 peer=8270 offload=53.3%
[63/2700] req=1000 seed=2  cache=1   WAN=10  peersync_style              mean=412.31 p95=639.50 reg=6395 peer=9117 offload=58.8%
[64/2700] req=1000 seed=2  cache=1   WAN=10  metapipe_reactive_style     mean=426.26 p95=691.98 reg=7726 peer=7786 offload=50.2%
[65/2700] req=1000 seed=2  cache=1   WAN=10  ilrsa_style                 mean=905.69 p95=1508.50 reg=15512 peer=0 offload=0.0%
[66/2700] req=1000 seed=2  cache=1   WAN=30  registry                    mean=264.42 p95=470.93 reg=15512 peer=0 offload=0.0%
[67/2700] req=1000 seed=2  cache=1   WAN=30  dragonfly_style             mean=149.58 p95=229.33 reg=7318 peer=8194 offload=52.8%
[68/2700] req=1000 seed=2  cache=1   WAN=30  peersync_style              mean=143.93 p95=221.38 reg=6395 peer=9117 offload=58.8%
[69/2700] req=1000 seed=2  cache=1   WAN=30  metapipe_reactive_style     mean=144.61 p95=245.64 reg=7177 peer=8335 offload=53.7%
[70/2700] req=1000 seed=2  cache=1   WAN=30  ilrsa_style                 mean=301.90 p95=502.83 reg=15512 peer=0 offload=0.0%
[71/2700] req=1000 seed=2  cache=1   WAN=100 registry                    mean=79.36 p95=141.28 reg=15512 peer=0 offload=0.0%
[72/2700] req=1000 seed=2  cache=1   WAN=100 dragonfly_style             mean=56.64 p95=101.49 reg=7954 peer=7558 offload=48.7%
[73/2700] req=1000 seed=2  cache=1   WAN=100 peersync_style              mean=55.18 p95=98.42 reg=6948 peer=8564 offload=55.2%
[74/2700] req=1000 seed=2  cache=1   WAN=100 metapipe_reactive_style     mean=47.89 p95=93.07 reg=7214 peer=8298 offload=53.5%
[75/2700] req=1000 seed=2  cache=1   WAN=100 ilrsa_style                 mean=90.68 p95=150.85 reg=15512 peer=0 offload=0.0%
[76/2700] req=1000 seed=2  cache=2   WAN=10  registry                    mean=115.51 p95=640.50 reg=7565 peer=0 offload=0.0%
[77/2700] req=1000 seed=2  cache=2   WAN=10  dragonfly_style             mean=48.12 p95=232.68 reg=2372 peer=5193 offload=68.6%
[78/2700] req=1000 seed=2  cache=2   WAN=10  peersync_style              mean=48.10 p95=232.58 reg=2371 peer=5194 offload=68.7%
[79/2700] req=1000 seed=2  cache=2   WAN=10  metapipe_reactive_style     mean=49.40 p95=259.60 reg=2596 peer=4969 offload=65.7%
[80/2700] req=1000 seed=2  cache=2   WAN=10  ilrsa_style                 mean=161.89 p95=673.80 reg=7565 peer=0 offload=0.0%
[81/2700] req=1000 seed=2  cache=2   WAN=30  registry                    mean=38.50 p95=213.50 reg=7565 peer=0 offload=0.0%
[82/2700] req=1000 seed=2  cache=2   WAN=30  dragonfly_style             mean=16.36 p95=76.68 reg=2372 peer=5193 offload=68.6%
[83/2700] req=1000 seed=2  cache=2   WAN=30  peersync_style              mean=16.37 p95=76.80 reg=2371 peer=5194 offload=68.7%
[84/2700] req=1000 seed=2  cache=2   WAN=30  metapipe_reactive_style     mean=15.68 p95=79.03 reg=2371 peer=5194 offload=68.7%
[85/2700] req=1000 seed=2  cache=2   WAN=30  ilrsa_style                 mean=53.96 p95=224.60 reg=7565 peer=0 offload=0.0%
[86/2700] req=1000 seed=2  cache=2   WAN=100 registry                    mean=11.71 p95=64.05 reg=7565 peer=0 offload=0.0%
[87/2700] req=1000 seed=2  cache=2   WAN=100 dragonfly_style             mean=6.12 p95=28.89 reg=2576 peer=4989 offload=65.9%
[88/2700] req=1000 seed=2  cache=2   WAN=100 peersync_style              mean=6.14 p95=28.71 reg=2371 peer=5194 offload=68.7%
[89/2700] req=1000 seed=2  cache=2   WAN=100 metapipe_reactive_style     mean=5.32 p95=28.48 reg=2893 peer=4672 offload=61.8%
[90/2700] req=1000 seed=2  cache=2   WAN=100 ilrsa_style                 mean=16.51 p95=68.65 reg=7565 peer=0 offload=0.0%
[91/2700] req=1000 seed=3  cache=0.5 WAN=10  registry                    mean=848.25 p95=1488.00 reg=15602 peer=0 offload=0.0%
[92/2700] req=1000 seed=3  cache=0.5 WAN=10  dragonfly_style             mean=671.72 p95=1333.80 reg=13338 peer=2264 offload=14.5%
[93/2700] req=1000 seed=3  cache=0.5 WAN=10  peersync_style              mean=645.86 p95=1293.20 reg=12932 peer=2670 offload=17.1%
[94/2700] req=1000 seed=3  cache=0.5 WAN=10  metapipe_reactive_style     mean=585.50 p95=1329.80 reg=13298 peer=2304 offload=14.8%
[95/2700] req=1000 seed=3  cache=0.5 WAN=10  ilrsa_style                 mean=1029.51 p95=1537.80 reg=15602 peer=0 offload=0.0%
[96/2700] req=1000 seed=3  cache=0.5 WAN=30  registry                    mean=282.75 p95=496.00 reg=15602 peer=0 offload=0.0%
[97/2700] req=1000 seed=3  cache=0.5 WAN=30  dragonfly_style             mean=223.88 p95=444.60 reg=13338 peer=2264 offload=14.5%
[98/2700] req=1000 seed=3  cache=0.5 WAN=30  peersync_style              mean=215.54 p95=431.07 reg=12932 peer=2670 offload=17.1%
[99/2700] req=1000 seed=3  cache=0.5 WAN=30  metapipe_reactive_style     mean=194.95 p95=443.27 reg=13298 peer=2304 offload=14.8%
[100/2700] req=1000 seed=3  cache=0.5 WAN=30  ilrsa_style                 mean=343.17 p95=512.60 reg=15602 peer=0 offload=0.0%
[101/2700] req=1000 seed=3  cache=0.5 WAN=100 registry                    mean=84.83 p95=148.80 reg=15602 peer=0 offload=0.0%
[102/2700] req=1000 seed=3  cache=0.5 WAN=100 dragonfly_style             mean=68.04 p95=145.88 reg=13338 peer=2264 offload=14.5%
[103/2700] req=1000 seed=3  cache=0.5 WAN=100 peersync_style              mean=66.06 p95=143.48 reg=12932 peer=2670 offload=17.1%
[104/2700] req=1000 seed=3  cache=0.5 WAN=100 metapipe_reactive_style     mean=59.08 p95=144.27 reg=13317 peer=2285 offload=14.6%
[105/2700] req=1000 seed=3  cache=0.5 WAN=100 ilrsa_style                 mean=102.98 p95=153.78 reg=15602 peer=0 offload=0.0%
[106/2700] req=1000 seed=3  cache=1   WAN=10  registry                    mean=655.75 p95=1465.20 reg=16062 peer=0 offload=0.0%
[107/2700] req=1000 seed=3  cache=1   WAN=10  dragonfly_style             mean=346.83 p95=841.27 reg=8834 peer=7228 offload=45.0%
[108/2700] req=1000 seed=3  cache=1   WAN=10  peersync_style              mean=320.73 p95=721.44 reg=7386 peer=8676 offload=54.0%
[109/2700] req=1000 seed=3  cache=1   WAN=10  metapipe_reactive_style     mean=370.86 p95=813.67 reg=8434 peer=7628 offload=47.5%
[110/2700] req=1000 seed=3  cache=1   WAN=10  ilrsa_style                 mean=994.94 p95=1603.10 reg=16062 peer=0 offload=0.0%
[111/2700] req=1000 seed=3  cache=1   WAN=30  registry                    mean=218.58 p95=488.40 reg=16062 peer=0 offload=0.0%
[112/2700] req=1000 seed=3  cache=1   WAN=30  dragonfly_style             mean=117.88 p95=292.40 reg=8861 peer=7201 offload=44.8%
[113/2700] req=1000 seed=3  cache=1   WAN=30  peersync_style              mean=110.97 p95=275.87 reg=8276 peer=7786 offload=48.5%
[114/2700] req=1000 seed=3  cache=1   WAN=30  metapipe_reactive_style     mean=126.04 p95=294.41 reg=8195 peer=7867 offload=49.0%
[115/2700] req=1000 seed=3  cache=1   WAN=30  ilrsa_style                 mean=331.65 p95=534.37 reg=16062 peer=0 offload=0.0%
[116/2700] req=1000 seed=3  cache=1   WAN=100 registry                    mean=65.58 p95=146.52 reg=16062 peer=0 offload=0.0%
[117/2700] req=1000 seed=3  cache=1   WAN=100 dragonfly_style             mean=37.96 p95=102.80 reg=9066 peer=6996 offload=43.6%
[118/2700] req=1000 seed=3  cache=1   WAN=100 peersync_style              mean=35.75 p95=89.22 reg=8477 peer=7585 offload=47.2%
[119/2700] req=1000 seed=3  cache=1   WAN=100 metapipe_reactive_style     mean=40.18 p95=103.92 reg=8199 peer=7863 offload=49.0%
[120/2700] req=1000 seed=3  cache=1   WAN=100 ilrsa_style                 mean=99.59 p95=161.63 reg=16062 peer=0 offload=0.0%
[121/2700] req=1000 seed=3  cache=2   WAN=10  registry                    mean=63.34 p95=385.30 reg=5318 peer=0 offload=0.0%
[122/2700] req=1000 seed=3  cache=2   WAN=10  dragonfly_style             mean=27.95 p95=173.31 reg=1940 peer=3378 offload=63.5%
[123/2700] req=1000 seed=3  cache=2   WAN=10  peersync_style              mean=27.39 p95=170.58 reg=1763 peer=3555 offload=66.8%
[124/2700] req=1000 seed=3  cache=2   WAN=10  metapipe_reactive_style     mean=23.90 p95=178.02 reg=1935 peer=3383 offload=63.6%
[125/2700] req=1000 seed=3  cache=2   WAN=10  ilrsa_style                 mean=87.91 p95=413.10 reg=5318 peer=0 offload=0.0%
[126/2700] req=1000 seed=3  cache=2   WAN=30  registry                    mean=21.11 p95=128.43 reg=5318 peer=0 offload=0.0%
[127/2700] req=1000 seed=3  cache=2   WAN=30  dragonfly_style             mean=9.77 p95=60.63 reg=1940 peer=3378 offload=63.5%
[128/2700] req=1000 seed=3  cache=2   WAN=30  peersync_style              mean=9.58 p95=57.90 reg=1763 peer=3555 offload=66.8%
[129/2700] req=1000 seed=3  cache=2   WAN=30  metapipe_reactive_style     mean=8.25 p95=61.57 reg=1934 peer=3384 offload=63.6%
[130/2700] req=1000 seed=3  cache=2   WAN=30  ilrsa_style                 mean=29.30 p95=137.70 reg=5318 peer=0 offload=0.0%
[131/2700] req=1000 seed=3  cache=2   WAN=100 registry                    mean=6.37 p95=38.53 reg=5318 peer=0 offload=0.0%
[132/2700] req=1000 seed=3  cache=2   WAN=100 dragonfly_style             mean=3.39 p95=18.68 reg=1940 peer=3378 offload=63.5%
[133/2700] req=1000 seed=3  cache=2   WAN=100 peersync_style              mean=3.34 p95=17.97 reg=1763 peer=3555 offload=66.8%
[134/2700] req=1000 seed=3  cache=2   WAN=100 metapipe_reactive_style     mean=2.97 p95=19.35 reg=2156 peer=3162 offload=59.5%
[135/2700] req=1000 seed=3  cache=2   WAN=100 ilrsa_style                 mean=8.90 p95=41.31 reg=5318 peer=0 offload=0.0%
[136/2700] req=1000 seed=4  cache=0.5 WAN=10  registry                    mean=904.17 p95=1563.70 reg=16341 peer=0 offload=0.0%
[137/2700] req=1000 seed=4  cache=0.5 WAN=10  dragonfly_style             mean=705.30 p95=1271.10 reg=14485 peer=1856 offload=11.4%
[138/2700] req=1000 seed=4  cache=0.5 WAN=10  peersync_style              mean=660.71 p95=1151.80 reg=13292 peer=3049 offload=18.7%
[139/2700] req=1000 seed=4  cache=0.5 WAN=10  metapipe_reactive_style     mean=593.08 p95=1255.00 reg=14324 peer=2017 offload=12.3%
[140/2700] req=1000 seed=4  cache=0.5 WAN=10  ilrsa_style                 mean=1115.48 p95=1631.60 reg=16341 peer=0 offload=0.0%
[141/2700] req=1000 seed=4  cache=0.5 WAN=30  registry                    mean=301.39 p95=521.23 reg=16341 peer=0 offload=0.0%
[142/2700] req=1000 seed=4  cache=0.5 WAN=30  dragonfly_style             mean=234.62 p95=422.77 reg=14457 peer=1884 offload=11.5%
[143/2700] req=1000 seed=4  cache=0.5 WAN=30  peersync_style              mean=218.95 p95=384.60 reg=13312 peer=3029 offload=18.5%
[144/2700] req=1000 seed=4  cache=0.5 WAN=30  metapipe_reactive_style     mean=198.11 p95=419.63 reg=14363 peer=1978 offload=12.1%
[145/2700] req=1000 seed=4  cache=0.5 WAN=30  ilrsa_style                 mean=371.83 p95=543.87 reg=16341 peer=0 offload=0.0%
[146/2700] req=1000 seed=4  cache=0.5 WAN=100 registry                    mean=90.43 p95=156.37 reg=16341 peer=0 offload=0.0%
[147/2700] req=1000 seed=4  cache=0.5 WAN=100 dragonfly_style             mean=72.21 p95=136.16 reg=14485 peer=1856 offload=11.4%
[148/2700] req=1000 seed=4  cache=0.5 WAN=100 peersync_style              mean=67.86 p95=128.60 reg=13393 peer=2948 offload=18.0%
[149/2700] req=1000 seed=4  cache=0.5 WAN=100 metapipe_reactive_style     mean=60.97 p95=138.30 reg=14363 peer=1978 offload=12.1%
[150/2700] req=1000 seed=4  cache=0.5 WAN=100 ilrsa_style                 mean=111.63 p95=164.31 reg=16341 peer=0 offload=0.0%
[151/2700] req=1000 seed=4  cache=1   WAN=10  registry                    mean=788.89 p95=1522.80 reg=16382 peer=0 offload=0.0%
[152/2700] req=1000 seed=4  cache=1   WAN=10  dragonfly_style             mean=368.93 p95=641.64 reg=6980 peer=9402 offload=57.4%
[153/2700] req=1000 seed=4  cache=1   WAN=10  peersync_style              mean=347.44 p95=581.84 reg=6188 peer=10194 offload=62.2%
[154/2700] req=1000 seed=4  cache=1   WAN=10  metapipe_reactive_style     mean=398.68 p95=727.87 reg=8014 peer=8368 offload=51.1%
[155/2700] req=1000 seed=4  cache=1   WAN=10  ilrsa_style                 mean=970.26 p95=1634.20 reg=16382 peer=0 offload=0.0%
[156/2700] req=1000 seed=4  cache=1   WAN=30  registry                    mean=262.96 p95=507.60 reg=16382 peer=0 offload=0.0%
[157/2700] req=1000 seed=4  cache=1   WAN=30  dragonfly_style             mean=130.96 p95=229.54 reg=7167 peer=9215 offload=56.3%
[158/2700] req=1000 seed=4  cache=1   WAN=30  peersync_style              mean=123.97 p95=216.09 reg=5938 peer=10444 offload=63.8%
[159/2700] req=1000 seed=4  cache=1   WAN=30  metapipe_reactive_style     mean=136.40 p95=256.40 reg=7522 peer=8860 offload=54.1%
[160/2700] req=1000 seed=4  cache=1   WAN=30  ilrsa_style                 mean=323.42 p95=544.73 reg=16382 peer=0 offload=0.0%
[161/2700] req=1000 seed=4  cache=1   WAN=100 registry                    mean=78.96 p95=152.28 reg=16382 peer=0 offload=0.0%
[162/2700] req=1000 seed=4  cache=1   WAN=100 dragonfly_style             mean=48.55 p95=102.74 reg=7153 peer=9229 offload=56.3%
[163/2700] req=1000 seed=4  cache=1   WAN=100 peersync_style              mean=47.80 p95=101.51 reg=6404 peer=9978 offload=60.9%
[164/2700] req=1000 seed=4  cache=1   WAN=100 metapipe_reactive_style     mean=43.75 p95=99.42 reg=7793 peer=8589 offload=52.4%
[165/2700] req=1000 seed=4  cache=1   WAN=100 ilrsa_style                 mean=97.31 p95=168.35 reg=16382 peer=0 offload=0.0%
[166/2700] req=1000 seed=4  cache=2   WAN=10  registry                    mean=85.36 p95=559.30 reg=6771 peer=0 offload=0.0%
[167/2700] req=1000 seed=4  cache=2   WAN=10  dragonfly_style             mean=35.72 p95=163.33 reg=2496 peer=4275 offload=63.1%
[168/2700] req=1000 seed=4  cache=2   WAN=10  peersync_style              mean=32.74 p95=141.23 reg=1697 peer=5074 offload=74.9%
[169/2700] req=1000 seed=4  cache=2   WAN=10  metapipe_reactive_style     mean=35.99 p95=180.73 reg=2469 peer=4302 offload=63.5%
[170/2700] req=1000 seed=4  cache=2   WAN=10  ilrsa_style                 mean=124.24 p95=668.10 reg=6771 peer=0 offload=0.0%
[171/2700] req=1000 seed=4  cache=2   WAN=30  registry                    mean=28.45 p95=186.43 reg=6771 peer=0 offload=0.0%
[172/2700] req=1000 seed=4  cache=2   WAN=30  dragonfly_style             mean=12.53 p95=63.13 reg=2468 peer=4303 offload=63.6%
[173/2700] req=1000 seed=4  cache=2   WAN=30  peersync_style              mean=11.93 p95=60.49 reg=1697 peer=5074 offload=74.9%
[174/2700] req=1000 seed=4  cache=2   WAN=30  metapipe_reactive_style     mean=12.14 p95=69.57 reg=2348 peer=4423 offload=65.3%
[175/2700] req=1000 seed=4  cache=2   WAN=30  ilrsa_style                 mean=41.41 p95=222.70 reg=6771 peer=0 offload=0.0%
[176/2700] req=1000 seed=4  cache=2   WAN=100 registry                    mean=8.54 p95=55.93 reg=6771 peer=0 offload=0.0%
[177/2700] req=1000 seed=4  cache=2   WAN=100 dragonfly_style             mean=4.87 p95=28.06 reg=2440 peer=4331 offload=64.0%
[178/2700] req=1000 seed=4  cache=2   WAN=100 peersync_style              mean=4.88 p95=28.10 reg=1697 peer=5074 offload=74.9%
[179/2700] req=1000 seed=4  cache=2   WAN=100 metapipe_reactive_style     mean=4.38 p95=24.94 reg=2413 peer=4358 offload=64.4%
[180/2700] req=1000 seed=4  cache=2   WAN=100 ilrsa_style                 mean=12.43 p95=66.81 reg=6771 peer=0 offload=0.0%
[181/2700] req=1000 seed=5  cache=0.5 WAN=10  registry                    mean=875.79 p95=1589.20 reg=17069 peer=0 offload=0.0%
[182/2700] req=1000 seed=5  cache=0.5 WAN=10  dragonfly_style             mean=664.85 p95=1305.00 reg=14824 peer=2245 offload=13.2%
[183/2700] req=1000 seed=5  cache=0.5 WAN=10  peersync_style              mean=613.37 p95=1187.20 reg=13646 peer=3423 offload=20.1%
[184/2700] req=1000 seed=5  cache=0.5 WAN=10  metapipe_reactive_style     mean=532.44 p95=1287.40 reg=14648 peer=2421 offload=14.2%
[185/2700] req=1000 seed=5  cache=0.5 WAN=10  ilrsa_style                 mean=1255.92 p95=1704.30 reg=17069 peer=0 offload=0.0%
[186/2700] req=1000 seed=5  cache=0.5 WAN=30  registry                    mean=291.93 p95=529.73 reg=17069 peer=0 offload=0.0%
[187/2700] req=1000 seed=5  cache=0.5 WAN=30  dragonfly_style             mean=221.83 p95=435.00 reg=14824 peer=2245 offload=13.2%
[188/2700] req=1000 seed=5  cache=0.5 WAN=30  peersync_style              mean=204.66 p95=395.73 reg=13646 peer=3423 offload=20.1%
[189/2700] req=1000 seed=5  cache=0.5 WAN=30  metapipe_reactive_style     mean=178.64 p95=429.47 reg=14658 peer=2411 offload=14.1%
[190/2700] req=1000 seed=5  cache=0.5 WAN=30  ilrsa_style                 mean=418.64 p95=568.10 reg=17069 peer=0 offload=0.0%
[191/2700] req=1000 seed=5  cache=0.5 WAN=100 registry                    mean=87.65 p95=158.92 reg=17069 peer=0 offload=0.0%
[192/2700] req=1000 seed=5  cache=0.5 WAN=100 dragonfly_style             mean=67.28 p95=136.84 reg=14821 peer=2248 offload=13.2%
[193/2700] req=1000 seed=5  cache=0.5 WAN=100 peersync_style              mean=62.14 p95=125.99 reg=13646 peer=3423 offload=20.1%
[194/2700] req=1000 seed=5  cache=0.5 WAN=100 metapipe_reactive_style     mean=54.15 p95=135.84 reg=14686 peer=2383 offload=14.0%
[195/2700] req=1000 seed=5  cache=0.5 WAN=100 ilrsa_style                 mean=125.88 p95=175.24 reg=17069 peer=0 offload=0.0%
[196/2700] req=1000 seed=5  cache=1   WAN=10  registry                    mean=739.91 p95=1586.00 reg=17427 peer=0 offload=0.0%
[197/2700] req=1000 seed=5  cache=1   WAN=10  dragonfly_style             mean=438.02 p95=799.85 reg=8835 peer=8592 offload=49.3%
[198/2700] req=1000 seed=5  cache=1   WAN=10  peersync_style              mean=403.33 p95=637.98 reg=7604 peer=9823 offload=56.4%
[199/2700] req=1000 seed=5  cache=1   WAN=10  metapipe_reactive_style     mean=397.37 p95=716.62 reg=7610 peer=9817 offload=56.3%
[200/2700] req=1000 seed=5  cache=1   WAN=10  ilrsa_style                 mean=1043.24 p95=1739.60 reg=17427 peer=0 offload=0.0%
[201/2700] req=1000 seed=5  cache=1   WAN=30  registry                    mean=246.64 p95=528.67 reg=17427 peer=0 offload=0.0%
[202/2700] req=1000 seed=5  cache=1   WAN=30  dragonfly_style             mean=149.53 p95=262.77 reg=8829 peer=8598 offload=49.3%
[203/2700] req=1000 seed=5  cache=1   WAN=30  peersync_style              mean=138.34 p95=225.63 reg=7448 peer=9979 offload=57.3%
[204/2700] req=1000 seed=5  cache=1   WAN=30  metapipe_reactive_style     mean=141.55 p95=314.11 reg=8625 peer=8802 offload=50.5%
[205/2700] req=1000 seed=5  cache=1   WAN=30  ilrsa_style                 mean=347.75 p95=579.87 reg=17427 peer=0 offload=0.0%
[206/2700] req=1000 seed=5  cache=1   WAN=100 registry                    mean=74.08 p95=158.60 reg=17427 peer=0 offload=0.0%
[207/2700] req=1000 seed=5  cache=1   WAN=100 dragonfly_style             mean=49.68 p95=96.81 reg=8810 peer=8617 offload=49.4%
[208/2700] req=1000 seed=5  cache=1   WAN=100 peersync_style              mean=46.35 p95=93.54 reg=7578 peer=9849 offload=56.5%
[209/2700] req=1000 seed=5  cache=1   WAN=100 metapipe_reactive_style     mean=44.28 p95=103.93 reg=8873 peer=8554 offload=49.1%
[210/2700] req=1000 seed=5  cache=1   WAN=100 ilrsa_style                 mean=104.73 p95=180.72 reg=17427 peer=0 offload=0.0%
[211/2700] req=1000 seed=5  cache=2   WAN=10  registry                    mean=112.08 p95=558.10 reg=6596 peer=0 offload=0.0%
[212/2700] req=1000 seed=5  cache=2   WAN=10  dragonfly_style             mean=70.95 p95=303.21 reg=3146 peer=3450 offload=52.3%
[213/2700] req=1000 seed=5  cache=2   WAN=10  peersync_style              mean=65.94 p95=271.41 reg=2826 peer=3770 offload=57.2%
[214/2700] req=1000 seed=5  cache=2   WAN=10  metapipe_reactive_style     mean=65.12 p95=311.52 reg=3152 peer=3444 offload=52.2%
[215/2700] req=1000 seed=5  cache=2   WAN=10  ilrsa_style                 mean=162.40 p95=629.40 reg=6596 peer=0 offload=0.0%
[216/2700] req=1000 seed=5  cache=2   WAN=30  registry                    mean=37.36 p95=186.03 reg=6596 peer=0 offload=0.0%
[217/2700] req=1000 seed=5  cache=2   WAN=30  dragonfly_style             mean=23.87 p95=101.14 reg=3148 peer=3448 offload=52.3%
[218/2700] req=1000 seed=5  cache=2   WAN=30  peersync_style              mean=22.46 p95=90.67 reg=2826 peer=3770 offload=57.2%
[219/2700] req=1000 seed=5  cache=2   WAN=30  metapipe_reactive_style     mean=22.04 p95=104.01 reg=3152 peer=3444 offload=52.2%
[220/2700] req=1000 seed=5  cache=2   WAN=30  ilrsa_style                 mean=54.13 p95=209.80 reg=6596 peer=0 offload=0.0%
[221/2700] req=1000 seed=5  cache=2   WAN=100 registry                    mean=11.22 p95=55.81 reg=6596 peer=0 offload=0.0%
[222/2700] req=1000 seed=5  cache=2   WAN=100 dragonfly_style             mean=7.36 p95=28.56 reg=3148 peer=3448 offload=52.3%
[223/2700] req=1000 seed=5  cache=2   WAN=100 peersync_style              mean=7.25 p95=28.24 reg=2826 peer=3770 offload=57.2%
[224/2700] req=1000 seed=5  cache=2   WAN=100 metapipe_reactive_style     mean=6.87 p95=31.57 reg=3563 peer=3033 offload=46.0%
[225/2700] req=1000 seed=5  cache=2   WAN=100 ilrsa_style                 mean=16.26 p95=62.94 reg=6596 peer=0 offload=0.0%
[226/2700] req=1000 seed=6  cache=0.5 WAN=10  registry                    mean=903.65 p95=1704.00 reg=17925 peer=0 offload=0.0%
[227/2700] req=1000 seed=6  cache=0.5 WAN=10  dragonfly_style             mean=741.12 p95=1380.90 reg=14696 peer=3229 offload=18.0%
[228/2700] req=1000 seed=6  cache=0.5 WAN=10  peersync_style              mean=629.18 p95=1158.90 reg=12476 peer=5449 offload=30.4%
[229/2700] req=1000 seed=6  cache=0.5 WAN=10  metapipe_reactive_style     mean=613.90 p95=1273.74 reg=14511 peer=3414 offload=19.0%
[230/2700] req=1000 seed=6  cache=0.5 WAN=10  ilrsa_style                 mean=1369.95 p95=1790.80 reg=17925 peer=0 offload=0.0%
[231/2700] req=1000 seed=6  cache=0.5 WAN=30  registry                    mean=301.22 p95=568.00 reg=17925 peer=0 offload=0.0%
[232/2700] req=1000 seed=6  cache=0.5 WAN=30  dragonfly_style             mean=247.63 p95=456.27 reg=14575 peer=3350 offload=18.7%
[233/2700] req=1000 seed=6  cache=0.5 WAN=30  peersync_style              mean=210.00 p95=386.10 reg=12470 peer=5455 offload=30.4%
[234/2700] req=1000 seed=6  cache=0.5 WAN=30  metapipe_reactive_style     mean=204.99 p95=425.41 reg=14535 peer=3390 offload=18.9%
[235/2700] req=1000 seed=6  cache=0.5 WAN=30  ilrsa_style                 mean=456.65 p95=596.93 reg=17925 peer=0 offload=0.0%
[236/2700] req=1000 seed=6  cache=0.5 WAN=100 registry                    mean=90.37 p95=170.40 reg=17925 peer=0 offload=0.0%
[237/2700] req=1000 seed=6  cache=0.5 WAN=100 dragonfly_style             mean=73.45 p95=135.72 reg=14908 peer=3017 offload=16.8%
[238/2700] req=1000 seed=6  cache=0.5 WAN=100 peersync_style              mean=62.01 p95=111.69 reg=12440 peer=5485 offload=30.6%
[239/2700] req=1000 seed=6  cache=0.5 WAN=100 metapipe_reactive_style     mean=62.77 p95=134.69 reg=14827 peer=3098 offload=17.3%
[240/2700] req=1000 seed=6  cache=0.5 WAN=100 ilrsa_style                 mean=137.02 p95=179.41 reg=17925 peer=0 offload=0.0%
[241/2700] req=1000 seed=6  cache=1   WAN=10  registry                    mean=548.36 p95=1194.20 reg=13163 peer=0 offload=0.0%
[242/2700] req=1000 seed=6  cache=1   WAN=10  dragonfly_style             mean=367.24 p95=671.10 reg=7969 peer=5194 offload=39.5%
[243/2700] req=1000 seed=6  cache=1   WAN=10  peersync_style              mean=331.41 p95=588.00 reg=5882 peer=7281 offload=55.3%
[244/2700] req=1000 seed=6  cache=1   WAN=10  metapipe_reactive_style     mean=334.19 p95=691.98 reg=8428 peer=4735 offload=36.0%
[245/2700] req=1000 seed=6  cache=1   WAN=10  ilrsa_style                 mean=759.03 p95=1313.30 reg=13163 peer=0 offload=0.0%
[246/2700] req=1000 seed=6  cache=1   WAN=30  registry                    mean=182.79 p95=398.07 reg=13163 peer=0 offload=0.0%
[247/2700] req=1000 seed=6  cache=1   WAN=30  dragonfly_style             mean=124.55 p95=226.73 reg=8060 peer=5103 offload=38.8%
[248/2700] req=1000 seed=6  cache=1   WAN=30  peersync_style              mean=109.49 p95=199.83 reg=5962 peer=7201 offload=54.7%
[249/2700] req=1000 seed=6  cache=1   WAN=30  metapipe_reactive_style     mean=112.38 p95=231.45 reg=8444 peer=4719 offload=35.9%
[250/2700] req=1000 seed=6  cache=1   WAN=30  ilrsa_style                 mean=253.01 p95=437.77 reg=13163 peer=0 offload=0.0%
[251/2700] req=1000 seed=6  cache=1   WAN=100 registry                    mean=54.88 p95=119.42 reg=13163 peer=0 offload=0.0%
[252/2700] req=1000 seed=6  cache=1   WAN=100 dragonfly_style             mean=39.46 p95=75.11 reg=7950 peer=5213 offload=39.6%
[253/2700] req=1000 seed=6  cache=1   WAN=100 peersync_style              mean=35.55 p95=70.99 reg=6336 peer=6827 offload=51.9%
[254/2700] req=1000 seed=6  cache=1   WAN=100 metapipe_reactive_style     mean=34.52 p95=70.46 reg=8215 peer=4948 offload=37.6%
[255/2700] req=1000 seed=6  cache=1   WAN=100 ilrsa_style                 mean=76.31 p95=135.00 reg=13163 peer=0 offload=0.0%
[256/2700] req=1000 seed=6  cache=2   WAN=10  registry                    mean=176.00 p95=820.90 reg=9283 peer=0 offload=0.0%
[257/2700] req=1000 seed=6  cache=2   WAN=10  dragonfly_style             mean=39.91 p95=177.99 reg=2770 peer=6513 offload=70.2%
[258/2700] req=1000 seed=6  cache=2   WAN=10  peersync_style              mean=34.68 p95=138.08 reg=1791 peer=7492 offload=80.7%
[259/2700] req=1000 seed=6  cache=2   WAN=10  metapipe_reactive_style     mean=41.24 p95=147.35 reg=2367 peer=6916 offload=74.5%
[260/2700] req=1000 seed=6  cache=2   WAN=10  ilrsa_style                 mean=235.02 p95=901.90 reg=9283 peer=0 offload=0.0%
[261/2700] req=1000 seed=6  cache=2   WAN=30  registry                    mean=58.67 p95=273.63 reg=9283 peer=0 offload=0.0%
[262/2700] req=1000 seed=6  cache=2   WAN=30  dragonfly_style             mean=14.00 p95=58.27 reg=2770 peer=6513 offload=70.2%
[263/2700] req=1000 seed=6  cache=2   WAN=30  peersync_style              mean=12.30 p95=51.17 reg=1791 peer=7492 offload=80.7%
[264/2700] req=1000 seed=6  cache=2   WAN=30  metapipe_reactive_style     mean=14.68 p95=57.51 reg=1972 peer=7311 offload=78.8%
[265/2700] req=1000 seed=6  cache=2   WAN=30  ilrsa_style                 mean=78.34 p95=300.63 reg=9283 peer=0 offload=0.0%
[266/2700] req=1000 seed=6  cache=2   WAN=100 registry                    mean=17.61 p95=82.09 reg=9283 peer=0 offload=0.0%
[267/2700] req=1000 seed=6  cache=2   WAN=100 dragonfly_style             mean=5.51 p95=25.29 reg=2231 peer=7052 offload=76.0%
[268/2700] req=1000 seed=6  cache=2   WAN=100 peersync_style              mean=5.54 p95=25.74 reg=1791 peer=7492 offload=80.7%
[269/2700] req=1000 seed=6  cache=2   WAN=100 metapipe_reactive_style     mean=5.75 p95=26.13 reg=2723 peer=6560 offload=70.7%
[270/2700] req=1000 seed=6  cache=2   WAN=100 ilrsa_style                 mean=23.52 p95=90.19 reg=9283 peer=0 offload=0.0%
[271/2700] req=1000 seed=7  cache=0.5 WAN=10  registry                    mean=945.18 p95=1796.70 reg=19216 peer=0 offload=0.0%
[272/2700] req=1000 seed=7  cache=0.5 WAN=10  dragonfly_style             mean=674.45 p95=1488.40 reg=16658 peer=2558 offload=13.3%
[273/2700] req=1000 seed=7  cache=0.5 WAN=10  peersync_style              mean=648.03 p95=1376.90 reg=15543 peer=3673 offload=19.1%
[274/2700] req=1000 seed=7  cache=0.5 WAN=10  metapipe_reactive_style     mean=593.68 p95=1446.30 reg=16237 peer=2979 offload=15.5%
[275/2700] req=1000 seed=7  cache=0.5 WAN=10  ilrsa_style                 mean=1336.08 p95=1919.80 reg=19216 peer=0 offload=0.0%
[276/2700] req=1000 seed=7  cache=0.5 WAN=30  registry                    mean=315.06 p95=598.90 reg=19216 peer=0 offload=0.0%
[277/2700] req=1000 seed=7  cache=0.5 WAN=30  dragonfly_style             mean=225.06 p95=496.13 reg=16658 peer=2558 offload=13.3%
[278/2700] req=1000 seed=7  cache=0.5 WAN=30  peersync_style              mean=216.05 p95=458.33 reg=15524 peer=3692 offload=19.2%
[279/2700] req=1000 seed=7  cache=0.5 WAN=30  metapipe_reactive_style     mean=197.69 p95=482.10 reg=16237 peer=2979 offload=15.5%
[280/2700] req=1000 seed=7  cache=0.5 WAN=30  ilrsa_style                 mean=445.36 p95=639.93 reg=19216 peer=0 offload=0.0%
[281/2700] req=1000 seed=7  cache=0.5 WAN=100 registry                    mean=94.52 p95=179.67 reg=19216 peer=0 offload=0.0%
[282/2700] req=1000 seed=7  cache=0.5 WAN=100 dragonfly_style             mean=69.55 p95=164.49 reg=16821 peer=2395 offload=12.5%
[283/2700] req=1000 seed=7  cache=0.5 WAN=100 peersync_style              mean=66.86 p95=154.56 reg=15588 peer=3628 offload=18.9%
[284/2700] req=1000 seed=7  cache=0.5 WAN=100 metapipe_reactive_style     mean=61.03 p95=163.33 reg=16619 peer=2597 offload=13.5%
[285/2700] req=1000 seed=7  cache=0.5 WAN=100 ilrsa_style                 mean=133.68 p95=192.86 reg=19216 peer=0 offload=0.0%
[286/2700] req=1000 seed=7  cache=1   WAN=10  registry                    mean=684.48 p95=1285.60 reg=15277 peer=0 offload=0.0%
[287/2700] req=1000 seed=7  cache=1   WAN=10  dragonfly_style             mean=383.81 p95=786.20 reg=7943 peer=7334 offload=48.0%
[288/2700] req=1000 seed=7  cache=1   WAN=10  peersync_style              mean=371.02 p95=746.99 reg=7711 peer=7566 offload=49.5%
[289/2700] req=1000 seed=7  cache=1   WAN=10  metapipe_reactive_style     mean=361.77 p95=736.86 reg=7430 peer=7847 offload=51.4%
[290/2700] req=1000 seed=7  cache=1   WAN=10  ilrsa_style                 mean=820.08 p95=1525.20 reg=15277 peer=0 offload=0.0%
[291/2700] req=1000 seed=7  cache=1   WAN=30  registry                    mean=228.16 p95=428.53 reg=15277 peer=0 offload=0.0%
[292/2700] req=1000 seed=7  cache=1   WAN=30  dragonfly_style             mean=129.89 p95=261.00 reg=7941 peer=7336 offload=48.0%
[293/2700] req=1000 seed=7  cache=1   WAN=30  peersync_style              mean=125.22 p95=247.00 reg=7680 peer=7597 offload=49.7%
[294/2700] req=1000 seed=7  cache=1   WAN=30  metapipe_reactive_style     mean=122.88 p95=269.74 reg=7430 peer=7847 offload=51.4%
[295/2700] req=1000 seed=7  cache=1   WAN=30  ilrsa_style                 mean=273.36 p95=508.40 reg=15277 peer=0 offload=0.0%
[296/2700] req=1000 seed=7  cache=1   WAN=100 registry                    mean=68.47 p95=128.56 reg=15277 peer=0 offload=0.0%
[297/2700] req=1000 seed=7  cache=1   WAN=100 dragonfly_style             mean=31.26 p95=66.84 reg=7021 peer=8256 offload=54.0%
[298/2700] req=1000 seed=7  cache=1   WAN=100 peersync_style              mean=30.75 p95=64.18 reg=6534 peer=8743 offload=57.2%
[299/2700] req=1000 seed=7  cache=1   WAN=100 metapipe_reactive_style     mean=38.82 p95=97.96 reg=7469 peer=7808 offload=51.1%
[300/2700] req=1000 seed=7  cache=1   WAN=100 ilrsa_style                 mean=82.22 p95=155.59 reg=15277 peer=0 offload=0.0%
[301/2700] req=1000 seed=7  cache=2   WAN=10  registry                    mean=93.22 p95=520.30 reg=5921 peer=0 offload=0.0%
[302/2700] req=1000 seed=7  cache=2   WAN=10  dragonfly_style             mean=40.74 p95=206.94 reg=2698 peer=3223 offload=54.4%
[303/2700] req=1000 seed=7  cache=2   WAN=10  peersync_style              mean=38.94 p95=196.36 reg=2321 peer=3600 offload=60.8%
[304/2700] req=1000 seed=7  cache=2   WAN=10  metapipe_reactive_style     mean=37.60 p95=241.27 reg=2799 peer=3122 offload=52.7%
[305/2700] req=1000 seed=7  cache=2   WAN=10  ilrsa_style                 mean=123.11 p95=536.30 reg=5921 peer=0 offload=0.0%
[306/2700] req=1000 seed=7  cache=2   WAN=30  registry                    mean=31.07 p95=173.43 reg=5921 peer=0 offload=0.0%
[307/2700] req=1000 seed=7  cache=2   WAN=30  dragonfly_style             mean=14.78 p95=75.21 reg=2780 peer=3141 offload=53.0%
[308/2700] req=1000 seed=7  cache=2   WAN=30  peersync_style              mean=13.63 p95=68.25 reg=2321 peer=3600 offload=60.8%
[309/2700] req=1000 seed=7  cache=2   WAN=30  metapipe_reactive_style     mean=12.83 p95=79.79 reg=2799 peer=3122 offload=52.7%
[310/2700] req=1000 seed=7  cache=2   WAN=30  ilrsa_style                 mean=41.04 p95=178.77 reg=5921 peer=0 offload=0.0%
[311/2700] req=1000 seed=7  cache=2   WAN=100 registry                    mean=9.35 p95=52.03 reg=5921 peer=0 offload=0.0%
[312/2700] req=1000 seed=7  cache=2   WAN=100 dragonfly_style             mean=4.70 p95=26.56 reg=2833 peer=3088 offload=52.2%
[313/2700] req=1000 seed=7  cache=2   WAN=100 peersync_style              mean=4.34 p95=22.13 reg=2321 peer=3600 offload=60.8%
[314/2700] req=1000 seed=7  cache=2   WAN=100 metapipe_reactive_style     mean=4.03 p95=22.58 reg=2791 peer=3130 offload=52.9%
[315/2700] req=1000 seed=7  cache=2   WAN=100 ilrsa_style                 mean=12.37 p95=53.63 reg=5921 peer=0 offload=0.0%
[316/2700] req=1000 seed=8  cache=0.5 WAN=10  registry                    mean=898.94 p95=1519.90 reg=15611 peer=0 offload=0.0%
[317/2700] req=1000 seed=8  cache=0.5 WAN=10  dragonfly_style             mean=671.67 p95=1308.30 reg=13970 peer=1641 offload=10.5%
[318/2700] req=1000 seed=8  cache=0.5 WAN=10  peersync_style              mean=623.29 p95=1221.80 reg=13105 peer=2506 offload=16.1%
[319/2700] req=1000 seed=8  cache=0.5 WAN=10  metapipe_reactive_style     mean=594.90 p95=1306.70 reg=13954 peer=1657 offload=10.6%
[320/2700] req=1000 seed=8  cache=0.5 WAN=10  ilrsa_style                 mean=1251.56 p95=1558.90 reg=15611 peer=0 offload=0.0%
[321/2700] req=1000 seed=8  cache=0.5 WAN=30  registry                    mean=299.65 p95=506.63 reg=15611 peer=0 offload=0.0%
[322/2700] req=1000 seed=8  cache=0.5 WAN=30  dragonfly_style             mean=223.80 p95=436.10 reg=13970 peer=1641 offload=10.5%
[323/2700] req=1000 seed=8  cache=0.5 WAN=30  peersync_style              mean=207.62 p95=407.27 reg=13105 peer=2506 offload=16.1%
[324/2700] req=1000 seed=8  cache=0.5 WAN=30  metapipe_reactive_style     mean=197.81 p95=435.10 reg=13940 peer=1671 offload=10.7%
[325/2700] req=1000 seed=8  cache=0.5 WAN=30  ilrsa_style                 mean=417.19 p95=519.63 reg=15611 peer=0 offload=0.0%
[326/2700] req=1000 seed=8  cache=0.5 WAN=100 registry                    mean=89.91 p95=151.99 reg=15611 peer=0 offload=0.0%
[327/2700] req=1000 seed=8  cache=0.5 WAN=100 dragonfly_style             mean=68.16 p95=146.50 reg=13966 peer=1645 offload=10.5%
[328/2700] req=1000 seed=8  cache=0.5 WAN=100 peersync_style              mean=63.44 p95=140.09 reg=13105 peer=2506 offload=16.1%
[329/2700] req=1000 seed=8  cache=0.5 WAN=100 metapipe_reactive_style     mean=60.31 p95=140.22 reg=13646 peer=1965 offload=12.6%
[330/2700] req=1000 seed=8  cache=0.5 WAN=100 ilrsa_style                 mean=125.24 p95=156.83 reg=15611 peer=0 offload=0.0%
[331/2700] req=1000 seed=8  cache=1   WAN=10  registry                    mean=824.25 p95=1510.30 reg=16199 peer=0 offload=0.0%
[332/2700] req=1000 seed=8  cache=1   WAN=10  dragonfly_style             mean=446.07 p95=676.27 reg=8301 peer=7898 offload=48.8%
[333/2700] req=1000 seed=8  cache=1   WAN=10  peersync_style              mean=426.11 p95=626.75 reg=7146 peer=9053 offload=55.9%
[334/2700] req=1000 seed=8  cache=1   WAN=10  metapipe_reactive_style     mean=422.60 p95=779.74 reg=8213 peer=7986 offload=49.3%
[335/2700] req=1000 seed=8  cache=1   WAN=10  ilrsa_style                 mean=1069.49 p95=1617.90 reg=16199 peer=0 offload=0.0%
[336/2700] req=1000 seed=8  cache=1   WAN=30  registry                    mean=274.75 p95=503.43 reg=16199 peer=0 offload=0.0%
[337/2700] req=1000 seed=8  cache=1   WAN=30  dragonfly_style             mean=156.93 p95=238.75 reg=8313 peer=7886 offload=48.7%
[338/2700] req=1000 seed=8  cache=1   WAN=30  peersync_style              mean=152.03 p95=227.33 reg=7365 peer=8834 offload=54.5%
[339/2700] req=1000 seed=8  cache=1   WAN=30  metapipe_reactive_style     mean=142.07 p95=258.65 reg=7964 peer=8235 offload=50.8%
[340/2700] req=1000 seed=8  cache=1   WAN=30  ilrsa_style                 mean=356.50 p95=539.30 reg=16199 peer=0 offload=0.0%
[341/2700] req=1000 seed=8  cache=1   WAN=100 registry                    mean=82.43 p95=151.03 reg=16199 peer=0 offload=0.0%
[342/2700] req=1000 seed=8  cache=1   WAN=100 dragonfly_style             mean=58.01 p95=99.77 reg=8324 peer=7875 offload=48.6%
[343/2700] req=1000 seed=8  cache=1   WAN=100 peersync_style              mean=55.87 p95=97.06 reg=7103 peer=9096 offload=56.2%
[344/2700] req=1000 seed=8  cache=1   WAN=100 metapipe_reactive_style     mean=44.91 p95=90.77 reg=7964 peer=8235 offload=50.8%
[345/2700] req=1000 seed=8  cache=1   WAN=100 ilrsa_style                 mean=107.04 p95=163.01 reg=16199 peer=0 offload=0.0%
[346/2700] req=1000 seed=8  cache=2   WAN=10  registry                    mean=145.83 p95=681.80 reg=8030 peer=0 offload=0.0%
[347/2700] req=1000 seed=8  cache=2   WAN=10  dragonfly_style             mean=41.69 p95=214.64 reg=2645 peer=5385 offload=67.1%
[348/2700] req=1000 seed=8  cache=2   WAN=10  peersync_style              mean=38.91 p95=205.41 reg=2400 peer=5630 offload=70.1%
[349/2700] req=1000 seed=8  cache=2   WAN=10  metapipe_reactive_style     mean=56.00 p95=252.17 reg=2644 peer=5386 offload=67.1%
[350/2700] req=1000 seed=8  cache=2   WAN=10  ilrsa_style                 mean=172.22 p95=747.30 reg=8030 peer=0 offload=0.0%
[351/2700] req=1000 seed=8  cache=2   WAN=30  registry                    mean=48.61 p95=227.27 reg=8030 peer=0 offload=0.0%
[352/2700] req=1000 seed=8  cache=2   WAN=30  dragonfly_style             mean=14.54 p95=69.47 reg=2645 peer=5385 offload=67.1%
[353/2700] req=1000 seed=8  cache=2   WAN=30  peersync_style              mean=13.79 p95=66.75 reg=2400 peer=5630 offload=70.1%
[354/2700] req=1000 seed=8  cache=2   WAN=30  metapipe_reactive_style     mean=18.62 p95=86.40 reg=2444 peer=5586 offload=69.6%
[355/2700] req=1000 seed=8  cache=2   WAN=30  ilrsa_style                 mean=57.41 p95=249.10 reg=8030 peer=0 offload=0.0%
[356/2700] req=1000 seed=8  cache=2   WAN=100 registry                    mean=14.76 p95=68.18 reg=8030 peer=0 offload=0.0%
[357/2700] req=1000 seed=8  cache=2   WAN=100 dragonfly_style             mean=5.53 p95=27.03 reg=2643 peer=5387 offload=67.1%
[358/2700] req=1000 seed=8  cache=2   WAN=100 peersync_style              mean=5.59 p95=27.03 reg=2400 peer=5630 offload=70.1%
[359/2700] req=1000 seed=8  cache=2   WAN=100 metapipe_reactive_style     mean=6.84 p95=36.63 reg=2622 peer=5408 offload=67.3%
[360/2700] req=1000 seed=8  cache=2   WAN=100 ilrsa_style                 mean=17.65 p95=78.70 reg=8030 peer=0 offload=0.0%
[361/2700] req=1000 seed=9  cache=0.5 WAN=10  registry                    mean=778.29 p95=1493.10 reg=15901 peer=0 offload=0.0%
[362/2700] req=1000 seed=9  cache=0.5 WAN=10  dragonfly_style             mean=636.51 p95=1156.82 reg=14001 peer=1900 offload=11.9%
[363/2700] req=1000 seed=9  cache=0.5 WAN=10  peersync_style              mean=604.80 p95=1043.20 reg=13013 peer=2888 offload=18.2%
[364/2700] req=1000 seed=9  cache=0.5 WAN=10  metapipe_reactive_style     mean=567.32 p95=1253.50 reg=13422 peer=2479 offload=15.6%
[365/2700] req=1000 seed=9  cache=0.5 WAN=10  ilrsa_style                 mean=1006.34 p95=1589.30 reg=15901 peer=0 offload=0.0%
[366/2700] req=1000 seed=9  cache=0.5 WAN=30  registry                    mean=259.43 p95=497.70 reg=15901 peer=0 offload=0.0%
[367/2700] req=1000 seed=9  cache=0.5 WAN=30  dragonfly_style             mean=212.23 p95=386.01 reg=14001 peer=1900 offload=11.9%
[368/2700] req=1000 seed=9  cache=0.5 WAN=30  peersync_style              mean=201.77 p95=348.93 reg=13013 peer=2888 offload=18.2%
[369/2700] req=1000 seed=9  cache=0.5 WAN=30  metapipe_reactive_style     mean=187.81 p95=415.87 reg=13363 peer=2538 offload=16.0%
[370/2700] req=1000 seed=9  cache=0.5 WAN=30  ilrsa_style                 mean=335.45 p95=529.77 reg=15901 peer=0 offload=0.0%
[371/2700] req=1000 seed=9  cache=0.5 WAN=100 registry                    mean=77.83 p95=149.31 reg=15901 peer=0 offload=0.0%
[372/2700] req=1000 seed=9  cache=0.5 WAN=100 dragonfly_style             mean=63.84 p95=117.25 reg=14004 peer=1897 offload=11.9%
[373/2700] req=1000 seed=9  cache=0.5 WAN=100 peersync_style              mean=60.61 p95=108.29 reg=13240 peer=2661 offload=16.7%
[374/2700] req=1000 seed=9  cache=0.5 WAN=100 metapipe_reactive_style     mean=56.47 p95=129.71 reg=13435 peer=2466 offload=15.5%
[375/2700] req=1000 seed=9  cache=0.5 WAN=100 ilrsa_style                 mean=100.66 p95=159.33 reg=15901 peer=0 offload=0.0%
[376/2700] req=1000 seed=9  cache=1   WAN=10  registry                    mean=675.87 p95=1354.30 reg=14585 peer=0 offload=0.0%
[377/2700] req=1000 seed=9  cache=1   WAN=10  dragonfly_style             mean=466.96 p95=781.49 reg=8688 peer=5897 offload=40.4%
[378/2700] req=1000 seed=9  cache=1   WAN=10  peersync_style              mean=444.26 p95=657.83 reg=6991 peer=7594 offload=52.1%
[379/2700] req=1000 seed=9  cache=1   WAN=10  metapipe_reactive_style     mean=413.42 p95=729.93 reg=8028 peer=6557 offload=45.0%
[380/2700] req=1000 seed=9  cache=1   WAN=10  ilrsa_style                 mean=814.21 p95=1456.90 reg=14585 peer=0 offload=0.0%
[381/2700] req=1000 seed=9  cache=1   WAN=30  registry                    mean=225.29 p95=451.43 reg=14585 peer=0 offload=0.0%
[382/2700] req=1000 seed=9  cache=1   WAN=30  dragonfly_style             mean=158.47 p95=259.93 reg=8693 peer=5892 offload=40.4%
[383/2700] req=1000 seed=9  cache=1   WAN=30  peersync_style              mean=151.18 p95=232.22 reg=6991 peer=7594 offload=52.1%
[384/2700] req=1000 seed=9  cache=1   WAN=30  metapipe_reactive_style     mean=139.45 p95=247.78 reg=8074 peer=6511 offload=44.6%
[385/2700] req=1000 seed=9  cache=1   WAN=30  ilrsa_style                 mean=271.40 p95=485.63 reg=14585 peer=0 offload=0.0%
[386/2700] req=1000 seed=9  cache=1   WAN=100 registry                    mean=67.60 p95=135.43 reg=14585 peer=0 offload=0.0%
[387/2700] req=1000 seed=9  cache=1   WAN=100 dragonfly_style             mean=50.87 p95=85.57 reg=8442 peer=6143 offload=42.1%
[388/2700] req=1000 seed=9  cache=1   WAN=100 peersync_style              mean=50.24 p95=86.66 reg=7081 peer=7504 offload=51.5%
[389/2700] req=1000 seed=9  cache=1   WAN=100 metapipe_reactive_style     mean=42.27 p95=77.37 reg=8074 peer=6511 offload=44.6%
[390/2700] req=1000 seed=9  cache=1   WAN=100 ilrsa_style                 mean=81.49 p95=147.02 reg=14585 peer=0 offload=0.0%
[391/2700] req=1000 seed=9  cache=2   WAN=10  registry                    mean=142.23 p95=735.70 reg=8107 peer=0 offload=0.0%
[392/2700] req=1000 seed=9  cache=2   WAN=10  dragonfly_style             mean=72.32 p95=298.60 reg=3887 peer=4220 offload=52.1%
[393/2700] req=1000 seed=9  cache=2   WAN=10  peersync_style              mean=66.36 p95=259.60 reg=2875 peer=5232 offload=64.5%
[394/2700] req=1000 seed=9  cache=2   WAN=10  metapipe_reactive_style     mean=75.22 p95=316.46 reg=3788 peer=4319 offload=53.3%
[395/2700] req=1000 seed=9  cache=2   WAN=10  ilrsa_style                 mean=204.33 p95=793.00 reg=8107 peer=0 offload=0.0%
[396/2700] req=1000 seed=9  cache=2   WAN=30  registry                    mean=47.41 p95=245.23 reg=8107 peer=0 offload=0.0%
[397/2700] req=1000 seed=9  cache=2   WAN=30  dragonfly_style             mean=24.39 p95=99.78 reg=3887 peer=4220 offload=52.1%
[398/2700] req=1000 seed=9  cache=2   WAN=30  peersync_style              mean=22.72 p95=91.34 reg=2875 peer=5232 offload=64.5%
[399/2700] req=1000 seed=9  cache=2   WAN=30  metapipe_reactive_style     mean=25.05 p95=104.77 reg=3745 peer=4362 offload=53.8%
[400/2700] req=1000 seed=9  cache=2   WAN=30  ilrsa_style                 mean=68.11 p95=264.33 reg=8107 peer=0 offload=0.0%
[401/2700] req=1000 seed=9  cache=2   WAN=100 registry                    mean=14.24 p95=73.57 reg=8107 peer=0 offload=0.0%
[402/2700] req=1000 seed=9  cache=2   WAN=100 dragonfly_style             mean=7.55 p95=32.57 reg=3905 peer=4202 offload=51.8%
[403/2700] req=1000 seed=9  cache=2   WAN=100 peersync_style              mean=7.31 p95=32.44 reg=2875 peer=5232 offload=64.5%
[404/2700] req=1000 seed=9  cache=2   WAN=100 metapipe_reactive_style     mean=7.75 p95=33.47 reg=3745 peer=4362 offload=53.8%
[405/2700] req=1000 seed=9  cache=2   WAN=100 ilrsa_style                 mean=20.47 p95=79.59 reg=8107 peer=0 offload=0.0%
[406/2700] req=1000 seed=10 cache=0.5 WAN=10  registry                    mean=873.38 p95=1539.10 reg=16304 peer=0 offload=0.0%
[407/2700] req=1000 seed=10 cache=0.5 WAN=10  dragonfly_style             mean=670.64 p95=1261.80 reg=13505 peer=2799 offload=17.2%
[408/2700] req=1000 seed=10 cache=0.5 WAN=10  peersync_style              mean=677.76 p95=1285.10 reg=12851 peer=3453 offload=21.2%
[409/2700] req=1000 seed=10 cache=0.5 WAN=10  metapipe_reactive_style     mean=575.10 p95=1310.80 reg=13995 peer=2309 offload=14.2%
[410/2700] req=1000 seed=10 cache=0.5 WAN=10  ilrsa_style                 mean=1054.87 p95=1622.40 reg=16304 peer=0 offload=0.0%
[411/2700] req=1000 seed=10 cache=0.5 WAN=30  registry                    mean=291.13 p95=513.03 reg=16304 peer=0 offload=0.0%
[412/2700] req=1000 seed=10 cache=0.5 WAN=30  dragonfly_style             mean=224.38 p95=421.47 reg=13531 peer=2773 offload=17.0%
[413/2700] req=1000 seed=10 cache=0.5 WAN=30  peersync_style              mean=223.06 p95=423.17 reg=12695 peer=3609 offload=22.1%
[414/2700] req=1000 seed=10 cache=0.5 WAN=30  metapipe_reactive_style     mean=190.17 p95=433.57 reg=13894 peer=2410 offload=14.8%
[415/2700] req=1000 seed=10 cache=0.5 WAN=30  ilrsa_style                 mean=351.62 p95=540.80 reg=16304 peer=0 offload=0.0%
[416/2700] req=1000 seed=10 cache=0.5 WAN=100 registry                    mean=87.34 p95=153.91 reg=16304 peer=0 offload=0.0%
[417/2700] req=1000 seed=10 cache=0.5 WAN=100 dragonfly_style             mean=67.77 p95=132.18 reg=13536 peer=2768 offload=17.0%
[418/2700] req=1000 seed=10 cache=0.5 WAN=100 peersync_style              mean=64.79 p95=125.70 reg=12846 peer=3458 offload=21.2%
[419/2700] req=1000 seed=10 cache=0.5 WAN=100 metapipe_reactive_style     mean=57.51 p95=137.94 reg=13896 peer=2408 offload=14.8%
[420/2700] req=1000 seed=10 cache=0.5 WAN=100 ilrsa_style                 mean=105.50 p95=162.24 reg=16304 peer=0 offload=0.0%
[421/2700] req=1000 seed=10 cache=1   WAN=10  registry                    mean=597.56 p95=1340.70 reg=14852 peer=0 offload=0.0%
[422/2700] req=1000 seed=10 cache=1   WAN=10  dragonfly_style             mean=342.10 p95=703.88 reg=7644 peer=7208 offload=48.5%
[423/2700] req=1000 seed=10 cache=1   WAN=10  peersync_style              mean=324.20 p95=591.57 reg=6130 peer=8722 offload=58.7%
[424/2700] req=1000 seed=10 cache=1   WAN=10  metapipe_reactive_style     mean=348.76 p95=673.26 reg=7550 peer=7302 offload=49.2%
[425/2700] req=1000 seed=10 cache=1   WAN=10  ilrsa_style                 mean=812.95 p95=1479.50 reg=14852 peer=0 offload=0.0%
[426/2700] req=1000 seed=10 cache=1   WAN=30  registry                    mean=199.19 p95=446.90 reg=14852 peer=0 offload=0.0%
[427/2700] req=1000 seed=10 cache=1   WAN=30  dragonfly_style             mean=122.36 p95=239.45 reg=7932 peer=6920 offload=46.6%
[428/2700] req=1000 seed=10 cache=1   WAN=30  peersync_style              mean=115.57 p95=213.70 reg=6281 peer=8571 offload=57.7%
[429/2700] req=1000 seed=10 cache=1   WAN=30  metapipe_reactive_style     mean=118.19 p95=242.19 reg=7550 peer=7302 offload=49.2%
[430/2700] req=1000 seed=10 cache=1   WAN=30  ilrsa_style                 mean=270.98 p95=493.17 reg=14852 peer=0 offload=0.0%
[431/2700] req=1000 seed=10 cache=1   WAN=100 registry                    mean=59.76 p95=134.07 reg=14852 peer=0 offload=0.0%
[432/2700] req=1000 seed=10 cache=1   WAN=100 dragonfly_style             mean=40.43 p95=84.70 reg=8242 peer=6610 offload=44.5%
[433/2700] req=1000 seed=10 cache=1   WAN=100 peersync_style              mean=37.52 p95=82.09 reg=6389 peer=8463 offload=57.0%
[434/2700] req=1000 seed=10 cache=1   WAN=100 metapipe_reactive_style     mean=37.54 p95=89.39 reg=7846 peer=7006 offload=47.2%
[435/2700] req=1000 seed=10 cache=1   WAN=100 ilrsa_style                 mean=81.30 p95=147.95 reg=14852 peer=0 offload=0.0%
[436/2700] req=1000 seed=10 cache=2   WAN=10  registry                    mean=95.09 p95=575.00 reg=7274 peer=0 offload=0.0%
[437/2700] req=1000 seed=10 cache=2   WAN=10  dragonfly_style             mean=33.78 p95=182.70 reg=2646 peer=4628 offload=63.6%
[438/2700] req=1000 seed=10 cache=2   WAN=10  peersync_style              mean=25.44 p95=137.14 reg=1622 peer=5652 offload=77.7%
[439/2700] req=1000 seed=10 cache=2   WAN=10  metapipe_reactive_style     mean=34.31 p95=251.66 reg=3078 peer=4196 offload=57.7%
[440/2700] req=1000 seed=10 cache=2   WAN=10  ilrsa_style                 mean=126.99 p95=723.60 reg=7274 peer=0 offload=0.0%
[441/2700] req=1000 seed=10 cache=2   WAN=30  registry                    mean=31.70 p95=191.67 reg=7274 peer=0 offload=0.0%
[442/2700] req=1000 seed=10 cache=2   WAN=30  dragonfly_style             mean=11.88 p95=62.81 reg=2661 peer=4613 offload=63.4%
[443/2700] req=1000 seed=10 cache=2   WAN=30  peersync_style              mean=9.03 p95=46.92 reg=1622 peer=5652 offload=77.7%
[444/2700] req=1000 seed=10 cache=2   WAN=30  metapipe_reactive_style     mean=11.00 p95=78.81 reg=3023 peer=4251 offload=58.4%
[445/2700] req=1000 seed=10 cache=2   WAN=30  ilrsa_style                 mean=42.33 p95=241.20 reg=7274 peer=0 offload=0.0%
[446/2700] req=1000 seed=10 cache=2   WAN=100 registry                    mean=9.51 p95=57.50 reg=7274 peer=0 offload=0.0%
[447/2700] req=1000 seed=10 cache=2   WAN=100 dragonfly_style             mean=4.03 p95=23.49 reg=2703 peer=4571 offload=62.8%
[448/2700] req=1000 seed=10 cache=2   WAN=100 peersync_style              mean=3.59 p95=19.30 reg=1622 peer=5652 offload=77.7%
[449/2700] req=1000 seed=10 cache=2   WAN=100 metapipe_reactive_style     mean=3.59 p95=22.14 reg=3086 peer=4188 offload=57.6%
[450/2700] req=1000 seed=10 cache=2   WAN=100 ilrsa_style                 mean=12.70 p95=72.36 reg=7274 peer=0 offload=0.0%
[451/2700] req=1000 seed=11 cache=0.5 WAN=10  registry                    mean=909.15 p95=1567.70 reg=17146 peer=0 offload=0.0%
[452/2700] req=1000 seed=11 cache=0.5 WAN=10  dragonfly_style             mean=736.18 p95=1414.20 reg=14142 peer=3004 offload=17.5%
[453/2700] req=1000 seed=11 cache=0.5 WAN=10  peersync_style              mean=697.68 p95=1334.30 reg=13343 peer=3803 offload=22.2%
[454/2700] req=1000 seed=11 cache=0.5 WAN=10  metapipe_reactive_style     mean=555.78 p95=1165.80 reg=13432 peer=3714 offload=21.7%
[455/2700] req=1000 seed=11 cache=0.5 WAN=10  ilrsa_style                 mean=1172.26 p95=1714.30 reg=17146 peer=0 offload=0.0%
[456/2700] req=1000 seed=11 cache=0.5 WAN=30  registry                    mean=303.05 p95=522.57 reg=17146 peer=0 offload=0.0%
[457/2700] req=1000 seed=11 cache=0.5 WAN=30  dragonfly_style             mean=247.76 p95=474.67 reg=14240 peer=2906 offload=16.9%
[458/2700] req=1000 seed=11 cache=0.5 WAN=30  peersync_style              mean=232.92 p95=444.77 reg=13343 peer=3803 offload=22.2%
[459/2700] req=1000 seed=11 cache=0.5 WAN=30  metapipe_reactive_style     mean=184.61 p95=388.53 reg=13430 peer=3716 offload=21.7%
[460/2700] req=1000 seed=11 cache=0.5 WAN=30  ilrsa_style                 mean=390.75 p95=571.43 reg=17146 peer=0 offload=0.0%
[461/2700] req=1000 seed=11 cache=0.5 WAN=100 registry                    mean=90.92 p95=156.77 reg=17146 peer=0 offload=0.0%
[462/2700] req=1000 seed=11 cache=0.5 WAN=100 dragonfly_style             mean=77.28 p95=157.15 reg=14227 peer=2919 offload=17.0%
[463/2700] req=1000 seed=11 cache=0.5 WAN=100 peersync_style              mean=73.98 p95=150.90 reg=13496 peer=3650 offload=21.3%
[464/2700] req=1000 seed=11 cache=0.5 WAN=100 metapipe_reactive_style     mean=56.09 p95=125.91 reg=13430 peer=3716 offload=21.7%
[465/2700] req=1000 seed=11 cache=0.5 WAN=100 ilrsa_style                 mean=117.27 p95=172.09 reg=17146 peer=0 offload=0.0%
[466/2700] req=1000 seed=11 cache=1   WAN=10  registry                    mean=669.60 p95=1359.90 reg=13940 peer=0 offload=0.0%
[467/2700] req=1000 seed=11 cache=1   WAN=10  dragonfly_style             mean=481.13 p95=749.96 reg=8278 peer=5662 offload=40.6%
[468/2700] req=1000 seed=11 cache=1   WAN=10  peersync_style              mean=465.64 p95=679.23 reg=7292 peer=6648 offload=47.7%
[469/2700] req=1000 seed=11 cache=1   WAN=10  metapipe_reactive_style     mean=436.16 p95=712.18 reg=7527 peer=6413 offload=46.0%
[470/2700] req=1000 seed=11 cache=1   WAN=10  ilrsa_style                 mean=927.30 p95=1388.90 reg=13940 peer=0 offload=0.0%
[471/2700] req=1000 seed=11 cache=1   WAN=30  registry                    mean=223.20 p95=453.30 reg=13940 peer=0 offload=0.0%
[472/2700] req=1000 seed=11 cache=1   WAN=30  dragonfly_style             mean=164.69 p95=240.71 reg=8141 peer=5799 offload=41.6%
[473/2700] req=1000 seed=11 cache=1   WAN=30  peersync_style              mean=159.15 p95=233.65 reg=6891 peer=7049 offload=50.6%
[474/2700] req=1000 seed=11 cache=1   WAN=30  metapipe_reactive_style     mean=148.36 p95=247.10 reg=7260 peer=6680 offload=47.9%
[475/2700] req=1000 seed=11 cache=1   WAN=30  ilrsa_style                 mean=309.10 p95=462.97 reg=13940 peer=0 offload=0.0%
[476/2700] req=1000 seed=11 cache=1   WAN=100 registry                    mean=66.96 p95=135.99 reg=13940 peer=0 offload=0.0%
[477/2700] req=1000 seed=11 cache=1   WAN=100 dragonfly_style             mean=54.42 p95=95.18 reg=8376 peer=5564 offload=39.9%
[478/2700] req=1000 seed=11 cache=1   WAN=100 peersync_style              mean=53.15 p95=92.70 reg=6891 peer=7049 offload=50.6%
[479/2700] req=1000 seed=11 cache=1   WAN=100 metapipe_reactive_style     mean=48.08 p95=98.15 reg=8002 peer=5938 offload=42.6%
[480/2700] req=1000 seed=11 cache=1   WAN=100 ilrsa_style                 mean=92.74 p95=138.89 reg=13940 peer=0 offload=0.0%
[481/2700] req=1000 seed=11 cache=2   WAN=10  registry                    mean=185.94 p95=850.90 reg=9641 peer=0 offload=0.0%
[482/2700] req=1000 seed=11 cache=2   WAN=10  dragonfly_style             mean=32.38 p95=215.70 reg=2427 peer=7214 offload=74.8%
[483/2700] req=1000 seed=11 cache=2   WAN=10  peersync_style              mean=23.28 p95=117.00 reg=1187 peer=8454 offload=87.7%
[484/2700] req=1000 seed=11 cache=2   WAN=10  metapipe_reactive_style     mean=28.24 p95=155.78 reg=2087 peer=7554 offload=78.4%
[485/2700] req=1000 seed=11 cache=2   WAN=10  ilrsa_style                 mean=248.17 p95=960.90 reg=9641 peer=0 offload=0.0%
[486/2700] req=1000 seed=11 cache=2   WAN=30  registry                    mean=61.98 p95=283.63 reg=9641 peer=0 offload=0.0%
[487/2700] req=1000 seed=11 cache=2   WAN=30  dragonfly_style             mean=11.85 p95=63.34 reg=2140 peer=7501 offload=77.8%
[488/2700] req=1000 seed=11 cache=2   WAN=30  peersync_style              mean=10.27 p95=47.70 reg=1187 peer=8454 offload=87.7%
[489/2700] req=1000 seed=11 cache=2   WAN=30  metapipe_reactive_style     mean=10.74 p95=51.17 reg=2061 peer=7580 offload=78.6%
[490/2700] req=1000 seed=11 cache=2   WAN=30  ilrsa_style                 mean=82.72 p95=320.30 reg=9641 peer=0 offload=0.0%
[491/2700] req=1000 seed=11 cache=2   WAN=100 registry                    mean=18.66 p95=85.09 reg=9641 peer=0 offload=0.0%
[492/2700] req=1000 seed=11 cache=2   WAN=100 dragonfly_style             mean=9.09 p95=46.67 reg=2005 peer=7636 offload=79.2%
[493/2700] req=1000 seed=11 cache=2   WAN=100 peersync_style              mean=9.06 p95=46.67 reg=1187 peer=8454 offload=87.7%
[494/2700] req=1000 seed=11 cache=2   WAN=100 metapipe_reactive_style     mean=5.25 p95=36.00 reg=1918 peer=7723 offload=80.1%
[495/2700] req=1000 seed=11 cache=2   WAN=100 ilrsa_style                 mean=24.95 p95=98.09 reg=9641 peer=0 offload=0.0%
[496/2700] req=1000 seed=12 cache=0.5 WAN=10  registry                    mean=779.95 p95=1568.50 reg=17163 peer=0 offload=0.0%
[497/2700] req=1000 seed=12 cache=0.5 WAN=10  dragonfly_style             mean=669.70 p95=1402.20 reg=14022 peer=3141 offload=18.3%
[498/2700] req=1000 seed=12 cache=0.5 WAN=10  peersync_style              mean=629.37 p95=1140.90 reg=13183 peer=3980 offload=23.2%
[499/2700] req=1000 seed=12 cache=0.5 WAN=10  metapipe_reactive_style     mean=610.40 p95=1351.60 reg=14403 peer=2760 offload=16.1%
[500/2700] req=1000 seed=12 cache=0.5 WAN=10  ilrsa_style                 mean=1041.51 p95=1702.90 reg=17163 peer=0 offload=0.0%
[501/2700] req=1000 seed=12 cache=0.5 WAN=30  registry                    mean=259.98 p95=522.83 reg=17163 peer=0 offload=0.0%
[502/2700] req=1000 seed=12 cache=0.5 WAN=30  dragonfly_style             mean=222.24 p95=413.00 reg=14164 peer=2999 offload=17.5%
[503/2700] req=1000 seed=12 cache=0.5 WAN=30  peersync_style              mean=213.11 p95=439.53 reg=13186 peer=3977 offload=23.2%
[504/2700] req=1000 seed=12 cache=0.5 WAN=30  metapipe_reactive_style     mean=202.90 p95=449.97 reg=14386 peer=2777 offload=16.2%
[505/2700] req=1000 seed=12 cache=0.5 WAN=30  ilrsa_style                 mean=347.17 p95=567.63 reg=17163 peer=0 offload=0.0%
[506/2700] req=1000 seed=12 cache=0.5 WAN=100 registry                    mean=78.00 p95=156.85 reg=17163 peer=0 offload=0.0%
[507/2700] req=1000 seed=12 cache=0.5 WAN=100 dragonfly_style             mean=65.78 p95=123.18 reg=13954 peer=3209 offload=18.7%
[508/2700] req=1000 seed=12 cache=0.5 WAN=100 peersync_style              mean=64.89 p95=141.21 reg=13242 peer=3921 offload=22.8%
[509/2700] req=1000 seed=12 cache=0.5 WAN=100 metapipe_reactive_style     mean=60.88 p95=137.85 reg=14358 peer=2805 offload=16.3%
[510/2700] req=1000 seed=12 cache=0.5 WAN=100 ilrsa_style                 mean=104.18 p95=170.29 reg=17163 peer=0 offload=0.0%
[511/2700] req=1000 seed=12 cache=1   WAN=10  registry                    mean=448.70 p95=1156.20 reg=13074 peer=0 offload=0.0%
[512/2700] req=1000 seed=12 cache=1   WAN=10  dragonfly_style             mean=277.66 p95=663.54 reg=7145 peer=5929 offload=45.3%
[513/2700] req=1000 seed=12 cache=1   WAN=10  peersync_style              mean=246.43 p95=577.64 reg=5850 peer=7224 offload=55.3%
[514/2700] req=1000 seed=12 cache=1   WAN=10  metapipe_reactive_style     mean=265.70 p95=683.93 reg=7358 peer=5716 offload=43.7%
[515/2700] req=1000 seed=12 cache=1   WAN=10  ilrsa_style                 mean=579.77 p95=1292.20 reg=13074 peer=0 offload=0.0%
[516/2700] req=1000 seed=12 cache=1   WAN=30  registry                    mean=149.57 p95=385.40 reg=13074 peer=0 offload=0.0%
[517/2700] req=1000 seed=12 cache=1   WAN=30  dragonfly_style             mean=94.51 p95=234.62 reg=7336 peer=5738 offload=43.9%
[518/2700] req=1000 seed=12 cache=1   WAN=30  peersync_style              mean=82.69 p95=192.88 reg=5850 peer=7224 offload=55.3%
[519/2700] req=1000 seed=12 cache=1   WAN=30  metapipe_reactive_style     mean=89.24 p95=233.00 reg=7454 peer=5620 offload=43.0%
[520/2700] req=1000 seed=12 cache=1   WAN=30  ilrsa_style                 mean=193.26 p95=430.73 reg=13074 peer=0 offload=0.0%
[521/2700] req=1000 seed=12 cache=1   WAN=100 registry                    mean=44.88 p95=115.62 reg=13074 peer=0 offload=0.0%
[522/2700] req=1000 seed=12 cache=1   WAN=100 dragonfly_style             mean=28.17 p95=69.97 reg=7050 peer=6024 offload=46.1%
[523/2700] req=1000 seed=12 cache=1   WAN=100 peersync_style              mean=24.71 p95=60.03 reg=5692 peer=7382 offload=56.5%
[524/2700] req=1000 seed=12 cache=1   WAN=100 metapipe_reactive_style     mean=26.74 p95=73.18 reg=7388 peer=5686 offload=43.5%
[525/2700] req=1000 seed=12 cache=1   WAN=100 ilrsa_style                 mean=58.01 p95=129.22 reg=13074 peer=0 offload=0.0%
[526/2700] req=1000 seed=12 cache=2   WAN=10  registry                    mean=120.14 p95=611.80 reg=8210 peer=0 offload=0.0%
[527/2700] req=1000 seed=12 cache=2   WAN=10  dragonfly_style             mean=63.30 p95=258.94 reg=3635 peer=4575 offload=55.7%
[528/2700] req=1000 seed=12 cache=2   WAN=10  peersync_style              mean=45.17 p95=165.80 reg=1851 peer=6359 offload=77.5%
[529/2700] req=1000 seed=12 cache=2   WAN=10  metapipe_reactive_style     mean=49.80 p95=286.05 reg=3263 peer=4947 offload=60.3%
[530/2700] req=1000 seed=12 cache=2   WAN=10  ilrsa_style                 mean=180.47 p95=736.40 reg=8210 peer=0 offload=0.0%
[531/2700] req=1000 seed=12 cache=2   WAN=30  registry                    mean=40.05 p95=203.93 reg=8210 peer=0 offload=0.0%
[532/2700] req=1000 seed=12 cache=2   WAN=30  dragonfly_style             mean=19.30 p95=85.75 reg=3020 peer=5190 offload=63.2%
[533/2700] req=1000 seed=12 cache=2   WAN=30  peersync_style              mean=16.00 p95=59.49 reg=1851 peer=6359 offload=77.5%
[534/2700] req=1000 seed=12 cache=2   WAN=30  metapipe_reactive_style     mean=16.93 p95=97.32 reg=3328 peer=4882 offload=59.5%
[535/2700] req=1000 seed=12 cache=2   WAN=30  ilrsa_style                 mean=60.16 p95=245.47 reg=8210 peer=0 offload=0.0%
[536/2700] req=1000 seed=12 cache=2   WAN=100 registry                    mean=12.04 p95=61.18 reg=8210 peer=0 offload=0.0%
[537/2700] req=1000 seed=12 cache=2   WAN=100 dragonfly_style             mean=6.94 p95=31.97 reg=3559 peer=4651 offload=56.7%
[538/2700] req=1000 seed=12 cache=2   WAN=100 peersync_style              mean=5.94 p95=24.87 reg=1851 peer=6359 offload=77.5%
[539/2700] req=1000 seed=12 cache=2   WAN=100 metapipe_reactive_style     mean=5.42 p95=29.77 reg=3321 peer=4889 offload=59.5%
[540/2700] req=1000 seed=12 cache=2   WAN=100 ilrsa_style                 mean=18.14 p95=73.64 reg=8210 peer=0 offload=0.0%
[541/2700] req=1000 seed=13 cache=0.5 WAN=10  registry                    mean=883.44 p95=1536.80 reg=16721 peer=0 offload=0.0%
[542/2700] req=1000 seed=13 cache=0.5 WAN=10  dragonfly_style             mean=689.33 p95=1242.40 reg=14198 peer=2523 offload=15.1%
[543/2700] req=1000 seed=13 cache=0.5 WAN=10  peersync_style              mean=651.32 p95=1175.70 reg=13531 peer=3190 offload=19.1%
[544/2700] req=1000 seed=13 cache=0.5 WAN=10  metapipe_reactive_style     mean=544.55 p95=1124.20 reg=13016 peer=3705 offload=22.2%
[545/2700] req=1000 seed=13 cache=0.5 WAN=10  ilrsa_style                 mean=1198.14 p95=1639.30 reg=16721 peer=0 offload=0.0%
[546/2700] req=1000 seed=13 cache=0.5 WAN=30  registry                    mean=294.48 p95=512.27 reg=16721 peer=0 offload=0.0%
[547/2700] req=1000 seed=13 cache=0.5 WAN=30  dragonfly_style             mean=229.64 p95=414.13 reg=14198 peer=2523 offload=15.1%
[548/2700] req=1000 seed=13 cache=0.5 WAN=30  peersync_style              mean=215.04 p95=377.43 reg=13097 peer=3624 offload=21.7%
[549/2700] req=1000 seed=13 cache=0.5 WAN=30  metapipe_reactive_style     mean=182.42 p95=375.09 reg=13026 peer=3695 offload=22.1%
[550/2700] req=1000 seed=13 cache=0.5 WAN=30  ilrsa_style                 mean=399.38 p95=546.43 reg=16721 peer=0 offload=0.0%
[551/2700] req=1000 seed=13 cache=0.5 WAN=100 registry                    mean=88.40 p95=153.68 reg=16721 peer=0 offload=0.0%
[552/2700] req=1000 seed=13 cache=0.5 WAN=100 dragonfly_style             mean=71.74 p95=130.92 reg=13829 peer=2892 offload=17.3%
[553/2700] req=1000 seed=13 cache=0.5 WAN=100 peersync_style              mean=68.04 p95=124.16 reg=13154 peer=3567 offload=21.3%
[554/2700] req=1000 seed=13 cache=0.5 WAN=100 metapipe_reactive_style     mean=57.06 p95=120.94 reg=13781 peer=2940 offload=17.6%
[555/2700] req=1000 seed=13 cache=0.5 WAN=100 ilrsa_style                 mean=120.06 p95=166.10 reg=16721 peer=0 offload=0.0%
[556/2700] req=1000 seed=13 cache=1   WAN=10  registry                    mean=642.99 p95=1335.70 reg=13805 peer=0 offload=0.0%
[557/2700] req=1000 seed=13 cache=1   WAN=10  dragonfly_style             mean=383.40 p95=593.90 reg=7102 peer=6703 offload=48.6%
[558/2700] req=1000 seed=13 cache=1   WAN=10  peersync_style              mean=379.19 p95=587.70 reg=6862 peer=6943 offload=50.3%
[559/2700] req=1000 seed=13 cache=1   WAN=10  metapipe_reactive_style     mean=372.42 p95=631.23 reg=7621 peer=6184 offload=44.8%
[560/2700] req=1000 seed=13 cache=1   WAN=10  ilrsa_style                 mean=837.34 p95=1379.80 reg=13805 peer=0 offload=0.0%
[561/2700] req=1000 seed=13 cache=1   WAN=30  registry                    mean=214.33 p95=445.23 reg=13805 peer=0 offload=0.0%
[562/2700] req=1000 seed=13 cache=1   WAN=30  dragonfly_style             mean=132.71 p95=223.78 reg=6492 peer=7313 offload=53.0%
[563/2700] req=1000 seed=13 cache=1   WAN=30  peersync_style              mean=131.17 p95=221.88 reg=6139 peer=7666 offload=55.5%
[564/2700] req=1000 seed=13 cache=1   WAN=30  metapipe_reactive_style     mean=128.98 p95=238.68 reg=6798 peer=7007 offload=50.8%
[565/2700] req=1000 seed=13 cache=1   WAN=30  ilrsa_style                 mean=279.11 p95=459.93 reg=13805 peer=0 offload=0.0%
[566/2700] req=1000 seed=13 cache=1   WAN=100 registry                    mean=64.30 p95=133.57 reg=13805 peer=0 offload=0.0%
[567/2700] req=1000 seed=13 cache=1   WAN=100 dragonfly_style             mean=45.52 p95=95.76 reg=6492 peer=7313 offload=53.0%
[568/2700] req=1000 seed=13 cache=1   WAN=100 peersync_style              mean=45.14 p95=95.14 reg=6139 peer=7666 offload=55.5%
[569/2700] req=1000 seed=13 cache=1   WAN=100 metapipe_reactive_style     mean=41.83 p95=83.68 reg=6798 peer=7007 offload=50.8%
[570/2700] req=1000 seed=13 cache=1   WAN=100 ilrsa_style                 mean=83.78 p95=138.80 reg=13805 peer=0 offload=0.0%
[571/2700] req=1000 seed=13 cache=2   WAN=10  registry                    mean=139.34 p95=586.70 reg=7398 peer=0 offload=0.0%
[572/2700] req=1000 seed=13 cache=2   WAN=10  dragonfly_style             mean=50.07 p95=202.30 reg=2423 peer=4975 offload=67.2%
[573/2700] req=1000 seed=13 cache=2   WAN=10  peersync_style              mean=49.56 p95=202.20 reg=2022 peer=5376 offload=72.7%
[574/2700] req=1000 seed=13 cache=2   WAN=10  metapipe_reactive_style     mean=50.38 p95=184.56 reg=2396 peer=5002 offload=67.6%
[575/2700] req=1000 seed=13 cache=2   WAN=10  ilrsa_style                 mean=162.92 p95=610.30 reg=7398 peer=0 offload=0.0%
[576/2700] req=1000 seed=13 cache=2   WAN=30  registry                    mean=46.45 p95=195.57 reg=7398 peer=0 offload=0.0%
[577/2700] req=1000 seed=13 cache=2   WAN=30  dragonfly_style             mean=17.67 p95=67.43 reg=2423 peer=4975 offload=67.2%
[578/2700] req=1000 seed=13 cache=2   WAN=30  peersync_style              mean=17.57 p95=67.40 reg=2022 peer=5376 offload=72.7%
[579/2700] req=1000 seed=13 cache=2   WAN=30  metapipe_reactive_style     mean=17.55 p95=67.87 reg=2407 peer=4991 offload=67.5%
[580/2700] req=1000 seed=13 cache=2   WAN=30  ilrsa_style                 mean=54.31 p95=203.43 reg=7398 peer=0 offload=0.0%
[581/2700] req=1000 seed=13 cache=2   WAN=100 registry                    mean=14.10 p95=58.67 reg=7398 peer=0 offload=0.0%
[582/2700] req=1000 seed=13 cache=2   WAN=100 dragonfly_style             mean=7.28 p95=28.02 reg=2423 peer=4975 offload=67.2%
[583/2700] req=1000 seed=13 cache=2   WAN=100 peersync_style              mean=7.26 p95=27.79 reg=2022 peer=5376 offload=72.7%
[584/2700] req=1000 seed=13 cache=2   WAN=100 metapipe_reactive_style     mean=6.18 p95=29.30 reg=2407 peer=4991 offload=67.5%
[585/2700] req=1000 seed=13 cache=2   WAN=100 ilrsa_style                 mean=16.61 p95=61.03 reg=7398 peer=0 offload=0.0%
[586/2700] req=1000 seed=14 cache=0.5 WAN=10  registry                    mean=934.68 p95=1577.70 reg=16372 peer=0 offload=0.0%
[587/2700] req=1000 seed=14 cache=0.5 WAN=10  dragonfly_style             mean=641.25 p95=1146.90 reg=13243 peer=3129 offload=19.1%
[588/2700] req=1000 seed=14 cache=0.5 WAN=10  peersync_style              mean=594.85 p95=1045.20 reg=12226 peer=4146 offload=25.3%
[589/2700] req=1000 seed=14 cache=0.5 WAN=10  metapipe_reactive_style     mean=587.48 p95=1217.20 reg=13946 peer=2426 offload=14.8%
[590/2700] req=1000 seed=14 cache=0.5 WAN=10  ilrsa_style                 mean=1236.68 p95=1635.90 reg=16372 peer=0 offload=0.0%
[591/2700] req=1000 seed=14 cache=0.5 WAN=30  registry                    mean=311.56 p95=525.90 reg=16372 peer=0 offload=0.0%
[592/2700] req=1000 seed=14 cache=0.5 WAN=30  dragonfly_style             mean=213.55 p95=382.23 reg=13241 peer=3131 offload=19.1%
[593/2700] req=1000 seed=14 cache=0.5 WAN=30  peersync_style              mean=198.69 p95=348.40 reg=12226 peer=4146 offload=25.3%
[594/2700] req=1000 seed=14 cache=0.5 WAN=30  metapipe_reactive_style     mean=195.97 p95=406.17 reg=13959 peer=2413 offload=14.7%
[595/2700] req=1000 seed=14 cache=0.5 WAN=30  ilrsa_style                 mean=412.23 p95=545.30 reg=16372 peer=0 offload=0.0%
[596/2700] req=1000 seed=14 cache=0.5 WAN=100 registry                    mean=93.48 p95=157.77 reg=16372 peer=0 offload=0.0%
[597/2700] req=1000 seed=14 cache=0.5 WAN=100 dragonfly_style             mean=65.68 p95=117.60 reg=13289 peer=3083 offload=18.8%
[598/2700] req=1000 seed=14 cache=0.5 WAN=100 peersync_style              mean=62.34 p95=110.98 reg=12620 peer=3752 offload=22.9%
[599/2700] req=1000 seed=14 cache=0.5 WAN=100 metapipe_reactive_style     mean=59.54 p95=124.35 reg=14008 peer=2364 offload=14.4%
[600/2700] req=1000 seed=14 cache=0.5 WAN=100 ilrsa_style                 mean=123.73 p95=164.52 reg=16372 peer=0 offload=0.0%
[601/2700] req=1000 seed=14 cache=1   WAN=10  registry                    mean=699.93 p95=1503.20 reg=15427 peer=0 offload=0.0%
[602/2700] req=1000 seed=14 cache=1   WAN=10  dragonfly_style             mean=382.11 p95=639.09 reg=6850 peer=8577 offload=55.6%
[603/2700] req=1000 seed=14 cache=1   WAN=10  peersync_style              mean=334.99 p95=565.50 reg=5641 peer=9786 offload=63.4%
[604/2700] req=1000 seed=14 cache=1   WAN=10  metapipe_reactive_style     mean=345.30 p95=644.11 reg=6711 peer=8716 offload=56.5%
[605/2700] req=1000 seed=14 cache=1   WAN=10  ilrsa_style                 mean=859.38 p95=1532.00 reg=15427 peer=0 offload=0.0%
[606/2700] req=1000 seed=14 cache=1   WAN=30  registry                    mean=233.31 p95=501.07 reg=15427 peer=0 offload=0.0%
[607/2700] req=1000 seed=14 cache=1   WAN=30  dragonfly_style             mean=129.41 p95=233.70 reg=6850 peer=8577 offload=55.6%
[608/2700] req=1000 seed=14 cache=1   WAN=30  peersync_style              mean=113.89 p95=209.69 reg=5641 peer=9786 offload=63.4%
[609/2700] req=1000 seed=14 cache=1   WAN=30  metapipe_reactive_style     mean=117.11 p95=236.92 reg=6711 peer=8716 offload=56.5%
[610/2700] req=1000 seed=14 cache=1   WAN=30  ilrsa_style                 mean=286.46 p95=510.67 reg=15427 peer=0 offload=0.0%
[611/2700] req=1000 seed=14 cache=1   WAN=100 registry                    mean=70.00 p95=150.32 reg=15427 peer=0 offload=0.0%
[612/2700] req=1000 seed=14 cache=1   WAN=100 dragonfly_style             mean=42.58 p95=91.95 reg=6940 peer=8487 offload=55.0%
[613/2700] req=1000 seed=14 cache=1   WAN=100 peersync_style              mean=36.70 p95=85.47 reg=5641 peer=9786 offload=63.4%
[614/2700] req=1000 seed=14 cache=1   WAN=100 metapipe_reactive_style     mean=36.49 p95=91.27 reg=6816 peer=8611 offload=55.8%
[615/2700] req=1000 seed=14 cache=1   WAN=100 ilrsa_style                 mean=85.95 p95=153.20 reg=15427 peer=0 offload=0.0%
[616/2700] req=1000 seed=14 cache=2   WAN=10  registry                    mean=167.63 p95=665.00 reg=7340 peer=0 offload=0.0%
[617/2700] req=1000 seed=14 cache=2   WAN=10  dragonfly_style             mean=59.87 p95=256.93 reg=2852 peer=4488 offload=61.1%
[618/2700] req=1000 seed=14 cache=2   WAN=10  peersync_style              mean=55.69 p95=234.10 reg=2401 peer=4939 offload=67.3%
[619/2700] req=1000 seed=14 cache=2   WAN=10  metapipe_reactive_style     mean=50.81 p95=261.90 reg=2619 peer=4721 offload=64.3%
[620/2700] req=1000 seed=14 cache=2   WAN=10  ilrsa_style                 mean=206.41 p95=728.50 reg=7340 peer=0 offload=0.0%
[621/2700] req=1000 seed=14 cache=2   WAN=30  registry                    mean=55.88 p95=221.67 reg=7340 peer=0 offload=0.0%
[622/2700] req=1000 seed=14 cache=2   WAN=30  dragonfly_style             mean=20.16 p95=87.00 reg=2627 peer=4713 offload=64.2%
[623/2700] req=1000 seed=14 cache=2   WAN=30  peersync_style              mean=18.81 p95=77.18 reg=2401 peer=4939 offload=67.3%
[624/2700] req=1000 seed=14 cache=2   WAN=30  metapipe_reactive_style     mean=17.48 p95=87.30 reg=2619 peer=4721 offload=64.3%
[625/2700] req=1000 seed=14 cache=2   WAN=30  ilrsa_style                 mean=68.80 p95=242.83 reg=7340 peer=0 offload=0.0%
[626/2700] req=1000 seed=14 cache=2   WAN=100 registry                    mean=16.77 p95=66.50 reg=7340 peer=0 offload=0.0%
[627/2700] req=1000 seed=14 cache=2   WAN=100 dragonfly_style             mean=6.78 p95=24.44 reg=2623 peer=4717 offload=64.3%
[628/2700] req=1000 seed=14 cache=2   WAN=100 peersync_style              mean=6.71 p95=24.71 reg=2401 peer=4939 offload=67.3%
[629/2700] req=1000 seed=14 cache=2   WAN=100 metapipe_reactive_style     mean=5.76 p95=26.57 reg=2619 peer=4721 offload=64.3%
[630/2700] req=1000 seed=14 cache=2   WAN=100 ilrsa_style                 mean=20.65 p95=72.99 reg=7340 peer=0 offload=0.0%
[631/2700] req=1000 seed=15 cache=0.5 WAN=10  registry                    mean=853.08 p95=1558.70 reg=17055 peer=0 offload=0.0%
[632/2700] req=1000 seed=15 cache=0.5 WAN=10  dragonfly_style             mean=687.48 p95=1221.20 reg=14873 peer=2182 offload=12.8%
[633/2700] req=1000 seed=15 cache=0.5 WAN=10  peersync_style              mean=667.21 p95=1175.00 reg=14411 peer=2644 offload=15.5%
[634/2700] req=1000 seed=15 cache=0.5 WAN=10  metapipe_reactive_style     mean=586.03 p95=1315.40 reg=15815 peer=1240 offload=7.3%
[635/2700] req=1000 seed=15 cache=0.5 WAN=10  ilrsa_style                 mean=1149.51 p95=1703.70 reg=17055 peer=0 offload=0.0%
[636/2700] req=1000 seed=15 cache=0.5 WAN=30  registry                    mean=284.36 p95=519.57 reg=17055 peer=0 offload=0.0%
[637/2700] req=1000 seed=15 cache=0.5 WAN=30  dragonfly_style             mean=229.13 p95=407.07 reg=14873 peer=2182 offload=12.8%
[638/2700] req=1000 seed=15 cache=0.5 WAN=30  peersync_style              mean=223.32 p95=391.67 reg=14411 peer=2644 offload=15.5%
[639/2700] req=1000 seed=15 cache=0.5 WAN=30  metapipe_reactive_style     mean=196.07 p95=439.57 reg=15848 peer=1207 offload=7.1%
[640/2700] req=1000 seed=15 cache=0.5 WAN=30  ilrsa_style                 mean=383.17 p95=567.90 reg=17055 peer=0 offload=0.0%
[641/2700] req=1000 seed=15 cache=0.5 WAN=100 registry                    mean=85.32 p95=155.87 reg=17055 peer=0 offload=0.0%
[642/2700] req=1000 seed=15 cache=0.5 WAN=100 dragonfly_style             mean=69.80 p95=127.54 reg=14953 peer=2102 offload=12.3%
[643/2700] req=1000 seed=15 cache=0.5 WAN=100 peersync_style              mean=67.89 p95=122.70 reg=14422 peer=2633 offload=15.4%
[644/2700] req=1000 seed=15 cache=0.5 WAN=100 metapipe_reactive_style     mean=59.34 p95=135.59 reg=15872 peer=1183 offload=6.9%
[645/2700] req=1000 seed=15 cache=0.5 WAN=100 ilrsa_style                 mean=115.01 p95=171.42 reg=17055 peer=0 offload=0.0%
[646/2700] req=1000 seed=15 cache=1   WAN=10  registry                    mean=596.34 p95=1382.60 reg=15470 peer=0 offload=0.0%
[647/2700] req=1000 seed=15 cache=1   WAN=10  dragonfly_style             mean=367.35 p95=783.59 reg=7976 peer=7494 offload=48.4%
[648/2700] req=1000 seed=15 cache=1   WAN=10  peersync_style              mean=356.15 p95=729.60 reg=7228 peer=8242 offload=53.3%
[649/2700] req=1000 seed=15 cache=1   WAN=10  metapipe_reactive_style     mean=343.10 p95=795.10 reg=7951 peer=7519 offload=48.6%
[650/2700] req=1000 seed=15 cache=1   WAN=10  ilrsa_style                 mean=893.42 p95=1543.20 reg=15470 peer=0 offload=0.0%
[651/2700] req=1000 seed=15 cache=1   WAN=30  registry                    mean=198.78 p95=460.87 reg=15470 peer=0 offload=0.0%
[652/2700] req=1000 seed=15 cache=1   WAN=30  dragonfly_style             mean=123.62 p95=265.07 reg=7952 peer=7518 offload=48.6%
[653/2700] req=1000 seed=15 cache=1   WAN=30  peersync_style              mean=120.25 p95=247.57 reg=7228 peer=8242 offload=53.3%
[654/2700] req=1000 seed=15 cache=1   WAN=30  metapipe_reactive_style     mean=115.03 p95=265.03 reg=7951 peer=7519 offload=48.6%
[655/2700] req=1000 seed=15 cache=1   WAN=30  ilrsa_style                 mean=297.81 p95=514.40 reg=15470 peer=0 offload=0.0%
[656/2700] req=1000 seed=15 cache=1   WAN=100 registry                    mean=59.68 p95=138.26 reg=15470 peer=0 offload=0.0%
[657/2700] req=1000 seed=15 cache=1   WAN=100 dragonfly_style             mean=39.13 p95=86.96 reg=8228 peer=7242 offload=46.8%
[658/2700] req=1000 seed=15 cache=1   WAN=100 peersync_style              mean=38.19 p95=83.04 reg=7512 peer=7958 offload=51.4%
[659/2700] req=1000 seed=15 cache=1   WAN=100 metapipe_reactive_style     mean=35.57 p95=92.17 reg=7661 peer=7809 offload=50.5%
[660/2700] req=1000 seed=15 cache=1   WAN=100 ilrsa_style                 mean=89.55 p95=157.07 reg=15470 peer=0 offload=0.0%
[661/2700] req=1000 seed=15 cache=2   WAN=10  registry                    mean=79.38 p95=496.50 reg=5939 peer=0 offload=0.0%
[662/2700] req=1000 seed=15 cache=2   WAN=10  dragonfly_style             mean=26.80 p95=151.98 reg=1699 peer=4240 offload=71.4%
[663/2700] req=1000 seed=15 cache=2   WAN=10  peersync_style              mean=26.30 p95=150.27 reg=1680 peer=4259 offload=71.7%
[664/2700] req=1000 seed=15 cache=2   WAN=10  metapipe_reactive_style     mean=24.53 p95=158.54 reg=1715 peer=4224 offload=71.1%
[665/2700] req=1000 seed=15 cache=2   WAN=10  ilrsa_style                 mean=121.16 p95=573.10 reg=5939 peer=0 offload=0.0%
[666/2700] req=1000 seed=15 cache=2   WAN=30  registry                    mean=26.46 p95=165.50 reg=5939 peer=0 offload=0.0%
[667/2700] req=1000 seed=15 cache=2   WAN=30  dragonfly_style             mean=9.38 p95=50.51 reg=1699 peer=4240 offload=71.4%
[668/2700] req=1000 seed=15 cache=2   WAN=30  peersync_style              mean=9.21 p95=49.94 reg=1680 peer=4259 offload=71.7%
[669/2700] req=1000 seed=15 cache=2   WAN=30  metapipe_reactive_style     mean=8.53 p95=52.87 reg=1715 peer=4224 offload=71.1%
[670/2700] req=1000 seed=15 cache=2   WAN=30  ilrsa_style                 mean=40.39 p95=191.03 reg=5939 peer=0 offload=0.0%
[671/2700] req=1000 seed=15 cache=2   WAN=100 registry                    mean=7.95 p95=49.65 reg=5939 peer=0 offload=0.0%
[672/2700] req=1000 seed=15 cache=2   WAN=100 dragonfly_style             mean=3.37 p95=17.37 reg=1701 peer=4238 offload=71.4%
[673/2700] req=1000 seed=15 cache=2   WAN=100 peersync_style              mean=3.30 p95=15.36 reg=1680 peer=4259 offload=71.7%
[674/2700] req=1000 seed=15 cache=2   WAN=100 metapipe_reactive_style     mean=3.02 p95=15.85 reg=1715 peer=4224 offload=71.1%
[675/2700] req=1000 seed=15 cache=2   WAN=100 ilrsa_style                 mean=12.14 p95=57.31 reg=5939 peer=0 offload=0.0%
[676/2700] req=1000 seed=16 cache=0.5 WAN=10  registry                    mean=908.82 p95=1594.80 reg=16909 peer=0 offload=0.0%
[677/2700] req=1000 seed=16 cache=0.5 WAN=10  dragonfly_style             mean=699.59 p95=1324.80 reg=14135 peer=2774 offload=16.4%
[678/2700] req=1000 seed=16 cache=0.5 WAN=10  peersync_style              mean=671.45 p95=1265.30 reg=13540 peer=3369 offload=19.9%
[679/2700] req=1000 seed=16 cache=0.5 WAN=10  metapipe_reactive_style     mean=607.61 p95=1260.10 reg=13488 peer=3421 offload=20.2%
[680/2700] req=1000 seed=16 cache=0.5 WAN=10  ilrsa_style                 mean=1202.45 p95=1687.80 reg=16909 peer=0 offload=0.0%
[681/2700] req=1000 seed=16 cache=0.5 WAN=30  registry                    mean=302.94 p95=531.60 reg=16909 peer=0 offload=0.0%
[682/2700] req=1000 seed=16 cache=0.5 WAN=30  dragonfly_style             mean=233.41 p95=441.60 reg=14135 peer=2774 offload=16.4%
[683/2700] req=1000 seed=16 cache=0.5 WAN=30  peersync_style              mean=225.24 p95=425.20 reg=13643 peer=3266 offload=19.3%
[684/2700] req=1000 seed=16 cache=0.5 WAN=30  metapipe_reactive_style     mean=198.91 p95=420.00 reg=13487 peer=3422 offload=20.2%
[685/2700] req=1000 seed=16 cache=0.5 WAN=30  ilrsa_style                 mean=400.82 p95=562.60 reg=16909 peer=0 offload=0.0%
[686/2700] req=1000 seed=16 cache=0.5 WAN=100 registry                    mean=90.91 p95=159.48 reg=16909 peer=0 offload=0.0%
[687/2700] req=1000 seed=16 cache=0.5 WAN=100 dragonfly_style             mean=67.42 p95=131.10 reg=13834 peer=3075 offload=18.2%
[688/2700] req=1000 seed=16 cache=0.5 WAN=100 peersync_style              mean=63.76 p95=121.61 reg=12810 peer=4099 offload=24.2%
[689/2700] req=1000 seed=16 cache=0.5 WAN=100 metapipe_reactive_style     mean=60.04 p95=118.67 reg=13438 peer=3471 offload=20.5%
[690/2700] req=1000 seed=16 cache=0.5 WAN=100 ilrsa_style                 mean=120.39 p95=170.93 reg=16909 peer=0 offload=0.0%
[691/2700] req=1000 seed=16 cache=1   WAN=10  registry                    mean=795.40 p95=1528.20 reg=15891 peer=0 offload=0.0%
[692/2700] req=1000 seed=16 cache=1   WAN=10  dragonfly_style             mean=497.74 p95=829.02 reg=8662 peer=7229 offload=45.5%
[693/2700] req=1000 seed=16 cache=1   WAN=10  peersync_style              mean=458.09 p95=654.70 reg=6785 peer=9106 offload=57.3%
[694/2700] req=1000 seed=16 cache=1   WAN=10  metapipe_reactive_style     mean=445.73 p95=773.57 reg=9066 peer=6825 offload=42.9%
[695/2700] req=1000 seed=16 cache=1   WAN=10  ilrsa_style                 mean=962.93 p95=1584.80 reg=15891 peer=0 offload=0.0%
[696/2700] req=1000 seed=16 cache=1   WAN=30  registry                    mean=265.13 p95=509.40 reg=15891 peer=0 offload=0.0%
[697/2700] req=1000 seed=16 cache=1   WAN=30  dragonfly_style             mean=169.13 p95=266.75 reg=8459 peer=7432 offload=46.8%
[698/2700] req=1000 seed=16 cache=1   WAN=30  peersync_style              mean=156.76 p95=225.85 reg=6674 peer=9217 offload=58.0%
[699/2700] req=1000 seed=16 cache=1   WAN=30  metapipe_reactive_style     mean=149.58 p95=267.79 reg=9013 peer=6878 offload=43.3%
[700/2700] req=1000 seed=16 cache=1   WAN=30  ilrsa_style                 mean=320.98 p95=528.27 reg=15891 peer=0 offload=0.0%
[701/2700] req=1000 seed=16 cache=1   WAN=100 registry                    mean=79.56 p95=152.82 reg=15891 peer=0 offload=0.0%
[702/2700] req=1000 seed=16 cache=1   WAN=100 dragonfly_style             mean=55.58 p95=89.26 reg=8039 peer=7852 offload=49.4%
[703/2700] req=1000 seed=16 cache=1   WAN=100 peersync_style              mean=53.96 p95=87.30 reg=7208 peer=8683 offload=54.6%
[704/2700] req=1000 seed=16 cache=1   WAN=100 metapipe_reactive_style     mean=46.05 p95=84.64 reg=8929 peer=6962 offload=43.8%
[705/2700] req=1000 seed=16 cache=1   WAN=100 ilrsa_style                 mean=96.40 p95=159.95 reg=15891 peer=0 offload=0.0%
[706/2700] req=1000 seed=16 cache=2   WAN=10  registry                    mean=112.02 p95=492.80 reg=6579 peer=0 offload=0.0%
[707/2700] req=1000 seed=16 cache=2   WAN=10  dragonfly_style             mean=56.40 p95=238.91 reg=2388 peer=4191 offload=63.7%
[708/2700] req=1000 seed=16 cache=2   WAN=10  peersync_style              mean=54.12 p95=230.01 reg=2299 peer=4280 offload=65.1%
[709/2700] req=1000 seed=16 cache=2   WAN=10  metapipe_reactive_style     mean=54.92 p95=229.90 reg=2299 peer=4280 offload=65.1%
[710/2700] req=1000 seed=16 cache=2   WAN=10  ilrsa_style                 mean=146.68 p95=533.30 reg=6579 peer=0 offload=0.0%
[711/2700] req=1000 seed=16 cache=2   WAN=30  registry                    mean=37.34 p95=164.27 reg=6579 peer=0 offload=0.0%
[712/2700] req=1000 seed=16 cache=2   WAN=30  dragonfly_style             mean=19.27 p95=79.71 reg=2388 peer=4191 offload=63.7%
[713/2700] req=1000 seed=16 cache=2   WAN=30  peersync_style              mean=18.56 p95=76.75 reg=2299 peer=4280 offload=65.1%
[714/2700] req=1000 seed=16 cache=2   WAN=30  metapipe_reactive_style     mean=18.83 p95=76.63 reg=2299 peer=4280 offload=65.1%
[715/2700] req=1000 seed=16 cache=2   WAN=30  ilrsa_style                 mean=48.89 p95=177.77 reg=6579 peer=0 offload=0.0%
[716/2700] req=1000 seed=16 cache=2   WAN=100 registry                    mean=11.32 p95=49.28 reg=6579 peer=0 offload=0.0%
[717/2700] req=1000 seed=16 cache=2   WAN=100 dragonfly_style             mean=6.58 p95=28.54 reg=2388 peer=4191 offload=63.7%
[718/2700] req=1000 seed=16 cache=2   WAN=100 peersync_style              mean=6.31 p95=27.71 reg=2299 peer=4280 offload=65.1%
[719/2700] req=1000 seed=16 cache=2   WAN=100 metapipe_reactive_style     mean=6.42 p95=27.90 reg=2328 peer=4251 offload=64.6%
[720/2700] req=1000 seed=16 cache=2   WAN=100 ilrsa_style                 mean=15.01 p95=53.33 reg=6579 peer=0 offload=0.0%
[721/2700] req=1000 seed=17 cache=0.5 WAN=10  registry                    mean=809.21 p95=1478.50 reg=15345 peer=0 offload=0.0%
[722/2700] req=1000 seed=17 cache=0.5 WAN=10  dragonfly_style             mean=650.72 p95=1315.30 reg=13153 peer=2192 offload=14.3%
[723/2700] req=1000 seed=17 cache=0.5 WAN=10  peersync_style              mean=608.26 p95=1209.10 reg=12091 peer=3254 offload=21.2%
[724/2700] req=1000 seed=17 cache=0.5 WAN=10  metapipe_reactive_style     mean=552.25 p95=1170.00 reg=12587 peer=2758 offload=18.0%
[725/2700] req=1000 seed=17 cache=0.5 WAN=10  ilrsa_style                 mean=1085.46 p95=1533.50 reg=15345 peer=0 offload=0.0%
[726/2700] req=1000 seed=17 cache=0.5 WAN=30  registry                    mean=269.74 p95=492.83 reg=15345 peer=0 offload=0.0%
[727/2700] req=1000 seed=17 cache=0.5 WAN=30  dragonfly_style             mean=213.97 p95=438.43 reg=13153 peer=2192 offload=14.3%
[728/2700] req=1000 seed=17 cache=0.5 WAN=30  peersync_style              mean=209.42 p95=412.57 reg=12377 peer=2968 offload=19.3%
[729/2700] req=1000 seed=17 cache=0.5 WAN=30  metapipe_reactive_style     mean=183.86 p95=390.00 reg=12587 peer=2758 offload=18.0%
[730/2700] req=1000 seed=17 cache=0.5 WAN=30  ilrsa_style                 mean=361.82 p95=511.17 reg=15345 peer=0 offload=0.0%
[731/2700] req=1000 seed=17 cache=0.5 WAN=100 registry                    mean=80.93 p95=147.85 reg=15345 peer=0 offload=0.0%
[732/2700] req=1000 seed=17 cache=0.5 WAN=100 dragonfly_style             mean=66.61 p95=141.81 reg=13435 peer=1910 offload=12.4%
[733/2700] req=1000 seed=17 cache=0.5 WAN=100 peersync_style              mean=63.51 p95=134.06 reg=12616 peer=2729 offload=17.8%
[734/2700] req=1000 seed=17 cache=0.5 WAN=100 metapipe_reactive_style     mean=55.53 p95=125.09 reg=12581 peer=2764 offload=18.0%
[735/2700] req=1000 seed=17 cache=0.5 WAN=100 ilrsa_style                 mean=108.62 p95=154.51 reg=15345 peer=0 offload=0.0%
[736/2700] req=1000 seed=17 cache=1   WAN=10  registry                    mean=705.58 p95=1340.60 reg=14305 peer=0 offload=0.0%
[737/2700] req=1000 seed=17 cache=1   WAN=10  dragonfly_style             mean=428.59 p95=684.62 reg=7662 peer=6643 offload=46.4%
[738/2700] req=1000 seed=17 cache=1   WAN=10  peersync_style              mean=405.86 p95=578.20 reg=6132 peer=8173 offload=57.1%
[739/2700] req=1000 seed=17 cache=1   WAN=10  metapipe_reactive_style     mean=396.13 p95=693.15 reg=6786 peer=7519 offload=52.6%
[740/2700] req=1000 seed=17 cache=1   WAN=10  ilrsa_style                 mean=789.88 p95=1425.20 reg=14305 peer=0 offload=0.0%
[741/2700] req=1000 seed=17 cache=1   WAN=30  registry                    mean=235.19 p95=446.87 reg=14305 peer=0 offload=0.0%
[742/2700] req=1000 seed=17 cache=1   WAN=30  dragonfly_style             mean=147.90 p95=223.49 reg=7320 peer=6985 offload=48.8%
[743/2700] req=1000 seed=17 cache=1   WAN=30  peersync_style              mean=142.06 p95=215.56 reg=5980 peer=8325 offload=58.2%
[744/2700] req=1000 seed=17 cache=1   WAN=30  metapipe_reactive_style     mean=133.73 p95=246.60 reg=6786 peer=7519 offload=52.6%
[745/2700] req=1000 seed=17 cache=1   WAN=30  ilrsa_style                 mean=263.29 p95=475.07 reg=14305 peer=0 offload=0.0%
[746/2700] req=1000 seed=17 cache=1   WAN=100 registry                    mean=70.56 p95=134.06 reg=14305 peer=0 offload=0.0%
[747/2700] req=1000 seed=17 cache=1   WAN=100 dragonfly_style             mean=51.16 p95=90.18 reg=7348 peer=6957 offload=48.6%
[748/2700] req=1000 seed=17 cache=1   WAN=100 peersync_style              mean=49.66 p95=87.98 reg=6351 peer=7954 offload=55.6%
[749/2700] req=1000 seed=17 cache=1   WAN=100 metapipe_reactive_style     mean=41.43 p95=86.65 reg=6786 peer=7519 offload=52.6%
[750/2700] req=1000 seed=17 cache=1   WAN=100 ilrsa_style                 mean=78.99 p95=142.52 reg=14305 peer=0 offload=0.0%
[751/2700] req=1000 seed=17 cache=2   WAN=10  registry                    mean=84.09 p95=456.20 reg=5682 peer=0 offload=0.0%
[752/2700] req=1000 seed=17 cache=2   WAN=10  dragonfly_style             mean=29.79 p95=182.42 reg=2129 peer=3553 offload=62.5%
[753/2700] req=1000 seed=17 cache=2   WAN=10  peersync_style              mean=29.02 p95=176.98 reg=2079 peer=3603 offload=63.4%
[754/2700] req=1000 seed=17 cache=2   WAN=10  metapipe_reactive_style     mean=28.78 p95=182.03 reg=2082 peer=3600 offload=63.4%
[755/2700] req=1000 seed=17 cache=2   WAN=10  ilrsa_style                 mean=124.10 p95=554.00 reg=5682 peer=0 offload=0.0%
[756/2700] req=1000 seed=17 cache=2   WAN=30  registry                    mean=28.03 p95=152.07 reg=5682 peer=0 offload=0.0%
[757/2700] req=1000 seed=17 cache=2   WAN=30  dragonfly_style             mean=10.32 p95=61.66 reg=2129 peer=3553 offload=62.5%
[758/2700] req=1000 seed=17 cache=2   WAN=30  peersync_style              mean=10.05 p95=61.23 reg=2079 peer=3603 offload=63.4%
[759/2700] req=1000 seed=17 cache=2   WAN=30  metapipe_reactive_style     mean=10.20 p95=63.75 reg=2082 peer=3600 offload=63.4%
[760/2700] req=1000 seed=17 cache=2   WAN=30  ilrsa_style                 mean=41.37 p95=184.67 reg=5682 peer=0 offload=0.0%
[761/2700] req=1000 seed=17 cache=2   WAN=100 registry                    mean=8.41 p95=45.62 reg=5682 peer=0 offload=0.0%
[762/2700] req=1000 seed=17 cache=2   WAN=100 dragonfly_style             mean=3.62 p95=19.57 reg=2333 peer=3349 offload=58.9%
[763/2700] req=1000 seed=17 cache=2   WAN=100 peersync_style              mean=3.38 p95=17.76 reg=2079 peer=3603 offload=63.4%
[764/2700] req=1000 seed=17 cache=2   WAN=100 metapipe_reactive_style     mean=3.79 p95=21.06 reg=2439 peer=3243 offload=57.1%
[765/2700] req=1000 seed=17 cache=2   WAN=100 ilrsa_style                 mean=12.41 p95=55.40 reg=5682 peer=0 offload=0.0%
[766/2700] req=1000 seed=18 cache=0.5 WAN=10  registry                    mean=806.68 p95=1396.60 reg=14574 peer=0 offload=0.0%
[767/2700] req=1000 seed=18 cache=0.5 WAN=10  dragonfly_style             mean=563.82 p95=957.69 reg=11426 peer=3148 offload=21.6%
[768/2700] req=1000 seed=18 cache=0.5 WAN=10  peersync_style              mean=544.17 p95=918.30 reg=10957 peer=3617 offload=24.8%
[769/2700] req=1000 seed=18 cache=0.5 WAN=10  metapipe_reactive_style     mean=532.19 p95=975.90 reg=11533 peer=3041 offload=20.9%
[770/2700] req=1000 seed=18 cache=0.5 WAN=10  ilrsa_style                 mean=1053.19 p95=1454.60 reg=14574 peer=0 offload=0.0%
[771/2700] req=1000 seed=18 cache=0.5 WAN=30  registry                    mean=268.89 p95=465.53 reg=14574 peer=0 offload=0.0%
[772/2700] req=1000 seed=18 cache=0.5 WAN=30  dragonfly_style             mean=187.51 p95=318.82 reg=11426 peer=3148 offload=21.6%
[773/2700] req=1000 seed=18 cache=0.5 WAN=30  peersync_style              mean=180.98 p95=305.70 reg=10957 peer=3617 offload=24.8%
[774/2700] req=1000 seed=18 cache=0.5 WAN=30  metapipe_reactive_style     mean=177.26 p95=325.30 reg=11533 peer=3041 offload=20.9%
[775/2700] req=1000 seed=18 cache=0.5 WAN=30  ilrsa_style                 mean=351.06 p95=484.87 reg=14574 peer=0 offload=0.0%
[776/2700] req=1000 seed=18 cache=0.5 WAN=100 registry                    mean=80.67 p95=139.66 reg=14574 peer=0 offload=0.0%
[777/2700] req=1000 seed=18 cache=0.5 WAN=100 dragonfly_style             mean=58.67 p95=99.85 reg=11844 peer=2730 offload=18.7%
[778/2700] req=1000 seed=18 cache=0.5 WAN=100 peersync_style              mean=55.16 p95=91.89 reg=10934 peer=3640 offload=25.0%
[779/2700] req=1000 seed=18 cache=0.5 WAN=100 metapipe_reactive_style     mean=53.57 p95=98.14 reg=11557 peer=3017 offload=20.7%
[780/2700] req=1000 seed=18 cache=0.5 WAN=100 ilrsa_style                 mean=105.32 p95=145.46 reg=14574 peer=0 offload=0.0%
[781/2700] req=1000 seed=18 cache=1   WAN=10  registry                    mean=692.70 p95=1357.00 reg=14029 peer=0 offload=0.0%
[782/2700] req=1000 seed=18 cache=1   WAN=10  dragonfly_style             mean=459.91 p95=763.10 reg=8219 peer=5810 offload=41.4%
[783/2700] req=1000 seed=18 cache=1   WAN=10  peersync_style              mean=443.69 p95=657.09 reg=6622 peer=7407 offload=52.8%
[784/2700] req=1000 seed=18 cache=1   WAN=10  metapipe_reactive_style     mean=419.59 p95=754.56 reg=7701 peer=6328 offload=45.1%
[785/2700] req=1000 seed=18 cache=1   WAN=10  ilrsa_style                 mean=848.86 p95=1380.30 reg=14029 peer=0 offload=0.0%
[786/2700] req=1000 seed=18 cache=1   WAN=30  registry                    mean=230.90 p95=452.33 reg=14029 peer=0 offload=0.0%
[787/2700] req=1000 seed=18 cache=1   WAN=30  dragonfly_style             mean=154.47 p95=240.10 reg=7965 peer=6064 offload=43.2%
[788/2700] req=1000 seed=18 cache=1   WAN=30  peersync_style              mean=150.74 p95=236.26 reg=6622 peer=7407 offload=52.8%
[789/2700] req=1000 seed=18 cache=1   WAN=30  metapipe_reactive_style     mean=140.17 p95=255.42 reg=7701 peer=6328 offload=45.1%
[790/2700] req=1000 seed=18 cache=1   WAN=30  ilrsa_style                 mean=282.95 p95=460.10 reg=14029 peer=0 offload=0.0%
[791/2700] req=1000 seed=18 cache=1   WAN=100 registry                    mean=69.30 p95=135.70 reg=14029 peer=0 offload=0.0%
[792/2700] req=1000 seed=18 cache=1   WAN=100 dragonfly_style             mean=47.96 p95=86.44 reg=7965 peer=6064 offload=43.2%
[793/2700] req=1000 seed=18 cache=1   WAN=100 peersync_style              mean=47.85 p95=87.27 reg=6622 peer=7407 offload=52.8%
[794/2700] req=1000 seed=18 cache=1   WAN=100 metapipe_reactive_style     mean=44.02 p95=90.38 reg=7694 peer=6335 offload=45.2%
[795/2700] req=1000 seed=18 cache=1   WAN=100 ilrsa_style                 mean=84.98 p95=138.65 reg=14029 peer=0 offload=0.0%
[796/2700] req=1000 seed=18 cache=2   WAN=10  registry                    mean=184.41 p95=801.10 reg=9369 peer=0 offload=0.0%
[797/2700] req=1000 seed=18 cache=2   WAN=10  dragonfly_style             mean=53.94 p95=220.33 reg=2756 peer=6613 offload=70.6%
[798/2700] req=1000 seed=18 cache=2   WAN=10  peersync_style              mean=34.64 p95=157.12 reg=1955 peer=7414 offload=79.1%
[799/2700] req=1000 seed=18 cache=2   WAN=10  metapipe_reactive_style     mean=48.00 p95=208.59 reg=2740 peer=6629 offload=70.8%
[800/2700] req=1000 seed=18 cache=2   WAN=10  ilrsa_style                 mean=239.48 p95=915.80 reg=9369 peer=0 offload=0.0%
[801/2700] req=1000 seed=18 cache=2   WAN=30  registry                    mean=61.47 p95=267.03 reg=9369 peer=0 offload=0.0%
[802/2700] req=1000 seed=18 cache=2   WAN=30  dragonfly_style             mean=19.03 p95=79.23 reg=2997 peer=6372 offload=68.0%
[803/2700] req=1000 seed=18 cache=2   WAN=30  peersync_style              mean=13.00 p95=52.94 reg=1955 peer=7414 offload=79.1%
[804/2700] req=1000 seed=18 cache=2   WAN=30  metapipe_reactive_style     mean=17.51 p95=71.75 reg=2571 peer=6798 offload=72.6%
[805/2700] req=1000 seed=18 cache=2   WAN=30  ilrsa_style                 mean=79.83 p95=305.27 reg=9369 peer=0 offload=0.0%
[806/2700] req=1000 seed=18 cache=2   WAN=100 registry                    mean=18.44 p95=80.11 reg=9369 peer=0 offload=0.0%
[807/2700] req=1000 seed=18 cache=2   WAN=100 dragonfly_style             mean=6.34 p95=27.12 reg=3412 peer=5957 offload=63.6%
[808/2700] req=1000 seed=18 cache=2   WAN=100 peersync_style              mean=5.62 p95=25.87 reg=1955 peer=7414 offload=79.1%
[809/2700] req=1000 seed=18 cache=2   WAN=100 metapipe_reactive_style     mean=6.01 p95=27.27 reg=3097 peer=6272 offload=66.9%
[810/2700] req=1000 seed=18 cache=2   WAN=100 ilrsa_style                 mean=23.97 p95=91.58 reg=9369 peer=0 offload=0.0%
[811/2700] req=1000 seed=19 cache=0.5 WAN=10  registry                    mean=779.01 p95=1411.30 reg=15446 peer=0 offload=0.0%
[812/2700] req=1000 seed=19 cache=0.5 WAN=10  dragonfly_style             mean=631.72 p95=1242.32 reg=13462 peer=1984 offload=12.8%
[813/2700] req=1000 seed=19 cache=0.5 WAN=10  peersync_style              mean=612.06 p95=1167.66 reg=12828 peer=2618 offload=16.9%
[814/2700] req=1000 seed=19 cache=0.5 WAN=10  metapipe_reactive_style     mean=573.51 p95=1179.86 reg=13244 peer=2202 offload=14.3%
[815/2700] req=1000 seed=19 cache=0.5 WAN=10  ilrsa_style                 mean=1045.04 p95=1542.70 reg=15446 peer=0 offload=0.0%
[816/2700] req=1000 seed=19 cache=0.5 WAN=30  registry                    mean=259.67 p95=470.43 reg=15446 peer=0 offload=0.0%
[817/2700] req=1000 seed=19 cache=0.5 WAN=30  dragonfly_style             mean=210.48 p95=414.88 reg=13462 peer=1984 offload=12.8%
[818/2700] req=1000 seed=19 cache=0.5 WAN=30  peersync_style              mean=203.24 p95=389.59 reg=12800 peer=2646 offload=17.1%
[819/2700] req=1000 seed=19 cache=0.5 WAN=30  metapipe_reactive_style     mean=191.01 p95=397.52 reg=13244 peer=2202 offload=14.3%
[820/2700] req=1000 seed=19 cache=0.5 WAN=30  ilrsa_style                 mean=348.35 p95=514.23 reg=15446 peer=0 offload=0.0%
[821/2700] req=1000 seed=19 cache=0.5 WAN=100 registry                    mean=77.92 p95=141.13 reg=15446 peer=0 offload=0.0%
[822/2700] req=1000 seed=19 cache=0.5 WAN=100 dragonfly_style             mean=63.99 p95=126.22 reg=13556 peer=1890 offload=12.2%
[823/2700] req=1000 seed=19 cache=0.5 WAN=100 peersync_style              mean=61.28 p95=118.22 reg=12800 peer=2646 offload=17.1%
[824/2700] req=1000 seed=19 cache=0.5 WAN=100 metapipe_reactive_style     mean=57.61 p95=123.65 reg=13240 peer=2206 offload=14.3%
[825/2700] req=1000 seed=19 cache=0.5 WAN=100 ilrsa_style                 mean=104.58 p95=155.12 reg=15446 peer=0 offload=0.0%
[826/2700] req=1000 seed=19 cache=1   WAN=10  registry                    mean=682.94 p95=1311.60 reg=14621 peer=0 offload=0.0%
[827/2700] req=1000 seed=19 cache=1   WAN=10  dragonfly_style             mean=473.90 p95=785.13 reg=8817 peer=5804 offload=39.7%
[828/2700] req=1000 seed=19 cache=1   WAN=10  peersync_style              mean=446.31 p95=661.08 reg=6966 peer=7655 offload=52.4%
[829/2700] req=1000 seed=19 cache=1   WAN=10  metapipe_reactive_style     mean=431.61 p95=804.45 reg=8960 peer=5661 offload=38.7%
[830/2700] req=1000 seed=19 cache=1   WAN=10  ilrsa_style                 mean=907.01 p95=1459.30 reg=14621 peer=0 offload=0.0%
[831/2700] req=1000 seed=19 cache=1   WAN=30  registry                    mean=227.65 p95=437.20 reg=14621 peer=0 offload=0.0%
[832/2700] req=1000 seed=19 cache=1   WAN=30  dragonfly_style             mean=158.31 p95=265.04 reg=8679 peer=5942 offload=40.6%
[833/2700] req=1000 seed=19 cache=1   WAN=30  peersync_style              mean=149.95 p95=230.11 reg=6941 peer=7680 offload=52.5%
[834/2700] req=1000 seed=19 cache=1   WAN=30  metapipe_reactive_style     mean=144.28 p95=267.76 reg=8882 peer=5739 offload=39.3%
[835/2700] req=1000 seed=19 cache=1   WAN=30  ilrsa_style                 mean=302.34 p95=486.43 reg=14621 peer=0 offload=0.0%
[836/2700] req=1000 seed=19 cache=1   WAN=100 registry                    mean=68.30 p95=131.16 reg=14621 peer=0 offload=0.0%
[837/2700] req=1000 seed=19 cache=1   WAN=100 dragonfly_style             mean=48.37 p95=88.08 reg=8264 peer=6357 offload=43.5%
[838/2700] req=1000 seed=19 cache=1   WAN=100 peersync_style              mean=45.79 p95=82.23 reg=6886 peer=7735 offload=52.9%
[839/2700] req=1000 seed=19 cache=1   WAN=100 metapipe_reactive_style     mean=43.62 p95=83.25 reg=8494 peer=6127 offload=41.9%
[840/2700] req=1000 seed=19 cache=1   WAN=100 ilrsa_style                 mean=90.78 p95=146.75 reg=14621 peer=0 offload=0.0%
[841/2700] req=1000 seed=19 cache=2   WAN=10  registry                    mean=134.00 p95=566.10 reg=5971 peer=0 offload=0.0%
[842/2700] req=1000 seed=19 cache=2   WAN=10  dragonfly_style             mean=72.09 p95=252.67 reg=2854 peer=3117 offload=52.2%
[843/2700] req=1000 seed=19 cache=2   WAN=10  peersync_style              mean=68.17 p95=232.91 reg=2605 peer=3366 offload=56.4%
[844/2700] req=1000 seed=19 cache=2   WAN=10  metapipe_reactive_style     mean=66.40 p95=251.82 reg=3016 peer=2955 offload=49.5%
[845/2700] req=1000 seed=19 cache=2   WAN=10  ilrsa_style                 mean=167.03 p95=582.90 reg=5971 peer=0 offload=0.0%
[846/2700] req=1000 seed=19 cache=2   WAN=30  registry                    mean=44.67 p95=188.70 reg=5971 peer=0 offload=0.0%
[847/2700] req=1000 seed=19 cache=2   WAN=30  dragonfly_style             mean=24.34 p95=82.13 reg=2854 peer=3117 offload=52.2%
[848/2700] req=1000 seed=19 cache=2   WAN=30  peersync_style              mean=22.89 p95=73.36 reg=2605 peer=3366 offload=56.4%
[849/2700] req=1000 seed=19 cache=2   WAN=30  metapipe_reactive_style     mean=22.13 p95=85.03 reg=2990 peer=2981 offload=49.9%
[850/2700] req=1000 seed=19 cache=2   WAN=30  ilrsa_style                 mean=55.68 p95=194.30 reg=5971 peer=0 offload=0.0%
[851/2700] req=1000 seed=19 cache=2   WAN=100 registry                    mean=13.41 p95=56.61 reg=5971 peer=0 offload=0.0%
[852/2700] req=1000 seed=19 cache=2   WAN=100 dragonfly_style             mean=7.91 p95=29.66 reg=2825 peer=3146 offload=52.7%
[853/2700] req=1000 seed=19 cache=2   WAN=100 peersync_style              mean=7.49 p95=28.35 reg=2605 peer=3366 offload=56.4%
[854/2700] req=1000 seed=19 cache=2   WAN=100 metapipe_reactive_style     mean=6.75 p95=24.91 reg=2989 peer=2982 offload=49.9%
[855/2700] req=1000 seed=19 cache=2   WAN=100 ilrsa_style                 mean=16.74 p95=58.29 reg=5971 peer=0 offload=0.0%
[856/2700] req=1000 seed=20 cache=0.5 WAN=10  registry                    mean=829.28 p95=1586.80 reg=17154 peer=0 offload=0.0%
[857/2700] req=1000 seed=20 cache=0.5 WAN=10  dragonfly_style             mean=665.50 p95=1268.00 reg=14454 peer=2700 offload=15.7%
[858/2700] req=1000 seed=20 cache=0.5 WAN=10  peersync_style              mean=647.29 p95=1209.50 reg=13869 peer=3285 offload=19.2%
[859/2700] req=1000 seed=20 cache=0.5 WAN=10  metapipe_reactive_style     mean=590.35 p95=1218.40 reg=13958 peer=3196 offload=18.6%
[860/2700] req=1000 seed=20 cache=0.5 WAN=10  ilrsa_style                 mean=1187.05 p95=1700.80 reg=17154 peer=0 offload=0.0%
[861/2700] req=1000 seed=20 cache=0.5 WAN=30  registry                    mean=276.43 p95=528.93 reg=17154 peer=0 offload=0.0%
[862/2700] req=1000 seed=20 cache=0.5 WAN=30  dragonfly_style             mean=221.74 p95=422.67 reg=14454 peer=2700 offload=15.7%
[863/2700] req=1000 seed=20 cache=0.5 WAN=30  peersync_style              mean=214.96 p95=401.73 reg=13826 peer=3328 offload=19.4%
[864/2700] req=1000 seed=20 cache=0.5 WAN=30  metapipe_reactive_style     mean=196.42 p95=406.13 reg=13958 peer=3196 offload=18.6%
[865/2700] req=1000 seed=20 cache=0.5 WAN=30  ilrsa_style                 mean=395.68 p95=566.93 reg=17154 peer=0 offload=0.0%
[866/2700] req=1000 seed=20 cache=0.5 WAN=100 registry                    mean=82.97 p95=158.68 reg=17154 peer=0 offload=0.0%
[867/2700] req=1000 seed=20 cache=0.5 WAN=100 dragonfly_style             mean=67.32 p95=132.89 reg=14577 peer=2577 offload=15.0%
[868/2700] req=1000 seed=20 cache=0.5 WAN=100 peersync_style              mean=64.69 p95=126.49 reg=13824 peer=3330 offload=19.4%
[869/2700] req=1000 seed=20 cache=0.5 WAN=100 metapipe_reactive_style     mean=58.28 p95=126.15 reg=13787 peer=3367 offload=19.6%
[870/2700] req=1000 seed=20 cache=0.5 WAN=100 ilrsa_style                 mean=118.87 p95=172.45 reg=17154 peer=0 offload=0.0%
[871/2700] req=1000 seed=20 cache=1   WAN=10  registry                    mean=632.49 p95=1363.90 reg=15085 peer=0 offload=0.0%
[872/2700] req=1000 seed=20 cache=1   WAN=10  dragonfly_style             mean=310.28 p95=703.76 reg=8297 peer=6788 offload=45.0%
[873/2700] req=1000 seed=20 cache=1   WAN=10  peersync_style              mean=310.91 p95=648.84 reg=6564 peer=8521 offload=56.5%
[874/2700] req=1000 seed=20 cache=1   WAN=10  metapipe_reactive_style     mean=317.31 p95=696.68 reg=7390 peer=7695 offload=51.0%
[875/2700] req=1000 seed=20 cache=1   WAN=10  ilrsa_style                 mean=845.78 p95=1504.40 reg=15085 peer=0 offload=0.0%
[876/2700] req=1000 seed=20 cache=1   WAN=30  registry                    mean=210.83 p95=454.63 reg=15085 peer=0 offload=0.0%
[877/2700] req=1000 seed=20 cache=1   WAN=30  dragonfly_style             mean=99.84 p95=227.86 reg=8448 peer=6637 offload=44.0%
[878/2700] req=1000 seed=20 cache=1   WAN=30  peersync_style              mean=91.07 p95=200.53 reg=6861 peer=8224 offload=54.5%
[879/2700] req=1000 seed=20 cache=1   WAN=30  metapipe_reactive_style     mean=111.36 p95=272.94 reg=7390 peer=7695 offload=51.0%
[880/2700] req=1000 seed=20 cache=1   WAN=30  ilrsa_style                 mean=281.93 p95=501.47 reg=15085 peer=0 offload=0.0%
[881/2700] req=1000 seed=20 cache=1   WAN=100 registry                    mean=63.26 p95=136.39 reg=15085 peer=0 offload=0.0%
[882/2700] req=1000 seed=20 cache=1   WAN=100 dragonfly_style             mean=29.44 p95=64.65 reg=7888 peer=7197 offload=47.7%
[883/2700] req=1000 seed=20 cache=1   WAN=100 peersync_style              mean=28.50 p95=58.98 reg=6764 peer=8321 offload=55.2%
[884/2700] req=1000 seed=20 cache=1   WAN=100 metapipe_reactive_style     mean=34.37 p95=91.65 reg=7800 peer=7285 offload=48.3%
[885/2700] req=1000 seed=20 cache=1   WAN=100 ilrsa_style                 mean=84.66 p95=151.36 reg=15085 peer=0 offload=0.0%
[886/2700] req=1000 seed=20 cache=2   WAN=10  registry                    mean=163.03 p95=858.70 reg=9840 peer=0 offload=0.0%
[887/2700] req=1000 seed=20 cache=2   WAN=10  dragonfly_style             mean=65.37 p95=237.60 reg=2796 peer=7044 offload=71.6%
[888/2700] req=1000 seed=20 cache=2   WAN=10  peersync_style              mean=54.84 p95=209.12 reg=2190 peer=7650 offload=77.7%
[889/2700] req=1000 seed=20 cache=2   WAN=10  metapipe_reactive_style     mean=57.84 p95=236.68 reg=2348 peer=7492 offload=76.1%
[890/2700] req=1000 seed=20 cache=2   WAN=10  ilrsa_style                 mean=241.59 p95=961.80 reg=9840 peer=0 offload=0.0%
[891/2700] req=1000 seed=20 cache=2   WAN=30  registry                    mean=54.34 p95=286.23 reg=9840 peer=0 offload=0.0%
[892/2700] req=1000 seed=20 cache=2   WAN=30  dragonfly_style             mean=22.56 p95=87.20 reg=2700 peer=7140 offload=72.6%
[893/2700] req=1000 seed=20 cache=2   WAN=30  peersync_style              mean=19.02 p95=73.24 reg=2190 peer=7650 offload=77.7%
[894/2700] req=1000 seed=20 cache=2   WAN=30  metapipe_reactive_style     mean=20.25 p95=84.28 reg=2361 peer=7479 offload=76.0%
[895/2700] req=1000 seed=20 cache=2   WAN=30  ilrsa_style                 mean=80.53 p95=320.60 reg=9840 peer=0 offload=0.0%
[896/2700] req=1000 seed=20 cache=2   WAN=100 registry                    mean=16.31 p95=85.87 reg=9840 peer=0 offload=0.0%
[897/2700] req=1000 seed=20 cache=2   WAN=100 dragonfly_style             mean=7.29 p95=38.83 reg=3118 peer=6722 offload=68.3%
[898/2700] req=1000 seed=20 cache=2   WAN=100 peersync_style              mean=6.95 p95=35.32 reg=2190 peer=7650 offload=77.7%
[899/2700] req=1000 seed=20 cache=2   WAN=100 metapipe_reactive_style     mean=7.49 p95=35.17 reg=2980 peer=6860 offload=69.7%
[900/2700] req=1000 seed=20 cache=2   WAN=100 ilrsa_style                 mean=24.21 p95=96.18 reg=9840 peer=0 offload=0.0%
[901/2700] req=200  seed=1  cache=0.5 WAN=10  registry                    mean=911.12 p95=1449.10 reg=15351 peer=0 offload=0.0%
[902/2700] req=200  seed=1  cache=0.5 WAN=10  dragonfly_style             mean=658.35 p95=1153.00 reg=12417 peer=2934 offload=19.1%
[903/2700] req=200  seed=1  cache=0.5 WAN=10  peersync_style              mean=636.20 p95=1127.30 reg=12160 peer=3191 offload=20.8%
[904/2700] req=200  seed=1  cache=0.5 WAN=10  metapipe_reactive_style     mean=602.20 p95=1109.10 reg=11978 peer=3373 offload=22.0%
[905/2700] req=200  seed=1  cache=0.5 WAN=10  ilrsa_style                 mean=1113.20 p95=1531.90 reg=15351 peer=0 offload=0.0%
[906/2700] req=200  seed=1  cache=0.5 WAN=30  registry                    mean=303.71 p95=483.03 reg=15351 peer=0 offload=0.0%
[907/2700] req=200  seed=1  cache=0.5 WAN=30  dragonfly_style             mean=219.78 p95=384.33 reg=12417 peer=2934 offload=19.1%
[908/2700] req=200  seed=1  cache=0.5 WAN=30  peersync_style              mean=212.22 p95=375.77 reg=12160 peer=3191 offload=20.8%
[909/2700] req=200  seed=1  cache=0.5 WAN=30  metapipe_reactive_style     mean=198.81 p95=367.57 reg=11913 peer=3438 offload=22.4%
[910/2700] req=200  seed=1  cache=0.5 WAN=30  ilrsa_style                 mean=371.07 p95=510.63 reg=15351 peer=0 offload=0.0%
[911/2700] req=200  seed=1  cache=0.5 WAN=100 registry                    mean=91.21 p95=144.91 reg=15351 peer=0 offload=0.0%
[912/2700] req=200  seed=1  cache=0.5 WAN=100 dragonfly_style             mean=67.91 p95=121.02 reg=12572 peer=2779 offload=18.1%
[913/2700] req=200  seed=1  cache=0.5 WAN=100 peersync_style              mean=64.77 p95=117.00 reg=12160 peer=3191 offload=20.8%
[914/2700] req=200  seed=1  cache=0.5 WAN=100 metapipe_reactive_style     mean=62.70 p95=121.69 reg=12185 peer=3166 offload=20.6%
[915/2700] req=200  seed=1  cache=0.5 WAN=100 ilrsa_style                 mean=111.75 p95=158.59 reg=15351 peer=0 offload=0.0%
[916/2700] req=200  seed=1  cache=1   WAN=10  registry                    mean=917.94 p95=1734.10 reg=18382 peer=0 offload=0.0%
[917/2700] req=200  seed=1  cache=1   WAN=10  dragonfly_style             mean=442.35 p95=639.74 reg=7097 peer=11285 offload=61.4%
[918/2700] req=200  seed=1  cache=1   WAN=10  peersync_style              mean=404.23 p95=578.56 reg=5360 peer=13022 offload=70.8%
[919/2700] req=200  seed=1  cache=1   WAN=10  metapipe_reactive_style     mean=386.81 p95=603.31 reg=6394 peer=11988 offload=65.2%
[920/2700] req=200  seed=1  cache=1   WAN=10  ilrsa_style                 mean=1153.15 p95=1837.30 reg=18382 peer=0 offload=0.0%
[921/2700] req=200  seed=1  cache=1   WAN=30  registry                    mean=305.98 p95=578.03 reg=18382 peer=0 offload=0.0%
[922/2700] req=200  seed=1  cache=1   WAN=30  dragonfly_style             mean=155.20 p95=250.23 reg=7105 peer=11277 offload=61.3%
[923/2700] req=200  seed=1  cache=1   WAN=30  peersync_style              mean=141.53 p95=222.57 reg=5360 peer=13022 offload=70.8%
[924/2700] req=200  seed=1  cache=1   WAN=30  metapipe_reactive_style     mean=138.15 p95=233.11 reg=5951 peer=12431 offload=67.6%
[925/2700] req=200  seed=1  cache=1   WAN=30  ilrsa_style                 mean=384.38 p95=612.43 reg=18382 peer=0 offload=0.0%
[926/2700] req=200  seed=1  cache=1   WAN=100 registry                    mean=91.83 p95=173.41 reg=18382 peer=0 offload=0.0%
[927/2700] req=200  seed=1  cache=1   WAN=100 dragonfly_style             mean=55.59 p95=109.05 reg=7060 peer=11322 offload=61.6%
[928/2700] req=200  seed=1  cache=1   WAN=100 peersync_style              mean=53.82 p95=104.67 reg=6212 peer=12170 offload=66.2%
[929/2700] req=200  seed=1  cache=1   WAN=100 metapipe_reactive_style     mean=45.63 p95=91.98 reg=6105 peer=12277 offload=66.8%
[930/2700] req=200  seed=1  cache=1   WAN=100 ilrsa_style                 mean=115.53 p95=186.64 reg=18382 peer=0 offload=0.0%
[931/2700] req=200  seed=1  cache=2   WAN=10  registry                    mean=205.08 p95=878.50 reg=9293 peer=0 offload=0.0%
[932/2700] req=200  seed=1  cache=2   WAN=10  dragonfly_style             mean=21.86 p95=134.63 reg=1612 peer=7681 offload=82.7%
[933/2700] req=200  seed=1  cache=2   WAN=10  peersync_style              mean=17.02 p95=113.41 reg=1391 peer=7902 offload=85.0%
[934/2700] req=200  seed=1  cache=2   WAN=10  metapipe_reactive_style     mean=26.60 p95=153.37 reg=1746 peer=7547 offload=81.2%
[935/2700] req=200  seed=1  cache=2   WAN=10  ilrsa_style                 mean=249.51 p95=927.70 reg=9293 peer=0 offload=0.0%
[936/2700] req=200  seed=1  cache=2   WAN=30  registry                    mean=68.36 p95=292.83 reg=9293 peer=0 offload=0.0%
[937/2700] req=200  seed=1  cache=2   WAN=30  dragonfly_style             mean=7.22 p95=31.49 reg=1395 peer=7898 offload=85.0%
[938/2700] req=200  seed=1  cache=2   WAN=30  peersync_style              mean=7.22 p95=31.15 reg=1391 peer=7902 offload=85.0%
[939/2700] req=200  seed=1  cache=2   WAN=30  metapipe_reactive_style     mean=10.34 p95=51.44 reg=1746 peer=7547 offload=81.2%
[940/2700] req=200  seed=1  cache=2   WAN=30  ilrsa_style                 mean=83.17 p95=309.23 reg=9293 peer=0 offload=0.0%
[941/2700] req=200  seed=1  cache=2   WAN=100 registry                    mean=20.56 p95=87.85 reg=9293 peer=0 offload=0.0%
[942/2700] req=200  seed=1  cache=2   WAN=100 dragonfly_style             mean=6.07 p95=26.29 reg=1617 peer=7676 offload=82.6%
[943/2700] req=200  seed=1  cache=2   WAN=100 peersync_style              mean=5.84 p95=26.72 reg=1391 peer=7902 offload=85.0%
[944/2700] req=200  seed=1  cache=2   WAN=100 metapipe_reactive_style     mean=5.13 p95=26.36 reg=1391 peer=7902 offload=85.0%
[945/2700] req=200  seed=1  cache=2   WAN=100 ilrsa_style                 mean=25.10 p95=95.50 reg=9293 peer=0 offload=0.0%
[946/2700] req=200  seed=2  cache=0.5 WAN=10  registry                    mean=979.10 p95=1799.10 reg=18463 peer=0 offload=0.0%
[947/2700] req=200  seed=2  cache=0.5 WAN=10  dragonfly_style             mean=815.71 p95=1384.40 reg=15618 peer=2845 offload=15.4%
[948/2700] req=200  seed=2  cache=0.5 WAN=10  peersync_style              mean=761.24 p95=1279.40 reg=14568 peer=3895 offload=21.1%
[949/2700] req=200  seed=2  cache=0.5 WAN=10  metapipe_reactive_style     mean=735.11 p95=1491.10 reg=14911 peer=3552 offload=19.2%
[950/2700] req=200  seed=2  cache=0.5 WAN=10  ilrsa_style                 mean=1326.23 p95=1845.00 reg=18463 peer=0 offload=0.0%
[951/2700] req=200  seed=2  cache=0.5 WAN=30  registry                    mean=326.37 p95=599.70 reg=18463 peer=0 offload=0.0%
[952/2700] req=200  seed=2  cache=0.5 WAN=30  dragonfly_style             mean=278.35 p95=468.97 reg=15843 peer=2620 offload=14.2%
[953/2700] req=200  seed=2  cache=0.5 WAN=30  peersync_style              mean=265.17 p95=495.00 reg=14850 peer=3613 offload=19.6%
[954/2700] req=200  seed=2  cache=0.5 WAN=30  metapipe_reactive_style     mean=245.08 p95=497.03 reg=14911 peer=3552 offload=19.2%
[955/2700] req=200  seed=2  cache=0.5 WAN=30  ilrsa_style                 mean=442.08 p95=615.00 reg=18463 peer=0 offload=0.0%
[956/2700] req=200  seed=2  cache=0.5 WAN=100 registry                    mean=97.92 p95=179.91 reg=18463 peer=0 offload=0.0%
[957/2700] req=200  seed=2  cache=0.5 WAN=100 dragonfly_style             mean=84.56 p95=143.06 reg=15908 peer=2555 offload=13.8%
[958/2700] req=200  seed=2  cache=0.5 WAN=100 peersync_style              mean=82.20 p95=164.62 reg=14874 peer=3589 offload=19.4%
[959/2700] req=200  seed=2  cache=0.5 WAN=100 metapipe_reactive_style     mean=75.39 p95=165.36 reg=14831 peer=3632 offload=19.7%
[960/2700] req=200  seed=2  cache=0.5 WAN=100 ilrsa_style                 mean=132.70 p95=185.30 reg=18463 peer=0 offload=0.0%
[961/2700] req=200  seed=2  cache=1   WAN=10  registry                    mean=771.37 p95=1419.70 reg=14945 peer=0 offload=0.0%
[962/2700] req=200  seed=2  cache=1   WAN=10  dragonfly_style             mean=490.75 p95=765.17 reg=8169 peer=6776 offload=45.3%
[963/2700] req=200  seed=2  cache=1   WAN=10  peersync_style              mean=461.79 p95=696.12 reg=7148 peer=7797 offload=52.2%
[964/2700] req=200  seed=2  cache=1   WAN=10  metapipe_reactive_style     mean=445.02 p95=736.12 reg=7424 peer=7521 offload=50.3%
[965/2700] req=200  seed=2  cache=1   WAN=10  ilrsa_style                 mean=972.25 p95=1485.90 reg=14945 peer=0 offload=0.0%
[966/2700] req=200  seed=2  cache=1   WAN=30  registry                    mean=257.12 p95=473.23 reg=14945 peer=0 offload=0.0%
[967/2700] req=200  seed=2  cache=1   WAN=30  dragonfly_style             mean=170.12 p95=250.75 reg=8143 peer=6802 offload=45.5%
[968/2700] req=200  seed=2  cache=1   WAN=30  peersync_style              mean=162.15 p95=238.57 reg=7148 peer=7797 offload=52.2%
[969/2700] req=200  seed=2  cache=1   WAN=30  metapipe_reactive_style     mean=153.85 p95=259.94 reg=7096 peer=7849 offload=52.5%
[970/2700] req=200  seed=2  cache=1   WAN=30  ilrsa_style                 mean=324.08 p95=495.30 reg=14945 peer=0 offload=0.0%
[971/2700] req=200  seed=2  cache=1   WAN=100 registry                    mean=77.17 p95=141.97 reg=14945 peer=0 offload=0.0%
[972/2700] req=200  seed=2  cache=1   WAN=100 dragonfly_style             mean=60.35 p95=103.44 reg=8190 peer=6755 offload=45.2%
[973/2700] req=200  seed=2  cache=1   WAN=100 peersync_style              mean=59.26 p95=103.15 reg=7534 peer=7411 offload=49.6%
[974/2700] req=200  seed=2  cache=1   WAN=100 metapipe_reactive_style     mean=52.13 p95=106.36 reg=7097 peer=7848 offload=52.5%
[975/2700] req=200  seed=2  cache=1   WAN=100 ilrsa_style                 mean=97.32 p95=150.14 reg=14945 peer=0 offload=0.0%
[976/2700] req=200  seed=2  cache=2   WAN=10  registry                    mean=267.20 p95=927.70 reg=9432 peer=0 offload=0.0%
[977/2700] req=200  seed=2  cache=2   WAN=10  dragonfly_style             mean=53.83 p95=281.30 reg=2813 peer=6619 offload=70.2%
[978/2700] req=200  seed=2  cache=2   WAN=10  peersync_style              mean=51.49 p95=263.70 reg=2637 peer=6795 offload=72.0%
[979/2700] req=200  seed=2  cache=2   WAN=10  metapipe_reactive_style     mean=75.27 p95=256.44 reg=3042 peer=6390 offload=67.7%
[980/2700] req=200  seed=2  cache=2   WAN=10  ilrsa_style                 mean=307.07 p95=927.70 reg=9432 peer=0 offload=0.0%
[981/2700] req=200  seed=2  cache=2   WAN=30  registry                    mean=89.07 p95=309.23 reg=9432 peer=0 offload=0.0%
[982/2700] req=200  seed=2  cache=2   WAN=30  dragonfly_style             mean=20.11 p95=93.77 reg=2813 peer=6619 offload=70.2%
[983/2700] req=200  seed=2  cache=2   WAN=30  peersync_style              mean=19.23 p95=87.90 reg=2637 peer=6795 offload=72.0%
[984/2700] req=200  seed=2  cache=2   WAN=30  metapipe_reactive_style     mean=26.84 p95=93.48 reg=3036 peer=6396 offload=67.8%
[985/2700] req=200  seed=2  cache=2   WAN=30  ilrsa_style                 mean=102.36 p95=309.23 reg=9432 peer=0 offload=0.0%
[986/2700] req=200  seed=2  cache=2   WAN=100 registry                    mean=26.73 p95=92.77 reg=9432 peer=0 offload=0.0%
[987/2700] req=200  seed=2  cache=2   WAN=100 dragonfly_style             mean=7.93 p95=30.38 reg=2994 peer=6438 offload=68.3%
[988/2700] req=200  seed=2  cache=2   WAN=100 peersync_style              mean=7.87 p95=29.52 reg=2637 peer=6795 offload=72.0%
[989/2700] req=200  seed=2  cache=2   WAN=100 metapipe_reactive_style     mean=8.97 p95=33.69 reg=2862 peer=6570 offload=69.7%
[990/2700] req=200  seed=2  cache=2   WAN=100 ilrsa_style                 mean=30.72 p95=92.77 reg=9432 peer=0 offload=0.0%
[991/2700] req=200  seed=3  cache=0.5 WAN=10  registry                    mean=971.86 p95=1576.10 reg=16344 peer=0 offload=0.0%
[992/2700] req=200  seed=3  cache=0.5 WAN=10  dragonfly_style             mean=726.95 p95=1382.30 reg=14710 peer=1634 offload=10.0%
[993/2700] req=200  seed=3  cache=0.5 WAN=10  peersync_style              mean=672.55 p95=1281.40 reg=13701 peer=2643 offload=16.2%
[994/2700] req=200  seed=3  cache=0.5 WAN=10  metapipe_reactive_style     mean=650.57 p95=1321.70 reg=14104 peer=2240 offload=13.7%
[995/2700] req=200  seed=3  cache=0.5 WAN=10  ilrsa_style                 mean=1166.43 p95=1620.00 reg=16344 peer=0 offload=0.0%
[996/2700] req=200  seed=3  cache=0.5 WAN=30  registry                    mean=323.95 p95=525.37 reg=16344 peer=0 offload=0.0%
[997/2700] req=200  seed=3  cache=0.5 WAN=30  dragonfly_style             mean=242.43 p95=460.77 reg=14710 peer=1634 offload=10.0%
[998/2700] req=200  seed=3  cache=0.5 WAN=30  peersync_style              mean=224.44 p95=427.13 reg=13701 peer=2643 offload=16.2%
[999/2700] req=200  seed=3  cache=0.5 WAN=30  metapipe_reactive_style     mean=216.93 p95=440.57 reg=14104 peer=2240 offload=13.7%
[1000/2700] req=200  seed=3  cache=0.5 WAN=30  ilrsa_style                 mean=388.81 p95=540.00 reg=16344 peer=0 offload=0.0%
[1001/2700] req=200  seed=3  cache=0.5 WAN=100 registry                    mean=97.26 p95=157.61 reg=16344 peer=0 offload=0.0%
[1002/2700] req=200  seed=3  cache=0.5 WAN=100 dragonfly_style             mean=75.95 p95=158.61 reg=14736 peer=1608 offload=9.8%
[1003/2700] req=200  seed=3  cache=0.5 WAN=100 peersync_style              mean=71.31 p95=150.33 reg=13908 peer=2436 offload=14.9%
[1004/2700] req=200  seed=3  cache=0.5 WAN=100 metapipe_reactive_style     mean=67.68 p95=151.72 reg=14044 peer=2300 offload=14.1%
[1005/2700] req=200  seed=3  cache=0.5 WAN=100 ilrsa_style                 mean=116.84 p95=164.73 reg=16344 peer=0 offload=0.0%
[1006/2700] req=200  seed=3  cache=1   WAN=10  registry                    mean=828.12 p95=1522.30 reg=16390 peer=0 offload=0.0%
[1007/2700] req=200  seed=3  cache=1   WAN=10  dragonfly_style             mean=417.05 p95=632.76 reg=6661 peer=9729 offload=59.4%
[1008/2700] req=200  seed=3  cache=1   WAN=10  peersync_style              mean=414.02 p95=616.41 reg=6259 peer=10131 offload=61.8%
[1009/2700] req=200  seed=3  cache=1   WAN=10  metapipe_reactive_style     mean=412.78 p95=646.61 reg=6426 peer=9964 offload=60.8%
[1010/2700] req=200  seed=3  cache=1   WAN=10  ilrsa_style                 mean=999.68 p95=1638.20 reg=16390 peer=0 offload=0.0%
[1011/2700] req=200  seed=3  cache=1   WAN=30  registry                    mean=276.04 p95=507.43 reg=16390 peer=0 offload=0.0%
[1012/2700] req=200  seed=3  cache=1   WAN=30  dragonfly_style             mean=146.57 p95=236.49 reg=6542 peer=9848 offload=60.1%
[1013/2700] req=200  seed=3  cache=1   WAN=30  peersync_style              mean=144.88 p95=235.80 reg=6056 peer=10334 offload=63.1%
[1014/2700] req=200  seed=3  cache=1   WAN=30  metapipe_reactive_style     mean=146.32 p95=250.25 reg=6426 peer=9964 offload=60.8%
[1015/2700] req=200  seed=3  cache=1   WAN=30  ilrsa_style                 mean=333.23 p95=546.07 reg=16390 peer=0 offload=0.0%
[1016/2700] req=200  seed=3  cache=1   WAN=100 registry                    mean=83.05 p95=152.23 reg=16390 peer=0 offload=0.0%
[1017/2700] req=200  seed=3  cache=1   WAN=100 dragonfly_style             mean=53.29 p95=103.40 reg=6303 peer=10087 offload=61.5%
[1018/2700] req=200  seed=3  cache=1   WAN=100 peersync_style              mean=52.83 p95=102.74 reg=6259 peer=10131 offload=61.8%
[1019/2700] req=200  seed=3  cache=1   WAN=100 metapipe_reactive_style     mean=47.60 p95=96.16 reg=6117 peer=10273 offload=62.7%
[1020/2700] req=200  seed=3  cache=1   WAN=100 ilrsa_style                 mean=100.60 p95=171.55 reg=16390 peer=0 offload=0.0%
[1021/2700] req=200  seed=3  cache=2   WAN=10  registry                    mean=128.27 p95=599.60 reg=6433 peer=0 offload=0.0%
[1022/2700] req=200  seed=3  cache=2   WAN=10  dragonfly_style             mean=41.67 p95=206.22 reg=2195 peer=4238 offload=65.9%
[1023/2700] req=200  seed=3  cache=2   WAN=10  peersync_style              mean=41.47 p95=204.94 reg=2185 peer=4248 offload=66.0%
[1024/2700] req=200  seed=3  cache=2   WAN=10  metapipe_reactive_style     mean=44.61 p95=216.59 reg=2556 peer=3877 offload=60.3%
[1025/2700] req=200  seed=3  cache=2   WAN=10  ilrsa_style                 mean=183.85 p95=628.20 reg=6433 peer=0 offload=0.0%
[1026/2700] req=200  seed=3  cache=2   WAN=30  registry                    mean=42.76 p95=199.87 reg=6433 peer=0 offload=0.0%
[1027/2700] req=200  seed=3  cache=2   WAN=30  dragonfly_style             mean=14.70 p95=70.99 reg=2195 peer=4238 offload=65.9%
[1028/2700] req=200  seed=3  cache=2   WAN=30  peersync_style              mean=14.62 p95=69.84 reg=2185 peer=4248 offload=66.0%
[1029/2700] req=200  seed=3  cache=2   WAN=30  metapipe_reactive_style     mean=17.06 p95=77.73 reg=2444 peer=3989 offload=62.0%
[1030/2700] req=200  seed=3  cache=2   WAN=30  ilrsa_style                 mean=61.28 p95=209.40 reg=6433 peer=0 offload=0.0%
[1031/2700] req=200  seed=3  cache=2   WAN=100 registry                    mean=12.83 p95=59.96 reg=6433 peer=0 offload=0.0%
[1032/2700] req=200  seed=3  cache=2   WAN=100 dragonfly_style             mean=5.57 p95=26.55 reg=2417 peer=4016 offload=62.4%
[1033/2700] req=200  seed=3  cache=2   WAN=100 peersync_style              mean=5.34 p95=26.20 reg=2185 peer=4248 offload=66.0%
[1034/2700] req=200  seed=3  cache=2   WAN=100 metapipe_reactive_style     mean=5.67 p95=25.72 reg=2539 peer=3894 offload=60.5%
[1035/2700] req=200  seed=3  cache=2   WAN=100 ilrsa_style                 mean=18.40 p95=62.82 reg=6433 peer=0 offload=0.0%
[1036/2700] req=200  seed=4  cache=0.5 WAN=10  registry                    mean=1023.68 p95=1710.00 reg=17813 peer=0 offload=0.0%
[1037/2700] req=200  seed=4  cache=0.5 WAN=10  dragonfly_style             mean=768.55 p95=1511.20 reg=15112 peer=2701 offload=15.2%
[1038/2700] req=200  seed=4  cache=0.5 WAN=10  peersync_style              mean=744.66 p95=1469.80 reg=14698 peer=3115 offload=17.5%
[1039/2700] req=200  seed=4  cache=0.5 WAN=10  metapipe_reactive_style     mean=655.44 p95=1417.80 reg=14178 peer=3635 offload=20.4%
[1040/2700] req=200  seed=4  cache=0.5 WAN=10  ilrsa_style                 mean=1259.37 p95=1778.60 reg=17813 peer=0 offload=0.0%
[1041/2700] req=200  seed=4  cache=0.5 WAN=30  registry                    mean=341.23 p95=570.00 reg=17813 peer=0 offload=0.0%
[1042/2700] req=200  seed=4  cache=0.5 WAN=30  dragonfly_style             mean=257.05 p95=503.73 reg=15112 peer=2701 offload=15.2%
[1043/2700] req=200  seed=4  cache=0.5 WAN=30  peersync_style              mean=248.88 p95=489.90 reg=14697 peer=3116 offload=17.5%
[1044/2700] req=200  seed=4  cache=0.5 WAN=30  metapipe_reactive_style     mean=222.72 p95=481.97 reg=14459 peer=3354 offload=18.8%
[1045/2700] req=200  seed=4  cache=0.5 WAN=30  ilrsa_style                 mean=419.79 p95=592.87 reg=17813 peer=0 offload=0.0%
[1046/2700] req=200  seed=4  cache=0.5 WAN=100 registry                    mean=102.38 p95=171.00 reg=17813 peer=0 offload=0.0%
[1047/2700] req=200  seed=4  cache=0.5 WAN=100 dragonfly_style             mean=77.26 p95=159.06 reg=15205 peer=2608 offload=14.6%
[1048/2700] req=200  seed=4  cache=0.5 WAN=100 peersync_style              mean=74.78 p95=154.15 reg=14697 peer=3116 offload=17.5%
[1049/2700] req=200  seed=4  cache=0.5 WAN=100 metapipe_reactive_style     mean=68.66 p95=162.07 reg=14193 peer=3620 offload=20.3%
[1050/2700] req=200  seed=4  cache=0.5 WAN=100 ilrsa_style                 mean=125.99 p95=178.58 reg=17813 peer=0 offload=0.0%
[1051/2700] req=200  seed=4  cache=1   WAN=10  registry                    mean=835.57 p95=1487.80 reg=15314 peer=0 offload=0.0%
[1052/2700] req=200  seed=4  cache=1   WAN=10  dragonfly_style             mean=459.98 p95=763.34 reg=8070 peer=7244 offload=47.3%
[1053/2700] req=200  seed=4  cache=1   WAN=10  peersync_style              mean=418.09 p95=621.34 reg=6086 peer=9228 offload=60.3%
[1054/2700] req=200  seed=4  cache=1   WAN=10  metapipe_reactive_style     mean=412.98 p95=678.90 reg=6789 peer=8525 offload=55.7%
[1055/2700] req=200  seed=4  cache=1   WAN=10  ilrsa_style                 mean=1039.62 p95=1528.10 reg=15314 peer=0 offload=0.0%
[1056/2700] req=200  seed=4  cache=1   WAN=30  registry                    mean=278.52 p95=495.93 reg=15314 peer=0 offload=0.0%
[1057/2700] req=200  seed=4  cache=1   WAN=30  dragonfly_style             mean=160.00 p95=254.67 reg=8061 peer=7253 offload=47.4%
[1058/2700] req=200  seed=4  cache=1   WAN=30  peersync_style              mean=147.24 p95=236.02 reg=6086 peer=9228 offload=60.3%
[1059/2700] req=200  seed=4  cache=1   WAN=30  metapipe_reactive_style     mean=143.87 p95=250.08 reg=6789 peer=8525 offload=55.7%
[1060/2700] req=200  seed=4  cache=1   WAN=30  ilrsa_style                 mean=346.54 p95=509.37 reg=15314 peer=0 offload=0.0%
[1061/2700] req=200  seed=4  cache=1   WAN=100 registry                    mean=83.58 p95=148.78 reg=15314 peer=0 offload=0.0%
[1062/2700] req=200  seed=4  cache=1   WAN=100 dragonfly_style             mean=56.26 p95=104.94 reg=8051 peer=7263 offload=47.4%
[1063/2700] req=200  seed=4  cache=1   WAN=100 peersync_style              mean=52.41 p95=100.59 reg=5882 peer=9432 offload=61.6%
[1064/2700] req=200  seed=4  cache=1   WAN=100 metapipe_reactive_style     mean=46.60 p95=97.97 reg=6802 peer=8512 offload=55.6%
[1065/2700] req=200  seed=4  cache=1   WAN=100 ilrsa_style                 mean=104.03 p95=154.02 reg=15314 peer=0 offload=0.0%
[1066/2700] req=200  seed=4  cache=2   WAN=10  registry                    mean=252.16 p95=1007.70 reg=10468 peer=0 offload=0.0%
[1067/2700] req=200  seed=4  cache=2   WAN=10  dragonfly_style             mean=78.60 p95=302.06 reg=3388 peer=7080 offload=67.6%
[1068/2700] req=200  seed=4  cache=2   WAN=10  peersync_style              mean=55.70 p95=211.88 reg=2259 peer=8209 offload=78.4%
[1069/2700] req=200  seed=4  cache=2   WAN=10  metapipe_reactive_style     mean=85.02 p95=287.28 reg=3116 peer=7352 offload=70.2%
[1070/2700] req=200  seed=4  cache=2   WAN=10  ilrsa_style                 mean=372.11 p95=1045.60 reg=10468 peer=0 offload=0.0%
[1071/2700] req=200  seed=4  cache=2   WAN=30  registry                    mean=84.05 p95=335.90 reg=10468 peer=0 offload=0.0%
[1072/2700] req=200  seed=4  cache=2   WAN=30  dragonfly_style             mean=27.30 p95=101.33 reg=3388 peer=7080 offload=67.6%
[1073/2700] req=200  seed=4  cache=2   WAN=30  peersync_style              mean=19.95 p95=71.03 reg=2259 peer=8209 offload=78.4%
[1074/2700] req=200  seed=4  cache=2   WAN=30  metapipe_reactive_style     mean=28.23 p95=93.88 reg=2700 peer=7768 offload=74.2%
[1075/2700] req=200  seed=4  cache=2   WAN=30  ilrsa_style                 mean=124.04 p95=348.53 reg=10468 peer=0 offload=0.0%
[1076/2700] req=200  seed=4  cache=2   WAN=100 registry                    mean=25.22 p95=100.77 reg=10468 peer=0 offload=0.0%
[1077/2700] req=200  seed=4  cache=2   WAN=100 dragonfly_style             mean=10.05 p95=38.58 reg=3119 peer=7349 offload=70.2%
[1078/2700] req=200  seed=4  cache=2   WAN=100 peersync_style              mean=8.00 p95=28.75 reg=2259 peer=8209 offload=78.4%
[1079/2700] req=200  seed=4  cache=2   WAN=100 metapipe_reactive_style     mean=9.66 p95=35.61 reg=2700 peer=7768 offload=74.2%
[1080/2700] req=200  seed=4  cache=2   WAN=100 ilrsa_style                 mean=37.23 p95=104.91 reg=10468 peer=0 offload=0.0%
[1081/2700] req=200  seed=5  cache=0.5 WAN=10  registry                    mean=967.35 p95=1740.90 reg=18018 peer=0 offload=0.0%
[1082/2700] req=200  seed=5  cache=0.5 WAN=10  dragonfly_style             mean=732.15 p95=1472.20 reg=14722 peer=3296 offload=18.3%
[1083/2700] req=200  seed=5  cache=0.5 WAN=10  peersync_style              mean=695.17 p95=1390.30 reg=13903 peer=4115 offload=22.8%
[1084/2700] req=200  seed=5  cache=0.5 WAN=10  metapipe_reactive_style     mean=713.15 p95=1313.00 reg=14017 peer=4001 offload=22.2%
[1085/2700] req=200  seed=5  cache=0.5 WAN=10  ilrsa_style                 mean=1261.60 p95=1799.00 reg=18018 peer=0 offload=0.0%
[1086/2700] req=200  seed=5  cache=0.5 WAN=30  registry                    mean=322.45 p95=580.30 reg=18018 peer=0 offload=0.0%
[1087/2700] req=200  seed=5  cache=0.5 WAN=30  dragonfly_style             mean=244.20 p95=490.73 reg=14722 peer=3296 offload=18.3%
[1088/2700] req=200  seed=5  cache=0.5 WAN=30  peersync_style              mean=231.55 p95=463.63 reg=13909 peer=4109 offload=22.8%
[1089/2700] req=200  seed=5  cache=0.5 WAN=30  metapipe_reactive_style     mean=228.45 p95=468.03 reg=14041 peer=3977 offload=22.1%
[1090/2700] req=200  seed=5  cache=0.5 WAN=30  ilrsa_style                 mean=420.53 p95=599.67 reg=18018 peer=0 offload=0.0%
[1091/2700] req=200  seed=5  cache=0.5 WAN=100 registry                    mean=96.76 p95=174.09 reg=18018 peer=0 offload=0.0%
[1092/2700] req=200  seed=5  cache=0.5 WAN=100 dragonfly_style             mean=76.45 p95=166.94 reg=14722 peer=3296 offload=18.3%
[1093/2700] req=200  seed=5  cache=0.5 WAN=100 peersync_style              mean=73.22 p95=160.49 reg=14007 peer=4011 offload=22.3%
[1094/2700] req=200  seed=5  cache=0.5 WAN=100 metapipe_reactive_style     mean=72.22 p95=164.12 reg=14422 peer=3596 offload=20.0%
[1095/2700] req=200  seed=5  cache=0.5 WAN=100 ilrsa_style                 mean=126.25 p95=181.17 reg=18018 peer=0 offload=0.0%
[1096/2700] req=200  seed=5  cache=1   WAN=10  registry                    mean=907.94 p95=1507.40 reg=15406 peer=0 offload=0.0%
[1097/2700] req=200  seed=5  cache=1   WAN=10  dragonfly_style             mean=464.41 p95=712.55 reg=7736 peer=7670 offload=49.8%
[1098/2700] req=200  seed=5  cache=1   WAN=10  peersync_style              mean=432.61 p95=591.86 reg=6163 peer=9243 offload=60.0%
[1099/2700] req=200  seed=5  cache=1   WAN=10  metapipe_reactive_style     mean=435.42 p95=674.05 reg=7226 peer=8180 offload=53.1%
[1100/2700] req=200  seed=5  cache=1   WAN=10  ilrsa_style                 mean=1031.58 p95=1539.00 reg=15406 peer=0 offload=0.0%
[1101/2700] req=200  seed=5  cache=1   WAN=30  registry                    mean=302.65 p95=502.47 reg=15406 peer=0 offload=0.0%
[1102/2700] req=200  seed=5  cache=1   WAN=30  dragonfly_style             mean=160.35 p95=235.82 reg=7686 peer=7720 offload=50.1%
[1103/2700] req=200  seed=5  cache=1   WAN=30  peersync_style              mean=149.11 p95=213.19 reg=6163 peer=9243 offload=60.0%
[1104/2700] req=200  seed=5  cache=1   WAN=30  metapipe_reactive_style     mean=152.50 p95=239.88 reg=6832 peer=8574 offload=55.7%
[1105/2700] req=200  seed=5  cache=1   WAN=30  ilrsa_style                 mean=343.86 p95=513.00 reg=15406 peer=0 offload=0.0%
[1106/2700] req=200  seed=5  cache=1   WAN=100 registry                    mean=90.82 p95=150.74 reg=15406 peer=0 offload=0.0%
[1107/2700] req=200  seed=5  cache=1   WAN=100 dragonfly_style             mean=57.25 p95=94.70 reg=7646 peer=7760 offload=50.4%
[1108/2700] req=200  seed=5  cache=1   WAN=100 peersync_style              mean=54.95 p95=92.03 reg=6541 peer=8865 offload=57.5%
[1109/2700] req=200  seed=5  cache=1   WAN=100 metapipe_reactive_style     mean=51.89 p95=103.41 reg=6968 peer=8438 offload=54.8%
[1110/2700] req=200  seed=5  cache=1   WAN=100 ilrsa_style                 mean=103.23 p95=154.69 reg=15406 peer=0 offload=0.0%
[1111/2700] req=200  seed=5  cache=2   WAN=10  registry                    mean=131.02 p95=575.00 reg=6156 peer=0 offload=0.0%
[1112/2700] req=200  seed=5  cache=2   WAN=10  dragonfly_style             mean=35.82 p95=167.78 reg=2005 peer=4151 offload=67.4%
[1113/2700] req=200  seed=5  cache=2   WAN=10  peersync_style              mean=34.10 p95=161.67 reg=1658 peer=4498 offload=73.1%
[1114/2700] req=200  seed=5  cache=2   WAN=10  metapipe_reactive_style     mean=45.19 p95=224.81 reg=2263 peer=3893 offload=63.2%
[1115/2700] req=200  seed=5  cache=2   WAN=10  ilrsa_style                 mean=160.24 p95=615.00 reg=6156 peer=0 offload=0.0%
[1116/2700] req=200  seed=5  cache=2   WAN=30  registry                    mean=43.67 p95=191.67 reg=6156 peer=0 offload=0.0%
[1117/2700] req=200  seed=5  cache=2   WAN=30  dragonfly_style             mean=14.11 p95=64.51 reg=2318 peer=3838 offload=62.3%
[1118/2700] req=200  seed=5  cache=2   WAN=30  peersync_style              mean=12.13 p95=51.09 reg=1658 peer=4498 offload=73.1%
[1119/2700] req=200  seed=5  cache=2   WAN=30  metapipe_reactive_style     mean=15.62 p95=71.29 reg=2248 peer=3908 offload=63.5%
[1120/2700] req=200  seed=5  cache=2   WAN=30  ilrsa_style                 mean=53.41 p95=205.00 reg=6156 peer=0 offload=0.0%
[1121/2700] req=200  seed=5  cache=2   WAN=100 registry                    mean=13.13 p95=57.50 reg=6156 peer=0 offload=0.0%
[1122/2700] req=200  seed=5  cache=2   WAN=100 dragonfly_style             mean=5.27 p95=22.72 reg=2051 peer=4105 offload=66.7%
[1123/2700] req=200  seed=5  cache=2   WAN=100 peersync_style              mean=5.25 p95=22.64 reg=1658 peer=4498 offload=73.1%
[1124/2700] req=200  seed=5  cache=2   WAN=100 metapipe_reactive_style     mean=5.48 p95=26.50 reg=2219 peer=3937 offload=64.0%
[1125/2700] req=200  seed=5  cache=2   WAN=100 ilrsa_style                 mean=16.19 p95=63.79 reg=6156 peer=0 offload=0.0%
[1126/2700] req=200  seed=6  cache=0.5 WAN=10  registry                    mean=997.61 p95=1617.20 reg=17102 peer=0 offload=0.0%
[1127/2700] req=200  seed=6  cache=0.5 WAN=10  dragonfly_style             mean=717.83 p95=1308.20 reg=13969 peer=3133 offload=18.3%
[1128/2700] req=200  seed=6  cache=0.5 WAN=10  peersync_style              mean=675.72 p95=1227.60 reg=13163 peer=3939 offload=23.0%
[1129/2700] req=200  seed=6  cache=0.5 WAN=10  metapipe_reactive_style     mean=628.25 p95=1251.90 reg=13406 peer=3696 offload=21.6%
[1130/2700] req=200  seed=6  cache=0.5 WAN=10  ilrsa_style                 mean=1244.31 p95=1690.40 reg=17102 peer=0 offload=0.0%
[1131/2700] req=200  seed=6  cache=0.5 WAN=30  registry                    mean=332.54 p95=539.07 reg=17102 peer=0 offload=0.0%
[1132/2700] req=200  seed=6  cache=0.5 WAN=30  dragonfly_style             mean=240.39 p95=436.13 reg=13971 peer=3131 offload=18.3%
[1133/2700] req=200  seed=6  cache=0.5 WAN=30  peersync_style              mean=225.81 p95=409.47 reg=13171 peer=3931 offload=23.0%
[1134/2700] req=200  seed=6  cache=0.5 WAN=30  metapipe_reactive_style     mean=208.97 p95=417.30 reg=13406 peer=3696 offload=21.6%
[1135/2700] req=200  seed=6  cache=0.5 WAN=30  ilrsa_style                 mean=414.77 p95=563.47 reg=17102 peer=0 offload=0.0%
[1136/2700] req=200  seed=6  cache=0.5 WAN=100 registry                    mean=99.77 p95=161.72 reg=17102 peer=0 offload=0.0%
[1137/2700] req=200  seed=6  cache=0.5 WAN=100 dragonfly_style             mean=74.02 p95=140.95 reg=13756 peer=3346 offload=19.6%
[1138/2700] req=200  seed=6  cache=0.5 WAN=100 peersync_style              mean=70.50 p95=135.11 reg=13171 peer=3931 offload=23.0%
[1139/2700] req=200  seed=6  cache=0.5 WAN=100 metapipe_reactive_style     mean=64.04 p95=137.07 reg=13223 peer=3879 offload=22.7%
[1140/2700] req=200  seed=6  cache=0.5 WAN=100 ilrsa_style                 mean=124.45 p95=169.04 reg=17102 peer=0 offload=0.0%
[1141/2700] req=200  seed=6  cache=1   WAN=10  registry                    mean=700.98 p95=1347.70 reg=13797 peer=0 offload=0.0%
[1142/2700] req=200  seed=6  cache=1   WAN=10  dragonfly_style             mean=383.48 p95=588.84 reg=6423 peer=7374 offload=53.4%
[1143/2700] req=200  seed=6  cache=1   WAN=10  peersync_style              mean=366.04 p95=558.06 reg=5475 peer=8322 offload=60.3%
[1144/2700] req=200  seed=6  cache=1   WAN=10  metapipe_reactive_style     mean=361.08 p95=607.23 reg=5894 peer=7903 offload=57.3%
[1145/2700] req=200  seed=6  cache=1   WAN=10  ilrsa_style                 mean=826.74 p95=1378.20 reg=13797 peer=0 offload=0.0%
[1146/2700] req=200  seed=6  cache=1   WAN=30  registry                    mean=233.66 p95=449.23 reg=13797 peer=0 offload=0.0%
[1147/2700] req=200  seed=6  cache=1   WAN=30  dragonfly_style             mean=136.20 p95=224.15 reg=6493 peer=7304 offload=52.9%
[1148/2700] req=200  seed=6  cache=1   WAN=30  peersync_style              mean=130.12 p95=215.55 reg=5475 peer=8322 offload=60.3%
[1149/2700] req=200  seed=6  cache=1   WAN=30  metapipe_reactive_style     mean=127.90 p95=231.63 reg=5894 peer=7903 offload=57.3%
[1150/2700] req=200  seed=6  cache=1   WAN=30  ilrsa_style                 mean=275.58 p95=459.40 reg=13797 peer=0 offload=0.0%
[1151/2700] req=200  seed=6  cache=1   WAN=100 registry                    mean=70.10 p95=134.77 reg=13797 peer=0 offload=0.0%
[1152/2700] req=200  seed=6  cache=1   WAN=100 dragonfly_style             mean=49.67 p95=97.81 reg=6517 peer=7280 offload=52.8%
[1153/2700] req=200  seed=6  cache=1   WAN=100 peersync_style              mean=48.03 p95=95.56 reg=6203 peer=7594 offload=55.0%
[1154/2700] req=200  seed=6  cache=1   WAN=100 metapipe_reactive_style     mean=42.75 p95=92.43 reg=5791 peer=8006 offload=58.0%
[1155/2700] req=200  seed=6  cache=1   WAN=100 ilrsa_style                 mean=82.69 p95=137.96 reg=13797 peer=0 offload=0.0%
[1156/2700] req=200  seed=6  cache=2   WAN=10  registry                    mean=219.01 p95=773.10 reg=8087 peer=0 offload=0.0%
[1157/2700] req=200  seed=6  cache=2   WAN=10  dragonfly_style             mean=45.29 p95=205.64 reg=2347 peer=5740 offload=71.0%
[1158/2700] req=200  seed=6  cache=2   WAN=10  peersync_style              mean=38.06 p95=169.03 reg=1828 peer=6259 offload=77.4%
[1159/2700] req=200  seed=6  cache=2   WAN=10  metapipe_reactive_style     mean=55.21 p95=229.14 reg=2788 peer=5299 offload=65.5%
[1160/2700] req=200  seed=6  cache=2   WAN=10  ilrsa_style                 mean=276.75 p95=784.40 reg=8087 peer=0 offload=0.0%
[1161/2700] req=200  seed=6  cache=2   WAN=30  registry                    mean=73.00 p95=257.70 reg=8087 peer=0 offload=0.0%
[1162/2700] req=200  seed=6  cache=2   WAN=30  dragonfly_style             mean=16.24 p95=65.65 reg=2361 peer=5726 offload=70.8%
[1163/2700] req=200  seed=6  cache=2   WAN=30  peersync_style              mean=13.82 p95=55.20 reg=1828 peer=6259 offload=77.4%
[1164/2700] req=200  seed=6  cache=2   WAN=30  metapipe_reactive_style     mean=19.45 p95=75.99 reg=2788 peer=5299 offload=65.5%
[1165/2700] req=200  seed=6  cache=2   WAN=30  ilrsa_style                 mean=92.25 p95=261.47 reg=8087 peer=0 offload=0.0%
[1166/2700] req=200  seed=6  cache=2   WAN=100 registry                    mean=21.91 p95=77.31 reg=8087 peer=0 offload=0.0%
[1167/2700] req=200  seed=6  cache=2   WAN=100 dragonfly_style             mean=6.90 p95=26.35 reg=2499 peer=5588 offload=69.1%
[1168/2700] req=200  seed=6  cache=2   WAN=100 peersync_style              mean=6.70 p95=24.83 reg=1828 peer=6259 offload=77.4%
[1169/2700] req=200  seed=6  cache=2   WAN=100 metapipe_reactive_style     mean=7.28 p95=30.02 reg=3024 peer=5063 offload=62.6%
[1170/2700] req=200  seed=6  cache=2   WAN=100 ilrsa_style                 mean=27.70 p95=78.44 reg=8087 peer=0 offload=0.0%
[1171/2700] req=200  seed=7  cache=0.5 WAN=10  registry                    mean=885.95 p95=1487.60 reg=15320 peer=0 offload=0.0%
[1172/2700] req=200  seed=7  cache=0.5 WAN=10  dragonfly_style             mean=649.15 p95=1310.10 reg=13101 peer=2219 offload=14.5%
[1173/2700] req=200  seed=7  cache=0.5 WAN=10  peersync_style              mean=630.35 p95=1286.10 reg=12861 peer=2459 offload=16.1%
[1174/2700] req=200  seed=7  cache=0.5 WAN=10  metapipe_reactive_style     mean=601.65 p95=1307.10 reg=13071 peer=2249 offload=14.7%
[1175/2700] req=200  seed=7  cache=0.5 WAN=10  ilrsa_style                 mean=1186.10 p95=1529.80 reg=15320 peer=0 offload=0.0%
[1176/2700] req=200  seed=7  cache=0.5 WAN=30  registry                    mean=295.32 p95=495.87 reg=15320 peer=0 offload=0.0%
[1177/2700] req=200  seed=7  cache=0.5 WAN=30  dragonfly_style             mean=216.74 p95=436.70 reg=13101 peer=2219 offload=14.5%
[1178/2700] req=200  seed=7  cache=0.5 WAN=30  peersync_style              mean=210.26 p95=428.70 reg=12861 peer=2459 offload=16.1%
[1179/2700] req=200  seed=7  cache=0.5 WAN=30  metapipe_reactive_style     mean=200.18 p95=435.43 reg=13063 peer=2257 offload=14.7%
[1180/2700] req=200  seed=7  cache=0.5 WAN=30  ilrsa_style                 mean=395.37 p95=509.93 reg=15320 peer=0 offload=0.0%
[1181/2700] req=200  seed=7  cache=0.5 WAN=100 registry                    mean=88.67 p95=148.76 reg=15320 peer=0 offload=0.0%
[1182/2700] req=200  seed=7  cache=0.5 WAN=100 dragonfly_style             mean=64.87 p95=136.51 reg=12787 peer=2533 offload=16.5%
[1183/2700] req=200  seed=7  cache=0.5 WAN=100 peersync_style              mean=63.99 p95=137.07 reg=12861 peer=2459 offload=16.1%
[1184/2700] req=200  seed=7  cache=0.5 WAN=100 metapipe_reactive_style     mean=60.11 p95=138.05 reg=13044 peer=2276 offload=14.9%
[1185/2700] req=200  seed=7  cache=0.5 WAN=100 ilrsa_style                 mean=118.82 p95=155.43 reg=15320 peer=0 offload=0.0%
[1186/2700] req=200  seed=7  cache=1   WAN=10  registry                    mean=717.97 p95=1305.40 reg=14319 peer=0 offload=0.0%
[1187/2700] req=200  seed=7  cache=1   WAN=10  dragonfly_style             mean=374.32 p95=637.61 reg=6955 peer=7364 offload=51.4%
[1188/2700] req=200  seed=7  cache=1   WAN=10  peersync_style              mean=340.15 p95=525.15 reg=5886 peer=8433 offload=58.9%
[1189/2700] req=200  seed=7  cache=1   WAN=10  metapipe_reactive_style     mean=333.46 p95=542.00 reg=5955 peer=8364 offload=58.4%
[1190/2700] req=200  seed=7  cache=1   WAN=10  ilrsa_style                 mean=908.76 p95=1429.70 reg=14319 peer=0 offload=0.0%
[1191/2700] req=200  seed=7  cache=1   WAN=30  registry                    mean=239.32 p95=435.13 reg=14319 peer=0 offload=0.0%
[1192/2700] req=200  seed=7  cache=1   WAN=30  dragonfly_style             mean=131.67 p95=199.86 reg=6668 peer=7651 offload=53.4%
[1193/2700] req=200  seed=7  cache=1   WAN=30  peersync_style              mean=121.41 p95=183.07 reg=6136 peer=8183 offload=57.1%
[1194/2700] req=200  seed=7  cache=1   WAN=30  metapipe_reactive_style     mean=116.54 p95=196.38 reg=5955 peer=8364 offload=58.4%
[1195/2700] req=200  seed=7  cache=1   WAN=30  ilrsa_style                 mean=302.92 p95=476.57 reg=14319 peer=0 offload=0.0%
[1196/2700] req=200  seed=7  cache=1   WAN=100 registry                    mean=71.80 p95=130.54 reg=14319 peer=0 offload=0.0%
[1197/2700] req=200  seed=7  cache=1   WAN=100 dragonfly_style             mean=51.14 p95=99.33 reg=7089 peer=7230 offload=50.5%
[1198/2700] req=200  seed=7  cache=1   WAN=100 peersync_style              mean=44.55 p95=78.38 reg=5743 peer=8576 offload=59.9%
[1199/2700] req=200  seed=7  cache=1   WAN=100 metapipe_reactive_style     mean=39.95 p95=78.13 reg=5720 peer=8599 offload=60.1%
[1200/2700] req=200  seed=7  cache=1   WAN=100 ilrsa_style                 mean=90.91 p95=143.42 reg=14319 peer=0 offload=0.0%
[1201/2700] req=200  seed=7  cache=2   WAN=10  registry                    mean=221.99 p95=741.70 reg=8382 peer=0 offload=0.0%
[1202/2700] req=200  seed=7  cache=2   WAN=10  dragonfly_style             mean=101.24 p95=330.20 reg=3431 peer=4951 offload=59.1%
[1203/2700] req=200  seed=7  cache=2   WAN=10  peersync_style              mean=98.06 p95=321.30 reg=3222 peer=5160 offload=61.6%
[1204/2700] req=200  seed=7  cache=2   WAN=10  metapipe_reactive_style     mean=91.32 p95=318.88 reg=3465 peer=4917 offload=58.7%
[1205/2700] req=200  seed=7  cache=2   WAN=10  ilrsa_style                 mean=290.55 p95=837.10 reg=8382 peer=0 offload=0.0%
[1206/2700] req=200  seed=7  cache=2   WAN=30  registry                    mean=74.00 p95=247.23 reg=8382 peer=0 offload=0.0%
[1207/2700] req=200  seed=7  cache=2   WAN=30  dragonfly_style             mean=34.37 p95=115.73 reg=3460 peer=4922 offload=58.7%
[1208/2700] req=200  seed=7  cache=2   WAN=30  peersync_style              mean=33.16 p95=112.21 reg=3222 peer=5160 offload=61.6%
[1209/2700] req=200  seed=7  cache=2   WAN=30  metapipe_reactive_style     mean=31.03 p95=112.85 reg=3465 peer=4917 offload=58.7%
[1210/2700] req=200  seed=7  cache=2   WAN=30  ilrsa_style                 mean=96.85 p95=279.03 reg=8382 peer=0 offload=0.0%
[1211/2700] req=200  seed=7  cache=2   WAN=100 registry                    mean=22.20 p95=74.17 reg=8382 peer=0 offload=0.0%
[1212/2700] req=200  seed=7  cache=2   WAN=100 dragonfly_style             mean=10.91 p95=41.43 reg=3433 peer=4949 offload=59.0%
[1213/2700] req=200  seed=7  cache=2   WAN=100 peersync_style              mean=10.78 p95=42.79 reg=3222 peer=5160 offload=61.6%
[1214/2700] req=200  seed=7  cache=2   WAN=100 metapipe_reactive_style     mean=10.17 p95=36.31 reg=3563 peer=4819 offload=57.5%
[1215/2700] req=200  seed=7  cache=2   WAN=100 ilrsa_style                 mean=29.05 p95=83.71 reg=8382 peer=0 offload=0.0%
[1216/2700] req=200  seed=8  cache=0.5 WAN=10  registry                    mean=917.72 p95=1805.00 reg=18658 peer=0 offload=0.0%
[1217/2700] req=200  seed=8  cache=0.5 WAN=10  dragonfly_style             mean=811.58 p95=1577.70 reg=15777 peer=2881 offload=15.4%
[1218/2700] req=200  seed=8  cache=0.5 WAN=10  peersync_style              mean=747.00 p95=1471.60 reg=14716 peer=3942 offload=21.1%
[1219/2700] req=200  seed=8  cache=0.5 WAN=10  metapipe_reactive_style     mean=699.23 p95=1501.60 reg=15016 peer=3642 offload=19.5%
[1220/2700] req=200  seed=8  cache=0.5 WAN=10  ilrsa_style                 mean=1368.95 p95=1863.20 reg=18658 peer=0 offload=0.0%
[1221/2700] req=200  seed=8  cache=0.5 WAN=30  registry                    mean=305.91 p95=601.67 reg=18658 peer=0 offload=0.0%
[1222/2700] req=200  seed=8  cache=0.5 WAN=30  dragonfly_style             mean=270.56 p95=524.63 reg=15739 peer=2919 offload=15.6%
[1223/2700] req=200  seed=8  cache=0.5 WAN=30  peersync_style              mean=249.71 p95=490.60 reg=14718 peer=3940 offload=21.1%
[1224/2700] req=200  seed=8  cache=0.5 WAN=30  metapipe_reactive_style     mean=233.10 p95=500.43 reg=15013 peer=3645 offload=19.5%
[1225/2700] req=200  seed=8  cache=0.5 WAN=30  ilrsa_style                 mean=456.32 p95=621.07 reg=18658 peer=0 offload=0.0%
[1226/2700] req=200  seed=8  cache=0.5 WAN=100 registry                    mean=91.77 p95=180.50 reg=18658 peer=0 offload=0.0%
[1227/2700] req=200  seed=8  cache=0.5 WAN=100 dragonfly_style             mean=83.01 p95=165.92 reg=15759 peer=2899 offload=15.5%
[1228/2700] req=200  seed=8  cache=0.5 WAN=100 peersync_style              mean=77.32 p95=155.58 reg=14699 peer=3959 offload=21.2%
[1229/2700] req=200  seed=8  cache=0.5 WAN=100 metapipe_reactive_style     mean=72.23 p95=168.48 reg=15571 peer=3087 offload=16.5%
[1230/2700] req=200  seed=8  cache=0.5 WAN=100 ilrsa_style                 mean=136.91 p95=186.45 reg=18658 peer=0 offload=0.0%
[1231/2700] req=200  seed=8  cache=1   WAN=10  registry                    mean=729.18 p95=1487.40 reg=15586 peer=0 offload=0.0%
[1232/2700] req=200  seed=8  cache=1   WAN=10  dragonfly_style             mean=436.64 p95=787.73 reg=8439 peer=7147 offload=45.9%
[1233/2700] req=200  seed=8  cache=1   WAN=10  peersync_style              mean=396.38 p95=601.96 reg=6490 peer=9096 offload=58.4%
[1234/2700] req=200  seed=8  cache=1   WAN=10  metapipe_reactive_style     mean=440.79 p95=726.55 reg=7608 peer=7978 offload=51.2%
[1235/2700] req=200  seed=8  cache=1   WAN=10  ilrsa_style                 mean=1033.23 p95=1557.90 reg=15586 peer=0 offload=0.0%
[1236/2700] req=200  seed=8  cache=1   WAN=30  registry                    mean=243.06 p95=495.80 reg=15586 peer=0 offload=0.0%
[1237/2700] req=200  seed=8  cache=1   WAN=30  dragonfly_style             mean=152.92 p95=267.18 reg=8586 peer=7000 offload=44.9%
[1238/2700] req=200  seed=8  cache=1   WAN=30  peersync_style              mean=139.04 p95=226.91 reg=6490 peer=9096 offload=58.4%
[1239/2700] req=200  seed=8  cache=1   WAN=30  metapipe_reactive_style     mean=150.44 p95=255.60 reg=7609 peer=7977 offload=51.2%
[1240/2700] req=200  seed=8  cache=1   WAN=30  ilrsa_style                 mean=344.41 p95=519.30 reg=15586 peer=0 offload=0.0%
[1241/2700] req=200  seed=8  cache=1   WAN=100 registry                    mean=72.92 p95=148.74 reg=15586 peer=0 offload=0.0%
[1242/2700] req=200  seed=8  cache=1   WAN=100 dragonfly_style             mean=51.80 p95=103.01 reg=8165 peer=7421 offload=47.6%
[1243/2700] req=200  seed=8  cache=1   WAN=100 peersync_style              mean=49.24 p95=98.84 reg=6830 peer=8756 offload=56.2%
[1244/2700] req=200  seed=8  cache=1   WAN=100 metapipe_reactive_style     mean=48.77 p95=93.48 reg=7749 peer=7837 offload=50.3%
[1245/2700] req=200  seed=8  cache=1   WAN=100 ilrsa_style                 mean=103.34 p95=156.01 reg=15586 peer=0 offload=0.0%
[1246/2700] req=200  seed=8  cache=2   WAN=10  registry                    mean=137.62 p95=527.90 reg=5709 peer=0 offload=0.0%
[1247/2700] req=200  seed=8  cache=2   WAN=10  dragonfly_style             mean=64.23 p95=249.75 reg=2732 peer=2977 offload=52.1%
[1248/2700] req=200  seed=8  cache=2   WAN=10  peersync_style              mean=64.19 p95=249.64 reg=2726 peer=2983 offload=52.3%
[1249/2700] req=200  seed=8  cache=2   WAN=10  metapipe_reactive_style     mean=67.09 p95=262.50 reg=2782 peer=2927 offload=51.3%
[1250/2700] req=200  seed=8  cache=2   WAN=10  ilrsa_style                 mean=175.54 p95=536.90 reg=5709 peer=0 offload=0.0%
[1251/2700] req=200  seed=8  cache=2   WAN=30  registry                    mean=45.87 p95=175.97 reg=5709 peer=0 offload=0.0%
[1252/2700] req=200  seed=8  cache=2   WAN=30  dragonfly_style             mean=21.53 p95=84.20 reg=2732 peer=2977 offload=52.1%
[1253/2700] req=200  seed=8  cache=2   WAN=30  peersync_style              mean=21.52 p95=84.21 reg=2726 peer=2983 offload=52.3%
[1254/2700] req=200  seed=8  cache=2   WAN=30  metapipe_reactive_style     mean=22.47 p95=90.80 reg=2780 peer=2929 offload=51.3%
[1255/2700] req=200  seed=8  cache=2   WAN=30  ilrsa_style                 mean=58.51 p95=178.97 reg=5709 peer=0 offload=0.0%
[1256/2700] req=200  seed=8  cache=2   WAN=100 registry                    mean=13.77 p95=52.79 reg=5709 peer=0 offload=0.0%
[1257/2700] req=200  seed=8  cache=2   WAN=100 dragonfly_style             mean=6.80 p95=25.87 reg=2732 peer=2977 offload=52.1%
[1258/2700] req=200  seed=8  cache=2   WAN=100 peersync_style              mean=6.79 p95=25.82 reg=2726 peer=2983 offload=52.3%
[1259/2700] req=200  seed=8  cache=2   WAN=100 metapipe_reactive_style     mean=6.85 p95=27.14 reg=2753 peer=2956 offload=51.8%
[1260/2700] req=200  seed=8  cache=2   WAN=100 ilrsa_style                 mean=17.59 p95=53.69 reg=5709 peer=0 offload=0.0%
[1261/2700] req=200  seed=9  cache=0.5 WAN=10  registry                    mean=964.44 p95=1603.10 reg=16984 peer=0 offload=0.0%
[1262/2700] req=200  seed=9  cache=0.5 WAN=10  dragonfly_style             mean=751.47 p95=1519.50 reg=15195 peer=1789 offload=10.5%
[1263/2700] req=200  seed=9  cache=0.5 WAN=10  peersync_style              mean=713.86 p95=1441.10 reg=14411 peer=2573 offload=15.1%
[1264/2700] req=200  seed=9  cache=0.5 WAN=10  metapipe_reactive_style     mean=720.63 p95=1503.80 reg=15038 peer=1946 offload=11.5%
[1265/2700] req=200  seed=9  cache=0.5 WAN=10  ilrsa_style                 mean=1230.49 p95=1697.20 reg=16984 peer=0 offload=0.0%
[1266/2700] req=200  seed=9  cache=0.5 WAN=30  registry                    mean=321.48 p95=534.37 reg=16984 peer=0 offload=0.0%
[1267/2700] req=200  seed=9  cache=0.5 WAN=30  dragonfly_style             mean=253.37 p95=514.00 reg=15420 peer=1564 offload=9.2%
[1268/2700] req=200  seed=9  cache=0.5 WAN=30  peersync_style              mean=238.17 p95=480.37 reg=14411 peer=2573 offload=15.1%
[1269/2700] req=200  seed=9  cache=0.5 WAN=30  metapipe_reactive_style     mean=240.15 p95=501.27 reg=15038 peer=1946 offload=11.5%
[1270/2700] req=200  seed=9  cache=0.5 WAN=30  ilrsa_style                 mean=410.16 p95=565.73 reg=16984 peer=0 offload=0.0%
[1271/2700] req=200  seed=9  cache=0.5 WAN=100 registry                    mean=96.45 p95=160.31 reg=16984 peer=0 offload=0.0%
[1272/2700] req=200  seed=9  cache=0.5 WAN=100 dragonfly_style             mean=80.30 p95=177.77 reg=15420 peer=1564 offload=9.2%
[1273/2700] req=200  seed=9  cache=0.5 WAN=100 peersync_style              mean=76.61 p95=169.37 reg=14411 peer=2573 offload=15.1%
[1274/2700] req=200  seed=9  cache=0.5 WAN=100 metapipe_reactive_style     mean=75.26 p95=171.96 reg=14644 peer=2340 offload=13.8%
[1275/2700] req=200  seed=9  cache=0.5 WAN=100 ilrsa_style                 mean=123.12 p95=170.64 reg=16984 peer=0 offload=0.0%
[1276/2700] req=200  seed=9  cache=1   WAN=10  registry                    mean=752.08 p95=1343.50 reg=14181 peer=0 offload=0.0%
[1277/2700] req=200  seed=9  cache=1   WAN=10  dragonfly_style             mean=447.06 p95=656.83 reg=7341 peer=6840 offload=48.2%
[1278/2700] req=200  seed=9  cache=1   WAN=10  peersync_style              mean=421.07 p95=595.13 reg=5692 peer=8489 offload=59.9%
[1279/2700] req=200  seed=9  cache=1   WAN=10  metapipe_reactive_style     mean=412.10 p95=628.06 reg=6974 peer=7207 offload=50.8%
[1280/2700] req=200  seed=9  cache=1   WAN=10  ilrsa_style                 mean=935.81 p95=1416.90 reg=14181 peer=0 offload=0.0%
[1281/2700] req=200  seed=9  cache=1   WAN=30  registry                    mean=250.69 p95=447.83 reg=14181 peer=0 offload=0.0%
[1282/2700] req=200  seed=9  cache=1   WAN=30  dragonfly_style             mean=156.57 p95=237.81 reg=7338 peer=6843 offload=48.3%
[1283/2700] req=200  seed=9  cache=1   WAN=30  peersync_style              mean=148.36 p95=226.72 reg=5692 peer=8489 offload=59.9%
[1284/2700] req=200  seed=9  cache=1   WAN=30  metapipe_reactive_style     mean=143.41 p95=232.82 reg=6603 peer=7578 offload=53.4%
[1285/2700] req=200  seed=9  cache=1   WAN=30  ilrsa_style                 mean=311.94 p95=472.30 reg=14181 peer=0 offload=0.0%
[1286/2700] req=200  seed=9  cache=1   WAN=100 registry                    mean=75.23 p95=134.35 reg=14181 peer=0 offload=0.0%
[1287/2700] req=200  seed=9  cache=1   WAN=100 dragonfly_style             mean=56.69 p95=102.50 reg=7338 peer=6843 offload=48.3%
[1288/2700] req=200  seed=9  cache=1   WAN=100 peersync_style              mean=54.85 p95=99.30 reg=6087 peer=8094 offload=57.1%
[1289/2700] req=200  seed=9  cache=1   WAN=100 metapipe_reactive_style     mean=53.01 p95=102.53 reg=6800 peer=7381 offload=52.0%
[1290/2700] req=200  seed=9  cache=1   WAN=100 ilrsa_style                 mean=93.72 p95=143.11 reg=14181 peer=0 offload=0.0%
[1291/2700] req=200  seed=9  cache=2   WAN=10  registry                    mean=245.37 p95=967.60 reg=10663 peer=0 offload=0.0%
[1292/2700] req=200  seed=9  cache=2   WAN=10  dragonfly_style             mean=58.65 p95=270.13 reg=3184 peer=7479 offload=70.1%
[1293/2700] req=200  seed=9  cache=2   WAN=10  peersync_style              mean=45.87 p95=211.37 reg=2227 peer=8436 offload=79.1%
[1294/2700] req=200  seed=9  cache=2   WAN=10  metapipe_reactive_style     mean=65.81 p95=252.90 reg=2749 peer=7914 offload=74.2%
[1295/2700] req=200  seed=9  cache=2   WAN=10  ilrsa_style                 mean=306.61 p95=1065.00 reg=10663 peer=0 offload=0.0%
[1296/2700] req=200  seed=9  cache=2   WAN=30  registry                    mean=81.79 p95=322.53 reg=10663 peer=0 offload=0.0%
[1297/2700] req=200  seed=9  cache=2   WAN=30  dragonfly_style             mean=21.00 p95=92.85 reg=3185 peer=7478 offload=70.1%
[1298/2700] req=200  seed=9  cache=2   WAN=30  peersync_style              mean=16.64 p95=70.24 reg=2227 peer=8436 offload=79.1%
[1299/2700] req=200  seed=9  cache=2   WAN=30  metapipe_reactive_style     mean=23.04 p95=89.63 reg=2749 peer=7914 offload=74.2%
[1300/2700] req=200  seed=9  cache=2   WAN=30  ilrsa_style                 mean=102.20 p95=355.00 reg=10663 peer=0 offload=0.0%
[1301/2700] req=200  seed=9  cache=2   WAN=100 registry                    mean=24.54 p95=96.76 reg=10663 peer=0 offload=0.0%
[1302/2700] req=200  seed=9  cache=2   WAN=100 dragonfly_style             mean=6.66 p95=28.51 reg=2599 peer=8064 offload=75.6%
[1303/2700] req=200  seed=9  cache=2   WAN=100 peersync_style              mean=6.60 p95=28.28 reg=2227 peer=8436 offload=79.1%
[1304/2700] req=200  seed=9  cache=2   WAN=100 metapipe_reactive_style     mean=8.28 p95=33.14 reg=3049 peer=7614 offload=71.4%
[1305/2700] req=200  seed=9  cache=2   WAN=100 ilrsa_style                 mean=30.68 p95=106.74 reg=10663 peer=0 offload=0.0%
[1306/2700] req=200  seed=10 cache=0.5 WAN=10  registry                    mean=827.44 p95=1442.50 reg=15092 peer=0 offload=0.0%
[1307/2700] req=200  seed=10 cache=0.5 WAN=10  dragonfly_style             mean=642.75 p95=1188.70 reg=12774 peer=2318 offload=15.4%
[1308/2700] req=200  seed=10 cache=0.5 WAN=10  peersync_style              mean=615.11 p95=1130.00 reg=12187 peer=2905 offload=19.2%
[1309/2700] req=200  seed=10 cache=0.5 WAN=10  metapipe_reactive_style     mean=610.45 p95=1179.30 reg=12680 peer=2412 offload=16.0%
[1310/2700] req=200  seed=10 cache=0.5 WAN=10  ilrsa_style                 mean=1048.94 p95=1497.60 reg=15092 peer=0 offload=0.0%
[1311/2700] req=200  seed=10 cache=0.5 WAN=30  registry                    mean=275.81 p95=480.83 reg=15092 peer=0 offload=0.0%
[1312/2700] req=200  seed=10 cache=0.5 WAN=30  dragonfly_style             mean=214.43 p95=396.23 reg=12774 peer=2318 offload=15.4%
[1313/2700] req=200  seed=10 cache=0.5 WAN=30  peersync_style              mean=209.75 p95=387.53 reg=12513 peer=2579 offload=17.1%
[1314/2700] req=200  seed=10 cache=0.5 WAN=30  metapipe_reactive_style     mean=203.38 p95=393.03 reg=12678 peer=2414 offload=16.0%
[1315/2700] req=200  seed=10 cache=0.5 WAN=30  ilrsa_style                 mean=349.65 p95=499.20 reg=15092 peer=0 offload=0.0%
[1316/2700] req=200  seed=10 cache=0.5 WAN=100 registry                    mean=82.75 p95=144.25 reg=15092 peer=0 offload=0.0%
[1317/2700] req=200  seed=10 cache=0.5 WAN=100 dragonfly_style             mean=68.11 p95=135.07 reg=13122 peer=1970 offload=13.1%
[1318/2700] req=200  seed=10 cache=0.5 WAN=100 peersync_style              mean=63.32 p95=125.92 reg=12155 peer=2937 offload=19.5%
[1319/2700] req=200  seed=10 cache=0.5 WAN=100 metapipe_reactive_style     mean=60.39 p95=128.18 reg=12728 peer=2364 offload=15.7%
[1320/2700] req=200  seed=10 cache=0.5 WAN=100 ilrsa_style                 mean=104.91 p95=149.76 reg=15092 peer=0 offload=0.0%
[1321/2700] req=200  seed=10 cache=1   WAN=10  registry                    mean=787.27 p95=1496.60 reg=16226 peer=0 offload=0.0%
[1322/2700] req=200  seed=10 cache=1   WAN=10  dragonfly_style             mean=338.56 p95=621.76 reg=6813 peer=9413 offload=58.0%
[1323/2700] req=200  seed=10 cache=1   WAN=10  peersync_style              mean=276.43 p95=471.75 reg=4116 peer=12110 offload=74.6%
[1324/2700] req=200  seed=10 cache=1   WAN=10  metapipe_reactive_style     mean=305.98 p95=521.54 reg=5588 peer=10638 offload=65.6%
[1325/2700] req=200  seed=10 cache=1   WAN=10  ilrsa_style                 mean=1007.47 p95=1621.30 reg=16226 peer=0 offload=0.0%
[1326/2700] req=200  seed=10 cache=1   WAN=30  registry                    mean=262.42 p95=498.87 reg=16226 peer=0 offload=0.0%
[1327/2700] req=200  seed=10 cache=1   WAN=30  dragonfly_style             mean=124.17 p95=213.37 reg=6553 peer=9673 offload=59.6%
[1328/2700] req=200  seed=10 cache=1   WAN=30  peersync_style              mean=106.62 p95=198.62 reg=4489 peer=11737 offload=72.3%
[1329/2700] req=200  seed=10 cache=1   WAN=30  metapipe_reactive_style     mean=112.06 p95=204.40 reg=5611 peer=10615 offload=65.4%
[1330/2700] req=200  seed=10 cache=1   WAN=30  ilrsa_style                 mean=335.82 p95=540.43 reg=16226 peer=0 offload=0.0%
[1331/2700] req=200  seed=10 cache=1   WAN=100 registry                    mean=78.73 p95=149.66 reg=16226 peer=0 offload=0.0%
[1332/2700] req=200  seed=10 cache=1   WAN=100 dragonfly_style             mean=51.98 p95=105.37 reg=6549 peer=9677 offload=59.6%
[1333/2700] req=200  seed=10 cache=1   WAN=100 peersync_style              mean=46.46 p95=97.96 reg=4626 peer=11600 offload=71.5%
[1334/2700] req=200  seed=10 cache=1   WAN=100 metapipe_reactive_style     mean=36.97 p95=82.82 reg=5617 peer=10609 offload=65.4%
[1335/2700] req=200  seed=10 cache=1   WAN=100 ilrsa_style                 mean=100.78 p95=162.50 reg=16226 peer=0 offload=0.0%
[1336/2700] req=200  seed=10 cache=2   WAN=10  registry                    mean=123.05 p95=633.60 reg=6721 peer=0 offload=0.0%
[1337/2700] req=200  seed=10 cache=2   WAN=10  dragonfly_style             mean=14.64 p95=77.62 reg=1168 peer=5553 offload=82.6%
[1338/2700] req=200  seed=10 cache=2   WAN=10  peersync_style              mean=14.62 p95=77.61 reg=1140 peer=5581 offload=83.0%
[1339/2700] req=200  seed=10 cache=2   WAN=10  metapipe_reactive_style     mean=19.84 p95=115.67 reg=1731 peer=4990 offload=74.2%
[1340/2700] req=200  seed=10 cache=2   WAN=10  ilrsa_style                 mean=158.90 p95=671.00 reg=6721 peer=0 offload=0.0%
[1341/2700] req=200  seed=10 cache=2   WAN=30  registry                    mean=41.02 p95=211.20 reg=6721 peer=0 offload=0.0%
[1342/2700] req=200  seed=10 cache=2   WAN=30  dragonfly_style             mean=6.30 p95=29.77 reg=1168 peer=5553 offload=82.6%
[1343/2700] req=200  seed=10 cache=2   WAN=30  peersync_style              mean=6.30 p95=29.77 reg=1140 peer=5581 offload=83.0%
[1344/2700] req=200  seed=10 cache=2   WAN=30  metapipe_reactive_style     mean=7.54 p95=39.05 reg=1731 peer=4990 offload=74.2%
[1345/2700] req=200  seed=10 cache=2   WAN=30  ilrsa_style                 mean=52.97 p95=223.67 reg=6721 peer=0 offload=0.0%
[1346/2700] req=200  seed=10 cache=2   WAN=100 registry                    mean=12.35 p95=63.36 reg=6721 peer=0 offload=0.0%
[1347/2700] req=200  seed=10 cache=2   WAN=100 dragonfly_style             mean=3.89 p95=18.25 reg=1168 peer=5553 offload=82.6%
[1348/2700] req=200  seed=10 cache=2   WAN=100 peersync_style              mean=3.89 p95=18.25 reg=1140 peer=5581 offload=83.0%
[1349/2700] req=200  seed=10 cache=2   WAN=100 metapipe_reactive_style     mean=3.67 p95=19.46 reg=1360 peer=5361 offload=79.8%
[1350/2700] req=200  seed=10 cache=2   WAN=100 ilrsa_style                 mean=15.99 p95=69.10 reg=6721 peer=0 offload=0.0%
[1351/2700] req=200  seed=11 cache=0.5 WAN=10  registry                    mean=1037.34 p95=1742.80 reg=18103 peer=0 offload=0.0%
[1352/2700] req=200  seed=11 cache=0.5 WAN=10  dragonfly_style             mean=815.59 p95=1352.00 reg=15294 peer=2809 offload=15.5%
[1353/2700] req=200  seed=11 cache=0.5 WAN=10  peersync_style              mean=797.45 p95=1299.80 reg=14772 peer=3331 offload=18.4%
[1354/2700] req=200  seed=11 cache=0.5 WAN=10  metapipe_reactive_style     mean=708.31 p95=1331.50 reg=15089 peer=3014 offload=16.6%
[1355/2700] req=200  seed=11 cache=0.5 WAN=10  ilrsa_style                 mean=1266.45 p95=1809.80 reg=18103 peer=0 offload=0.0%
[1356/2700] req=200  seed=11 cache=0.5 WAN=30  registry                    mean=345.78 p95=580.93 reg=18103 peer=0 offload=0.0%
[1357/2700] req=200  seed=11 cache=0.5 WAN=30  dragonfly_style             mean=274.36 p95=455.73 reg=15446 peer=2657 offload=14.7%
[1358/2700] req=200  seed=11 cache=0.5 WAN=30  peersync_style              mean=266.16 p95=433.27 reg=14772 peer=3331 offload=18.4%
[1359/2700] req=200  seed=11 cache=0.5 WAN=30  metapipe_reactive_style     mean=235.29 p95=445.47 reg=15138 peer=2965 offload=16.4%
[1360/2700] req=200  seed=11 cache=0.5 WAN=30  ilrsa_style                 mean=422.15 p95=603.27 reg=18103 peer=0 offload=0.0%
[1361/2700] req=200  seed=11 cache=0.5 WAN=100 registry                    mean=103.75 p95=174.28 reg=18103 peer=0 offload=0.0%
[1362/2700] req=200  seed=11 cache=0.5 WAN=100 dragonfly_style             mean=85.11 p95=145.92 reg=15730 peer=2373 offload=13.1%
[1363/2700] req=200  seed=11 cache=0.5 WAN=100 peersync_style              mean=80.93 p95=136.78 reg=14772 peer=3331 offload=18.4%
[1364/2700] req=200  seed=11 cache=0.5 WAN=100 metapipe_reactive_style     mean=71.13 p95=138.98 reg=15158 peer=2945 offload=16.3%
[1365/2700] req=200  seed=11 cache=0.5 WAN=100 ilrsa_style                 mean=126.74 p95=182.69 reg=18103 peer=0 offload=0.0%
[1366/2700] req=200  seed=11 cache=1   WAN=10  registry                    mean=815.67 p95=1580.30 reg=16516 peer=0 offload=0.0%
[1367/2700] req=200  seed=11 cache=1   WAN=10  dragonfly_style             mean=488.05 p95=778.82 reg=8553 peer=7963 offload=48.2%
[1368/2700] req=200  seed=11 cache=1   WAN=10  peersync_style              mean=440.92 p95=665.09 reg=7383 peer=9133 offload=55.3%
[1369/2700] req=200  seed=11 cache=1   WAN=10  metapipe_reactive_style     mean=475.43 p95=759.68 reg=8451 peer=8065 offload=48.8%
[1370/2700] req=200  seed=11 cache=1   WAN=10  ilrsa_style                 mean=1160.07 p95=1648.20 reg=16516 peer=0 offload=0.0%
[1371/2700] req=200  seed=11 cache=1   WAN=30  registry                    mean=271.89 p95=526.77 reg=16516 peer=0 offload=0.0%
[1372/2700] req=200  seed=11 cache=1   WAN=30  dragonfly_style             mean=164.11 p95=257.58 reg=8127 peer=8389 offload=50.8%
[1373/2700] req=200  seed=11 cache=1   WAN=30  peersync_style              mean=152.06 p95=240.62 reg=6690 peer=9826 offload=59.5%
[1374/2700] req=200  seed=11 cache=1   WAN=30  metapipe_reactive_style     mean=177.39 p95=326.40 reg=8612 peer=7904 offload=47.9%
[1375/2700] req=200  seed=11 cache=1   WAN=30  ilrsa_style                 mean=386.69 p95=549.40 reg=16516 peer=0 offload=0.0%
[1376/2700] req=200  seed=11 cache=1   WAN=100 registry                    mean=81.57 p95=158.03 reg=16516 peer=0 offload=0.0%
[1377/2700] req=200  seed=11 cache=1   WAN=100 dragonfly_style             mean=60.72 p95=111.62 reg=8191 peer=8325 offload=50.4%
[1378/2700] req=200  seed=11 cache=1   WAN=100 peersync_style              mean=57.85 p95=108.40 reg=6690 peer=9826 offload=59.5%
[1379/2700] req=200  seed=11 cache=1   WAN=100 metapipe_reactive_style     mean=56.11 p95=113.50 reg=8604 peer=7912 offload=47.9%
[1380/2700] req=200  seed=11 cache=1   WAN=100 ilrsa_style                 mean=116.04 p95=165.41 reg=16516 peer=0 offload=0.0%
[1381/2700] req=200  seed=11 cache=2   WAN=10  registry                    mean=235.46 p95=783.80 reg=8809 peer=0 offload=0.0%
[1382/2700] req=200  seed=11 cache=2   WAN=10  dragonfly_style             mean=95.27 p95=377.98 reg=3888 peer=4921 offload=55.9%
[1383/2700] req=200  seed=11 cache=2   WAN=10  peersync_style              mean=88.84 p95=331.60 reg=3342 peer=5467 offload=62.1%
[1384/2700] req=200  seed=11 cache=2   WAN=10  metapipe_reactive_style     mean=106.61 p95=346.24 reg=4302 peer=4507 offload=51.2%
[1385/2700] req=200  seed=11 cache=2   WAN=10  ilrsa_style                 mean=306.80 p95=879.30 reg=8809 peer=0 offload=0.0%
[1386/2700] req=200  seed=11 cache=2   WAN=30  registry                    mean=78.49 p95=261.27 reg=8809 peer=0 offload=0.0%
[1387/2700] req=200  seed=11 cache=2   WAN=30  dragonfly_style             mean=33.95 p95=124.76 reg=4257 peer=4552 offload=51.7%
[1388/2700] req=200  seed=11 cache=2   WAN=30  peersync_style              mean=31.18 p95=110.88 reg=3342 peer=5467 offload=62.1%
[1389/2700] req=200  seed=11 cache=2   WAN=30  metapipe_reactive_style     mean=36.18 p95=115.69 reg=4302 peer=4507 offload=51.2%
[1390/2700] req=200  seed=11 cache=2   WAN=30  ilrsa_style                 mean=102.27 p95=293.10 reg=8809 peer=0 offload=0.0%
[1391/2700] req=200  seed=11 cache=2   WAN=100 registry                    mean=23.56 p95=78.38 reg=8809 peer=0 offload=0.0%
[1392/2700] req=200  seed=11 cache=2   WAN=100 dragonfly_style             mean=10.56 p95=35.68 reg=3867 peer=4942 offload=56.1%
[1393/2700] req=200  seed=11 cache=2   WAN=100 peersync_style              mean=9.96 p95=30.76 reg=3342 peer=5467 offload=62.1%
[1394/2700] req=200  seed=11 cache=2   WAN=100 metapipe_reactive_style     mean=11.44 p95=37.68 reg=3908 peer=4901 offload=55.6%
[1395/2700] req=200  seed=11 cache=2   WAN=100 ilrsa_style                 mean=30.73 p95=88.76 reg=8809 peer=0 offload=0.0%
[1396/2700] req=200  seed=12 cache=0.5 WAN=10  registry                    mean=964.44 p95=1607.90 reg=16628 peer=0 offload=0.0%
[1397/2700] req=200  seed=12 cache=0.5 WAN=10  dragonfly_style             mean=752.97 p95=1347.30 reg=14360 peer=2268 offload=13.6%
[1398/2700] req=200  seed=12 cache=0.5 WAN=10  peersync_style              mean=724.65 p95=1288.40 reg=13771 peer=2857 offload=17.2%
[1399/2700] req=200  seed=12 cache=0.5 WAN=10  metapipe_reactive_style     mean=665.28 p95=1315.20 reg=14039 peer=2589 offload=15.6%
[1400/2700] req=200  seed=12 cache=0.5 WAN=10  ilrsa_style                 mean=1179.88 p95=1660.60 reg=16628 peer=0 offload=0.0%
[1401/2700] req=200  seed=12 cache=0.5 WAN=30  registry                    mean=321.48 p95=535.97 reg=16628 peer=0 offload=0.0%
[1402/2700] req=200  seed=12 cache=0.5 WAN=30  dragonfly_style             mean=251.18 p95=449.10 reg=14360 peer=2268 offload=13.6%
[1403/2700] req=200  seed=12 cache=0.5 WAN=30  peersync_style              mean=241.84 p95=429.47 reg=13771 peer=2857 offload=17.2%
[1404/2700] req=200  seed=12 cache=0.5 WAN=30  metapipe_reactive_style     mean=222.98 p95=438.40 reg=14039 peer=2589 offload=15.6%
[1405/2700] req=200  seed=12 cache=0.5 WAN=30  ilrsa_style                 mean=393.29 p95=553.53 reg=16628 peer=0 offload=0.0%
[1406/2700] req=200  seed=12 cache=0.5 WAN=100 registry                    mean=96.46 p95=160.79 reg=16628 peer=0 offload=0.0%
[1407/2700] req=200  seed=12 cache=0.5 WAN=100 dragonfly_style             mean=77.01 p95=143.31 reg=14361 peer=2267 offload=13.6%
[1408/2700] req=200  seed=12 cache=0.5 WAN=100 peersync_style              mean=74.57 p95=139.16 reg=13793 peer=2835 offload=17.0%
[1409/2700] req=200  seed=12 cache=0.5 WAN=100 metapipe_reactive_style     mean=68.15 p95=140.18 reg=14015 peer=2613 offload=15.7%
[1410/2700] req=200  seed=12 cache=0.5 WAN=100 ilrsa_style                 mean=118.09 p95=167.16 reg=16628 peer=0 offload=0.0%
[1411/2700] req=200  seed=12 cache=1   WAN=10  registry                    mean=848.59 p95=1655.60 reg=17184 peer=0 offload=0.0%
[1412/2700] req=200  seed=12 cache=1   WAN=10  dragonfly_style             mean=426.70 p95=662.91 reg=6910 peer=10274 offload=59.8%
[1413/2700] req=200  seed=12 cache=1   WAN=10  peersync_style              mean=377.89 p95=574.66 reg=5472 peer=11712 offload=68.2%
[1414/2700] req=200  seed=12 cache=1   WAN=10  metapipe_reactive_style     mean=438.06 p95=751.37 reg=8005 peer=9179 offload=53.4%
[1415/2700] req=200  seed=12 cache=1   WAN=10  ilrsa_style                 mean=1188.52 p95=1717.40 reg=17184 peer=0 offload=0.0%
[1416/2700] req=200  seed=12 cache=1   WAN=30  registry                    mean=282.86 p95=551.87 reg=17184 peer=0 offload=0.0%
[1417/2700] req=200  seed=12 cache=1   WAN=30  dragonfly_style             mean=152.92 p95=249.91 reg=6910 peer=10274 offload=59.8%
[1418/2700] req=200  seed=12 cache=1   WAN=30  peersync_style              mean=137.20 p95=225.94 reg=5472 peer=11712 offload=68.2%
[1419/2700] req=200  seed=12 cache=1   WAN=30  metapipe_reactive_style     mean=146.39 p95=241.39 reg=7527 peer=9657 offload=56.2%
[1420/2700] req=200  seed=12 cache=1   WAN=30  ilrsa_style                 mean=396.17 p95=572.47 reg=17184 peer=0 offload=0.0%
[1421/2700] req=200  seed=12 cache=1   WAN=100 registry                    mean=84.97 p95=165.56 reg=17184 peer=0 offload=0.0%
[1422/2700] req=200  seed=12 cache=1   WAN=100 dragonfly_style             mean=56.64 p95=108.97 reg=7111 peer=10073 offload=58.6%
[1423/2700] req=200  seed=12 cache=1   WAN=100 peersync_style              mean=54.39 p95=105.48 reg=5921 peer=11263 offload=65.5%
[1424/2700] req=200  seed=12 cache=1   WAN=100 metapipe_reactive_style     mean=50.42 p95=92.31 reg=7525 peer=9659 offload=56.2%
[1425/2700] req=200  seed=12 cache=1   WAN=100 ilrsa_style                 mean=119.23 p95=175.86 reg=17184 peer=0 offload=0.0%
[1426/2700] req=200  seed=12 cache=2   WAN=10  registry                    mean=93.38 p95=502.70 reg=6081 peer=0 offload=0.0%
[1427/2700] req=200  seed=12 cache=2   WAN=10  dragonfly_style             mean=44.75 p95=218.30 reg=2336 peer=3745 offload=61.6%
[1428/2700] req=200  seed=12 cache=2   WAN=10  peersync_style              mean=41.22 p95=194.90 reg=1949 peer=4132 offload=67.9%
[1429/2700] req=200  seed=12 cache=2   WAN=10  metapipe_reactive_style     mean=45.68 p95=231.74 reg=2442 peer=3639 offload=59.8%
[1430/2700] req=200  seed=12 cache=2   WAN=10  ilrsa_style                 mean=149.64 p95=606.60 reg=6081 peer=0 offload=0.0%
[1431/2700] req=200  seed=12 cache=2   WAN=30  registry                    mean=31.13 p95=167.57 reg=6081 peer=0 offload=0.0%
[1432/2700] req=200  seed=12 cache=2   WAN=30  dragonfly_style             mean=15.55 p95=75.11 reg=2336 peer=3745 offload=61.6%
[1433/2700] req=200  seed=12 cache=2   WAN=30  peersync_style              mean=14.39 p95=66.14 reg=1949 peer=4132 offload=67.9%
[1434/2700] req=200  seed=12 cache=2   WAN=30  metapipe_reactive_style     mean=15.61 p95=79.98 reg=2442 peer=3639 offload=59.8%
[1435/2700] req=200  seed=12 cache=2   WAN=30  ilrsa_style                 mean=49.88 p95=202.20 reg=6081 peer=0 offload=0.0%
[1436/2700] req=200  seed=12 cache=2   WAN=100 registry                    mean=9.39 p95=50.27 reg=6081 peer=0 offload=0.0%
[1437/2700] req=200  seed=12 cache=2   WAN=100 dragonfly_style             mean=5.24 p95=23.47 reg=2167 peer=3914 offload=64.4%
[1438/2700] req=200  seed=12 cache=2   WAN=100 peersync_style              mean=5.09 p95=22.51 reg=1949 peer=4132 offload=67.9%
[1439/2700] req=200  seed=12 cache=2   WAN=100 metapipe_reactive_style     mean=5.32 p95=26.31 reg=2628 peer=3453 offload=56.8%
[1440/2700] req=200  seed=12 cache=2   WAN=100 ilrsa_style                 mean=15.09 p95=63.09 reg=6081 peer=0 offload=0.0%
[1441/2700] req=200  seed=13 cache=0.5 WAN=10  registry                    mean=996.37 p95=1743.30 reg=17730 peer=0 offload=0.0%
[1442/2700] req=200  seed=13 cache=0.5 WAN=10  dragonfly_style             mean=802.82 p95=1491.60 reg=14916 peer=2814 offload=15.9%
[1443/2700] req=200  seed=13 cache=0.5 WAN=10  peersync_style              mean=754.16 p95=1440.40 reg=14404 peer=3326 offload=18.8%
[1444/2700] req=200  seed=13 cache=0.5 WAN=10  metapipe_reactive_style     mean=680.93 p95=1399.70 reg=13997 peer=3733 offload=21.1%
[1445/2700] req=200  seed=13 cache=0.5 WAN=10  ilrsa_style                 mean=1234.31 p95=1771.10 reg=17730 peer=0 offload=0.0%
[1446/2700] req=200  seed=13 cache=0.5 WAN=30  registry                    mean=332.12 p95=581.10 reg=17730 peer=0 offload=0.0%
[1447/2700] req=200  seed=13 cache=0.5 WAN=30  dragonfly_style             mean=267.59 p95=497.20 reg=14916 peer=2814 offload=15.9%
[1448/2700] req=200  seed=13 cache=0.5 WAN=30  peersync_style              mean=251.13 p95=479.70 reg=14391 peer=3339 offload=18.8%
[1449/2700] req=200  seed=13 cache=0.5 WAN=30  metapipe_reactive_style     mean=227.28 p95=466.57 reg=13997 peer=3733 offload=21.1%
[1450/2700] req=200  seed=13 cache=0.5 WAN=30  ilrsa_style                 mean=411.44 p95=590.37 reg=17730 peer=0 offload=0.0%
[1451/2700] req=200  seed=13 cache=0.5 WAN=100 registry                    mean=99.65 p95=174.33 reg=17730 peer=0 offload=0.0%
[1452/2700] req=200  seed=13 cache=0.5 WAN=100 dragonfly_style             mean=83.13 p95=150.60 reg=15196 peer=2534 offload=14.3%
[1453/2700] req=200  seed=13 cache=0.5 WAN=100 peersync_style              mean=74.19 p95=144.64 reg=14101 peer=3629 offload=20.5%
[1454/2700] req=200  seed=13 cache=0.5 WAN=100 metapipe_reactive_style     mean=70.27 p95=154.05 reg=13997 peer=3733 offload=21.1%
[1455/2700] req=200  seed=13 cache=0.5 WAN=100 ilrsa_style                 mean=123.48 p95=177.78 reg=17730 peer=0 offload=0.0%
[1456/2700] req=200  seed=13 cache=1   WAN=10  registry                    mean=799.64 p95=1566.80 reg=16038 peer=0 offload=0.0%
[1457/2700] req=200  seed=13 cache=1   WAN=10  dragonfly_style             mean=433.44 p95=653.02 reg=7580 peer=8458 offload=52.7%
[1458/2700] req=200  seed=13 cache=1   WAN=10  peersync_style              mean=427.55 p95=651.27 reg=6935 peer=9103 offload=56.8%
[1459/2700] req=200  seed=13 cache=1   WAN=10  metapipe_reactive_style     mean=409.65 p95=653.45 reg=6866 peer=9172 offload=57.2%
[1460/2700] req=200  seed=13 cache=1   WAN=10  ilrsa_style                 mean=1037.81 p95=1601.90 reg=16038 peer=0 offload=0.0%
[1461/2700] req=200  seed=13 cache=1   WAN=30  registry                    mean=266.55 p95=522.27 reg=16038 peer=0 offload=0.0%
[1462/2700] req=200  seed=13 cache=1   WAN=30  dragonfly_style             mean=151.56 p95=235.96 reg=7265 peer=8773 offload=54.7%
[1463/2700] req=200  seed=13 cache=1   WAN=30  peersync_style              mean=147.81 p95=231.97 reg=6935 peer=9103 offload=56.8%
[1464/2700] req=200  seed=13 cache=1   WAN=30  metapipe_reactive_style     mean=140.51 p95=237.66 reg=6641 peer=9397 offload=58.6%
[1465/2700] req=200  seed=13 cache=1   WAN=30  ilrsa_style                 mean=345.94 p95=533.97 reg=16038 peer=0 offload=0.0%
[1466/2700] req=200  seed=13 cache=1   WAN=100 registry                    mean=79.97 p95=156.68 reg=16038 peer=0 offload=0.0%
[1467/2700] req=200  seed=13 cache=1   WAN=100 dragonfly_style             mean=51.16 p95=93.86 reg=7533 peer=8505 offload=53.0%
[1468/2700] req=200  seed=13 cache=1   WAN=100 peersync_style              mean=50.15 p95=92.76 reg=6933 peer=9105 offload=56.8%
[1469/2700] req=200  seed=13 cache=1   WAN=100 metapipe_reactive_style     mean=45.17 p95=89.89 reg=6880 peer=9158 offload=57.1%
[1470/2700] req=200  seed=13 cache=1   WAN=100 ilrsa_style                 mean=103.78 p95=160.23 reg=16038 peer=0 offload=0.0%
[1471/2700] req=200  seed=13 cache=2   WAN=10  registry                    mean=416.50 p95=1042.10 reg=11125 peer=0 offload=0.0%
[1472/2700] req=200  seed=13 cache=2   WAN=10  dragonfly_style             mean=132.86 p95=328.84 reg=3591 peer=7534 offload=67.7%
[1473/2700] req=200  seed=13 cache=2   WAN=10  peersync_style              mean=129.22 p95=313.57 reg=3230 peer=7895 offload=71.0%
[1474/2700] req=200  seed=13 cache=2   WAN=10  metapipe_reactive_style     mean=130.44 p95=376.67 reg=3742 peer=7383 offload=66.4%
[1475/2700] req=200  seed=13 cache=2   WAN=10  ilrsa_style                 mean=530.27 p95=1111.70 reg=11125 peer=0 offload=0.0%
[1476/2700] req=200  seed=13 cache=2   WAN=30  registry                    mean=138.83 p95=347.37 reg=11125 peer=0 offload=0.0%
[1477/2700] req=200  seed=13 cache=2   WAN=30  dragonfly_style             mean=45.44 p95=109.21 reg=3591 peer=7534 offload=67.7%
[1478/2700] req=200  seed=13 cache=2   WAN=30  peersync_style              mean=44.76 p95=105.58 reg=3230 peer=7895 offload=71.0%
[1479/2700] req=200  seed=13 cache=2   WAN=30  metapipe_reactive_style     mean=45.99 p95=127.38 reg=3837 peer=7288 offload=65.5%
[1480/2700] req=200  seed=13 cache=2   WAN=30  ilrsa_style                 mean=176.76 p95=370.57 reg=11125 peer=0 offload=0.0%
[1481/2700] req=200  seed=13 cache=2   WAN=100 registry                    mean=41.69 p95=104.21 reg=11125 peer=0 offload=0.0%
[1482/2700] req=200  seed=13 cache=2   WAN=100 dragonfly_style             mean=16.01 p95=40.55 reg=3499 peer=7626 offload=68.5%
[1483/2700] req=200  seed=13 cache=2   WAN=100 peersync_style              mean=15.46 p95=37.07 reg=3230 peer=7895 offload=71.0%
[1484/2700] req=200  seed=13 cache=2   WAN=100 metapipe_reactive_style     mean=16.04 p95=50.86 reg=3837 peer=7288 offload=65.5%
[1485/2700] req=200  seed=13 cache=2   WAN=100 ilrsa_style                 mean=53.35 p95=114.38 reg=11125 peer=0 offload=0.0%
[1486/2700] req=200  seed=14 cache=0.5 WAN=10  registry                    mean=900.28 p95=1620.40 reg=16374 peer=0 offload=0.0%
[1487/2700] req=200  seed=14 cache=0.5 WAN=10  dragonfly_style             mean=727.59 p95=1284.80 reg=13735 peer=2639 offload=16.1%
[1488/2700] req=200  seed=14 cache=0.5 WAN=10  peersync_style              mean=674.85 p95=1164.60 reg=12533 peer=3841 offload=23.5%
[1489/2700] req=200  seed=14 cache=0.5 WAN=10  metapipe_reactive_style     mean=624.43 p95=1193.90 reg=12826 peer=3548 offload=21.7%
[1490/2700] req=200  seed=14 cache=0.5 WAN=10  ilrsa_style                 mean=1221.07 p95=1636.90 reg=16374 peer=0 offload=0.0%
[1491/2700] req=200  seed=14 cache=0.5 WAN=30  registry                    mean=300.09 p95=540.13 reg=16374 peer=0 offload=0.0%
[1492/2700] req=200  seed=14 cache=0.5 WAN=30  dragonfly_style             mean=244.09 p95=432.00 reg=13847 peer=2527 offload=15.4%
[1493/2700] req=200  seed=14 cache=0.5 WAN=30  peersync_style              mean=224.87 p95=388.17 reg=12532 peer=3842 offload=23.5%
[1494/2700] req=200  seed=14 cache=0.5 WAN=30  metapipe_reactive_style     mean=207.39 p95=396.77 reg=12790 peer=3584 offload=21.9%
[1495/2700] req=200  seed=14 cache=0.5 WAN=30  ilrsa_style                 mean=407.02 p95=545.63 reg=16374 peer=0 offload=0.0%
[1496/2700] req=200  seed=14 cache=0.5 WAN=100 registry                    mean=90.03 p95=162.04 reg=16374 peer=0 offload=0.0%
[1497/2700] req=200  seed=14 cache=0.5 WAN=100 dragonfly_style             mean=72.80 p95=134.96 reg=13631 peer=2743 offload=16.8%
[1498/2700] req=200  seed=14 cache=0.5 WAN=100 peersync_style              mean=70.83 p95=140.46 reg=13017 peer=3357 offload=20.5%
[1499/2700] req=200  seed=14 cache=0.5 WAN=100 metapipe_reactive_style     mean=64.75 p95=142.02 reg=13125 peer=3249 offload=19.8%
[1500/2700] req=200  seed=14 cache=0.5 WAN=100 ilrsa_style                 mean=122.13 p95=164.04 reg=16374 peer=0 offload=0.0%
[1501/2700] req=200  seed=14 cache=1   WAN=10  registry                    mean=743.79 p95=1555.90 reg=16220 peer=0 offload=0.0%
[1502/2700] req=200  seed=14 cache=1   WAN=10  dragonfly_style             mean=348.40 p95=620.45 reg=7166 peer=9054 offload=55.8%
[1503/2700] req=200  seed=14 cache=1   WAN=10  peersync_style              mean=305.61 p95=568.64 reg=5970 peer=10250 offload=63.2%
[1504/2700] req=200  seed=14 cache=1   WAN=10  metapipe_reactive_style     mean=342.10 p95=656.36 reg=6664 peer=9556 offload=58.9%
[1505/2700] req=200  seed=14 cache=1   WAN=10  ilrsa_style                 mean=1130.31 p95=1621.40 reg=16220 peer=0 offload=0.0%
[1506/2700] req=200  seed=14 cache=1   WAN=30  registry                    mean=247.93 p95=518.63 reg=16220 peer=0 offload=0.0%
[1507/2700] req=200  seed=14 cache=1   WAN=30  dragonfly_style             mean=124.40 p95=236.80 reg=7338 peer=8882 offload=54.8%
[1508/2700] req=200  seed=14 cache=1   WAN=30  peersync_style              mean=109.78 p95=235.44 reg=6265 peer=9955 offload=61.4%
[1509/2700] req=200  seed=14 cache=1   WAN=30  metapipe_reactive_style     mean=117.38 p95=220.59 reg=6664 peer=9556 offload=58.9%
[1510/2700] req=200  seed=14 cache=1   WAN=30  ilrsa_style                 mean=376.77 p95=540.47 reg=16220 peer=0 offload=0.0%
[1511/2700] req=200  seed=14 cache=1   WAN=100 registry                    mean=74.39 p95=155.59 reg=16220 peer=0 offload=0.0%
[1512/2700] req=200  seed=14 cache=1   WAN=100 dragonfly_style             mean=43.01 p95=89.04 reg=8178 peer=8042 offload=49.6%
[1513/2700] req=200  seed=14 cache=1   WAN=100 peersync_style              mean=39.69 p95=83.57 reg=6135 peer=10085 offload=62.2%
[1514/2700] req=200  seed=14 cache=1   WAN=100 metapipe_reactive_style     mean=38.61 p95=83.40 reg=6552 peer=9668 offload=59.6%
[1515/2700] req=200  seed=14 cache=1   WAN=100 ilrsa_style                 mean=113.11 p95=163.31 reg=16220 peer=0 offload=0.0%
[1516/2700] req=200  seed=14 cache=2   WAN=10  registry                    mean=119.71 p95=531.20 reg=6068 peer=0 offload=0.0%
[1517/2700] req=200  seed=14 cache=2   WAN=10  dragonfly_style             mean=46.48 p95=211.85 reg=2135 peer=3933 offload=64.8%
[1518/2700] req=200  seed=14 cache=2   WAN=10  peersync_style              mean=46.48 p95=211.85 reg=2135 peer=3933 offload=64.8%
[1519/2700] req=200  seed=14 cache=2   WAN=10  metapipe_reactive_style     mean=55.95 p95=244.40 reg=2803 peer=3265 offload=53.8%
[1520/2700] req=200  seed=14 cache=2   WAN=10  ilrsa_style                 mean=161.73 p95=569.40 reg=6068 peer=0 offload=0.0%
[1521/2700] req=200  seed=14 cache=2   WAN=30  registry                    mean=39.90 p95=177.07 reg=6068 peer=0 offload=0.0%
[1522/2700] req=200  seed=14 cache=2   WAN=30  dragonfly_style             mean=16.05 p95=71.09 reg=2135 peer=3933 offload=64.8%
[1523/2700] req=200  seed=14 cache=2   WAN=30  peersync_style              mean=16.05 p95=71.09 reg=2135 peer=3933 offload=64.8%
[1524/2700] req=200  seed=14 cache=2   WAN=30  metapipe_reactive_style     mean=18.98 p95=81.89 reg=2803 peer=3265 offload=53.8%
[1525/2700] req=200  seed=14 cache=2   WAN=30  ilrsa_style                 mean=53.91 p95=189.80 reg=6068 peer=0 offload=0.0%
[1526/2700] req=200  seed=14 cache=2   WAN=100 registry                    mean=12.00 p95=53.12 reg=6068 peer=0 offload=0.0%
[1527/2700] req=200  seed=14 cache=2   WAN=100 dragonfly_style             mean=5.43 p95=21.57 reg=2135 peer=3933 offload=64.8%
[1528/2700] req=200  seed=14 cache=2   WAN=100 peersync_style              mean=5.43 p95=21.57 reg=2135 peer=3933 offload=64.8%
[1529/2700] req=200  seed=14 cache=2   WAN=100 metapipe_reactive_style     mean=5.86 p95=22.90 reg=2603 peer=3465 offload=57.1%
[1530/2700] req=200  seed=14 cache=2   WAN=100 ilrsa_style                 mean=16.25 p95=56.94 reg=6068 peer=0 offload=0.0%
[1531/2700] req=200  seed=15 cache=0.5 WAN=10  registry                    mean=1017.37 p95=1756.00 reg=18053 peer=0 offload=0.0%
[1532/2700] req=200  seed=15 cache=0.5 WAN=10  dragonfly_style             mean=747.89 p95=1463.40 reg=14634 peer=3419 offload=18.9%
[1533/2700] req=200  seed=15 cache=0.5 WAN=10  peersync_style              mean=707.84 p95=1397.90 reg=13979 peer=4074 offload=22.6%
[1534/2700] req=200  seed=15 cache=0.5 WAN=10  metapipe_reactive_style     mean=706.18 p95=1410.40 reg=14104 peer=3949 offload=21.9%
[1535/2700] req=200  seed=15 cache=0.5 WAN=10  ilrsa_style                 mean=1314.77 p95=1803.70 reg=18053 peer=0 offload=0.0%
[1536/2700] req=200  seed=15 cache=0.5 WAN=30  registry                    mean=339.12 p95=585.33 reg=18053 peer=0 offload=0.0%
[1537/2700] req=200  seed=15 cache=0.5 WAN=30  dragonfly_style             mean=250.40 p95=488.70 reg=14661 peer=3392 offload=18.8%
[1538/2700] req=200  seed=15 cache=0.5 WAN=30  peersync_style              mean=236.39 p95=465.97 reg=13979 peer=4074 offload=22.6%
[1539/2700] req=200  seed=15 cache=0.5 WAN=30  metapipe_reactive_style     mean=235.62 p95=470.13 reg=14104 peer=3949 offload=21.9%
[1540/2700] req=200  seed=15 cache=0.5 WAN=30  ilrsa_style                 mean=438.26 p95=601.23 reg=18053 peer=0 offload=0.0%
[1541/2700] req=200  seed=15 cache=0.5 WAN=100 registry                    mean=101.75 p95=175.60 reg=18053 peer=0 offload=0.0%
[1542/2700] req=200  seed=15 cache=0.5 WAN=100 dragonfly_style             mean=77.06 p95=160.35 reg=14706 peer=3347 offload=18.5%
[1543/2700] req=200  seed=15 cache=0.5 WAN=100 peersync_style              mean=73.20 p95=154.22 reg=14028 peer=4025 offload=22.3%
[1544/2700] req=200  seed=15 cache=0.5 WAN=100 metapipe_reactive_style     mean=74.19 p95=158.38 reg=14485 peer=3568 offload=19.8%
[1545/2700] req=200  seed=15 cache=0.5 WAN=100 ilrsa_style                 mean=131.57 p95=181.58 reg=18053 peer=0 offload=0.0%
[1546/2700] req=200  seed=15 cache=1   WAN=10  registry                    mean=887.39 p95=1596.10 reg=16445 peer=0 offload=0.0%
[1547/2700] req=200  seed=15 cache=1   WAN=10  dragonfly_style             mean=488.06 p95=831.26 reg=8351 peer=8094 offload=49.2%
[1548/2700] req=200  seed=15 cache=1   WAN=10  peersync_style              mean=450.48 p95=626.26 reg=6251 peer=10194 offload=62.0%
[1549/2700] req=200  seed=15 cache=1   WAN=10  metapipe_reactive_style     mean=436.30 p95=679.11 reg=7340 peer=9105 offload=55.4%
[1550/2700] req=200  seed=15 cache=1   WAN=10  ilrsa_style                 mean=1136.01 p95=1644.00 reg=16445 peer=0 offload=0.0%
[1551/2700] req=200  seed=15 cache=1   WAN=30  registry                    mean=295.80 p95=532.03 reg=16445 peer=0 offload=0.0%
[1552/2700] req=200  seed=15 cache=1   WAN=30  dragonfly_style             mean=165.35 p95=249.84 reg=7981 peer=8464 offload=51.5%
[1553/2700] req=200  seed=15 cache=1   WAN=30  peersync_style              mean=157.62 p95=235.79 reg=6432 peer=10013 offload=60.9%
[1554/2700] req=200  seed=15 cache=1   WAN=30  metapipe_reactive_style     mean=157.99 p95=260.81 reg=6932 peer=9513 offload=57.8%
[1555/2700] req=200  seed=15 cache=1   WAN=30  ilrsa_style                 mean=378.67 p95=548.00 reg=16445 peer=0 offload=0.0%
[1556/2700] req=200  seed=15 cache=1   WAN=100 registry                    mean=88.74 p95=159.61 reg=16445 peer=0 offload=0.0%
[1557/2700] req=200  seed=15 cache=1   WAN=100 dragonfly_style             mean=56.15 p95=101.26 reg=7870 peer=8575 offload=52.1%
[1558/2700] req=200  seed=15 cache=1   WAN=100 peersync_style              mean=55.34 p95=100.61 reg=6387 peer=10058 offload=61.2%
[1559/2700] req=200  seed=15 cache=1   WAN=100 metapipe_reactive_style     mean=51.68 p95=91.09 reg=6932 peer=9513 offload=57.8%
[1560/2700] req=200  seed=15 cache=1   WAN=100 ilrsa_style                 mean=113.63 p95=164.80 reg=16445 peer=0 offload=0.0%
[1561/2700] req=200  seed=15 cache=2   WAN=10  registry                    mean=244.86 p95=779.80 reg=8073 peer=0 offload=0.0%
[1562/2700] req=200  seed=15 cache=2   WAN=10  dragonfly_style             mean=48.16 p95=218.53 reg=2579 peer=5494 offload=68.1%
[1563/2700] req=200  seed=15 cache=2   WAN=10  peersync_style              mean=47.20 p95=218.53 reg=2325 peer=5748 offload=71.2%
[1564/2700] req=200  seed=15 cache=2   WAN=10  metapipe_reactive_style     mean=64.11 p95=228.20 reg=2653 peer=5420 offload=67.1%
[1565/2700] req=200  seed=15 cache=2   WAN=10  ilrsa_style                 mean=312.00 p95=804.00 reg=8073 peer=0 offload=0.0%
[1566/2700] req=200  seed=15 cache=2   WAN=30  registry                    mean=81.62 p95=259.93 reg=8073 peer=0 offload=0.0%
[1567/2700] req=200  seed=15 cache=2   WAN=30  dragonfly_style             mean=19.66 p95=82.09 reg=2688 peer=5385 offload=66.7%
[1568/2700] req=200  seed=15 cache=2   WAN=30  peersync_style              mean=18.18 p95=76.53 reg=2325 peer=5748 offload=71.2%
[1569/2700] req=200  seed=15 cache=2   WAN=30  metapipe_reactive_style     mean=24.31 p95=81.03 reg=2653 peer=5420 offload=67.1%
[1570/2700] req=200  seed=15 cache=2   WAN=30  ilrsa_style                 mean=104.00 p95=268.00 reg=8073 peer=0 offload=0.0%
[1571/2700] req=200  seed=15 cache=2   WAN=100 registry                    mean=24.49 p95=77.98 reg=8073 peer=0 offload=0.0%
[1572/2700] req=200  seed=15 cache=2   WAN=100 dragonfly_style             mean=7.74 p95=26.80 reg=2695 peer=5378 offload=66.6%
[1573/2700] req=200  seed=15 cache=2   WAN=100 peersync_style              mean=7.21 p95=23.32 reg=2325 peer=5748 offload=71.2%
[1574/2700] req=200  seed=15 cache=2   WAN=100 metapipe_reactive_style     mean=8.84 p95=34.14 reg=2653 peer=5420 offload=67.1%
[1575/2700] req=200  seed=15 cache=2   WAN=100 ilrsa_style                 mean=31.23 p95=80.87 reg=8073 peer=0 offload=0.0%
[1576/2700] req=200  seed=16 cache=0.5 WAN=10  registry                    mean=961.70 p95=1699.90 reg=17245 peer=0 offload=0.0%
[1577/2700] req=200  seed=16 cache=0.5 WAN=10  dragonfly_style             mean=738.45 p95=1452.50 reg=14525 peer=2720 offload=15.8%
[1578/2700] req=200  seed=16 cache=0.5 WAN=10  peersync_style              mean=696.17 p95=1364.10 reg=13641 peer=3604 offload=20.9%
[1579/2700] req=200  seed=16 cache=0.5 WAN=10  metapipe_reactive_style     mean=695.04 p95=1497.80 reg=14978 peer=2267 offload=13.1%
[1580/2700] req=200  seed=16 cache=0.5 WAN=10  ilrsa_style                 mean=1148.99 p95=1721.90 reg=17245 peer=0 offload=0.0%
[1581/2700] req=200  seed=16 cache=0.5 WAN=30  registry                    mean=320.57 p95=566.63 reg=17245 peer=0 offload=0.0%
[1582/2700] req=200  seed=16 cache=0.5 WAN=30  dragonfly_style             mean=246.29 p95=484.17 reg=14525 peer=2720 offload=15.8%
[1583/2700] req=200  seed=16 cache=0.5 WAN=30  peersync_style              mean=232.21 p95=454.70 reg=13641 peer=3604 offload=20.9%
[1584/2700] req=200  seed=16 cache=0.5 WAN=30  metapipe_reactive_style     mean=232.53 p95=500.00 reg=15000 peer=2245 offload=13.0%
[1585/2700] req=200  seed=16 cache=0.5 WAN=30  ilrsa_style                 mean=383.00 p95=573.97 reg=17245 peer=0 offload=0.0%
[1586/2700] req=200  seed=16 cache=0.5 WAN=100 registry                    mean=96.17 p95=169.99 reg=17245 peer=0 offload=0.0%
[1587/2700] req=200  seed=16 cache=0.5 WAN=100 dragonfly_style             mean=77.32 p95=166.57 reg=14502 peer=2743 offload=15.9%
[1588/2700] req=200  seed=16 cache=0.5 WAN=100 peersync_style              mean=73.74 p95=159.16 reg=13641 peer=3604 offload=20.9%
[1589/2700] req=200  seed=16 cache=0.5 WAN=100 metapipe_reactive_style     mean=71.56 p95=167.50 reg=14949 peer=2296 offload=13.3%
[1590/2700] req=200  seed=16 cache=0.5 WAN=100 ilrsa_style                 mean=114.91 p95=172.19 reg=17245 peer=0 offload=0.0%
[1591/2700] req=200  seed=16 cache=1   WAN=10  registry                    mean=794.09 p95=1446.10 reg=15031 peer=0 offload=0.0%
[1592/2700] req=200  seed=16 cache=1   WAN=10  dragonfly_style             mean=465.46 p95=701.99 reg=7690 peer=7341 offload=48.8%
[1593/2700] req=200  seed=16 cache=1   WAN=10  peersync_style              mean=401.50 p95=565.27 reg=5661 peer=9370 offload=62.3%
[1594/2700] req=200  seed=16 cache=1   WAN=10  metapipe_reactive_style     mean=397.64 p95=613.46 reg=6945 peer=8086 offload=53.8%
[1595/2700] req=200  seed=16 cache=1   WAN=10  ilrsa_style                 mean=913.20 p95=1500.60 reg=15031 peer=0 offload=0.0%
[1596/2700] req=200  seed=16 cache=1   WAN=30  registry                    mean=264.70 p95=482.03 reg=15031 peer=0 offload=0.0%
[1597/2700] req=200  seed=16 cache=1   WAN=30  dragonfly_style             mean=163.31 p95=241.50 reg=7703 peer=7328 offload=48.8%
[1598/2700] req=200  seed=16 cache=1   WAN=30  peersync_style              mean=141.68 p95=214.91 reg=5689 peer=9342 offload=62.2%
[1599/2700] req=200  seed=16 cache=1   WAN=30  metapipe_reactive_style     mean=141.64 p95=222.37 reg=7033 peer=7998 offload=53.2%
[1600/2700] req=200  seed=16 cache=1   WAN=30  ilrsa_style                 mean=304.40 p95=500.20 reg=15031 peer=0 offload=0.0%
[1601/2700] req=200  seed=16 cache=1   WAN=100 registry                    mean=79.43 p95=144.61 reg=15031 peer=0 offload=0.0%
[1602/2700] req=200  seed=16 cache=1   WAN=100 dragonfly_style             mean=59.04 p95=102.73 reg=7729 peer=7302 offload=48.6%
[1603/2700] req=200  seed=16 cache=1   WAN=100 peersync_style              mean=52.79 p95=94.27 reg=5738 peer=9293 offload=61.8%
[1604/2700] req=200  seed=16 cache=1   WAN=100 metapipe_reactive_style     mean=48.29 p95=89.16 reg=7022 peer=8009 offload=53.3%
[1605/2700] req=200  seed=16 cache=1   WAN=100 ilrsa_style                 mean=91.44 p95=151.46 reg=15031 peer=0 offload=0.0%
[1606/2700] req=200  seed=16 cache=2   WAN=10  registry                    mean=252.63 p95=745.30 reg=7908 peer=0 offload=0.0%
[1607/2700] req=200  seed=16 cache=2   WAN=10  dragonfly_style             mean=42.94 p95=236.02 reg=2411 peer=5497 offload=69.5%
[1608/2700] req=200  seed=16 cache=2   WAN=10  peersync_style              mean=39.83 p95=206.25 reg=2061 peer=5847 offload=73.9%
[1609/2700] req=200  seed=16 cache=2   WAN=10  metapipe_reactive_style     mean=53.93 p95=263.95 reg=2688 peer=5220 offload=66.0%
[1610/2700] req=200  seed=16 cache=2   WAN=10  ilrsa_style                 mean=283.78 p95=786.60 reg=7908 peer=0 offload=0.0%
[1611/2700] req=200  seed=16 cache=2   WAN=30  registry                    mean=84.21 p95=248.43 reg=7908 peer=0 offload=0.0%
[1612/2700] req=200  seed=16 cache=2   WAN=30  dragonfly_style             mean=16.74 p95=79.98 reg=2387 peer=5521 offload=69.8%
[1613/2700] req=200  seed=16 cache=2   WAN=30  peersync_style              mean=15.43 p95=68.85 reg=2061 peer=5847 offload=73.9%
[1614/2700] req=200  seed=16 cache=2   WAN=30  metapipe_reactive_style     mean=19.46 p95=89.60 reg=2688 peer=5220 offload=66.0%
[1615/2700] req=200  seed=16 cache=2   WAN=30  ilrsa_style                 mean=94.59 p95=262.20 reg=7908 peer=0 offload=0.0%
[1616/2700] req=200  seed=16 cache=2   WAN=100 registry                    mean=25.29 p95=74.53 reg=7908 peer=0 offload=0.0%
[1617/2700] req=200  seed=16 cache=2   WAN=100 dragonfly_style             mean=8.21 p95=27.08 reg=2767 peer=5141 offload=65.0%
[1618/2700] req=200  seed=16 cache=2   WAN=100 peersync_style              mean=7.05 p95=21.25 reg=2061 peer=5847 offload=73.9%
[1619/2700] req=200  seed=16 cache=2   WAN=100 metapipe_reactive_style     mean=7.46 p95=29.18 reg=2633 peer=5275 offload=66.7%
[1620/2700] req=200  seed=16 cache=2   WAN=100 ilrsa_style                 mean=28.46 p95=79.67 reg=7908 peer=0 offload=0.0%
[1621/2700] req=200  seed=17 cache=0.5 WAN=10  registry                    mean=997.87 p95=1723.50 reg=17650 peer=0 offload=0.0%
[1622/2700] req=200  seed=17 cache=0.5 WAN=10  dragonfly_style             mean=731.93 p95=1428.40 reg=15171 peer=2479 offload=14.0%
[1623/2700] req=200  seed=17 cache=0.5 WAN=10  peersync_style              mean=685.81 p95=1357.00 reg=14457 peer=3193 offload=18.1%
[1624/2700] req=200  seed=17 cache=0.5 WAN=10  metapipe_reactive_style     mean=642.85 p95=1308.30 reg=13970 peer=3680 offload=20.8%
[1625/2700] req=200  seed=17 cache=0.5 WAN=10  ilrsa_style                 mean=1366.07 p95=1763.00 reg=17650 peer=0 offload=0.0%
[1626/2700] req=200  seed=17 cache=0.5 WAN=30  registry                    mean=332.62 p95=574.50 reg=17650 peer=0 offload=0.0%
[1627/2700] req=200  seed=17 cache=0.5 WAN=30  dragonfly_style             mean=243.97 p95=476.13 reg=15171 peer=2479 offload=14.0%
[1628/2700] req=200  seed=17 cache=0.5 WAN=30  peersync_style              mean=229.54 p95=453.17 reg=14482 peer=3168 offload=17.9%
[1629/2700] req=200  seed=17 cache=0.5 WAN=30  metapipe_reactive_style     mean=214.21 p95=436.10 reg=13970 peer=3680 offload=20.8%
[1630/2700] req=200  seed=17 cache=0.5 WAN=30  ilrsa_style                 mean=455.36 p95=587.67 reg=17650 peer=0 offload=0.0%
[1631/2700] req=200  seed=17 cache=0.5 WAN=100 registry                    mean=99.82 p95=172.35 reg=17650 peer=0 offload=0.0%
[1632/2700] req=200  seed=17 cache=0.5 WAN=100 dragonfly_style             mean=75.07 p95=160.70 reg=15172 peer=2478 offload=14.0%
[1633/2700] req=200  seed=17 cache=0.5 WAN=100 peersync_style              mean=74.10 p95=156.07 reg=14940 peer=2710 offload=15.4%
[1634/2700] req=200  seed=17 cache=0.5 WAN=100 metapipe_reactive_style     mean=68.52 p95=152.49 reg=14196 peer=3454 offload=19.6%
[1635/2700] req=200  seed=17 cache=0.5 WAN=100 ilrsa_style                 mean=136.77 p95=177.76 reg=17650 peer=0 offload=0.0%
[1636/2700] req=200  seed=17 cache=1   WAN=10  registry                    mean=702.28 p95=1300.30 reg=13654 peer=0 offload=0.0%
[1637/2700] req=200  seed=17 cache=1   WAN=10  dragonfly_style             mean=325.16 p95=550.71 reg=5644 peer=8010 offload=58.7%
[1638/2700] req=200  seed=17 cache=1   WAN=10  peersync_style              mean=281.18 p95=479.96 reg=4709 peer=8945 offload=65.5%
[1639/2700] req=200  seed=17 cache=1   WAN=10  metapipe_reactive_style     mean=295.36 p95=519.27 reg=5271 peer=8383 offload=61.4%
[1640/2700] req=200  seed=17 cache=1   WAN=10  ilrsa_style                 mean=892.12 p95=1355.80 reg=13654 peer=0 offload=0.0%
[1641/2700] req=200  seed=17 cache=1   WAN=30  registry                    mean=234.09 p95=433.43 reg=13654 peer=0 offload=0.0%
[1642/2700] req=200  seed=17 cache=1   WAN=30  dragonfly_style             mean=115.13 p95=210.92 reg=5616 peer=8038 offload=58.9%
[1643/2700] req=200  seed=17 cache=1   WAN=30  peersync_style              mean=100.17 p95=186.65 reg=4709 peer=8945 offload=65.5%
[1644/2700] req=200  seed=17 cache=1   WAN=30  metapipe_reactive_style     mean=103.88 p95=196.20 reg=5271 peer=8383 offload=61.4%
[1645/2700] req=200  seed=17 cache=1   WAN=30  ilrsa_style                 mean=297.37 p95=451.93 reg=13654 peer=0 offload=0.0%
[1646/2700] req=200  seed=17 cache=1   WAN=100 registry                    mean=70.23 p95=130.03 reg=13654 peer=0 offload=0.0%
[1647/2700] req=200  seed=17 cache=1   WAN=100 dragonfly_style             mean=41.62 p95=91.60 reg=5552 peer=8102 offload=59.3%
[1648/2700] req=200  seed=17 cache=1   WAN=100 peersync_style              mean=37.24 p95=83.52 reg=4709 peer=8945 offload=65.5%
[1649/2700] req=200  seed=17 cache=1   WAN=100 metapipe_reactive_style     mean=35.83 p95=85.20 reg=5271 peer=8383 offload=61.4%
[1650/2700] req=200  seed=17 cache=1   WAN=100 ilrsa_style                 mean=89.22 p95=135.58 reg=13654 peer=0 offload=0.0%
[1651/2700] req=200  seed=17 cache=2   WAN=10  registry                    mean=152.43 p95=646.30 reg=7437 peer=0 offload=0.0%
[1652/2700] req=200  seed=17 cache=2   WAN=10  dragonfly_style             mean=40.94 p95=217.24 reg=2301 peer=5136 offload=69.1%
[1653/2700] req=200  seed=17 cache=2   WAN=10  peersync_style              mean=32.83 p95=182.00 reg=1825 peer=5612 offload=75.5%
[1654/2700] req=200  seed=17 cache=2   WAN=10  metapipe_reactive_style     mean=47.59 p95=225.93 reg=2542 peer=4895 offload=65.8%
[1655/2700] req=200  seed=17 cache=2   WAN=10  ilrsa_style                 mean=205.38 p95=743.20 reg=7437 peer=0 offload=0.0%
[1656/2700] req=200  seed=17 cache=2   WAN=30  registry                    mean=50.81 p95=215.43 reg=7437 peer=0 offload=0.0%
[1657/2700] req=200  seed=17 cache=2   WAN=30  dragonfly_style             mean=12.54 p95=62.72 reg=2003 peer=5434 offload=73.1%
[1658/2700] req=200  seed=17 cache=2   WAN=30  peersync_style              mean=12.30 p95=59.73 reg=1825 peer=5612 offload=75.5%
[1659/2700] req=200  seed=17 cache=2   WAN=30  metapipe_reactive_style     mean=16.54 p95=75.64 reg=2542 peer=4895 offload=65.8%
[1660/2700] req=200  seed=17 cache=2   WAN=30  ilrsa_style                 mean=68.46 p95=247.73 reg=7437 peer=0 offload=0.0%
[1661/2700] req=200  seed=17 cache=2   WAN=100 registry                    mean=15.27 p95=64.63 reg=7437 peer=0 offload=0.0%
[1662/2700] req=200  seed=17 cache=2   WAN=100 dragonfly_style             mean=4.58 p95=20.63 reg=2004 peer=5433 offload=73.1%
[1663/2700] req=200  seed=17 cache=2   WAN=100 peersync_style              mean=4.58 p95=20.63 reg=1825 peer=5612 offload=75.5%
[1664/2700] req=200  seed=17 cache=2   WAN=100 metapipe_reactive_style     mean=5.88 p95=30.19 reg=2542 peer=4895 offload=65.8%
[1665/2700] req=200  seed=17 cache=2   WAN=100 ilrsa_style                 mean=20.61 p95=75.66 reg=7437 peer=0 offload=0.0%
[1666/2700] req=200  seed=18 cache=0.5 WAN=10  registry                    mean=1033.30 p95=1720.10 reg=17380 peer=0 offload=0.0%
[1667/2700] req=200  seed=18 cache=0.5 WAN=10  dragonfly_style             mean=746.84 p95=1319.60 reg=14083 peer=3297 offload=19.0%
[1668/2700] req=200  seed=18 cache=0.5 WAN=10  peersync_style              mean=694.65 p95=1208.00 reg=12967 peer=4413 offload=25.4%
[1669/2700] req=200  seed=18 cache=0.5 WAN=10  metapipe_reactive_style     mean=653.74 p95=1253.70 reg=13424 peer=3956 offload=22.8%
[1670/2700] req=200  seed=18 cache=0.5 WAN=10  ilrsa_style                 mean=1197.08 p95=1736.30 reg=17380 peer=0 offload=0.0%
[1671/2700] req=200  seed=18 cache=0.5 WAN=30  registry                    mean=344.43 p95=573.37 reg=17380 peer=0 offload=0.0%
[1672/2700] req=200  seed=18 cache=0.5 WAN=30  dragonfly_style             mean=253.99 p95=445.80 reg=14261 peer=3119 offload=17.9%
[1673/2700] req=200  seed=18 cache=0.5 WAN=30  peersync_style              mean=231.81 p95=402.67 reg=12967 peer=4413 offload=25.4%
[1674/2700] req=200  seed=18 cache=0.5 WAN=30  metapipe_reactive_style     mean=216.89 p95=417.83 reg=13422 peer=3958 offload=22.8%
[1675/2700] req=200  seed=18 cache=0.5 WAN=30  ilrsa_style                 mean=399.03 p95=578.77 reg=17380 peer=0 offload=0.0%
[1676/2700] req=200  seed=18 cache=0.5 WAN=100 registry                    mean=103.34 p95=172.01 reg=17380 peer=0 offload=0.0%
[1677/2700] req=200  seed=18 cache=0.5 WAN=100 dragonfly_style             mean=73.62 p95=137.90 reg=13703 peer=3677 offload=21.2%
[1678/2700] req=200  seed=18 cache=0.5 WAN=100 peersync_style              mean=71.13 p95=132.24 reg=13101 peer=4279 offload=24.6%
[1679/2700] req=200  seed=18 cache=0.5 WAN=100 metapipe_reactive_style     mean=68.20 p95=141.64 reg=13701 peer=3679 offload=21.2%
[1680/2700] req=200  seed=18 cache=0.5 WAN=100 ilrsa_style                 mean=119.74 p95=173.91 reg=17380 peer=0 offload=0.0%
[1681/2700] req=200  seed=18 cache=1   WAN=10  registry                    mean=651.88 p95=1338.90 reg=13810 peer=0 offload=0.0%
[1682/2700] req=200  seed=18 cache=1   WAN=10  dragonfly_style             mean=369.17 p95=560.09 reg=6700 peer=7110 offload=51.5%
[1683/2700] req=200  seed=18 cache=1   WAN=10  peersync_style              mean=366.54 p95=554.50 reg=5299 peer=8511 offload=61.6%
[1684/2700] req=200  seed=18 cache=1   WAN=10  metapipe_reactive_style     mean=348.77 p95=571.34 reg=6088 peer=7722 offload=55.9%
[1685/2700] req=200  seed=18 cache=1   WAN=10  ilrsa_style                 mean=826.22 p95=1378.40 reg=13810 peer=0 offload=0.0%
[1686/2700] req=200  seed=18 cache=1   WAN=30  registry                    mean=217.29 p95=446.30 reg=13810 peer=0 offload=0.0%
[1687/2700] req=200  seed=18 cache=1   WAN=30  dragonfly_style             mean=128.42 p95=204.55 reg=6700 peer=7110 offload=51.5%
[1688/2700] req=200  seed=18 cache=1   WAN=30  peersync_style              mean=128.07 p95=208.79 reg=5402 peer=8408 offload=60.9%
[1689/2700] req=200  seed=18 cache=1   WAN=30  metapipe_reactive_style     mean=120.87 p95=199.61 reg=5749 peer=8061 offload=58.4%
[1690/2700] req=200  seed=18 cache=1   WAN=30  ilrsa_style                 mean=275.41 p95=459.47 reg=13810 peer=0 offload=0.0%
[1691/2700] req=200  seed=18 cache=1   WAN=100 registry                    mean=65.21 p95=133.89 reg=13810 peer=0 offload=0.0%
[1692/2700] req=200  seed=18 cache=1   WAN=100 dragonfly_style             mean=44.30 p95=83.66 reg=6700 peer=7110 offload=51.5%
[1693/2700] req=200  seed=18 cache=1   WAN=100 peersync_style              mean=43.27 p95=83.52 reg=5259 peer=8551 offload=61.9%
[1694/2700] req=200  seed=18 cache=1   WAN=100 metapipe_reactive_style     mean=41.67 p95=79.85 reg=6166 peer=7644 offload=55.4%
[1695/2700] req=200  seed=18 cache=1   WAN=100 ilrsa_style                 mean=82.68 p95=138.61 reg=13810 peer=0 offload=0.0%
[1696/2700] req=200  seed=18 cache=2   WAN=10  registry                    mean=137.76 p95=596.90 reg=6234 peer=0 offload=0.0%
[1697/2700] req=200  seed=18 cache=2   WAN=10  dragonfly_style             mean=51.41 p95=190.08 reg=2399 peer=3835 offload=61.5%
[1698/2700] req=200  seed=18 cache=2   WAN=10  peersync_style              mean=50.87 p95=190.08 reg=2110 peer=4124 offload=66.2%
[1699/2700] req=200  seed=18 cache=2   WAN=10  metapipe_reactive_style     mean=50.60 p95=213.30 reg=2133 peer=4101 offload=65.8%
[1700/2700] req=200  seed=18 cache=2   WAN=10  ilrsa_style                 mean=173.16 p95=621.90 reg=6234 peer=0 offload=0.0%
[1701/2700] req=200  seed=18 cache=2   WAN=30  registry                    mean=45.92 p95=198.97 reg=6234 peer=0 offload=0.0%
[1702/2700] req=200  seed=18 cache=2   WAN=30  dragonfly_style             mean=17.75 p95=68.80 reg=2399 peer=3835 offload=61.5%
[1703/2700] req=200  seed=18 cache=2   WAN=30  peersync_style              mean=17.69 p95=69.52 reg=2110 peer=4124 offload=66.2%
[1704/2700] req=200  seed=18 cache=2   WAN=30  metapipe_reactive_style     mean=17.19 p95=73.86 reg=2133 peer=4101 offload=65.8%
[1705/2700] req=200  seed=18 cache=2   WAN=30  ilrsa_style                 mean=57.72 p95=207.30 reg=6234 peer=0 offload=0.0%
[1706/2700] req=200  seed=18 cache=2   WAN=100 registry                    mean=13.79 p95=59.69 reg=6234 peer=0 offload=0.0%
[1707/2700] req=200  seed=18 cache=2   WAN=100 dragonfly_style             mean=6.01 p95=25.78 reg=2287 peer=3947 offload=63.3%
[1708/2700] req=200  seed=18 cache=2   WAN=100 peersync_style              mean=6.01 p95=25.78 reg=2110 peer=4124 offload=66.2%
[1709/2700] req=200  seed=18 cache=2   WAN=100 metapipe_reactive_style     mean=5.40 p95=25.70 reg=2194 peer=4040 offload=64.8%
[1710/2700] req=200  seed=18 cache=2   WAN=100 ilrsa_style                 mean=17.35 p95=62.74 reg=6234 peer=0 offload=0.0%
[1711/2700] req=200  seed=19 cache=0.5 WAN=10  registry                    mean=1036.89 p95=1970.20 reg=20605 peer=0 offload=0.0%
[1712/2700] req=200  seed=19 cache=0.5 WAN=10  dragonfly_style             mean=793.87 p95=1665.50 reg=17542 peer=3063 offload=14.9%
[1713/2700] req=200  seed=19 cache=0.5 WAN=10  peersync_style              mean=742.84 p95=1547.10 reg=16358 peer=4247 offload=20.6%
[1714/2700] req=200  seed=19 cache=0.5 WAN=10  metapipe_reactive_style     mean=769.64 p95=1616.80 reg=17055 peer=3550 offload=17.2%
[1715/2700] req=200  seed=19 cache=0.5 WAN=10  ilrsa_style                 mean=1481.01 p95=2059.60 reg=20605 peer=0 offload=0.0%
[1716/2700] req=200  seed=19 cache=0.5 WAN=30  registry                    mean=345.63 p95=656.73 reg=20605 peer=0 offload=0.0%
[1717/2700] req=200  seed=19 cache=0.5 WAN=30  dragonfly_style             mean=264.69 p95=555.17 reg=17542 peer=3063 offload=14.9%
[1718/2700] req=200  seed=19 cache=0.5 WAN=30  peersync_style              mean=244.71 p95=511.13 reg=16221 peer=4384 offload=21.3%
[1719/2700] req=200  seed=19 cache=0.5 WAN=30  metapipe_reactive_style     mean=256.49 p95=538.87 reg=17053 peer=3552 offload=17.2%
[1720/2700] req=200  seed=19 cache=0.5 WAN=30  ilrsa_style                 mean=493.67 p95=686.53 reg=20605 peer=0 offload=0.0%
[1721/2700] req=200  seed=19 cache=0.5 WAN=100 registry                    mean=103.69 p95=197.02 reg=20605 peer=0 offload=0.0%
[1722/2700] req=200  seed=19 cache=0.5 WAN=100 dragonfly_style             mean=81.72 p95=183.47 reg=17542 peer=3063 offload=14.9%
[1723/2700] req=200  seed=19 cache=0.5 WAN=100 peersync_style              mean=76.83 p95=171.88 reg=16358 peer=4247 offload=20.6%
[1724/2700] req=200  seed=19 cache=0.5 WAN=100 metapipe_reactive_style     mean=78.67 p95=183.19 reg=17559 peer=3046 offload=14.8%
[1725/2700] req=200  seed=19 cache=0.5 WAN=100 ilrsa_style                 mean=148.10 p95=205.96 reg=20605 peer=0 offload=0.0%
[1726/2700] req=200  seed=19 cache=1   WAN=10  registry                    mean=810.69 p95=1452.40 reg=14882 peer=0 offload=0.0%
[1727/2700] req=200  seed=19 cache=1   WAN=10  dragonfly_style             mean=425.73 p95=669.82 reg=7606 peer=7276 offload=48.9%
[1728/2700] req=200  seed=19 cache=1   WAN=10  peersync_style              mean=406.57 p95=619.97 reg=6804 peer=8078 offload=54.3%
[1729/2700] req=200  seed=19 cache=1   WAN=10  metapipe_reactive_style     mean=422.12 p95=666.21 reg=6924 peer=7958 offload=53.5%
[1730/2700] req=200  seed=19 cache=1   WAN=10  ilrsa_style                 mean=930.36 p95=1482.80 reg=14882 peer=0 offload=0.0%
[1731/2700] req=200  seed=19 cache=1   WAN=30  registry                    mean=270.23 p95=484.13 reg=14882 peer=0 offload=0.0%
[1732/2700] req=200  seed=19 cache=1   WAN=30  dragonfly_style             mean=152.10 p95=243.18 reg=7628 peer=7254 offload=48.7%
[1733/2700] req=200  seed=19 cache=1   WAN=30  peersync_style              mean=144.31 p95=220.18 reg=6267 peer=8615 offload=57.9%
[1734/2700] req=200  seed=19 cache=1   WAN=30  metapipe_reactive_style     mean=146.98 p95=241.99 reg=6924 peer=7958 offload=53.5%
[1735/2700] req=200  seed=19 cache=1   WAN=30  ilrsa_style                 mean=310.12 p95=494.27 reg=14882 peer=0 offload=0.0%
[1736/2700] req=200  seed=19 cache=1   WAN=100 registry                    mean=81.07 p95=145.24 reg=14882 peer=0 offload=0.0%
[1737/2700] req=200  seed=19 cache=1   WAN=100 dragonfly_style             mean=55.52 p95=98.44 reg=7641 peer=7241 offload=48.7%
[1738/2700] req=200  seed=19 cache=1   WAN=100 peersync_style              mean=53.23 p95=95.28 reg=6267 peer=8615 offload=57.9%
[1739/2700] req=200  seed=19 cache=1   WAN=100 metapipe_reactive_style     mean=51.00 p95=97.07 reg=6916 peer=7966 offload=53.5%
[1740/2700] req=200  seed=19 cache=1   WAN=100 ilrsa_style                 mean=93.04 p95=148.28 reg=14882 peer=0 offload=0.0%
[1741/2700] req=200  seed=19 cache=2   WAN=10  registry                    mean=161.10 p95=681.80 reg=7297 peer=0 offload=0.0%
[1742/2700] req=200  seed=19 cache=2   WAN=10  dragonfly_style             mean=58.36 p95=256.95 reg=2501 peer=4796 offload=65.7%
[1743/2700] req=200  seed=19 cache=2   WAN=10  peersync_style              mean=54.87 p95=236.16 reg=2297 peer=5000 offload=68.5%
[1744/2700] req=200  seed=19 cache=2   WAN=10  metapipe_reactive_style     mean=55.28 p95=269.76 reg=2587 peer=4710 offload=64.5%
[1745/2700] req=200  seed=19 cache=2   WAN=10  ilrsa_style                 mean=205.97 p95=681.80 reg=7297 peer=0 offload=0.0%
[1746/2700] req=200  seed=19 cache=2   WAN=30  registry                    mean=53.70 p95=227.27 reg=7297 peer=0 offload=0.0%
[1747/2700] req=200  seed=19 cache=2   WAN=30  dragonfly_style             mean=20.34 p95=92.21 reg=2501 peer=4796 offload=65.7%
[1748/2700] req=200  seed=19 cache=2   WAN=30  peersync_style              mean=19.34 p95=86.09 reg=2297 peer=5000 offload=68.5%
[1749/2700] req=200  seed=19 cache=2   WAN=30  metapipe_reactive_style     mean=18.60 p95=95.13 reg=2522 peer=4775 offload=65.4%
[1750/2700] req=200  seed=19 cache=2   WAN=30  ilrsa_style                 mean=68.66 p95=227.27 reg=7297 peer=0 offload=0.0%
[1751/2700] req=200  seed=19 cache=2   WAN=100 registry                    mean=16.13 p95=68.18 reg=7297 peer=0 offload=0.0%
[1752/2700] req=200  seed=19 cache=2   WAN=100 dragonfly_style             mean=7.00 p95=34.02 reg=2524 peer=4773 offload=65.4%
[1753/2700] req=200  seed=19 cache=2   WAN=100 peersync_style              mean=6.96 p95=33.28 reg=2297 peer=5000 offload=68.5%
[1754/2700] req=200  seed=19 cache=2   WAN=100 metapipe_reactive_style     mean=5.97 p95=25.14 reg=2297 peer=5000 offload=68.5%
[1755/2700] req=200  seed=19 cache=2   WAN=100 ilrsa_style                 mean=20.62 p95=68.18 reg=7297 peer=0 offload=0.0%
[1756/2700] req=200  seed=20 cache=0.5 WAN=10  registry                    mean=886.65 p95=1590.80 reg=16499 peer=0 offload=0.0%
[1757/2700] req=200  seed=20 cache=0.5 WAN=10  dragonfly_style             mean=769.96 p95=1353.10 reg=14418 peer=2081 offload=12.6%
[1758/2700] req=200  seed=20 cache=0.5 WAN=10  peersync_style              mean=678.01 p95=1153.90 reg=12426 peer=4073 offload=24.7%
[1759/2700] req=200  seed=20 cache=0.5 WAN=10  metapipe_reactive_style     mean=671.64 p95=1284.20 reg=12842 peer=3657 offload=22.2%
[1760/2700] req=200  seed=20 cache=0.5 WAN=10  ilrsa_style                 mean=1131.17 p95=1648.60 reg=16499 peer=0 offload=0.0%
[1761/2700] req=200  seed=20 cache=0.5 WAN=30  registry                    mean=295.55 p95=530.27 reg=16499 peer=0 offload=0.0%
[1762/2700] req=200  seed=20 cache=0.5 WAN=30  dragonfly_style             mean=256.76 p95=451.03 reg=14418 peer=2081 offload=12.6%
[1763/2700] req=200  seed=20 cache=0.5 WAN=30  peersync_style              mean=227.60 p95=387.97 reg=12526 peer=3973 offload=24.1%
[1764/2700] req=200  seed=20 cache=0.5 WAN=30  metapipe_reactive_style     mean=224.03 p95=428.07 reg=12842 peer=3657 offload=22.2%
[1765/2700] req=200  seed=20 cache=0.5 WAN=30  ilrsa_style                 mean=377.06 p95=549.53 reg=16499 peer=0 offload=0.0%
[1766/2700] req=200  seed=20 cache=0.5 WAN=100 registry                    mean=88.69 p95=159.08 reg=16499 peer=0 offload=0.0%
[1767/2700] req=200  seed=20 cache=0.5 WAN=100 dragonfly_style             mean=76.91 p95=139.89 reg=14212 peer=2287 offload=13.9%
[1768/2700] req=200  seed=20 cache=0.5 WAN=100 peersync_style              mean=70.73 p95=125.09 reg=12550 peer=3949 offload=23.9%
[1769/2700] req=200  seed=20 cache=0.5 WAN=100 metapipe_reactive_style     mean=67.64 p95=135.78 reg=12547 peer=3952 offload=24.0%
[1770/2700] req=200  seed=20 cache=0.5 WAN=100 ilrsa_style                 mean=113.25 p95=166.08 reg=16499 peer=0 offload=0.0%
[1771/2700] req=200  seed=20 cache=1   WAN=10  registry                    mean=830.97 p95=1441.90 reg=14798 peer=0 offload=0.0%
[1772/2700] req=200  seed=20 cache=1   WAN=10  dragonfly_style             mean=424.33 p95=643.47 reg=7126 peer=7672 offload=51.8%
[1773/2700] req=200  seed=20 cache=1   WAN=10  peersync_style              mean=411.73 p95=606.48 reg=6431 peer=8367 offload=56.5%
[1774/2700] req=200  seed=20 cache=1   WAN=10  metapipe_reactive_style     mean=441.24 p95=678.84 reg=6991 peer=7807 offload=52.8%
[1775/2700] req=200  seed=20 cache=1   WAN=10  ilrsa_style                 mean=952.83 p95=1479.00 reg=14798 peer=0 offload=0.0%
[1776/2700] req=200  seed=20 cache=1   WAN=30  registry                    mean=276.99 p95=480.63 reg=14798 peer=0 offload=0.0%
[1777/2700] req=200  seed=20 cache=1   WAN=30  dragonfly_style             mean=150.67 p95=225.71 reg=7142 peer=7656 offload=51.7%
[1778/2700] req=200  seed=20 cache=1   WAN=30  peersync_style              mean=147.14 p95=221.36 reg=6682 peer=8116 offload=54.8%
[1779/2700] req=200  seed=20 cache=1   WAN=30  metapipe_reactive_style     mean=153.65 p95=248.17 reg=6741 peer=8057 offload=54.4%
[1780/2700] req=200  seed=20 cache=1   WAN=30  ilrsa_style                 mean=317.61 p95=493.00 reg=14798 peer=0 offload=0.0%
[1781/2700] req=200  seed=20 cache=1   WAN=100 registry                    mean=83.10 p95=144.19 reg=14798 peer=0 offload=0.0%
[1782/2700] req=200  seed=20 cache=1   WAN=100 dragonfly_style             mean=54.99 p95=98.58 reg=7297 peer=7501 offload=50.7%
[1783/2700] req=200  seed=20 cache=1   WAN=100 peersync_style              mean=54.02 p95=97.33 reg=6682 peer=8116 offload=54.8%
[1784/2700] req=200  seed=20 cache=1   WAN=100 metapipe_reactive_style     mean=49.39 p95=92.46 reg=6845 peer=7953 offload=53.7%
[1785/2700] req=200  seed=20 cache=1   WAN=100 ilrsa_style                 mean=95.29 p95=148.09 reg=14798 peer=0 offload=0.0%
[1786/2700] req=200  seed=20 cache=2   WAN=10  registry                    mean=97.08 p95=546.10 reg=5808 peer=0 offload=0.0%
[1787/2700] req=200  seed=20 cache=2   WAN=10  dragonfly_style             mean=47.14 p95=223.70 reg=2792 peer=3016 offload=51.9%
[1788/2700] req=200  seed=20 cache=2   WAN=10  peersync_style              mean=45.93 p95=216.23 reg=2358 peer=3450 offload=59.4%
[1789/2700] req=200  seed=20 cache=2   WAN=10  metapipe_reactive_style     mean=49.22 p95=253.28 reg=2777 peer=3031 offload=52.2%
[1790/2700] req=200  seed=20 cache=2   WAN=10  ilrsa_style                 mean=146.75 p95=579.30 reg=5808 peer=0 offload=0.0%
[1791/2700] req=200  seed=20 cache=2   WAN=30  registry                    mean=32.36 p95=182.03 reg=5808 peer=0 offload=0.0%
[1792/2700] req=200  seed=20 cache=2   WAN=30  dragonfly_style             mean=16.17 p95=74.51 reg=2792 peer=3016 offload=51.9%
[1793/2700] req=200  seed=20 cache=2   WAN=30  peersync_style              mean=15.84 p95=74.05 reg=2358 peer=3450 offload=59.4%
[1794/2700] req=200  seed=20 cache=2   WAN=30  metapipe_reactive_style     mean=16.91 p95=85.07 reg=2777 peer=3031 offload=52.2%
[1795/2700] req=200  seed=20 cache=2   WAN=30  ilrsa_style                 mean=48.92 p95=193.10 reg=5808 peer=0 offload=0.0%
[1796/2700] req=200  seed=20 cache=2   WAN=100 registry                    mean=9.72 p95=54.61 reg=5808 peer=0 offload=0.0%
[1797/2700] req=200  seed=20 cache=2   WAN=100 dragonfly_style             mean=5.31 p95=24.77 reg=2792 peer=3016 offload=51.9%
[1798/2700] req=200  seed=20 cache=2   WAN=100 peersync_style              mean=5.24 p95=23.68 reg=2358 peer=3450 offload=59.4%
[1799/2700] req=200  seed=20 cache=2   WAN=100 metapipe_reactive_style     mean=5.60 p95=27.58 reg=2720 peer=3088 offload=53.2%
[1800/2700] req=200  seed=20 cache=2   WAN=100 ilrsa_style                 mean=14.71 p95=58.66 reg=5808 peer=0 offload=0.0%
[1801/2700] req=500  seed=1  cache=0.5 WAN=10  registry                    mean=860.02 p95=1467.20 reg=15683 peer=0 offload=0.0%
[1802/2700] req=500  seed=1  cache=0.5 WAN=10  dragonfly_style             mean=730.01 p95=1327.80 reg=14165 peer=1518 offload=9.7%
[1803/2700] req=500  seed=1  cache=0.5 WAN=10  peersync_style              mean=662.68 p95=1215.70 reg=13044 peer=2639 offload=16.8%
[1804/2700] req=500  seed=1  cache=0.5 WAN=10  metapipe_reactive_style     mean=619.69 p95=1250.20 reg=13389 peer=2294 offload=14.6%
[1805/2700] req=500  seed=1  cache=0.5 WAN=10  ilrsa_style                 mean=1137.66 p95=1549.40 reg=15683 peer=0 offload=0.0%
[1806/2700] req=500  seed=1  cache=0.5 WAN=30  registry                    mean=286.67 p95=489.07 reg=15683 peer=0 offload=0.0%
[1807/2700] req=500  seed=1  cache=0.5 WAN=30  dragonfly_style             mean=243.34 p95=442.60 reg=14165 peer=1518 offload=9.7%
[1808/2700] req=500  seed=1  cache=0.5 WAN=30  peersync_style              mean=221.06 p95=405.23 reg=13044 peer=2639 offload=16.8%
[1809/2700] req=500  seed=1  cache=0.5 WAN=30  metapipe_reactive_style     mean=206.58 p95=416.73 reg=13389 peer=2294 offload=14.6%
[1810/2700] req=500  seed=1  cache=0.5 WAN=30  ilrsa_style                 mean=379.22 p95=516.47 reg=15683 peer=0 offload=0.0%
[1811/2700] req=500  seed=1  cache=0.5 WAN=100 registry                    mean=86.01 p95=146.72 reg=15683 peer=0 offload=0.0%
[1812/2700] req=500  seed=1  cache=0.5 WAN=100 dragonfly_style             mean=73.60 p95=142.77 reg=14165 peer=1518 offload=9.7%
[1813/2700] req=500  seed=1  cache=0.5 WAN=100 peersync_style              mean=67.56 p95=132.01 reg=13044 peer=2639 offload=16.8%
[1814/2700] req=500  seed=1  cache=0.5 WAN=100 metapipe_reactive_style     mean=63.21 p95=136.79 reg=13485 peer=2198 offload=14.0%
[1815/2700] req=500  seed=1  cache=0.5 WAN=100 ilrsa_style                 mean=113.78 p95=154.94 reg=15683 peer=0 offload=0.0%
[1816/2700] req=500  seed=1  cache=1   WAN=10  registry                    mean=702.08 p95=1320.30 reg=14396 peer=0 offload=0.0%
[1817/2700] req=500  seed=1  cache=1   WAN=10  dragonfly_style             mean=457.37 p95=744.09 reg=8154 peer=6242 offload=43.4%
[1818/2700] req=500  seed=1  cache=1   WAN=10  peersync_style              mean=424.30 p95=597.27 reg=6231 peer=8165 offload=56.7%
[1819/2700] req=500  seed=1  cache=1   WAN=10  metapipe_reactive_style     mean=418.26 p95=670.04 reg=7845 peer=6551 offload=45.5%
[1820/2700] req=500  seed=1  cache=1   WAN=10  ilrsa_style                 mean=895.86 p95=1436.10 reg=14396 peer=0 offload=0.0%
[1821/2700] req=500  seed=1  cache=1   WAN=30  registry                    mean=234.03 p95=440.10 reg=14396 peer=0 offload=0.0%
[1822/2700] req=500  seed=1  cache=1   WAN=30  dragonfly_style             mean=153.98 p95=246.31 reg=8200 peer=6196 offload=43.0%
[1823/2700] req=500  seed=1  cache=1   WAN=30  peersync_style              mean=144.80 p95=215.00 reg=6231 peer=8165 offload=56.7%
[1824/2700] req=500  seed=1  cache=1   WAN=30  metapipe_reactive_style     mean=142.95 p95=232.60 reg=7888 peer=6508 offload=45.2%
[1825/2700] req=500  seed=1  cache=1   WAN=30  ilrsa_style                 mean=298.62 p95=478.70 reg=14396 peer=0 offload=0.0%
[1826/2700] req=500  seed=1  cache=1   WAN=100 registry                    mean=70.22 p95=132.03 reg=14396 peer=0 offload=0.0%
[1827/2700] req=500  seed=1  cache=1   WAN=100 dragonfly_style             mean=48.42 p95=83.15 reg=8007 peer=6389 offload=44.4%
[1828/2700] req=500  seed=1  cache=1   WAN=100 peersync_style              mean=46.81 p95=79.78 reg=6289 peer=8107 offload=56.3%
[1829/2700] req=500  seed=1  cache=1   WAN=100 metapipe_reactive_style     mean=45.41 p95=82.16 reg=8084 peer=6312 offload=43.8%
[1830/2700] req=500  seed=1  cache=1   WAN=100 ilrsa_style                 mean=89.69 p95=144.61 reg=14396 peer=0 offload=0.0%
[1831/2700] req=500  seed=1  cache=2   WAN=10  registry                    mean=85.55 p95=405.90 reg=4318 peer=0 offload=0.0%
[1832/2700] req=500  seed=1  cache=2   WAN=10  dragonfly_style             mean=63.60 p95=322.90 reg=3338 peer=980 offload=22.7%
[1833/2700] req=500  seed=1  cache=2   WAN=10  peersync_style              mean=61.63 p95=305.54 reg=3096 peer=1222 offload=28.3%
[1834/2700] req=500  seed=1  cache=2   WAN=10  metapipe_reactive_style     mean=61.15 p95=332.03 reg=3362 peer=956 offload=22.1%
[1835/2700] req=500  seed=1  cache=2   WAN=10  ilrsa_style                 mean=115.57 p95=425.10 reg=4318 peer=0 offload=0.0%
[1836/2700] req=500  seed=1  cache=2   WAN=30  registry                    mean=28.52 p95=135.30 reg=4318 peer=0 offload=0.0%
[1837/2700] req=500  seed=1  cache=2   WAN=30  dragonfly_style             mean=21.34 p95=107.76 reg=3338 peer=980 offload=22.7%
[1838/2700] req=500  seed=1  cache=2   WAN=30  peersync_style              mean=20.70 p95=101.94 reg=3096 peer=1222 offload=28.3%
[1839/2700] req=500  seed=1  cache=2   WAN=30  metapipe_reactive_style     mean=20.42 p95=110.70 reg=3362 peer=956 offload=22.1%
[1840/2700] req=500  seed=1  cache=2   WAN=30  ilrsa_style                 mean=38.52 p95=141.70 reg=4318 peer=0 offload=0.0%
[1841/2700] req=500  seed=1  cache=2   WAN=100 registry                    mean=8.56 p95=40.59 reg=4318 peer=0 offload=0.0%
[1842/2700] req=500  seed=1  cache=2   WAN=100 dragonfly_style             mean=6.78 p95=33.51 reg=3440 peer=878 offload=20.3%
[1843/2700] req=500  seed=1  cache=2   WAN=100 peersync_style              mean=6.37 p95=30.65 reg=3096 peer=1222 offload=28.3%
[1844/2700] req=500  seed=1  cache=2   WAN=100 metapipe_reactive_style     mean=6.14 p95=33.23 reg=3362 peer=956 offload=22.1%
[1845/2700] req=500  seed=1  cache=2   WAN=100 ilrsa_style                 mean=11.56 p95=42.51 reg=4318 peer=0 offload=0.0%
[1846/2700] req=500  seed=2  cache=0.5 WAN=10  registry                    mean=864.04 p95=1485.40 reg=16078 peer=0 offload=0.0%
[1847/2700] req=500  seed=2  cache=0.5 WAN=10  dragonfly_style             mean=664.12 p95=1227.90 reg=13166 peer=2912 offload=18.1%
[1848/2700] req=500  seed=2  cache=0.5 WAN=10  peersync_style              mean=613.60 p95=1141.10 reg=12298 peer=3780 offload=23.5%
[1849/2700] req=500  seed=2  cache=0.5 WAN=10  metapipe_reactive_style     mean=558.94 p95=1128.50 reg=13059 peer=3019 offload=18.8%
[1850/2700] req=500  seed=2  cache=0.5 WAN=10  ilrsa_style                 mean=1034.62 p95=1605.90 reg=16078 peer=0 offload=0.0%
[1851/2700] req=500  seed=2  cache=0.5 WAN=30  registry                    mean=288.01 p95=495.13 reg=16078 peer=0 offload=0.0%
[1852/2700] req=500  seed=2  cache=0.5 WAN=30  dragonfly_style             mean=227.74 p95=419.90 reg=13484 peer=2594 offload=16.1%
[1853/2700] req=500  seed=2  cache=0.5 WAN=30  peersync_style              mean=204.76 p95=380.37 reg=12298 peer=3780 offload=23.5%
[1854/2700] req=500  seed=2  cache=0.5 WAN=30  metapipe_reactive_style     mean=186.39 p95=376.17 reg=13059 peer=3019 offload=18.8%
[1855/2700] req=500  seed=2  cache=0.5 WAN=30  ilrsa_style                 mean=344.87 p95=535.30 reg=16078 peer=0 offload=0.0%
[1856/2700] req=500  seed=2  cache=0.5 WAN=100 registry                    mean=86.50 p95=148.54 reg=16078 peer=0 offload=0.0%
[1857/2700] req=500  seed=2  cache=0.5 WAN=100 dragonfly_style             mean=67.48 p95=118.06 reg=13384 peer=2694 offload=16.8%
[1858/2700] req=500  seed=2  cache=0.5 WAN=100 peersync_style              mean=63.12 p95=108.40 reg=12376 peer=3702 offload=23.0%
[1859/2700] req=500  seed=2  cache=0.5 WAN=100 metapipe_reactive_style     mean=59.52 p95=119.57 reg=13645 peer=2433 offload=15.1%
[1860/2700] req=500  seed=2  cache=0.5 WAN=100 ilrsa_style                 mean=104.18 p95=168.54 reg=16078 peer=0 offload=0.0%
[1861/2700] req=500  seed=2  cache=1   WAN=10  registry                    mean=635.94 p95=1269.10 reg=13302 peer=0 offload=0.0%
[1862/2700] req=500  seed=2  cache=1   WAN=10  dragonfly_style             mean=286.86 p95=641.25 reg=6676 peer=6626 offload=49.8%
[1863/2700] req=500  seed=2  cache=1   WAN=10  peersync_style              mean=271.48 p95=557.23 reg=5909 peer=7393 offload=55.6%
[1864/2700] req=500  seed=2  cache=1   WAN=10  metapipe_reactive_style     mean=310.57 p95=640.25 reg=7721 peer=5581 offload=42.0%
[1865/2700] req=500  seed=2  cache=1   WAN=10  ilrsa_style                 mean=804.79 p95=1328.10 reg=13302 peer=0 offload=0.0%
[1866/2700] req=500  seed=2  cache=1   WAN=30  registry                    mean=211.98 p95=423.03 reg=13302 peer=0 offload=0.0%
[1867/2700] req=500  seed=2  cache=1   WAN=30  dragonfly_style             mean=96.98 p95=211.05 reg=6676 peer=6626 offload=49.8%
[1868/2700] req=500  seed=2  cache=1   WAN=30  peersync_style              mean=92.70 p95=187.88 reg=5909 peer=7393 offload=55.6%
[1869/2700] req=500  seed=2  cache=1   WAN=30  metapipe_reactive_style     mean=70.59 p95=179.82 reg=6750 peer=6552 offload=49.3%
[1870/2700] req=500  seed=2  cache=1   WAN=30  ilrsa_style                 mean=268.26 p95=442.70 reg=13302 peer=0 offload=0.0%
[1871/2700] req=500  seed=2  cache=1   WAN=100 registry                    mean=63.62 p95=126.91 reg=13302 peer=0 offload=0.0%
[1872/2700] req=500  seed=2  cache=1   WAN=100 dragonfly_style             mean=30.93 p95=65.69 reg=6688 peer=6614 offload=49.7%
[1873/2700] req=500  seed=2  cache=1   WAN=100 peersync_style              mean=30.05 p95=62.14 reg=5909 peer=7393 offload=55.6%
[1874/2700] req=500  seed=2  cache=1   WAN=100 metapipe_reactive_style     mean=23.22 p95=58.86 reg=7186 peer=6116 offload=46.0%
[1875/2700] req=500  seed=2  cache=1   WAN=100 ilrsa_style                 mean=80.60 p95=134.14 reg=13302 peer=0 offload=0.0%
[1876/2700] req=500  seed=2  cache=2   WAN=10  registry                    mean=132.86 p95=558.80 reg=6920 peer=0 offload=0.0%
[1877/2700] req=500  seed=2  cache=2   WAN=10  dragonfly_style             mean=56.64 p95=215.90 reg=2380 peer=4540 offload=65.6%
[1878/2700] req=500  seed=2  cache=2   WAN=10  peersync_style              mean=55.85 p95=211.40 reg=2335 peer=4585 offload=66.3%
[1879/2700] req=500  seed=2  cache=2   WAN=10  metapipe_reactive_style     mean=50.99 p95=243.01 reg=2590 peer=4330 offload=62.6%
[1880/2700] req=500  seed=2  cache=2   WAN=10  ilrsa_style                 mean=175.93 p95=597.60 reg=6920 peer=0 offload=0.0%
[1881/2700] req=500  seed=2  cache=2   WAN=30  registry                    mean=44.29 p95=186.27 reg=6920 peer=0 offload=0.0%
[1882/2700] req=500  seed=2  cache=2   WAN=30  dragonfly_style             mean=19.36 p95=73.66 reg=2380 peer=4540 offload=65.6%
[1883/2700] req=500  seed=2  cache=2   WAN=30  peersync_style              mean=19.11 p95=73.06 reg=2335 peer=4585 offload=66.3%
[1884/2700] req=500  seed=2  cache=2   WAN=30  metapipe_reactive_style     mean=17.27 p95=80.08 reg=2608 peer=4312 offload=62.3%
[1885/2700] req=500  seed=2  cache=2   WAN=30  ilrsa_style                 mean=58.64 p95=199.20 reg=6920 peer=0 offload=0.0%
[1886/2700] req=500  seed=2  cache=2   WAN=100 registry                    mean=13.32 p95=55.88 reg=6920 peer=0 offload=0.0%
[1887/2700] req=500  seed=2  cache=2   WAN=100 dragonfly_style             mean=6.65 p95=25.68 reg=2484 peer=4436 offload=64.1%
[1888/2700] req=500  seed=2  cache=2   WAN=100 peersync_style              mean=6.62 p95=25.66 reg=2335 peer=4585 offload=66.3%
[1889/2700] req=500  seed=2  cache=2   WAN=100 metapipe_reactive_style     mean=5.62 p95=26.68 reg=2825 peer=4095 offload=59.2%
[1890/2700] req=500  seed=2  cache=2   WAN=100 ilrsa_style                 mean=17.68 p95=59.76 reg=6920 peer=0 offload=0.0%
[1891/2700] req=500  seed=3  cache=0.5 WAN=10  registry                    mean=834.11 p95=1425.70 reg=14688 peer=0 offload=0.0%
[1892/2700] req=500  seed=3  cache=0.5 WAN=10  dragonfly_style             mean=643.15 p95=1244.80 reg=12448 peer=2240 offload=15.3%
[1893/2700] req=500  seed=3  cache=0.5 WAN=10  peersync_style              mean=607.31 p95=1184.80 reg=11848 peer=2840 offload=19.3%
[1894/2700] req=500  seed=3  cache=0.5 WAN=10  metapipe_reactive_style     mean=563.66 p95=1100.80 reg=11895 peer=2793 offload=19.0%
[1895/2700] req=500  seed=3  cache=0.5 WAN=10  ilrsa_style                 mean=992.33 p95=1466.80 reg=14688 peer=0 offload=0.0%
[1896/2700] req=500  seed=3  cache=0.5 WAN=30  registry                    mean=278.04 p95=475.23 reg=14688 peer=0 offload=0.0%
[1897/2700] req=500  seed=3  cache=0.5 WAN=30  dragonfly_style             mean=214.48 p95=414.87 reg=12446 peer=2242 offload=15.3%
[1898/2700] req=500  seed=3  cache=0.5 WAN=30  peersync_style              mean=202.63 p95=394.93 reg=11848 peer=2840 offload=19.3%
[1899/2700] req=500  seed=3  cache=0.5 WAN=30  metapipe_reactive_style     mean=188.95 p95=359.43 reg=11670 peer=3018 offload=20.5%
[1900/2700] req=500  seed=3  cache=0.5 WAN=30  ilrsa_style                 mean=330.78 p95=488.93 reg=14688 peer=0 offload=0.0%
[1901/2700] req=500  seed=3  cache=0.5 WAN=100 registry                    mean=83.43 p95=142.57 reg=14688 peer=0 offload=0.0%
[1902/2700] req=500  seed=3  cache=0.5 WAN=100 dragonfly_style             mean=65.83 p95=138.55 reg=12446 peer=2242 offload=15.3%
[1903/2700] req=500  seed=3  cache=0.5 WAN=100 peersync_style              mean=62.21 p95=132.53 reg=11832 peer=2856 offload=19.4%
[1904/2700] req=500  seed=3  cache=0.5 WAN=100 metapipe_reactive_style     mean=59.74 p95=135.65 reg=11719 peer=2969 offload=20.2%
[1905/2700] req=500  seed=3  cache=0.5 WAN=100 ilrsa_style                 mean=99.29 p95=147.30 reg=14688 peer=0 offload=0.0%
[1906/2700] req=500  seed=3  cache=1   WAN=10  registry                    mean=643.57 p95=1329.50 reg=14310 peer=0 offload=0.0%
[1907/2700] req=500  seed=3  cache=1   WAN=10  dragonfly_style             mean=326.22 p95=574.59 reg=6587 peer=7723 offload=54.0%
[1908/2700] req=500  seed=3  cache=1   WAN=10  peersync_style              mean=299.38 p95=539.67 reg=5235 peer=9075 offload=63.4%
[1909/2700] req=500  seed=3  cache=1   WAN=10  metapipe_reactive_style     mean=342.15 p95=601.89 reg=6795 peer=7515 offload=52.5%
[1910/2700] req=500  seed=3  cache=1   WAN=10  ilrsa_style                 mean=769.22 p95=1429.60 reg=14310 peer=0 offload=0.0%
[1911/2700] req=500  seed=3  cache=1   WAN=30  registry                    mean=214.52 p95=443.17 reg=14310 peer=0 offload=0.0%
[1912/2700] req=500  seed=3  cache=1   WAN=30  dragonfly_style             mean=111.97 p95=207.16 reg=6248 peer=8062 offload=56.3%
[1913/2700] req=500  seed=3  cache=1   WAN=30  peersync_style              mean=103.76 p95=201.33 reg=5235 peer=9075 offload=63.4%
[1914/2700] req=500  seed=3  cache=1   WAN=30  metapipe_reactive_style     mean=116.26 p95=211.96 reg=6795 peer=7515 offload=52.5%
[1915/2700] req=500  seed=3  cache=1   WAN=30  ilrsa_style                 mean=256.41 p95=476.53 reg=14310 peer=0 offload=0.0%
[1916/2700] req=500  seed=3  cache=1   WAN=100 registry                    mean=64.44 p95=132.95 reg=14310 peer=0 offload=0.0%
[1917/2700] req=500  seed=3  cache=1   WAN=100 dragonfly_style             mean=40.11 p95=86.56 reg=6537 peer=7773 offload=54.3%
[1918/2700] req=500  seed=3  cache=1   WAN=100 peersync_style              mean=35.94 p95=80.68 reg=5235 peer=9075 offload=63.4%
[1919/2700] req=500  seed=3  cache=1   WAN=100 metapipe_reactive_style     mean=38.02 p95=79.39 reg=6795 peer=7515 offload=52.5%
[1920/2700] req=500  seed=3  cache=1   WAN=100 ilrsa_style                 mean=77.20 p95=147.30 reg=14310 peer=0 offload=0.0%
[1921/2700] req=500  seed=3  cache=2   WAN=10  registry                    mean=94.54 p95=491.40 reg=5459 peer=0 offload=0.0%
[1922/2700] req=500  seed=3  cache=2   WAN=10  dragonfly_style             mean=43.78 p95=222.17 reg=2291 peer=3168 offload=58.0%
[1923/2700] req=500  seed=3  cache=2   WAN=10  peersync_style              mean=42.95 p95=216.37 reg=2233 peer=3226 offload=59.1%
[1924/2700] req=500  seed=3  cache=2   WAN=10  metapipe_reactive_style     mean=44.25 p95=227.41 reg=2345 peer=3114 offload=57.0%
[1925/2700] req=500  seed=3  cache=2   WAN=10  ilrsa_style                 mean=114.52 p95=532.40 reg=5459 peer=0 offload=0.0%
[1926/2700] req=500  seed=3  cache=2   WAN=30  registry                    mean=31.51 p95=163.80 reg=5459 peer=0 offload=0.0%
[1927/2700] req=500  seed=3  cache=2   WAN=30  dragonfly_style             mean=15.17 p95=76.20 reg=2291 peer=3168 offload=58.0%
[1928/2700] req=500  seed=3  cache=2   WAN=30  peersync_style              mean=14.96 p95=74.27 reg=2233 peer=3226 offload=59.1%
[1929/2700] req=500  seed=3  cache=2   WAN=30  metapipe_reactive_style     mean=15.12 p95=78.17 reg=2345 peer=3114 offload=57.0%
[1930/2700] req=500  seed=3  cache=2   WAN=30  ilrsa_style                 mean=38.17 p95=177.47 reg=5459 peer=0 offload=0.0%
[1931/2700] req=500  seed=3  cache=2   WAN=100 registry                    mean=9.46 p95=49.14 reg=5459 peer=0 offload=0.0%
[1932/2700] req=500  seed=3  cache=2   WAN=100 dragonfly_style             mean=5.18 p95=25.65 reg=2294 peer=3165 offload=58.0%
[1933/2700] req=500  seed=3  cache=2   WAN=100 peersync_style              mean=5.15 p95=25.11 reg=2233 peer=3226 offload=59.1%
[1934/2700] req=500  seed=3  cache=2   WAN=100 metapipe_reactive_style     mean=4.90 p95=23.72 reg=2345 peer=3114 offload=57.0%
[1935/2700] req=500  seed=3  cache=2   WAN=100 ilrsa_style                 mean=11.46 p95=53.24 reg=5459 peer=0 offload=0.0%
[1936/2700] req=500  seed=4  cache=0.5 WAN=10  registry                    mean=864.80 p95=1521.50 reg=16429 peer=0 offload=0.0%
[1937/2700] req=500  seed=4  cache=0.5 WAN=10  dragonfly_style             mean=701.84 p95=1310.10 reg=13988 peer=2441 offload=14.9%
[1938/2700] req=500  seed=4  cache=0.5 WAN=10  peersync_style              mean=653.81 p95=1214.30 reg=13030 peer=3399 offload=20.7%
[1939/2700] req=500  seed=4  cache=0.5 WAN=10  metapipe_reactive_style     mean=595.77 p95=1296.40 reg=13851 peer=2578 offload=15.7%
[1940/2700] req=500  seed=4  cache=0.5 WAN=10  ilrsa_style                 mean=1078.46 p95=1610.90 reg=16429 peer=0 offload=0.0%
[1941/2700] req=500  seed=4  cache=0.5 WAN=30  registry                    mean=288.27 p95=507.17 reg=16429 peer=0 offload=0.0%
[1942/2700] req=500  seed=4  cache=0.5 WAN=30  dragonfly_style             mean=232.11 p95=436.70 reg=13988 peer=2441 offload=14.9%
[1943/2700] req=500  seed=4  cache=0.5 WAN=30  peersync_style              mean=218.15 p95=404.77 reg=13030 peer=3399 offload=20.7%
[1944/2700] req=500  seed=4  cache=0.5 WAN=30  metapipe_reactive_style     mean=199.00 p95=434.30 reg=13916 peer=2513 offload=15.3%
[1945/2700] req=500  seed=4  cache=0.5 WAN=30  ilrsa_style                 mean=359.49 p95=536.97 reg=16429 peer=0 offload=0.0%
[1946/2700] req=500  seed=4  cache=0.5 WAN=100 registry                    mean=86.49 p95=152.15 reg=16429 peer=0 offload=0.0%
[1947/2700] req=500  seed=4  cache=0.5 WAN=100 dragonfly_style             mean=69.31 p95=140.32 reg=13815 peer=2614 offload=15.9%
[1948/2700] req=500  seed=4  cache=0.5 WAN=100 peersync_style              mean=66.46 p95=132.63 reg=12959 peer=3470 offload=21.1%
[1949/2700] req=500  seed=4  cache=0.5 WAN=100 metapipe_reactive_style     mean=59.00 p95=139.87 reg=13629 peer=2800 offload=17.0%
[1950/2700] req=500  seed=4  cache=0.5 WAN=100 ilrsa_style                 mean=107.88 p95=161.09 reg=16429 peer=0 offload=0.0%
[1951/2700] req=500  seed=4  cache=1   WAN=10  registry                    mean=757.93 p95=1474.40 reg=16047 peer=0 offload=0.0%
[1952/2700] req=500  seed=4  cache=1   WAN=10  dragonfly_style             mean=418.60 p95=657.04 reg=7775 peer=8272 offload=51.5%
[1953/2700] req=500  seed=4  cache=1   WAN=10  peersync_style              mean=403.92 p95=634.92 reg=7086 peer=8961 offload=55.8%
[1954/2700] req=500  seed=4  cache=1   WAN=10  metapipe_reactive_style     mean=409.91 p95=781.40 reg=8185 peer=7862 offload=49.0%
[1955/2700] req=500  seed=4  cache=1   WAN=10  ilrsa_style                 mean=930.06 p95=1574.80 reg=16047 peer=0 offload=0.0%
[1956/2700] req=500  seed=4  cache=1   WAN=30  registry                    mean=252.64 p95=491.47 reg=16047 peer=0 offload=0.0%
[1957/2700] req=500  seed=4  cache=1   WAN=30  dragonfly_style             mean=141.77 p95=231.58 reg=7775 peer=8272 offload=51.5%
[1958/2700] req=500  seed=4  cache=1   WAN=30  peersync_style              mean=137.16 p95=223.11 reg=7110 peer=8937 offload=55.7%
[1959/2700] req=500  seed=4  cache=1   WAN=30  metapipe_reactive_style     mean=138.75 p95=262.99 reg=7984 peer=8063 offload=50.2%
[1960/2700] req=500  seed=4  cache=1   WAN=30  ilrsa_style                 mean=310.02 p95=524.93 reg=16047 peer=0 offload=0.0%
[1961/2700] req=500  seed=4  cache=1   WAN=100 registry                    mean=75.81 p95=147.44 reg=16047 peer=0 offload=0.0%
[1962/2700] req=500  seed=4  cache=1   WAN=100 dragonfly_style             mean=48.68 p95=90.61 reg=8034 peer=8013 offload=49.9%
[1963/2700] req=500  seed=4  cache=1   WAN=100 peersync_style              mean=45.51 p95=85.95 reg=7334 peer=8713 offload=54.3%
[1964/2700] req=500  seed=4  cache=1   WAN=100 metapipe_reactive_style     mean=44.03 p95=81.72 reg=8185 peer=7862 offload=49.0%
[1965/2700] req=500  seed=4  cache=1   WAN=100 ilrsa_style                 mean=93.07 p95=157.48 reg=16047 peer=0 offload=0.0%
[1966/2700] req=500  seed=4  cache=2   WAN=10  registry                    mean=107.43 p95=522.90 reg=5587 peer=0 offload=0.0%
[1967/2700] req=500  seed=4  cache=2   WAN=10  dragonfly_style             mean=58.73 p95=246.93 reg=2886 peer=2701 offload=48.3%
[1968/2700] req=500  seed=4  cache=2   WAN=10  peersync_style              mean=55.51 p95=230.58 reg=2587 peer=3000 offload=53.7%
[1969/2700] req=500  seed=4  cache=2   WAN=10  metapipe_reactive_style     mean=43.54 p95=228.05 reg=2621 peer=2966 offload=53.1%
[1970/2700] req=500  seed=4  cache=2   WAN=10  ilrsa_style                 mean=149.92 p95=541.10 reg=5587 peer=0 offload=0.0%
[1971/2700] req=500  seed=4  cache=2   WAN=30  registry                    mean=35.81 p95=174.30 reg=5587 peer=0 offload=0.0%
[1972/2700] req=500  seed=4  cache=2   WAN=30  dragonfly_style             mean=20.54 p95=93.12 reg=2974 peer=2613 offload=46.8%
[1973/2700] req=500  seed=4  cache=2   WAN=30  peersync_style              mean=18.76 p95=78.61 reg=2587 peer=3000 offload=53.7%
[1974/2700] req=500  seed=4  cache=2   WAN=30  metapipe_reactive_style     mean=14.56 p95=74.89 reg=2621 peer=2966 offload=53.1%
[1975/2700] req=500  seed=4  cache=2   WAN=30  ilrsa_style                 mean=49.97 p95=180.37 reg=5587 peer=0 offload=0.0%
[1976/2700] req=500  seed=4  cache=2   WAN=100 registry                    mean=10.76 p95=52.29 reg=5587 peer=0 offload=0.0%
[1977/2700] req=500  seed=4  cache=2   WAN=100 dragonfly_style             mean=6.23 p95=28.06 reg=2810 peer=2777 offload=49.7%
[1978/2700] req=500  seed=4  cache=2   WAN=100 peersync_style              mean=5.90 p95=26.13 reg=2587 peer=3000 offload=53.7%
[1979/2700] req=500  seed=4  cache=2   WAN=100 metapipe_reactive_style     mean=4.35 p95=22.71 reg=2621 peer=2966 offload=53.1%
[1980/2700] req=500  seed=4  cache=2   WAN=100 ilrsa_style                 mean=15.03 p95=54.11 reg=5587 peer=0 offload=0.0%
[1981/2700] req=500  seed=5  cache=0.5 WAN=10  registry                    mean=806.96 p95=1470.00 reg=16503 peer=0 offload=0.0%
[1982/2700] req=500  seed=5  cache=0.5 WAN=10  dragonfly_style             mean=692.56 p95=1288.90 reg=13776 peer=2727 offload=16.5%
[1983/2700] req=500  seed=5  cache=0.5 WAN=10  peersync_style              mean=662.94 p95=1238.50 reg=13272 peer=3231 offload=19.6%
[1984/2700] req=500  seed=5  cache=0.5 WAN=10  metapipe_reactive_style     mean=627.64 p95=1227.30 reg=13160 peer=3343 offload=20.3%
[1985/2700] req=500  seed=5  cache=0.5 WAN=10  ilrsa_style                 mean=989.37 p95=1648.70 reg=16503 peer=0 offload=0.0%
[1986/2700] req=500  seed=5  cache=0.5 WAN=30  registry                    mean=268.99 p95=490.00 reg=16503 peer=0 offload=0.0%
[1987/2700] req=500  seed=5  cache=0.5 WAN=30  dragonfly_style             mean=230.73 p95=429.63 reg=13776 peer=2727 offload=16.5%
[1988/2700] req=500  seed=5  cache=0.5 WAN=30  peersync_style              mean=220.86 p95=412.83 reg=13272 peer=3231 offload=19.6%
[1989/2700] req=500  seed=5  cache=0.5 WAN=30  metapipe_reactive_style     mean=209.13 p95=409.10 reg=13160 peer=3343 offload=20.3%
[1990/2700] req=500  seed=5  cache=0.5 WAN=30  ilrsa_style                 mean=329.79 p95=549.57 reg=16503 peer=0 offload=0.0%
[1991/2700] req=500  seed=5  cache=0.5 WAN=100 registry                    mean=80.73 p95=147.00 reg=16503 peer=0 offload=0.0%
[1992/2700] req=500  seed=5  cache=0.5 WAN=100 dragonfly_style             mean=69.41 p95=131.50 reg=14000 peer=2503 offload=15.2%
[1993/2700] req=500  seed=5  cache=0.5 WAN=100 peersync_style              mean=66.17 p95=124.94 reg=13271 peer=3232 offload=19.6%
[1994/2700] req=500  seed=5  cache=0.5 WAN=100 metapipe_reactive_style     mean=61.91 p95=121.68 reg=12942 peer=3561 offload=21.6%
[1995/2700] req=500  seed=5  cache=0.5 WAN=100 ilrsa_style                 mean=99.15 p95=168.42 reg=16503 peer=0 offload=0.0%
[1996/2700] req=500  seed=5  cache=1   WAN=10  registry                    mean=629.67 p95=1289.50 reg=13942 peer=0 offload=0.0%
[1997/2700] req=500  seed=5  cache=1   WAN=10  dragonfly_style             mean=344.33 p95=611.08 reg=6904 peer=7038 offload=50.5%
[1998/2700] req=500  seed=5  cache=1   WAN=10  peersync_style              mean=306.65 p95=565.69 reg=6152 peer=7790 offload=55.9%
[1999/2700] req=500  seed=5  cache=1   WAN=10  metapipe_reactive_style     mean=332.49 p95=682.94 reg=7101 peer=6841 offload=49.1%
[2000/2700] req=500  seed=5  cache=1   WAN=10  ilrsa_style                 mean=741.35 p95=1391.70 reg=13942 peer=0 offload=0.0%
[2001/2700] req=500  seed=5  cache=1   WAN=30  registry                    mean=209.89 p95=429.83 reg=13942 peer=0 offload=0.0%
[2002/2700] req=500  seed=5  cache=1   WAN=30  dragonfly_style             mean=120.01 p95=220.11 reg=7434 peer=6508 offload=46.7%
[2003/2700] req=500  seed=5  cache=1   WAN=30  peersync_style              mean=107.39 p95=204.77 reg=5897 peer=8045 offload=57.7%
[2004/2700] req=500  seed=5  cache=1   WAN=30  metapipe_reactive_style     mean=113.32 p95=236.57 reg=7097 peer=6845 offload=49.1%
[2005/2700] req=500  seed=5  cache=1   WAN=30  ilrsa_style                 mean=247.12 p95=463.90 reg=13942 peer=0 offload=0.0%
[2006/2700] req=500  seed=5  cache=1   WAN=100 registry                    mean=62.99 p95=128.95 reg=13942 peer=0 offload=0.0%
[2007/2700] req=500  seed=5  cache=1   WAN=100 dragonfly_style             mean=41.11 p95=86.62 reg=7434 peer=6508 offload=46.7%
[2008/2700] req=500  seed=5  cache=1   WAN=100 peersync_style              mean=37.93 p95=84.31 reg=5897 peer=8045 offload=57.7%
[2009/2700] req=500  seed=5  cache=1   WAN=100 metapipe_reactive_style     mean=37.85 p95=85.24 reg=7650 peer=6292 offload=45.1%
[2010/2700] req=500  seed=5  cache=1   WAN=100 ilrsa_style                 mean=74.23 p95=140.77 reg=13942 peer=0 offload=0.0%
[2011/2700] req=500  seed=5  cache=2   WAN=10  registry                    mean=96.71 p95=537.20 reg=6261 peer=0 offload=0.0%
[2012/2700] req=500  seed=5  cache=2   WAN=10  dragonfly_style             mean=45.74 p95=301.18 reg=3323 peer=2938 offload=46.9%
[2013/2700] req=500  seed=5  cache=2   WAN=10  peersync_style              mean=34.89 p95=212.98 reg=2687 peer=3574 offload=57.1%
[2014/2700] req=500  seed=5  cache=2   WAN=10  metapipe_reactive_style     mean=37.65 p95=209.47 reg=2946 peer=3315 offload=52.9%
[2015/2700] req=500  seed=5  cache=2   WAN=10  ilrsa_style                 mean=116.71 p95=597.10 reg=6261 peer=0 offload=0.0%
[2016/2700] req=500  seed=5  cache=2   WAN=30  registry                    mean=32.24 p95=179.07 reg=6261 peer=0 offload=0.0%
[2017/2700] req=500  seed=5  cache=2   WAN=30  dragonfly_style             mean=15.52 p95=100.73 reg=3323 peer=2938 offload=46.9%
[2018/2700] req=500  seed=5  cache=2   WAN=30  peersync_style              mean=12.08 p95=71.84 reg=2687 peer=3574 offload=57.1%
[2019/2700] req=500  seed=5  cache=2   WAN=30  metapipe_reactive_style     mean=12.90 p95=73.08 reg=2946 peer=3315 offload=52.9%
[2020/2700] req=500  seed=5  cache=2   WAN=30  ilrsa_style                 mean=38.90 p95=199.03 reg=6261 peer=0 offload=0.0%
[2021/2700] req=500  seed=5  cache=2   WAN=100 registry                    mean=9.67 p95=53.72 reg=6261 peer=0 offload=0.0%
[2022/2700] req=500  seed=5  cache=2   WAN=100 dragonfly_style             mean=4.95 p95=30.79 reg=3323 peer=2938 offload=46.9%
[2023/2700] req=500  seed=5  cache=2   WAN=100 peersync_style              mean=4.09 p95=22.35 reg=2687 peer=3574 offload=57.1%
[2024/2700] req=500  seed=5  cache=2   WAN=100 metapipe_reactive_style     mean=4.25 p95=20.95 reg=2946 peer=3315 offload=52.9%
[2025/2700] req=500  seed=5  cache=2   WAN=100 ilrsa_style                 mean=11.68 p95=59.71 reg=6261 peer=0 offload=0.0%
[2026/2700] req=500  seed=6  cache=0.5 WAN=10  registry                    mean=842.55 p95=1369.70 reg=14687 peer=0 offload=0.0%
[2027/2700] req=500  seed=6  cache=0.5 WAN=10  dragonfly_style             mean=667.58 p95=1144.00 reg=12327 peer=2360 offload=16.1%
[2028/2700] req=500  seed=6  cache=0.5 WAN=10  peersync_style              mean=627.69 p95=1087.80 reg=11765 peer=2922 offload=19.9%
[2029/2700] req=500  seed=6  cache=0.5 WAN=10  metapipe_reactive_style     mean=588.47 p95=1140.80 reg=12295 peer=2392 offload=16.3%
[2030/2700] req=500  seed=6  cache=0.5 WAN=10  ilrsa_style                 mean=1048.33 p95=1447.20 reg=14687 peer=0 offload=0.0%
[2031/2700] req=500  seed=6  cache=0.5 WAN=30  registry                    mean=280.85 p95=456.57 reg=14687 peer=0 offload=0.0%
[2032/2700] req=500  seed=6  cache=0.5 WAN=30  dragonfly_style             mean=224.89 p95=383.57 reg=12394 peer=2293 offload=15.6%
[2033/2700] req=500  seed=6  cache=0.5 WAN=30  peersync_style              mean=209.50 p95=358.00 reg=11627 peer=3060 offload=20.8%
[2034/2700] req=500  seed=6  cache=0.5 WAN=30  metapipe_reactive_style     mean=196.23 p95=380.27 reg=12295 peer=2392 offload=16.3%
[2035/2700] req=500  seed=6  cache=0.5 WAN=30  ilrsa_style                 mean=349.44 p95=482.40 reg=14687 peer=0 offload=0.0%
[2036/2700] req=500  seed=6  cache=0.5 WAN=100 registry                    mean=84.31 p95=136.97 reg=14687 peer=0 offload=0.0%
[2037/2700] req=500  seed=6  cache=0.5 WAN=100 dragonfly_style             mean=68.07 p95=121.09 reg=12506 peer=2181 offload=14.8%
[2038/2700] req=500  seed=6  cache=0.5 WAN=100 peersync_style              mean=64.20 p95=114.54 reg=11751 peer=2936 offload=20.0%
[2039/2700] req=500  seed=6  cache=0.5 WAN=100 metapipe_reactive_style     mean=60.38 p95=122.80 reg=12666 peer=2021 offload=13.8%
[2040/2700] req=500  seed=6  cache=0.5 WAN=100 ilrsa_style                 mean=105.05 p95=146.62 reg=14687 peer=0 offload=0.0%
[2041/2700] req=500  seed=6  cache=1   WAN=10  registry                    mean=550.72 p95=1150.50 reg=12703 peer=0 offload=0.0%
[2042/2700] req=500  seed=6  cache=1   WAN=10  dragonfly_style             mean=326.94 p95=575.15 reg=6112 peer=6591 offload=51.9%
[2043/2700] req=500  seed=6  cache=1   WAN=10  peersync_style              mean=308.49 p95=535.26 reg=5561 peer=7142 offload=56.2%
[2044/2700] req=500  seed=6  cache=1   WAN=10  metapipe_reactive_style     mean=346.57 p95=635.62 reg=6723 peer=5980 offload=47.1%
[2045/2700] req=500  seed=6  cache=1   WAN=10  ilrsa_style                 mean=697.03 p95=1225.90 reg=12703 peer=0 offload=0.0%
[2046/2700] req=500  seed=6  cache=1   WAN=30  registry                    mean=183.57 p95=383.50 reg=12703 peer=0 offload=0.0%
[2047/2700] req=500  seed=6  cache=1   WAN=30  dragonfly_style             mean=113.43 p95=204.77 reg=6112 peer=6591 offload=51.9%
[2048/2700] req=500  seed=6  cache=1   WAN=30  peersync_style              mean=107.75 p95=200.38 reg=5561 peer=7142 offload=56.2%
[2049/2700] req=500  seed=6  cache=1   WAN=30  metapipe_reactive_style     mean=117.50 p95=221.82 reg=6723 peer=5980 offload=47.1%
[2050/2700] req=500  seed=6  cache=1   WAN=30  ilrsa_style                 mean=232.34 p95=408.63 reg=12703 peer=0 offload=0.0%
[2051/2700] req=500  seed=6  cache=1   WAN=100 registry                    mean=55.09 p95=115.05 reg=12703 peer=0 offload=0.0%
[2052/2700] req=500  seed=6  cache=1   WAN=100 dragonfly_style             mean=38.82 p95=85.40 reg=6093 peer=6610 offload=52.0%
[2053/2700] req=500  seed=6  cache=1   WAN=100 peersync_style              mean=37.12 p95=83.17 reg=5561 peer=7142 offload=56.2%
[2054/2700] req=500  seed=6  cache=1   WAN=100 metapipe_reactive_style     mean=37.39 p95=83.36 reg=6770 peer=5933 offload=46.7%
[2055/2700] req=500  seed=6  cache=1   WAN=100 ilrsa_style                 mean=69.81 p95=122.59 reg=12703 peer=0 offload=0.0%
[2056/2700] req=500  seed=6  cache=2   WAN=10  registry                    mean=90.93 p95=427.80 reg=5165 peer=0 offload=0.0%
[2057/2700] req=500  seed=6  cache=2   WAN=10  dragonfly_style             mean=47.86 p95=258.34 reg=2630 peer=2535 offload=49.1%
[2058/2700] req=500  seed=6  cache=2   WAN=10  peersync_style              mean=47.39 p95=254.07 reg=2594 peer=2571 offload=49.8%
[2059/2700] req=500  seed=6  cache=2   WAN=10  metapipe_reactive_style     mean=41.88 p95=260.46 reg=2658 peer=2507 offload=48.5%
[2060/2700] req=500  seed=6  cache=2   WAN=10  ilrsa_style                 mean=111.09 p95=487.10 reg=5165 peer=0 offload=0.0%
[2061/2700] req=500  seed=6  cache=2   WAN=30  registry                    mean=30.31 p95=142.60 reg=5165 peer=0 offload=0.0%
[2062/2700] req=500  seed=6  cache=2   WAN=30  dragonfly_style             mean=16.28 p95=87.07 reg=2630 peer=2535 offload=49.1%
[2063/2700] req=500  seed=6  cache=2   WAN=30  peersync_style              mean=16.15 p95=85.54 reg=2594 peer=2571 offload=49.8%
[2064/2700] req=500  seed=6  cache=2   WAN=30  metapipe_reactive_style     mean=14.55 p95=92.66 reg=2847 peer=2318 offload=44.9%
[2065/2700] req=500  seed=6  cache=2   WAN=30  ilrsa_style                 mean=37.03 p95=162.37 reg=5165 peer=0 offload=0.0%
[2066/2700] req=500  seed=6  cache=2   WAN=100 registry                    mean=9.11 p95=42.78 reg=5165 peer=0 offload=0.0%
[2067/2700] req=500  seed=6  cache=2   WAN=100 dragonfly_style             mean=5.34 p95=25.95 reg=2848 peer=2317 offload=44.9%
[2068/2700] req=500  seed=6  cache=2   WAN=100 peersync_style              mean=5.17 p95=24.18 reg=2594 peer=2571 offload=49.8%
[2069/2700] req=500  seed=6  cache=2   WAN=100 metapipe_reactive_style     mean=4.68 p95=25.66 reg=2847 peer=2318 offload=44.9%
[2070/2700] req=500  seed=6  cache=2   WAN=100 ilrsa_style                 mean=11.14 p95=48.71 reg=5165 peer=0 offload=0.0%
[2071/2700] req=500  seed=7  cache=0.5 WAN=10  registry                    mean=822.11 p95=1461.90 reg=15595 peer=0 offload=0.0%
[2072/2700] req=500  seed=7  cache=0.5 WAN=10  dragonfly_style             mean=643.64 p95=1146.40 reg=13238 peer=2357 offload=15.1%
[2073/2700] req=500  seed=7  cache=0.5 WAN=10  peersync_style              mean=594.29 p95=1017.20 reg=11946 peer=3649 offload=23.4%
[2074/2700] req=500  seed=7  cache=0.5 WAN=10  metapipe_reactive_style     mean=570.15 p95=1307.30 reg=13073 peer=2522 offload=16.2%
[2075/2700] req=500  seed=7  cache=0.5 WAN=10  ilrsa_style                 mean=1044.07 p95=1557.50 reg=15595 peer=0 offload=0.0%
[2076/2700] req=500  seed=7  cache=0.5 WAN=30  registry                    mean=274.04 p95=487.30 reg=15595 peer=0 offload=0.0%
[2077/2700] req=500  seed=7  cache=0.5 WAN=30  dragonfly_style             mean=215.56 p95=391.80 reg=13528 peer=2067 offload=13.3%
[2078/2700] req=500  seed=7  cache=0.5 WAN=30  peersync_style              mean=198.50 p95=340.27 reg=11982 peer=3613 offload=23.2%
[2079/2700] req=500  seed=7  cache=0.5 WAN=30  metapipe_reactive_style     mean=190.02 p95=435.77 reg=13073 peer=2522 offload=16.2%
[2080/2700] req=500  seed=7  cache=0.5 WAN=30  ilrsa_style                 mean=348.02 p95=519.17 reg=15595 peer=0 offload=0.0%
[2081/2700] req=500  seed=7  cache=0.5 WAN=100 registry                    mean=82.21 p95=146.19 reg=15595 peer=0 offload=0.0%
[2082/2700] req=500  seed=7  cache=0.5 WAN=100 dragonfly_style             mean=64.24 p95=117.10 reg=13157 peer=2438 offload=15.6%
[2083/2700] req=500  seed=7  cache=0.5 WAN=100 peersync_style              mean=60.20 p95=107.13 reg=11721 peer=3874 offload=24.8%
[2084/2700] req=500  seed=7  cache=0.5 WAN=100 metapipe_reactive_style     mean=58.50 p95=144.24 reg=13118 peer=2477 offload=15.9%
[2085/2700] req=500  seed=7  cache=0.5 WAN=100 ilrsa_style                 mean=104.42 p95=155.85 reg=15595 peer=0 offload=0.0%
[2086/2700] req=500  seed=7  cache=1   WAN=10  registry                    mean=659.66 p95=1404.60 reg=15271 peer=0 offload=0.0%
[2087/2700] req=500  seed=7  cache=1   WAN=10  dragonfly_style             mean=417.08 p95=694.05 reg=7771 peer=7500 offload=49.1%
[2088/2700] req=500  seed=7  cache=1   WAN=10  peersync_style              mean=387.35 p95=609.75 reg=6185 peer=9086 offload=59.5%
[2089/2700] req=500  seed=7  cache=1   WAN=10  metapipe_reactive_style     mean=384.86 p95=677.28 reg=7579 peer=7692 offload=50.4%
[2090/2700] req=500  seed=7  cache=1   WAN=10  ilrsa_style                 mean=877.39 p95=1525.30 reg=15271 peer=0 offload=0.0%
[2091/2700] req=500  seed=7  cache=1   WAN=30  registry                    mean=219.89 p95=468.20 reg=15271 peer=0 offload=0.0%
[2092/2700] req=500  seed=7  cache=1   WAN=30  dragonfly_style             mean=140.06 p95=237.21 reg=7768 peer=7503 offload=49.1%
[2093/2700] req=500  seed=7  cache=1   WAN=30  peersync_style              mean=132.03 p95=222.14 reg=6185 peer=9086 offload=59.5%
[2094/2700] req=500  seed=7  cache=1   WAN=30  metapipe_reactive_style     mean=130.52 p95=230.85 reg=7603 peer=7668 offload=50.2%
[2095/2700] req=500  seed=7  cache=1   WAN=30  ilrsa_style                 mean=292.46 p95=508.43 reg=15271 peer=0 offload=0.0%
[2096/2700] req=500  seed=7  cache=1   WAN=100 registry                    mean=66.00 p95=140.46 reg=15271 peer=0 offload=0.0%
[2097/2700] req=500  seed=7  cache=1   WAN=100 dragonfly_style             mean=48.64 p95=98.58 reg=8520 peer=6751 offload=44.2%
[2098/2700] req=500  seed=7  cache=1   WAN=100 peersync_style              mean=44.30 p95=89.78 reg=6185 peer=9086 offload=59.5%
[2099/2700] req=500  seed=7  cache=1   WAN=100 metapipe_reactive_style     mean=40.39 p95=74.78 reg=7185 peer=8086 offload=53.0%
[2100/2700] req=500  seed=7  cache=1   WAN=100 ilrsa_style                 mean=87.97 p95=154.55 reg=15271 peer=0 offload=0.0%
[2101/2700] req=500  seed=7  cache=2   WAN=10  registry                    mean=103.62 p95=519.30 reg=6678 peer=0 offload=0.0%
[2102/2700] req=500  seed=7  cache=2   WAN=10  dragonfly_style             mean=41.17 p95=180.15 reg=1771 peer=4907 offload=73.5%
[2103/2700] req=500  seed=7  cache=2   WAN=10  peersync_style              mean=41.13 p95=180.05 reg=1769 peer=4909 offload=73.5%
[2104/2700] req=500  seed=7  cache=2   WAN=10  metapipe_reactive_style     mean=35.03 p95=175.39 reg=1769 peer=4909 offload=73.5%
[2105/2700] req=500  seed=7  cache=2   WAN=10  ilrsa_style                 mean=135.06 p95=666.60 reg=6678 peer=0 offload=0.0%
[2106/2700] req=500  seed=7  cache=2   WAN=30  registry                    mean=34.54 p95=173.10 reg=6678 peer=0 offload=0.0%
[2107/2700] req=500  seed=7  cache=2   WAN=30  dragonfly_style             mean=15.00 p95=67.06 reg=1995 peer=4683 offload=70.1%
[2108/2700] req=500  seed=7  cache=2   WAN=30  peersync_style              mean=14.77 p95=66.15 reg=1769 peer=4909 offload=73.5%
[2109/2700] req=500  seed=7  cache=2   WAN=30  metapipe_reactive_style     mean=12.78 p95=66.47 reg=1994 peer=4684 offload=70.1%
[2110/2700] req=500  seed=7  cache=2   WAN=30  ilrsa_style                 mean=45.02 p95=222.20 reg=6678 peer=0 offload=0.0%
[2111/2700] req=500  seed=7  cache=2   WAN=100 registry                    mean=10.42 p95=51.93 reg=6678 peer=0 offload=0.0%
[2112/2700] req=500  seed=7  cache=2   WAN=100 dragonfly_style             mean=5.50 p95=26.98 reg=1995 peer=4683 offload=70.1%
[2113/2700] req=500  seed=7  cache=2   WAN=100 peersync_style              mean=5.49 p95=26.97 reg=1769 peer=4909 offload=73.5%
[2114/2700] req=500  seed=7  cache=2   WAN=100 metapipe_reactive_style     mean=4.89 p95=28.21 reg=2365 peer=4313 offload=64.6%
[2115/2700] req=500  seed=7  cache=2   WAN=100 ilrsa_style                 mean=13.63 p95=68.51 reg=6678 peer=0 offload=0.0%
[2116/2700] req=500  seed=8  cache=0.5 WAN=10  registry                    mean=1090.33 p95=1779.80 reg=18815 peer=0 offload=0.0%
[2117/2700] req=500  seed=8  cache=0.5 WAN=10  dragonfly_style             mean=748.02 p95=1484.60 reg=14846 peer=3969 offload=21.1%
[2118/2700] req=500  seed=8  cache=0.5 WAN=10  peersync_style              mean=716.92 p95=1424.70 reg=14247 peer=4568 offload=24.3%
[2119/2700] req=500  seed=8  cache=0.5 WAN=10  metapipe_reactive_style     mean=624.92 p95=1296.22 reg=13849 peer=4966 offload=26.4%
[2120/2700] req=500  seed=8  cache=0.5 WAN=10  ilrsa_style                 mean=1439.13 p95=1873.90 reg=18815 peer=0 offload=0.0%
[2121/2700] req=500  seed=8  cache=0.5 WAN=30  registry                    mean=363.44 p95=593.27 reg=18815 peer=0 offload=0.0%
[2122/2700] req=500  seed=8  cache=0.5 WAN=30  dragonfly_style             mean=250.00 p95=494.87 reg=14846 peer=3969 offload=21.1%
[2123/2700] req=500  seed=8  cache=0.5 WAN=30  peersync_style              mean=239.76 p95=474.90 reg=14247 peer=4568 offload=24.3%
[2124/2700] req=500  seed=8  cache=0.5 WAN=30  metapipe_reactive_style     mean=206.03 p95=424.12 reg=13610 peer=5205 offload=27.7%
[2125/2700] req=500  seed=8  cache=0.5 WAN=30  ilrsa_style                 mean=479.71 p95=624.63 reg=18815 peer=0 offload=0.0%
[2126/2700] req=500  seed=8  cache=0.5 WAN=100 registry                    mean=109.04 p95=177.98 reg=18815 peer=0 offload=0.0%
[2127/2700] req=500  seed=8  cache=0.5 WAN=100 dragonfly_style             mean=78.32 p95=170.24 reg=14870 peer=3945 offload=21.0%
[2128/2700] req=500  seed=8  cache=0.5 WAN=100 peersync_style              mean=75.02 p95=164.35 reg=14247 peer=4568 offload=24.3%
[2129/2700] req=500  seed=8  cache=0.5 WAN=100 metapipe_reactive_style     mean=64.51 p95=143.86 reg=13608 peer=5207 offload=27.7%
[2130/2700] req=500  seed=8  cache=0.5 WAN=100 ilrsa_style                 mean=143.93 p95=187.39 reg=18815 peer=0 offload=0.0%
[2131/2700] req=500  seed=8  cache=1   WAN=10  registry                    mean=590.24 p95=1232.70 reg=13715 peer=0 offload=0.0%
[2132/2700] req=500  seed=8  cache=1   WAN=10  dragonfly_style             mean=189.90 p95=612.90 reg=6807 peer=6908 offload=50.4%
[2133/2700] req=500  seed=8  cache=1   WAN=10  peersync_style              mean=169.10 p95=559.80 reg=6270 peer=7445 offload=54.3%
[2134/2700] req=500  seed=8  cache=1   WAN=10  metapipe_reactive_style     mean=249.39 p95=646.59 reg=6809 peer=6906 offload=50.4%
[2135/2700] req=500  seed=8  cache=1   WAN=10  ilrsa_style                 mean=708.37 p95=1367.10 reg=13715 peer=0 offload=0.0%
[2136/2700] req=500  seed=8  cache=1   WAN=30  registry                    mean=196.75 p95=410.90 reg=13715 peer=0 offload=0.0%
[2137/2700] req=500  seed=8  cache=1   WAN=30  dragonfly_style             mean=69.66 p95=212.57 reg=7055 peer=6660 offload=48.6%
[2138/2700] req=500  seed=8  cache=1   WAN=30  peersync_style              mean=62.08 p95=193.63 reg=6481 peer=7234 offload=52.7%
[2139/2700] req=500  seed=8  cache=1   WAN=30  metapipe_reactive_style     mean=65.75 p95=217.22 reg=6790 peer=6925 offload=50.5%
[2140/2700] req=500  seed=8  cache=1   WAN=30  ilrsa_style                 mean=236.12 p95=455.70 reg=13715 peer=0 offload=0.0%
[2141/2700] req=500  seed=8  cache=1   WAN=100 registry                    mean=59.03 p95=123.27 reg=13715 peer=0 offload=0.0%
[2142/2700] req=500  seed=8  cache=1   WAN=100 dragonfly_style             mean=26.00 p95=63.25 reg=5791 peer=7924 offload=57.8%
[2143/2700] req=500  seed=8  cache=1   WAN=100 peersync_style              mean=25.99 p95=63.00 reg=5581 peer=8134 offload=59.3%
[2144/2700] req=500  seed=8  cache=1   WAN=100 metapipe_reactive_style     mean=21.19 p95=64.48 reg=6813 peer=6902 offload=50.3%
[2145/2700] req=500  seed=8  cache=1   WAN=100 ilrsa_style                 mean=70.85 p95=136.71 reg=13715 peer=0 offload=0.0%
[2146/2700] req=500  seed=8  cache=2   WAN=10  registry                    mean=89.41 p95=478.30 reg=5694 peer=0 offload=0.0%
[2147/2700] req=500  seed=8  cache=2   WAN=10  dragonfly_style             mean=12.72 p95=125.11 reg=1554 peer=4140 offload=72.7%
[2148/2700] req=500  seed=8  cache=2   WAN=10  peersync_style              mean=12.69 p95=124.33 reg=1551 peer=4143 offload=72.8%
[2149/2700] req=500  seed=8  cache=2   WAN=10  metapipe_reactive_style     mean=17.70 p95=133.98 reg=1551 peer=4143 offload=72.8%
[2150/2700] req=500  seed=8  cache=2   WAN=10  ilrsa_style                 mean=110.14 p95=566.50 reg=5694 peer=0 offload=0.0%
[2151/2700] req=500  seed=8  cache=2   WAN=30  registry                    mean=29.80 p95=159.43 reg=5694 peer=0 offload=0.0%
[2152/2700] req=500  seed=8  cache=2   WAN=30  dragonfly_style             mean=4.97 p95=32.86 reg=1551 peer=4143 offload=72.8%
[2153/2700] req=500  seed=8  cache=2   WAN=30  peersync_style              mean=5.01 p95=35.52 reg=1551 peer=4143 offload=72.8%
[2154/2700] req=500  seed=8  cache=2   WAN=30  metapipe_reactive_style     mean=6.55 p95=50.56 reg=1551 peer=4143 offload=72.8%
[2155/2700] req=500  seed=8  cache=2   WAN=30  ilrsa_style                 mean=36.71 p95=188.83 reg=5694 peer=0 offload=0.0%
[2156/2700] req=500  seed=8  cache=2   WAN=100 registry                    mean=8.95 p95=47.83 reg=5694 peer=0 offload=0.0%
[2157/2700] req=500  seed=8  cache=2   WAN=100 dragonfly_style             mean=2.76 p95=13.61 reg=1724 peer=3970 offload=69.7%
[2158/2700] req=500  seed=8  cache=2   WAN=100 peersync_style              mean=2.81 p95=14.91 reg=1551 peer=4143 offload=72.8%
[2159/2700] req=500  seed=8  cache=2   WAN=100 metapipe_reactive_style     mean=2.79 p95=15.32 reg=1551 peer=4143 offload=72.8%
[2160/2700] req=500  seed=8  cache=2   WAN=100 ilrsa_style                 mean=11.04 p95=57.06 reg=5694 peer=0 offload=0.0%
[2161/2700] req=500  seed=9  cache=0.5 WAN=10  registry                    mean=876.98 p95=1401.60 reg=15419 peer=0 offload=0.0%
[2162/2700] req=500  seed=9  cache=0.5 WAN=10  dragonfly_style             mean=696.24 p95=1147.96 reg=14031 peer=1388 offload=9.0%
[2163/2700] req=500  seed=9  cache=0.5 WAN=10  peersync_style              mean=642.87 p95=1027.03 reg=12915 peer=2504 offload=16.2%
[2164/2700] req=500  seed=9  cache=0.5 WAN=10  metapipe_reactive_style     mean=575.89 p95=1156.87 reg=13988 peer=1431 offload=9.3%
[2165/2700] req=500  seed=9  cache=0.5 WAN=10  ilrsa_style                 mean=1094.33 p95=1539.90 reg=15419 peer=0 offload=0.0%
[2166/2700] req=500  seed=9  cache=0.5 WAN=30  registry                    mean=292.33 p95=467.20 reg=15419 peer=0 offload=0.0%
[2167/2700] req=500  seed=9  cache=0.5 WAN=30  dragonfly_style             mean=231.90 p95=382.76 reg=14031 peer=1388 offload=9.0%
[2168/2700] req=500  seed=9  cache=0.5 WAN=30  peersync_style              mean=214.48 p95=343.69 reg=12915 peer=2504 offload=16.2%
[2169/2700] req=500  seed=9  cache=0.5 WAN=30  metapipe_reactive_style     mean=191.93 p95=386.13 reg=13988 peer=1431 offload=9.3%
[2170/2700] req=500  seed=9  cache=0.5 WAN=30  ilrsa_style                 mean=364.78 p95=513.30 reg=15419 peer=0 offload=0.0%
[2171/2700] req=500  seed=9  cache=0.5 WAN=100 registry                    mean=87.76 p95=140.16 reg=15419 peer=0 offload=0.0%
[2172/2700] req=500  seed=9  cache=0.5 WAN=100 dragonfly_style             mean=69.68 p95=114.98 reg=14035 peer=1384 offload=9.0%
[2173/2700] req=500  seed=9  cache=0.5 WAN=100 peersync_style              mean=64.99 p95=104.53 reg=12915 peer=2504 offload=16.2%
[2174/2700] req=500  seed=9  cache=0.5 WAN=100 metapipe_reactive_style     mean=57.96 p95=114.79 reg=13988 peer=1431 offload=9.3%
[2175/2700] req=500  seed=9  cache=0.5 WAN=100 ilrsa_style                 mean=109.66 p95=156.70 reg=15419 peer=0 offload=0.0%
[2176/2700] req=500  seed=9  cache=1   WAN=10  registry                    mean=703.11 p95=1422.60 reg=14914 peer=0 offload=0.0%
[2177/2700] req=500  seed=9  cache=1   WAN=10  dragonfly_style             mean=344.41 p95=599.10 reg=6461 peer=8453 offload=56.7%
[2178/2700] req=500  seed=9  cache=1   WAN=10  peersync_style              mean=298.08 p95=535.88 reg=5320 peer=9594 offload=64.3%
[2179/2700] req=500  seed=9  cache=1   WAN=10  metapipe_reactive_style     mean=355.64 p95=665.83 reg=7356 peer=7558 offload=50.7%
[2180/2700] req=500  seed=9  cache=1   WAN=10  ilrsa_style                 mean=870.97 p95=1490.20 reg=14914 peer=0 offload=0.0%
[2181/2700] req=500  seed=9  cache=1   WAN=30  registry                    mean=234.37 p95=474.20 reg=14914 peer=0 offload=0.0%
[2182/2700] req=500  seed=9  cache=1   WAN=30  dragonfly_style             mean=116.87 p95=204.37 reg=6461 peer=8453 offload=56.7%
[2183/2700] req=500  seed=9  cache=1   WAN=30  peersync_style              mean=102.13 p95=186.59 reg=5320 peer=9594 offload=64.3%
[2184/2700] req=500  seed=9  cache=1   WAN=30  metapipe_reactive_style     mean=129.41 p95=274.99 reg=7917 peer=6997 offload=46.9%
[2185/2700] req=500  seed=9  cache=1   WAN=30  ilrsa_style                 mean=290.32 p95=496.73 reg=14914 peer=0 offload=0.0%
[2186/2700] req=500  seed=9  cache=1   WAN=100 registry                    mean=70.33 p95=142.26 reg=14914 peer=0 offload=0.0%
[2187/2700] req=500  seed=9  cache=1   WAN=100 dragonfly_style             mean=36.17 p95=66.83 reg=6460 peer=8454 offload=56.7%
[2188/2700] req=500  seed=9  cache=1   WAN=100 peersync_style              mean=33.50 p95=64.07 reg=5537 peer=9377 offload=62.9%
[2189/2700] req=500  seed=9  cache=1   WAN=100 metapipe_reactive_style     mean=37.90 p95=73.10 reg=7030 peer=7884 offload=52.9%
[2190/2700] req=500  seed=9  cache=1   WAN=100 ilrsa_style                 mean=87.18 p95=150.15 reg=14914 peer=0 offload=0.0%
[2191/2700] req=500  seed=9  cache=2   WAN=10  registry                    mean=156.07 p95=687.90 reg=8337 peer=0 offload=0.0%
[2192/2700] req=500  seed=9  cache=2   WAN=10  dragonfly_style             mean=42.57 p95=227.53 reg=2516 peer=5821 offload=69.8%
[2193/2700] req=500  seed=9  cache=2   WAN=10  peersync_style              mean=41.93 p95=225.80 reg=2454 peer=5883 offload=70.6%
[2194/2700] req=500  seed=9  cache=2   WAN=10  metapipe_reactive_style     mean=51.52 p95=246.49 reg=2679 peer=5658 offload=67.9%
[2195/2700] req=500  seed=9  cache=2   WAN=10  ilrsa_style                 mean=218.34 p95=831.00 reg=8337 peer=0 offload=0.0%
[2196/2700] req=500  seed=9  cache=2   WAN=30  registry                    mean=52.02 p95=229.30 reg=8337 peer=0 offload=0.0%
[2197/2700] req=500  seed=9  cache=2   WAN=30  dragonfly_style             mean=14.86 p95=76.96 reg=2516 peer=5821 offload=69.8%
[2198/2700] req=500  seed=9  cache=2   WAN=30  peersync_style              mean=14.55 p95=73.69 reg=2454 peer=5883 offload=70.6%
[2199/2700] req=500  seed=9  cache=2   WAN=30  metapipe_reactive_style     mean=17.42 p95=80.38 reg=2774 peer=5563 offload=66.7%
[2200/2700] req=500  seed=9  cache=2   WAN=30  ilrsa_style                 mean=72.78 p95=277.00 reg=8337 peer=0 offload=0.0%
[2201/2700] req=500  seed=9  cache=2   WAN=100 registry                    mean=15.61 p95=68.79 reg=8337 peer=0 offload=0.0%
[2202/2700] req=500  seed=9  cache=2   WAN=100 dragonfly_style             mean=5.03 p95=24.60 reg=2454 peer=5883 offload=70.6%
[2203/2700] req=500  seed=9  cache=2   WAN=100 peersync_style              mean=5.20 p95=23.44 reg=2454 peer=5883 offload=70.6%
[2204/2700] req=500  seed=9  cache=2   WAN=100 metapipe_reactive_style     mean=5.58 p95=25.66 reg=2550 peer=5787 offload=69.4%
[2205/2700] req=500  seed=9  cache=2   WAN=100 ilrsa_style                 mean=21.85 p95=83.27 reg=8337 peer=0 offload=0.0%
[2206/2700] req=500  seed=10 cache=0.5 WAN=10  registry                    mean=828.21 p95=1463.80 reg=15748 peer=0 offload=0.0%
[2207/2700] req=500  seed=10 cache=0.5 WAN=10  dragonfly_style             mean=663.26 p95=1211.80 reg=13892 peer=1856 offload=11.8%
[2208/2700] req=500  seed=10 cache=0.5 WAN=10  peersync_style              mean=590.30 p95=1100.10 reg=12775 peer=2973 offload=18.9%
[2209/2700] req=500  seed=10 cache=0.5 WAN=10  metapipe_reactive_style     mean=582.61 p95=1188.40 reg=13658 peer=2090 offload=13.3%
[2210/2700] req=500  seed=10 cache=0.5 WAN=10  ilrsa_style                 mean=1173.26 p95=1572.90 reg=15748 peer=0 offload=0.0%
[2211/2700] req=500  seed=10 cache=0.5 WAN=30  registry                    mean=276.07 p95=487.93 reg=15748 peer=0 offload=0.0%
[2212/2700] req=500  seed=10 cache=0.5 WAN=30  dragonfly_style             mean=221.16 p95=403.93 reg=13892 peer=1856 offload=11.8%
[2213/2700] req=500  seed=10 cache=0.5 WAN=30  peersync_style              mean=197.22 p95=366.70 reg=12775 peer=2973 offload=18.9%
[2214/2700] req=500  seed=10 cache=0.5 WAN=30  metapipe_reactive_style     mean=194.21 p95=396.13 reg=13658 peer=2090 offload=13.3%
[2215/2700] req=500  seed=10 cache=0.5 WAN=30  ilrsa_style                 mean=391.09 p95=524.30 reg=15748 peer=0 offload=0.0%
[2216/2700] req=500  seed=10 cache=0.5 WAN=100 registry                    mean=82.82 p95=146.38 reg=15748 peer=0 offload=0.0%
[2217/2700] req=500  seed=10 cache=0.5 WAN=100 dragonfly_style             mean=64.15 p95=119.81 reg=13498 peer=2250 offload=14.3%
[2218/2700] req=500  seed=10 cache=0.5 WAN=100 peersync_style              mean=60.27 p95=113.11 reg=12804 peer=2944 offload=18.7%
[2219/2700] req=500  seed=10 cache=0.5 WAN=100 metapipe_reactive_style     mean=58.63 p95=125.56 reg=13492 peer=2256 offload=14.3%
[2220/2700] req=500  seed=10 cache=0.5 WAN=100 ilrsa_style                 mean=117.36 p95=157.64 reg=15748 peer=0 offload=0.0%
[2221/2700] req=500  seed=10 cache=1   WAN=10  registry                    mean=707.48 p95=1303.20 reg=13520 peer=0 offload=0.0%
[2222/2700] req=500  seed=10 cache=1   WAN=10  dragonfly_style             mean=387.63 p95=617.85 reg=6881 peer=6639 offload=49.1%
[2223/2700] req=500  seed=10 cache=1   WAN=10  peersync_style              mean=375.84 p95=583.58 reg=6122 peer=7398 offload=54.7%
[2224/2700] req=500  seed=10 cache=1   WAN=10  metapipe_reactive_style     mean=373.69 p95=579.85 reg=6366 peer=7154 offload=52.9%
[2225/2700] req=500  seed=10 cache=1   WAN=10  ilrsa_style                 mean=831.17 p95=1349.70 reg=13520 peer=0 offload=0.0%
[2226/2700] req=500  seed=10 cache=1   WAN=30  registry                    mean=235.83 p95=434.40 reg=13520 peer=0 offload=0.0%
[2227/2700] req=500  seed=10 cache=1   WAN=30  dragonfly_style             mean=135.12 p95=215.05 reg=6962 peer=6558 offload=48.5%
[2228/2700] req=500  seed=10 cache=1   WAN=30  peersync_style              mean=130.87 p95=207.43 reg=5974 peer=7546 offload=55.8%
[2229/2700] req=500  seed=10 cache=1   WAN=30  metapipe_reactive_style     mean=128.32 p95=208.63 reg=6278 peer=7242 offload=53.6%
[2230/2700] req=500  seed=10 cache=1   WAN=30  ilrsa_style                 mean=277.06 p95=449.90 reg=13520 peer=0 offload=0.0%
[2231/2700] req=500  seed=10 cache=1   WAN=100 registry                    mean=70.77 p95=130.32 reg=13520 peer=0 offload=0.0%
[2232/2700] req=500  seed=10 cache=1   WAN=100 dragonfly_style             mean=45.97 p95=85.57 reg=6911 peer=6609 offload=48.9%
[2233/2700] req=500  seed=10 cache=1   WAN=100 peersync_style              mean=45.54 p95=85.37 reg=5974 peer=7546 offload=55.8%
[2234/2700] req=500  seed=10 cache=1   WAN=100 metapipe_reactive_style     mean=41.17 p95=77.52 reg=6278 peer=7242 offload=53.6%
[2235/2700] req=500  seed=10 cache=1   WAN=100 ilrsa_style                 mean=83.19 p95=136.00 reg=13520 peer=0 offload=0.0%
[2236/2700] req=500  seed=10 cache=2   WAN=10  registry                    mean=183.97 p95=681.30 reg=7444 peer=0 offload=0.0%
[2237/2700] req=500  seed=10 cache=2   WAN=10  dragonfly_style             mean=23.64 p95=159.80 reg=2282 peer=5162 offload=69.3%
[2238/2700] req=500  seed=10 cache=2   WAN=10  peersync_style              mean=17.90 p95=97.42 reg=1582 peer=5862 offload=78.7%
[2239/2700] req=500  seed=10 cache=2   WAN=10  metapipe_reactive_style     mean=33.07 p95=167.90 reg=1906 peer=5538 offload=74.4%
[2240/2700] req=500  seed=10 cache=2   WAN=10  ilrsa_style                 mean=239.13 p95=742.10 reg=7444 peer=0 offload=0.0%
[2241/2700] req=500  seed=10 cache=2   WAN=30  registry                    mean=61.32 p95=227.10 reg=7444 peer=0 offload=0.0%
[2242/2700] req=500  seed=10 cache=2   WAN=30  dragonfly_style             mean=8.13 p95=39.86 reg=1909 peer=5535 offload=74.4%
[2243/2700] req=500  seed=10 cache=2   WAN=30  peersync_style              mean=7.54 p95=33.20 reg=1582 peer=5862 offload=78.7%
[2244/2700] req=500  seed=10 cache=2   WAN=30  metapipe_reactive_style     mean=12.37 p95=55.97 reg=1906 peer=5538 offload=74.4%
[2245/2700] req=500  seed=10 cache=2   WAN=30  ilrsa_style                 mean=79.71 p95=247.37 reg=7444 peer=0 offload=0.0%
[2246/2700] req=500  seed=10 cache=2   WAN=100 registry                    mean=18.43 p95=68.13 reg=7444 peer=0 offload=0.0%
[2247/2700] req=500  seed=10 cache=2   WAN=100 dragonfly_style             mean=5.47 p95=21.70 reg=1619 peer=5825 offload=78.3%
[2248/2700] req=500  seed=10 cache=2   WAN=100 peersync_style              mean=5.28 p95=21.19 reg=1582 peer=5862 offload=78.7%
[2249/2700] req=500  seed=10 cache=2   WAN=100 metapipe_reactive_style     mean=5.21 p95=21.75 reg=1728 peer=5716 offload=76.8%
[2250/2700] req=500  seed=10 cache=2   WAN=100 ilrsa_style                 mean=24.02 p95=75.70 reg=7444 peer=0 offload=0.0%
[2251/2700] req=500  seed=11 cache=0.5 WAN=10  registry                    mean=827.87 p95=1368.30 reg=14755 peer=0 offload=0.0%
[2252/2700] req=500  seed=11 cache=0.5 WAN=10  dragonfly_style             mean=628.87 p95=1128.40 reg=12171 peer=2584 offload=17.5%
[2253/2700] req=500  seed=11 cache=0.5 WAN=10  peersync_style              mean=621.12 p95=1069.60 reg=11583 peer=3172 offload=21.5%
[2254/2700] req=500  seed=11 cache=0.5 WAN=10  metapipe_reactive_style     mean=521.44 p95=1018.40 reg=11071 peer=3684 offload=25.0%
[2255/2700] req=500  seed=11 cache=0.5 WAN=10  ilrsa_style                 mean=1038.60 p95=1473.40 reg=14755 peer=0 offload=0.0%
[2256/2700] req=500  seed=11 cache=0.5 WAN=30  registry                    mean=275.96 p95=456.10 reg=14755 peer=0 offload=0.0%
[2257/2700] req=500  seed=11 cache=0.5 WAN=30  dragonfly_style             mean=197.71 p95=364.10 reg=11810 peer=2945 offload=20.0%
[2258/2700] req=500  seed=11 cache=0.5 WAN=30  peersync_style              mean=191.77 p95=342.33 reg=11157 peer=3598 offload=24.4%
[2259/2700] req=500  seed=11 cache=0.5 WAN=30  metapipe_reactive_style     mean=173.49 p95=339.47 reg=11071 peer=3684 offload=25.0%
[2260/2700] req=500  seed=11 cache=0.5 WAN=30  ilrsa_style                 mean=346.20 p95=491.13 reg=14755 peer=0 offload=0.0%
[2261/2700] req=500  seed=11 cache=0.5 WAN=100 registry                    mean=82.91 p95=136.83 reg=14755 peer=0 offload=0.0%
[2262/2700] req=500  seed=11 cache=0.5 WAN=100 dragonfly_style             mean=60.24 p95=110.54 reg=11417 peer=3338 offload=22.6%
[2263/2700] req=500  seed=11 cache=0.5 WAN=100 peersync_style              mean=58.46 p95=104.49 reg=10787 peer=3968 offload=26.9%
[2264/2700] req=500  seed=11 cache=0.5 WAN=100 metapipe_reactive_style     mean=54.76 p95=103.86 reg=11103 peer=3652 offload=24.8%
[2265/2700] req=500  seed=11 cache=0.5 WAN=100 ilrsa_style                 mean=104.15 p95=152.20 reg=14755 peer=0 offload=0.0%
[2266/2700] req=500  seed=11 cache=1   WAN=10  registry                    mean=567.29 p95=1078.20 reg=11778 peer=0 offload=0.0%
[2267/2700] req=500  seed=11 cache=1   WAN=10  dragonfly_style             mean=338.42 p95=558.43 reg=6252 peer=5526 offload=46.9%
[2268/2700] req=500  seed=11 cache=1   WAN=10  peersync_style              mean=316.97 p95=535.51 reg=5089 peer=6689 offload=56.8%
[2269/2700] req=500  seed=11 cache=1   WAN=10  metapipe_reactive_style     mean=313.69 p95=550.54 reg=5763 peer=6015 offload=51.1%
[2270/2700] req=500  seed=11 cache=1   WAN=10  ilrsa_style                 mean=665.84 p95=1175.20 reg=11778 peer=0 offload=0.0%
[2271/2700] req=500  seed=11 cache=1   WAN=30  registry                    mean=189.10 p95=359.40 reg=11778 peer=0 offload=0.0%
[2272/2700] req=500  seed=11 cache=1   WAN=30  dragonfly_style             mean=115.22 p95=200.70 reg=6252 peer=5526 offload=46.9%
[2273/2700] req=500  seed=11 cache=1   WAN=30  peersync_style              mean=107.58 p95=194.11 reg=5089 peer=6689 offload=56.8%
[2274/2700] req=500  seed=11 cache=1   WAN=30  metapipe_reactive_style     mean=105.46 p95=192.01 reg=5763 peer=6015 offload=51.1%
[2275/2700] req=500  seed=11 cache=1   WAN=30  ilrsa_style                 mean=221.95 p95=391.73 reg=11778 peer=0 offload=0.0%
[2276/2700] req=500  seed=11 cache=1   WAN=100 registry                    mean=56.83 p95=107.82 reg=11778 peer=0 offload=0.0%
[2277/2700] req=500  seed=11 cache=1   WAN=100 dragonfly_style             mean=38.26 p95=78.37 reg=6211 peer=5567 offload=47.3%
[2278/2700] req=500  seed=11 cache=1   WAN=100 peersync_style              mean=35.31 p95=74.53 reg=5369 peer=6409 offload=54.4%
[2279/2700] req=500  seed=11 cache=1   WAN=100 metapipe_reactive_style     mean=33.45 p95=68.63 reg=5763 peer=6015 offload=51.1%
[2280/2700] req=500  seed=11 cache=1   WAN=100 ilrsa_style                 mean=66.92 p95=122.45 reg=11778 peer=0 offload=0.0%
[2281/2700] req=500  seed=11 cache=2   WAN=10  registry                    mean=106.72 p95=462.50 reg=5019 peer=0 offload=0.0%
[2282/2700] req=500  seed=11 cache=2   WAN=10  dragonfly_style             mean=65.32 p95=252.13 reg=2881 peer=2138 offload=42.6%
[2283/2700] req=500  seed=11 cache=2   WAN=10  peersync_style              mean=62.82 p95=239.44 reg=2565 peer=2454 offload=48.9%
[2284/2700] req=500  seed=11 cache=2   WAN=10  metapipe_reactive_style     mean=61.63 p95=236.72 reg=2801 peer=2218 offload=44.2%
[2285/2700] req=500  seed=11 cache=2   WAN=10  ilrsa_style                 mean=147.24 p95=491.80 reg=5019 peer=0 offload=0.0%
[2286/2700] req=500  seed=11 cache=2   WAN=30  registry                    mean=35.57 p95=154.17 reg=5019 peer=0 offload=0.0%
[2287/2700] req=500  seed=11 cache=2   WAN=30  dragonfly_style             mean=22.05 p95=84.07 reg=2881 peer=2138 offload=42.6%
[2288/2700] req=500  seed=11 cache=2   WAN=30  peersync_style              mean=21.27 p95=79.81 reg=2565 peer=2454 offload=48.9%
[2289/2700] req=500  seed=11 cache=2   WAN=30  metapipe_reactive_style     mean=20.63 p95=79.00 reg=2801 peer=2218 offload=44.2%
[2290/2700] req=500  seed=11 cache=2   WAN=30  ilrsa_style                 mean=49.08 p95=163.93 reg=5019 peer=0 offload=0.0%
[2291/2700] req=500  seed=11 cache=2   WAN=100 registry                    mean=10.68 p95=46.25 reg=5019 peer=0 offload=0.0%
[2292/2700] req=500  seed=11 cache=2   WAN=100 dragonfly_style             mean=6.80 p95=24.89 reg=2711 peer=2308 offload=46.0%
[2293/2700] req=500  seed=11 cache=2   WAN=100 peersync_style              mean=6.69 p95=23.96 reg=2565 peer=2454 offload=48.9%
[2294/2700] req=500  seed=11 cache=2   WAN=100 metapipe_reactive_style     mean=6.33 p95=24.19 reg=2803 peer=2216 offload=44.2%
[2295/2700] req=500  seed=11 cache=2   WAN=100 ilrsa_style                 mean=14.73 p95=49.18 reg=5019 peer=0 offload=0.0%
[2296/2700] req=500  seed=12 cache=0.5 WAN=10  registry                    mean=923.77 p95=1499.70 reg=15268 peer=0 offload=0.0%
[2297/2700] req=500  seed=12 cache=0.5 WAN=10  dragonfly_style             mean=733.14 p95=1324.20 reg=13242 peer=2026 offload=13.3%
[2298/2700] req=500  seed=12 cache=0.5 WAN=10  peersync_style              mean=688.44 p95=1231.90 reg=12319 peer=2949 offload=19.3%
[2299/2700] req=500  seed=12 cache=0.5 WAN=10  metapipe_reactive_style     mean=568.92 p95=1127.00 reg=12157 peer=3111 offload=20.4%
[2300/2700] req=500  seed=12 cache=0.5 WAN=10  ilrsa_style                 mean=1129.94 p95=1524.00 reg=15268 peer=0 offload=0.0%
[2301/2700] req=500  seed=12 cache=0.5 WAN=30  registry                    mean=307.92 p95=499.90 reg=15268 peer=0 offload=0.0%
[2302/2700] req=500  seed=12 cache=0.5 WAN=30  dragonfly_style             mean=244.68 p95=441.40 reg=13242 peer=2026 offload=13.3%
[2303/2700] req=500  seed=12 cache=0.5 WAN=30  peersync_style              mean=229.77 p95=410.63 reg=12319 peer=2949 offload=19.3%
[2304/2700] req=500  seed=12 cache=0.5 WAN=30  metapipe_reactive_style     mean=192.55 p95=387.30 reg=12506 peer=2762 offload=18.1%
[2305/2700] req=500  seed=12 cache=0.5 WAN=30  ilrsa_style                 mean=376.65 p95=508.00 reg=15268 peer=0 offload=0.0%
[2306/2700] req=500  seed=12 cache=0.5 WAN=100 registry                    mean=92.38 p95=149.97 reg=15268 peer=0 offload=0.0%
[2307/2700] req=500  seed=12 cache=0.5 WAN=100 dragonfly_style             mean=76.32 p95=144.61 reg=13264 peer=2004 offload=13.1%
[2308/2700] req=500  seed=12 cache=0.5 WAN=100 peersync_style              mean=71.99 p95=135.85 reg=12336 peer=2932 offload=19.2%
[2309/2700] req=500  seed=12 cache=0.5 WAN=100 metapipe_reactive_style     mean=58.33 p95=124.36 reg=12340 peer=2928 offload=19.2%
[2310/2700] req=500  seed=12 cache=0.5 WAN=100 ilrsa_style                 mean=113.02 p95=152.67 reg=15268 peer=0 offload=0.0%
[2311/2700] req=500  seed=12 cache=1   WAN=10  registry                    mean=661.77 p95=1318.60 reg=14061 peer=0 offload=0.0%
[2312/2700] req=500  seed=12 cache=1   WAN=10  dragonfly_style             mean=344.26 p95=624.02 reg=6799 peer=7262 offload=51.6%
[2313/2700] req=500  seed=12 cache=1   WAN=10  peersync_style              mean=320.93 p95=530.00 reg=5461 peer=8600 offload=61.2%
[2314/2700] req=500  seed=12 cache=1   WAN=10  metapipe_reactive_style     mean=322.75 p95=614.13 reg=6745 peer=7316 offload=52.0%
[2315/2700] req=500  seed=12 cache=1   WAN=10  ilrsa_style                 mean=833.10 p95=1403.80 reg=14061 peer=0 offload=0.0%
[2316/2700] req=500  seed=12 cache=1   WAN=30  registry                    mean=220.59 p95=439.53 reg=14061 peer=0 offload=0.0%
[2317/2700] req=500  seed=12 cache=1   WAN=30  dragonfly_style             mean=124.23 p95=219.18 reg=7094 peer=6967 offload=49.5%
[2318/2700] req=500  seed=12 cache=1   WAN=30  peersync_style              mean=112.50 p95=192.16 reg=5442 peer=8619 offload=61.3%
[2319/2700] req=500  seed=12 cache=1   WAN=30  metapipe_reactive_style     mean=112.36 p95=208.19 reg=6690 peer=7371 offload=52.4%
[2320/2700] req=500  seed=12 cache=1   WAN=30  ilrsa_style                 mean=277.70 p95=467.93 reg=14061 peer=0 offload=0.0%
[2321/2700] req=500  seed=12 cache=1   WAN=100 registry                    mean=66.18 p95=131.86 reg=14061 peer=0 offload=0.0%
[2322/2700] req=500  seed=12 cache=1   WAN=100 dragonfly_style             mean=44.67 p95=85.02 reg=7214 peer=6847 offload=48.7%
[2323/2700] req=500  seed=12 cache=1   WAN=100 peersync_style              mean=41.60 p95=80.63 reg=5692 peer=8369 offload=59.5%
[2324/2700] req=500  seed=12 cache=1   WAN=100 metapipe_reactive_style     mean=38.81 p95=77.93 reg=6766 peer=7295 offload=51.9%
[2325/2700] req=500  seed=12 cache=1   WAN=100 ilrsa_style                 mean=83.31 p95=140.38 reg=14061 peer=0 offload=0.0%
[2326/2700] req=500  seed=12 cache=2   WAN=10  registry                    mean=97.60 p95=477.40 reg=5749 peer=0 offload=0.0%
[2327/2700] req=500  seed=12 cache=2   WAN=10  dragonfly_style             mean=23.56 p95=161.29 reg=2159 peer=3590 offload=62.4%
[2328/2700] req=500  seed=12 cache=2   WAN=10  peersync_style              mean=22.83 p95=161.30 reg=1768 peer=3981 offload=69.2%
[2329/2700] req=500  seed=12 cache=2   WAN=10  metapipe_reactive_style     mean=24.14 p95=166.54 reg=1768 peer=3981 offload=69.2%
[2330/2700] req=500  seed=12 cache=2   WAN=10  ilrsa_style                 mean=99.75 p95=564.50 reg=5749 peer=0 offload=0.0%
[2331/2700] req=500  seed=12 cache=2   WAN=30  registry                    mean=32.53 p95=159.13 reg=5749 peer=0 offload=0.0%
[2332/2700] req=500  seed=12 cache=2   WAN=30  dragonfly_style             mean=8.85 p95=50.71 reg=2159 peer=3590 offload=62.4%
[2333/2700] req=500  seed=12 cache=2   WAN=30  peersync_style              mean=8.70 p95=50.68 reg=1768 peer=3981 offload=69.2%
[2334/2700] req=500  seed=12 cache=2   WAN=30  metapipe_reactive_style     mean=8.45 p95=51.16 reg=1768 peer=3981 offload=69.2%
[2335/2700] req=500  seed=12 cache=2   WAN=30  ilrsa_style                 mean=33.25 p95=188.17 reg=5749 peer=0 offload=0.0%
[2336/2700] req=500  seed=12 cache=2   WAN=100 registry                    mean=9.90 p95=47.74 reg=5749 peer=0 offload=0.0%
[2337/2700] req=500  seed=12 cache=2   WAN=100 dragonfly_style             mean=4.15 p95=19.27 reg=2190 peer=3559 offload=61.9%
[2338/2700] req=500  seed=12 cache=2   WAN=100 peersync_style              mean=4.14 p95=19.26 reg=1768 peer=3981 offload=69.2%
[2339/2700] req=500  seed=12 cache=2   WAN=100 metapipe_reactive_style     mean=3.44 p95=19.14 reg=1969 peer=3780 offload=65.8%
[2340/2700] req=500  seed=12 cache=2   WAN=100 ilrsa_style                 mean=10.29 p95=61.91 reg=5749 peer=0 offload=0.0%
[2341/2700] req=500  seed=13 cache=0.5 WAN=10  registry                    mean=743.99 p95=1305.50 reg=14143 peer=0 offload=0.0%
[2342/2700] req=500  seed=13 cache=0.5 WAN=10  dragonfly_style             mean=633.77 p95=1198.00 reg=11980 peer=2163 offload=15.3%
[2343/2700] req=500  seed=13 cache=0.5 WAN=10  peersync_style              mean=599.95 p95=1128.00 reg=11280 peer=2863 offload=20.2%
[2344/2700] req=500  seed=13 cache=0.5 WAN=10  metapipe_reactive_style     mean=534.45 p95=1167.90 reg=11679 peer=2464 offload=17.4%
[2345/2700] req=500  seed=13 cache=0.5 WAN=10  ilrsa_style                 mean=982.31 p95=1413.80 reg=14143 peer=0 offload=0.0%
[2346/2700] req=500  seed=13 cache=0.5 WAN=30  registry                    mean=248.00 p95=435.17 reg=14143 peer=0 offload=0.0%
[2347/2700] req=500  seed=13 cache=0.5 WAN=30  dragonfly_style             mean=211.73 p95=400.70 reg=12021 peer=2122 offload=15.0%
[2348/2700] req=500  seed=13 cache=0.5 WAN=30  peersync_style              mean=200.16 p95=376.00 reg=11280 peer=2863 offload=20.2%
[2349/2700] req=500  seed=13 cache=0.5 WAN=30  metapipe_reactive_style     mean=178.04 p95=389.30 reg=11679 peer=2464 offload=17.4%
[2350/2700] req=500  seed=13 cache=0.5 WAN=30  ilrsa_style                 mean=327.44 p95=471.27 reg=14143 peer=0 offload=0.0%
[2351/2700] req=500  seed=13 cache=0.5 WAN=100 registry                    mean=74.41 p95=130.55 reg=14143 peer=0 offload=0.0%
[2352/2700] req=500  seed=13 cache=0.5 WAN=100 dragonfly_style             mean=64.11 p95=125.93 reg=11909 peer=2234 offload=15.8%
[2353/2700] req=500  seed=13 cache=0.5 WAN=100 peersync_style              mean=60.82 p95=120.61 reg=11280 peer=2863 offload=20.2%
[2354/2700] req=500  seed=13 cache=0.5 WAN=100 metapipe_reactive_style     mean=53.89 p95=128.40 reg=11650 peer=2493 offload=17.6%
[2355/2700] req=500  seed=13 cache=0.5 WAN=100 ilrsa_style                 mean=98.31 p95=142.24 reg=14143 peer=0 offload=0.0%
[2356/2700] req=500  seed=13 cache=1   WAN=10  registry                    mean=718.23 p95=1532.90 reg=15957 peer=0 offload=0.0%
[2357/2700] req=500  seed=13 cache=1   WAN=10  dragonfly_style             mean=330.90 p95=576.79 reg=6519 peer=9438 offload=59.1%
[2358/2700] req=500  seed=13 cache=1   WAN=10  peersync_style              mean=298.33 p95=497.34 reg=5336 peer=10621 offload=66.6%
[2359/2700] req=500  seed=13 cache=1   WAN=10  metapipe_reactive_style     mean=326.60 p95=642.72 reg=6250 peer=9707 offload=60.8%
[2360/2700] req=500  seed=13 cache=1   WAN=10  ilrsa_style                 mean=878.36 p95=1593.70 reg=15957 peer=0 offload=0.0%
[2361/2700] req=500  seed=13 cache=1   WAN=30  registry                    mean=239.41 p95=510.97 reg=15957 peer=0 offload=0.0%
[2362/2700] req=500  seed=13 cache=1   WAN=30  dragonfly_style             mean=119.21 p95=212.77 reg=6280 peer=9677 offload=60.6%
[2363/2700] req=500  seed=13 cache=1   WAN=30  peersync_style              mean=108.03 p95=196.91 reg=5410 peer=10547 offload=66.1%
[2364/2700] req=500  seed=13 cache=1   WAN=30  metapipe_reactive_style     mean=115.77 p95=247.67 reg=6250 peer=9707 offload=60.8%
[2365/2700] req=500  seed=13 cache=1   WAN=30  ilrsa_style                 mean=292.79 p95=531.23 reg=15957 peer=0 offload=0.0%
[2366/2700] req=500  seed=13 cache=1   WAN=100 registry                    mean=71.88 p95=153.29 reg=15957 peer=0 offload=0.0%
[2367/2700] req=500  seed=13 cache=1   WAN=100 dragonfly_style             mean=45.29 p95=99.02 reg=6192 peer=9765 offload=61.2%
[2368/2700] req=500  seed=13 cache=1   WAN=100 peersync_style              mean=43.46 p95=95.68 reg=5387 peer=10570 offload=66.2%
[2369/2700] req=500  seed=13 cache=1   WAN=100 metapipe_reactive_style     mean=37.34 p95=99.27 reg=6265 peer=9692 offload=60.7%
[2370/2700] req=500  seed=13 cache=1   WAN=100 ilrsa_style                 mean=88.13 p95=162.85 reg=15957 peer=0 offload=0.0%
[2371/2700] req=500  seed=13 cache=2   WAN=10  registry                    mean=163.95 p95=689.80 reg=7886 peer=0 offload=0.0%
[2372/2700] req=500  seed=13 cache=2   WAN=10  dragonfly_style             mean=38.84 p95=175.39 reg=1830 peer=6056 offload=76.8%
[2373/2700] req=500  seed=13 cache=2   WAN=10  peersync_style              mean=37.70 p95=170.09 reg=1777 peer=6109 offload=77.5%
[2374/2700] req=500  seed=13 cache=2   WAN=10  metapipe_reactive_style     mean=38.66 p95=166.30 reg=1778 peer=6108 offload=77.5%
[2375/2700] req=500  seed=13 cache=2   WAN=10  ilrsa_style                 mean=181.65 p95=788.10 reg=7886 peer=0 offload=0.0%
[2376/2700] req=500  seed=13 cache=2   WAN=30  registry                    mean=54.65 p95=229.93 reg=7886 peer=0 offload=0.0%
[2377/2700] req=500  seed=13 cache=2   WAN=30  dragonfly_style             mean=14.12 p95=65.85 reg=1830 peer=6056 offload=76.8%
[2378/2700] req=500  seed=13 cache=2   WAN=30  peersync_style              mean=13.86 p95=64.09 reg=1777 peer=6109 offload=77.5%
[2379/2700] req=500  seed=13 cache=2   WAN=30  metapipe_reactive_style     mean=14.61 p95=55.53 reg=1778 peer=6108 offload=77.5%
[2380/2700] req=500  seed=13 cache=2   WAN=30  ilrsa_style                 mean=60.55 p95=262.70 reg=7886 peer=0 offload=0.0%
[2381/2700] req=500  seed=13 cache=2   WAN=100 registry                    mean=16.40 p95=68.98 reg=7886 peer=0 offload=0.0%
[2382/2700] req=500  seed=13 cache=2   WAN=100 dragonfly_style             mean=5.45 p95=23.39 reg=1830 peer=6056 offload=76.8%
[2383/2700] req=500  seed=13 cache=2   WAN=100 peersync_style              mean=5.46 p95=23.35 reg=1777 peer=6109 offload=77.5%
[2384/2700] req=500  seed=13 cache=2   WAN=100 metapipe_reactive_style     mean=5.70 p95=29.07 reg=1778 peer=6108 offload=77.5%
[2385/2700] req=500  seed=13 cache=2   WAN=100 ilrsa_style                 mean=18.20 p95=79.42 reg=7886 peer=0 offload=0.0%
[2386/2700] req=500  seed=14 cache=0.5 WAN=10  registry                    mean=839.75 p95=1592.80 reg=16686 peer=0 offload=0.0%
[2387/2700] req=500  seed=14 cache=0.5 WAN=10  dragonfly_style             mean=695.51 p95=1302.70 reg=13027 peer=3659 offload=21.9%
[2388/2700] req=500  seed=14 cache=0.5 WAN=10  peersync_style              mean=654.38 p95=1233.60 reg=12336 peer=4350 offload=26.1%
[2389/2700] req=500  seed=14 cache=0.5 WAN=10  metapipe_reactive_style     mean=603.04 p95=1178.20 reg=12669 peer=4017 offload=24.1%
[2390/2700] req=500  seed=14 cache=0.5 WAN=10  ilrsa_style                 mean=1101.77 p95=1666.50 reg=16686 peer=0 offload=0.0%
[2391/2700] req=500  seed=14 cache=0.5 WAN=30  registry                    mean=279.92 p95=530.93 reg=16686 peer=0 offload=0.0%
[2392/2700] req=500  seed=14 cache=0.5 WAN=30  dragonfly_style             mean=240.81 p95=448.43 reg=13453 peer=3233 offload=19.4%
[2393/2700] req=500  seed=14 cache=0.5 WAN=30  peersync_style              mean=225.44 p95=423.53 reg=12706 peer=3980 offload=23.9%
[2394/2700] req=500  seed=14 cache=0.5 WAN=30  metapipe_reactive_style     mean=200.81 p95=391.33 reg=12627 peer=4059 offload=24.3%
[2395/2700] req=500  seed=14 cache=0.5 WAN=30  ilrsa_style                 mean=367.26 p95=555.50 reg=16686 peer=0 offload=0.0%
[2396/2700] req=500  seed=14 cache=0.5 WAN=100 registry                    mean=83.98 p95=159.28 reg=16686 peer=0 offload=0.0%
[2397/2700] req=500  seed=14 cache=0.5 WAN=100 dragonfly_style             mean=68.76 p95=135.10 reg=14022 peer=2664 offload=16.0%
[2398/2700] req=500  seed=14 cache=0.5 WAN=100 peersync_style              mean=62.75 p95=122.64 reg=12607 peer=4079 offload=24.4%
[2399/2700] req=500  seed=14 cache=0.5 WAN=100 metapipe_reactive_style     mean=61.89 p95=125.58 reg=13019 peer=3667 offload=22.0%
[2400/2700] req=500  seed=14 cache=0.5 WAN=100 ilrsa_style                 mean=110.19 p95=166.93 reg=16686 peer=0 offload=0.0%
[2401/2700] req=500  seed=14 cache=1   WAN=10  registry                    mean=599.29 p95=1392.50 reg=14614 peer=0 offload=0.0%
[2402/2700] req=500  seed=14 cache=1   WAN=10  dragonfly_style             mean=244.91 p95=619.68 reg=6580 peer=8034 offload=55.0%
[2403/2700] req=500  seed=14 cache=1   WAN=10  peersync_style              mean=231.63 p95=538.54 reg=5685 peer=8929 offload=61.1%
[2404/2700] req=500  seed=14 cache=1   WAN=10  metapipe_reactive_style     mean=248.37 p95=708.00 reg=7080 peer=7534 offload=51.6%
[2405/2700] req=500  seed=14 cache=1   WAN=10  ilrsa_style                 mean=747.21 p95=1440.50 reg=14614 peer=0 offload=0.0%
[2406/2700] req=500  seed=14 cache=1   WAN=30  registry                    mean=199.76 p95=464.17 reg=14614 peer=0 offload=0.0%
[2407/2700] req=500  seed=14 cache=1   WAN=30  dragonfly_style             mean=80.73 p95=206.32 reg=6553 peer=8061 offload=55.2%
[2408/2700] req=500  seed=14 cache=1   WAN=30  peersync_style              mean=77.17 p95=185.34 reg=5685 peer=8929 offload=61.1%
[2409/2700] req=500  seed=14 cache=1   WAN=30  metapipe_reactive_style     mean=81.60 p95=233.25 reg=6958 peer=7656 offload=52.4%
[2410/2700] req=500  seed=14 cache=1   WAN=30  ilrsa_style                 mean=249.07 p95=480.17 reg=14614 peer=0 offload=0.0%
[2411/2700] req=500  seed=14 cache=1   WAN=100 registry                    mean=59.95 p95=139.25 reg=14614 peer=0 offload=0.0%
[2412/2700] req=500  seed=14 cache=1   WAN=100 dragonfly_style             mean=25.77 p95=69.56 reg=7102 peer=7512 offload=51.4%
[2413/2700] req=500  seed=14 cache=1   WAN=100 peersync_style              mean=23.81 p95=59.80 reg=5752 peer=8862 offload=60.6%
[2414/2700] req=500  seed=14 cache=1   WAN=100 metapipe_reactive_style     mean=23.80 p95=63.44 reg=6420 peer=8194 offload=56.1%
[2415/2700] req=500  seed=14 cache=1   WAN=100 ilrsa_style                 mean=74.78 p95=144.05 reg=14614 peer=0 offload=0.0%
[2416/2700] req=500  seed=14 cache=2   WAN=10  registry                    mean=126.31 p95=705.20 reg=8172 peer=0 offload=0.0%
[2417/2700] req=500  seed=14 cache=2   WAN=10  dragonfly_style             mean=54.13 p95=270.20 reg=2998 peer=5174 offload=63.3%
[2418/2700] req=500  seed=14 cache=2   WAN=10  peersync_style              mean=49.57 p95=245.40 reg=2459 peer=5713 offload=69.9%
[2419/2700] req=500  seed=14 cache=2   WAN=10  metapipe_reactive_style     mean=50.43 p95=261.68 reg=3120 peer=5052 offload=61.8%
[2420/2700] req=500  seed=14 cache=2   WAN=10  ilrsa_style                 mean=201.02 p95=803.70 reg=8172 peer=0 offload=0.0%
[2421/2700] req=500  seed=14 cache=2   WAN=30  registry                    mean=42.10 p95=235.07 reg=8172 peer=0 offload=0.0%
[2422/2700] req=500  seed=14 cache=2   WAN=30  dragonfly_style             mean=18.75 p95=92.30 reg=3330 peer=4842 offload=59.3%
[2423/2700] req=500  seed=14 cache=2   WAN=30  peersync_style              mean=17.02 p95=83.47 reg=2459 peer=5713 offload=69.9%
[2424/2700] req=500  seed=14 cache=2   WAN=30  metapipe_reactive_style     mean=17.40 p95=91.07 reg=3321 peer=4851 offload=59.4%
[2425/2700] req=500  seed=14 cache=2   WAN=30  ilrsa_style                 mean=67.01 p95=267.90 reg=8172 peer=0 offload=0.0%
[2426/2700] req=500  seed=14 cache=2   WAN=100 registry                    mean=12.64 p95=70.52 reg=8172 peer=0 offload=0.0%
[2427/2700] req=500  seed=14 cache=2   WAN=100 dragonfly_style             mean=5.96 p95=28.86 reg=3279 peer=4893 offload=59.9%
[2428/2700] req=500  seed=14 cache=2   WAN=100 peersync_style              mean=5.76 p95=29.16 reg=2459 peer=5713 offload=69.9%
[2429/2700] req=500  seed=14 cache=2   WAN=100 metapipe_reactive_style     mean=5.27 p95=28.36 reg=3172 peer=5000 offload=61.2%
[2430/2700] req=500  seed=14 cache=2   WAN=100 ilrsa_style                 mean=20.14 p95=80.37 reg=8172 peer=0 offload=0.0%
[2431/2700] req=500  seed=15 cache=0.5 WAN=10  registry                    mean=905.56 p95=1550.80 reg=16939 peer=0 offload=0.0%
[2432/2700] req=500  seed=15 cache=0.5 WAN=10  dragonfly_style             mean=753.68 p95=1459.10 reg=14591 peer=2348 offload=13.9%
[2433/2700] req=500  seed=15 cache=0.5 WAN=10  peersync_style              mean=689.10 p95=1299.30 reg=12993 peer=3946 offload=23.3%
[2434/2700] req=500  seed=15 cache=0.5 WAN=10  metapipe_reactive_style     mean=616.47 p95=1286.90 reg=13756 peer=3183 offload=18.8%
[2435/2700] req=500  seed=15 cache=0.5 WAN=10  ilrsa_style                 mean=1170.01 p95=1693.30 reg=16939 peer=0 offload=0.0%
[2436/2700] req=500  seed=15 cache=0.5 WAN=30  registry                    mean=301.85 p95=516.93 reg=16939 peer=0 offload=0.0%
[2437/2700] req=500  seed=15 cache=0.5 WAN=30  dragonfly_style             mean=252.30 p95=489.60 reg=14688 peer=2251 offload=13.3%
[2438/2700] req=500  seed=15 cache=0.5 WAN=30  peersync_style              mean=229.03 p95=433.10 reg=12993 peer=3946 offload=23.3%
[2439/2700] req=500  seed=15 cache=0.5 WAN=30  metapipe_reactive_style     mean=202.91 p95=421.70 reg=13538 peer=3401 offload=20.1%
[2440/2700] req=500  seed=15 cache=0.5 WAN=30  ilrsa_style                 mean=390.00 p95=564.43 reg=16939 peer=0 offload=0.0%
[2441/2700] req=500  seed=15 cache=0.5 WAN=100 registry                    mean=90.57 p95=155.08 reg=16939 peer=0 offload=0.0%
[2442/2700] req=500  seed=15 cache=0.5 WAN=100 dragonfly_style             mean=77.00 p95=158.15 reg=14631 peer=2308 offload=13.6%
[2443/2700] req=500  seed=15 cache=0.5 WAN=100 peersync_style              mean=70.06 p95=144.75 reg=13108 peer=3831 offload=22.6%
[2444/2700] req=500  seed=15 cache=0.5 WAN=100 metapipe_reactive_style     mean=61.75 p95=131.38 reg=13479 peer=3460 offload=20.4%
[2445/2700] req=500  seed=15 cache=0.5 WAN=100 ilrsa_style                 mean=117.07 p95=170.41 reg=16939 peer=0 offload=0.0%
[2446/2700] req=500  seed=15 cache=1   WAN=10  registry                    mean=812.11 p95=1454.80 reg=15393 peer=0 offload=0.0%
[2447/2700] req=500  seed=15 cache=1   WAN=10  dragonfly_style             mean=450.33 p95=682.93 reg=7410 peer=7983 offload=51.9%
[2448/2700] req=500  seed=15 cache=1   WAN=10  peersync_style              mean=426.02 p95=623.82 reg=6085 peer=9308 offload=60.5%
[2449/2700] req=500  seed=15 cache=1   WAN=10  metapipe_reactive_style     mean=442.11 p95=680.83 reg=8073 peer=7320 offload=47.6%
[2450/2700] req=500  seed=15 cache=1   WAN=10  ilrsa_style                 mean=939.80 p95=1521.10 reg=15393 peer=0 offload=0.0%
[2451/2700] req=500  seed=15 cache=1   WAN=30  registry                    mean=270.70 p95=484.93 reg=15393 peer=0 offload=0.0%
[2452/2700] req=500  seed=15 cache=1   WAN=30  dragonfly_style             mean=156.79 p95=245.94 reg=7190 peer=8203 offload=53.3%
[2453/2700] req=500  seed=15 cache=1   WAN=30  peersync_style              mean=148.37 p95=235.07 reg=6085 peer=9308 offload=60.5%
[2454/2700] req=500  seed=15 cache=1   WAN=30  metapipe_reactive_style     mean=154.01 p95=250.41 reg=7126 peer=8267 offload=53.7%
[2455/2700] req=500  seed=15 cache=1   WAN=30  ilrsa_style                 mean=313.27 p95=507.03 reg=15393 peer=0 offload=0.0%
[2456/2700] req=500  seed=15 cache=1   WAN=100 registry                    mean=81.22 p95=145.48 reg=15393 peer=0 offload=0.0%
[2457/2700] req=500  seed=15 cache=1   WAN=100 dragonfly_style             mean=53.63 p95=100.05 reg=7272 peer=8121 offload=52.8%
[2458/2700] req=500  seed=15 cache=1   WAN=100 peersync_style              mean=50.66 p95=96.39 reg=6132 peer=9261 offload=60.2%
[2459/2700] req=500  seed=15 cache=1   WAN=100 metapipe_reactive_style     mean=52.30 p95=96.40 reg=7326 peer=8067 offload=52.4%
[2460/2700] req=500  seed=15 cache=1   WAN=100 ilrsa_style                 mean=94.05 p95=152.45 reg=15393 peer=0 offload=0.0%
[2461/2700] req=500  seed=15 cache=2   WAN=10  registry                    mean=107.05 p95=416.10 reg=5251 peer=0 offload=0.0%
[2462/2700] req=500  seed=15 cache=2   WAN=10  dragonfly_style             mean=52.20 p95=276.40 reg=2764 peer=2487 offload=47.4%
[2463/2700] req=500  seed=15 cache=2   WAN=10  peersync_style              mean=49.17 p95=262.40 reg=2624 peer=2627 offload=50.0%
[2464/2700] req=500  seed=15 cache=2   WAN=10  metapipe_reactive_style     mean=42.36 p95=262.40 reg=2624 peer=2627 offload=50.0%
[2465/2700] req=500  seed=15 cache=2   WAN=10  ilrsa_style                 mean=138.65 p95=522.70 reg=5251 peer=0 offload=0.0%
[2466/2700] req=500  seed=15 cache=2   WAN=30  registry                    mean=35.68 p95=138.70 reg=5251 peer=0 offload=0.0%
[2467/2700] req=500  seed=15 cache=2   WAN=30  dragonfly_style             mean=17.91 p95=92.13 reg=2764 peer=2487 offload=47.4%
[2468/2700] req=500  seed=15 cache=2   WAN=30  peersync_style              mean=16.91 p95=87.47 reg=2624 peer=2627 offload=50.0%
[2469/2700] req=500  seed=15 cache=2   WAN=30  metapipe_reactive_style     mean=14.50 p95=87.47 reg=2624 peer=2627 offload=50.0%
[2470/2700] req=500  seed=15 cache=2   WAN=30  ilrsa_style                 mean=46.22 p95=174.23 reg=5251 peer=0 offload=0.0%
[2471/2700] req=500  seed=15 cache=2   WAN=100 registry                    mean=10.71 p95=41.61 reg=5251 peer=0 offload=0.0%
[2472/2700] req=500  seed=15 cache=2   WAN=100 dragonfly_style             mean=5.70 p95=26.20 reg=2723 peer=2528 offload=48.1%
[2473/2700] req=500  seed=15 cache=2   WAN=100 peersync_style              mean=5.55 p95=25.35 reg=2624 peer=2627 offload=50.0%
[2474/2700] req=500  seed=15 cache=2   WAN=100 metapipe_reactive_style     mean=4.81 p95=26.39 reg=2624 peer=2627 offload=50.0%
[2475/2700] req=500  seed=15 cache=2   WAN=100 ilrsa_style                 mean=13.89 p95=52.61 reg=5251 peer=0 offload=0.0%
[2476/2700] req=500  seed=16 cache=0.5 WAN=10  registry                    mean=1045.29 p95=1833.70 reg=19490 peer=0 offload=0.0%
[2477/2700] req=500  seed=16 cache=0.5 WAN=10  dragonfly_style             mean=690.06 p95=1526.10 reg=15261 peer=4229 offload=21.7%
[2478/2700] req=500  seed=16 cache=0.5 WAN=10  peersync_style              mean=648.74 p95=1413.50 reg=14135 peer=5355 offload=27.5%
[2479/2700] req=500  seed=16 cache=0.5 WAN=10  metapipe_reactive_style     mean=652.89 p95=1572.10 reg=15721 peer=3769 offload=19.3%
[2480/2700] req=500  seed=16 cache=0.5 WAN=10  ilrsa_style                 mean=1346.76 p95=1947.80 reg=19490 peer=0 offload=0.0%
[2481/2700] req=500  seed=16 cache=0.5 WAN=30  registry                    mean=348.43 p95=611.23 reg=19490 peer=0 offload=0.0%
[2482/2700] req=500  seed=16 cache=0.5 WAN=30  dragonfly_style             mean=234.85 p95=521.33 reg=15640 peer=3850 offload=19.8%
[2483/2700] req=500  seed=16 cache=0.5 WAN=30  peersync_style              mean=221.01 p95=487.37 reg=14621 peer=4869 offload=25.0%
[2484/2700] req=500  seed=16 cache=0.5 WAN=30  metapipe_reactive_style     mean=216.71 p95=522.60 reg=15678 peer=3812 offload=19.6%
[2485/2700] req=500  seed=16 cache=0.5 WAN=30  ilrsa_style                 mean=448.92 p95=649.27 reg=19490 peer=0 offload=0.0%
[2486/2700] req=500  seed=16 cache=0.5 WAN=100 registry                    mean=104.55 p95=183.37 reg=19490 peer=0 offload=0.0%
[2487/2700] req=500  seed=16 cache=0.5 WAN=100 dragonfly_style             mean=72.44 p95=176.23 reg=15649 peer=3841 offload=19.7%
[2488/2700] req=500  seed=16 cache=0.5 WAN=100 peersync_style              mean=67.86 p95=162.51 reg=14512 peer=4978 offload=25.5%
[2489/2700] req=500  seed=16 cache=0.5 WAN=100 metapipe_reactive_style     mean=66.90 p95=176.02 reg=15678 peer=3812 offload=19.6%
[2490/2700] req=500  seed=16 cache=0.5 WAN=100 ilrsa_style                 mean=134.82 p95=196.30 reg=19490 peer=0 offload=0.0%
[2491/2700] req=500  seed=16 cache=1   WAN=10  registry                    mean=660.76 p95=1491.70 reg=15288 peer=0 offload=0.0%
[2492/2700] req=500  seed=16 cache=1   WAN=10  dragonfly_style             mean=319.98 p95=726.70 reg=7527 peer=7761 offload=50.8%
[2493/2700] req=500  seed=16 cache=1   WAN=10  peersync_style              mean=297.06 p95=634.34 reg=6252 peer=9036 offload=59.1%
[2494/2700] req=500  seed=16 cache=1   WAN=10  metapipe_reactive_style     mean=316.63 p95=682.77 reg=6446 peer=8842 offload=57.8%
[2495/2700] req=500  seed=16 cache=1   WAN=10  ilrsa_style                 mean=924.90 p95=1526.80 reg=15288 peer=0 offload=0.0%
[2496/2700] req=500  seed=16 cache=1   WAN=30  registry                    mean=220.25 p95=497.23 reg=15288 peer=0 offload=0.0%
[2497/2700] req=500  seed=16 cache=1   WAN=30  dragonfly_style             mean=108.38 p95=243.48 reg=7171 peer=8117 offload=53.1%
[2498/2700] req=500  seed=16 cache=1   WAN=30  peersync_style              mean=101.67 p95=218.40 reg=6278 peer=9010 offload=58.9%
[2499/2700] req=500  seed=16 cache=1   WAN=30  metapipe_reactive_style     mean=109.33 p95=252.59 reg=6647 peer=8641 offload=56.5%
[2500/2700] req=500  seed=16 cache=1   WAN=30  ilrsa_style                 mean=308.30 p95=508.93 reg=15288 peer=0 offload=0.0%
[2501/2700] req=500  seed=16 cache=1   WAN=100 registry                    mean=66.18 p95=149.95 reg=15288 peer=0 offload=0.0%
[2502/2700] req=500  seed=16 cache=1   WAN=100 dragonfly_style             mean=31.88 p95=76.73 reg=7598 peer=7690 offload=50.3%
[2503/2700] req=500  seed=16 cache=1   WAN=100 peersync_style              mean=29.14 p95=64.71 reg=6306 peer=8982 offload=58.8%
[2504/2700] req=500  seed=16 cache=1   WAN=100 metapipe_reactive_style     mean=34.77 p95=91.84 reg=6819 peer=8469 offload=55.4%
[2505/2700] req=500  seed=16 cache=1   WAN=100 ilrsa_style                 mean=92.73 p95=155.80 reg=15288 peer=0 offload=0.0%
[2506/2700] req=500  seed=16 cache=2   WAN=10  registry                    mean=121.91 p95=635.90 reg=6901 peer=0 offload=0.0%
[2507/2700] req=500  seed=16 cache=2   WAN=10  dragonfly_style             mean=25.77 p95=183.05 reg=2001 peer=4900 offload=71.0%
[2508/2700] req=500  seed=16 cache=2   WAN=10  peersync_style              mean=25.53 p95=182.85 reg=1956 peer=4945 offload=71.7%
[2509/2700] req=500  seed=16 cache=2   WAN=10  metapipe_reactive_style     mean=31.46 p95=194.18 reg=2157 peer=4744 offload=68.7%
[2510/2700] req=500  seed=16 cache=2   WAN=10  ilrsa_style                 mean=155.88 p95=643.10 reg=6901 peer=0 offload=0.0%
[2511/2700] req=500  seed=16 cache=2   WAN=30  registry                    mean=40.64 p95=211.97 reg=6901 peer=0 offload=0.0%
[2512/2700] req=500  seed=16 cache=2   WAN=30  dragonfly_style             mean=9.98 p95=61.23 reg=2202 peer=4699 offload=68.1%
[2513/2700] req=500  seed=16 cache=2   WAN=30  peersync_style              mean=9.50 p95=57.21 reg=1956 peer=4945 offload=71.7%
[2514/2700] req=500  seed=16 cache=2   WAN=30  metapipe_reactive_style     mean=11.16 p95=66.08 reg=2157 peer=4744 offload=68.7%
[2515/2700] req=500  seed=16 cache=2   WAN=30  ilrsa_style                 mean=51.96 p95=214.37 reg=6901 peer=0 offload=0.0%
[2516/2700] req=500  seed=16 cache=2   WAN=100 registry                    mean=12.24 p95=63.59 reg=6901 peer=0 offload=0.0%
[2517/2700] req=500  seed=16 cache=2   WAN=100 dragonfly_style             mean=4.44 p95=24.08 reg=2159 peer=4742 offload=68.7%
[2518/2700] req=500  seed=16 cache=2   WAN=100 peersync_style              mean=4.49 p95=25.26 reg=1956 peer=4945 offload=71.7%
[2519/2700] req=500  seed=16 cache=2   WAN=100 metapipe_reactive_style     mean=3.90 p95=21.45 reg=2183 peer=4718 offload=68.4%
[2520/2700] req=500  seed=16 cache=2   WAN=100 ilrsa_style                 mean=15.71 p95=64.31 reg=6901 peer=0 offload=0.0%
[2521/2700] req=500  seed=17 cache=0.5 WAN=10  registry                    mean=875.02 p95=1587.10 reg=16983 peer=0 offload=0.0%
[2522/2700] req=500  seed=17 cache=0.5 WAN=10  dragonfly_style             mean=662.70 p95=1420.40 reg=14204 peer=2779 offload=16.4%
[2523/2700] req=500  seed=17 cache=0.5 WAN=10  peersync_style              mean=600.27 p95=1288.80 reg=12888 peer=4095 offload=24.1%
[2524/2700] req=500  seed=17 cache=0.5 WAN=10  metapipe_reactive_style     mean=629.42 p95=1442.70 reg=14427 peer=2556 offload=15.1%
[2525/2700] req=500  seed=17 cache=0.5 WAN=10  ilrsa_style                 mean=1131.95 p95=1696.60 reg=16983 peer=0 offload=0.0%
[2526/2700] req=500  seed=17 cache=0.5 WAN=30  registry                    mean=291.67 p95=529.03 reg=16983 peer=0 offload=0.0%
[2527/2700] req=500  seed=17 cache=0.5 WAN=30  dragonfly_style             mean=221.13 p95=473.47 reg=14204 peer=2779 offload=16.4%
[2528/2700] req=500  seed=17 cache=0.5 WAN=30  peersync_style              mean=200.53 p95=429.77 reg=12893 peer=4090 offload=24.1%
[2529/2700] req=500  seed=17 cache=0.5 WAN=30  metapipe_reactive_style     mean=209.41 p95=480.10 reg=14403 peer=2580 offload=15.2%
[2530/2700] req=500  seed=17 cache=0.5 WAN=30  ilrsa_style                 mean=377.32 p95=565.53 reg=16983 peer=0 offload=0.0%
[2531/2700] req=500  seed=17 cache=0.5 WAN=100 registry                    mean=87.54 p95=158.71 reg=16983 peer=0 offload=0.0%
[2532/2700] req=500  seed=17 cache=0.5 WAN=100 dragonfly_style             mean=66.06 p95=146.65 reg=13906 peer=3077 offload=18.1%
[2533/2700] req=500  seed=17 cache=0.5 WAN=100 peersync_style              mean=61.23 p95=136.21 reg=12812 peer=4171 offload=24.6%
[2534/2700] req=500  seed=17 cache=0.5 WAN=100 metapipe_reactive_style     mean=63.39 p95=153.01 reg=14423 peer=2560 offload=15.1%
[2535/2700] req=500  seed=17 cache=0.5 WAN=100 ilrsa_style                 mean=113.36 p95=171.83 reg=16983 peer=0 offload=0.0%
[2536/2700] req=500  seed=17 cache=1   WAN=10  registry                    mean=744.85 p95=1477.70 reg=16319 peer=0 offload=0.0%
[2537/2700] req=500  seed=17 cache=1   WAN=10  dragonfly_style             mean=411.73 p95=717.04 reg=7969 peer=8350 offload=51.2%
[2538/2700] req=500  seed=17 cache=1   WAN=10  peersync_style              mean=391.20 p95=636.48 reg=7083 peer=9236 offload=56.6%
[2539/2700] req=500  seed=17 cache=1   WAN=10  metapipe_reactive_style     mean=363.98 p95=698.63 reg=6885 peer=9434 offload=57.8%
[2540/2700] req=500  seed=17 cache=1   WAN=10  ilrsa_style                 mean=1034.62 p95=1629.70 reg=16319 peer=0 offload=0.0%
[2541/2700] req=500  seed=17 cache=1   WAN=30  registry                    mean=248.28 p95=492.57 reg=16319 peer=0 offload=0.0%
[2542/2700] req=500  seed=17 cache=1   WAN=30  dragonfly_style             mean=140.03 p95=245.49 reg=7615 peer=8704 offload=53.3%
[2543/2700] req=500  seed=17 cache=1   WAN=30  peersync_style              mean=137.63 p95=244.52 reg=6762 peer=9557 offload=58.6%
[2544/2700] req=500  seed=17 cache=1   WAN=30  metapipe_reactive_style     mean=126.50 p95=260.59 reg=6885 peer=9434 offload=57.8%
[2545/2700] req=500  seed=17 cache=1   WAN=30  ilrsa_style                 mean=344.87 p95=543.23 reg=16319 peer=0 offload=0.0%
[2546/2700] req=500  seed=17 cache=1   WAN=100 registry                    mean=74.52 p95=147.77 reg=16319 peer=0 offload=0.0%
[2547/2700] req=500  seed=17 cache=1   WAN=100 dragonfly_style             mean=53.43 p95=109.26 reg=7992 peer=8327 offload=51.0%
[2548/2700] req=500  seed=17 cache=1   WAN=100 peersync_style              mean=51.83 p95=108.21 reg=7081 peer=9238 offload=56.6%
[2549/2700] req=500  seed=17 cache=1   WAN=100 metapipe_reactive_style     mean=40.87 p95=101.93 reg=7235 peer=9084 offload=55.7%
[2550/2700] req=500  seed=17 cache=1   WAN=100 ilrsa_style                 mean=103.60 p95=164.75 reg=16319 peer=0 offload=0.0%
[2551/2700] req=500  seed=17 cache=2   WAN=10  registry                    mean=204.57 p95=819.40 reg=8866 peer=0 offload=0.0%
[2552/2700] req=500  seed=17 cache=2   WAN=10  dragonfly_style             mean=57.12 p95=250.12 reg=3097 peer=5769 offload=65.1%
[2553/2700] req=500  seed=17 cache=2   WAN=10  peersync_style              mean=54.52 p95=237.86 reg=2488 peer=6378 offload=71.9%
[2554/2700] req=500  seed=17 cache=2   WAN=10  metapipe_reactive_style     mean=69.25 p95=338.68 reg=4123 peer=4743 offload=53.5%
[2555/2700] req=500  seed=17 cache=2   WAN=10  ilrsa_style                 mean=269.47 p95=885.00 reg=8866 peer=0 offload=0.0%
[2556/2700] req=500  seed=17 cache=2   WAN=30  registry                    mean=68.19 p95=273.13 reg=8866 peer=0 offload=0.0%
[2557/2700] req=500  seed=17 cache=2   WAN=30  dragonfly_style             mean=20.68 p95=85.71 reg=3304 peer=5562 offload=62.7%
[2558/2700] req=500  seed=17 cache=2   WAN=30  peersync_style              mean=19.19 p95=84.42 reg=2488 peer=6378 offload=71.9%
[2559/2700] req=500  seed=17 cache=2   WAN=30  metapipe_reactive_style     mean=23.24 p95=113.50 reg=4030 peer=4836 offload=54.5%
[2560/2700] req=500  seed=17 cache=2   WAN=30  ilrsa_style                 mean=89.82 p95=295.00 reg=8866 peer=0 offload=0.0%
[2561/2700] req=500  seed=17 cache=2   WAN=100 registry                    mean=20.48 p95=81.94 reg=8866 peer=0 offload=0.0%
[2562/2700] req=500  seed=17 cache=2   WAN=100 dragonfly_style             mean=7.63 p95=35.55 reg=3472 peer=5394 offload=60.8%
[2563/2700] req=500  seed=17 cache=2   WAN=100 peersync_style              mean=7.11 p95=32.36 reg=2488 peer=6378 offload=71.9%
[2564/2700] req=500  seed=17 cache=2   WAN=100 metapipe_reactive_style     mean=7.42 p95=37.71 reg=4030 peer=4836 offload=54.5%
[2565/2700] req=500  seed=17 cache=2   WAN=100 ilrsa_style                 mean=27.12 p95=90.62 reg=8866 peer=0 offload=0.0%
[2566/2700] req=500  seed=18 cache=0.5 WAN=10  registry                    mean=809.89 p95=1401.10 reg=15231 peer=0 offload=0.0%
[2567/2700] req=500  seed=18 cache=0.5 WAN=10  dragonfly_style             mean=727.94 p95=1282.10 reg=12821 peer=2410 offload=15.8%
[2568/2700] req=500  seed=18 cache=0.5 WAN=10  peersync_style              mean=684.68 p95=1228.10 reg=12281 peer=2950 offload=19.4%
[2569/2700] req=500  seed=18 cache=0.5 WAN=10  metapipe_reactive_style     mean=624.14 p95=1288.60 reg=12886 peer=2345 offload=15.4%
[2570/2700] req=500  seed=18 cache=0.5 WAN=10  ilrsa_style                 mean=1172.36 p95=1521.20 reg=15231 peer=0 offload=0.0%
[2571/2700] req=500  seed=18 cache=0.5 WAN=30  registry                    mean=269.96 p95=467.03 reg=15231 peer=0 offload=0.0%
[2572/2700] req=500  seed=18 cache=0.5 WAN=30  dragonfly_style             mean=246.40 p95=434.13 reg=13024 peer=2207 offload=14.5%
[2573/2700] req=500  seed=18 cache=0.5 WAN=30  peersync_style              mean=227.91 p95=409.37 reg=12281 peer=2950 offload=19.4%
[2574/2700] req=500  seed=18 cache=0.5 WAN=30  metapipe_reactive_style     mean=206.50 p95=428.78 reg=12888 peer=2343 offload=15.4%
[2575/2700] req=500  seed=18 cache=0.5 WAN=30  ilrsa_style                 mean=390.79 p95=507.07 reg=15231 peer=0 offload=0.0%
[2576/2700] req=500  seed=18 cache=0.5 WAN=100 registry                    mean=80.99 p95=140.11 reg=15231 peer=0 offload=0.0%
[2577/2700] req=500  seed=18 cache=0.5 WAN=100 dragonfly_style             mean=74.09 p95=132.00 reg=13029 peer=2202 offload=14.5%
[2578/2700] req=500  seed=18 cache=0.5 WAN=100 peersync_style              mean=67.23 p95=120.64 reg=11865 peer=3366 offload=22.1%
[2579/2700] req=500  seed=18 cache=0.5 WAN=100 metapipe_reactive_style     mean=61.89 p95=128.43 reg=12827 peer=2404 offload=15.8%
[2580/2700] req=500  seed=18 cache=0.5 WAN=100 ilrsa_style                 mean=117.28 p95=152.67 reg=15231 peer=0 offload=0.0%
[2581/2700] req=500  seed=18 cache=1   WAN=10  registry                    mean=626.84 p95=1344.00 reg=13865 peer=0 offload=0.0%
[2582/2700] req=500  seed=18 cache=1   WAN=10  dragonfly_style             mean=434.31 p95=817.87 reg=8671 peer=5194 offload=37.5%
[2583/2700] req=500  seed=18 cache=1   WAN=10  peersync_style              mean=375.62 p95=575.99 reg=5955 peer=7910 offload=57.1%
[2584/2700] req=500  seed=18 cache=1   WAN=10  metapipe_reactive_style     mean=367.95 p95=704.78 reg=8315 peer=5550 offload=40.0%
[2585/2700] req=500  seed=18 cache=1   WAN=10  ilrsa_style                 mean=891.81 p95=1383.90 reg=13865 peer=0 offload=0.0%
[2586/2700] req=500  seed=18 cache=1   WAN=30  registry                    mean=208.95 p95=448.00 reg=13865 peer=0 offload=0.0%
[2587/2700] req=500  seed=18 cache=1   WAN=30  dragonfly_style             mean=146.05 p95=269.43 reg=8331 peer=5534 offload=39.9%
[2588/2700] req=500  seed=18 cache=1   WAN=30  peersync_style              mean=128.22 p95=206.28 reg=5955 peer=7910 offload=57.1%
[2589/2700] req=500  seed=18 cache=1   WAN=30  metapipe_reactive_style     mean=125.15 p95=234.78 reg=8315 peer=5550 offload=40.0%
[2590/2700] req=500  seed=18 cache=1   WAN=30  ilrsa_style                 mean=297.27 p95=461.30 reg=13865 peer=0 offload=0.0%
[2591/2700] req=500  seed=18 cache=1   WAN=100 registry                    mean=62.70 p95=134.40 reg=13865 peer=0 offload=0.0%
[2592/2700] req=500  seed=18 cache=1   WAN=100 dragonfly_style             mean=46.45 p95=82.41 reg=7614 peer=6251 offload=45.1%
[2593/2700] req=500  seed=18 cache=1   WAN=100 peersync_style              mean=41.40 p95=74.95 reg=5955 peer=7910 offload=57.1%
[2594/2700] req=500  seed=18 cache=1   WAN=100 metapipe_reactive_style     mean=39.81 p95=81.90 reg=7838 peer=6027 offload=43.5%
[2595/2700] req=500  seed=18 cache=1   WAN=100 ilrsa_style                 mean=89.25 p95=139.01 reg=13865 peer=0 offload=0.0%
[2596/2700] req=500  seed=18 cache=2   WAN=10  registry                    mean=229.43 p95=839.90 reg=9167 peer=0 offload=0.0%
[2597/2700] req=500  seed=18 cache=2   WAN=10  dragonfly_style             mean=84.28 p95=307.73 reg=3380 peer=5787 offload=63.1%
[2598/2700] req=500  seed=18 cache=2   WAN=10  peersync_style              mean=81.63 p95=298.91 reg=3205 peer=5962 offload=65.0%
[2599/2700] req=500  seed=18 cache=2   WAN=10  metapipe_reactive_style     mean=87.86 p95=332.37 reg=3902 peer=5265 offload=57.4%
[2600/2700] req=500  seed=18 cache=2   WAN=10  ilrsa_style                 mean=284.68 p95=907.10 reg=9167 peer=0 offload=0.0%
[2601/2700] req=500  seed=18 cache=2   WAN=30  registry                    mean=76.48 p95=279.97 reg=9167 peer=0 offload=0.0%
[2602/2700] req=500  seed=18 cache=2   WAN=30  dragonfly_style             mean=28.24 p95=101.70 reg=3380 peer=5787 offload=63.1%
[2603/2700] req=500  seed=18 cache=2   WAN=30  peersync_style              mean=27.70 p95=99.16 reg=3205 peer=5962 offload=65.0%
[2604/2700] req=500  seed=18 cache=2   WAN=30  metapipe_reactive_style     mean=30.04 p95=112.99 reg=3992 peer=5175 offload=56.5%
[2605/2700] req=500  seed=18 cache=2   WAN=30  ilrsa_style                 mean=94.89 p95=302.37 reg=9167 peer=0 offload=0.0%
[2606/2700] req=500  seed=18 cache=2   WAN=100 registry                    mean=22.95 p95=83.99 reg=9167 peer=0 offload=0.0%
[2607/2700] req=500  seed=18 cache=2   WAN=100 dragonfly_style             mean=8.95 p95=31.97 reg=3426 peer=5741 offload=62.6%
[2608/2700] req=500  seed=18 cache=2   WAN=100 peersync_style              mean=8.79 p95=29.89 reg=3205 peer=5962 offload=65.0%
[2609/2700] req=500  seed=18 cache=2   WAN=100 metapipe_reactive_style     mean=9.63 p95=38.80 reg=3670 peer=5497 offload=60.0%
[2610/2700] req=500  seed=18 cache=2   WAN=100 ilrsa_style                 mean=28.48 p95=90.71 reg=9167 peer=0 offload=0.0%
[2611/2700] req=500  seed=19 cache=0.5 WAN=10  registry                    mean=866.30 p95=1559.20 reg=16118 peer=0 offload=0.0%
[2612/2700] req=500  seed=19 cache=0.5 WAN=10  dragonfly_style             mean=700.41 p95=1348.60 reg=13486 peer=2632 offload=16.3%
[2613/2700] req=500  seed=19 cache=0.5 WAN=10  peersync_style              mean=634.54 p95=1257.60 reg=12576 peer=3542 offload=22.0%
[2614/2700] req=500  seed=19 cache=0.5 WAN=10  metapipe_reactive_style     mean=596.23 p95=1239.10 reg=12391 peer=3727 offload=23.1%
[2615/2700] req=500  seed=19 cache=0.5 WAN=10  ilrsa_style                 mean=1136.00 p95=1609.90 reg=16118 peer=0 offload=0.0%
[2616/2700] req=500  seed=19 cache=0.5 WAN=30  registry                    mean=288.77 p95=519.73 reg=16118 peer=0 offload=0.0%
[2617/2700] req=500  seed=19 cache=0.5 WAN=30  dragonfly_style             mean=233.43 p95=449.53 reg=13486 peer=2632 offload=16.3%
[2618/2700] req=500  seed=19 cache=0.5 WAN=30  peersync_style              mean=211.28 p95=418.13 reg=12544 peer=3574 offload=22.2%
[2619/2700] req=500  seed=19 cache=0.5 WAN=30  metapipe_reactive_style     mean=199.18 p95=413.03 reg=12391 peer=3727 offload=23.1%
[2620/2700] req=500  seed=19 cache=0.5 WAN=30  ilrsa_style                 mean=378.67 p95=536.63 reg=16118 peer=0 offload=0.0%
[2621/2700] req=500  seed=19 cache=0.5 WAN=100 registry                    mean=86.65 p95=155.92 reg=16118 peer=0 offload=0.0%
[2622/2700] req=500  seed=19 cache=0.5 WAN=100 dragonfly_style             mean=70.42 p95=140.52 reg=13728 peer=2390 offload=14.8%
[2623/2700] req=500  seed=19 cache=0.5 WAN=100 peersync_style              mean=64.04 p95=129.15 reg=12584 peer=3534 offload=21.9%
[2624/2700] req=500  seed=19 cache=0.5 WAN=100 metapipe_reactive_style     mean=60.71 p95=129.72 reg=12619 peer=3499 offload=21.7%
[2625/2700] req=500  seed=19 cache=0.5 WAN=100 ilrsa_style                 mean=113.72 p95=161.99 reg=16118 peer=0 offload=0.0%
[2626/2700] req=500  seed=19 cache=1   WAN=10  registry                    mean=717.35 p95=1322.20 reg=13569 peer=0 offload=0.0%
[2627/2700] req=500  seed=19 cache=1   WAN=10  dragonfly_style             mean=334.72 p95=534.37 reg=5896 peer=7673 offload=56.5%
[2628/2700] req=500  seed=19 cache=1   WAN=10  peersync_style              mean=325.93 p95=519.98 reg=5666 peer=7903 offload=58.2%
[2629/2700] req=500  seed=19 cache=1   WAN=10  metapipe_reactive_style     mean=350.68 p95=603.08 reg=6620 peer=6949 offload=51.2%
[2630/2700] req=500  seed=19 cache=1   WAN=10  ilrsa_style                 mean=954.04 p95=1352.90 reg=13569 peer=0 offload=0.0%
[2631/2700] req=500  seed=19 cache=1   WAN=30  registry                    mean=239.12 p95=440.73 reg=13569 peer=0 offload=0.0%
[2632/2700] req=500  seed=19 cache=1   WAN=30  dragonfly_style             mean=114.26 p95=188.51 reg=5782 peer=7787 offload=57.4%
[2633/2700] req=500  seed=19 cache=1   WAN=30  peersync_style              mean=113.61 p95=187.77 reg=5554 peer=8015 offload=59.1%
[2634/2700] req=500  seed=19 cache=1   WAN=30  metapipe_reactive_style     mean=119.88 p95=224.18 reg=6207 peer=7362 offload=54.3%
[2635/2700] req=500  seed=19 cache=1   WAN=30  ilrsa_style                 mean=318.01 p95=450.97 reg=13569 peer=0 offload=0.0%
[2636/2700] req=500  seed=19 cache=1   WAN=100 registry                    mean=71.74 p95=132.22 reg=13569 peer=0 offload=0.0%
[2637/2700] req=500  seed=19 cache=1   WAN=100 dragonfly_style             mean=40.01 p95=79.85 reg=5773 peer=7796 offload=57.5%
[2638/2700] req=500  seed=19 cache=1   WAN=100 peersync_style              mean=39.82 p95=79.41 reg=5554 peer=8015 offload=59.1%
[2639/2700] req=500  seed=19 cache=1   WAN=100 metapipe_reactive_style     mean=38.00 p95=79.31 reg=6140 peer=7429 offload=54.7%
[2640/2700] req=500  seed=19 cache=1   WAN=100 ilrsa_style                 mean=95.41 p95=135.29 reg=13569 peer=0 offload=0.0%
[2641/2700] req=500  seed=19 cache=2   WAN=10  registry                    mean=121.54 p95=499.00 reg=6848 peer=0 offload=0.0%
[2642/2700] req=500  seed=19 cache=2   WAN=10  dragonfly_style             mean=72.70 p95=285.00 reg=2957 peer=3891 offload=56.8%
[2643/2700] req=500  seed=19 cache=2   WAN=10  peersync_style              mean=71.43 p95=263.56 reg=2719 peer=4129 offload=60.3%
[2644/2700] req=500  seed=19 cache=2   WAN=10  metapipe_reactive_style     mean=59.20 p95=255.51 reg=2943 peer=3905 offload=57.0%
[2645/2700] req=500  seed=19 cache=2   WAN=10  ilrsa_style                 mean=171.91 p95=681.90 reg=6848 peer=0 offload=0.0%
[2646/2700] req=500  seed=19 cache=2   WAN=30  registry                    mean=40.51 p95=166.33 reg=6848 peer=0 offload=0.0%
[2647/2700] req=500  seed=19 cache=2   WAN=30  dragonfly_style             mean=24.73 p95=95.30 reg=2957 peer=3891 offload=56.8%
[2648/2700] req=500  seed=19 cache=2   WAN=30  peersync_style              mean=24.26 p95=89.27 reg=2719 peer=4129 offload=60.3%
[2649/2700] req=500  seed=19 cache=2   WAN=30  metapipe_reactive_style     mean=20.07 p95=85.04 reg=2943 peer=3905 offload=57.0%
[2650/2700] req=500  seed=19 cache=2   WAN=30  ilrsa_style                 mean=57.30 p95=227.30 reg=6848 peer=0 offload=0.0%
[2651/2700] req=500  seed=19 cache=2   WAN=100 registry                    mean=12.16 p95=49.90 reg=6848 peer=0 offload=0.0%
[2652/2700] req=500  seed=19 cache=2   WAN=100 dragonfly_style             mean=8.29 p95=34.48 reg=2957 peer=3891 offload=56.8%
[2653/2700] req=500  seed=19 cache=2   WAN=100 peersync_style              mean=8.29 p95=35.14 reg=2719 peer=4129 offload=60.3%
[2654/2700] req=500  seed=19 cache=2   WAN=100 metapipe_reactive_style     mean=6.47 p95=28.71 reg=2943 peer=3905 offload=57.0%
[2655/2700] req=500  seed=19 cache=2   WAN=100 ilrsa_style                 mean=17.20 p95=68.33 reg=6848 peer=0 offload=0.0%
[2656/2700] req=500  seed=20 cache=0.5 WAN=10  registry                    mean=961.80 p95=1598.00 reg=16964 peer=0 offload=0.0%
[2657/2700] req=500  seed=20 cache=0.5 WAN=10  dragonfly_style             mean=706.72 p95=1258.70 reg=13474 peer=3490 offload=20.6%
[2658/2700] req=500  seed=20 cache=0.5 WAN=10  peersync_style              mean=667.02 p95=1181.80 reg=12705 peer=4259 offload=25.1%
[2659/2700] req=500  seed=20 cache=0.5 WAN=10  metapipe_reactive_style     mean=646.85 p95=1259.20 reg=13479 peer=3485 offload=20.5%
[2660/2700] req=500  seed=20 cache=0.5 WAN=10  ilrsa_style                 mean=1104.31 p95=1695.30 reg=16964 peer=0 offload=0.0%
[2661/2700] req=500  seed=20 cache=0.5 WAN=30  registry                    mean=320.60 p95=532.67 reg=16964 peer=0 offload=0.0%
[2662/2700] req=500  seed=20 cache=0.5 WAN=30  dragonfly_style             mean=237.13 p95=420.80 reg=13511 peer=3453 offload=20.4%
[2663/2700] req=500  seed=20 cache=0.5 WAN=30  peersync_style              mean=223.02 p95=393.93 reg=12705 peer=4259 offload=25.1%
[2664/2700] req=500  seed=20 cache=0.5 WAN=30  metapipe_reactive_style     mean=210.09 p95=405.80 reg=13061 peer=3903 offload=23.0%
[2665/2700] req=500  seed=20 cache=0.5 WAN=30  ilrsa_style                 mean=368.10 p95=565.10 reg=16964 peer=0 offload=0.0%
[2666/2700] req=500  seed=20 cache=0.5 WAN=100 registry                    mean=96.24 p95=159.80 reg=16964 peer=0 offload=0.0%
[2667/2700] req=500  seed=20 cache=0.5 WAN=100 dragonfly_style             mean=72.70 p95=138.34 reg=13524 peer=3440 offload=20.3%
[2668/2700] req=500  seed=20 cache=0.5 WAN=100 peersync_style              mean=68.25 p95=130.26 reg=12705 peer=4259 offload=25.1%
[2669/2700] req=500  seed=20 cache=0.5 WAN=100 metapipe_reactive_style     mean=64.85 p95=135.27 reg=13145 peer=3819 offload=22.5%
[2670/2700] req=500  seed=20 cache=0.5 WAN=100 ilrsa_style                 mean=110.83 p95=174.06 reg=16964 peer=0 offload=0.0%
[2671/2700] req=500  seed=20 cache=1   WAN=10  registry                    mean=793.98 p95=1452.30 reg=15166 peer=0 offload=0.0%
[2672/2700] req=500  seed=20 cache=1   WAN=10  dragonfly_style             mean=515.39 p95=780.48 reg=8237 peer=6929 offload=45.7%
[2673/2700] req=500  seed=20 cache=1   WAN=10  peersync_style              mean=500.41 p95=689.03 reg=7466 peer=7700 offload=50.8%
[2674/2700] req=500  seed=20 cache=1   WAN=10  metapipe_reactive_style     mean=411.31 p95=659.76 reg=7455 peer=7711 offload=50.8%
[2675/2700] req=500  seed=20 cache=1   WAN=10  ilrsa_style                 mean=918.04 p95=1513.00 reg=15166 peer=0 offload=0.0%
[2676/2700] req=500  seed=20 cache=1   WAN=30  registry                    mean=264.66 p95=484.10 reg=15166 peer=0 offload=0.0%
[2677/2700] req=500  seed=20 cache=1   WAN=30  dragonfly_style             mean=176.49 p95=255.10 reg=7970 peer=7196 offload=47.4%
[2678/2700] req=500  seed=20 cache=1   WAN=30  peersync_style              mean=172.78 p95=252.96 reg=7216 peer=7950 offload=52.4%
[2679/2700] req=500  seed=20 cache=1   WAN=30  metapipe_reactive_style     mean=144.77 p95=241.03 reg=7205 peer=7961 offload=52.5%
[2680/2700] req=500  seed=20 cache=1   WAN=30  ilrsa_style                 mean=306.01 p95=504.33 reg=15166 peer=0 offload=0.0%
[2681/2700] req=500  seed=20 cache=1   WAN=100 registry                    mean=79.48 p95=145.23 reg=15166 peer=0 offload=0.0%
[2682/2700] req=500  seed=20 cache=1   WAN=100 dragonfly_style             mean=60.27 p95=104.88 reg=7869 peer=7297 offload=48.1%
[2683/2700] req=500  seed=20 cache=1   WAN=100 peersync_style              mean=60.26 p95=103.86 reg=7398 peer=7768 offload=51.2%
[2684/2700] req=500  seed=20 cache=1   WAN=100 metapipe_reactive_style     mean=50.08 p95=93.11 reg=7377 peer=7789 offload=51.4%
[2685/2700] req=500  seed=20 cache=1   WAN=100 ilrsa_style                 mean=92.03 p95=155.01 reg=15166 peer=0 offload=0.0%
[2686/2700] req=500  seed=20 cache=2   WAN=10  registry                    mean=106.31 p95=410.10 reg=4712 peer=0 offload=0.0%
[2687/2700] req=500  seed=20 cache=2   WAN=10  dragonfly_style             mean=74.81 p95=333.53 reg=3428 peer=1284 offload=27.2%
[2688/2700] req=500  seed=20 cache=2   WAN=10  peersync_style              mean=72.04 p95=329.01 reg=3289 peer=1423 offload=30.2%
[2689/2700] req=500  seed=20 cache=2   WAN=10  metapipe_reactive_style     mean=65.09 p95=332.40 reg=3419 peer=1293 offload=27.4%
[2690/2700] req=500  seed=20 cache=2   WAN=10  ilrsa_style                 mean=128.67 p95=469.20 reg=4712 peer=0 offload=0.0%
[2691/2700] req=500  seed=20 cache=2   WAN=30  registry                    mean=35.44 p95=136.70 reg=4712 peer=0 offload=0.0%
[2692/2700] req=500  seed=20 cache=2   WAN=30  dragonfly_style             mean=25.15 p95=110.60 reg=3428 peer=1284 offload=27.2%
[2693/2700] req=500  seed=20 cache=2   WAN=30  peersync_style              mean=24.24 p95=109.24 reg=3289 peer=1423 offload=30.2%
[2694/2700] req=500  seed=20 cache=2   WAN=30  metapipe_reactive_style     mean=21.81 p95=110.80 reg=3419 peer=1293 offload=27.4%
[2695/2700] req=500  seed=20 cache=2   WAN=30  ilrsa_style                 mean=42.89 p95=156.40 reg=4712 peer=0 offload=0.0%
[2696/2700] req=500  seed=20 cache=2   WAN=100 registry                    mean=10.63 p95=41.01 reg=4712 peer=0 offload=0.0%
[2697/2700] req=500  seed=20 cache=2   WAN=100 dragonfly_style             mean=7.74 p95=32.05 reg=3428 peer=1284 offload=27.2%
[2698/2700] req=500  seed=20 cache=2   WAN=100 peersync_style              mean=7.51 p95=31.90 reg=3289 peer=1423 offload=30.2%
[2699/2700] req=500  seed=20 cache=2   WAN=100 metapipe_reactive_style     mean=6.66 p95=32.82 reg=3421 peer=1291 offload=27.4%
[2700/2700] req=500  seed=20 cache=2   WAN=100 ilrsa_style                 mean=12.88 p95=47.12 reg=4712 peer=0 offload=0.0%

Baseline sweep completed.
Saved: /home/zhjia/FG-DSCR/results/cider_baseline_8node_20seed_20260921_002149/raw.csv
