case,base_requests,target_requests,seed,cache_scale,wan_mb_s,policy,accepted,excluded,mean_ready_s,p95_ready_s,makespan_s,registry_mb,peer_mb,total_transfer_mb,evicted_mb,refused_cache_mb,max_lease_mb
drtp_img88_cacheonly_1024mb_200,200,100,1,0.5,10.0,cloud_fifo,94,6,911.1202127659564,1449.0999999999976,1535.099999999997,15351.0,0.0,15351.0,10024.0,5541.0,0.0
drtp_img88_cacheonly_1024mb_200,200,100,1,0.5,10.0,cloud_sjf,94,6,942.523404255319,1426.7,1535.1000000000001,15351.0,0.0,15351.0,10168.0,5541.0,0.0
drtp_img88_cacheonly_1024mb_200,200,100,1,0.5,10.0,p2p_sjf,94,6,795.182334634244,1246.5549199916272,1351.8000000000002,13518.0,1833.0,15351.0,10093.0,5541.0,0.0
drtp_img88_cacheonly_1024mb_200,200,100,1,0.5,10.0,c_lru,94,6,601.0395891895485,1043.0999999999997,1131.7999999999997,11318.0,4033.0,15351.0,9948.0,5780.0,0.0
drtp_img88_cacheonly_1024mb_200,200,100,1,0.5,10.0,l_lru,94,6,602.1955790321048,1109.1000000000001,1197.8000000000002,11978.0,3373.0,15351.0,10476.0,5541.0,0.0
drtp_img88_cacheonly_1024mb_200,200,100,1,0.5,10.0,l_lease,94,6,575.1225741683553,1048.3999999999996,1137.0999999999997,11371.0,3980.0,15351.0,9556.0,6240.0,225.0
drtp_img88_cacheonly_1024mb_200,200,100,1,0.5,10.0,d_lease,94,6,573.3435174314702,1048.3999999999999,1137.1,11371.0,3980.0,15351.0,9556.0,6240.0,239.0
drtp_img88_cacheonly_1024mb_200,200,100,1,0.5,30.0,cloud_fifo,94,6,303.70673758865223,483.0333333333331,511.69999999999993,15351.0,0.0,15351.0,10024.0,5541.0,0.0
drtp_img88_cacheonly_1024mb_200,200,100,1,0.5,30.0,cloud_sjf,94,6,314.17446808510596,475.56666666666655,511.6999999999999,15351.0,0.0,15351.0,10168.0,5541.0,0.0
drtp_img88_cacheonly_1024mb_200,200,100,1,0.5,30.0,p2p_sjf,94,6,265.2681084168263,415.7863027445635,450.53333333333336,13516.0,1835.0,15351.0,10115.0,5541.0,0.0
drtp_img88_cacheonly_1024mb_200,200,100,1,0.5,30.0,c_lru,94,6,200.63950679125995,347.7,377.26666666666665,11318.0,4033.0,15351.0,9970.0,5780.0,0.0
drtp_img88_cacheonly_1024mb_200,200,100,1,0.5,30.0,l_lru,94,6,198.80526523087903,367.56625,397.1329166666667,11913.0,3438.0,15351.0,10478.0,5541.0,0.0
drtp_img88_cacheonly_1024mb_200,200,100,1,0.5,30.0,l_lease,94,6,195.8697362326214,362.6329166666667,392.19958333333335,11765.0,3586.0,15351.0,9843.0,5935.0,225.0
drtp_img88_cacheonly_1024mb_200,200,100,1,0.5,30.0,d_lease,94,6,188.96718779844358,319.9329166666667,379.06625,11371.0,3980.0,15351.0,9843.0,5935.0,239.0
drtp_img88_cacheonly_1024mb_200,200,100,1,0.5,100.0,cloud_fifo,94,6,91.2108865248226,144.90999999999968,159.12333333333316,15351.0,0.0,15351.0,10024.0,5541.0,0.0
drtp_img88_cacheonly_1024mb_200,200,100,1,0.5,100.0,cloud_sjf,94,6,94.37177304964531,142.67,159.12333333333333,15351.0,0.0,15351.0,10168.0,5541.0,0.0
drtp_img88_cacheonly_1024mb_200,200,100,1,0.5,100.0,p2p_sjf,94,6,79.35226120799699,124.57285968891843,141.2536121591984,13449.0,1902.0,15351.0,10171.0,5541.0,0.0
drtp_img88_cacheonly_1024mb_200,200,100,1,0.5,100.0,c_lru,94,6,61.64845152075928,112.76262518962491,123.85012518962492,11105.0,4246.0,15351.0,9938.0,5780.0,0.0
drtp_img88_cacheonly_1024mb_200,200,100,1,0.5,100.0,l_lru,94,6,62.70298377256435,121.68563453592006,132.77313453592006,12185.0,3166.0,15351.0,10380.0,5743.0,0.0
drtp_img88_cacheonly_1024mb_200,200,100,1,0.5,100.0,l_lease,94,6,58.965669751707814,102.59664715435628,128.4674804876896,11784.0,3567.0,15351.0,9843.0,5935.0,225.0
drtp_img88_cacheonly_1024mb_200,200,100,1,0.5,100.0,d_lease,94,6,58.139949131517476,99.50007043703704,125.37090377037038,11390.0,3961.0,15351.0,9843.0,5935.0,239.0
drtp_img88_cacheonly_1024mb_200,200,100,1,1.0,10.0,cloud_fifo,94,6,917.9446808510631,1734.0999999999965,1838.1999999999969,18382.0,0.0,18382.0,18803.0,0.0,0.0
drtp_img88_cacheonly_1024mb_200,200,100,1,1.0,10.0,cloud_sjf,94,6,905.5457446808516,1734.1000000000001,1838.2,18382.0,0.0,18382.0,17118.0,0.0,0.0
drtp_img88_cacheonly_1024mb_200,200,100,1,1.0,10.0,p2p_sjf,94,6,630.0668910225843,1210.0,1210.0,12100.0,6282.0,18382.0,17118.0,0.0,0.0
drtp_img88_cacheonly_1024mb_200,200,100,1,1.0,10.0,c_lru,94,6,393.7861569930739,620.1200000000001,620.1200000000001,5871.0,12511.0,18382.0,16668.0,596.0,0.0
drtp_img88_cacheonly_1024mb_200,200,100,1,1.0,10.0,l_lru,94,6,386.8057125369388,603.3094569609791,656.5884788690478,6394.0,11988.0,18382.0,17946.0,394.0,0.0
drtp_img88_cacheonly_1024mb_200,200,100,1,1.0,10.0,l_lease,94,6,370.3676049467731,570.8246860119049,587.4146860119049,5360.0,13022.0,18382.0,17618.0,394.0,458.0
drtp_img88_cacheonly_1024mb_200,200,100,1,1.0,10.0,d_lease,94,6,363.9748755320905,567.9568288690479,584.5468288690479,5360.0,13022.0,18382.0,17618.0,394.0,458.0
drtp_img88_cacheonly_1024mb_200,200,100,1,1.0,30.0,cloud_fifo,94,6,305.98156028368794,578.0333333333331,612.7333333333337,18382.0,0.0,18382.0,18803.0,0.0,0.0
drtp_img88_cacheonly_1024mb_200,200,100,1,1.0,30.0,cloud_sjf,94,6,301.8485815602836,578.0333333333333,612.7333333333333,18382.0,0.0,18382.0,17118.0,0.0,0.0
drtp_img88_cacheonly_1024mb_200,200,100,1,1.0,30.0,p2p_sjf,94,6,207.1566315794523,411.70958548950165,418.2,12546.0,5836.0,18382.0,17118.0,0.0,0.0
drtp_img88_cacheonly_1024mb_200,200,100,1,1.0,30.0,c_lru,94,6,137.90899666264818,230.83083333333335,234.52666666666667,5996.0,12386.0,18382.0,16522.0,596.0,0.0
drtp_img88_cacheonly_1024mb_200,200,100,1,1.0,30.0,l_lru,94,6,138.15336757633185,233.10912335390935,240.9799566872427,5951.0,12431.0,18382.0,16397.0,947.0,0.0
drtp_img88_cacheonly_1024mb_200,200,100,1,1.0,30.0,l_lease,94,6,133.46122231389765,225.1339470899471,241.7239470899471,5360.0,13022.0,18382.0,17618.0,394.0,458.0
drtp_img88_cacheonly_1024mb_200,200,100,1,1.0,30.0,d_lease,94,6,130.91124697060772,224.13562369194597,239.98925557221247,5360.0,13022.0,18382.0,17618.0,394.0,458.0
drtp_img88_cacheonly_1024mb_200,200,100,1,1.0,100.0,cloud_fifo,94,6,91.82602836879424,173.40999999999983,186.78666666666663,18382.0,0.0,18382.0,18803.0,0.0,0.0
drtp_img88_cacheonly_1024mb_200,200,100,1,1.0,100.0,cloud_sjf,94,6,90.61769503546095,173.40999999999994,186.7866666666666,18382.0,0.0,18382.0,17118.0,0.0,0.0
drtp_img88_cacheonly_1024mb_200,200,100,1,1.0,100.0,p2p_sjf,94,6,62.63331545397637,124.41117384582539,129.50079902992775,11769.0,6613.0,18382.0,17118.0,0.0,0.0
drtp_img88_cacheonly_1024mb_200,200,100,1,1.0,100.0,c_lru,94,6,46.42798885398053,99.74497895415672,99.74497895415672,5843.0,12539.0,18382.0,17118.0,0.0,0.0
drtp_img88_cacheonly_1024mb_200,200,100,1,1.0,100.0,l_lru,94,6,45.62676132786201,91.97613122323587,95.67196455656921,6105.0,12277.0,18382.0,16922.0,394.0,0.0
drtp_img88_cacheonly_1024mb_200,200,100,1,1.0,100.0,l_lease,94,6,43.86394025720084,88.26420994541041,91.96004327874375,5361.0,13021.0,18382.0,16035.0,947.0,458.0
drtp_img88_cacheonly_1024mb_200,200,100,1,1.0,100.0,d_lease,94,6,42.99243989960042,88.19302548882322,91.88885882215656,5361.0,13021.0,18382.0,16588.0,394.0,458.0
drtp_img88_cacheonly_1024mb_200,200,100,1,2.0,10.0,cloud_fifo,95,5,205.08315789473687,878.4999999999999,929.2999999999997,9293.0,0.0,9293.0,8646.0,0.0,0.0
drtp_img88_cacheonly_1024mb_200,200,100,1,2.0,10.0,cloud_sjf,95,5,162.71473684210528,885.1000000000001,929.3000000000002,9293.0,0.0,9293.0,8646.0,0.0,0.0
drtp_img88_cacheonly_1024mb_200,200,100,1,2.0,10.0,p2p_sjf,95,5,32.142666449561396,177.2385400462963,198.7875,1877.0,7416.0,9293.0,9719.0,0.0,0.0
drtp_img88_cacheonly_1024mb_200,200,100,1,2.0,10.0,c_lru,95,5,27.613723806804337,153.4478888888889,176.63961111111112,1746.0,7547.0,9293.0,9529.0,0.0,0.0
drtp_img88_cacheonly_1024mb_200,200,100,1,2.0,10.0,l_lru,95,5,26.597483333333333,153.369,176.7185,1746.0,7547.0,9293.0,9000.0,0.0,0.0
drtp_img88_cacheonly_1024mb_200,200,100,1,2.0,10.0,l_lease,95,5,23.76475789473684,121.84108333333334,150.1875,1391.0,7902.0,9293.0,8097.0,0.0,786.0
drtp_img88_cacheonly_1024mb_200,200,100,1,2.0,10.0,d_lease,95,5,23.76475789473684,121.84108333333334,150.1875,1391.0,7902.0,9293.0,8097.0,0.0,786.0
drtp_img88_cacheonly_1024mb_200,200,100,1,2.0,30.0,cloud_fifo,95,5,68.36105263157889,292.8333333333329,309.7666666666664,9293.0,0.0,9293.0,8646.0,0.0,0.0
drtp_img88_cacheonly_1024mb_200,200,100,1,2.0,30.0,cloud_sjf,95,5,54.23824561403508,295.0333333333333,309.76666666666665,9293.0,0.0,9293.0,8646.0,0.0,0.0
drtp_img88_cacheonly_1024mb_200,200,100,1,2.0,30.0,p2p_sjf,95,5,11.694352829330915,53.529567301097394,68.62083333333334,1726.0,7567.0,9293.0,9863.0,0.0,0.0
drtp_img88_cacheonly_1024mb_200,200,100,1,2.0,30.0,c_lru,95,5,10.703248806987085,51.461330690586415,65.95950264274691,1746.0,7547.0,9293.0,9646.0,0.0,0.0
drtp_img88_cacheonly_1024mb_200,200,100,1,2.0,30.0,l_lru,95,5,10.335106754385963,51.435574999999986,65.98525833333332,1746.0,7547.0,9293.0,9055.0,0.0,0.0
drtp_img88_cacheonly_1024mb_200,200,100,1,2.0,30.0,l_lease,95,5,9.464197456140349,46.26304166666666,57.45416666666666,1391.0,7902.0,9293.0,8117.0,0.0,786.0
drtp_img88_cacheonly_1024mb_200,200,100,1,2.0,30.0,d_lease,95,5,9.464197456140349,46.26304166666666,57.45416666666666,1391.0,7902.0,9293.0,8117.0,0.0,786.0
drtp_img88_cacheonly_1024mb_200,200,100,1,2.0,100.0,cloud_fifo,95,5,20.560175438596488,87.85000000000007,95.77000000000007,9293.0,0.0,9293.0,8646.0,0.0,0.0
drtp_img88_cacheonly_1024mb_200,200,100,1,2.0,100.0,cloud_sjf,95,5,16.301368421052633,88.51000000000002,95.77000000000001,9293.0,0.0,9293.0,8646.0,0.0,0.0
drtp_img88_cacheonly_1024mb_200,200,100,1,2.0,100.0,p2p_sjf,95,5,5.338425386189906,28.097783845522315,37.49289997742053,2612.0,6681.0,9293.0,8775.0,0.0,0.0
drtp_img88_cacheonly_1024mb_200,200,100,1,2.0,100.0,c_lru,95,5,5.027199062029391,26.1317294992019,36.644033012909354,1817.0,7476.0,9293.0,8037.0,0.0,0.0
drtp_img88_cacheonly_1024mb_200,200,100,1,2.0,100.0,l_lru,95,5,5.1335801043494165,26.35922277777778,36.38831774739583,1391.0,7902.0,9293.0,8767.0,0.0,0.0
drtp_img88_cacheonly_1024mb_200,200,100,1,2.0,100.0,l_lease,95,5,4.818109660434942,26.35922277777778,36.059222777777784,1391.0,7902.0,9293.0,8005.0,0.0,786.0
drtp_img88_cacheonly_1024mb_200,200,100,1,2.0,100.0,d_lease,95,5,4.818109660434942,26.35922277777778,36.059222777777784,1391.0,7902.0,9293.0,8005.0,0.0,786.0
drtp_img88_cacheonly_1024mb_200,200,100,2,0.5,10.0,cloud_fifo,97,3,979.102061855669,1799.0999999999988,1846.2999999999988,18463.0,0.0,18463.0,11727.0,6981.0,0.0
drtp_img88_cacheonly_1024mb_200,200,100,2,0.5,10.0,cloud_sjf,97,3,1097.3536082474225,1799.1000000000008,1846.3000000000009,18463.0,0.0,18463.0,11923.0,6981.0,0.0
drtp_img88_cacheonly_1024mb_200,200,100,2,0.5,10.0,p2p_sjf,97,3,864.4765223652305,1478.2257567542074,1495.4999999999998,14955.0,3508.0,18463.0,11923.0,6981.0,0.0
drtp_img88_cacheonly_1024mb_200,200,100,2,0.5,10.0,c_lru,97,3,715.0532111151886,1388.3,1388.3,13883.0,4580.0,18463.0,11722.0,6981.0,0.0
drtp_img88_cacheonly_1024mb_200,200,100,2,0.5,10.0,l_lru,97,3,735.112799296351,1491.1000000000001,1491.1000000000001,14911.0,3552.0,18463.0,11843.0,6981.0,0.0
drtp_img88_cacheonly_1024mb_200,200,100,2,0.5,10.0,l_lease,97,3,701.8448663226834,1423.4999999999998,1423.4999999999998,14235.0,4228.0,18463.0,10441.0,8205.0,250.0
drtp_img88_cacheonly_1024mb_200,200,100,2,0.5,10.0,d_lease,97,3,698.4616092088037,1415.6999999999998,1415.6999999999998,14157.0,4306.0,18463.0,10142.0,8405.0,250.0
drtp_img88_cacheonly_1024mb_200,200,100,2,0.5,30.0,cloud_fifo,97,3,326.3673539518903,599.7000000000005,615.433333333334,18463.0,0.0,18463.0,11727.0,6981.0,0.0
drtp_img88_cacheonly_1024mb_200,200,100,2,0.5,30.0,cloud_sjf,97,3,365.78453608247423,599.6999999999998,615.4333333333332,18463.0,0.0,18463.0,11923.0,6981.0,0.0
drtp_img88_cacheonly_1024mb_200,200,100,2,0.5,30.0,p2p_sjf,97,3,288.59179957902825,492.4157768249967,498.50000000000006,14955.0,3508.0,18463.0,11471.0,7375.0,0.0
drtp_img88_cacheonly_1024mb_200,200,100,2,0.5,30.0,c_lru,97,3,238.90191129153592,462.7666666666667,462.7666666666667,13883.0,4580.0,18463.0,11722.0,6981.0,0.0
drtp_img88_cacheonly_1024mb_200,200,100,2,0.5,30.0,l_lru,97,3,245.08433424114207,497.03333333333336,497.03333333333336,14911.0,3552.0,18463.0,11843.0,6981.0,0.0
drtp_img88_cacheonly_1024mb_200,200,100,2,0.5,30.0,l_lease,97,3,234.219985706201,474.50000000000006,474.50000000000006,14235.0,4228.0,18463.0,10441.0,8205.0,250.0
drtp_img88_cacheonly_1024mb_200,200,100,2,0.5,30.0,d_lease,97,3,232.0270784767517,471.9000000000001,471.9000000000001,14157.0,4306.0,18463.0,10703.0,7811.0,250.0
drtp_img88_cacheonly_1024mb_200,200,100,2,0.5,100.0,cloud_fifo,97,3,97.91881443298959,179.9099999999998,185.4649999999998,18463.0,0.0,18463.0,11727.0,6981.0,0.0
drtp_img88_cacheonly_1024mb_200,200,100,2,0.5,100.0,cloud_sjf,97,3,109.74396907216489,179.90999999999997,185.46499999999997,18463.0,0.0,18463.0,11923.0,6981.0,0.0
drtp_img88_cacheonly_1024mb_200,200,100,2,0.5,100.0,p2p_sjf,97,3,87.69026976414101,149.18286830919308,152.94829774932043,15159.0,3304.0,18463.0,11923.0,6981.0,0.0
drtp_img88_cacheonly_1024mb_200,200,100,2,0.5,100.0,c_lru,97,3,74.24681591306961,155.74211002733097,155.74211002733097,13869.0,4594.0,18463.0,11677.0,6981.0,0.0
drtp_img88_cacheonly_1024mb_200,200,100,2,0.5,100.0,l_lru,97,3,75.39260736241071,165.36232059696383,165.36232059696383,14831.0,3632.0,18463.0,11843.0,6981.0,0.0
drtp_img88_cacheonly_1024mb_200,200,100,2,0.5,100.0,l_lease,97,3,72.13354625720383,158.1588872910905,158.1588872910905,14235.0,4228.0,18463.0,10441.0,8205.0,250.0
drtp_img88_cacheonly_1024mb_200,200,100,2,0.5,100.0,d_lease,97,3,71.51426354025668,157.43185257038215,157.43185257038215,14157.0,4306.0,18463.0,10703.0,7811.0,250.0
drtp_img88_cacheonly_1024mb_200,200,100,2,1.0,10.0,cloud_fifo,97,3,771.3731958762884,1419.6999999999996,1494.4999999999989,14945.0,0.0,14945.0,14991.0,0.0,0.0
drtp_img88_cacheonly_1024mb_200,200,100,2,1.0,10.0,cloud_sjf,97,3,793.1113402061853,1423.9,1494.5,14945.0,0.0,14945.0,13649.0,0.0,0.0
drtp_img88_cacheonly_1024mb_200,200,100,2,1.0,10.0,p2p_sjf,97,3,596.7595941599612,1052.6360329708014,1155.3999999999999,11554.0,3391.0,14945.0,13712.0,0.0,0.0
drtp_img88_cacheonly_1024mb_200,200,100,2,1.0,10.0,c_lru,97,3,466.2217686130009,736.25,736.25,6919.0,8026.0,14945.0,13712.0,0.0,0.0
drtp_img88_cacheonly_1024mb_200,200,100,2,1.0,10.0,l_lru,97,3,445.0224215037676,736.1182208994707,742.3999999999997,7424.0,7521.0,14945.0,14520.0,0.0,0.0
drtp_img88_cacheonly_1024mb_200,200,100,2,1.0,10.0,l_lease,97,3,429.7238029530407,697.183333333333,697.183333333333,6824.0,8121.0,14945.0,13302.0,887.0,394.0
drtp_img88_cacheonly_1024mb_200,200,100,2,1.0,10.0,d_lease,97,3,429.7238029530407,697.183333333333,697.183333333333,6824.0,8121.0,14945.0,13302.0,887.0,459.0
drtp_img88_cacheonly_1024mb_200,200,100,2,1.0,30.0,cloud_fifo,97,3,257.1243986254297,473.23333333333386,498.1666666666674,14945.0,0.0,14945.0,14991.0,0.0,0.0
drtp_img88_cacheonly_1024mb_200,200,100,2,1.0,30.0,cloud_sjf,97,3,264.3704467353953,474.63333333333327,498.16666666666663,14945.0,0.0,14945.0,13649.0,0.0,0.0
drtp_img88_cacheonly_1024mb_200,200,100,2,1.0,30.0,p2p_sjf,97,3,199.38070645787653,349.4259540487204,385.1333333333333,11554.0,3391.0,14945.0,13712.0,0.0,0.0
drtp_img88_cacheonly_1024mb_200,200,100,2,1.0,30.0,c_lru,97,3,159.13033268018702,257.2433333333333,272.0266666666666,6919.0,8026.0,14945.0,13712.0,0.0,0.0
drtp_img88_cacheonly_1024mb_200,200,100,2,1.0,30.0,l_lru,97,3,153.84823688091862,259.94495157134435,259.94495157134435,7096.0,7849.0,14945.0,14020.0,151.0,0.0
drtp_img88_cacheonly_1024mb_200,200,100,2,1.0,30.0,l_lease,97,3,149.47698569426703,257.0570612533037,257.0570612533037,6824.0,8121.0,14945.0,13299.0,151.0,394.0
drtp_img88_cacheonly_1024mb_200,200,100,2,1.0,30.0,d_lease,97,3,149.47698569426703,257.0570612533037,257.0570612533037,6824.0,8121.0,14945.0,13299.0,151.0,459.0
drtp_img88_cacheonly_1024mb_200,200,100,2,1.0,100.0,cloud_fifo,97,3,77.16711340206173,141.96999999999986,151.21499999999978,14945.0,0.0,14945.0,14991.0,0.0,0.0
drtp_img88_cacheonly_1024mb_200,200,100,2,1.0,100.0,cloud_sjf,97,3,79.3475257731959,142.39,151.21499999999997,14945.0,0.0,14945.0,13649.0,0.0,0.0
drtp_img88_cacheonly_1024mb_200,200,100,2,1.0,100.0,p2p_sjf,97,3,62.046208812681094,124.74058285378756,124.74058285378756,12443.0,2502.0,14945.0,13712.0,0.0,0.0
drtp_img88_cacheonly_1024mb_200,200,100,2,1.0,100.0,c_lru,97,3,52.51472911577366,98.89954701105057,109.98704701105058,6919.0,8026.0,14945.0,13712.0,0.0,0.0
drtp_img88_cacheonly_1024mb_200,200,100,2,1.0,100.0,l_lru,97,3,52.125143180558425,106.35943405275836,106.35943405275836,7097.0,7848.0,14945.0,13996.0,151.0,0.0
drtp_img88_cacheonly_1024mb_200,200,100,2,1.0,100.0,l_lease,97,3,50.03278323841248,102.87077471784518,102.87077471784518,6824.0,8121.0,14945.0,13299.0,151.0,394.0
drtp_img88_cacheonly_1024mb_200,200,100,2,1.0,100.0,d_lease,97,3,50.03278323841248,102.87077471784518,102.87077471784518,6824.0,8121.0,14945.0,13299.0,151.0,459.0
drtp_img88_cacheonly_1024mb_200,200,100,2,2.0,10.0,cloud_fifo,96,4,267.20104166666664,927.6999999999995,943.1999999999995,9432.0,0.0,9432.0,9544.0,0.0,0.0
drtp_img88_cacheonly_1024mb_200,200,100,2,2.0,10.0,cloud_sjf,96,4,232.08854166666666,927.7000000000002,943.2000000000002,9432.0,0.0,9432.0,9544.0,0.0,0.0
drtp_img88_cacheonly_1024mb_200,200,100,2,2.0,10.0,p2p_sjf,96,4,82.56581944444441,282.84624999999994,319.6874999999999,3086.0,6346.0,9432.0,9541.0,0.0,0.0
drtp_img88_cacheonly_1024mb_200,200,100,2,2.0,10.0,c_lru,96,4,78.4220060763889,271.64624999999995,308.48749999999995,2974.0,6458.0,9432.0,9541.0,0.0,0.0
drtp_img88_cacheonly_1024mb_200,200,100,2,2.0,10.0,l_lru,96,4,75.26825868055556,256.4421666666667,304.20000000000005,3042.0,6390.0,9432.0,9460.0,0.0,0.0
drtp_img88_cacheonly_1024mb_200,200,100,2,2.0,10.0,l_lease,96,4,61.383027777777784,216.383,263.70000000000005,2637.0,6795.0,9432.0,9893.0,0.0,542.0
drtp_img88_cacheonly_1024mb_200,200,100,2,2.0,10.0,d_lease,96,4,61.383027777777784,216.383,263.70000000000005,2637.0,6795.0,9432.0,9893.0,0.0,542.0
drtp_img88_cacheonly_1024mb_200,200,100,2,2.0,30.0,cloud_fifo,96,4,89.06701388888872,309.23333333333284,314.3999999999995,9432.0,0.0,9432.0,9544.0,0.0,0.0
drtp_img88_cacheonly_1024mb_200,200,100,2,2.0,30.0,cloud_sjf,96,4,77.36284722222221,309.2333333333333,314.4,9432.0,0.0,9432.0,9544.0,0.0,0.0
drtp_img88_cacheonly_1024mb_200,200,100,2,2.0,30.0,p2p_sjf,96,4,28.139650173611113,98.585875,110.82083333333334,2992.0,6440.0,9432.0,9485.0,0.0,0.0
drtp_img88_cacheonly_1024mb_200,200,100,2,2.0,30.0,c_lru,96,4,27.211507378472216,96.41920833333334,108.65416666666668,2927.0,6505.0,9432.0,9485.0,0.0,0.0
drtp_img88_cacheonly_1024mb_200,200,100,2,2.0,30.0,l_lru,96,4,26.842532986111113,93.48466666666666,108.78466666666665,3036.0,6396.0,9432.0,9454.0,0.0,0.0
drtp_img88_cacheonly_1024mb_200,200,100,2,2.0,30.0,l_lease,96,4,22.34043576388889,79.04883333333333,94.34883333333333,2637.0,6795.0,9432.0,9893.0,0.0,542.0
drtp_img88_cacheonly_1024mb_200,200,100,2,2.0,30.0,d_lease,96,4,22.34043576388889,79.04883333333333,94.34883333333333,2637.0,6795.0,9432.0,9893.0,0.0,542.0
drtp_img88_cacheonly_1024mb_200,200,100,2,2.0,100.0,cloud_fifo,96,4,26.73221354166668,92.77000000000014,94.70750000000014,9432.0,0.0,9432.0,9544.0,0.0,0.0
drtp_img88_cacheonly_1024mb_200,200,100,2,2.0,100.0,cloud_sjf,96,4,23.220963541666663,92.77000000000001,94.70750000000001,9432.0,0.0,9432.0,9544.0,0.0,0.0
drtp_img88_cacheonly_1024mb_200,200,100,2,2.0,100.0,p2p_sjf,96,4,9.138783750067818,34.94875322265625,38.3594140625,3524.0,5908.0,9432.0,9440.0,0.0,0.0
drtp_img88_cacheonly_1024mb_200,200,100,2,2.0,100.0,c_lru,96,4,9.32416357998318,34.94875322265625,44.29156861979166,2637.0,6795.0,9432.0,9440.0,0.0,0.0
drtp_img88_cacheonly_1024mb_200,200,100,2,2.0,100.0,l_lru,96,4,8.971766644675926,33.68628,38.22172,2862.0,6570.0,9432.0,9504.0,0.0,0.0
drtp_img88_cacheonly_1024mb_200,200,100,2,2.0,100.0,l_lease,96,4,8.937237130787036,33.68628,37.105847,2637.0,6795.0,9432.0,9388.0,0.0,542.0
drtp_img88_cacheonly_1024mb_200,200,100,2,2.0,100.0,d_lease,96,4,8.937237130787036,33.68628,37.105847,2637.0,6795.0,9432.0,9388.0,0.0,542.0
drtp_img88_cacheonly_1024mb_200,200,100,3,0.5,10.0,cloud_fifo,97,3,971.8639175257722,1576.1000000000008,1634.4000000000008,16344.0,0.0,16344.0,9170.0,7315.0,0.0
drtp_img88_cacheonly_1024mb_200,200,100,3,0.5,10.0,cloud_sjf,97,3,979.8886597938146,1579.0999999999997,1634.3999999999996,16344.0,0.0,16344.0,9385.0,7315.0,0.0
drtp_img88_cacheonly_1024mb_200,200,100,3,0.5,10.0,p2p_sjf,97,3,793.0728317815007,1408.6121630115226,1421.4,14214.0,2130.0,16344.0,9385.0,7315.0,0.0
drtp_img88_cacheonly_1024mb_200,200,100,3,0.5,10.0,c_lru,97,3,634.2264968860882,1220.1000000000001,1308.8000000000002,13088.0,3256.0,16344.0,9438.0,7315.0,0.0
drtp_img88_cacheonly_1024mb_200,200,100,3,0.5,10.0,l_lru,97,3,650.5669468308517,1321.7,1410.4,14104.0,2240.0,16344.0,9406.0,7315.0,0.0
drtp_img88_cacheonly_1024mb_200,200,100,3,0.5,10.0,l_lease,97,3,636.8748747477227,1293.8000000000002,1382.5000000000002,13825.0,2519.0,16344.0,9541.0,7315.0,225.0
drtp_img88_cacheonly_1024mb_200,200,100,3,0.5,10.0,d_lease,97,3,639.2851369797631,1293.8,1382.5,13825.0,2519.0,16344.0,9578.0,7315.0,248.0
drtp_img88_cacheonly_1024mb_200,200,100,3,0.5,30.0,cloud_fifo,97,3,323.95463917525797,525.3666666666669,544.8000000000002,16344.0,0.0,16344.0,9170.0,7315.0,0.0
drtp_img88_cacheonly_1024mb_200,200,100,3,0.5,30.0,cloud_sjf,97,3,326.62955326460497,526.3666666666668,544.8000000000001,16344.0,0.0,16344.0,9385.0,7315.0,0.0
drtp_img88_cacheonly_1024mb_200,200,100,3,0.5,30.0,p2p_sjf,97,3,264.50354891822593,468.89305693853476,473.79999999999995,14214.0,2130.0,16344.0,9385.0,7315.0,0.0
drtp_img88_cacheonly_1024mb_200,200,100,3,0.5,30.0,c_lru,97,3,218.13844073724132,413.4,442.96666666666664,13289.0,3055.0,16344.0,9415.0,7315.0,0.0
drtp_img88_cacheonly_1024mb_200,200,100,3,0.5,30.0,l_lru,97,3,216.93233613520752,440.5666666666666,470.13333333333327,14104.0,2240.0,16344.0,9406.0,7315.0,0.0
drtp_img88_cacheonly_1024mb_200,200,100,3,0.5,30.0,l_lease,97,3,212.3185527665126,431.26666666666665,460.8333333333333,13825.0,2519.0,16344.0,9541.0,7315.0,225.0
drtp_img88_cacheonly_1024mb_200,200,100,3,0.5,30.0,d_lease,97,3,213.1128154720164,431.2666666666667,460.83333333333337,13825.0,2519.0,16344.0,9578.0,7315.0,248.0
drtp_img88_cacheonly_1024mb_200,200,100,3,0.5,100.0,cloud_fifo,97,3,97.2605498281786,157.6099999999997,167.12666666666638,16344.0,0.0,16344.0,9170.0,7315.0,0.0
drtp_img88_cacheonly_1024mb_200,200,100,3,0.5,100.0,cloud_sjf,97,3,98.02687285223365,157.91000000000003,167.1266666666667,16344.0,0.0,16344.0,9385.0,7315.0,0.0
drtp_img88_cacheonly_1024mb_200,200,100,3,0.5,100.0,p2p_sjf,97,3,79.5380863143926,140.12085861937234,143.86942758708517,14237.0,2107.0,16344.0,8418.0,8103.0,0.0
drtp_img88_cacheonly_1024mb_200,200,100,3,0.5,100.0,c_lru,97,3,69.87403660626433,145.49833333333333,156.58583333333334,13482.0,2862.0,16344.0,8926.0,7709.0,0.0
drtp_img88_cacheonly_1024mb_200,200,100,3,0.5,100.0,l_lru,97,3,67.6785591497553,151.71999999999997,162.80749999999998,14044.0,2300.0,16344.0,9442.0,7315.0,0.0
drtp_img88_cacheonly_1024mb_200,200,100,3,0.5,100.0,l_lease,97,3,66.63978808100406,149.57800000739581,160.66550000739582,13825.0,2519.0,16344.0,9394.0,7315.0,225.0
drtp_img88_cacheonly_1024mb_200,200,100,3,0.5,100.0,d_lease,97,3,66.86977622474096,149.60734374999998,160.69484375,13825.0,2519.0,16344.0,9343.0,7315.0,248.0
drtp_img88_cacheonly_1024mb_200,200,100,3,1.0,10.0,cloud_fifo,96,4,828.117708333332,1522.2999999999956,1638.9999999999943,16390.0,0.0,16390.0,16084.0,0.0,0.0
drtp_img88_cacheonly_1024mb_200,200,100,3,1.0,10.0,cloud_sjf,96,4,836.111458333333,1484.2999999999997,1638.9999999999998,16390.0,0.0,16390.0,14610.0,0.0,0.0
drtp_img88_cacheonly_1024mb_200,200,100,3,1.0,10.0,p2p_sjf,96,4,687.4053513675273,1327.6454606662255,1382.6999999999996,13827.0,2563.0,16390.0,14610.0,0.0,0.0
drtp_img88_cacheonly_1024mb_200,200,100,3,1.0,10.0,c_lru,96,4,429.25398462382844,669.6200000000001,669.6200000000001,6164.0,10226.0,16390.0,14617.0,0.0,0.0
drtp_img88_cacheonly_1024mb_200,200,100,3,1.0,10.0,l_lru,96,4,412.78248320829243,646.6147035714293,651.8086641369056,6426.0,9964.0,16390.0,14197.0,202.0,0.0
drtp_img88_cacheonly_1024mb_200,200,100,3,1.0,10.0,l_lease,96,4,409.08544746300487,642.3830845238099,645.2415688988099,6056.0,10334.0,16390.0,14223.0,202.0,309.0
drtp_img88_cacheonly_1024mb_200,200,100,3,1.0,10.0,d_lease,96,4,409.08544746300487,642.3830845238099,645.2415688988099,6056.0,10334.0,16390.0,14223.0,202.0,394.0
drtp_img88_cacheonly_1024mb_200,200,100,3,1.0,30.0,cloud_fifo,96,4,276.0392361111111,507.4333333333326,546.3333333333322,16390.0,0.0,16390.0,16084.0,0.0,0.0
drtp_img88_cacheonly_1024mb_200,200,100,3,1.0,30.0,cloud_sjf,96,4,278.7038194444446,494.7666666666667,546.3333333333335,16390.0,0.0,16390.0,14610.0,0.0,0.0
drtp_img88_cacheonly_1024mb_200,200,100,3,1.0,30.0,p2p_sjf,96,4,228.74114520014982,440.66876618748415,460.8999999999999,13827.0,2563.0,16390.0,14610.0,0.0,0.0
drtp_img88_cacheonly_1024mb_200,200,100,3,1.0,30.0,c_lru,96,4,147.01199281554355,243.16416666666663,246.85999999999996,6164.0,10226.0,16390.0,14617.0,0.0,0.0
drtp_img88_cacheonly_1024mb_200,200,100,3,1.0,30.0,l_lru,96,4,146.31602515420622,250.2472122134038,252.41938557649902,6426.0,9964.0,16390.0,14197.0,202.0,0.0
drtp_img88_cacheonly_1024mb_200,200,100,3,1.0,30.0,l_lease,96,4,143.50352935807499,241.28072421737212,251.87045760030864,6056.0,10334.0,16390.0,14128.0,202.0,394.0
drtp_img88_cacheonly_1024mb_200,200,100,3,1.0,30.0,d_lease,96,4,143.50352935807499,241.28072421737212,251.87045760030864,6056.0,10334.0,16390.0,14128.0,202.0,394.0
drtp_img88_cacheonly_1024mb_200,200,100,3,1.0,100.0,cloud_fifo,96,4,83.04809027777772,152.22999999999993,171.68000000000012,16390.0,0.0,16390.0,16084.0,0.0,0.0
drtp_img88_cacheonly_1024mb_200,200,100,3,1.0,100.0,cloud_sjf,96,4,83.7116319444445,148.43,171.68,16390.0,0.0,16390.0,14610.0,0.0,0.0
drtp_img88_cacheonly_1024mb_200,200,100,3,1.0,100.0,p2p_sjf,96,4,66.96661242025517,129.5251592211271,136.55938194947944,13567.0,2823.0,16390.0,14610.0,0.0,0.0
drtp_img88_cacheonly_1024mb_200,200,100,3,1.0,100.0,c_lru,96,4,50.517145438571426,102.74574043603047,102.74574043603047,6164.0,10226.0,16390.0,14617.0,0.0,0.0
drtp_img88_cacheonly_1024mb_200,200,100,3,1.0,100.0,l_lru,96,4,47.59673364273072,96.15818546994045,99.85401880327379,6117.0,10273.0,16390.0,14153.0,202.0,0.0
drtp_img88_cacheonly_1024mb_200,200,100,3,1.0,100.0,l_lease,96,4,47.25841930369435,95.53062030460484,99.22645363793818,6056.0,10334.0,16390.0,14153.0,202.0,394.0
drtp_img88_cacheonly_1024mb_200,200,100,3,1.0,100.0,d_lease,96,4,47.25841930369435,95.53062030460484,99.22645363793818,6056.0,10334.0,16390.0,14153.0,202.0,394.0
drtp_img88_cacheonly_1024mb_200,200,100,3,2.0,10.0,cloud_fifo,97,3,128.26701030927848,599.6000000000001,643.3000000000003,6433.0,0.0,6433.0,5937.0,0.0,0.0
drtp_img88_cacheonly_1024mb_200,200,100,3,2.0,10.0,cloud_sjf,97,3,121.56907216494844,583.3999999999999,643.3,6433.0,0.0,6433.0,5937.0,0.0,0.0
drtp_img88_cacheonly_1024mb_200,200,100,3,2.0,10.0,p2p_sjf,97,3,52.88782614400028,238.62842414179894,316.7,3167.0,3266.0,6433.0,6516.0,0.0,0.0
drtp_img88_cacheonly_1024mb_200,200,100,3,2.0,10.0,c_lru,97,3,51.9720989632016,236.86999352579363,282.73749999999995,2781.0,3652.0,6433.0,6515.0,0.0,0.0
drtp_img88_cacheonly_1024mb_200,200,100,3,2.0,10.0,l_lru,97,3,44.60941679212348,216.5915837037037,260.23749999999995,2556.0,3877.0,6433.0,6786.0,0.0,0.0
drtp_img88_cacheonly_1024mb_200,200,100,3,2.0,10.0,l_lease,97,3,43.29501742213493,202.69297222222212,224.53749999999988,2185.0,4248.0,6433.0,6509.0,0.0,947.0
drtp_img88_cacheonly_1024mb_200,200,100,3,2.0,10.0,d_lease,97,3,43.29501742213493,202.69297222222212,224.53749999999988,2185.0,4248.0,6433.0,6509.0,0.0,960.0
drtp_img88_cacheonly_1024mb_200,200,100,3,2.0,30.0,cloud_fifo,97,3,42.75567010309274,199.86666666666633,214.433333333333,6433.0,0.0,6433.0,5937.0,0.0,0.0
drtp_img88_cacheonly_1024mb_200,200,100,3,2.0,30.0,cloud_sjf,97,3,40.52302405498283,194.46666666666667,214.43333333333334,6433.0,0.0,6433.0,5937.0,0.0,0.0
drtp_img88_cacheonly_1024mb_200,200,100,3,2.0,30.0,p2p_sjf,97,3,16.931866334656945,73.09767782886023,105.56666666666666,3167.0,3266.0,6433.0,6665.0,0.0,0.0
drtp_img88_cacheonly_1024mb_200,200,100,3,2.0,30.0,c_lru,97,3,17.261316854643,72.70313058349744,100.50416666666668,2876.0,3557.0,6433.0,6596.0,0.0,0.0
drtp_img88_cacheonly_1024mb_200,200,100,3,2.0,30.0,l_lru,97,3,17.05814056835319,77.73333333333333,87.50416666666668,2444.0,3989.0,6433.0,6538.0,0.0,0.0
drtp_img88_cacheonly_1024mb_200,200,100,3,2.0,30.0,l_lease,97,3,15.057563833974303,69.60683045956425,78.87083333333337,2185.0,4248.0,6433.0,6602.0,0.0,954.0
drtp_img88_cacheonly_1024mb_200,200,100,3,2.0,30.0,d_lease,97,3,15.057563833974303,69.60683045956425,78.87083333333337,2185.0,4248.0,6433.0,6602.0,0.0,960.0
drtp_img88_cacheonly_1024mb_200,200,100,3,2.0,100.0,cloud_fifo,97,3,12.833298969072146,59.95999999999991,64.70749999999992,6433.0,0.0,6433.0,5937.0,0.0,0.0
drtp_img88_cacheonly_1024mb_200,200,100,3,2.0,100.0,cloud_sjf,97,3,12.160798969072163,58.33999999999999,64.70749999999998,6433.0,0.0,6433.0,5937.0,0.0,0.0
drtp_img88_cacheonly_1024mb_200,200,100,3,2.0,100.0,p2p_sjf,97,3,6.222740798617334,28.274567598561145,33.12757255274135,3184.0,3249.0,6433.0,6797.0,0.0,0.0
drtp_img88_cacheonly_1024mb_200,200,100,3,2.0,100.0,c_lru,97,3,5.881868020224311,25.866552461756395,34.34129015297439,2542.0,3891.0,6433.0,6644.0,0.0,0.0
drtp_img88_cacheonly_1024mb_200,200,100,3,2.0,100.0,l_lru,97,3,5.673903068779091,25.715669599000947,33.72421155598325,2539.0,3894.0,6433.0,6759.0,0.0,0.0
drtp_img88_cacheonly_1024mb_200,200,100,3,2.0,100.0,l_lease,97,3,5.079339064822609,23.96941005109053,30.05657221488168,2185.0,4248.0,6433.0,6652.0,0.0,959.0
drtp_img88_cacheonly_1024mb_200,200,100,3,2.0,100.0,d_lease,97,3,5.079339064822609,23.96941005109053,30.05657221488168,2185.0,4248.0,6433.0,6652.0,0.0,960.0
drtp_img88_cacheonly_1024mb_200,200,100,4,0.5,10.0,cloud_fifo,93,7,1023.6752688172024,1709.9999999999955,1781.2999999999947,17813.0,0.0,17813.0,10425.0,7315.0,0.0
drtp_img88_cacheonly_1024mb_200,200,100,4,0.5,10.0,cloud_sjf,93,7,1044.305376344085,1749.7000000000005,1781.3000000000004,17813.0,0.0,17813.0,10479.0,7315.0,0.0
drtp_img88_cacheonly_1024mb_200,200,100,4,0.5,10.0,p2p_sjf,93,7,806.687839494048,1447.4664154265872,1474.6,14746.0,3067.0,17813.0,10479.0,7315.0,0.0
drtp_img88_cacheonly_1024mb_200,200,100,4,0.5,10.0,c_lru,93,7,668.7505879204357,1282.2,1370.9,13709.0,4104.0,17813.0,10527.0,7315.0,0.0
drtp_img88_cacheonly_1024mb_200,200,100,4,0.5,10.0,l_lru,93,7,655.4424633812249,1417.8000000000002,1417.8000000000002,14178.0,3635.0,17813.0,10727.0,7315.0,0.0
drtp_img88_cacheonly_1024mb_200,200,100,4,0.5,10.0,l_lease,93,7,628.2988329938552,1360.3,1360.3,13603.0,4210.0,17813.0,10581.0,7315.0,248.0
drtp_img88_cacheonly_1024mb_200,200,100,4,0.5,10.0,d_lease,93,7,628.2988329938552,1360.3,1360.3,13603.0,4210.0,17813.0,10581.0,7315.0,250.0
drtp_img88_cacheonly_1024mb_200,200,100,4,0.5,30.0,cloud_fifo,93,7,341.2250896057345,569.9999999999987,593.7666666666657,17813.0,0.0,17813.0,10425.0,7315.0,0.0
drtp_img88_cacheonly_1024mb_200,200,100,4,0.5,30.0,cloud_sjf,93,7,348.1017921146957,583.2333333333336,593.7666666666669,17813.0,0.0,17813.0,10479.0,7315.0,0.0
drtp_img88_cacheonly_1024mb_200,200,100,4,0.5,30.0,p2p_sjf,93,7,269.83990866433845,484.2961680781979,492.6333333333334,14779.0,3034.0,17813.0,10479.0,7315.0,0.0
drtp_img88_cacheonly_1024mb_200,200,100,4,0.5,30.0,c_lru,93,7,223.5302980039276,432.9333333333333,462.49999999999994,13875.0,3938.0,17813.0,10527.0,7315.0,0.0
drtp_img88_cacheonly_1024mb_200,200,100,4,0.5,30.0,l_lru,93,7,222.71989565333962,481.96666666666675,481.96666666666675,14459.0,3354.0,17813.0,10659.0,7315.0,0.0
drtp_img88_cacheonly_1024mb_200,200,100,4,0.5,30.0,l_lease,93,7,209.7505697345964,453.4333333333334,453.4333333333334,13603.0,4210.0,17813.0,10581.0,7315.0,248.0
drtp_img88_cacheonly_1024mb_200,200,100,4,0.5,30.0,d_lease,93,7,209.7505697345964,453.4333333333334,453.4333333333334,13603.0,4210.0,17813.0,10581.0,7315.0,256.0
drtp_img88_cacheonly_1024mb_200,200,100,4,0.5,100.0,cloud_fifo,93,7,102.37602150537624,170.99999999999986,178.91999999999987,17813.0,0.0,17813.0,10425.0,7315.0,0.0
drtp_img88_cacheonly_1024mb_200,200,100,4,0.5,100.0,cloud_sjf,93,7,104.45602150537636,174.96999999999997,178.91999999999996,17813.0,0.0,17813.0,10479.0,7315.0,0.0
drtp_img88_cacheonly_1024mb_200,200,100,4,0.5,100.0,p2p_sjf,93,7,81.24443678338935,146.06598516439578,148.50984763964948,14802.0,3011.0,17813.0,10479.0,7315.0,0.0
drtp_img88_cacheonly_1024mb_200,200,100,4,0.5,100.0,c_lru,93,7,68.67674653966623,141.93100298026837,156.7143363136017,13686.0,4127.0,17813.0,10479.0,7315.0,0.0
drtp_img88_cacheonly_1024mb_200,200,100,4,0.5,100.0,l_lru,93,7,68.66336359714502,162.06847260374246,162.06847260374246,14193.0,3620.0,17813.0,10727.0,7315.0,0.0
drtp_img88_cacheonly_1024mb_200,200,100,4,0.5,100.0,l_lease,93,7,66.00455722681944,156.02941851999506,156.02941851999506,13603.0,4210.0,17813.0,10704.0,7315.0,250.0
drtp_img88_cacheonly_1024mb_200,200,100,4,0.5,100.0,d_lease,93,7,66.01065895066309,156.02941851999506,156.02941851999506,13603.0,4210.0,17813.0,10618.0,7315.0,250.0
drtp_img88_cacheonly_1024mb_200,200,100,4,1.0,10.0,cloud_fifo,93,7,835.5720430107508,1487.7999999999945,1531.3999999999935,15314.0,0.0,15314.0,13788.0,0.0,0.0
drtp_img88_cacheonly_1024mb_200,200,100,4,1.0,10.0,cloud_sjf,93,7,821.60752688172,1510.0,1531.4,15314.0,0.0,15314.0,13810.0,0.0,0.0
drtp_img88_cacheonly_1024mb_200,200,100,4,1.0,10.0,p2p_sjf,93,7,607.3283384319591,1215.7590138819996,1234.6000000000001,12346.0,2968.0,15314.0,13810.0,0.0,0.0
drtp_img88_cacheonly_1024mb_200,200,100,4,1.0,10.0,c_lru,93,7,438.1171439828147,705.35,705.35,6610.0,8704.0,15314.0,13585.0,225.0,0.0
drtp_img88_cacheonly_1024mb_200,200,100,4,1.0,10.0,l_lru,93,7,412.97931053365176,678.8999999999999,686.8246071428571,6789.0,8525.0,15314.0,14160.0,225.0,0.0
drtp_img88_cacheonly_1024mb_200,200,100,4,1.0,10.0,l_lease,93,7,394.2974193548381,643.4999999999998,651.4272255291004,6435.0,8879.0,15314.0,13994.0,225.0,496.0
drtp_img88_cacheonly_1024mb_200,200,100,4,1.0,10.0,d_lease,93,7,374.7118393710525,599.8141517857138,603.3375396825393,5882.0,9432.0,15314.0,13441.0,464.0,512.0
drtp_img88_cacheonly_1024mb_200,200,100,4,1.0,30.0,cloud_fifo,93,7,278.5240143369177,495.9333333333334,510.466666666667,15314.0,0.0,15314.0,13788.0,0.0,0.0
drtp_img88_cacheonly_1024mb_200,200,100,4,1.0,30.0,cloud_sjf,93,7,273.8691756272402,503.3333333333333,510.46666666666664,15314.0,0.0,15314.0,13810.0,0.0,0.0
drtp_img88_cacheonly_1024mb_200,200,100,4,1.0,30.0,p2p_sjf,93,7,202.64111089886003,406.03101458100303,411.5333333333335,12346.0,2968.0,15314.0,13810.0,0.0,0.0
drtp_img88_cacheonly_1024mb_200,200,100,4,1.0,30.0,c_lru,93,7,149.96228375320723,258.0308333333333,258.0308333333333,6610.0,8704.0,15314.0,13585.0,225.0,0.0
drtp_img88_cacheonly_1024mb_200,200,100,4,1.0,30.0,l_lru,93,7,143.86611657281506,250.07671247271054,253.15042420183602,6789.0,8525.0,15314.0,13149.0,464.0,0.0
drtp_img88_cacheonly_1024mb_200,200,100,4,1.0,30.0,l_lease,93,7,137.46753264546712,237.84729583333325,241.43192951388883,6435.0,8879.0,15314.0,13109.0,464.0,496.0
drtp_img88_cacheonly_1024mb_200,200,100,4,1.0,30.0,d_lease,93,7,131.37926349864162,228.2218679315475,231.40907795965597,5882.0,9432.0,15314.0,13486.0,464.0,512.0
drtp_img88_cacheonly_1024mb_200,200,100,4,1.0,100.0,cloud_fifo,93,7,83.58458781361999,148.77999999999986,154.56666666666666,15314.0,0.0,15314.0,13788.0,0.0,0.0
drtp_img88_cacheonly_1024mb_200,200,100,4,1.0,100.0,cloud_sjf,93,7,82.1914336917563,151.0,154.56666666666666,15314.0,0.0,15314.0,13810.0,0.0,0.0
drtp_img88_cacheonly_1024mb_200,200,100,4,1.0,100.0,p2p_sjf,93,7,61.66452101118411,123.21546112486912,124.41219298267163,12415.0,2899.0,15314.0,13810.0,0.0,0.0
drtp_img88_cacheonly_1024mb_200,200,100,4,1.0,100.0,c_lru,93,7,49.11085168743162,104.10913919445547,104.10913919445547,6667.0,8647.0,15314.0,13810.0,0.0,0.0
drtp_img88_cacheonly_1024mb_200,200,100,4,1.0,100.0,l_lru,93,7,46.59556349996603,97.96551741440692,100.06804471533273,6802.0,8512.0,15314.0,13137.0,464.0,0.0
drtp_img88_cacheonly_1024mb_200,200,100,4,1.0,100.0,l_lease,93,7,45.01460537591071,95.14037360429522,97.76036162631168,6435.0,8879.0,15314.0,13016.0,464.0,496.0
drtp_img88_cacheonly_1024mb_200,200,100,4,1.0,100.0,d_lease,93,7,43.185423120877445,93.32224702579127,95.04885281016075,5882.0,9432.0,15314.0,13016.0,464.0,512.0
drtp_img88_cacheonly_1024mb_200,200,100,4,2.0,10.0,cloud_fifo,94,6,252.15531914893654,1007.7000000000006,1046.800000000001,10468.0,0.0,10468.0,11862.0,0.0,0.0
drtp_img88_cacheonly_1024mb_200,200,100,4,2.0,10.0,cloud_sjf,94,6,238.69042553191488,1007.7000000000002,1046.8000000000002,10468.0,0.0,10468.0,11790.0,0.0,0.0
drtp_img88_cacheonly_1024mb_200,200,100,4,2.0,10.0,p2p_sjf,94,6,87.19640458405495,297.50000000000006,316.63750000000005,2975.0,7493.0,10468.0,10882.0,0.0,0.0
drtp_img88_cacheonly_1024mb_200,200,100,4,2.0,10.0,c_lru,94,6,75.47877449841124,242.3728838243591,262.1868157093254,2590.0,7878.0,10468.0,10836.0,0.0,0.0
drtp_img88_cacheonly_1024mb_200,200,100,4,2.0,10.0,l_lru,94,6,85.01900700776764,287.28478571428565,319.4799999999999,3116.0,7352.0,10468.0,11300.0,0.0,0.0
drtp_img88_cacheonly_1024mb_200,200,100,4,2.0,10.0,l_lease,94,6,67.06604071681863,225.89999999999998,239.28526785714286,2259.0,8209.0,10468.0,10068.0,0.0,733.0
drtp_img88_cacheonly_1024mb_200,200,100,4,2.0,10.0,d_lease,94,6,67.06604071681863,225.89999999999998,239.28526785714286,2259.0,8209.0,10468.0,10068.0,0.0,734.0
drtp_img88_cacheonly_1024mb_200,200,100,4,2.0,30.0,cloud_fifo,94,6,84.05177304964525,335.8999999999995,348.93333333333277,10468.0,0.0,10468.0,11862.0,0.0,0.0
drtp_img88_cacheonly_1024mb_200,200,100,4,2.0,30.0,cloud_sjf,94,6,79.56347517730497,335.8999999999999,348.9333333333333,10468.0,0.0,10468.0,11790.0,0.0,0.0
drtp_img88_cacheonly_1024mb_200,200,100,4,2.0,30.0,p2p_sjf,94,6,30.324597580059848,100.58651704587932,118.27083333333336,2974.0,7494.0,10468.0,10882.0,0.0,0.0
drtp_img88_cacheonly_1024mb_200,200,100,4,2.0,30.0,c_lru,94,6,26.588882191019017,90.01391688359787,93.65439981556392,2590.0,7878.0,10468.0,10853.0,0.0,0.0
drtp_img88_cacheonly_1024mb_200,200,100,4,2.0,30.0,l_lru,94,6,28.231576153092046,93.87773784832456,105.35656022927692,2700.0,7768.0,10468.0,11330.0,0.0,0.0
drtp_img88_cacheonly_1024mb_200,200,100,4,2.0,30.0,l_lease,94,6,23.696856506341696,81.61069036596119,92.69819036596118,2259.0,8209.0,10468.0,9995.0,0.0,734.0
drtp_img88_cacheonly_1024mb_200,200,100,4,2.0,30.0,d_lease,94,6,23.696856506341696,81.61069036596119,92.69819036596118,2259.0,8209.0,10468.0,9995.0,0.0,734.0
drtp_img88_cacheonly_1024mb_200,200,100,4,2.0,100.0,cloud_fifo,94,6,25.220265957446774,100.76999999999997,105.06249999999993,10468.0,0.0,10468.0,11862.0,0.0,0.0
drtp_img88_cacheonly_1024mb_200,200,100,4,2.0,100.0,cloud_sjf,94,6,23.87311170212765,100.77,105.06249999999999,10468.0,0.0,10468.0,11790.0,0.0,0.0
drtp_img88_cacheonly_1024mb_200,200,100,4,2.0,100.0,p2p_sjf,94,6,10.499383393281734,39.716101250331526,49.1529446917694,4084.0,6384.0,10468.0,11578.0,0.0,0.0
drtp_img88_cacheonly_1024mb_200,200,100,4,2.0,100.0,c_lru,94,6,9.451214822646783,37.126109981821266,48.213609981821264,2816.0,7652.0,10468.0,11591.0,0.0,0.0
drtp_img88_cacheonly_1024mb_200,200,100,4,2.0,100.0,l_lru,94,6,9.661454086343124,35.61247824709189,45.0609280972486,2700.0,7768.0,10468.0,10810.0,0.0,0.0
drtp_img88_cacheonly_1024mb_200,200,100,4,2.0,100.0,l_lease,94,6,8.695518579402666,31.973302800493826,42.118747871558845,2259.0,8209.0,10468.0,10096.0,0.0,734.0
drtp_img88_cacheonly_1024mb_200,200,100,4,2.0,100.0,d_lease,94,6,8.695518579402666,31.973302800493826,42.118747871558845,2259.0,8209.0,10468.0,10096.0,0.0,735.0
drtp_img88_cacheonly_1024mb_200,200,100,5,0.5,10.0,cloud_fifo,96,4,967.3520833333331,1740.8999999999985,1801.7999999999972,18018.0,0.0,18018.0,10837.0,7315.0,0.0
drtp_img88_cacheonly_1024mb_200,200,100,5,0.5,10.0,cloud_sjf,96,4,1016.3156250000006,1691.7,1801.8000000000002,18018.0,0.0,18018.0,11093.0,7315.0,0.0
drtp_img88_cacheonly_1024mb_200,200,100,5,0.5,10.0,p2p_sjf,96,4,837.0693001764813,1485.3526895998677,1536.8,15368.0,2650.0,18018.0,11093.0,7315.0,0.0
drtp_img88_cacheonly_1024mb_200,200,100,5,0.5,10.0,c_lru,96,4,677.9464341793429,1377.6000000000004,1377.6000000000004,13776.0,4242.0,18018.0,11095.0,7315.0,0.0
drtp_img88_cacheonly_1024mb_200,200,100,5,0.5,10.0,l_lru,96,4,713.1507236921103,1313.0000000000005,1401.7000000000005,14017.0,4001.0,18018.0,11727.0,7315.0,0.0
drtp_img88_cacheonly_1024mb_200,200,100,5,0.5,10.0,l_lease,96,4,659.7989459317745,1212.3000000000002,1301.0000000000002,13010.0,5008.0,18018.0,11399.0,7709.0,251.0
drtp_img88_cacheonly_1024mb_200,200,100,5,0.5,10.0,d_lease,96,4,659.7989459317745,1212.3000000000002,1301.0000000000002,13010.0,5008.0,18018.0,11399.0,7709.0,256.0
drtp_img88_cacheonly_1024mb_200,200,100,5,0.5,30.0,cloud_fifo,96,4,322.45069444444454,580.3000000000004,600.6000000000004,18018.0,0.0,18018.0,10837.0,7315.0,0.0
drtp_img88_cacheonly_1024mb_200,200,100,5,0.5,30.0,cloud_sjf,96,4,338.77187499999997,563.9,600.5999999999999,18018.0,0.0,18018.0,11093.0,7315.0,0.0
drtp_img88_cacheonly_1024mb_200,200,100,5,0.5,30.0,p2p_sjf,96,4,276.52175885203116,494.2873625715576,508.86666666666673,15266.0,2752.0,18018.0,11093.0,7315.0,0.0
drtp_img88_cacheonly_1024mb_200,200,100,5,0.5,30.0,c_lru,96,4,228.91360709107587,462.09999999999997,462.09999999999997,13863.0,4155.0,18018.0,11095.0,7315.0,0.0
drtp_img88_cacheonly_1024mb_200,200,100,5,0.5,30.0,l_lru,96,4,228.44536372557357,468.0333333333333,468.0333333333333,14041.0,3977.0,18018.0,11642.0,7315.0,0.0
drtp_img88_cacheonly_1024mb_200,200,100,5,0.5,30.0,l_lease,96,4,212.76401585845247,433.6666666666666,433.6666666666666,13010.0,5008.0,18018.0,11022.0,7691.0,256.0
drtp_img88_cacheonly_1024mb_200,200,100,5,0.5,30.0,d_lease,96,4,212.76401585845247,433.6666666666666,433.6666666666666,13010.0,5008.0,18018.0,11022.0,7691.0,256.0
drtp_img88_cacheonly_1024mb_200,200,100,5,0.5,100.0,cloud_fifo,96,4,96.75659722222211,174.08999999999978,181.64000000000001,18018.0,0.0,18018.0,10837.0,7315.0,0.0
drtp_img88_cacheonly_1024mb_200,200,100,5,0.5,100.0,cloud_sjf,96,4,101.66197916666658,169.16999999999993,181.63999999999993,18018.0,0.0,18018.0,11093.0,7315.0,0.0
drtp_img88_cacheonly_1024mb_200,200,100,5,0.5,100.0,p2p_sjf,96,4,80.88289783240153,145.21210705813795,153.70758273125102,15061.0,2957.0,18018.0,11093.0,7315.0,0.0
drtp_img88_cacheonly_1024mb_200,200,100,5,0.5,100.0,c_lru,96,4,72.48089365022093,161.5475804557943,161.5475804557943,13891.0,4127.0,18018.0,11095.0,7315.0,0.0
drtp_img88_cacheonly_1024mb_200,200,100,5,0.5,100.0,l_lru,96,4,72.22153424145465,164.12281372297647,164.12281372297647,14422.0,3596.0,18018.0,11658.0,7315.0,0.0
drtp_img88_cacheonly_1024mb_200,200,100,5,0.5,100.0,l_lease,96,4,66.07178590863325,154.70116665345537,154.70116665345537,13319.0,4699.0,18018.0,10871.0,7691.0,256.0
drtp_img88_cacheonly_1024mb_200,200,100,5,0.5,100.0,d_lease,96,4,66.07178590863325,154.70116665345537,154.70116665345537,13319.0,4699.0,18018.0,10871.0,7691.0,256.0
drtp_img88_cacheonly_1024mb_200,200,100,5,1.0,10.0,cloud_fifo,97,3,907.9391752577301,1507.3999999999962,1540.5999999999954,15406.0,0.0,15406.0,14330.0,0.0,0.0
drtp_img88_cacheonly_1024mb_200,200,100,5,1.0,10.0,cloud_sjf,97,3,839.8855670103098,1471.6000000000001,1540.6000000000001,15406.0,0.0,15406.0,13281.0,0.0,0.0
drtp_img88_cacheonly_1024mb_200,200,100,5,1.0,10.0,p2p_sjf,97,3,653.2207424453169,1191.6000000000001,1191.6000000000001,11916.0,3490.0,15406.0,13281.0,0.0,0.0
drtp_img88_cacheonly_1024mb_200,200,100,5,1.0,10.0,c_lru,97,3,457.83915742786246,681.7491927910054,687.010422123016,6603.0,8803.0,15406.0,13221.0,394.0,0.0
drtp_img88_cacheonly_1024mb_200,200,100,5,1.0,10.0,l_lru,97,3,435.4227573228603,674.0455158730161,722.6000000000003,7226.0,8180.0,15406.0,12752.0,553.0,0.0
drtp_img88_cacheonly_1024mb_200,200,100,5,1.0,10.0,l_lease,97,3,411.62415650739143,607.989576719577,615.7149074074076,5959.0,9447.0,15406.0,12725.0,1196.0,512.0
drtp_img88_cacheonly_1024mb_200,200,100,5,1.0,10.0,d_lease,97,3,411.62415650739143,607.989576719577,615.7149074074076,5959.0,9447.0,15406.0,12725.0,1196.0,512.0
drtp_img88_cacheonly_1024mb_200,200,100,5,1.0,30.0,cloud_fifo,97,3,302.6463917525772,502.46666666666636,513.533333333333,15406.0,0.0,15406.0,14330.0,0.0,0.0
drtp_img88_cacheonly_1024mb_200,200,100,5,1.0,30.0,cloud_sjf,97,3,279.9618556701028,490.5333333333332,513.5333333333332,15406.0,0.0,15406.0,13281.0,0.0,0.0
drtp_img88_cacheonly_1024mb_200,200,100,5,1.0,30.0,p2p_sjf,97,3,217.64831033295303,396.9333333333333,396.9333333333333,11908.0,3498.0,15406.0,13281.0,0.0,0.0
drtp_img88_cacheonly_1024mb_200,200,100,5,1.0,30.0,c_lru,97,3,161.95264842916393,257.0920325167411,263.67236528025796,6595.0,8811.0,15406.0,13221.0,394.0,0.0
drtp_img88_cacheonly_1024mb_200,200,100,5,1.0,30.0,l_lru,97,3,152.49556491964643,239.87546358300276,239.87546358300276,6832.0,8574.0,15406.0,12736.0,703.0,0.0
drtp_img88_cacheonly_1024mb_200,200,100,5,1.0,30.0,l_lease,97,3,146.69953406255132,232.1979832175927,235.84267361111125,5959.0,9447.0,15406.0,12810.0,703.0,512.0
drtp_img88_cacheonly_1024mb_200,200,100,5,1.0,30.0,d_lease,97,3,146.69953406255132,232.1979832175927,235.84267361111125,5959.0,9447.0,15406.0,12810.0,703.0,512.0
drtp_img88_cacheonly_1024mb_200,200,100,5,1.0,100.0,cloud_fifo,97,3,90.81731958762875,150.7399999999998,154.8899999999997,15406.0,0.0,15406.0,14330.0,0.0,0.0
drtp_img88_cacheonly_1024mb_200,200,100,5,1.0,100.0,cloud_sjf,97,3,84.00567010309284,147.16,154.89000000000001,15406.0,0.0,15406.0,13281.0,0.0,0.0
drtp_img88_cacheonly_1024mb_200,200,100,5,1.0,100.0,p2p_sjf,97,3,62.66002979352681,112.97558084619082,116.973115770266,11228.0,4178.0,15406.0,13281.0,0.0,0.0
drtp_img88_cacheonly_1024mb_200,200,100,5,1.0,100.0,c_lru,97,3,51.113007073384914,92.00856988533711,95.70440321867045,6474.0,8932.0,15406.0,12887.0,394.0,0.0
drtp_img88_cacheonly_1024mb_200,200,100,5,1.0,100.0,l_lru,97,3,51.8852621209599,103.40989509804889,103.40989509804889,6968.0,8438.0,15406.0,12517.0,553.0,0.0
drtp_img88_cacheonly_1024mb_200,200,100,5,1.0,100.0,l_lease,97,3,50.09138382961403,100.98347072023532,100.98347072023532,6042.0,9364.0,15406.0,12567.0,553.0,512.0
drtp_img88_cacheonly_1024mb_200,200,100,5,1.0,100.0,d_lease,97,3,50.09138382961403,100.98347072023532,100.98347072023532,6042.0,9364.0,15406.0,12567.0,553.0,512.0
drtp_img88_cacheonly_1024mb_200,200,100,5,2.0,10.0,cloud_fifo,96,4,131.02083333333334,575.0000000000005,615.6000000000007,6156.0,0.0,6156.0,6024.0,0.0,0.0
drtp_img88_cacheonly_1024mb_200,200,100,5,2.0,10.0,cloud_sjf,96,4,113.33645833333334,580.6,615.6,6156.0,0.0,6156.0,6024.0,0.0,0.0
drtp_img88_cacheonly_1024mb_200,200,100,5,2.0,10.0,p2p_sjf,96,4,48.56238591958774,212.91547619047614,227.69880952380947,2254.0,3902.0,6156.0,5827.0,0.0,0.0
drtp_img88_cacheonly_1024mb_200,200,100,5,2.0,10.0,c_lru,96,4,38.892747320050695,164.89055224867724,188.76666666666665,1859.0,4297.0,6156.0,5771.0,0.0,0.0
drtp_img88_cacheonly_1024mb_200,200,100,5,2.0,10.0,l_lru,96,4,45.19397280092591,224.80599206349208,239.58932539682542,2263.0,3893.0,6156.0,6285.0,0.0,0.0
drtp_img88_cacheonly_1024mb_200,200,100,5,2.0,10.0,l_lease,96,4,40.66020481977514,165.33720238095242,174.20000000000005,1658.0,4498.0,6156.0,6443.0,0.0,526.0
drtp_img88_cacheonly_1024mb_200,200,100,5,2.0,10.0,d_lease,96,4,40.66020481977514,165.33720238095242,174.20000000000005,1658.0,4498.0,6156.0,6443.0,0.0,526.0
drtp_img88_cacheonly_1024mb_200,200,100,5,2.0,30.0,cloud_fifo,96,4,43.67361111111111,191.66666666666654,205.19999999999985,6156.0,0.0,6156.0,6024.0,0.0,0.0
drtp_img88_cacheonly_1024mb_200,200,100,5,2.0,30.0,cloud_sjf,96,4,37.778819444444444,193.53333333333336,205.20000000000002,6156.0,0.0,6156.0,6024.0,0.0,0.0
drtp_img88_cacheonly_1024mb_200,200,100,5,2.0,30.0,p2p_sjf,96,4,16.77631086703344,69.35642215608465,84.13975548941798,2254.0,3902.0,6156.0,6353.0,0.0,0.0
drtp_img88_cacheonly_1024mb_200,200,100,5,2.0,30.0,c_lru,96,4,14.355121425943913,55.26666666666667,64.83333333333334,1859.0,4297.0,6156.0,5901.0,0.0,0.0
drtp_img88_cacheonly_1024mb_200,200,100,5,2.0,30.0,l_lru,96,4,15.617583366402116,71.28527777777776,86.0686111111111,2248.0,3908.0,6156.0,6244.0,0.0,0.0
drtp_img88_cacheonly_1024mb_200,200,100,5,2.0,30.0,l_lease,96,4,14.560375248015879,60.62424206349207,68.76255158730159,1658.0,4498.0,6156.0,6090.0,0.0,526.0
drtp_img88_cacheonly_1024mb_200,200,100,5,2.0,30.0,d_lease,96,4,14.560375248015879,60.62424206349207,68.76255158730159,1658.0,4498.0,6156.0,6090.0,0.0,526.0
drtp_img88_cacheonly_1024mb_200,200,100,5,2.0,100.0,cloud_fifo,96,4,13.126388888888899,57.50000000000007,63.89333333333341,6156.0,0.0,6156.0,6024.0,0.0,0.0
drtp_img88_cacheonly_1024mb_200,200,100,5,2.0,100.0,cloud_sjf,96,4,11.4065625,58.059999999999995,63.89333333333333,6156.0,0.0,6156.0,6024.0,0.0,0.0
drtp_img88_cacheonly_1024mb_200,200,100,5,2.0,100.0,p2p_sjf,96,4,5.761842694763753,26.197763022021125,36.327941167943536,2248.0,3908.0,6156.0,6201.0,0.0,0.0
drtp_img88_cacheonly_1024mb_200,200,100,5,2.0,100.0,c_lru,96,4,5.421978458773562,25.442554688687792,34.36641339016576,2084.0,4072.0,6156.0,5807.0,0.0,0.0
drtp_img88_cacheonly_1024mb_200,200,100,5,2.0,100.0,l_lru,96,4,5.480757411885471,26.50100932539683,36.68069955026455,2219.0,3937.0,6156.0,5769.0,0.0,0.0
drtp_img88_cacheonly_1024mb_200,200,100,5,2.0,100.0,l_lease,96,4,5.451861123511904,26.470026719576722,36.44401156084656,1961.0,4195.0,6156.0,6049.0,0.0,526.0
drtp_img88_cacheonly_1024mb_200,200,100,5,2.0,100.0,d_lease,96,4,5.451861123511904,26.470026719576722,36.44401156084656,1961.0,4195.0,6156.0,6049.0,0.0,526.0
drtp_img88_cacheonly_1024mb_500,500,250,1,0.5,10.0,cloud_fifo,134,116,860.0231343283576,1467.199999999999,1568.2999999999984,15683.0,0.0,15683.0,10005.0,5875.0,0.0
drtp_img88_cacheonly_1024mb_500,500,250,1,0.5,10.0,cloud_sjf,134,116,883.4126865671637,1550.1999999999996,1568.2999999999995,15683.0,0.0,15683.0,9973.0,5875.0,0.0
drtp_img88_cacheonly_1024mb_500,500,250,1,0.5,10.0,p2p_sjf,134,116,758.4852312050848,1410.313087000294,1414.2,14142.0,1541.0,15683.0,9969.0,5875.0,0.0
drtp_img88_cacheonly_1024mb_500,500,250,1,0.5,10.0,c_lru,134,116,624.2848176774855,1188.0,1276.7,12767.0,2916.0,15683.0,9969.0,5875.0,0.0
drtp_img88_cacheonly_1024mb_500,500,250,1,0.5,10.0,l_lru,134,116,619.689638572391,1250.1999999999998,1338.8999999999999,13389.0,2294.0,15683.0,9901.0,5875.0,0.0
drtp_img88_cacheonly_1024mb_500,500,250,1,0.5,10.0,l_lease,134,116,592.5272187796136,1189.8000000000002,1278.5000000000002,12785.0,2898.0,15683.0,9484.0,6269.0,256.0
drtp_img88_cacheonly_1024mb_500,500,250,1,0.5,10.0,d_lease,134,116,596.4559294209753,1199.9999999999998,1288.6999999999998,12887.0,2796.0,15683.0,9539.0,6269.0,256.0
drtp_img88_cacheonly_1024mb_500,500,250,1,0.5,30.0,cloud_fifo,134,116,286.6743781094529,489.06666666666706,522.766666666667,15683.0,0.0,15683.0,10005.0,5875.0,0.0
drtp_img88_cacheonly_1024mb_500,500,250,1,0.5,30.0,cloud_sjf,134,116,294.4708955223881,516.7333333333333,522.7666666666667,15683.0,0.0,15683.0,9973.0,5875.0,0.0
drtp_img88_cacheonly_1024mb_500,500,250,1,0.5,30.0,p2p_sjf,134,116,252.80700665958636,470.30824827330434,471.40000000000015,14142.0,1541.0,15683.0,9969.0,5875.0,0.0
drtp_img88_cacheonly_1024mb_500,500,250,1,0.5,30.0,c_lru,134,116,208.4515883543158,396.0000000000001,425.5666666666668,12767.0,2916.0,15683.0,9969.0,5875.0,0.0
drtp_img88_cacheonly_1024mb_500,500,250,1,0.5,30.0,l_lru,134,116,206.57740228452758,416.73333333333346,446.3000000000001,13389.0,2294.0,15683.0,9901.0,5875.0,0.0
drtp_img88_cacheonly_1024mb_500,500,250,1,0.5,30.0,l_lease,134,116,197.56222458177882,396.6,426.1666666666667,12785.0,2898.0,15683.0,9484.0,6269.0,256.0
drtp_img88_cacheonly_1024mb_500,500,250,1,0.5,30.0,d_lease,134,116,198.83300278526602,400.0000000000001,429.5666666666668,12887.0,2796.0,15683.0,9539.0,6269.0,256.0
drtp_img88_cacheonly_1024mb_500,500,250,1,0.5,100.0,cloud_fifo,134,116,86.00794776119392,146.71999999999974,157.28249999999971,15683.0,0.0,15683.0,10005.0,5875.0,0.0
drtp_img88_cacheonly_1024mb_500,500,250,1,0.5,100.0,cloud_sjf,134,116,88.3615298507463,155.02,157.2825,15683.0,0.0,15683.0,9973.0,5875.0,0.0
drtp_img88_cacheonly_1024mb_500,500,250,1,0.5,100.0,p2p_sjf,134,116,75.07811478934346,139.00091741641347,139.16605505572429,13910.0,1773.0,15683.0,9973.0,5875.0,0.0
drtp_img88_cacheonly_1024mb_500,500,250,1,0.5,100.0,c_lru,134,116,63.6211341782121,130.29149436246212,141.37899436246212,12785.0,2898.0,15683.0,9973.0,5875.0,0.0
drtp_img88_cacheonly_1024mb_500,500,250,1,0.5,100.0,l_lru,134,116,63.20731169715493,136.7865621672454,147.8740621672454,13485.0,2198.0,15683.0,10115.0,5875.0,0.0
drtp_img88_cacheonly_1024mb_500,500,250,1,0.5,100.0,l_lease,134,116,59.59595092232633,128.78275264343586,139.87025264343586,12689.0,2994.0,15683.0,9513.0,6469.0,256.0
drtp_img88_cacheonly_1024mb_500,500,250,1,0.5,100.0,d_lease,134,116,60.8028112091318,130.78275264343586,141.87025264343586,12889.0,2794.0,15683.0,9539.0,6269.0,256.0
drtp_img88_cacheonly_1024mb_500,500,250,1,1.0,10.0,cloud_fifo,131,119,702.0793893129764,1320.2999999999986,1439.5999999999979,14396.0,0.0,14396.0,14063.0,0.0,0.0
drtp_img88_cacheonly_1024mb_500,500,250,1,1.0,10.0,cloud_sjf,131,119,802.0992366412215,1363.0999999999997,1439.5999999999997,14396.0,0.0,14396.0,12880.0,0.0,0.0
drtp_img88_cacheonly_1024mb_500,500,250,1,1.0,10.0,p2p_sjf,131,119,551.7537747457995,948.7864283783852,1026.3000000000002,10263.0,4133.0,14396.0,12950.0,0.0,0.0
drtp_img88_cacheonly_1024mb_500,500,250,1,1.0,10.0,c_lru,131,119,443.47358206407785,702.8999999999999,731.6499999999999,7279.0,7117.0,14396.0,12943.0,0.0,0.0
drtp_img88_cacheonly_1024mb_500,500,250,1,1.0,10.0,l_lru,131,119,418.2563924784922,670.0432043650794,784.5000000000002,7845.0,6551.0,14396.0,13854.0,0.0,0.0
drtp_img88_cacheonly_1024mb_500,500,250,1,1.0,10.0,l_lease,131,119,397.5959535017572,634.7409920634918,654.8144920634918,6503.0,7893.0,14396.0,12293.0,1026.0,512.0
drtp_img88_cacheonly_1024mb_500,500,250,1,1.0,10.0,d_lease,131,119,380.53453369986676,587.9590178571425,604.5999999999997,6046.0,8350.0,14396.0,13250.0,139.0,512.0
drtp_img88_cacheonly_1024mb_500,500,250,1,1.0,30.0,cloud_fifo,131,119,234.02646310432584,440.10000000000036,479.8666666666673,14396.0,0.0,14396.0,14063.0,0.0,0.0
drtp_img88_cacheonly_1024mb_500,500,250,1,1.0,30.0,cloud_sjf,131,119,267.3664122137403,454.3666666666668,479.8666666666668,14396.0,0.0,14396.0,12880.0,0.0,0.0
drtp_img88_cacheonly_1024mb_500,500,250,1,1.0,30.0,p2p_sjf,131,119,184.0668982818768,313.55623486558915,342.1,10263.0,4133.0,14396.0,12950.0,0.0,0.0
drtp_img88_cacheonly_1024mb_500,500,250,1,1.0,30.0,c_lru,131,119,150.26835075036493,246.49409738172204,250.643786115997,7279.0,7117.0,14396.0,12943.0,0.0,0.0
drtp_img88_cacheonly_1024mb_500,500,250,1,1.0,30.0,l_lru,131,119,142.95373049975987,232.5962744252331,262.9333333333334,7888.0,6508.0,14396.0,13082.0,290.0,0.0
drtp_img88_cacheonly_1024mb_500,500,250,1,1.0,30.0,l_lease,131,119,133.8896825593359,217.47290434193133,220.51666666666677,6503.0,7893.0,14396.0,12420.0,290.0,512.0
drtp_img88_cacheonly_1024mb_500,500,250,1,1.0,30.0,d_lease,131,119,130.08023365620525,211.88829415476195,213.95709312797626,6046.0,8350.0,14396.0,12532.0,290.0,512.0
drtp_img88_cacheonly_1024mb_500,500,250,1,1.0,100.0,cloud_fifo,131,119,70.21735368956725,132.0299999999996,145.19333333333316,14396.0,0.0,14396.0,14063.0,0.0,0.0
drtp_img88_cacheonly_1024mb_500,500,250,1,1.0,100.0,cloud_sjf,131,119,80.23816793893128,136.31000000000003,145.19333333333338,14396.0,0.0,14396.0,12880.0,0.0,0.0
drtp_img88_cacheonly_1024mb_500,500,250,1,1.0,100.0,p2p_sjf,131,119,55.75461919245065,94.30937015193872,103.81831670222508,10276.0,4120.0,14396.0,12950.0,0.0,0.0
drtp_img88_cacheonly_1024mb_500,500,250,1,1.0,100.0,c_lru,131,119,48.93214179663393,93.88437825172545,93.88437825172545,7330.0,7066.0,14396.0,12831.0,0.0,0.0
drtp_img88_cacheonly_1024mb_500,500,250,1,1.0,100.0,l_lru,131,119,45.41007373971629,82.15637045127659,88.60687274099365,8084.0,6312.0,14396.0,12503.0,290.0,0.0
drtp_img88_cacheonly_1024mb_500,500,250,1,1.0,100.0,l_lease,131,119,42.91492726003657,74.90365630847663,85.99115630847665,6666.0,7730.0,14396.0,12432.0,290.0,512.0
drtp_img88_cacheonly_1024mb_500,500,250,1,1.0,100.0,d_lease,131,119,43.04227532482658,74.90521429583623,85.99271429583625,6496.0,7900.0,14396.0,12500.0,290.0,512.0
drtp_img88_cacheonly_1024mb_500,500,250,1,2.0,10.0,cloud_fifo,134,116,85.54850746268649,405.8999999999999,431.7999999999997,4318.0,0.0,4318.0,3303.0,0.0,0.0
drtp_img88_cacheonly_1024mb_500,500,250,1,2.0,10.0,cloud_sjf,134,116,87.49999999999997,425.99999999999994,431.79999999999995,4318.0,0.0,4318.0,3303.0,0.0,0.0
drtp_img88_cacheonly_1024mb_500,500,250,1,2.0,10.0,p2p_sjf,134,116,59.56949819355601,328.5120634920634,332.69999999999993,3327.0,991.0,4318.0,3577.0,0.0,0.0
drtp_img88_cacheonly_1024mb_500,500,250,1,2.0,10.0,c_lru,134,116,59.56949819355601,328.5120634920634,332.69999999999993,3327.0,991.0,4318.0,3577.0,0.0,0.0
drtp_img88_cacheonly_1024mb_500,500,250,1,2.0,10.0,l_lru,134,116,61.14902126273396,332.031238095238,336.19999999999993,3362.0,956.0,4318.0,3610.0,0.0,0.0
drtp_img88_cacheonly_1024mb_500,500,250,1,2.0,10.0,l_lease,134,116,55.36914705046196,305.43123809523803,309.59999999999997,3096.0,1222.0,4318.0,3546.0,0.0,402.0
drtp_img88_cacheonly_1024mb_500,500,250,1,2.0,10.0,d_lease,134,116,55.36914705046196,305.43123809523803,309.59999999999997,3096.0,1222.0,4318.0,3546.0,0.0,405.0
drtp_img88_cacheonly_1024mb_500,500,250,1,2.0,30.0,cloud_fifo,134,116,28.51616915422887,135.30000000000004,143.9333333333333,4318.0,0.0,4318.0,3303.0,0.0,0.0
drtp_img88_cacheonly_1024mb_500,500,250,1,2.0,30.0,cloud_sjf,134,116,29.16666666666668,142.00000000000003,143.93333333333337,4318.0,0.0,4318.0,3303.0,0.0,0.0
drtp_img88_cacheonly_1024mb_500,500,250,1,2.0,30.0,p2p_sjf,134,116,19.9726209843639,109.51212962962964,110.9,3327.0,991.0,4318.0,3577.0,0.0,0.0
drtp_img88_cacheonly_1024mb_500,500,250,1,2.0,30.0,c_lru,134,116,19.9726209843639,109.51212962962964,110.9,3327.0,991.0,4318.0,3577.0,0.0,0.0
drtp_img88_cacheonly_1024mb_500,500,250,1,2.0,30.0,l_lru,134,116,20.42391386792888,110.69885714285716,112.06666666666668,3362.0,956.0,4318.0,3610.0,0.0,0.0
drtp_img88_cacheonly_1024mb_500,500,250,1,2.0,30.0,l_lease,134,116,18.550241679721434,101.83219047619048,103.19999999999999,3096.0,1222.0,4318.0,3546.0,0.0,405.0
drtp_img88_cacheonly_1024mb_500,500,250,1,2.0,30.0,d_lease,134,116,18.550241679721434,101.83219047619048,103.19999999999999,3096.0,1222.0,4318.0,3546.0,0.0,405.0
drtp_img88_cacheonly_1024mb_500,500,250,1,2.0,100.0,cloud_fifo,134,116,8.555895522388063,40.59000000000002,43.320000000000014,4318.0,0.0,4318.0,3303.0,0.0,0.0
drtp_img88_cacheonly_1024mb_500,500,250,1,2.0,100.0,cloud_sjf,134,116,8.755223880597015,42.6,43.32000000000001,4318.0,0.0,4318.0,3303.0,0.0,0.0
drtp_img88_cacheonly_1024mb_500,500,250,1,2.0,100.0,p2p_sjf,134,116,6.214225529085721,33.18763561507938,33.72809109623017,3362.0,956.0,4318.0,3612.0,0.0,0.0
drtp_img88_cacheonly_1024mb_500,500,250,1,2.0,100.0,c_lru,134,116,6.214225529085721,33.18763561507938,33.72809109623017,3362.0,956.0,4318.0,3612.0,0.0,0.0
drtp_img88_cacheonly_1024mb_500,500,250,1,2.0,100.0,l_lru,134,116,6.140944452254352,33.23244085833333,33.71688978541666,3362.0,956.0,4318.0,3610.0,0.0,0.0
drtp_img88_cacheonly_1024mb_500,500,250,1,2.0,100.0,l_lease,134,116,5.65972820786519,30.572440858333326,31.056889785416665,3096.0,1222.0,4318.0,3546.0,0.0,405.0
drtp_img88_cacheonly_1024mb_500,500,250,1,2.0,100.0,d_lease,134,116,5.65972820786519,30.572440858333326,31.056889785416665,3096.0,1222.0,4318.0,3546.0,0.0,405.0
drtp_img88_cacheonly_1024mb_500,500,250,2,0.5,10.0,cloud_fifo,131,119,864.0442748091589,1485.399999999998,1607.799999999998,16078.0,0.0,16078.0,10453.0,5541.0,0.0
drtp_img88_cacheonly_1024mb_500,500,250,2,0.5,10.0,cloud_sjf,131,119,890.2687022900761,1486.6,1607.8,16078.0,0.0,16078.0,10637.0,5541.0,0.0
drtp_img88_cacheonly_1024mb_500,500,250,2,0.5,10.0,p2p_sjf,131,119,727.8528909502606,1287.7661356150795,1401.3000000000002,14013.0,2065.0,16078.0,10637.0,5541.0,0.0
drtp_img88_cacheonly_1024mb_500,500,250,2,0.5,10.0,c_lru,131,119,610.5365981528527,1153.5,1242.2,12422.0,3656.0,16078.0,10848.0,5541.0,0.0
drtp_img88_cacheonly_1024mb_500,500,250,2,0.5,10.0,l_lru,131,119,558.9388620441047,1128.5,1305.9,13059.0,3019.0,16078.0,10473.0,5541.0,0.0
drtp_img88_cacheonly_1024mb_500,500,250,2,0.5,10.0,l_lease,131,119,551.081123285472,1091.5,1268.9,12689.0,3389.0,16078.0,10453.0,5541.0,256.0
drtp_img88_cacheonly_1024mb_500,500,250,2,0.5,10.0,d_lease,131,119,552.0250658760449,1091.5,1268.9,12689.0,3389.0,16078.0,10488.0,5541.0,256.0
drtp_img88_cacheonly_1024mb_500,500,250,2,0.5,30.0,cloud_fifo,131,119,288.01475826972035,495.1333333333339,535.933333333334,16078.0,0.0,16078.0,10453.0,5541.0,0.0
drtp_img88_cacheonly_1024mb_500,500,250,2,0.5,30.0,cloud_sjf,131,119,296.75623409669197,495.53333333333325,535.9333333333333,16078.0,0.0,16078.0,10637.0,5541.0,0.0
drtp_img88_cacheonly_1024mb_500,500,250,2,0.5,30.0,p2p_sjf,131,119,244.18691524553978,433.67757363862415,471.46666666666647,14144.0,1934.0,16078.0,10637.0,5541.0,0.0
drtp_img88_cacheonly_1024mb_500,500,250,2,0.5,30.0,c_lru,131,119,203.54641560645857,384.5,414.06666666666666,12422.0,3656.0,16078.0,10848.0,5541.0,0.0
drtp_img88_cacheonly_1024mb_500,500,250,2,0.5,30.0,l_lru,131,119,186.39142714423733,376.1666666666668,435.3000000000001,13059.0,3019.0,16078.0,10473.0,5541.0,0.0
drtp_img88_cacheonly_1024mb_500,500,250,2,0.5,30.0,l_lease,131,119,182.36427653062174,363.8333333333333,422.96666666666664,12689.0,3389.0,16078.0,10600.0,5541.0,256.0
drtp_img88_cacheonly_1024mb_500,500,250,2,0.5,30.0,d_lease,131,119,176.33006399216774,337.56666666666666,396.7,11901.0,4177.0,16078.0,10600.0,5791.0,256.0
drtp_img88_cacheonly_1024mb_500,500,250,2,0.5,100.0,cloud_fifo,131,119,86.50340966921105,148.5400000000001,168.86000000000016,16078.0,0.0,16078.0,10453.0,5541.0,0.0
drtp_img88_cacheonly_1024mb_500,500,250,2,0.5,100.0,cloud_sjf,131,119,89.10508905852419,148.65999999999997,168.85999999999996,16078.0,0.0,16078.0,10637.0,5541.0,0.0
drtp_img88_cacheonly_1024mb_500,500,250,2,0.5,100.0,p2p_sjf,131,119,72.99434915565116,131.25736995795532,143.1284200280298,13838.0,2240.0,16078.0,10637.0,5541.0,0.0
drtp_img88_cacheonly_1024mb_500,500,250,2,0.5,100.0,c_lru,131,119,62.609640288339435,125.45493405242142,140.23826738575477,12431.0,3647.0,16078.0,10848.0,5541.0,0.0
drtp_img88_cacheonly_1024mb_500,500,250,2,0.5,100.0,l_lru,131,119,59.5188949053263,119.57365049087302,149.1403171575397,13645.0,2433.0,16078.0,10628.0,5541.0,0.0
drtp_img88_cacheonly_1024mb_500,500,250,2,0.5,100.0,l_lease,131,119,55.31829966400776,110.0949084769841,139.66157514365077,12689.0,3389.0,16078.0,10453.0,5541.0,256.0
drtp_img88_cacheonly_1024mb_500,500,250,2,0.5,100.0,d_lease,131,119,54.15649614348889,104.93970935978835,134.50637602645503,11901.0,4177.0,16078.0,9996.0,6009.0,256.0
drtp_img88_cacheonly_1024mb_500,500,250,2,1.0,10.0,cloud_fifo,133,117,635.9383458646622,1269.1000000000006,1330.2,13302.0,0.0,13302.0,13360.0,0.0,0.0
drtp_img88_cacheonly_1024mb_500,500,250,2,1.0,10.0,cloud_sjf,133,117,588.4105263157894,1236.1,1330.2,13302.0,0.0,13302.0,12833.0,0.0,0.0
drtp_img88_cacheonly_1024mb_500,500,250,2,1.0,10.0,p2p_sjf,133,117,417.4220753773837,1001.4592399801588,1010.3000000000001,10103.0,3199.0,13302.0,12791.0,0.0,0.0
drtp_img88_cacheonly_1024mb_500,500,250,2,1.0,10.0,c_lru,133,117,327.42892282342785,675.91,675.91,6493.0,6809.0,13302.0,12832.0,0.0,0.0
drtp_img88_cacheonly_1024mb_500,500,250,2,1.0,10.0,l_lru,133,117,310.5731951291919,640.2516567460318,772.1000000000001,7721.0,5581.0,13302.0,12166.0,371.0,0.0
drtp_img88_cacheonly_1024mb_500,500,250,2,1.0,10.0,l_lease,133,117,199.75953126526636,479.211114920635,566.6000000000001,5666.0,7636.0,13302.0,14574.0,0.0,506.0
drtp_img88_cacheonly_1024mb_500,500,250,2,1.0,10.0,d_lease,133,117,199.75953126526636,479.2111149206349,566.6,5666.0,7636.0,13302.0,14612.0,0.0,506.0
drtp_img88_cacheonly_1024mb_500,500,250,2,1.0,30.0,cloud_fifo,133,117,211.97944862155376,423.0333333333332,443.40000000000003,13302.0,0.0,13302.0,13360.0,0.0,0.0
drtp_img88_cacheonly_1024mb_500,500,250,2,1.0,30.0,cloud_sjf,133,117,196.1368421052629,412.03333333333325,443.3999999999999,13302.0,0.0,13302.0,12833.0,0.0,0.0
drtp_img88_cacheonly_1024mb_500,500,250,2,1.0,30.0,p2p_sjf,133,117,139.50108720579104,333.7717698760542,336.76666666666677,10103.0,3199.0,13302.0,12791.0,0.0,0.0
drtp_img88_cacheonly_1024mb_500,500,250,2,1.0,30.0,c_lru,133,117,111.9221406406333,244.20999999999992,244.20999999999992,6528.0,6774.0,13302.0,12832.0,0.0,0.0
drtp_img88_cacheonly_1024mb_500,500,250,2,1.0,30.0,l_lru,133,117,70.58669976104832,179.81512936714623,225.00000000000006,6750.0,6552.0,13302.0,14967.0,0.0,0.0
drtp_img88_cacheonly_1024mb_500,500,250,2,1.0,30.0,l_lease,133,117,67.73428433199273,154.97150760833884,188.86666666666665,5666.0,7636.0,13302.0,15507.0,0.0,506.0
drtp_img88_cacheonly_1024mb_500,500,250,2,1.0,30.0,d_lease,133,117,67.81473352476354,154.9554958249973,188.8666666666667,5666.0,7636.0,13302.0,15354.0,0.0,506.0
drtp_img88_cacheonly_1024mb_500,500,250,2,1.0,100.0,cloud_fifo,133,117,63.61887218045103,126.90999999999988,134.3974999999998,13302.0,0.0,13302.0,13360.0,0.0,0.0
drtp_img88_cacheonly_1024mb_500,500,250,2,1.0,100.0,cloud_sjf,133,117,58.86026315789471,123.61,134.3975,13302.0,0.0,13302.0,12833.0,0.0,0.0
drtp_img88_cacheonly_1024mb_500,500,250,2,1.0,100.0,p2p_sjf,133,117,41.64027186725531,98.25369185749258,100.02135128217046,9957.0,3345.0,13302.0,12791.0,0.0,0.0
drtp_img88_cacheonly_1024mb_500,500,250,2,1.0,100.0,c_lru,133,117,35.761866776527135,90.59641628399079,101.6839162839908,7374.0,5928.0,13302.0,11998.0,887.0,0.0
drtp_img88_cacheonly_1024mb_500,500,250,2,1.0,100.0,l_lru,133,117,23.224616588921087,58.8630027238758,74.03566902123256,7186.0,6116.0,13302.0,13143.0,371.0,0.0
drtp_img88_cacheonly_1024mb_500,500,250,2,1.0,100.0,l_lease,133,117,22.352552480674536,53.55590516633294,65.96891578162808,5484.0,7818.0,13302.0,12364.0,1258.0,506.0
drtp_img88_cacheonly_1024mb_500,500,250,2,1.0,100.0,d_lease,133,117,22.843637404297993,53.56839468084201,64.53844844719677,5635.0,7667.0,13302.0,11797.0,1611.0,506.0
drtp_img88_cacheonly_1024mb_500,500,250,2,2.0,10.0,cloud_fifo,131,119,132.85725190839696,558.7999999999997,691.9999999999994,6920.0,0.0,6920.0,5109.0,0.0,0.0
drtp_img88_cacheonly_1024mb_500,500,250,2,2.0,10.0,cloud_sjf,131,119,122.85343511450384,533.0000000000001,692.0,6920.0,0.0,6920.0,5109.0,0.0,0.0
drtp_img88_cacheonly_1024mb_500,500,250,2,2.0,10.0,p2p_sjf,131,119,52.31224047316125,260.986813095238,276.978622089947,2761.0,4159.0,6920.0,5129.0,0.0,0.0
drtp_img88_cacheonly_1024mb_500,500,250,2,2.0,10.0,c_lru,131,119,47.64178075405241,229.27931395502645,241.10000000000002,2335.0,4585.0,6920.0,5135.0,0.0,0.0
drtp_img88_cacheonly_1024mb_500,500,250,2,2.0,10.0,l_lru,131,119,50.98875824245729,243.014489021164,262.6333333333333,2590.0,4330.0,6920.0,5109.0,0.0,0.0
drtp_img88_cacheonly_1024mb_500,500,250,2,2.0,10.0,l_lease,131,119,48.65052929035906,227.0583711640211,238.58333333333331,2335.0,4585.0,6920.0,5123.0,0.0,1007.0
drtp_img88_cacheonly_1024mb_500,500,250,2,2.0,10.0,d_lease,131,119,48.65052929035906,227.0583711640211,238.58333333333331,2335.0,4585.0,6920.0,5123.0,0.0,1008.0
drtp_img88_cacheonly_1024mb_500,500,250,2,2.0,30.0,cloud_fifo,131,119,44.28575063613226,186.2666666666663,230.66666666666623,6920.0,0.0,6920.0,5109.0,0.0,0.0
drtp_img88_cacheonly_1024mb_500,500,250,2,2.0,30.0,cloud_sjf,131,119,40.95114503816795,177.66666666666669,230.66666666666669,6920.0,0.0,6920.0,5109.0,0.0,0.0
drtp_img88_cacheonly_1024mb_500,500,250,2,2.0,30.0,p2p_sjf,131,119,17.40735438730889,85.12125722788669,97.03459602441326,2677.0,4243.0,6920.0,5100.0,0.0,0.0
drtp_img88_cacheonly_1024mb_500,500,250,2,2.0,30.0,c_lru,131,119,15.931638066152153,77.05898015698486,85.43333333333334,2335.0,4585.0,6920.0,5101.0,0.0,0.0
drtp_img88_cacheonly_1024mb_500,500,250,2,2.0,30.0,l_lru,131,119,17.272582006158416,80.08427742504408,90.56666666666666,2608.0,4312.0,6920.0,5110.0,0.0,0.0
drtp_img88_cacheonly_1024mb_500,500,250,2,2.0,30.0,l_lease,131,119,16.568671610323516,75.51040582010579,82.91666666666666,2335.0,4585.0,6920.0,5126.0,0.0,1007.0
drtp_img88_cacheonly_1024mb_500,500,250,2,2.0,30.0,d_lease,131,119,16.568671610323516,75.51040582010579,82.91666666666666,2335.0,4585.0,6920.0,5126.0,0.0,1008.0
drtp_img88_cacheonly_1024mb_500,500,250,2,2.0,100.0,cloud_fifo,131,119,13.316221374045792,55.87999999999999,71.55000000000004,6920.0,0.0,6920.0,5109.0,0.0,0.0
drtp_img88_cacheonly_1024mb_500,500,250,2,2.0,100.0,cloud_sjf,131,119,12.317041984732825,53.30000000000001,71.55000000000001,6920.0,0.0,6920.0,5109.0,0.0,0.0
drtp_img88_cacheonly_1024mb_500,500,250,2,2.0,100.0,p2p_sjf,131,119,5.409879169073201,26.164532383860188,38.21513941554301,2671.0,4249.0,6920.0,5087.0,0.0,0.0
drtp_img88_cacheonly_1024mb_500,500,250,2,2.0,100.0,c_lru,131,119,5.103668517475833,24.726644426595055,34.57411390098741,2370.0,4550.0,6920.0,5088.0,0.0,0.0
drtp_img88_cacheonly_1024mb_500,500,250,2,2.0,100.0,l_lru,131,119,5.617289347222753,26.67729553333333,36.53800807465277,2825.0,4095.0,6920.0,5074.0,0.0,0.0
drtp_img88_cacheonly_1024mb_500,500,250,2,2.0,100.0,l_lease,131,119,5.354962277880856,25.109929143022484,34.44742914302249,2335.0,4585.0,6920.0,5098.0,0.0,1007.0
drtp_img88_cacheonly_1024mb_500,500,250,2,2.0,100.0,d_lease,131,119,5.354962277880856,25.109929143022484,34.44742914302249,2335.0,4585.0,6920.0,5098.0,0.0,1008.0
drtp_img88_cacheonly_1024mb_500,500,250,3,0.5,10.0,cloud_fifo,126,124,834.1142857142859,1425.7000000000014,1468.800000000001,14688.0,0.0,14688.0,9926.0,4988.0,0.0
drtp_img88_cacheonly_1024mb_500,500,250,3,0.5,10.0,cloud_sjf,126,124,835.2246031746025,1441.9,1468.8000000000002,14688.0,0.0,14688.0,10010.0,4988.0,0.0
drtp_img88_cacheonly_1024mb_500,500,250,3,0.5,10.0,p2p_sjf,126,124,707.387935488753,1280.7261276455026,1292.7,12927.0,1761.0,14688.0,10010.0,4988.0,0.0
drtp_img88_cacheonly_1024mb_500,500,250,3,0.5,10.0,c_lru,126,124,601.2285019360113,1153.2000000000003,1153.2000000000003,11532.0,3156.0,14688.0,10082.0,4988.0,0.0
drtp_img88_cacheonly_1024mb_500,500,250,3,0.5,10.0,l_lru,126,124,563.6560573507181,1100.8000000000002,1189.5000000000002,11895.0,2793.0,14688.0,10165.0,4988.0,0.0
drtp_img88_cacheonly_1024mb_500,500,250,3,0.5,10.0,l_lease,126,124,511.3543653391911,1011.4000000000002,1100.1000000000001,11001.0,3687.0,14688.0,10047.0,4988.0,225.0
drtp_img88_cacheonly_1024mb_500,500,250,3,0.5,10.0,d_lease,126,124,511.3543653391911,1011.4000000000002,1100.1000000000001,11001.0,3687.0,14688.0,10047.0,4988.0,225.0
drtp_img88_cacheonly_1024mb_500,500,250,3,0.5,30.0,cloud_fifo,126,124,278.0380952380958,475.23333333333454,489.60000000000133,14688.0,0.0,14688.0,9926.0,4988.0,0.0
drtp_img88_cacheonly_1024mb_500,500,250,3,0.5,30.0,cloud_sjf,126,124,278.4082010582012,480.63333333333327,489.5999999999999,14688.0,0.0,14688.0,10010.0,4988.0,0.0
drtp_img88_cacheonly_1024mb_500,500,250,3,0.5,30.0,p2p_sjf,126,124,229.83176703904684,414.29270370370375,418.53333333333336,12556.0,2132.0,14688.0,10010.0,4988.0,0.0
drtp_img88_cacheonly_1024mb_500,500,250,3,0.5,30.0,c_lru,126,124,200.63615052895065,384.4,384.4,11532.0,3156.0,14688.0,10082.0,4988.0,0.0
drtp_img88_cacheonly_1024mb_500,500,250,3,0.5,30.0,l_lru,126,124,188.9545216610152,359.4333333333334,389.00000000000006,11670.0,3018.0,14688.0,10047.0,4988.0,0.0
drtp_img88_cacheonly_1024mb_500,500,250,3,0.5,30.0,l_lease,126,124,173.55591415343935,337.1333333333333,366.7,11001.0,3687.0,14688.0,10047.0,4988.0,225.0
drtp_img88_cacheonly_1024mb_500,500,250,3,0.5,30.0,d_lease,126,124,173.55591415343935,337.1333333333333,366.7,11001.0,3687.0,14688.0,10047.0,4988.0,225.0
drtp_img88_cacheonly_1024mb_500,500,250,3,0.5,100.0,cloud_fifo,126,124,83.43103174603152,142.56999999999957,147.5524999999995,14688.0,0.0,14688.0,9926.0,4988.0,0.0
drtp_img88_cacheonly_1024mb_500,500,250,3,0.5,100.0,cloud_sjf,126,124,83.54380952380956,144.18999999999994,147.55249999999995,14688.0,0.0,14688.0,10010.0,4988.0,0.0
drtp_img88_cacheonly_1024mb_500,500,250,3,0.5,100.0,p2p_sjf,126,124,69.88183498127574,125.50013789611643,127.39996552597088,12702.0,1986.0,14688.0,10010.0,4988.0,0.0
drtp_img88_cacheonly_1024mb_500,500,250,3,0.5,100.0,c_lru,126,124,62.46038634377847,133.23718786596476,133.23718786596476,11307.0,3381.0,14688.0,10082.0,4988.0,0.0
drtp_img88_cacheonly_1024mb_500,500,250,3,0.5,100.0,l_lru,126,124,59.73528661016779,135.64749999999995,135.64749999999995,11719.0,2969.0,14688.0,10159.0,4988.0,0.0
drtp_img88_cacheonly_1024mb_500,500,250,3,0.5,100.0,l_lease,126,124,55.84575271241371,128.48297495182985,128.48297495182985,11001.0,3687.0,14688.0,9931.0,4988.0,225.0
drtp_img88_cacheonly_1024mb_500,500,250,3,0.5,100.0,d_lease,126,124,55.84575271241371,128.48297495182985,128.48297495182985,11001.0,3687.0,14688.0,9931.0,4988.0,225.0
drtp_img88_cacheonly_1024mb_500,500,250,3,1.0,10.0,cloud_fifo,131,119,643.5717557251904,1329.5000000000002,1431.0,14310.0,0.0,14310.0,14733.0,0.0,0.0
drtp_img88_cacheonly_1024mb_500,500,250,3,1.0,10.0,cloud_sjf,131,119,645.7152671755726,1320.0999999999997,1430.9999999999998,14310.0,0.0,14310.0,14072.0,0.0,0.0
drtp_img88_cacheonly_1024mb_500,500,250,3,1.0,10.0,p2p_sjf,131,119,432.9991813774785,811.9243487103174,878.9833333333332,8642.0,5668.0,14310.0,14150.0,0.0,0.0
drtp_img88_cacheonly_1024mb_500,500,250,3,1.0,10.0,c_lru,131,119,347.6179695133586,596.3699405092591,686.7833333333331,6720.0,7590.0,14310.0,14150.0,0.0,0.0
drtp_img88_cacheonly_1024mb_500,500,250,3,1.0,10.0,l_lru,131,119,342.1525887091556,601.8921884259253,694.2833333333325,6795.0,7515.0,14310.0,14572.0,225.0,0.0
drtp_img88_cacheonly_1024mb_500,500,250,3,1.0,10.0,l_lease,131,119,310.9748678647157,536.9745486111101,593.5833333333328,5788.0,8522.0,14310.0,14416.0,225.0,410.0
drtp_img88_cacheonly_1024mb_500,500,250,3,1.0,10.0,d_lease,131,119,310.9748678647157,536.9745486111101,593.5833333333328,5788.0,8522.0,14310.0,14416.0,225.0,410.0
drtp_img88_cacheonly_1024mb_500,500,250,3,1.0,30.0,cloud_fifo,131,119,214.5239185750641,443.16666666666754,477.000000000001,14310.0,0.0,14310.0,14733.0,0.0,0.0
drtp_img88_cacheonly_1024mb_500,500,250,3,1.0,30.0,cloud_sjf,131,119,215.23842239185726,440.0333333333333,477.0,14310.0,0.0,14310.0,14072.0,0.0,0.0
drtp_img88_cacheonly_1024mb_500,500,250,3,1.0,30.0,p2p_sjf,131,119,144.14262731985283,270.6590516325076,302.15000000000003,8621.0,5689.0,14310.0,14150.0,0.0,0.0
drtp_img88_cacheonly_1024mb_500,500,250,3,1.0,30.0,c_lru,131,119,117.07339729122482,208.2156678510802,238.08333333333331,6699.0,7611.0,14310.0,14191.0,0.0,0.0
drtp_img88_cacheonly_1024mb_500,500,250,3,1.0,30.0,l_lru,131,119,116.25973156194038,211.95626369598753,241.9815325308642,6795.0,7515.0,14310.0,14572.0,225.0,0.0
drtp_img88_cacheonly_1024mb_500,500,250,3,1.0,30.0,l_lease,131,119,106.35815031806602,194.02872469135795,208.81205802469128,5788.0,8522.0,14310.0,14416.0,225.0,422.0
drtp_img88_cacheonly_1024mb_500,500,250,3,1.0,30.0,d_lease,131,119,106.35815031806604,194.02872469135795,208.81205802469128,5788.0,8522.0,14310.0,14416.0,225.0,422.0
drtp_img88_cacheonly_1024mb_500,500,250,3,1.0,100.0,cloud_fifo,131,119,64.44379134860037,132.9499999999998,147.53333333333333,14310.0,0.0,14310.0,14733.0,0.0,0.0
drtp_img88_cacheonly_1024mb_500,500,250,3,1.0,100.0,cloud_sjf,131,119,64.60536895674304,132.00999999999996,147.5333333333333,14310.0,0.0,14310.0,14072.0,0.0,0.0
drtp_img88_cacheonly_1024mb_500,500,250,3,1.0,100.0,p2p_sjf,131,119,43.33940647369447,83.53919588286884,103.30469364310599,8591.0,5719.0,14310.0,13127.0,887.0,0.0
drtp_img88_cacheonly_1024mb_500,500,250,3,1.0,100.0,c_lru,131,119,38.09895889386363,75.62648630909408,90.40981964242741,6706.0,7604.0,14310.0,14150.0,0.0,0.0
drtp_img88_cacheonly_1024mb_500,500,250,3,1.0,100.0,l_lru,131,119,38.02246536452772,79.38723506517012,91.48656285852886,6795.0,7515.0,14310.0,14572.0,225.0,0.0
drtp_img88_cacheonly_1024mb_500,500,250,3,1.0,100.0,l_lease,131,119,34.29430973038854,67.91242321403469,82.69575654736802,5788.0,8522.0,14310.0,14585.0,225.0,445.0
drtp_img88_cacheonly_1024mb_500,500,250,3,1.0,100.0,d_lease,131,119,34.289611111782904,67.90941334099146,82.6927466743248,5788.0,8522.0,14310.0,14585.0,225.0,445.0
drtp_img88_cacheonly_1024mb_500,500,250,3,2.0,10.0,cloud_fifo,131,119,94.5412213740458,491.4000000000002,545.9000000000003,5459.0,0.0,5459.0,4820.0,0.0,0.0
drtp_img88_cacheonly_1024mb_500,500,250,3,2.0,10.0,cloud_sjf,131,119,83.09541984732822,433.5,545.9000000000001,5459.0,0.0,5459.0,4820.0,0.0,0.0
drtp_img88_cacheonly_1024mb_500,500,250,3,2.0,10.0,p2p_sjf,131,119,47.41491752998909,230.88069444444443,235.0,2350.0,3109.0,5459.0,4904.0,0.0,0.0
drtp_img88_cacheonly_1024mb_500,500,250,3,2.0,10.0,c_lru,131,119,43.48419644371743,215.01412698412693,223.29999999999995,2233.0,3226.0,5459.0,4959.0,0.0,0.0
drtp_img88_cacheonly_1024mb_500,500,250,3,2.0,10.0,l_lru,131,119,44.249968805282926,227.40550000000002,234.5,2345.0,3114.0,5459.0,4932.0,0.0,0.0
drtp_img88_cacheonly_1024mb_500,500,250,3,2.0,10.0,l_lease,131,119,42.215009614685584,216.20550000000003,223.30000000000004,2233.0,3226.0,5459.0,4958.0,0.0,340.0
drtp_img88_cacheonly_1024mb_500,500,250,3,2.0,10.0,d_lease,131,119,42.215009614685584,216.20550000000003,223.30000000000004,2233.0,3226.0,5459.0,4958.0,0.0,340.0
drtp_img88_cacheonly_1024mb_500,500,250,3,2.0,30.0,cloud_fifo,131,119,31.513740458015274,163.79999999999993,181.96666666666655,5459.0,0.0,5459.0,4820.0,0.0,0.0
drtp_img88_cacheonly_1024mb_500,500,250,3,2.0,30.0,cloud_sjf,131,119,27.69847328244275,144.5,181.96666666666664,5459.0,0.0,5459.0,4820.0,0.0,0.0
drtp_img88_cacheonly_1024mb_500,500,250,3,2.0,30.0,p2p_sjf,131,119,16.194087771113534,78.30000000000001,82.21905857898716,2349.0,3110.0,5459.0,4904.0,0.0,0.0
drtp_img88_cacheonly_1024mb_500,500,250,3,2.0,30.0,c_lru,131,119,14.989390464073672,74.43333333333334,77.38126984126984,2233.0,3226.0,5459.0,4904.0,0.0,0.0
drtp_img88_cacheonly_1024mb_500,500,250,3,2.0,30.0,l_lru,131,119,15.11669180903914,78.16666666666666,82.80031084656085,2345.0,3114.0,5459.0,4936.0,0.0,0.0
drtp_img88_cacheonly_1024mb_500,500,250,3,2.0,30.0,l_lease,131,119,14.583515087442949,74.27,79.69794444444443,2233.0,3226.0,5459.0,4962.0,0.0,340.0
drtp_img88_cacheonly_1024mb_500,500,250,3,2.0,30.0,d_lease,131,119,14.583515087442949,74.27,79.69794444444443,2233.0,3226.0,5459.0,4962.0,0.0,340.0
drtp_img88_cacheonly_1024mb_500,500,250,3,2.0,100.0,cloud_fifo,131,119,9.458969465648853,49.140000000000015,54.907500000000034,5459.0,0.0,5459.0,4820.0,0.0,0.0
drtp_img88_cacheonly_1024mb_500,500,250,3,2.0,100.0,cloud_sjf,131,119,8.314389312977099,43.35,54.9075,5459.0,0.0,5459.0,4820.0,0.0,0.0
drtp_img88_cacheonly_1024mb_500,500,250,3,2.0,100.0,p2p_sjf,131,119,5.241962678236164,25.323521661940063,31.475110444943684,2401.0,3058.0,5459.0,4916.0,0.0,0.0
drtp_img88_cacheonly_1024mb_500,500,250,3,2.0,100.0,c_lru,131,119,5.04509325585698,24.51999655982755,31.258062695179305,2345.0,3114.0,5459.0,4933.0,0.0,0.0
drtp_img88_cacheonly_1024mb_500,500,250,3,2.0,100.0,l_lru,131,119,4.8997064602209734,23.716241393849206,32.79759192570546,2345.0,3114.0,5459.0,4936.0,0.0,0.0
drtp_img88_cacheonly_1024mb_500,500,250,3,2.0,100.0,l_lease,131,119,4.8997064602209734,23.716241393849206,32.79759192570546,2233.0,3226.0,5459.0,4962.0,0.0,340.0
drtp_img88_cacheonly_1024mb_500,500,250,3,2.0,100.0,d_lease,131,119,4.8997064602209734,23.716241393849206,32.79759192570546,2233.0,3226.0,5459.0,4962.0,0.0,340.0
drtp_img88_cacheonly_1024mb_500,500,250,4,0.5,10.0,cloud_fifo,132,118,864.7969696969692,1521.4999999999995,1642.8999999999999,16429.0,0.0,16429.0,10790.0,5541.0,0.0
drtp_img88_cacheonly_1024mb_500,500,250,4,0.5,10.0,cloud_sjf,132,118,903.3030303030307,1611.1000000000004,1642.9000000000003,16429.0,0.0,16429.0,11229.0,5541.0,0.0
drtp_img88_cacheonly_1024mb_500,500,250,4,0.5,10.0,p2p_sjf,132,118,748.315082430565,1384.2477006577012,1390.1999999999998,13902.0,2527.0,16429.0,11235.0,5541.0,0.0
drtp_img88_cacheonly_1024mb_500,500,250,4,0.5,10.0,c_lru,132,118,598.0617419119193,1176.2999999999997,1264.9999999999998,12650.0,3779.0,16429.0,11057.0,5541.0,0.0
drtp_img88_cacheonly_1024mb_500,500,250,4,0.5,10.0,l_lru,132,118,595.7728610509862,1296.4000000000005,1385.1000000000006,13851.0,2578.0,16429.0,11120.0,5541.0,0.0
drtp_img88_cacheonly_1024mb_500,500,250,4,0.5,10.0,l_lease,132,118,537.8032438973065,1137.3,1226.0,12260.0,4169.0,16429.0,10219.0,6240.0,251.0
drtp_img88_cacheonly_1024mb_500,500,250,4,0.5,10.0,d_lease,132,118,537.5086229858107,1137.3000000000002,1226.0000000000002,12260.0,4169.0,16429.0,10242.0,6240.0,251.0
drtp_img88_cacheonly_1024mb_500,500,250,4,0.5,30.0,cloud_fifo,132,118,288.26565656565657,507.1666666666671,547.6333333333338,16429.0,0.0,16429.0,10790.0,5541.0,0.0
drtp_img88_cacheonly_1024mb_500,500,250,4,0.5,30.0,cloud_sjf,132,118,301.1010101010101,537.0333333333335,547.6333333333336,16429.0,0.0,16429.0,11229.0,5541.0,0.0
drtp_img88_cacheonly_1024mb_500,500,250,4,0.5,30.0,p2p_sjf,132,118,248.97428299759656,462.0616955176335,463.19999999999993,13896.0,2533.0,16429.0,11235.0,5541.0,0.0
drtp_img88_cacheonly_1024mb_500,500,250,4,0.5,30.0,c_lru,132,118,200.85471145336976,394.1333333333335,423.70000000000016,12711.0,3718.0,16429.0,11057.0,5541.0,0.0
drtp_img88_cacheonly_1024mb_500,500,250,4,0.5,30.0,l_lru,132,118,198.9993240440116,434.29999999999995,463.8666666666666,13916.0,2513.0,16429.0,11284.0,5541.0,0.0
drtp_img88_cacheonly_1024mb_500,500,250,4,0.5,30.0,l_lease,132,118,179.11804112554114,379.1,408.6666666666667,12260.0,4169.0,16429.0,10434.0,6240.0,251.0
drtp_img88_cacheonly_1024mb_500,500,250,4,0.5,30.0,d_lease,132,118,178.99925054112555,379.1,408.6666666666667,12260.0,4169.0,16429.0,10434.0,6240.0,251.0
drtp_img88_cacheonly_1024mb_500,500,250,4,0.5,100.0,cloud_fifo,132,118,86.4863446969695,152.1499999999996,165.08499999999958,16429.0,0.0,16429.0,10790.0,5541.0,0.0
drtp_img88_cacheonly_1024mb_500,500,250,4,0.5,100.0,cloud_sjf,132,118,90.34837121212112,161.10999999999996,165.08499999999995,16429.0,0.0,16429.0,11229.0,5541.0,0.0
drtp_img88_cacheonly_1024mb_500,500,250,4,0.5,100.0,p2p_sjf,132,118,74.38633054779775,138.31182523285872,139.34211651142743,13893.0,2536.0,16429.0,11229.0,5541.0,0.0
drtp_img88_cacheonly_1024mb_500,500,250,4,0.5,100.0,c_lru,132,118,62.604827763859994,128.39851132140376,139.48601132140377,12914.0,3515.0,16429.0,11235.0,5541.0,0.0
drtp_img88_cacheonly_1024mb_500,500,250,4,0.5,100.0,l_lru,132,118,59.00271502834812,139.87127779478465,150.95877779478465,13629.0,2800.0,16429.0,11085.0,5541.0,0.0
drtp_img88_cacheonly_1024mb_500,500,250,4,0.5,100.0,l_lease,132,118,55.193791901568616,128.94795315255726,140.03545315255727,12511.0,3918.0,16429.0,10831.0,5935.0,233.0
drtp_img88_cacheonly_1024mb_500,500,250,4,0.5,100.0,d_lease,132,118,55.1159027465687,128.9482332164903,140.0357332164903,12511.0,3918.0,16429.0,10831.0,5935.0,239.0
drtp_img88_cacheonly_1024mb_500,500,250,4,1.0,10.0,cloud_fifo,131,119,757.9335877862592,1474.3999999999999,1604.6999999999998,16047.0,0.0,16047.0,15058.0,0.0,0.0
drtp_img88_cacheonly_1024mb_500,500,250,4,1.0,10.0,cloud_sjf,131,119,771.5358778625953,1397.8000000000004,1604.7000000000005,16047.0,0.0,16047.0,14425.0,0.0,0.0
drtp_img88_cacheonly_1024mb_500,500,250,4,1.0,10.0,p2p_sjf,131,119,598.751862656004,1203.3433134920633,1304.5,13045.0,3002.0,16047.0,14425.0,0.0,0.0
drtp_img88_cacheonly_1024mb_500,500,250,4,1.0,10.0,c_lru,131,119,439.86946519447486,805.28,805.28,7698.0,8349.0,16047.0,14442.0,0.0,0.0
drtp_img88_cacheonly_1024mb_500,500,250,4,1.0,10.0,l_lru,131,119,409.91173990771046,781.39523478836,833.2833333333334,8185.0,7862.0,16047.0,14919.0,0.0,0.0
drtp_img88_cacheonly_1024mb_500,500,250,4,1.0,10.0,l_lease,131,119,387.9976623450054,711.038712797619,758.1999999999999,7342.0,8705.0,16047.0,15648.0,0.0,492.0
drtp_img88_cacheonly_1024mb_500,500,250,4,1.0,10.0,d_lease,131,119,382.92840535933027,674.4986069223988,692.2436137198708,6789.0,9258.0,16047.0,15242.0,139.0,492.0
drtp_img88_cacheonly_1024mb_500,500,250,4,1.0,30.0,cloud_fifo,131,119,252.6445292620865,491.46666666666715,534.9000000000005,16047.0,0.0,16047.0,15058.0,0.0,0.0
drtp_img88_cacheonly_1024mb_500,500,250,4,1.0,30.0,cloud_sjf,131,119,257.1786259541984,465.93333333333345,534.9000000000002,16047.0,0.0,16047.0,14425.0,0.0,0.0
drtp_img88_cacheonly_1024mb_500,500,250,4,1.0,30.0,p2p_sjf,131,119,199.39934774815723,398.07446357289837,434.8333333333334,13045.0,3002.0,16047.0,14425.0,0.0,0.0
drtp_img88_cacheonly_1024mb_500,500,250,4,1.0,30.0,c_lru,131,119,151.14455521933425,294.29749999999996,294.29749999999996,7698.0,8349.0,16047.0,14425.0,0.0,0.0
drtp_img88_cacheonly_1024mb_500,500,250,4,1.0,30.0,l_lru,131,119,138.74581549759515,262.9888957993827,284.26666666666665,7984.0,8063.0,16047.0,14938.0,0.0,0.0
drtp_img88_cacheonly_1024mb_500,500,250,4,1.0,30.0,l_lease,131,119,132.3913653642035,238.0780376056364,268.73333333333335,7342.0,8705.0,16047.0,15736.0,139.0,492.0
drtp_img88_cacheonly_1024mb_500,500,250,4,1.0,30.0,d_lease,131,119,132.20739417585924,244.94775679747207,258.91096854178915,6789.0,9258.0,16047.0,14331.0,564.0,492.0
drtp_img88_cacheonly_1024mb_500,500,250,4,1.0,100.0,cloud_fifo,131,119,75.80837150127215,147.43999999999988,162.4366666666666,16047.0,0.0,16047.0,15058.0,0.0,0.0
drtp_img88_cacheonly_1024mb_500,500,250,4,1.0,100.0,cloud_sjf,131,119,77.18361323155216,139.78,162.43666666666667,16047.0,0.0,16047.0,14425.0,0.0,0.0
drtp_img88_cacheonly_1024mb_500,500,250,4,1.0,100.0,p2p_sjf,131,119,59.51104544818663,115.13679543318614,128.98681544399594,12178.0,3869.0,16047.0,14425.0,0.0,0.0
drtp_img88_cacheonly_1024mb_500,500,250,4,1.0,100.0,c_lru,131,119,47.55974823211116,94.67163393948726,109.4549672728206,7698.0,8349.0,16047.0,14425.0,0.0,0.0
drtp_img88_cacheonly_1024mb_500,500,250,4,1.0,100.0,l_lru,131,119,44.02762832989736,81.72120845887518,101.78281650221102,8185.0,7862.0,16047.0,13876.0,564.0,0.0
drtp_img88_cacheonly_1024mb_500,500,250,4,1.0,100.0,l_lease,131,119,42.07896779325642,78.62814998604217,97.45541763551259,7895.0,8152.0,16047.0,14337.0,564.0,459.0
drtp_img88_cacheonly_1024mb_500,500,250,4,1.0,100.0,d_lease,131,119,41.71072139292345,78.66628631048212,97.590033283886,6789.0,9258.0,16047.0,13955.0,564.0,492.0
drtp_img88_cacheonly_1024mb_500,500,250,4,2.0,10.0,cloud_fifo,132,118,107.43030303030295,522.8999999999993,558.6999999999996,5587.0,0.0,5587.0,4874.0,0.0,0.0
drtp_img88_cacheonly_1024mb_500,500,250,4,2.0,10.0,cloud_sjf,132,118,98.09772727272725,490.8,558.6999999999999,5587.0,0.0,5587.0,4874.0,0.0,0.0
drtp_img88_cacheonly_1024mb_500,500,250,4,2.0,10.0,p2p_sjf,132,118,62.03987448298713,316.77006799768526,355.5833333333335,3518.0,2069.0,5587.0,5372.0,0.0,0.0
drtp_img88_cacheonly_1024mb_500,500,250,4,2.0,10.0,c_lru,132,118,50.01285932121445,224.9719391850382,262.48333333333335,2587.0,3000.0,5587.0,5372.0,0.0,0.0
drtp_img88_cacheonly_1024mb_500,500,250,4,2.0,10.0,l_lru,132,118,43.53829635813324,228.05021339561284,262.09999999999997,2621.0,2966.0,5587.0,4846.0,0.0,0.0
drtp_img88_cacheonly_1024mb_500,500,250,4,2.0,10.0,l_lease,132,118,42.84713474197164,224.6502133956129,258.70000000000005,2587.0,3000.0,5587.0,4812.0,0.0,479.0
drtp_img88_cacheonly_1024mb_500,500,250,4,2.0,10.0,d_lease,132,118,42.84713474197164,224.6502133956129,258.70000000000005,2587.0,3000.0,5587.0,4812.0,0.0,479.0
drtp_img88_cacheonly_1024mb_500,500,250,4,2.0,30.0,cloud_fifo,132,118,35.810101010101,174.2999999999999,186.23333333333318,5587.0,0.0,5587.0,4874.0,0.0,0.0
drtp_img88_cacheonly_1024mb_500,500,250,4,2.0,30.0,cloud_sjf,132,118,32.69924242424245,163.6000000000001,186.23333333333343,5587.0,0.0,5587.0,4874.0,0.0,0.0
drtp_img88_cacheonly_1024mb_500,500,250,4,2.0,30.0,p2p_sjf,132,118,20.50301479889505,106.420507374109,119.68333333333335,3477.0,2110.0,5587.0,5372.0,0.0,0.0
drtp_img88_cacheonly_1024mb_500,500,250,4,2.0,30.0,c_lru,132,118,16.84182278373684,74.25017298412699,90.01666666666667,2587.0,3000.0,5587.0,5372.0,0.0,0.0
drtp_img88_cacheonly_1024mb_500,500,250,4,2.0,30.0,l_lru,132,118,14.562912725643452,74.89370236315824,87.36666666666667,2621.0,2966.0,5587.0,4846.0,0.0,0.0
drtp_img88_cacheonly_1024mb_500,500,250,4,2.0,30.0,l_lease,132,118,14.335387473118198,73.7603690298249,86.23333333333333,2587.0,3000.0,5587.0,4812.0,0.0,479.0
drtp_img88_cacheonly_1024mb_500,500,250,4,2.0,30.0,d_lease,132,118,14.335387473118198,73.7603690298249,86.23333333333333,2587.0,3000.0,5587.0,4812.0,0.0,479.0
drtp_img88_cacheonly_1024mb_500,500,250,4,2.0,100.0,cloud_fifo,132,118,10.760252525252529,52.29000000000002,57.03000000000004,5587.0,0.0,5587.0,4874.0,0.0,0.0
drtp_img88_cacheonly_1024mb_500,500,250,4,2.0,100.0,cloud_sjf,132,118,9.818560606060611,49.08000000000002,57.03000000000002,5587.0,0.0,5587.0,4874.0,0.0,0.0
drtp_img88_cacheonly_1024mb_500,500,250,4,2.0,100.0,p2p_sjf,132,118,5.770005658056347,28.43790569266989,37.23302845300801,3253.0,2334.0,5587.0,5406.0,0.0,0.0
drtp_img88_cacheonly_1024mb_500,500,250,4,2.0,100.0,c_lru,132,118,5.332346753204211,25.349396341048482,31.496714373924398,2621.0,2966.0,5587.0,5406.0,0.0,0.0
drtp_img88_cacheonly_1024mb_500,500,250,4,2.0,100.0,l_lru,132,118,4.346220726744201,22.70605030728885,27.982644244878614,2621.0,2966.0,5587.0,4923.0,0.0,0.0
drtp_img88_cacheonly_1024mb_500,500,250,4,2.0,100.0,l_lease,132,118,4.280109615633087,22.366050307288848,27.64264424487861,2587.0,3000.0,5587.0,4889.0,0.0,479.0
drtp_img88_cacheonly_1024mb_500,500,250,4,2.0,100.0,d_lease,132,118,4.280109615633087,22.366050307288848,27.64264424487861,2587.0,3000.0,5587.0,4889.0,0.0,479.0
drtp_img88_cacheonly_1024mb_500,500,250,5,0.5,10.0,cloud_fifo,133,117,806.9609022556381,1469.9999999999975,1650.299999999998,16503.0,0.0,16503.0,12187.0,4101.0,0.0
drtp_img88_cacheonly_1024mb_500,500,250,5,0.5,10.0,cloud_sjf,133,117,958.871428571429,1527.8000000000004,1650.3000000000004,16503.0,0.0,16503.0,12468.0,4101.0,0.0
drtp_img88_cacheonly_1024mb_500,500,250,5,0.5,10.0,p2p_sjf,133,117,789.1282754152255,1212.6,1301.3,13013.0,3490.0,16503.0,12479.0,4101.0,0.0
drtp_img88_cacheonly_1024mb_500,500,250,5,0.5,10.0,c_lru,133,117,650.7333472031182,1056.6000000000001,1145.3000000000002,11453.0,5050.0,16503.0,12479.0,4101.0,0.0
drtp_img88_cacheonly_1024mb_500,500,250,5,0.5,10.0,l_lru,133,117,627.6425742935855,1227.3000000000006,1316.0000000000007,13160.0,3343.0,16503.0,12510.0,4101.0,0.0
drtp_img88_cacheonly_1024mb_500,500,250,5,0.5,10.0,l_lease,133,117,567.3429589510198,1063.3000000000002,1152.0000000000002,11520.0,4983.0,16503.0,11987.0,4866.0,256.0
drtp_img88_cacheonly_1024mb_500,500,250,5,0.5,10.0,d_lease,133,117,580.4505374799671,1100.6,1189.3,11893.0,4610.0,16503.0,10797.0,5565.0,256.0
drtp_img88_cacheonly_1024mb_500,500,250,5,0.5,30.0,cloud_fifo,133,117,268.98696741854627,489.9999999999999,550.1,16503.0,0.0,16503.0,12187.0,4101.0,0.0
drtp_img88_cacheonly_1024mb_500,500,250,5,0.5,30.0,cloud_sjf,133,117,319.6238095238099,509.26666666666665,550.0999999999999,16503.0,0.0,16503.0,12468.0,4101.0,0.0
drtp_img88_cacheonly_1024mb_500,500,250,5,0.5,30.0,p2p_sjf,133,117,262.9849921216563,404.19999999999993,433.7666666666666,13013.0,3490.0,16503.0,12479.0,4101.0,0.0
drtp_img88_cacheonly_1024mb_500,500,250,5,0.5,30.0,c_lru,133,117,217.18560325206818,352.19999999999993,381.7666666666666,11453.0,5050.0,16503.0,12479.0,4101.0,0.0
drtp_img88_cacheonly_1024mb_500,500,250,5,0.5,30.0,l_lru,133,117,209.1292501961769,409.1000000000001,438.66666666666674,13160.0,3343.0,16503.0,12646.0,4101.0,0.0
drtp_img88_cacheonly_1024mb_500,500,250,5,0.5,30.0,l_lease,133,117,189.28627681345867,354.43333333333345,384.0000000000001,11520.0,4983.0,16503.0,12061.0,4866.0,256.0
drtp_img88_cacheonly_1024mb_500,500,250,5,0.5,30.0,d_lease,133,117,194.6632192867658,360.16666666666663,389.7333333333333,11692.0,4811.0,16503.0,10741.0,5631.0,256.0
drtp_img88_cacheonly_1024mb_500,500,250,5,0.5,100.0,cloud_fifo,133,117,80.73152882205503,146.9999999999998,168.6899999999999,16503.0,0.0,16503.0,12187.0,4101.0,0.0
drtp_img88_cacheonly_1024mb_500,500,250,5,0.5,100.0,cloud_sjf,133,117,95.94218045112778,152.78000000000003,168.69000000000003,16503.0,0.0,16503.0,12468.0,4101.0,0.0
drtp_img88_cacheonly_1024mb_500,500,250,5,0.5,100.0,p2p_sjf,133,117,78.28551572741617,124.36893900047207,139.70867201592958,13321.0,3182.0,16503.0,12006.0,4495.0,0.0
drtp_img88_cacheonly_1024mb_500,500,250,5,0.5,100.0,c_lru,133,117,67.27025554289285,113.35673096296203,124.44423096296204,11576.0,4927.0,16503.0,12045.0,4406.0,0.0
drtp_img88_cacheonly_1024mb_500,500,250,5,0.5,100.0,l_lru,133,117,61.909760457053075,121.67809053747271,136.46142387080604,12942.0,3561.0,16503.0,12402.0,4101.0,0.0
drtp_img88_cacheonly_1024mb_500,500,250,5,0.5,100.0,l_lease,133,117,58.185049320959386,111.820625,126.60395833333334,11825.0,4678.0,16503.0,10729.0,5783.0,256.0
drtp_img88_cacheonly_1024mb_500,500,250,5,0.5,100.0,d_lease,133,117,58.81688025816682,113.1709852912048,127.95431862453813,11997.0,4506.0,16503.0,10999.0,5565.0,256.0
drtp_img88_cacheonly_1024mb_500,500,250,5,1.0,10.0,cloud_fifo,131,119,629.670229007634,1289.5000000000018,1394.200000000002,13942.0,0.0,13942.0,15700.0,0.0,0.0
drtp_img88_cacheonly_1024mb_500,500,250,5,1.0,10.0,cloud_sjf,131,119,630.8488549618324,1214.5000000000002,1394.2,13942.0,0.0,13942.0,13539.0,0.0,0.0
drtp_img88_cacheonly_1024mb_500,500,250,5,1.0,10.0,p2p_sjf,131,119,474.6855493472073,971.7914563492064,976.8000000000001,9768.0,4174.0,13942.0,13483.0,0.0,0.0
drtp_img88_cacheonly_1024mb_500,500,250,5,1.0,10.0,c_lru,131,119,389.12197552068625,686.9,748.7666666666667,7422.0,6520.0,13942.0,13483.0,0.0,0.0
drtp_img88_cacheonly_1024mb_500,500,250,5,1.0,10.0,l_lru,131,119,332.49074126378247,682.9417333333331,721.1599999999995,7101.0,6841.0,13942.0,14260.0,0.0,0.0
drtp_img88_cacheonly_1024mb_500,500,250,5,1.0,10.0,l_lease,131,119,288.1594943631608,577.8916666666665,600.7599999999998,5897.0,8045.0,13942.0,14321.0,0.0,493.0
drtp_img88_cacheonly_1024mb_500,500,250,5,1.0,10.0,d_lease,131,119,288.1594943631608,577.8916666666665,600.7599999999998,5897.0,8045.0,13942.0,14321.0,0.0,493.0
drtp_img88_cacheonly_1024mb_500,500,250,5,1.0,30.0,cloud_fifo,131,119,209.8900763358779,429.8333333333334,464.73333333333346,13942.0,0.0,13942.0,15700.0,0.0,0.0
drtp_img88_cacheonly_1024mb_500,500,250,5,1.0,30.0,cloud_sjf,131,119,210.28295165394385,404.83333333333326,464.7333333333333,13942.0,0.0,13942.0,13539.0,0.0,0.0
drtp_img88_cacheonly_1024mb_500,500,250,5,1.0,30.0,p2p_sjf,131,119,158.80106932831498,323.5880610119047,325.4666666666666,9764.0,4178.0,13942.0,13483.0,0.0,0.0
drtp_img88_cacheonly_1024mb_500,500,250,5,1.0,30.0,c_lru,131,119,133.937257565378,240.68483274312493,248.5184234045006,6867.0,7075.0,13942.0,13483.0,0.0,0.0
drtp_img88_cacheonly_1024mb_500,500,250,5,1.0,30.0,l_lru,131,119,113.31815627815732,236.56666666666672,247.74474730004945,7097.0,6845.0,13942.0,14266.0,0.0,0.0
drtp_img88_cacheonly_1024mb_500,500,250,5,1.0,30.0,l_lease,131,119,99.51232040208481,198.58491923279007,224.21666666666664,6450.0,7492.0,13942.0,13344.0,553.0,493.0
drtp_img88_cacheonly_1024mb_500,500,250,5,1.0,30.0,d_lease,131,119,99.51232040208481,198.58491923279007,224.21666666666664,6450.0,7492.0,13942.0,13344.0,553.0,493.0
drtp_img88_cacheonly_1024mb_500,500,250,5,1.0,100.0,cloud_fifo,131,119,62.99109414758262,128.94999999999993,141.18666666666672,13942.0,0.0,13942.0,15700.0,0.0,0.0
drtp_img88_cacheonly_1024mb_500,500,250,5,1.0,100.0,cloud_sjf,131,119,63.111857506361254,121.44999999999999,141.18666666666664,13942.0,0.0,13942.0,13539.0,0.0,0.0
drtp_img88_cacheonly_1024mb_500,500,250,5,1.0,100.0,p2p_sjf,131,119,48.53407819842093,98.12520118596463,108.17987224032001,9764.0,4178.0,13942.0,13510.0,0.0,0.0
drtp_img88_cacheonly_1024mb_500,500,250,5,1.0,100.0,c_lru,131,119,44.13136574536462,90.12971916503413,104.91305249836746,6867.0,7075.0,13942.0,13510.0,0.0,0.0
drtp_img88_cacheonly_1024mb_500,500,250,5,1.0,100.0,l_lru,131,119,37.8478052181007,85.24486628652261,100.85261046124828,7650.0,6292.0,13942.0,13255.0,553.0,0.0
drtp_img88_cacheonly_1024mb_500,500,250,5,1.0,100.0,l_lease,131,119,32.79794748241804,73.83190050925923,88.61523384259256,6450.0,7492.0,13942.0,13101.0,553.0,493.0
drtp_img88_cacheonly_1024mb_500,500,250,5,1.0,100.0,d_lease,131,119,32.79794748241804,73.83190050925923,88.61523384259256,6450.0,7492.0,13942.0,13101.0,553.0,493.0
drtp_img88_cacheonly_1024mb_500,500,250,5,2.0,10.0,cloud_fifo,132,118,96.7075757575758,537.2000000000003,626.1000000000004,6261.0,0.0,6261.0,5299.0,0.0,0.0
drtp_img88_cacheonly_1024mb_500,500,250,5,2.0,10.0,cloud_sjf,132,118,103.49166666666665,502.1999999999999,626.0999999999999,6261.0,0.0,6261.0,5299.0,0.0,0.0
drtp_img88_cacheonly_1024mb_500,500,250,5,2.0,10.0,p2p_sjf,132,118,45.24419654882154,262.57508333333334,294.6,2946.0,3315.0,6261.0,4810.0,0.0,0.0
drtp_img88_cacheonly_1024mb_500,500,250,5,2.0,10.0,c_lru,132,118,45.24419654882154,262.57508333333334,294.6,2946.0,3315.0,6261.0,4810.0,0.0,0.0
drtp_img88_cacheonly_1024mb_500,500,250,5,2.0,10.0,l_lru,132,118,37.6480237037037,209.47303333333335,294.6,2946.0,3315.0,6261.0,4799.0,0.0,0.0
drtp_img88_cacheonly_1024mb_500,500,250,5,2.0,10.0,l_lease,132,118,37.24044037037036,209.47303333333335,273.33750000000003,2687.0,3574.0,6261.0,4729.0,0.0,936.0
drtp_img88_cacheonly_1024mb_500,500,250,5,2.0,10.0,d_lease,132,118,37.24044037037036,209.47303333333335,273.33750000000003,2687.0,3574.0,6261.0,4729.0,0.0,937.0
drtp_img88_cacheonly_1024mb_500,500,250,5,2.0,30.0,cloud_fifo,132,118,32.235858585858566,179.0666666666665,208.69999999999976,6261.0,0.0,6261.0,5299.0,0.0,0.0
drtp_img88_cacheonly_1024mb_500,500,250,5,2.0,30.0,cloud_sjf,132,118,34.49722222222223,167.39999999999998,208.69999999999996,6261.0,0.0,6261.0,5299.0,0.0,0.0
drtp_img88_cacheonly_1024mb_500,500,250,5,2.0,30.0,p2p_sjf,132,118,15.482159054082498,87.0321800925926,98.2,2946.0,3315.0,6261.0,4810.0,0.0,0.0
drtp_img88_cacheonly_1024mb_500,500,250,5,2.0,30.0,c_lru,132,118,15.482159054082498,87.0321800925926,98.2,2946.0,3315.0,6261.0,4810.0,0.0,0.0
drtp_img88_cacheonly_1024mb_500,500,250,5,2.0,30.0,l_lru,132,118,12.9007235003367,73.07574333333334,98.2,2946.0,3315.0,6261.0,4806.0,0.0,0.0
drtp_img88_cacheonly_1024mb_500,500,250,5,2.0,30.0,l_lease,132,118,12.786819939730638,73.07574333333334,94.20416666666667,2687.0,3574.0,6261.0,4745.0,0.0,936.0
drtp_img88_cacheonly_1024mb_500,500,250,5,2.0,30.0,d_lease,132,118,12.786819939730638,73.07574333333334,94.20416666666667,2687.0,3574.0,6261.0,4745.0,0.0,937.0
drtp_img88_cacheonly_1024mb_500,500,250,5,2.0,100.0,cloud_fifo,132,118,9.672481060606064,53.72000000000003,62.83750000000003,6261.0,0.0,6261.0,5299.0,0.0,0.0
drtp_img88_cacheonly_1024mb_500,500,250,5,2.0,100.0,cloud_sjf,132,118,10.350890151515154,50.22,62.8375,6261.0,0.0,6261.0,5299.0,0.0,0.0
drtp_img88_cacheonly_1024mb_500,500,250,5,2.0,100.0,p2p_sjf,132,118,5.737087676954731,27.39851175308642,33.98344222222222,3146.0,3115.0,6261.0,4982.0,0.0,0.0
drtp_img88_cacheonly_1024mb_500,500,250,5,2.0,100.0,c_lru,132,118,5.737087676954731,27.39851175308642,33.98344222222222,3146.0,3115.0,6261.0,4982.0,0.0,0.0
drtp_img88_cacheonly_1024mb_500,500,250,5,2.0,100.0,l_lru,132,118,4.249117624936867,20.94689658333333,31.773099583333327,2946.0,3315.0,6261.0,4818.0,0.0,0.0
drtp_img88_cacheonly_1024mb_500,500,250,5,2.0,100.0,l_lease,132,118,4.2419055037247455,20.94689658333333,31.433099583333327,2687.0,3574.0,6261.0,4754.0,0.0,936.0
drtp_img88_cacheonly_1024mb_500,500,250,5,2.0,100.0,d_lease,132,118,4.2419055037247455,20.94689658333333,31.433099583333327,2687.0,3574.0,6261.0,4754.0,0.0,937.0
drtp_img88_cacheonly_1024mb_1000,1000,500,1,0.5,10.0,cloud_fifo,155,345,841.2496774193548,1384.9000000000017,1495.6000000000006,14956.0,0.0,14956.0,10990.0,4101.0,0.0
drtp_img88_cacheonly_1024mb_1000,1000,500,1,0.5,10.0,cloud_sjf,155,345,835.1064516129023,1418.5,1495.6000000000001,14956.0,0.0,14956.0,10976.0,4101.0,0.0
drtp_img88_cacheonly_1024mb_1000,1000,500,1,0.5,10.0,p2p_sjf,155,345,662.0395814970561,1178.867975291005,1182.0999999999997,11821.0,3135.0,14956.0,10976.0,4101.0,0.0
drtp_img88_cacheonly_1024mb_1000,1000,500,1,0.5,10.0,c_lru,155,345,583.1269038970115,1005.2999999999997,1093.9999999999998,10940.0,4016.0,14956.0,11089.0,4101.0,0.0
drtp_img88_cacheonly_1024mb_1000,1000,500,1,0.5,10.0,l_lru,155,345,566.2290956221198,1130.7,1219.4,12194.0,2762.0,14956.0,10734.0,4229.0,0.0
drtp_img88_cacheonly_1024mb_1000,1000,500,1,0.5,10.0,l_lease,155,345,532.6078992575524,1002.4000000000004,1091.1000000000004,10911.0,4045.0,14956.0,10228.0,4720.0,229.0
drtp_img88_cacheonly_1024mb_1000,1000,500,1,0.5,10.0,d_lease,155,345,532.6078992575524,1002.4000000000004,1091.1000000000004,10911.0,4045.0,14956.0,10228.0,4720.0,255.0
drtp_img88_cacheonly_1024mb_1000,1000,500,1,0.5,30.0,cloud_fifo,155,345,280.416559139785,461.6333333333341,498.5333333333346,14956.0,0.0,14956.0,10990.0,4101.0,0.0
drtp_img88_cacheonly_1024mb_1000,1000,500,1,0.5,30.0,cloud_sjf,155,345,278.36881720430097,472.83333333333337,498.53333333333336,14956.0,0.0,14956.0,10976.0,4101.0,0.0
drtp_img88_cacheonly_1024mb_1000,1000,500,1,0.5,30.0,p2p_sjf,155,345,220.59130977385678,391.6666302038343,394.0333333333333,11821.0,3135.0,14956.0,10976.0,4101.0,0.0
drtp_img88_cacheonly_1024mb_1000,1000,500,1,0.5,30.0,c_lru,155,345,194.40597237913275,334.1666666666667,363.73333333333335,10912.0,4044.0,14956.0,11089.0,4101.0,0.0
drtp_img88_cacheonly_1024mb_1000,1000,500,1,0.5,30.0,l_lru,155,345,188.6544140508905,376.9000000000001,406.46666666666675,12194.0,2762.0,14956.0,10734.0,4229.0,0.0
drtp_img88_cacheonly_1024mb_1000,1000,500,1,0.5,30.0,l_lease,155,345,177.56585722278754,334.1333333333334,363.70000000000005,10911.0,4045.0,14956.0,10228.0,4720.0,229.0
drtp_img88_cacheonly_1024mb_1000,1000,500,1,0.5,30.0,d_lease,155,345,177.56585722278754,334.1333333333334,363.70000000000005,10911.0,4045.0,14956.0,10228.0,4720.0,240.0
drtp_img88_cacheonly_1024mb_1000,1000,500,1,0.5,100.0,cloud_fifo,155,345,84.1713333333332,138.4899999999996,152.73999999999984,14956.0,0.0,14956.0,10990.0,4101.0,0.0
drtp_img88_cacheonly_1024mb_1000,1000,500,1,0.5,100.0,cloud_sjf,155,345,83.59270967741936,141.85,152.73999999999998,14956.0,0.0,14956.0,10976.0,4101.0,0.0
drtp_img88_cacheonly_1024mb_1000,1000,500,1,0.5,100.0,p2p_sjf,155,345,65.29675694089336,113.33516043891112,117.22655970739261,11567.0,3389.0,14956.0,10547.0,4495.0,0.0
drtp_img88_cacheonly_1024mb_1000,1000,500,1,0.5,100.0,c_lru,155,345,59.256190162684426,109.01682061998042,120.10432061998043,10912.0,4044.0,14956.0,10937.0,4101.0,0.0
drtp_img88_cacheonly_1024mb_1000,1000,500,1,0.5,100.0,l_lru,155,345,56.97582241188529,118.91449017192413,130.00199017192412,11978.0,2978.0,14956.0,10836.0,4229.0,0.0
drtp_img88_cacheonly_1024mb_1000,1000,500,1,0.5,100.0,l_lease,155,345,53.89527762955411,108.24965580207905,119.33715580207905,10912.0,4044.0,14956.0,10217.0,4720.0,229.0
drtp_img88_cacheonly_1024mb_1000,1000,500,1,0.5,100.0,d_lease,155,345,53.89527762955411,108.24965580207905,119.33715580207905,10912.0,4044.0,14956.0,10217.0,4720.0,240.0
drtp_img88_cacheonly_1024mb_1000,1000,500,1,1.0,10.0,cloud_fifo,155,345,615.3974193548366,1423.2999999999952,1488.5999999999954,14886.0,0.0,14886.0,15733.0,0.0,0.0
drtp_img88_cacheonly_1024mb_1000,1000,500,1,1.0,10.0,cloud_sjf,155,345,724.0651612903229,1423.2999999999997,1488.5999999999997,14886.0,0.0,14886.0,14184.0,0.0,0.0
drtp_img88_cacheonly_1024mb_1000,1000,500,1,1.0,10.0,p2p_sjf,155,345,510.48992829178434,981.6483047460321,993.7000000000003,9937.0,4949.0,14886.0,14184.0,0.0,0.0
drtp_img88_cacheonly_1024mb_1000,1000,500,1,1.0,10.0,c_lru,155,345,426.5063243798318,726.4099999999999,726.4099999999999,6998.0,7888.0,14886.0,14169.0,0.0,0.0
drtp_img88_cacheonly_1024mb_1000,1000,500,1,1.0,10.0,l_lru,155,345,367.4241311230584,694.0694014550264,738.3725595238094,7329.0,7557.0,14886.0,15363.0,0.0,0.0
drtp_img88_cacheonly_1024mb_1000,1000,500,1,1.0,10.0,l_lease,155,345,351.09649921275,608.9914007936505,608.9914007936505,5853.0,9033.0,14886.0,13637.0,225.0,504.0
drtp_img88_cacheonly_1024mb_1000,1000,500,1,1.0,10.0,d_lease,155,345,351.09649921275,608.9914007936505,608.9914007936505,5853.0,9033.0,14886.0,13637.0,225.0,504.0
drtp_img88_cacheonly_1024mb_1000,1000,500,1,1.0,30.0,cloud_fifo,155,345,205.13247311827976,474.4333333333341,496.2000000000008,14886.0,0.0,14886.0,15733.0,0.0,0.0
drtp_img88_cacheonly_1024mb_1000,1000,500,1,1.0,30.0,cloud_sjf,155,345,241.35505376344076,474.43333333333345,496.2000000000001,14886.0,0.0,14886.0,14184.0,0.0,0.0
drtp_img88_cacheonly_1024mb_1000,1000,500,1,1.0,30.0,p2p_sjf,155,345,170.31000745734067,326.63700811226664,331.23333333333323,9937.0,4949.0,14886.0,14184.0,0.0,0.0
drtp_img88_cacheonly_1024mb_1000,1000,500,1,1.0,30.0,c_lru,155,345,144.08281199715415,259.87666666666667,259.87666666666667,6998.0,7888.0,14886.0,14169.0,0.0,0.0
drtp_img88_cacheonly_1024mb_1000,1000,500,1,1.0,30.0,l_lru,155,345,122.89397190675304,236.0396792328042,258.7141453262786,7355.0,7531.0,14886.0,15463.0,0.0,0.0
drtp_img88_cacheonly_1024mb_1000,1000,500,1,1.0,30.0,l_lease,155,345,119.02967861267562,219.34801494708998,225.2925469135803,5853.0,9033.0,14886.0,14357.0,225.0,504.0
drtp_img88_cacheonly_1024mb_1000,1000,500,1,1.0,30.0,d_lease,155,345,119.02967861267562,219.34801494708998,225.2925469135803,5853.0,9033.0,14886.0,14357.0,225.0,504.0
drtp_img88_cacheonly_1024mb_1000,1000,500,1,1.0,100.0,cloud_fifo,155,345,61.560774193548305,142.33,150.47333333333344,14886.0,0.0,14886.0,15733.0,0.0,0.0
drtp_img88_cacheonly_1024mb_1000,1000,500,1,1.0,100.0,cloud_sjf,155,345,72.44815053763438,142.32999999999996,150.4733333333333,14886.0,0.0,14886.0,14184.0,0.0,0.0
drtp_img88_cacheonly_1024mb_1000,1000,500,1,1.0,100.0,p2p_sjf,155,345,51.32218706988029,97.40245076773098,102.83899835724979,9946.0,4940.0,14886.0,13126.0,887.0,0.0
drtp_img88_cacheonly_1024mb_1000,1000,500,1,1.0,100.0,c_lru,155,345,44.75300292352657,97.82243685838219,97.82243685838219,6999.0,7887.0,14886.0,14145.0,0.0,0.0
drtp_img88_cacheonly_1024mb_1000,1000,500,1,1.0,100.0,l_lru,155,345,38.31292014065635,80.12919147411996,92.4840585686546,7676.0,7210.0,14886.0,13738.0,1112.0,0.0
drtp_img88_cacheonly_1024mb_1000,1000,500,1,1.0,100.0,l_lease,155,345,36.687135960899745,69.18664890035271,95.05748223368604,6740.0,8146.0,14886.0,13277.0,887.0,504.0
drtp_img88_cacheonly_1024mb_1000,1000,500,1,1.0,100.0,d_lease,155,345,36.687135960899745,69.18664890035271,95.05748223368604,6740.0,8146.0,14886.0,13277.0,887.0,504.0
drtp_img88_cacheonly_1024mb_1000,1000,500,1,2.0,10.0,cloud_fifo,155,345,76.77741935483867,465.39999999999986,648.3999999999992,6484.0,0.0,6484.0,6045.0,0.0,0.0
drtp_img88_cacheonly_1024mb_1000,1000,500,1,2.0,10.0,cloud_sjf,155,345,67.07096774193549,368.20000000000005,648.4000000000001,6484.0,0.0,6484.0,6045.0,0.0,0.0
drtp_img88_cacheonly_1024mb_1000,1000,500,1,2.0,10.0,p2p_sjf,155,345,27.63128929851511,165.9089285714286,182.90000000000003,1829.0,4655.0,6484.0,5968.0,0.0,0.0
drtp_img88_cacheonly_1024mb_1000,1000,500,1,2.0,10.0,c_lru,155,345,23.1343426402401,142.80000000000004,144.05000000000004,1428.0,5056.0,6484.0,5893.0,0.0,0.0
drtp_img88_cacheonly_1024mb_1000,1000,500,1,2.0,10.0,l_lru,155,345,23.22661731950844,142.49999999999997,145.7715178571428,1425.0,5059.0,6484.0,5822.0,0.0,0.0
drtp_img88_cacheonly_1024mb_1000,1000,500,1,2.0,10.0,l_lease,155,345,23.22661731950844,142.49999999999997,145.7715178571428,1425.0,5059.0,6484.0,5838.0,0.0,635.0
drtp_img88_cacheonly_1024mb_1000,1000,500,1,2.0,10.0,d_lease,155,345,23.22661731950844,142.49999999999997,145.7715178571428,1425.0,5059.0,6484.0,5838.0,0.0,635.0
drtp_img88_cacheonly_1024mb_1000,1000,500,1,2.0,30.0,cloud_fifo,155,345,25.592473118279592,155.1333333333335,216.13333333333335,6484.0,0.0,6484.0,6045.0,0.0,0.0
drtp_img88_cacheonly_1024mb_1000,1000,500,1,2.0,30.0,cloud_sjf,155,345,22.356989247311823,122.73333333333332,216.13333333333333,6484.0,0.0,6484.0,6045.0,0.0,0.0
drtp_img88_cacheonly_1024mb_1000,1000,500,1,2.0,30.0,p2p_sjf,155,345,8.930277744495651,56.2,58.48034047619048,1686.0,4798.0,6484.0,5895.0,0.0,0.0
drtp_img88_cacheonly_1024mb_1000,1000,500,1,2.0,30.0,c_lru,155,345,8.117179146246317,47.600000000000016,55.38377762660622,1428.0,5056.0,6484.0,5834.0,0.0,0.0
drtp_img88_cacheonly_1024mb_1000,1000,500,1,2.0,30.0,l_lru,155,345,8.203487967229906,47.50000000000001,58.31400793650795,1425.0,5059.0,6484.0,5872.0,0.0,0.0
drtp_img88_cacheonly_1024mb_1000,1000,500,1,2.0,30.0,l_lease,155,345,8.203487967229906,47.50000000000001,58.31400793650795,1425.0,5059.0,6484.0,5835.0,0.0,635.0
drtp_img88_cacheonly_1024mb_1000,1000,500,1,2.0,30.0,d_lease,155,345,8.203487967229906,47.50000000000001,58.31400793650795,1425.0,5059.0,6484.0,5835.0,0.0,635.0
drtp_img88_cacheonly_1024mb_1000,1000,500,1,2.0,100.0,cloud_fifo,155,345,7.697064516129031,46.540000000000006,66.12749999999998,6484.0,0.0,6484.0,6045.0,0.0,0.0
drtp_img88_cacheonly_1024mb_1000,1000,500,1,2.0,100.0,cloud_sjf,155,345,6.71540322580645,36.81999999999999,66.1275,6484.0,0.0,6484.0,6045.0,0.0,0.0
drtp_img88_cacheonly_1024mb_1000,1000,500,1,2.0,100.0,p2p_sjf,155,345,3.199891770217713,18.045766306044886,28.300268109153784,2328.0,4156.0,6484.0,5940.0,0.0,0.0
drtp_img88_cacheonly_1024mb_1000,1000,500,1,2.0,100.0,c_lru,155,345,2.9792080035483224,16.122759142918678,29.789589646083307,1533.0,4951.0,6484.0,5938.0,0.0,0.0
drtp_img88_cacheonly_1024mb_1000,1000,500,1,2.0,100.0,l_lru,155,345,3.029017728156824,17.18725925925926,31.478311824845683,1530.0,4954.0,6484.0,5902.0,0.0,0.0
drtp_img88_cacheonly_1024mb_1000,1000,500,1,2.0,100.0,l_lease,155,345,2.9593196677476246,17.187259259259257,30.300748787477954,1425.0,5059.0,6484.0,5827.0,0.0,635.0
drtp_img88_cacheonly_1024mb_1000,1000,500,1,2.0,100.0,d_lease,155,345,2.9593196677476246,17.187259259259257,30.300748787477954,1425.0,5059.0,6484.0,5827.0,0.0,635.0
drtp_img88_cacheonly_1024mb_1000,1000,500,2,0.5,10.0,cloud_fifo,154,346,870.4987012987001,1515.8999999999983,1592.8999999999962,15929.0,0.0,15929.0,9944.0,6428.0,0.0
drtp_img88_cacheonly_1024mb_1000,1000,500,2,0.5,10.0,cloud_sjf,154,346,846.7980519480515,1473.8999999999999,1592.8999999999999,15929.0,0.0,15929.0,10066.0,6428.0,0.0
drtp_img88_cacheonly_1024mb_1000,1000,500,2,0.5,10.0,p2p_sjf,154,346,692.9583451956862,1322.0303173996913,1345.3,13453.0,2476.0,15929.0,10130.0,6428.0,0.0
drtp_img88_cacheonly_1024mb_1000,1000,500,2,0.5,10.0,c_lru,154,346,643.7316958253159,1306.9000000000003,1306.9000000000003,13069.0,2860.0,15929.0,10121.0,6428.0,0.0
drtp_img88_cacheonly_1024mb_1000,1000,500,2,0.5,10.0,l_lru,154,346,582.8352261607041,1294.7,1294.7,12947.0,2982.0,15929.0,9975.0,6428.0,0.0
drtp_img88_cacheonly_1024mb_1000,1000,500,2,0.5,10.0,l_lease,154,346,561.0928006006811,1242.8999999999996,1242.8999999999996,12429.0,3500.0,15929.0,9900.0,6428.0,218.0
drtp_img88_cacheonly_1024mb_1000,1000,500,2,0.5,10.0,d_lease,154,346,561.0928006006811,1242.8999999999996,1242.8999999999996,12429.0,3500.0,15929.0,9900.0,6428.0,225.0
drtp_img88_cacheonly_1024mb_1000,1000,500,2,0.5,30.0,cloud_fifo,154,346,290.1662337662339,505.3000000000001,530.9666666666662,15929.0,0.0,15929.0,9944.0,6428.0,0.0
drtp_img88_cacheonly_1024mb_1000,1000,500,2,0.5,30.0,cloud_sjf,154,346,282.26601731601755,491.3000000000002,530.9666666666669,15929.0,0.0,15929.0,10066.0,6428.0,0.0
drtp_img88_cacheonly_1024mb_1000,1000,500,2,0.5,30.0,p2p_sjf,154,346,230.6752045196121,438.8224061647007,448.43333333333334,13453.0,2476.0,15929.0,10134.0,6428.0,0.0
drtp_img88_cacheonly_1024mb_1000,1000,500,2,0.5,30.0,c_lru,154,346,214.54714455663833,435.6333333333334,435.6333333333334,13069.0,2860.0,15929.0,10121.0,6428.0,0.0
drtp_img88_cacheonly_1024mb_1000,1000,500,2,0.5,30.0,l_lru,154,346,194.65596228396325,436.83333333333337,436.83333333333337,13105.0,2824.0,15929.0,10075.0,6428.0,0.0
drtp_img88_cacheonly_1024mb_1000,1000,500,2,0.5,30.0,l_lease,154,346,186.6528342648658,414.30000000000007,414.30000000000007,12429.0,3500.0,15929.0,9900.0,6428.0,218.0
drtp_img88_cacheonly_1024mb_1000,1000,500,2,0.5,30.0,d_lease,154,346,186.6528342648658,414.30000000000007,414.30000000000007,12429.0,3500.0,15929.0,9900.0,6428.0,225.0
drtp_img88_cacheonly_1024mb_1000,1000,500,2,0.5,100.0,cloud_fifo,154,346,87.17151515151514,151.67000000000021,164.50333333333384,15929.0,0.0,15929.0,9944.0,6428.0,0.0
drtp_img88_cacheonly_1024mb_1000,1000,500,2,0.5,100.0,cloud_sjf,154,346,84.7813636363636,147.39000000000001,164.50333333333333,15929.0,0.0,15929.0,10066.0,6428.0,0.0
drtp_img88_cacheonly_1024mb_1000,1000,500,2,0.5,100.0,p2p_sjf,154,346,68.18119479562823,128.94772845772496,134.96582119651498,13338.0,2591.0,15929.0,10123.0,6428.0,0.0
drtp_img88_cacheonly_1024mb_1000,1000,500,2,0.5,100.0,c_lru,154,346,65.77169547868908,146.73690175721728,146.73690175721728,12889.0,3040.0,15929.0,10122.0,6428.0,0.0
drtp_img88_cacheonly_1024mb_1000,1000,500,2,0.5,100.0,l_lru,154,346,60.34581443270733,151.08644543550315,151.08644543550315,13222.0,2707.0,15929.0,9981.0,6540.0,0.0
drtp_img88_cacheonly_1024mb_1000,1000,500,2,0.5,100.0,l_lease,154,346,58.02991155665966,144.78345664561306,144.78345664561306,12429.0,3500.0,15929.0,9777.0,6428.0,218.0
drtp_img88_cacheonly_1024mb_1000,1000,500,2,0.5,100.0,d_lease,154,346,58.02991155665966,144.78345664561306,144.78345664561306,12429.0,3500.0,15929.0,9777.0,6428.0,225.0
drtp_img88_cacheonly_1024mb_1000,1000,500,2,1.0,10.0,cloud_fifo,155,345,793.2593548387088,1412.7999999999984,1551.1999999999982,15512.0,0.0,15512.0,14838.0,0.0,0.0
drtp_img88_cacheonly_1024mb_1000,1000,500,2,1.0,10.0,cloud_sjf,155,345,771.6535483870964,1415.5,1551.2,15512.0,0.0,15512.0,14147.0,0.0,0.0
drtp_img88_cacheonly_1024mb_1000,1000,500,2,1.0,10.0,p2p_sjf,155,345,514.4309124472064,902.322946378111,915.2000000000002,9152.0,6360.0,15512.0,14174.0,0.0,0.0
drtp_img88_cacheonly_1024mb_1000,1000,500,2,1.0,10.0,c_lru,155,345,448.5428776603524,652.2484102513228,665.9250000000001,6502.0,9010.0,15512.0,14198.0,0.0,0.0
drtp_img88_cacheonly_1024mb_1000,1000,500,2,1.0,10.0,l_lru,155,345,426.25527252944227,691.9754960317457,772.5999999999996,7726.0,7786.0,15512.0,14496.0,0.0,0.0
drtp_img88_cacheonly_1024mb_1000,1000,500,2,1.0,10.0,l_lease,155,345,410.3363366775468,659.2258680555556,666.7743712797619,6395.0,9117.0,15512.0,14428.0,0.0,378.0
drtp_img88_cacheonly_1024mb_1000,1000,500,2,1.0,10.0,d_lease,155,345,410.3363366775468,659.2258680555556,666.7743712797619,6395.0,9117.0,15512.0,14428.0,0.0,400.0
drtp_img88_cacheonly_1024mb_1000,1000,500,2,1.0,30.0,cloud_fifo,155,345,264.4197849462365,470.9333333333344,517.0666666666677,15512.0,0.0,15512.0,14838.0,0.0,0.0
drtp_img88_cacheonly_1024mb_1000,1000,500,2,1.0,30.0,cloud_sjf,155,345,257.21784946236556,471.83333333333314,517.0666666666665,15512.0,0.0,15512.0,14147.0,0.0,0.0
drtp_img88_cacheonly_1024mb_1000,1000,500,2,1.0,30.0,p2p_sjf,155,345,168.36888291590887,295.6227653194794,299.96666666666664,8999.0,6513.0,15512.0,14212.0,0.0,0.0
drtp_img88_cacheonly_1024mb_1000,1000,500,2,1.0,30.0,c_lru,155,345,151.99844814010612,239.1330227647641,249.57886621785366,6456.0,9056.0,15512.0,14212.0,0.0,0.0
drtp_img88_cacheonly_1024mb_1000,1000,500,2,1.0,30.0,l_lru,155,345,144.61471147380118,245.6435383597883,258.0631934523809,7177.0,8335.0,15512.0,14496.0,0.0,0.0
drtp_img88_cacheonly_1024mb_1000,1000,500,2,1.0,30.0,l_lease,155,345,140.44374947388644,240.5265363095237,251.6140363095237,6395.0,9117.0,15512.0,15164.0,0.0,378.0
drtp_img88_cacheonly_1024mb_1000,1000,500,2,1.0,30.0,d_lease,155,345,140.44374947388644,240.5265363095237,251.6140363095237,6395.0,9117.0,15512.0,15164.0,0.0,400.0
drtp_img88_cacheonly_1024mb_1000,1000,500,2,1.0,100.0,cloud_fifo,155,345,79.3624946236559,141.27999999999997,157.9533333333334,15512.0,0.0,15512.0,14838.0,0.0,0.0
drtp_img88_cacheonly_1024mb_1000,1000,500,2,1.0,100.0,cloud_sjf,155,345,77.18363440860216,141.54999999999995,157.95333333333332,15512.0,0.0,15512.0,14147.0,0.0,0.0
drtp_img88_cacheonly_1024mb_1000,1000,500,2,1.0,100.0,p2p_sjf,155,345,51.73524928522833,90.96165800647934,98.6670162783047,8969.0,6543.0,15512.0,14187.0,0.0,0.0
drtp_img88_cacheonly_1024mb_1000,1000,500,2,1.0,100.0,c_lru,155,345,48.114644888014666,79.60216618231333,94.38549951564667,6456.0,9056.0,15512.0,14187.0,0.0,0.0
drtp_img88_cacheonly_1024mb_1000,1000,500,2,1.0,100.0,l_lru,155,345,47.892335547969054,93.06986017403977,105.76568690555797,7214.0,8298.0,15512.0,14175.0,0.0,0.0
drtp_img88_cacheonly_1024mb_1000,1000,500,2,1.0,100.0,l_lease,155,345,44.609660570541166,79.32076138684505,94.1040947201784,6395.0,9117.0,15512.0,14179.0,0.0,378.0
drtp_img88_cacheonly_1024mb_1000,1000,500,2,1.0,100.0,d_lease,155,345,44.609660570541166,79.32076138684505,94.1040947201784,6395.0,9117.0,15512.0,14179.0,0.0,400.0
drtp_img88_cacheonly_1024mb_1000,1000,500,2,2.0,10.0,cloud_fifo,158,342,115.50506329113917,640.4999999999994,756.4999999999998,7565.0,0.0,7565.0,6492.0,0.0,0.0
drtp_img88_cacheonly_1024mb_1000,1000,500,2,2.0,10.0,cloud_sjf,158,342,106.68544303797465,635.4000000000001,756.5000000000001,7565.0,0.0,7565.0,6480.0,0.0,0.0
drtp_img88_cacheonly_1024mb_1000,1000,500,2,2.0,10.0,p2p_sjf,158,342,49.99125837602972,284.3429019576719,318.4,2944.0,4621.0,7565.0,6436.0,0.0,0.0
drtp_img88_cacheonly_1024mb_1000,1000,500,2,2.0,10.0,c_lru,158,342,50.5532145577992,272.9573148148148,285.7147883597883,2742.0,4823.0,7565.0,6437.0,0.0,0.0
drtp_img88_cacheonly_1024mb_1000,1000,500,2,2.0,10.0,l_lru,158,342,49.401687613019895,259.60000000000014,277.04809523809513,2596.0,4969.0,7565.0,6395.0,0.0,0.0
drtp_img88_cacheonly_1024mb_1000,1000,500,2,2.0,10.0,l_lease,158,342,45.44496127185054,237.10000000000016,254.8730952380952,2371.0,5194.0,7565.0,6371.0,0.0,589.0
drtp_img88_cacheonly_1024mb_1000,1000,500,2,2.0,10.0,d_lease,158,342,45.44496127185054,237.10000000000016,254.8730952380952,2371.0,5194.0,7565.0,6371.0,0.0,589.0
drtp_img88_cacheonly_1024mb_1000,1000,500,2,2.0,30.0,cloud_fifo,158,342,38.50168776371309,213.49999999999991,252.16666666666663,7565.0,0.0,7565.0,6492.0,0.0,0.0
drtp_img88_cacheonly_1024mb_1000,1000,500,2,2.0,30.0,cloud_sjf,158,342,35.561814345991586,211.8,252.16666666666669,7565.0,0.0,7565.0,6480.0,0.0,0.0
drtp_img88_cacheonly_1024mb_1000,1000,500,2,2.0,30.0,p2p_sjf,158,342,17.04060212707157,93.07381802616113,122.13333333333337,2944.0,4621.0,7565.0,6436.0,0.0,0.0
drtp_img88_cacheonly_1024mb_1000,1000,500,2,2.0,30.0,c_lru,158,342,15.93757368338803,89.54874779541444,111.2469351851852,2742.0,4823.0,7565.0,6437.0,0.0,0.0
drtp_img88_cacheonly_1024mb_1000,1000,500,2,2.0,30.0,l_lru,158,342,15.684028254972882,79.03333333333332,102.42829100529103,2371.0,5194.0,7565.0,6400.0,0.0,0.0
drtp_img88_cacheonly_1024mb_1000,1000,500,2,2.0,30.0,l_lease,158,342,15.67790408378542,79.03333333333332,102.42829100529103,2371.0,5194.0,7565.0,6429.0,0.0,589.0
drtp_img88_cacheonly_1024mb_1000,1000,500,2,2.0,30.0,d_lease,158,342,15.67790408378542,79.03333333333332,102.42829100529103,2371.0,5194.0,7565.0,6429.0,0.0,589.0
drtp_img88_cacheonly_1024mb_1000,1000,500,2,2.0,100.0,cloud_fifo,158,342,11.706413502109704,64.04999999999998,82.42999999999999,7565.0,0.0,7565.0,6492.0,0.0,0.0
drtp_img88_cacheonly_1024mb_1000,1000,500,2,2.0,100.0,cloud_sjf,158,342,10.770822784810129,63.54000000000001,82.43000000000002,7565.0,0.0,7565.0,6480.0,0.0,0.0
drtp_img88_cacheonly_1024mb_1000,1000,500,2,2.0,100.0,p2p_sjf,158,342,5.440962087177375,27.90347537867422,51.903475378674216,2921.0,4644.0,7565.0,6436.0,0.0,0.0
drtp_img88_cacheonly_1024mb_1000,1000,500,2,2.0,100.0,c_lru,158,342,5.1094507943747605,25.439459350011568,49.43945935001157,2742.0,4823.0,7565.0,6436.0,0.0,0.0
drtp_img88_cacheonly_1024mb_1000,1000,500,2,2.0,100.0,l_lru,158,342,5.318350391338155,28.478790233968247,49.92871131174602,2893.0,4672.0,7565.0,6353.0,0.0,0.0
drtp_img88_cacheonly_1024mb_1000,1000,500,2,2.0,100.0,l_lease,158,342,5.280508663250954,27.226337587301582,49.37206569100528,2650.0,4915.0,7565.0,6430.0,0.0,589.0
drtp_img88_cacheonly_1024mb_1000,1000,500,2,2.0,100.0,d_lease,158,342,5.280508663250954,27.226337587301582,49.37206569100528,2650.0,4915.0,7565.0,6430.0,0.0,589.0
drtp_img88_cacheonly_1024mb_1000,1000,500,3,0.5,10.0,cloud_fifo,157,343,848.2484076433125,1488.0000000000007,1560.2000000000005,15602.0,0.0,15602.0,9376.0,6094.0,0.0
drtp_img88_cacheonly_1024mb_1000,1000,500,3,0.5,10.0,cloud_sjf,157,343,818.471974522294,1477.8000000000004,1560.2000000000005,15602.0,0.0,15602.0,9783.0,6094.0,0.0
drtp_img88_cacheonly_1024mb_1000,1000,500,3,0.5,10.0,p2p_sjf,157,343,684.5595343999589,1263.7058174603176,1329.8000000000002,13298.0,2304.0,15602.0,9783.0,6094.0,0.0
drtp_img88_cacheonly_1024mb_1000,1000,500,3,0.5,10.0,c_lru,157,343,626.1969040921043,1285.1,1285.1,12851.0,2751.0,15602.0,9959.0,6094.0,0.0
drtp_img88_cacheonly_1024mb_1000,1000,500,3,0.5,10.0,l_lru,157,343,585.5019271001845,1329.8000000000006,1329.8000000000006,13298.0,2304.0,15602.0,9629.0,6094.0,0.0
drtp_img88_cacheonly_1024mb_1000,1000,500,3,0.5,10.0,l_lease,157,343,563.3486685539045,1288.9000000000003,1288.9000000000003,12889.0,2713.0,15602.0,9786.0,6094.0,253.0
drtp_img88_cacheonly_1024mb_1000,1000,500,3,0.5,10.0,d_lease,157,343,561.5286262616696,1279.1000000000006,1279.1000000000006,12791.0,2811.0,15602.0,9889.0,6094.0,239.0
drtp_img88_cacheonly_1024mb_1000,1000,500,3,0.5,30.0,cloud_fifo,157,343,282.749469214438,496.0000000000012,520.0666666666675,15602.0,0.0,15602.0,9376.0,6094.0,0.0
drtp_img88_cacheonly_1024mb_1000,1000,500,3,0.5,30.0,cloud_sjf,157,343,272.8239915074309,492.6,520.0666666666666,15602.0,0.0,15602.0,9783.0,6094.0,0.0
drtp_img88_cacheonly_1024mb_1000,1000,500,3,0.5,30.0,p2p_sjf,157,343,228.03803989863943,420.98849705825614,443.26666666666665,13298.0,2304.0,15602.0,9783.0,6094.0,0.0
drtp_img88_cacheonly_1024mb_1000,1000,500,3,0.5,30.0,c_lru,157,343,208.58625855088675,428.3666666666666,428.3666666666666,12851.0,2751.0,15602.0,9959.0,6094.0,0.0
drtp_img88_cacheonly_1024mb_1000,1000,500,3,0.5,30.0,l_lru,157,343,194.94558438819942,443.2666666666667,443.2666666666667,13298.0,2304.0,15602.0,9629.0,6094.0,0.0
drtp_img88_cacheonly_1024mb_1000,1000,500,3,0.5,30.0,l_lease,157,343,187.55362497324012,429.63333333333316,429.63333333333316,12889.0,2713.0,15602.0,9786.0,6094.0,253.0
drtp_img88_cacheonly_1024mb_1000,1000,500,3,0.5,30.0,d_lease,157,343,186.9667555218795,426.3666666666666,426.3666666666666,12791.0,2811.0,15602.0,9889.0,6094.0,239.0
drtp_img88_cacheonly_1024mb_1000,1000,500,3,0.5,100.0,cloud_fifo,157,343,84.83392781316327,148.79999999999944,157.44666666666632,15602.0,0.0,15602.0,9376.0,6094.0,0.0
drtp_img88_cacheonly_1024mb_1000,1000,500,3,0.5,100.0,cloud_sjf,157,343,81.86537154989381,147.77999999999997,157.44666666666663,15602.0,0.0,15602.0,9783.0,6094.0,0.0
drtp_img88_cacheonly_1024mb_1000,1000,500,3,0.5,100.0,p2p_sjf,157,343,67.29783473419796,125.49873117888865,134.20511243773515,13159.0,2443.0,15602.0,9783.0,6094.0,0.0
drtp_img88_cacheonly_1024mb_1000,1000,500,3,0.5,100.0,c_lru,157,343,62.867801035224886,139.53488383965342,139.53488383965342,12806.0,2796.0,15602.0,9959.0,6094.0,0.0
drtp_img88_cacheonly_1024mb_1000,1000,500,3,0.5,100.0,l_lru,157,343,59.0764943801471,144.2722433913384,144.2722433913384,13317.0,2285.0,15602.0,9129.0,6465.0,0.0
drtp_img88_cacheonly_1024mb_1000,1000,500,3,0.5,100.0,l_lease,157,343,56.929943192257234,141.49066630969583,141.49066630969583,12889.0,2713.0,15602.0,9733.0,6094.0,253.0
drtp_img88_cacheonly_1024mb_1000,1000,500,3,0.5,100.0,d_lease,157,343,56.77675361659277,140.51066630969592,140.51066630969592,12791.0,2811.0,15602.0,9836.0,6094.0,239.0
drtp_img88_cacheonly_1024mb_1000,1000,500,3,1.0,10.0,cloud_fifo,158,342,655.7455696202546,1465.200000000003,1606.200000000005,16062.0,0.0,16062.0,15943.0,0.0,0.0
drtp_img88_cacheonly_1024mb_1000,1000,500,3,1.0,10.0,cloud_sjf,158,342,681.4512658227846,1565.9999999999998,1606.1999999999998,16062.0,0.0,16062.0,14712.0,0.0,0.0
drtp_img88_cacheonly_1024mb_1000,1000,500,3,1.0,10.0,p2p_sjf,158,342,496.3696314636619,1206.6496176303854,1242.1,12421.0,3641.0,16062.0,14664.0,0.0,0.0
drtp_img88_cacheonly_1024mb_1000,1000,500,3,1.0,10.0,c_lru,158,342,409.4300882856282,780.6702982174352,780.6702982174352,7625.0,8437.0,16062.0,14401.0,151.0,0.0
drtp_img88_cacheonly_1024mb_1000,1000,500,3,1.0,10.0,l_lru,158,342,370.8602043183365,813.6706839726633,852.6166666666668,8434.0,7628.0,16062.0,14041.0,139.0,0.0
drtp_img88_cacheonly_1024mb_1000,1000,500,3,1.0,10.0,l_lease,158,342,347.98412209444666,731.1800000000001,731.1800000000001,7069.0,8993.0,16062.0,14430.0,139.0,506.0
drtp_img88_cacheonly_1024mb_1000,1000,500,3,1.0,10.0,d_lease,158,342,347.8857426311029,731.1800000000001,731.1800000000001,7069.0,8993.0,16062.0,14430.0,139.0,506.0
drtp_img88_cacheonly_1024mb_1000,1000,500,3,1.0,30.0,cloud_fifo,158,342,218.58185654008443,488.40000000000043,535.4000000000002,16062.0,0.0,16062.0,15943.0,0.0,0.0
drtp_img88_cacheonly_1024mb_1000,1000,500,3,1.0,30.0,cloud_sjf,158,342,227.15042194092842,521.9999999999999,535.3999999999999,16062.0,0.0,16062.0,14712.0,0.0,0.0
drtp_img88_cacheonly_1024mb_1000,1000,500,3,1.0,30.0,p2p_sjf,158,342,166.9741840367787,405.06585629779056,415.90000000000003,12477.0,3585.0,16062.0,14664.0,0.0,0.0
drtp_img88_cacheonly_1024mb_1000,1000,500,3,1.0,30.0,c_lru,158,342,138.91939968301793,279.7348345230843,279.7348345230843,7680.0,8382.0,16062.0,14401.0,151.0,0.0
drtp_img88_cacheonly_1024mb_1000,1000,500,3,1.0,30.0,l_lru,158,342,126.04179131869287,294.41175890652556,294.41175890652556,8195.0,7867.0,16062.0,14180.0,139.0,0.0
drtp_img88_cacheonly_1024mb_1000,1000,500,3,1.0,30.0,l_lease,158,342,118.78711808222809,267.38,267.38,7069.0,8993.0,16062.0,14430.0,139.0,506.0
drtp_img88_cacheonly_1024mb_1000,1000,500,3,1.0,30.0,d_lease,158,342,118.74184072592277,267.38,267.38,7069.0,8993.0,16062.0,14430.0,139.0,508.0
drtp_img88_cacheonly_1024mb_1000,1000,500,3,1.0,100.0,cloud_fifo,158,342,65.58421940928247,146.5199999999995,162.14666666666605,16062.0,0.0,16062.0,15943.0,0.0,0.0
drtp_img88_cacheonly_1024mb_1000,1000,500,3,1.0,100.0,cloud_sjf,158,342,68.15478902953589,156.6,162.14666666666668,16062.0,0.0,16062.0,14712.0,0.0,0.0
drtp_img88_cacheonly_1024mb_1000,1000,500,3,1.0,100.0,p2p_sjf,158,342,49.699256456405195,123.45845516458523,123.61213617551968,12294.0,3768.0,16062.0,13668.0,887.0,0.0
drtp_img88_cacheonly_1024mb_1000,1000,500,3,1.0,100.0,c_lru,158,342,44.27698794028513,105.6145904443058,105.6145904443058,7547.0,8515.0,16062.0,13524.0,1038.0,0.0
drtp_img88_cacheonly_1024mb_1000,1000,500,3,1.0,100.0,l_lru,158,342,40.17581116502646,103.91871107848323,115.00621107848323,8199.0,7863.0,16062.0,14273.0,139.0,0.0
drtp_img88_cacheonly_1024mb_1000,1000,500,3,1.0,100.0,l_lease,158,342,38.03933184955066,99.37489107253086,99.37489107253086,7073.0,8989.0,16062.0,13559.0,1026.0,506.0
drtp_img88_cacheonly_1024mb_1000,1000,500,3,1.0,100.0,d_lease,158,342,38.03933184955066,99.37489107253086,99.37489107253086,7073.0,8989.0,16062.0,13559.0,1026.0,511.0
drtp_img88_cacheonly_1024mb_1000,1000,500,3,2.0,10.0,cloud_fifo,156,344,63.3365384615384,385.29999999999984,531.7999999999998,5318.0,0.0,5318.0,5471.0,0.0,0.0
drtp_img88_cacheonly_1024mb_1000,1000,500,3,2.0,10.0,cloud_sjf,156,344,70.18397435897438,335.50000000000006,531.8,5318.0,0.0,5318.0,5471.0,0.0,0.0
drtp_img88_cacheonly_1024mb_1000,1000,500,3,2.0,10.0,p2p_sjf,156,344,26.831143429487174,191.33591944444444,241.78750000000002,2307.0,3011.0,5318.0,5591.0,0.0,0.0
drtp_img88_cacheonly_1024mb_1000,1000,500,3,2.0,10.0,c_lru,156,344,24.98155868945869,178.5978833333333,193.49999999999997,1935.0,3383.0,5318.0,5591.0,0.0,0.0
drtp_img88_cacheonly_1024mb_1000,1000,500,3,2.0,10.0,l_lru,156,344,23.89733084045584,178.01874999999998,193.5,1935.0,3383.0,5318.0,5590.0,0.0,0.0
drtp_img88_cacheonly_1024mb_1000,1000,500,3,2.0,10.0,l_lease,156,344,23.12877581908833,171.76666666666668,180.9375,1763.0,3555.0,5318.0,4974.0,0.0,472.0
drtp_img88_cacheonly_1024mb_1000,1000,500,3,2.0,10.0,d_lease,156,344,23.12877581908833,171.76666666666668,180.9375,1763.0,3555.0,5318.0,4974.0,0.0,472.0
drtp_img88_cacheonly_1024mb_1000,1000,500,3,2.0,30.0,cloud_fifo,156,344,21.112179487179503,128.4333333333334,177.2666666666667,5318.0,0.0,5318.0,5471.0,0.0,0.0
drtp_img88_cacheonly_1024mb_1000,1000,500,3,2.0,30.0,cloud_sjf,156,344,23.394658119658125,111.83333333333336,177.26666666666665,5318.0,0.0,5318.0,5471.0,0.0,0.0
drtp_img88_cacheonly_1024mb_1000,1000,500,3,2.0,30.0,p2p_sjf,156,344,9.389060020613723,63.43144506574076,87.95416666666668,2306.0,3012.0,5318.0,5614.0,0.0,0.0
drtp_img88_cacheonly_1024mb_1000,1000,500,3,2.0,30.0,c_lru,156,344,8.886684370370375,60.11044533333334,66.77083333333334,1934.0,3384.0,5318.0,5614.0,0.0,0.0
drtp_img88_cacheonly_1024mb_1000,1000,500,3,2.0,30.0,l_lru,156,344,8.249683986229817,61.5652074074074,66.32449999999999,1934.0,3384.0,5318.0,5588.0,0.0,0.0
drtp_img88_cacheonly_1024mb_1000,1000,500,3,2.0,30.0,l_lease,156,344,8.072486490978157,57.48373333333334,67.84645740740741,1763.0,3555.0,5318.0,4983.0,0.0,472.0
drtp_img88_cacheonly_1024mb_1000,1000,500,3,2.0,30.0,d_lease,156,344,8.072486490978157,57.48373333333334,67.84645740740741,1763.0,3555.0,5318.0,4983.0,0.0,472.0
drtp_img88_cacheonly_1024mb_1000,1000,500,3,2.0,100.0,cloud_fifo,156,344,6.366987179487184,38.53000000000003,56.147500000000036,5318.0,0.0,5318.0,5471.0,0.0,0.0
drtp_img88_cacheonly_1024mb_1000,1000,500,3,2.0,100.0,cloud_sjf,156,344,7.042227564102562,33.55,56.147499999999994,5318.0,0.0,5318.0,5471.0,0.0,0.0
drtp_img88_cacheonly_1024mb_1000,1000,500,3,2.0,100.0,p2p_sjf,156,344,3.412358009247388,19.82794913333333,37.483409475925924,2157.0,3161.0,5318.0,5720.0,0.0,0.0
drtp_img88_cacheonly_1024mb_1000,1000,500,3,2.0,100.0,c_lru,156,344,3.4103851338190476,19.82711606481481,37.46926052854938,2156.0,3162.0,5318.0,5720.0,0.0,0.0
drtp_img88_cacheonly_1024mb_1000,1000,500,3,2.0,100.0,l_lru,156,344,2.9654982834015904,19.3500075462963,37.37514834490741,2156.0,3162.0,5318.0,5739.0,0.0,0.0
drtp_img88_cacheonly_1024mb_1000,1000,500,3,2.0,100.0,l_lease,156,344,2.832429652678854,17.85769938271605,34.57963490740741,1868.0,3450.0,5318.0,4979.0,0.0,472.0
drtp_img88_cacheonly_1024mb_1000,1000,500,3,2.0,100.0,d_lease,156,344,2.832429652678854,17.85769938271605,34.57963490740741,1868.0,3450.0,5318.0,4979.0,0.0,472.0
drtp_img88_cacheonly_1024mb_1000,1000,500,4,0.5,10.0,cloud_fifo,155,345,904.1696774193546,1563.699999999999,1634.099999999999,16341.0,0.0,16341.0,10415.0,6428.0,0.0
drtp_img88_cacheonly_1024mb_1000,1000,500,4,0.5,10.0,cloud_sjf,155,345,816.0974193548385,1599.6999999999994,1634.0999999999992,16341.0,0.0,16341.0,10128.0,6428.0,0.0
drtp_img88_cacheonly_1024mb_1000,1000,500,4,0.5,10.0,p2p_sjf,155,345,663.3558221966204,1368.90203042328,1398.4999999999995,13985.0,2356.0,16341.0,10128.0,6428.0,0.0
drtp_img88_cacheonly_1024mb_1000,1000,500,4,0.5,10.0,c_lru,155,345,567.4063769414576,1134.5,1311.9,13119.0,3222.0,16341.0,10128.0,6428.0,0.0
drtp_img88_cacheonly_1024mb_1000,1000,500,4,0.5,10.0,l_lru,155,345,593.0824071812593,1255.0,1432.4,14324.0,2017.0,16341.0,10205.0,6428.0,0.0
drtp_img88_cacheonly_1024mb_1000,1000,500,4,0.5,10.0,l_lease,155,345,559.0191341947808,1179.8999999999999,1357.3,13573.0,2768.0,16341.0,9646.0,6822.0,256.0
drtp_img88_cacheonly_1024mb_1000,1000,500,4,0.5,10.0,d_lease,155,345,559.6105952812385,1179.8999999999999,1357.3,13573.0,2768.0,16341.0,9669.0,6822.0,256.0
drtp_img88_cacheonly_1024mb_1000,1000,500,4,0.5,30.0,cloud_fifo,155,345,301.3898924731188,521.2333333333344,544.7000000000012,16341.0,0.0,16341.0,10415.0,6428.0,0.0
drtp_img88_cacheonly_1024mb_1000,1000,500,4,0.5,30.0,cloud_sjf,155,345,272.0324731182794,533.2333333333333,544.7,16341.0,0.0,16341.0,10128.0,6428.0,0.0
drtp_img88_cacheonly_1024mb_1000,1000,500,4,0.5,30.0,p2p_sjf,155,345,221.3224564499828,456.61934879801674,466.46666666666675,13994.0,2347.0,16341.0,10128.0,6428.0,0.0
drtp_img88_cacheonly_1024mb_1000,1000,500,4,0.5,30.0,c_lru,155,345,189.18039499042652,377.8,436.93333333333334,13108.0,3233.0,16341.0,10128.0,6428.0,0.0
drtp_img88_cacheonly_1024mb_1000,1000,500,4,0.5,30.0,l_lru,155,345,198.11439766171705,419.6333333333334,478.7666666666667,14363.0,1978.0,16341.0,10349.0,6428.0,0.0
drtp_img88_cacheonly_1024mb_1000,1000,500,4,0.5,30.0,l_lease,155,345,186.37299658218137,393.29999999999995,452.4333333333333,13573.0,2768.0,16341.0,9646.0,6822.0,256.0
drtp_img88_cacheonly_1024mb_1000,1000,500,4,0.5,30.0,d_lease,155,345,186.57287369431657,393.30000000000007,452.4333333333334,13573.0,2768.0,16341.0,9669.0,6822.0,256.0
drtp_img88_cacheonly_1024mb_1000,1000,500,4,0.5,100.0,cloud_fifo,155,345,90.4254838709676,156.36999999999955,164.7299999999996,16341.0,0.0,16341.0,10415.0,6428.0,0.0
drtp_img88_cacheonly_1024mb_1000,1000,500,4,0.5,100.0,cloud_sjf,155,345,81.6182580645161,159.96999999999994,164.72999999999996,16341.0,0.0,16341.0,10128.0,6428.0,0.0
drtp_img88_cacheonly_1024mb_1000,1000,500,4,0.5,100.0,p2p_sjf,155,345,65.69451035428543,136.6980961377262,139.03026661981858,13896.0,2445.0,16341.0,10128.0,6428.0,0.0
drtp_img88_cacheonly_1024mb_1000,1000,500,4,0.5,100.0,c_lru,155,345,59.273172443632106,124.82635434206024,150.6971876753936,13155.0,3186.0,16341.0,10128.0,6428.0,0.0
drtp_img88_cacheonly_1024mb_1000,1000,500,4,0.5,100.0,l_lru,155,345,60.97253549609696,138.30471737534907,164.1755507086824,14363.0,1978.0,16341.0,10205.0,6428.0,0.0
drtp_img88_cacheonly_1024mb_1000,1000,500,4,0.5,100.0,l_lease,155,345,55.74198610165688,127.84542330364488,153.71625663697822,13401.0,2940.0,16341.0,9780.0,6822.0,256.0
drtp_img88_cacheonly_1024mb_1000,1000,500,4,0.5,100.0,d_lease,155,345,55.798526490777,127.84542330364489,153.71625663697824,13401.0,2940.0,16341.0,9803.0,6822.0,256.0
drtp_img88_cacheonly_1024mb_1000,1000,500,4,1.0,10.0,cloud_fifo,154,346,788.8889610389605,1522.800000000002,1638.2000000000007,16382.0,0.0,16382.0,15416.0,0.0,0.0
drtp_img88_cacheonly_1024mb_1000,1000,500,4,1.0,10.0,cloud_sjf,154,346,720.0688311688309,1560.2000000000003,1638.2000000000003,16382.0,0.0,16382.0,14933.0,0.0,0.0
drtp_img88_cacheonly_1024mb_1000,1000,500,4,1.0,10.0,p2p_sjf,154,346,468.7259164692153,983.9749674823631,997.1999999999997,9972.0,6410.0,16382.0,15068.0,0.0,0.0
drtp_img88_cacheonly_1024mb_1000,1000,500,4,1.0,10.0,c_lru,154,346,380.3898009476545,653.5523264361298,659.512048658352,6250.0,10132.0,16382.0,15068.0,0.0,0.0
drtp_img88_cacheonly_1024mb_1000,1000,500,4,1.0,10.0,l_lru,154,346,398.6812032584915,727.865083994709,818.2,8014.0,8368.0,16382.0,15620.0,0.0,0.0
drtp_img88_cacheonly_1024mb_1000,1000,500,4,1.0,10.0,l_lease,154,346,361.71766551140655,637.3912857142852,642.8847678571425,5938.0,10444.0,16382.0,14478.0,887.0,512.0
drtp_img88_cacheonly_1024mb_1000,1000,500,4,1.0,10.0,d_lease,154,346,361.71766551140655,637.3912857142852,642.8847678571425,5938.0,10444.0,16382.0,14478.0,887.0,512.0
drtp_img88_cacheonly_1024mb_1000,1000,500,4,1.0,30.0,cloud_fifo,154,346,262.96298701298787,507.60000000000156,546.0666666666679,16382.0,0.0,16382.0,15416.0,0.0,0.0
drtp_img88_cacheonly_1024mb_1000,1000,500,4,1.0,30.0,cloud_sjf,154,346,240.02294372294367,520.0666666666665,546.0666666666665,16382.0,0.0,16382.0,14933.0,0.0,0.0
drtp_img88_cacheonly_1024mb_1000,1000,500,4,1.0,30.0,p2p_sjf,154,346,157.25639092482362,326.96412689464887,332.4000000000001,9972.0,6410.0,16382.0,15068.0,0.0,0.0
drtp_img88_cacheonly_1024mb_1000,1000,500,4,1.0,30.0,c_lru,154,346,132.83248556444252,243.8285540507831,257.99840246275977,6250.0,10132.0,16382.0,15584.0,0.0,0.0
drtp_img88_cacheonly_1024mb_1000,1000,500,4,1.0,30.0,l_lru,154,346,136.4026681792414,256.4019292328044,272.86859589947113,7522.0,8860.0,16382.0,15405.0,0.0,0.0
drtp_img88_cacheonly_1024mb_1000,1000,500,4,1.0,30.0,l_lease,154,346,126.05646557052964,239.10597718253973,250.19347718253974,5938.0,10444.0,16382.0,14746.0,0.0,512.0
drtp_img88_cacheonly_1024mb_1000,1000,500,4,1.0,30.0,d_lease,154,346,126.05646557052964,239.10597718253973,250.19347718253974,5938.0,10444.0,16382.0,14746.0,0.0,512.0
drtp_img88_cacheonly_1024mb_1000,1000,500,4,1.0,100.0,cloud_fifo,154,346,78.95824675324651,152.27999999999957,169.01999999999975,16382.0,0.0,16382.0,15416.0,0.0,0.0
drtp_img88_cacheonly_1024mb_1000,1000,500,4,1.0,100.0,cloud_sjf,154,346,72.0744155844156,156.01999999999998,169.01999999999998,16382.0,0.0,16382.0,14933.0,0.0,0.0
drtp_img88_cacheonly_1024mb_1000,1000,500,4,1.0,100.0,p2p_sjf,154,346,47.254352235576214,99.660892272028,100.52534601332073,9867.0,6515.0,16382.0,15068.0,0.0,0.0
drtp_img88_cacheonly_1024mb_1000,1000,500,4,1.0,100.0,c_lru,154,346,42.07460456852758,96.9671703655312,96.9671703655312,6050.0,10332.0,16382.0,15107.0,0.0,0.0
drtp_img88_cacheonly_1024mb_1000,1000,500,4,1.0,100.0,l_lru,154,346,43.752210129011175,99.41588106699292,103.11171440032626,7793.0,8589.0,16382.0,15117.0,0.0,0.0
drtp_img88_cacheonly_1024mb_1000,1000,500,4,1.0,100.0,l_lease,154,346,41.171670765767146,94.83380092794084,98.52963426127418,5938.0,10444.0,16382.0,15117.0,96.0,512.0
drtp_img88_cacheonly_1024mb_1000,1000,500,4,1.0,100.0,d_lease,154,346,41.171670765767146,94.83380092794084,98.52963426127418,5938.0,10444.0,16382.0,15117.0,96.0,512.0
drtp_img88_cacheonly_1024mb_1000,1000,500,4,2.0,10.0,cloud_fifo,159,341,85.36289308176099,559.2999999999995,677.1,6771.0,0.0,6771.0,5930.0,0.0,0.0
drtp_img88_cacheonly_1024mb_1000,1000,500,4,2.0,10.0,cloud_sjf,159,341,89.98742138364784,498.09999999999997,677.0999999999999,6771.0,0.0,6771.0,5930.0,0.0,0.0
drtp_img88_cacheonly_1024mb_1000,1000,500,4,2.0,10.0,p2p_sjf,159,341,37.83499485874013,190.70048313492063,252.51666666666668,2433.0,4338.0,6771.0,6306.0,0.0,0.0
drtp_img88_cacheonly_1024mb_1000,1000,500,4,2.0,10.0,c_lru,159,341,37.29153864056104,190.70048313492063,227.5,2275.0,4496.0,6771.0,6306.0,0.0,0.0
drtp_img88_cacheonly_1024mb_1000,1000,500,4,2.0,10.0,l_lru,159,341,35.991867649994994,180.72992261904756,246.89999999999998,2469.0,4302.0,6771.0,6253.0,0.0,0.0
drtp_img88_cacheonly_1024mb_1000,1000,500,4,2.0,10.0,l_lease,159,341,31.12297523584905,155.10274107142857,169.69999999999996,1697.0,5074.0,6771.0,6092.0,0.0,925.0
drtp_img88_cacheonly_1024mb_1000,1000,500,4,2.0,10.0,d_lease,159,341,31.12297523584905,155.10274107142857,169.69999999999996,1697.0,5074.0,6771.0,6092.0,0.0,1024.0
drtp_img88_cacheonly_1024mb_1000,1000,500,4,2.0,30.0,cloud_fifo,159,341,28.45429769392034,186.4333333333333,225.69999999999987,6771.0,0.0,6771.0,5930.0,0.0,0.0
drtp_img88_cacheonly_1024mb_1000,1000,500,4,2.0,30.0,cloud_sjf,159,341,29.995807127882596,166.03333333333336,225.70000000000005,6771.0,0.0,6771.0,5930.0,0.0,0.0
drtp_img88_cacheonly_1024mb_1000,1000,500,4,2.0,30.0,p2p_sjf,159,341,12.463778384376555,65.75229590198414,83.74345126031746,2275.0,4496.0,6771.0,6307.0,0.0,0.0
drtp_img88_cacheonly_1024mb_1000,1000,500,4,2.0,30.0,c_lru,159,341,12.463778384376555,65.75229590198414,83.74345126031746,2275.0,4496.0,6771.0,6307.0,0.0,0.0
drtp_img88_cacheonly_1024mb_1000,1000,500,4,2.0,30.0,l_lru,159,341,12.144103935809122,69.56948015873014,78.83801785714284,2348.0,4423.0,6771.0,6380.0,0.0,0.0
drtp_img88_cacheonly_1024mb_1000,1000,500,4,2.0,30.0,l_lease,159,341,11.057288621842861,57.04594642857142,68.61337777777776,1697.0,5074.0,6771.0,6092.0,0.0,925.0
drtp_img88_cacheonly_1024mb_1000,1000,500,4,2.0,30.0,d_lease,159,341,11.057288621842861,57.04594642857142,68.61337777777776,1697.0,5074.0,6771.0,6092.0,0.0,1024.0
drtp_img88_cacheonly_1024mb_1000,1000,500,4,2.0,100.0,cloud_fifo,159,341,8.538553459119491,55.92999999999994,68.06999999999994,6771.0,0.0,6771.0,5930.0,0.0,0.0
drtp_img88_cacheonly_1024mb_1000,1000,500,4,2.0,100.0,cloud_sjf,159,341,9.003270440251576,49.81000000000001,68.07000000000001,6771.0,0.0,6771.0,5930.0,0.0,0.0
drtp_img88_cacheonly_1024mb_1000,1000,500,4,2.0,100.0,p2p_sjf,159,341,4.052307466113549,22.820503930111173,34.68634610453407,2275.0,4496.0,6771.0,6360.0,0.0,0.0
drtp_img88_cacheonly_1024mb_1000,1000,500,4,2.0,100.0,c_lru,159,341,4.052307466113549,22.820503930111173,34.68634610453407,2275.0,4496.0,6771.0,6360.0,0.0,0.0
drtp_img88_cacheonly_1024mb_1000,1000,500,4,2.0,100.0,l_lru,159,341,4.378635056224593,24.94481907351852,38.29698368566667,2413.0,4358.0,6771.0,6444.0,0.0,0.0
drtp_img88_cacheonly_1024mb_1000,1000,500,4,2.0,100.0,l_lease,159,341,4.202499328859377,24.38314065833333,36.59553670138889,2071.0,4700.0,6771.0,6248.0,0.0,991.0
drtp_img88_cacheonly_1024mb_1000,1000,500,4,2.0,100.0,d_lease,159,341,4.202499328859377,24.38314065833333,36.59553670138889,2071.0,4700.0,6771.0,6248.0,0.0,1024.0
drtp_img88_cacheonly_1024mb_1000,1000,500,5,0.5,10.0,cloud_fifo,152,348,875.7888157894727,1589.1999999999985,1706.8999999999992,17069.0,0.0,17069.0,9866.0,6981.0,0.0
drtp_img88_cacheonly_1024mb_1000,1000,500,5,0.5,10.0,cloud_sjf,152,348,826.1361842105265,1588.2,1706.9,17069.0,0.0,17069.0,9848.0,6981.0,0.0
drtp_img88_cacheonly_1024mb_1000,1000,500,5,0.5,10.0,p2p_sjf,152,348,688.569758502977,1341.6261847726828,1480.8999999999999,14809.0,2260.0,17069.0,9849.0,6981.0,0.0
drtp_img88_cacheonly_1024mb_1000,1000,500,5,0.5,10.0,c_lru,152,348,612.7661753375846,1188.7,1366.1000000000001,13661.0,3408.0,17069.0,10028.0,6981.0,0.0
drtp_img88_cacheonly_1024mb_1000,1000,500,5,0.5,10.0,l_lru,152,348,532.4419529291978,1287.3999999999999,1464.8,14648.0,2421.0,17069.0,9793.0,6981.0,0.0
drtp_img88_cacheonly_1024mb_1000,1000,500,5,0.5,10.0,l_lease,152,348,490.0578272295321,1154.3000000000004,1331.7000000000005,13317.0,3752.0,17069.0,9016.0,7746.0,256.0
drtp_img88_cacheonly_1024mb_1000,1000,500,5,0.5,10.0,d_lease,152,348,492.86651007205535,1154.3000000000002,1331.7000000000003,13317.0,3752.0,17069.0,9023.0,7746.0,256.0
drtp_img88_cacheonly_1024mb_1000,1000,500,5,0.5,30.0,cloud_fifo,152,348,291.92960526315824,529.733333333334,568.9666666666681,17069.0,0.0,17069.0,9866.0,6981.0,0.0
drtp_img88_cacheonly_1024mb_1000,1000,500,5,0.5,30.0,cloud_sjf,152,348,275.3787280701753,529.3999999999999,568.9666666666666,17069.0,0.0,17069.0,9848.0,6981.0,0.0
drtp_img88_cacheonly_1024mb_1000,1000,500,5,0.5,30.0,p2p_sjf,152,348,229.08193498266198,444.3954451356744,493.6333333333333,14809.0,2260.0,17069.0,9849.0,6981.0,0.0
drtp_img88_cacheonly_1024mb_1000,1000,500,5,0.5,30.0,c_lru,152,348,204.4145059354973,396.2333333333333,455.3666666666666,13661.0,3408.0,17069.0,9601.0,7352.0,0.0
drtp_img88_cacheonly_1024mb_1000,1000,500,5,0.5,30.0,l_lru,152,348,178.64262164804387,429.46666666666687,488.6000000000002,14658.0,2411.0,17069.0,9793.0,6981.0,0.0
drtp_img88_cacheonly_1024mb_1000,1000,500,5,0.5,30.0,l_lease,152,348,163.5740365431374,384.76666666666677,443.9000000000001,13317.0,3752.0,17069.0,9023.0,7746.0,256.0
drtp_img88_cacheonly_1024mb_1000,1000,500,5,0.5,30.0,d_lease,152,348,164.3205436449284,384.7666666666667,443.90000000000003,13317.0,3752.0,17069.0,9023.0,7746.0,256.0
drtp_img88_cacheonly_1024mb_1000,1000,500,5,0.5,100.0,cloud_fifo,152,348,87.65375000000002,158.91999999999993,175.67000000000004,17069.0,0.0,17069.0,9866.0,6981.0,0.0
drtp_img88_cacheonly_1024mb_1000,1000,500,5,0.5,100.0,cloud_sjf,152,348,82.67914473684213,158.81999999999996,175.66999999999996,17069.0,0.0,17069.0,9848.0,6981.0,0.0
drtp_img88_cacheonly_1024mb_1000,1000,500,5,0.5,100.0,p2p_sjf,152,348,67.57504746666227,129.8958560166436,147.31797933536944,14546.0,2523.0,17069.0,9849.0,6981.0,0.0
drtp_img88_cacheonly_1024mb_1000,1000,500,5,0.5,100.0,c_lru,152,348,62.74016416377517,128.3662529230597,154.23708625639304,13862.0,3207.0,17069.0,10049.0,6981.0,0.0
drtp_img88_cacheonly_1024mb_1000,1000,500,5,0.5,100.0,l_lru,152,348,54.14941071072153,135.8435971672469,161.71443050058025,14686.0,2383.0,17069.0,9793.0,6981.0,0.0
drtp_img88_cacheonly_1024mb_1000,1000,500,5,0.5,100.0,l_lease,152,348,49.86588127114296,122.36405869444444,148.23489202777776,13318.0,3751.0,17069.0,9023.0,7746.0,256.0
drtp_img88_cacheonly_1024mb_1000,1000,500,5,0.5,100.0,d_lease,152,348,50.08200452305961,122.61405869444441,148.48489202777773,13318.0,3751.0,17069.0,9034.0,7746.0,256.0
drtp_img88_cacheonly_1024mb_1000,1000,500,5,1.0,10.0,cloud_fifo,153,347,739.9117647058819,1586.0000000000005,1742.7000000000005,17427.0,0.0,17427.0,16894.0,0.0,0.0
drtp_img88_cacheonly_1024mb_1000,1000,500,5,1.0,10.0,cloud_sjf,153,347,796.3875816993466,1638.2000000000003,1742.7000000000003,17427.0,0.0,17427.0,16009.0,0.0,0.0
drtp_img88_cacheonly_1024mb_1000,1000,500,5,1.0,10.0,p2p_sjf,153,347,538.2237608599776,1158.7005155740956,1221.7000000000003,12217.0,5210.0,17427.0,16009.0,0.0,0.0
drtp_img88_cacheonly_1024mb_1000,1000,500,5,1.0,10.0,c_lru,153,347,416.65345386048125,764.75,764.75,7204.0,10223.0,17427.0,16009.0,0.0,0.0
drtp_img88_cacheonly_1024mb_1000,1000,500,5,1.0,10.0,l_lru,153,347,397.3690813875706,716.6224489500667,761.0000000000003,7610.0,9817.0,17427.0,16397.0,0.0,0.0
drtp_img88_cacheonly_1024mb_1000,1000,500,5,1.0,10.0,l_lease,153,347,371.08434309758513,627.7531199018963,651.7350014880957,6347.0,11080.0,17427.0,15315.0,887.0,511.0
drtp_img88_cacheonly_1024mb_1000,1000,500,5,1.0,10.0,d_lease,153,347,367.1053156042511,634.0906037119712,643.3072703786379,6347.0,11080.0,17427.0,16662.0,0.0,511.0
drtp_img88_cacheonly_1024mb_1000,1000,500,5,1.0,30.0,cloud_fifo,153,347,246.63725490196077,528.6666666666667,580.9000000000002,17427.0,0.0,17427.0,16894.0,0.0,0.0
drtp_img88_cacheonly_1024mb_1000,1000,500,5,1.0,30.0,cloud_sjf,153,347,265.4625272331155,546.0666666666668,580.9000000000002,17427.0,0.0,17427.0,16009.0,0.0,0.0
drtp_img88_cacheonly_1024mb_1000,1000,500,5,1.0,30.0,p2p_sjf,153,347,179.02889707668305,384.2514822396644,406.2350833333335,12187.0,5240.0,17427.0,16009.0,0.0,0.0
drtp_img88_cacheonly_1024mb_1000,1000,500,5,1.0,30.0,c_lru,153,347,140.94630099657886,266.6766666666667,281.46,7202.0,10225.0,17427.0,16009.0,0.0,0.0
drtp_img88_cacheonly_1024mb_1000,1000,500,5,1.0,30.0,l_lru,153,347,141.55207632856607,314.11,325.1975,8625.0,8802.0,17427.0,15281.0,887.0,0.0
drtp_img88_cacheonly_1024mb_1000,1000,500,5,1.0,30.0,l_lease,153,347,129.42259154925435,267.7433333333334,278.8308333333334,7234.0,10193.0,17427.0,15148.0,887.0,511.0
drtp_img88_cacheonly_1024mb_1000,1000,500,5,1.0,30.0,d_lease,153,347,128.22799483896443,236.94462908918632,253.6264947981859,6565.0,10862.0,17427.0,15778.0,339.0,511.0
drtp_img88_cacheonly_1024mb_1000,1000,500,5,1.0,100.0,cloud_fifo,153,347,74.07836601307169,158.59999999999943,181.23666666666622,17427.0,0.0,17427.0,16894.0,0.0,0.0
drtp_img88_cacheonly_1024mb_1000,1000,500,5,1.0,100.0,cloud_sjf,153,347,79.70494553376909,163.82,181.23666666666665,17427.0,0.0,17427.0,16009.0,0.0,0.0
drtp_img88_cacheonly_1024mb_1000,1000,500,5,1.0,100.0,p2p_sjf,153,347,54.86879987502582,111.3759560139175,120.3204354589864,11896.0,5531.0,17427.0,16009.0,0.0,0.0
drtp_img88_cacheonly_1024mb_1000,1000,500,5,1.0,100.0,c_lru,153,347,45.38807800708179,99.42106726335452,114.20440059668786,7284.0,10143.0,17427.0,16009.0,0.0,0.0
drtp_img88_cacheonly_1024mb_1000,1000,500,5,1.0,100.0,l_lru,153,347,44.28145199047852,103.93225637688886,129.8030897102222,8873.0,8554.0,17427.0,15281.0,887.0,0.0
drtp_img88_cacheonly_1024mb_1000,1000,500,5,1.0,100.0,l_lease,153,347,40.79343404147927,90.181081354395,116.05191468772834,7461.0,9966.0,17427.0,15082.0,1192.0,511.0
drtp_img88_cacheonly_1024mb_1000,1000,500,5,1.0,100.0,d_lease,153,347,41.947058217635266,94.3093103039204,120.18014363725374,7855.0,9572.0,17427.0,15387.0,887.0,511.0
drtp_img88_cacheonly_1024mb_1000,1000,500,5,2.0,10.0,cloud_fifo,154,346,112.08116883116882,558.1000000000003,659.5999999999997,6596.0,0.0,6596.0,7669.0,0.0,0.0
drtp_img88_cacheonly_1024mb_1000,1000,500,5,2.0,10.0,cloud_sjf,154,346,127.00324675324683,603.7,659.6,6596.0,0.0,6596.0,7669.0,0.0,0.0
drtp_img88_cacheonly_1024mb_1000,1000,500,5,2.0,10.0,p2p_sjf,154,346,76.38448605098606,376.0985072751324,445.20000000000016,4452.0,2144.0,6596.0,7807.0,0.0,0.0
drtp_img88_cacheonly_1024mb_1000,1000,500,5,2.0,10.0,c_lru,154,346,59.50351703767051,288.1,295.4054166666667,2881.0,3715.0,6596.0,7853.0,0.0,0.0
drtp_img88_cacheonly_1024mb_1000,1000,500,5,2.0,10.0,l_lru,154,346,65.1195069959802,311.521875,322.581875,3152.0,3444.0,6596.0,8083.0,0.0,0.0
drtp_img88_cacheonly_1024mb_1000,1000,500,5,2.0,10.0,l_lease,154,346,58.5770413961039,278.92187499999994,289.98187499999995,2826.0,3770.0,6596.0,7865.0,0.0,486.0
drtp_img88_cacheonly_1024mb_1000,1000,500,5,2.0,10.0,d_lease,154,346,58.5770413961039,278.92187499999994,289.98187499999995,2826.0,3770.0,6596.0,7865.0,0.0,486.0
drtp_img88_cacheonly_1024mb_1000,1000,500,5,2.0,30.0,cloud_fifo,154,346,37.36038961038961,186.03333333333325,219.86666666666648,6596.0,0.0,6596.0,7669.0,0.0,0.0
drtp_img88_cacheonly_1024mb_1000,1000,500,5,2.0,30.0,cloud_sjf,154,346,42.3344155844156,201.23333333333338,219.86666666666673,6596.0,0.0,6596.0,7669.0,0.0,0.0
drtp_img88_cacheonly_1024mb_1000,1000,500,5,2.0,30.0,p2p_sjf,154,346,25.749601329107414,124.7450629761905,148.40000000000003,4452.0,2144.0,6596.0,7853.0,0.0,0.0
drtp_img88_cacheonly_1024mb_1000,1000,500,5,2.0,30.0,c_lru,154,346,20.341372987565425,96.03333333333332,105.93816984126983,2881.0,3715.0,6596.0,7853.0,0.0,0.0
drtp_img88_cacheonly_1024mb_1000,1000,500,5,2.0,30.0,l_lru,154,346,22.044865958694086,104.00500000000001,117.94066666666669,3152.0,3444.0,6596.0,8083.0,0.0,0.0
drtp_img88_cacheonly_1024mb_1000,1000,500,5,2.0,30.0,l_lease,154,346,19.897969294990713,93.13833333333332,104.19833333333332,2826.0,3770.0,6596.0,7865.0,0.0,486.0
drtp_img88_cacheonly_1024mb_1000,1000,500,5,2.0,30.0,d_lease,154,346,19.897969294990713,93.13833333333332,104.19833333333332,2826.0,3770.0,6596.0,7865.0,0.0,486.0
drtp_img88_cacheonly_1024mb_1000,1000,500,5,2.0,100.0,cloud_fifo,154,346,11.216948051948053,55.81000000000002,66.64000000000006,6596.0,0.0,6596.0,7669.0,0.0,0.0
drtp_img88_cacheonly_1024mb_1000,1000,500,5,2.0,100.0,cloud_sjf,154,346,12.70474025974027,60.37000000000002,66.64000000000001,6596.0,0.0,6596.0,7669.0,0.0,0.0
drtp_img88_cacheonly_1024mb_1000,1000,500,5,2.0,100.0,p2p_sjf,154,346,8.030243851354625,36.57205457923268,44.9727842123677,4451.0,2145.0,6596.0,7856.0,0.0,0.0
drtp_img88_cacheonly_1024mb_1000,1000,500,5,2.0,100.0,c_lru,154,346,6.755569747660413,28.96842388627278,45.007076479197536,2881.0,3715.0,6596.0,7855.0,0.0,0.0
drtp_img88_cacheonly_1024mb_1000,1000,500,5,2.0,100.0,l_lru,154,346,6.873634323678966,31.56590277777778,42.625902777777775,3563.0,3033.0,6596.0,7606.0,0.0,0.0
drtp_img88_cacheonly_1024mb_1000,1000,500,5,2.0,100.0,l_lease,154,346,6.487365345633202,28.13590277777778,45.553921296296295,2826.0,3770.0,6596.0,7865.0,0.0,486.0
drtp_img88_cacheonly_1024mb_1000,1000,500,5,2.0,100.0,d_lease,154,346,6.487365345633202,28.13590277777778,45.553921296296295,2826.0,3770.0,6596.0,7865.0,0.0,486.0
